"","SUM149_DMSO_day2_rep1","SUM149_DMSO_day2_rep2","SUM149_DMSO_day2_rep3","SUM149_C70_day2_rep2","SUM149_C70_day2_rep3","SUM149_DMSO_day7_rep1","SUM149_DMSO_day7_rep2","SUM149_DMSO_day7_rep3","SUM149_C70_day7_rep1","SUM149_C70_day7_rep2","SUM149_C70_day7_rep3"
"RBM12",2683,4293,4137,4438,3347,2840,4640,2904,3615,3739,2781
"LMX1B",73,69,81,74,118,65,87,64,108,134,76
"LETM2",275,291,333,372,290,285,382,295,553,556,391
"SPOCD1",31,48,32,96,48,35,49,50,90,160,119
"NOM1",2773,3264,3263,3246,2489,2700,3498,2308,3282,3610,2470
"IGF2BP2",4409,4784,6251,5383,5464,5353,6639,4445,6210,7148,4658
"CDKN2B",0,0,0,0,0,0,0,0,0,0,0
"WRAP53",1011,1127,1157,997,882,922,1210,820,1018,1077,653
"SRR",565,619,668,556,446,639,670,600,833,676,534
"ARX",6,9,4,2,8,3,8,6,1,3,1
"AC007952.1",0,0,0,0,0,0,0,0,0,0,0
"TRIP4",629,686,650,845,521,595,798,508,762,928,558
"CTD-2583A14.10",0,0,0,0,0,0,0,0,0,0,0
"IDUA",115,114,106,110,94,111,111,120,141,136,94
"ALDH1L2",375,415,515,572,466,631,514,504,926,810,612
"XXcos-LUCA11.5",1,3,2,2,0,2,1,1,2,3,2
"FHL1",184,169,297,112,176,282,239,161,116,72,37
"ZMYM1",1229,1241,1191,1090,916,1410,1225,907,1439,1161,801
"RTL1",7,5,4,20,2,2,4,4,6,19,5
"NFKBIL1",594,689,700,797,716,524,682,533,705,768,511
"AL626787.1",0,1,0,0,0,0,1,3,1,1,0
"ABHD14B",493,518,578,618,570,419,606,504,608,650,469
"ACD",2185,2408,2350,2556,2557,1695,2450,1752,2321,2811,1745
"NPC1",5437,6407,5795,6581,4985,6333,6642,5545,8436,7990,5934
"PMAIP1",1008,1119,722,1413,908,1068,980,742,2285,1747,1349
"GAGE2A",0,0,0,0,0,0,0,0,0,0,0
"ANKRD29",191,220,297,221,256,263,286,269,251,265,196
"TRIM38",1599,1545,1965,1438,1197,1872,1966,1573,1874,2114,1530
"GABARAPL3",7,8,2,2,4,5,4,2,1,3,0
"NAA16",851,922,742,799,533,821,735,590,913,684,692
"COX16",1282,1407,982,1516,831,1272,968,1011,1507,1089,952
"KIAA0195",1285,1278,1283,1056,1079,1264,1136,1266,1086,958,824
"C4orf22",2,0,0,0,0,1,1,1,0,0,0
"CORIN",2,1,2,1,0,3,5,1,1,0,0
"SPDL1",3601,3618,3573,4111,2691,3072,3665,2615,3967,4105,2879
"VRTN",0,0,0,2,0,1,0,0,1,0,0
"CCDC177",0,0,0,0,0,0,0,0,0,0,0
"IFNGR1",2113,2267,1748,2077,1047,2252,1571,1839,2234,1398,1491
"AC073610.5",0,0,0,0,0,0,0,0,0,0,0
"PCSK5",90,142,112,145,84,112,81,110,136,137,110
"FST",198,302,140,1033,393,240,240,323,1740,1259,1800
"RBM48",445,501,455,468,278,426,440,312,536,528,390
"ZNF804A",1,0,0,2,1,3,1,1,1,2,3
"UBL7",1418,1539,1663,1293,1348,1211,1785,1211,1350,1611,848
"AICDA",0,0,0,0,0,0,0,0,0,0,0
"RPL7A",46748,51175,44011,53278,33079,41609,46774,38021,52843,50477,38529
"COX6B1",3092,3204,2826,3074,2470,2821,3136,2446,3459,3320,2271
"PRR23A",0,0,0,0,0,0,0,0,0,0,0
"MAGED2",769,886,954,790,785,996,980,1000,1197,1137,799
"SGPP2",917,823,1076,667,633,1023,1022,750,692,709,387
"SPIN2A",4,4,3,1,1,4,1,2,1,0,2
"MAP10",3,3,9,4,6,5,3,9,6,15,10
"PIK3R3",3990,3670,5095,3584,3939,4362,4341,3570,4244,3747,2489
"RP11-565P22.6",0,0,0,0,0,0,0,0,0,0,0
"CIB2",6,7,9,5,5,5,8,1,2,4,5
"ASF1A",1441,1402,1293,1297,789,1315,1428,1098,1519,1255,971
"TMEM176A",0,0,0,0,0,0,0,0,0,0,0
"MASP2",5,1,0,2,2,1,3,1,3,2,2
"SHOX",0,0,0,0,0,0,0,0,0,0,0
"OR4L1",0,0,0,0,0,0,0,0,0,0,0
"ACTR1B",1080,1165,1167,1110,889,986,1117,972,1283,1206,971
"ACYP2",266,293,218,230,195,271,231,232,277,250,209
"FAM21C",836,922,930,847,651,914,930,785,976,1076,705
"SPEF2",0,0,0,3,0,1,1,1,0,0,0
"LYZL6",0,0,0,0,0,0,0,0,0,0,0
"L3MBTL1",98,73,91,61,81,111,105,82,109,100,81
"STAG1",4936,5956,5673,6179,3852,5152,6123,3878,6643,6920,4400
"C19orf12",638,732,725,819,677,615,764,598,902,927,672
"ABHD6",118,96,115,84,107,115,149,86,102,106,70
"EPT1",5073,5222,4637,5315,3657,5105,4741,3957,6010,4528,3795
"CASP3",2852,3206,2923,3082,1777,2733,3298,2194,3460,3267,2216
"FH",6151,6719,6510,6779,4640,5940,7332,5299,8114,7409,5032
"C22orf26",11,16,11,24,12,11,7,16,8,19,21
"FAM210B",1032,1020,1439,1010,1179,1235,1421,1107,1306,1486,865
"NES",5,5,5,5,1,8,5,6,5,9,4
"SMARCB1",3032,3690,3151,3923,3303,2483,3372,2462,3468,3962,2557
"PSMB1",6710,7143,5904,7173,5015,6349,6962,5465,8481,7698,5506
"RPL23A",21365,22610,17804,22825,11346,20128,19624,16241,21455,19769,15467
"LY6G5B",189,182,159,135,82,210,139,164,245,135,207
"TMEM125",436,394,474,466,499,506,433,453,585,616,397
"KLRF1",0,0,0,0,0,0,0,0,0,0,0
"PELI3",624,632,795,739,905,596,784,654,753,905,569
"MYBPHL",0,0,0,0,0,0,0,0,0,0,0
"LDHAL6B",0,0,0,0,0,0,0,0,0,0,0
"KRTAP8-1",0,0,0,0,0,0,0,0,0,0,0
"RAB39B",5,7,5,11,5,4,4,5,11,11,2
"MMD2",0,0,0,0,0,0,0,0,0,0,0
"SREBF1",4062,5306,4377,5228,4890,5080,3500,5282,5632,3832,3973
"UTP23",2364,2506,2308,2741,1837,2191,2611,1834,2947,2731,2095
"HRNR",0,0,0,0,0,0,0,0,0,0,0
"TEFM",546,504,357,482,225,430,391,349,513,453,356
"AMICA1",0,0,0,0,0,0,0,0,0,1,0
"XRCC3",1429,1680,1591,1729,1505,1231,1787,1213,1646,1959,1170
"HMBS",1346,1564,1366,1396,1129,1279,1552,1138,1536,1570,1075
"XPR1",1471,1796,1696,1679,1334,1602,1915,1331,1840,1725,1175
"FAM98B",4199,4687,4483,4759,3170,4069,5158,3032,4618,5074,3152
"DERA",2874,3373,2985,3299,2461,3234,3251,2957,4415,3851,2756
"ASPA",0,0,0,0,0,0,0,0,0,0,0
"PFAS",3072,3068,3059,2447,2721,2043,3194,1930,2180,2659,1683
"FOXO4",284,258,413,135,253,320,347,238,162,243,117
"TMPRSS11E",19,27,15,28,20,9,28,13,89,129,64
"MT-ND6",23535,24438,12185,17098,6837,31578,14231,14331,24344,11696,20201
"RNF141",408,458,538,348,317,455,456,475,363,368,348
"MCM4",17099,20281,20526,21625,17362,14918,22552,13533,21347,26044,14466
"MS4A6E",0,0,0,0,0,0,0,0,0,0,0
"TRAIP",496,528,471,432,327,421,499,399,503,509,351
"PLEKHS1",5,0,0,7,3,0,0,3,8,8,7
"AC226150.4",0,0,0,0,0,0,0,0,0,0,0
"RP11-701P16.2",5,0,1,0,1,1,0,0,0,4,0
"RCN2",4189,4824,3206,3905,2239,4282,3436,3453,4026,2775,2694
"ATP6V1B2",3014,3248,3379,3252,2545,3108,3878,2774,3815,4243,2900
"ZNF628",206,238,277,333,439,208,269,204,293,321,226
"LY6G6F",0,0,0,0,0,0,0,0,0,0,0
"RP11-195B21.3",0,0,3,0,1,1,2,0,0,3,2
"HIST1H4H",70,66,27,63,15,39,34,38,87,76,47
"KRTAP5-3",0,0,0,0,0,0,0,0,0,0,0
"SLC38A4",0,2,0,0,1,0,0,1,2,0,1
"PEX2",737,773,567,725,405,729,545,708,879,594,656
"RAB40B",185,202,257,169,189,229,193,205,206,200,159
"AP003041.2",0,0,0,0,0,0,0,0,0,0,0
"NBPF24",12,7,14,13,3,12,14,9,3,8,7
"WDR66",649,813,595,898,434,688,685,718,1160,938,754
"OR5D13",0,0,0,0,0,0,0,0,0,0,0
"H2BFWT",0,0,0,0,0,0,0,0,0,0,0
"FAM189A2",0,8,1,5,5,2,0,1,5,6,4
"PRIM2",1765,1806,1911,1789,1328,1543,2054,1521,2067,2282,1389
"AP003062.1",0,0,0,0,0,0,0,0,0,0,0
"AP2B1",9128,10278,12220,10405,8693,9610,12803,8857,12167,15285,8716
"TMEM136",89,81,115,55,56,90,63,54,77,75,46
"TUBB2A",885,1011,920,1042,1105,716,1068,786,1236,1500,833
"AP000769.1",40,31,47,42,33,43,40,33,72,46,35
"DGKG",1,0,0,0,0,0,0,1,0,1,0
"CEP44",1059,1011,1185,852,772,1059,1089,981,1096,944,719
"KLF16",2209,2913,2858,3509,3531,1840,2890,2036,2299,3073,2098
"AP003068.23",93,83,95,70,74,78,124,93,109,112,83
"SLC22A1",19,10,7,15,9,12,12,10,21,11,13
"SDR9C7",0,2,0,2,0,0,1,0,1,0,0
"TMF1",2102,2268,2464,2218,1660,2415,2592,2008,2566,2865,2008
"FAM73A",944,912,841,769,594,725,995,696,874,1059,691
"NR1H2",958,940,1080,1106,1036,768,1086,774,1040,1413,745
"EME1",718,644,724,549,518,622,696,600,652,658,572
"CES3",46,56,47,31,43,73,32,77,40,27,26
"ISM1",123,127,90,118,90,70,154,71,74,114,60
"NR4A3",17,35,29,27,20,29,33,19,31,37,20
"IQGAP1",19399,22285,19556,23536,14461,23107,20556,18454,28666,23524,19556
"TEKT3",0,0,0,0,1,1,0,0,1,0,0
"C1QTNF8",0,0,0,0,0,0,0,0,0,0,0
"IGLON5",0,0,1,0,0,0,0,0,0,0,0
"KIF17",10,12,12,18,10,7,12,11,14,15,13
"HINT2",291,305,215,297,204,214,236,263,285,265,202
"STARD5",11,9,16,4,9,17,15,18,8,16,12
"C10orf62",0,0,0,0,0,0,0,0,0,0,0
"CCL25",0,0,0,0,0,0,0,0,0,0,0
"TNFRSF4",1,1,0,1,1,1,0,1,1,0,1
"CPNE6",0,0,0,0,0,0,0,0,0,0,0
"OR2V2",0,0,0,0,0,0,0,0,0,0,0
"CNTNAP5",0,0,0,0,0,0,0,0,0,0,0
"CCDC169-SOHLH2",0,0,0,0,0,0,0,0,0,0,0
"TCF7L1",16,24,18,21,30,24,16,11,21,15,9
"SPINT3",0,0,0,0,0,0,0,1,0,0,0
"CLSTN3",1348,1571,1474,1448,1302,1607,1318,1328,1692,1647,1342
"OR4C13",0,0,0,0,0,0,0,0,0,0,0
"HLA-F",164,149,150,154,124,185,149,171,178,238,158
"TSPAN7",40,38,49,24,25,27,27,39,29,29,16
"NRDE2",531,702,563,705,461,468,597,418,649,751,468
"ZNF385D",0,0,0,0,0,0,0,0,0,0,0
"HOXC13",879,1107,888,1526,1123,701,989,609,1449,1714,918
"BPY2B",0,0,0,0,0,0,0,0,0,0,0
"CCDC74B",84,76,85,111,107,81,72,87,129,102,87
"HNRNPUL2",14973,16612,17082,17356,13847,14762,18290,11922,17332,20559,12965
"DHX38",6820,7696,7229,7016,6580,5831,8058,5008,6889,8663,5213
"CACNA1F",1,2,2,3,2,1,2,4,5,5,5
"RP11-114H20.1",0,0,0,0,0,0,0,0,0,0,0
"IL2RA",0,0,0,1,0,0,0,0,0,0,0
"RB1CC1",3329,3283,3923,3653,2723,3597,4144,2900,4180,4459,2955
"OR56B4",0,0,0,0,0,0,0,0,0,0,0
"CTD-2021H9.3",0,0,0,0,0,0,0,0,0,0,0
"CPNE7",13,10,16,13,23,16,13,11,48,30,37
"PRSS53",226,208,176,208,154,128,191,150,248,210,222
"CYP11A1",5,1,4,2,1,5,4,5,8,7,4
"PTPRG",859,1082,911,1150,745,1134,1123,930,1311,1281,966
"TLX3",458,568,466,597,516,282,437,363,525,598,353
"RBMY1F",0,0,0,0,0,0,0,0,0,0,0
"MAGEA2",0,0,0,0,0,0,0,0,0,0,0
"ALG3",2459,2726,2481,2897,3547,1982,2599,2012,2867,2836,1704
"GOLGA6D",0,0,0,0,0,1,0,0,0,0,2
"CPE",215,253,265,328,304,342,276,192,459,485,253
"B3GNT5",5744,5933,5217,4963,3305,5664,5460,4346,5925,4474,3612
"CXorf30",0,2,0,0,0,1,0,0,1,0,0
"PCYT1B",16,8,12,16,14,11,9,6,23,34,24
"FAM47C",0,1,1,1,1,0,0,0,1,1,1
"TMEM175",181,183,150,125,153,188,176,153,154,186,135
"KRT83",36,12,23,13,11,25,24,13,20,24,18
"DPP9",4878,5669,6129,5725,6069,4406,6349,4442,5906,7564,4402
"TET1",256,301,314,218,235,334,282,199,263,168,159
"MTMR14",509,559,542,542,463,425,639,387,603,617,438
"TMEM165",1495,1520,1164,1426,1051,1497,1295,1228,1701,1145,1081
"MIIP",648,746,626,629,651,490,626,543,692,716,553
"GRM8",0,0,1,1,2,0,1,1,0,5,0
"CD72",4,1,4,1,1,3,0,4,1,2,4
"PPA2",1846,2157,1836,1987,1248,2082,1931,1736,2396,1876,1541
"TRIM17",44,33,26,43,29,22,29,44,42,40,52
"FGF4",0,0,0,0,0,0,0,0,0,0,0
"ELMO2",1041,1020,1193,869,855,974,1344,919,1129,1351,791
"APOC4-APOC2",0,0,0,0,0,0,0,0,0,0,0
"USP17L25",0,0,0,0,0,0,0,0,0,0,0
"NGRN",3912,4383,4349,4919,4554,3586,4735,3478,5423,6311,3612
"RD3",0,0,0,0,0,0,0,0,0,0,0
"SPAG11A",0,0,0,0,0,0,0,0,0,0,0
"OR2T7",0,0,0,0,0,0,0,0,0,0,0
"SNRPA",3551,4260,4232,4346,4115,2945,4199,3235,3938,4498,2907
"LYZL2",0,0,0,0,0,0,0,0,0,1,0
"TMEM30B",2516,2962,2756,2892,2537,2461,2764,2337,2906,2686,2088
"FBXL4",913,912,1092,898,788,1079,981,846,1062,972,702
"PTBP1",20311,25424,22424,26238,23232,16386,24555,15856,23340,27272,15994
"DPYS",3,2,5,0,1,6,3,2,5,3,3
"NOP58",6548,7651,6972,8747,5123,5930,8013,5197,7991,9337,6886
"ONECUT3",1,1,1,1,0,1,0,0,5,5,4
"AP000350.10",0,0,0,0,0,0,0,0,0,0,0
"GOLGA6L1",0,0,0,0,0,0,0,0,1,0,0
"LSM7",1331,1465,998,1543,956,1132,1315,1043,1502,1317,1053
"FAM83C",0,0,0,0,0,0,1,1,0,1,0
"JPH3",0,0,1,0,0,0,0,0,1,0,0
"CACNG8",0,0,0,0,0,0,0,0,2,0,0
"INPP5A",449,666,574,659,504,524,644,447,625,652,453
"MIF4GD",229,260,317,329,379,271,312,299,376,393,262
"TAF3",859,994,952,1193,868,713,1014,675,1044,1119,843
"LIPK",17,14,27,4,9,30,27,25,22,18,19
"OR2L8",0,0,0,0,0,0,0,0,0,0,0
"RP11-477N12.3",2,2,2,1,2,0,2,3,0,0,0
"FAM183A",2,1,4,0,1,3,1,3,0,0,1
"CPSF4",1207,1467,1299,1530,1369,1091,1421,1025,1503,1486,1009
"RNF224",57,87,55,66,88,41,51,64,100,125,69
"LPCAT3",1944,2140,2161,2128,2033,1990,2063,2074,2563,2226,1868
"HSD17B4",3111,3208,4032,2637,2928,3295,4190,2868,3301,4023,2198
"SPDYE2",0,0,0,0,0,0,0,0,0,0,0
"TSPY1",0,0,0,0,0,0,0,0,0,0,0
"GAK",3395,3967,3959,3884,4634,3154,4135,3011,4274,5106,2929
"ANKRD55",1,3,1,1,0,0,0,0,0,1,0
"PLBD1",95,124,124,187,121,128,113,104,207,136,150
"SIX5",479,422,589,377,622,452,454,461,431,563,287
"CAP1",14570,16801,18355,18401,15210,15232,20779,14209,21686,26416,15278
"SCN4A",0,0,0,0,0,2,0,0,1,1,3
"SLC1A2",1,4,1,3,1,2,1,1,3,4,2
"FFAR1",0,0,0,0,0,0,0,0,0,0,0
"ANKMY2",623,618,656,632,409,652,709,534,841,792,524
"CRABP2",23,27,19,53,38,21,13,18,75,96,83
"G0S2",1,0,1,0,0,1,1,2,1,0,0
"ETV3",878,1172,1029,1229,818,1004,1091,746,1283,1423,942
"NDUFS1",5929,6460,6976,6374,4865,6317,7258,4942,7023,7405,4672
"MYOZ1",1,0,0,1,0,2,2,3,1,0,2
"GJA10",6,4,13,5,8,23,12,13,14,7,8
"TRIM47",1344,1410,1381,1645,1704,1006,1503,1075,1631,1881,1051
"HNRNPCL1",8,8,13,11,13,8,11,5,13,11,4
"PTPRS",2246,2617,2337,3477,3038,1910,2014,1837,3426,3531,2236
"CENPQ",857,1089,854,1173,537,916,960,788,1119,857,815
"RHBDL3",0,0,1,0,0,1,2,0,3,1,0
"SIN3B",2418,2367,2522,2138,2304,2154,2575,1934,2583,2708,1944
"FAM71B",0,0,0,0,0,0,0,0,0,0,0
"STON2",43,84,39,105,54,42,64,39,148,181,125
"REV1",1073,1158,1097,1023,741,1228,1177,891,1304,1141,876
"KIF6",23,19,38,16,21,23,24,16,21,10,9
"C12orf29",988,1134,725,1110,556,897,849,824,1265,868,810
"KCNH6",7,6,9,1,5,6,7,9,4,3,4
"CPXM2",0,0,1,0,0,0,0,0,0,0,0
"LRTM1",0,0,0,0,0,0,0,0,0,0,0
"HSF2BP",147,176,147,168,145,167,153,145,183,130,108
"ART3",10,26,22,24,14,14,12,27,32,26,26
"SLC30A1",1708,2078,1539,1806,1262,1963,1519,1362,1957,1365,1234
"SERPINH1",7811,7137,6945,7764,6781,6343,7883,5093,8579,9595,5287
"DUSP2",0,0,0,0,0,0,0,0,0,0,0
"LIPE",0,2,1,0,2,2,0,2,0,1,3
"NRG2",5,5,11,2,8,6,4,9,1,0,5
"C10orf68",3,4,6,3,1,4,5,1,0,1,2
"EAPP",820,999,784,905,577,864,766,785,958,850,681
"ARSH",0,0,0,0,0,0,0,0,0,0,0
"R3HCC1L",570,681,579,676,412,545,651,516,760,770,587
"FUT11",418,521,478,497,394,458,461,344,629,585,392
"OR51E1",0,0,0,0,0,0,0,0,0,0,0
"CA5A",0,0,0,0,0,0,0,0,0,0,0
"KRT77",0,0,0,0,0,0,0,0,0,0,0
"CAPS2",54,48,54,38,27,57,39,37,44,36,35
"APOBEC3C",1744,1743,2525,1650,2107,2153,2073,2177,2040,1558,1351
"ZC3H12A",1068,1171,1018,1069,760,1064,1002,892,1203,1024,956
"ZNF367",1401,1830,1639,1853,1414,1401,1817,1200,1848,1813,1290
"EIF4G2",40014,46782,41774,51571,31763,34267,49259,30490,52961,58727,37264
"AHNAK2",1683,1911,2001,2696,1786,2906,2198,1762,4137,4465,2916
"EML2",992,922,1357,893,1070,1246,1287,1089,1288,1607,996
"NRK",0,1,0,0,0,0,1,0,0,2,0
"ZNF101",393,439,361,397,210,309,411,264,403,443,328
"IKBKB",2248,2101,2374,1741,1657,2039,2497,1882,2019,2481,1595
"CLPB",1314,1452,1469,1294,1163,1121,1686,1036,1237,1613,843
"FAM179B",862,829,924,749,681,1102,1004,709,1021,985,657
"ITGAL",0,0,0,0,0,0,0,0,1,1,1
"ZNF610",0,0,0,0,0,0,0,0,0,0,0
"EPC1",667,843,665,896,528,678,725,501,908,916,641
"PEBP4",0,3,0,0,0,1,0,0,0,0,0
"ANAPC15",743,853,648,802,483,728,701,683,891,736,645
"TK2",1706,2079,2226,1731,1673,2084,2098,1763,2081,1843,1473
"RAG1",7,5,14,3,15,13,7,10,21,23,7
"AC144568.2",0,0,0,0,0,0,1,0,0,1,1
"KRTAP1-4",0,0,0,0,0,0,0,0,0,0,0
"ANKRD54",688,756,724,710,678,629,699,585,784,783,495
"AEBP2",2811,2940,3094,2874,2476,2971,3189,2016,3164,2850,1910
"AGMO",0,0,0,0,0,0,0,0,0,0,0
"NPTXR",26,33,40,42,67,34,45,39,82,79,48
"ZSCAN22",152,154,142,132,140,102,142,100,159,158,97
"BIN2",44,44,42,61,54,52,42,43,62,54,50
"ARPP19",6762,8486,7350,8230,5823,7353,7576,6027,8606,7486,5996
"RPS6KA4",3030,3661,3084,3558,3067,2180,3417,2468,3140,3594,2504
"SFRP4",0,0,0,0,0,0,0,0,0,1,0
"CCNE1",781,863,695,845,673,621,976,523,947,1166,644
"GPR160",101,141,116,135,145,142,112,136,213,161,115
"KCNIP1",0,0,1,0,0,0,0,0,0,0,0
"ARHGEF11",1414,1679,1722,1438,1206,1523,1733,1277,1443,1412,1105
"RP11-204N11.1",1,0,0,0,0,0,0,0,0,0,0
"TMEM74B",9,2,7,4,8,8,3,9,8,9,2
"NME9",2,0,0,1,1,1,3,2,3,1,1
"FANCD2",3929,4500,5010,4295,3511,3873,4843,3525,4206,4827,3195
"C1orf61",151,141,144,155,118,128,117,142,190,146,144
"KCTD5",2292,2814,2554,2981,2682,2005,2866,1933,3092,3842,2166
"KLHDC3",2930,3262,2924,3235,2811,2435,3037,2482,3023,3094,1990
"KIDINS220",1683,2076,1713,1948,1107,1855,1838,1431,1940,1645,1330
"TTC6",21,32,21,18,13,17,21,25,35,36,23
"A1BG",18,24,29,32,29,25,21,27,30,30,17
"MDH1B",30,47,26,28,13,49,31,31,31,20,21
"AGFG1",2940,3450,3300,3588,3097,3086,3617,2577,4144,4204,2742
"CCDC30",31,26,34,22,14,41,37,34,28,25,16
"CTSO",109,131,108,80,78,128,112,122,143,99,92
"FARSA",4157,4731,4347,5170,5535,2969,4911,3011,4951,6096,3271
"ASB6",1045,1243,1106,1306,1132,818,1198,797,1307,1449,877
"FABP5",1546,1596,1122,1776,1193,1150,1330,1054,1931,1687,1335
"DBX2",0,0,0,0,0,0,0,0,1,0,0
"TMEM30C",0,0,0,1,0,0,0,0,0,0,0
"MSTN",0,0,0,0,0,0,0,0,0,0,1
"CACNG6",0,0,0,0,0,0,0,0,0,0,0
"ADCY1",889,1019,1224,1019,989,854,1306,735,986,1393,677
"FAM210A",1819,1944,1804,1977,1471,1782,1996,1532,2327,1969,1463
"GSTA1",0,0,0,0,0,0,0,0,0,0,0
"VPS36",1381,1588,1459,1421,1043,1304,1670,1078,1402,1646,1118
"SLC17A3",0,0,1,0,0,0,0,0,0,0,0
"ELMOD2",780,898,739,703,509,923,716,709,793,597,527
"LACC1",269,308,409,304,233,318,479,270,427,482,373
"TMEM71",6,3,6,6,6,3,7,8,7,13,10
"POU2F2",50,31,40,46,27,39,40,32,49,45,39
"CT47A4",0,0,0,0,0,0,0,0,0,0,0
"PSME4",11633,13047,13160,13742,8835,12849,14537,10029,15740,16309,10990
"TLCD2",16,26,23,28,18,27,36,27,37,55,37
"KLHL28",416,496,378,387,347,430,411,255,482,376,311
"DEFB132",1,0,0,0,0,0,1,0,0,1,0
"TDRD6",9,5,6,2,1,10,3,1,6,2,1
"CLRN1",0,0,0,0,0,0,0,0,0,0,0
"MSR1",0,0,0,0,0,0,0,0,0,0,0
"C16orf52",1285,1166,1215,1029,932,1306,1373,937,1436,1344,955
"ANXA11",2564,3252,3317,3487,3241,2530,3618,2962,3765,4625,3089
"CCIN",0,2,0,0,0,0,1,1,2,1,0
"BAIAP2",967,1106,943,1164,996,748,993,798,1228,1430,863
"C1QTNF6",223,182,200,349,277,200,196,241,429,438,346
"SLC25A16",238,306,204,258,185,274,248,242,325,245,223
"OR2T6",0,0,0,0,0,0,0,0,0,0,0
"UBAP2",1192,1592,1567,1702,1434,1186,1612,1115,1708,2027,1237
"ZHX3",1289,1533,2134,1512,1506,1655,1814,1419,1646,1705,1093
"RPL35",14988,17278,11968,17622,15515,13453,13327,11958,18504,15612,11791
"SCNN1A",8993,10787,9111,10069,7913,10353,8483,9492,11435,9282,8928
"KRT5",7927,6824,8129,6733,9482,5576,8276,4069,6345,10655,4084
"C3orf79",0,0,0,0,0,0,0,0,0,0,0
"TRAPPC2L",2048,2204,1572,2262,1404,1589,1854,1417,2204,1839,1457
"SNRNP25",963,1118,880,1089,655,690,946,645,1032,956,608
"ATG4B",754,836,719,802,719,705,877,560,901,969,631
"KMT2D",4706,5762,6956,7120,5958,5444,6485,3471,5078,7482,3929
"B3GALTL",259,341,231,305,140,307,236,208,362,303,200
"TMEM60",391,412,432,359,252,500,387,360,562,396,330
"CBY3",0,0,0,1,0,1,0,0,0,0,0
"KAT6A",5813,7021,6923,7337,5150,6238,7083,4884,7409,7609,5275
"SAA2",9,5,6,7,8,8,10,10,11,6,5
"PTGES",22225,31556,22736,31103,23569,19614,23918,22174,27942,30563,22091
"PROL1",0,0,0,0,0,0,0,0,0,0,0
"SFTA2",2,3,2,1,2,3,0,2,0,0,1
"NDUFS2",3275,3349,3804,3505,3514,2927,3757,2775,4062,4274,2559
"LHFPL3",1,1,0,1,1,0,0,0,0,0,1
"CAMKK1",1512,1649,1338,1217,1013,1314,1293,1276,1149,1135,1034
"DOLK",790,850,783,845,784,646,820,659,912,775,601
"KCNF1",0,0,0,0,0,1,1,0,0,3,0
"RFX6",2,1,1,0,1,0,1,2,1,0,1
"DNTT",0,0,0,0,0,0,0,0,0,0,0
"C10orf90",18,30,29,10,13,29,33,17,8,13,6
"ZIK1",0,1,1,0,1,0,1,1,1,2,0
"RPS6KA6",62,70,84,55,47,79,107,50,58,63,33
"PATE1",0,0,0,0,0,0,0,0,0,0,0
"NUPL2",885,847,782,838,710,657,922,535,891,1121,658
"PLEKHH2",45,35,48,27,33,65,50,47,47,49,47
"DEK",19315,21999,22029,22556,15874,19303,22346,15452,21879,21019,15505
"AC013449.1",15,12,8,21,12,12,21,14,23,19,12
"CXCL14",0,0,0,0,0,0,0,0,0,0,0
"ZNF581",486,594,551,616,563,392,522,444,525,579,356
"PGRMC1",4419,5012,4485,5540,4000,4969,4611,4462,6645,5038,4219
"LINC00346",22,23,28,26,32,21,25,27,27,43,28
"KIF4A",3841,4097,3814,4229,2795,3397,4161,2946,4281,4838,3181
"CDK2AP2",1611,1640,1846,1762,2060,1187,1809,1388,1738,2161,1172
"RP11-178L8.4",0,0,0,0,0,0,0,0,0,0,0
"ATP6V0D1",3134,3500,3328,3653,3483,2937,3811,2693,4287,4891,2795
"SPIN2B",195,189,222,160,167,205,231,141,223,252,144
"FYCO1",667,665,818,621,701,770,833,692,732,859,584
"ZNF169",181,185,176,139,113,117,138,158,136,134,137
"VRK1",1695,2168,2000,2482,1509,1836,2226,1621,2487,2404,1876
"FAF2",5081,6152,4689,6547,3843,4637,5265,4347,6491,5741,4461
"AC079341.1",0,0,0,0,0,0,0,0,0,0,0
"TMEM234",179,227,183,218,181,203,212,178,269,232,173
"UST",306,262,412,203,249,339,303,312,179,181,102
"FADD",1706,2156,1832,2053,1639,1568,2210,1486,2269,2307,1450
"CMC4",155,166,115,125,82,114,141,149,183,115,102
"CDHR3",2,1,2,3,2,3,1,1,1,1,0
"NCAM2",0,3,11,3,5,2,4,4,5,1,5
"DPEP1",0,0,0,0,1,0,0,0,0,0,1
"MTRNR2L13",0,0,0,0,0,0,0,0,0,0,0
"C22orf23",4,10,6,4,2,8,11,9,9,2,1
"GDF7",0,0,0,0,0,0,0,0,0,0,0
"INIP",1504,1478,1440,1369,1149,1346,1676,1023,1615,1627,1092
"HBCBP",0,0,0,0,0,0,0,0,0,0,0
"ATP5L",3496,3699,2667,3653,1987,3409,2991,2746,4264,3574,2515
"KIAA0513",48,25,48,19,28,31,24,43,42,62,25
"CACNB2",0,0,0,0,0,0,0,0,0,2,0
"FAM171B",160,169,199,133,115,224,189,172,172,169,128
"GALNT10",1078,1213,1507,1124,1091,1296,1304,1040,1144,1036,756
"PCSK6",878,955,935,1245,954,776,980,688,1210,1109,820
"DYRK1B",91,112,83,115,94,73,89,60,92,118,69
"TMEM55B",1029,1190,1115,1214,976,1064,1174,998,1377,1313,901
"CDC40",1255,1285,1346,1279,994,1267,1534,1028,1540,1543,997
"LRRC7",0,1,0,4,1,0,0,2,3,5,1
"CLEC12A",0,0,0,0,0,0,0,0,0,0,0
"PYGB",13757,16604,18202,18088,19076,14204,19773,13555,21311,27254,14751
"REEP6",92,88,197,73,208,98,125,176,142,183,118
"SLC25A4",2105,2415,2509,2515,2619,2011,2712,1873,2673,3152,1543
"GMFG",5,0,0,4,0,2,0,3,1,4,1
"CWF19L1",1579,1720,1476,1640,1075,1359,1632,1279,1891,1757,1266
"PGK2",0,0,0,0,0,1,0,0,1,0,0
"RUFY4",1,1,1,0,4,1,0,1,0,1,0
"MITD1",542,658,598,582,471,675,656,473,753,718,504
"SLC2A4RG",4605,5507,5180,6221,5804,3754,4865,4451,5017,5294,4032
"RBM26",3919,4069,4003,3770,3005,3857,4290,2990,3884,4251,3051
"EFHD2",8561,11587,10971,11399,12378,7502,12194,9307,10596,13018,8946
"ZNF513",288,293,293,329,297,318,303,225,333,422,264
"FAM154A",0,0,0,0,1,0,0,1,1,0,0
"ITGAX",2,2,2,1,2,4,3,7,6,5,4
"TNFRSF21",4345,4144,4878,4175,4360,3749,5223,3741,4666,5904,3811
"OVOL2",539,514,531,611,533,535,548,420,738,657,490
"SLC46A1",676,789,648,836,636,624,700,543,828,764,636
"PAGR1",2557,3218,2939,3513,2963,2037,3054,2195,2572,3276,1995
"XCR1",0,0,0,0,0,0,0,0,0,0,0
"SPG20OS",6,11,7,6,5,8,4,8,5,10,4
"HSBP1",5675,6036,4194,5854,2980,5813,4580,4558,7028,4496,4157
"KIAA0232",1388,1489,1665,1541,1109,1590,1572,1226,1824,1668,1299
"POLR2M",431,403,406,348,417,428,416,302,412,340,286
"INTS7",1867,2442,1969,2559,1482,1753,2430,1417,2663,2954,1599
"WRB",503,563,507,454,384,525,521,425,524,489,332
"CNTNAP3",5,7,12,11,4,3,11,7,12,4,5
"GPIHBP1",0,0,0,0,0,0,0,0,0,0,0
"DTNB",462,571,569,489,481,468,590,433,555,557,347
"CDK3",198,173,141,158,99,148,135,132,177,128,141
"LHX1",374,331,384,279,389,309,392,329,365,315,241
"C20orf196",69,86,63,82,59,71,64,60,86,72,45
"CDCA2",2011,2181,2010,2430,1531,1672,2090,1524,2438,2400,1726
"TPRA1",931,1084,946,1068,1062,805,909,946,1133,1200,860
"SRGAP3",42,29,58,35,42,28,40,48,44,50,36
"RNF168",3298,3597,4365,3568,3395,4191,4127,2978,4474,4038,2938
"C20orf26",1,1,2,2,1,1,1,2,0,2,2
"DNAJC17",303,375,367,330,299,346,377,364,374,345,301
"ING1",661,756,738,856,696,706,808,549,786,830,544
"FAM111A",3683,3382,3875,3144,2179,3956,4154,3245,4536,4475,3317
"TRPC1",268,241,240,199,175,333,239,253,243,234,183
"GOT1",2256,2346,2552,2584,2213,1976,2727,1865,2941,3166,1914
"SBK1",100,97,157,171,209,140,132,143,160,185,144
"ZMYM4",4448,4601,4767,4729,3149,4556,5286,3452,5415,5506,3326
"KANSL2",1424,1319,1224,1344,860,1188,1336,1062,1586,1368,1159
"RBM44",17,30,22,40,17,40,25,35,48,30,39
"CARD18",0,0,0,0,0,0,0,0,0,0,0
"IVL",0,0,0,0,0,0,0,0,0,0,0
"NCOA4",5903,6873,6661,7416,5118,6304,7655,5315,8217,9384,5593
"ATG2B",1176,1421,1511,1126,852,1508,1485,1091,1330,1236,864
"HSFX1",2,0,1,0,1,2,1,0,1,0,1
"PHYKPL",557,558,586,531,503,552,537,525,634,702,537
"ERGIC3",4180,4444,3529,3965,2758,3754,3846,3215,4253,3513,2700
"BPIFA3",0,0,0,0,0,0,0,0,0,0,0
"C12orf43",840,1046,917,1014,765,669,969,639,940,1074,663
"OR5W2",0,0,0,0,0,0,0,0,0,0,0
"SPP1",2,8,2,1,0,4,0,2,8,0,6
"AL117190.3",0,0,0,0,0,0,0,0,0,0,0
"SREK1IP1",1192,1431,1216,1326,951,1289,1330,1072,1577,1441,1197
"ACTN2",0,1,0,0,0,0,0,0,0,0,0
"AASS",52,47,54,24,19,56,39,60,26,15,12
"ARHGEF15",0,0,0,0,0,0,0,0,0,0,0
"MMP7",11,15,14,19,15,15,9,11,20,31,24
"FMO5",4,5,4,8,4,1,3,6,3,6,1
"GALNT3",1964,1910,1973,1798,1534,2019,2189,1742,2834,2284,1900
"TAB2",3222,3531,3704,3790,2742,3562,3822,2865,4384,4399,2859
"PRR25",0,2,0,1,1,0,2,0,0,3,2
"STMN2",0,0,0,0,0,0,0,0,0,0,0
"AC008498.1",0,0,0,0,0,0,0,0,0,0,0
"MYRF",1,14,11,4,3,18,12,6,10,16,5
"OLFM3",0,0,0,0,0,0,0,0,0,0,0
"PDCD2L",216,216,212,227,171,136,212,147,237,313,132
"THPO",0,0,0,1,0,0,0,0,0,0,0
"BZRAP1",25,29,25,30,32,30,21,27,36,18,17
"GIPC2",2,0,3,0,3,2,3,2,1,2,2
"PPP3R2",0,0,0,0,0,0,0,0,0,0,0
"SLITRK1",0,0,0,0,0,0,0,0,0,0,0
"ARL5A",3572,4415,3938,4081,3406,3944,4001,2841,4306,3457,2633
"AUTS2",0,0,0,0,0,0,0,0,0,0,0
"TOPAZ1",0,0,0,0,1,0,0,0,0,0,0
"FAM92B",0,0,0,0,0,0,0,0,0,0,0
"BSCL2",2538,2690,2799,2744,2986,2381,2704,2242,2789,2985,1913
"ZNF277",411,433,406,356,276,472,461,360,455,417,345
"FGFBP1",3048,2228,4143,2275,2475,4668,3038,3835,4102,2432,2478
"BAZ1A",3877,4009,4460,4106,2824,3622,5075,3176,4480,4977,3619
"ZBTB24",865,959,883,818,722,757,1006,754,928,958,692
"TSPO",1590,1870,1823,2054,2281,1319,1772,1645,2091,2236,1354
"HAUS6",8136,9299,10589,9593,7390,8862,11306,7497,10486,11285,7095
"ADCY10",2,1,1,2,1,3,0,1,3,0,1
"ADRB3",0,0,0,0,0,0,0,0,0,0,0
"TMED2",12991,14121,10874,14019,8670,12843,11191,10877,15414,11843,10133
"MORN4",518,427,609,338,439,494,619,459,465,522,276
"GYS2",5,3,6,5,1,10,3,6,6,5,4
"POTEF",26,38,26,24,25,29,18,17,30,31,14
"PTCHD3",0,0,0,0,0,0,0,0,0,0,0
"DDX51",1231,1357,1100,1207,1047,887,1189,858,1133,1199,1024
"LHFPL4",0,0,0,0,0,0,0,0,0,0,0
"YRDC",1528,1968,1627,2311,1581,1375,2017,1472,2393,2550,1720
"KLHL17",840,715,704,561,725,685,708,612,749,606,541
"CHTF8",3721,3837,4242,4275,3930,3070,4522,3039,4088,5414,2912
"GBP3",734,644,703,496,360,632,883,575,716,844,577
"ANGPTL2",1,0,0,0,0,0,0,0,0,0,0
"BEAN1",0,4,9,4,8,9,5,6,11,5,3
"HEXA",2104,2346,1965,2288,1719,2060,2025,1900,2737,2567,1933
"FBXL3",877,1135,888,1096,729,935,942,669,1180,1029,759
"MLPH",906,887,1516,837,886,1339,1400,1168,1105,1214,773
"NUDT22",912,963,978,879,919,681,933,832,917,1067,731
"GPR26",0,0,0,0,0,0,0,0,0,0,0
"TPRXL",7,6,11,3,16,11,8,6,16,34,9
"TSR3",1255,1597,1294,1484,1820,946,1527,1049,1431,1608,934
"CASR",0,0,0,1,0,0,0,0,0,0,0
"SASH3",0,3,0,0,1,0,0,0,0,1,0
"SEH1L",4855,6102,5284,6101,5272,4634,6098,3741,6035,6087,3985
"FGF6",0,0,0,0,0,0,0,0,0,0,0
"VDAC2",5236,5964,5948,6304,4528,5196,6805,4702,7469,7463,4738
"FAM71E1",399,418,424,371,425,390,453,373,433,425,267
"HIST1H2AB",1,2,1,7,0,0,3,1,0,5,1
"RPS16",14494,15601,10431,16044,13499,12700,11379,11368,16789,13117,10917
"AGPAT9",313,359,180,481,194,189,370,241,591,938,529
"NPS",0,0,0,0,0,0,0,0,0,0,0
"LAMB2",3132,2688,2692,2763,2653,3271,2542,2714,4323,3680,3032
"NXF2",0,0,0,0,0,0,0,0,0,0,0
"PRB1",0,0,0,0,0,0,0,0,0,0,0
"RP11-96O20.4",0,0,0,0,0,0,0,0,0,0,0
"APOA1BP",2279,2514,2256,2629,2043,2048,2435,1947,2696,2667,1766
"AL161915.1",25,20,22,5,16,17,15,15,13,18,17
"HIST2H2AA4",2,0,1,1,3,0,3,0,1,1,3
"MYCBP2",2739,3354,3632,3158,2228,3920,3880,2494,3332,3473,2331
"FAM187B",0,0,0,0,0,0,0,0,0,0,0
"MED16",1111,1330,1365,1241,1706,925,1335,963,1366,1708,826
"CT47A2",0,0,0,0,0,0,0,0,0,0,0
"ZNF737",0,2,1,2,0,3,2,4,1,3,2
"ELMO3",1839,1833,2335,2082,2452,1792,2092,1888,2812,3135,2012
"MYO1G",3,3,8,12,22,7,9,10,34,62,35
"FANCB",713,717,799,783,439,724,788,488,789,684,478
"CXXC1",3030,3137,3026,2683,2902,2897,3005,2359,3068,3079,2224
"CLEC19A",0,0,0,0,0,0,0,0,0,0,0
"WDR52",323,309,251,212,135,349,286,185,256,219,177
"ZNF576",220,257,247,230,191,213,265,175,237,252,151
"LCORL",321,282,350,273,219,352,379,314,333,292,202
"ANKRD13D",1133,1076,1075,899,956,987,1004,917,1220,1118,865
"S100A14",9813,10504,12535,12457,11922,11060,12931,9922,14574,17232,11812
"ZNF550",546,468,472,394,330,461,498,410,522,534,448
"C6orf62",11886,12615,11980,11976,10037,11308,12551,9193,13108,13381,9196
"SLC15A1",0,0,0,0,0,0,0,0,0,1,2
"RAB6C",65,72,46,50,65,84,74,46,81,88,56
"IST1",4519,4739,5029,4847,3961,4411,5335,3949,5673,6055,3982
"CPLX1",41,33,44,48,66,31,34,41,40,45,28
"CCKAR",0,0,0,0,0,0,0,0,0,0,0
"ZSCAN21",110,89,112,107,97,94,126,100,121,125,96
"ADAMTS9",42,57,79,142,100,95,90,118,215,193,221
"SDAD1",2997,3616,3744,3983,2540,3081,4019,2682,3932,4354,2894
"IMPG1",0,0,0,0,0,0,0,1,0,0,1
"SMAD1",503,514,505,434,412,453,597,350,427,481,336
"BBS5",87,94,92,97,86,55,52,56,64,88,51
"ANO1",451,526,519,1215,803,482,659,451,1416,1548,1237
"CACNA1E",0,0,0,2,0,0,1,0,0,1,0
"KCNS1",0,0,0,0,0,0,0,2,0,0,0
"NLRP10",3,3,0,5,2,4,4,5,6,2,3
"PLK5",0,0,0,0,0,0,0,0,0,0,1
"RP11-1012A1.4",0,0,0,0,0,0,0,0,0,0,0
"DKFZP761J1410",338,338,409,396,478,348,335,324,347,420,310
"GJB4",27,27,28,25,21,23,29,23,30,42,24
"ESR1",54,72,86,107,93,86,52,73,137,181,104
"NCK1",939,1045,1005,903,725,1212,964,821,1090,1027,665
"hsa-mir-150",0,3,0,0,0,0,0,0,0,0,0
"C1orf198",2838,3240,3790,3495,3493,2681,3768,2692,3458,4134,2656
"CST4",0,0,0,0,0,0,0,0,0,0,0
"DRAM2",929,946,1093,896,745,1184,986,1002,1222,966,797
"RAB11FIP2",739,903,838,732,559,757,850,658,696,692,547
"THAP6",646,606,714,516,431,644,845,457,612,681,428
"MRPS7",2060,2559,1987,2637,1507,1782,2206,1624,2288,2225,1579
"SH2B2",103,89,140,116,203,103,117,91,129,162,74
"EMR3",1,0,1,0,0,0,0,0,0,0,0
"RNASE6",0,0,0,0,0,0,0,0,0,0,0
"ACAD9",1432,1581,1516,1316,1197,1366,1681,1223,1565,1804,1078
"RPL8",38307,41391,37246,45862,37635,33594,40836,30586,45988,46637,32431
"NKX2-1",0,2,1,0,0,0,0,0,2,3,0
"SI",0,0,0,0,0,0,0,0,0,0,0
"PRSS3",7,7,2,12,6,6,4,9,13,14,16
"CLLU1OS",1,0,0,0,0,0,0,1,0,0,0
"CRKL",3709,3999,4234,4026,3607,3510,4511,3126,4622,4806,3088
"NME6",784,931,799,857,522,732,821,627,913,909,619
"USP14",7860,9248,9124,10272,6541,7823,9849,6746,10769,10949,6969
"DAAM1",735,675,554,716,387,655,662,497,838,1021,675
"SOWAHD",2,0,2,1,5,0,3,6,1,5,0
"BATF2",6,1,5,7,4,4,10,2,5,10,1
"CLDN22",0,0,0,0,0,0,0,0,0,0,0
"DDX18",6130,7063,6817,7952,4754,5476,7553,4847,7346,8261,5432
"DNAH9",0,0,0,0,0,0,0,0,0,0,0
"PTPRU",6547,7536,7329,7427,7176,6570,6109,5944,7045,6087,4512
"EIF4ENIF1",964,1053,1006,860,821,853,1026,779,1001,1076,697
"PITPNC1",462,486,569,543,542,508,694,427,633,725,422
"CAMKV",2,0,0,0,1,1,0,0,3,1,1
"SPATC1L",180,188,233,194,209,183,202,138,191,197,115
"OR1L3",0,0,0,0,0,0,0,0,0,0,0
"UVRAG",709,785,1025,900,703,820,1007,781,1013,1141,676
"KCNMB4",81,78,108,66,75,97,104,72,66,48,41
"C2orf82",4,2,5,5,5,5,3,3,8,4,0
"SEMA4F",455,559,538,471,479,508,535,533,630,533,432
"SFR1",395,435,326,343,167,424,356,381,485,333,302
"SAP30",1013,956,1211,877,1173,1047,1198,892,1114,1095,644
"RP11-47I22.3",116,86,105,111,79,146,106,67,130,97,77
"DGCR14",1389,1561,1385,1567,1381,1070,1611,1066,1496,1793,1124
"STARD8",1,1,0,2,0,1,1,0,1,1,1
"QPCTL",601,667,615,593,597,511,574,577,682,610,501
"HAX1",1927,2207,1720,2362,1369,1724,1981,1655,2130,2172,1526
"LRTM2",0,0,0,0,0,0,0,0,1,1,1
"RPL36A",32,56,26,40,26,41,37,40,54,38,42
"INHBC",1,6,6,9,5,4,7,2,3,8,4
"GDPD1",47,31,53,40,21,59,36,44,48,38,26
"MMADHC",5201,6077,4335,6156,3327,4988,5169,4148,6896,6118,4308
"PPP1R15A",953,1313,893,1360,744,946,1060,1095,1470,1614,1602
"ZC3H6",168,137,268,126,158,267,200,168,199,204,125
"C17orf85",2556,3027,2816,3013,2164,2361,3234,1985,3074,3335,2200
"ADRA1D",2,2,5,2,3,6,0,3,3,1,1
"PRPH",1,2,2,7,9,5,4,0,7,7,5
"FLYWCH1",893,864,956,630,858,723,938,785,761,895,645
"ZNF566",327,294,260,334,214,228,337,189,294,314,202
"SH2B3",916,930,1210,994,1065,955,1297,934,975,1173,760
"KCNMB2",0,0,0,0,0,0,0,0,0,0,0
"GLRA2",0,0,0,0,0,0,3,0,0,0,0
"PLCH2",4,4,9,7,16,11,8,6,14,17,4
"KRT4",3,1,1,0,1,0,1,0,1,0,0
"LRMP",0,1,0,1,0,0,0,0,0,0,0
"CNOT2",2262,2655,2738,2484,1818,2291,2957,2068,2713,3018,1979
"ARL5C",0,0,0,0,1,0,0,0,0,0,0
"GLCE",897,838,893,829,679,968,746,747,994,740,648
"MTMR1",1613,1913,1883,1855,1562,1679,2038,1433,2188,2295,1466
"C19orf77",18,13,27,34,47,20,21,27,39,50,39
"EBPL",1218,1432,1125,1326,1123,1195,1093,1019,1584,1103,821
"SLA2",2,0,1,2,0,1,1,1,1,1,1
"RMI2",642,644,826,557,694,696,831,689,625,733,517
"XDH",568,579,570,448,445,634,699,610,645,733,543
"TTLL4",1435,1522,1633,1516,1220,1200,1736,1045,1585,1807,1113
"OR5B17",0,0,0,0,0,0,0,0,0,0,0
"AC073569.1",1,0,0,0,0,0,0,0,1,0,1
"ZNF791",900,928,892,962,587,920,942,783,1110,1072,809
"ERVV-2",0,1,6,2,2,9,3,9,11,2,7
"PRRG4",1285,1315,1358,1294,1220,1593,1336,934,1899,1560,1235
"CDRT15",0,0,0,0,0,0,0,0,0,0,0
"CCDC153",6,6,2,10,4,4,4,3,8,5,5
"ENOX2",997,1291,1266,1304,909,923,1357,797,1244,1618,866
"ZNF165",906,816,863,858,590,770,1021,617,1109,1181,757
"CACNG7",0,0,0,0,0,0,0,0,0,0,0
"ARHGAP23",191,258,256,249,259,202,271,206,270,312,184
"ANGPTL6",4,8,0,2,3,3,4,4,5,9,4
"SEMA4D",797,744,743,679,771,827,815,692,832,602,550
"OVCA2",0,0,0,0,0,0,0,0,0,0,0
"ONECUT1",0,0,1,0,1,0,0,0,0,0,0
"ANKRD50",1460,1565,1632,1392,1075,1877,1761,1132,1608,1313,1019
"PFKFB3",1016,1239,1373,1648,1609,946,1436,963,1583,1882,1158
"STAM2",641,757,615,701,459,667,812,499,792,906,553
"PPP1R3E",320,264,277,240,174,258,269,247,255,241,241
"ANKRD24",2,4,3,4,2,1,1,2,5,1,2
"ST7L",573,534,499,527,396,539,500,417,589,520,375
"KY",0,0,0,0,0,0,0,0,0,0,0
"TAAR6",0,0,0,0,0,0,0,0,0,0,0
"CHRM4",0,0,0,0,0,0,0,0,0,1,1
"ZFYVE1",232,181,265,178,174,292,283,217,272,348,210
"LRRC16A",2121,2561,2743,2727,2352,2300,2782,1985,2883,3096,2072
"APBB3",407,378,377,232,204,368,309,314,330,251,298
"SNAI2",1183,1334,924,1236,884,629,1489,832,1211,1712,857
"TLL1",268,223,251,154,140,238,206,136,157,116,85
"MAP7D3",2707,2940,2753,2937,2062,2282,2915,2337,2429,2577,2223
"SOX5",9,11,25,7,14,18,16,8,12,7,10
"C1orf137",1,1,0,0,0,0,1,0,0,0,0
"HADHB",1989,2096,2357,1983,1661,1948,2507,1744,2651,2871,1740
"KRTAP11-1",0,0,0,0,0,0,0,0,0,0,0
"EFS",0,0,0,0,0,0,0,0,0,0,0
"ZFY",8,4,2,2,4,3,7,3,1,4,2
"ZNF618",1516,1872,1943,1873,1570,1573,1800,1237,1644,1390,1064
"MXD3",145,137,124,129,138,112,124,131,165,112,116
"AEN",1931,2283,1980,2529,2039,1310,2479,1594,2357,2864,1782
"FOXH1",5,5,9,9,3,8,4,5,9,9,16
"OR13G1",0,0,0,0,0,0,0,0,0,0,0
"RHOBTB3",1872,2034,2380,1697,1464,2113,2014,1738,1469,1642,1007
"TRPV3",48,30,35,87,52,27,47,32,120,182,90
"PAMR1",1,1,0,0,0,0,1,1,2,3,2
"LRPPRC",17281,20458,21600,21956,15063,18651,24383,15131,23610,25283,15704
"MFAP5",2,6,1,2,1,4,2,0,3,4,2
"MUC2",0,1,1,2,0,0,0,0,2,0,2
"HTN3",0,0,0,0,0,0,0,0,0,0,0
"SLC41A3",779,932,778,1002,790,803,799,736,1076,903,686
"EFCAB3",1,0,0,0,0,0,0,0,0,0,0
"USP11",4200,4627,4873,6998,6643,3913,5110,3899,8310,10342,6119
"REG1A",0,0,0,0,0,0,0,0,0,0,0
"C15orf48",14,37,16,46,13,25,22,28,68,87,62
"CIB4",0,1,0,0,0,0,0,0,1,0,0
"CST9",0,0,0,0,0,0,0,0,0,0,0
"HPS6",707,767,882,836,1087,509,880,683,833,1021,549
"MYOC",0,0,0,0,0,0,0,0,0,0,0
"EIF4A1",52931,62491,56272,64939,45345,45929,64829,41936,63794,68274,46174
"OR10X1",0,0,0,0,0,0,0,0,0,0,0
"TMEM235",0,0,0,0,0,0,0,0,0,0,0
"TPSD1",0,0,0,0,0,0,0,0,0,0,0
"FAM168B",7242,9396,8795,9592,7820,7076,9295,6422,8808,9886,6259
"FCN3",0,0,1,0,0,0,0,0,0,0,0
"RP11-480I12.4",1,0,0,0,0,1,0,1,1,2,3
"AC015660.1",0,0,0,0,0,0,0,0,0,0,0
"USP17L13",0,0,0,0,0,0,0,0,0,0,0
"IMMT",6583,7262,8057,7399,6338,6671,8539,5931,8563,9347,5637
"WSB2",2088,2429,2585,2558,2219,2242,2820,2177,3020,3485,2139
"DNAJA3",3993,4530,4465,4779,4427,3411,4937,3139,4717,5712,3089
"CMTM3",382,392,404,390,311,356,387,368,433,396,294
"FRMD8",1298,1549,1246,1352,1384,934,1450,1002,1376,1570,929
"MDN1",4329,5806,4476,5956,3076,5882,5153,3058,5392,5124,3610
"AC008914.1",0,0,0,0,0,0,0,0,0,0,0
"ARPP21",0,0,0,0,0,0,0,0,0,0,1
"MBD3",3379,4190,3541,4143,4724,2662,3780,2511,3735,4169,2325
"ZNF439",0,0,0,0,0,0,0,0,0,0,0
"NEURL",16,28,10,21,14,16,16,30,13,28,28
"LYZ",1,0,1,1,2,2,0,0,2,9,4
"FAM215A",0,0,0,0,0,0,1,0,2,0,0
"PPIC",628,700,627,619,558,737,633,653,682,725,525
"IHH",1,0,0,2,0,2,0,0,0,0,0
"MAP2K1",3235,3561,4158,4000,4376,3365,4817,3168,4874,6031,3409
"HMHA1",613,653,660,676,810,490,702,588,830,860,578
"ZNF862",176,135,212,115,188,195,153,163,174,198,141
"PSMC3IP",825,953,778,1019,745,762,953,524,1009,1034,828
"CCDC103",8,7,9,16,5,4,8,6,8,10,5
"SUPT3H",235,263,332,223,197,217,324,230,252,232,163
"GTF2F1",3593,4106,4188,4130,4015,3237,4350,3009,3911,4831,3233
"TEX2",1546,1604,1723,1646,1360,1533,1814,1420,1890,1749,1311
"CMTM2",4,4,5,1,3,1,0,2,2,2,1
"ISY1",493,558,581,603,610,434,670,440,641,649,474
"ANGEL2",1162,1236,1150,1153,867,1014,1256,835,1324,1316,940
"LHFPL1",0,0,1,0,0,0,0,0,0,0,0
"NEDD8",720,752,562,731,410,554,629,580,757,582,470
"ERCC6",1242,1105,1206,984,819,1108,1415,745,1211,1405,855
"CERS2",6664,7271,6712,7753,5854,5605,7599,5588,7682,8263,5498
"SLC2A4",2,0,0,0,2,0,0,0,1,0,4
"CPNE3",9244,10710,10628,9582,7633,9842,11668,7933,10775,11100,6918
"PAIP2",2738,2624,2776,2923,1999,3111,2868,2258,3259,2962,2021
"ZNF493",57,64,57,43,28,75,56,49,49,53,47
"XPNPEP2",0,0,0,0,0,0,0,0,0,0,0
"WDR64",0,0,0,0,0,0,0,0,1,1,0
"CCL7",0,0,0,0,0,0,0,0,0,0,0
"USP38",1906,2022,1939,1990,1424,1661,2213,1317,2375,2344,1370
"ZNF343",818,859,886,791,652,782,967,572,820,940,573
"AKNAD1",79,70,62,90,49,63,70,55,129,136,78
"LRRTM2",0,0,0,0,0,0,0,0,0,0,0
"RASGEF1C",1,1,1,4,3,3,1,3,2,2,0
"G6PC",0,0,0,0,0,0,2,0,0,0,0
"AP000275.65",0,0,0,0,0,0,0,0,0,0,0
"RPP30",1524,1674,1386,1819,982,1325,1758,1119,1853,1803,1189
"DUX4L2",0,0,0,0,0,0,0,0,0,0,0
"AC004076.9",1,0,0,0,0,0,1,0,1,0,0
"KCTD11",712,843,874,859,890,654,874,630,913,1096,636
"TMEM177",366,364,418,303,386,297,382,282,298,292,202
"GPR22",0,1,0,1,0,0,0,1,0,1,1
"FOXJ3",3497,4169,3944,4296,3334,3490,4056,3114,4507,4597,3182
"C17orf70",1876,2133,1945,1904,2143,1502,1915,1472,1841,1857,1298
"PRSS12",1187,1246,1678,1528,1924,1570,1556,1475,2234,2136,1605
"FKBP7",191,202,207,206,136,266,198,197,195,103,127
"PUS3",335,335,360,352,252,311,408,257,432,460,288
"MPV17",1012,928,1074,858,919,863,937,843,915,1114,602
"GPR137C",64,85,55,75,55,80,54,45,119,91,59
"SLC43A1",32,16,44,26,17,29,24,19,29,25,19
"C19orf80",0,0,0,0,0,0,0,0,0,0,0
"CAV1",12765,14361,11847,14802,10984,10638,13004,9034,14817,12528,9394
"SRRT",6617,7801,6254,7808,6224,5832,6864,5112,7573,7337,5552
"ZNF470",214,184,197,180,101,195,218,132,164,164,126
"ZNF512B",2003,2387,2265,1964,1804,1928,2067,1888,1741,1784,1390
"RP11-324D17.1",1,0,0,1,0,0,0,0,0,0,0
"DUSP4",8340,7879,10843,6615,7720,10240,10717,8944,8978,9396,5776
"ZAP70",6,6,4,7,6,4,2,4,5,11,4
"JOSD1",4737,4856,5285,4832,4490,4300,5524,4225,5600,5983,3811
"GK2",0,0,0,0,0,0,0,0,0,0,0
"C9orf89",434,547,517,534,687,473,536,536,623,561,414
"QSER1",7025,8465,8043,9079,5492,7371,8360,5399,8894,8220,5648
"GRAMD1C",257,264,359,234,174,337,275,360,309,277,211
"SBK3",0,1,0,0,0,0,0,1,0,2,0
"HBG2",1,1,0,2,2,0,0,0,0,0,0
"TAS2R13",1,0,1,0,0,0,0,0,0,1,0
"ACSL1",9645,10168,14659,10035,10610,14729,14240,12025,15559,17736,10348
"CLSTN1",9061,9822,9022,10010,7862,9464,9717,7941,11355,11550,7911
"NMNAT1",848,620,811,581,546,630,856,582,733,859,486
"TNFSF4",6,4,2,1,2,2,6,1,9,2,6
"OR4A47",0,0,0,2,0,0,0,0,0,0,0
"PLA2G2E",0,0,0,0,0,0,0,0,0,0,0
"ZFP64",2058,2227,2154,2235,2164,1557,2506,1522,2323,2816,1539
"CTSH",203,213,198,275,197,220,185,186,296,266,173
"SPRR2D",1,0,2,0,1,1,2,2,1,5,3
"GABRR2",5,5,6,1,4,3,2,2,7,4,4
"C8orf74",0,0,0,0,0,0,0,0,0,0,0
"RECK",48,30,49,28,37,49,34,45,33,24,22
"C11orf96",0,2,2,6,5,0,1,2,12,14,2
"ABCA13",8,13,6,6,5,4,8,7,5,15,12
"RGPD8",268,295,260,316,167,249,278,196,302,304,223
"GPBAR1",2,1,1,0,1,1,0,0,0,3,1
"PHACTR3",24,21,14,45,14,9,8,9,31,38,33
"FAM25G",0,1,0,1,0,0,1,0,1,0,0
"CASP5",0,0,0,0,0,0,0,1,0,0,0
"HIST1H4A",21,40,12,40,7,14,11,8,36,22,16
"CYP2F1",0,0,0,0,0,0,0,0,0,0,0
"THAP5",1224,1452,1230,1354,915,1305,1237,1007,1520,1192,952
"AGMAT",721,884,819,964,780,603,912,504,958,1088,616
"DCTN6",976,1124,966,1161,769,1080,1084,856,1256,1093,924
"RNF220",2367,2969,2873,3214,2913,2382,2958,2220,3152,3284,2210
"NBPF9",663,693,709,619,428,737,697,555,797,626,587
"TOMM34",5076,5464,5586,5649,4461,4009,6088,4019,5487,7367,3953
"CEP63",1037,1068,1272,1188,881,1071,1229,985,1178,1262,869
"ATP5G2",1649,1885,1859,1283,1704,1524,1712,1632,1356,1211,962
"MLST8",1482,1770,1737,1922,2293,1184,1785,1231,1775,1950,1126
"PLLP",49,25,54,41,52,68,21,41,50,26,34
"DEFB107B",0,0,0,0,0,0,0,0,0,0,0
"FZD8",96,105,95,114,121,85,128,73,130,140,94
"PHYHIPL",0,0,0,0,0,0,0,2,0,0,0
"IFIH1",546,534,762,534,461,618,906,515,802,1004,595
"PAK6",778,811,824,786,742,668,883,726,789,964,640
"RGCC",22,14,23,35,32,30,37,51,71,49,36
"ALKBH3",856,1132,957,1161,719,783,1074,846,1157,1190,825
"AHR",2419,3034,2670,3135,2184,3045,2945,2116,3763,3706,2368
"HIST1H2AM",41,48,46,77,24,21,35,14,46,54,35
"AL031666.2",12,15,26,9,5,19,28,17,7,12,6
"OSBPL8",2753,3181,3383,2918,2573,3231,3493,2465,3522,3407,2367
"GLTSCR1",565,611,673,664,974,578,633,473,628,754,490
"C11orf72",2,0,2,0,5,2,2,0,0,3,1
"CIB3",0,0,0,0,0,2,1,1,1,0,0
"SLC15A2",55,64,62,71,39,66,47,55,73,94,62
"AC093323.1",4,3,5,3,4,10,2,6,5,4,6
"HMGA2",3088,2731,2795,2321,2629,2778,3064,2200,3376,3231,2669
"FAM187A",0,0,0,0,0,0,0,0,0,0,0
"DEFB106A",0,0,0,0,0,0,0,0,0,0,0
"OR52B6",0,0,0,0,0,0,0,0,0,0,0
"MAST4",836,1115,1150,1096,806,1132,1388,891,1284,2039,1166
"TARM1",0,0,0,0,0,0,0,0,0,0,0
"C1orf123",765,942,735,785,546,688,894,598,772,799,510
"NR1D1",312,319,345,312,494,273,394,229,359,498,280
"SYNGR2",1345,1537,1541,1851,1963,1181,1549,1412,1882,1874,1280
"WAC",5236,5870,6248,6241,5287,5432,6708,4396,7081,7320,4751
"IL34",1,3,2,1,2,1,0,1,0,3,1
"ATM",1981,2299,2191,1614,1039,2892,2284,1580,1950,1783,1203
"OR7G1",0,0,0,0,0,0,0,0,0,0,0
"FAM167A",86,72,113,65,74,128,95,115,82,107,75
"SLC18A1",0,0,0,0,0,0,0,0,0,2,0
"C2orf53",0,0,0,0,0,0,0,0,0,0,0
"RP11-724O16.1",0,0,0,0,0,0,0,0,0,0,0
"RPL19",29903,33059,26864,33666,20863,26450,28950,24914,33353,28909,25201
"DDX31",1916,2216,2026,2534,1837,1731,2312,1396,2457,2748,1677
"LEPROTL1",1443,1554,1345,1564,1263,1569,1448,1238,1910,1529,1153
"FOXN3",522,542,645,546,498,528,622,446,567,505,370
"RALY",4542,5547,5423,6056,6020,4026,5654,4266,5887,6807,4258
"CLEC4C",0,0,0,0,0,0,0,0,0,0,0
"PRLH",0,0,0,1,0,3,0,0,0,0,0
"TMBIM6",23083,25663,23906,26615,21045,23838,24624,21896,30528,27669,21060
"ATP4B",0,0,0,0,0,0,0,0,0,0,0
"NDC80",2634,2622,2658,2599,1534,2348,2905,2072,3028,3109,2296
"DEPDC4",45,49,44,31,41,45,51,37,39,49,34
"IL13RA1",1593,1843,1901,1811,1331,1909,2030,1705,2168,2311,1579
"CABS1",0,0,0,0,0,0,0,0,0,0,0
"CCNB1IP1",905,1175,872,1184,638,1051,829,967,1308,1054,1003
"TANK",1846,1810,1730,1796,1144,1930,1736,1528,2193,1946,1520
"SYVN1",2986,2686,2720,2635,2653,2406,2698,2451,2962,2868,2161
"ZNF284",43,40,43,20,19,47,37,26,39,40,30
"ASNSD1",2416,3024,1944,3198,1514,2129,2229,1793,3296,2432,2010
"NECAB1",2,8,2,7,1,6,6,7,26,25,22
"TBC1D24",876,745,765,874,804,661,847,612,925,946,631
"FRMD1",0,0,0,0,0,0,0,0,0,0,0
"MTSS1L",2848,3010,2968,3158,3641,2223,3090,2074,2751,3390,2109
"CRB2",0,0,0,0,0,0,0,0,0,0,0
"AC008394.1",0,0,0,0,0,0,0,0,0,0,0
"GSG1",128,139,115,152,97,101,138,89,212,328,198
"RPIA",1800,2016,2042,2242,1617,1663,2375,1396,2176,2354,1401
"MPP2",48,50,90,72,117,46,71,66,49,89,42
"OR4C5",0,0,0,0,0,0,0,0,0,0,0
"PAPPA2",14,22,25,35,8,40,39,41,66,74,45
"LCE1F",0,0,0,0,0,0,0,0,0,0,0
"SLC38A10",1358,1570,1427,1543,1546,1298,1495,1300,1709,1671,1223
"OR2T2",0,0,0,0,0,0,0,0,0,0,0
"ZNF90",0,0,0,0,0,0,0,0,0,0,0
"IL11RA",24,27,14,12,9,38,12,13,13,18,20
"FBXO39",0,2,0,1,2,0,0,2,2,1,1
"AP000688.1",0,0,0,0,0,0,0,0,0,0,0
"HIVEP2",1206,1473,1472,1680,1131,1607,1715,1150,1778,2003,1288
"CD99L2",417,503,509,408,378,451,460,440,380,332,284
"NYAP2",0,0,0,0,1,0,2,0,3,0,1
"COPG2",158,184,208,153,160,181,197,180,162,205,148
"UVSSA",1035,1126,1194,1041,1020,1072,1178,991,1121,1136,939
"MAP4K2",366,412,477,329,429,368,493,414,384,448,311
"HIST1H2BH",54,78,68,94,34,31,55,21,61,74,43
"MAGEL2",0,0,0,0,0,0,0,0,0,0,0
"ARFIP1",1677,1899,1965,1746,1495,1847,2128,1405,2198,2221,1304
"PLXNB1",1512,1441,1362,1226,1125,1409,1227,1205,1502,1154,1030
"SHBG",3,10,7,17,6,5,9,15,14,5,12
"F8A1",186,180,175,226,217,162,235,145,254,279,181
"PHLPP1",1407,1582,1788,1589,1568,1526,1839,1273,1690,1823,1084
"RNF139",1002,1183,1006,1233,895,1046,920,996,1380,1099,935
"OR51S1",0,0,0,0,0,0,0,0,0,0,0
"EFHC1",271,217,237,152,81,258,189,226,221,208,169
"TBCC",382,393,324,368,297,325,393,247,443,534,289
"CSTF2T",1461,1652,1645,1481,1342,1399,1829,1128,1562,1898,1034
"LRIT3",18,3,8,13,2,7,4,7,15,3,6
"AC025278.1",0,0,0,0,0,0,0,0,0,0,0
"ELMOD1",27,29,32,27,25,16,21,12,26,32,8
"FGL1",1,1,0,0,1,3,0,0,0,1,0
"GATC",751,701,828,816,549,662,908,513,847,978,605
"STIL",3341,3888,3763,4259,2602,3109,4057,2824,5083,4807,3449
"SC5D",990,1255,1083,1310,953,1352,1251,992,1946,1313,1073
"TMUB1",986,1085,1013,1083,1496,1058,1052,864,1018,1168,725
"CMTM5",0,0,0,0,0,0,0,0,0,0,0
"TMEM225",0,0,0,0,0,0,0,0,0,0,0
"MYH3",224,199,176,185,153,203,191,181,220,208,193
"TGIF2LX",0,0,0,0,0,0,0,0,0,0,0
"DDX28",914,1052,941,1105,863,687,1091,734,1065,1231,759
"PRPF8",26861,31355,31328,30987,24445,28244,34459,23068,31522,35485,21701
"SORCS3",2,1,1,1,0,2,1,0,1,2,1
"MTX3",828,1019,1044,886,652,906,1052,705,830,936,706
"TEX14",3,2,1,5,3,4,2,2,4,3,5
"NUP54",2653,3173,2657,3476,2092,2425,2992,2214,3490,3424,2443
"GIMAP1",0,0,0,0,0,0,0,0,0,0,0
"THUMPD2",814,812,832,856,614,823,916,639,934,835,672
"CYP46A1",0,0,0,1,1,0,0,0,0,0,0
"RNF113B",0,0,0,0,0,0,0,0,0,0,0
"NAP1L1",14337,16730,16199,15994,11357,14404,17690,11506,15744,17025,10629
"CCT4",22776,24913,25772,27569,18369,19984,29307,18540,28534,32537,18326
"ABAT",19,25,5,31,21,10,11,14,48,78,48
"AL591479.1",75,82,44,85,47,50,58,72,92,76,79
"C9orf50",0,0,1,3,0,2,0,1,2,1,1
"CD34",0,0,1,0,0,1,0,1,2,2,0
"OR13C2",0,0,0,0,1,0,1,0,0,0,0
"KDM1B",1363,1460,2000,1615,1679,1487,2165,1186,2032,2661,1291
"GNA11",4219,5370,4809,5735,5297,3493,5213,3482,5311,6037,3835
"BEX5",0,0,0,0,0,0,0,0,0,2,0
"CXCR2",1,0,3,0,1,5,1,3,2,2,0
"TRIM48",0,0,0,0,0,0,0,0,0,0,0
"DNAH5",134,164,205,66,69,111,294,102,75,121,67
"AC009892.10",0,0,0,0,0,0,0,0,0,0,0
"MBD3L2",0,0,0,0,0,0,0,0,0,0,0
"KCNJ14",95,107,75,82,67,68,78,63,87,113,91
"OR51A4",0,0,0,0,0,0,0,0,0,0,0
"MSL3",2918,3115,2829,3193,2052,2530,3310,2105,3321,3213,2176
"NDN",0,0,0,0,0,0,0,0,0,0,0
"ATCAY",0,0,2,1,0,0,0,0,0,0,0
"ZNF506",246,256,284,245,158,261,321,203,300,336,194
"TAGAP",1,1,1,1,3,0,1,2,5,11,4
"STRBP",1870,2192,2412,2156,1737,1889,2676,1618,2220,2974,1537
"C20orf195",60,48,62,51,52,48,70,60,73,65,64
"CDH3",9203,10366,9026,11390,8377,8428,9813,8651,13785,14407,10761
"CORO2B",3,5,6,12,15,12,12,1,10,12,10
"SCAI",608,581,620,471,478,795,602,468,600,508,381
"SH3GLB2",2325,2409,2281,2350,2185,2257,2141,2349,2836,2472,2165
"SPG21",2857,3145,3417,3100,3015,2747,3709,2380,3166,3544,2100
"PUSL1",581,610,528,686,619,379,590,408,605,677,407
"OR2AK2",0,0,0,0,0,0,0,0,0,0,0
"POU4F1",288,284,320,318,271,274,315,228,288,351,232
"IFNGR2",1843,1558,1882,1626,1465,1856,1985,1551,2048,1927,1283
"TBCB",1204,1373,1117,1427,1194,982,1279,1002,1483,1631,1035
"OR10V1",0,0,0,0,0,0,0,0,0,0,0
"MAPK8IP1",328,420,308,462,398,240,339,246,358,447,260
"AC005609.1",0,0,0,0,0,0,0,0,0,0,0
"TEN1",244,309,255,294,227,246,245,239,273,303,223
"AGPAT2",1130,1390,1213,1711,1506,929,1262,1152,1708,2023,1347
"SNX20",0,0,0,0,0,0,0,0,0,0,0
"PSMG4",676,626,637,533,509,534,641,549,617,659,575
"AL139099.1",40,39,38,28,32,31,41,39,33,24,26
"TRIM27",3442,3520,3518,3511,3294,2696,3840,2597,3694,4169,2553
"NUTM1",1,2,2,2,1,1,1,0,3,2,1
"GPX4",5101,5817,5000,6225,5353,4654,5238,4399,6052,5868,3966
"ZXDB",514,632,595,607,496,504,569,506,689,661,458
"C12orf73",358,358,378,369,277,377,388,314,392,397,331
"MYLK2",20,14,4,13,8,15,9,9,10,13,16
"ABCA4",146,161,131,146,131,166,109,177,140,104,101
"MMS19",2361,2777,3184,2605,2811,2210,3150,2194,2767,3325,1956
"WFDC11",0,0,0,0,0,0,0,1,0,0,0
"RPL26",25538,27579,18455,30013,13564,24889,20636,21536,31806,22358,22769
"LHCGR",4,3,10,1,0,9,7,4,2,3,1
"SLFN14",0,0,0,0,0,0,0,0,0,0,0
"ANKH",716,758,968,652,726,802,894,698,691,741,429
"EFCAB7",210,181,214,127,106,222,214,180,155,152,112
"ZNF485",185,145,168,193,154,143,185,133,186,241,179
"TCEB3CL",0,0,0,0,0,0,0,0,0,0,0
"CPLX3",1,1,1,0,0,5,1,0,3,2,2
"GDF2",0,0,0,0,0,0,0,0,0,0,0
"KHDRBS3",35,57,71,104,101,36,83,40,118,133,63
"C12orf57",1744,1817,1469,2050,1629,1675,1730,1462,2250,2072,1487
"UBE2J2",2013,2345,2064,2387,2101,1547,2345,1696,2311,2655,1605
"IGFL3",0,0,0,0,1,0,0,0,0,0,0
"SLC2A3",40,49,66,56,69,109,63,102,83,51,58
"GRHL2",3079,3285,3458,3688,2770,2926,3845,2635,4017,4587,2738
"SGIP1",1,1,0,1,0,0,2,2,0,0,0
"PPBP",0,4,1,0,0,2,0,1,0,1,0
"DNAH17-AS1",0,0,0,0,0,0,0,0,0,1,0
"TSACC",8,18,15,11,2,13,8,12,13,17,9
"GPR17",21,14,28,17,16,27,25,20,26,39,8
"OR2A25",0,0,0,0,0,0,0,0,0,0,0
"COQ5",961,995,1037,977,801,878,1162,830,1136,1251,707
"SAP30BP",1907,2146,1898,2042,1456,1664,2135,1551,2265,2371,1757
"MAOA",229,269,260,190,140,222,316,224,238,334,193
"C1orf177",2,3,5,4,5,3,3,5,4,4,9
"UPF1",5074,6378,5702,6644,5697,4223,6707,4156,5984,7578,4166
"ACP2",654,768,565,646,464,558,641,565,691,667,512
"HIST1H2AI",8,23,10,22,8,12,10,1,22,15,11
"C19orf44",220,154,192,163,151,168,182,128,169,198,85
"HGFAC",1,1,0,1,0,0,1,3,1,0,0
"ZNF536",0,0,1,0,0,0,0,0,0,1,0
"MTA1",3762,4205,4451,4093,4400,3460,4310,3306,3908,4114,2888
"AC011475.1",10,8,0,2,3,3,9,5,5,3,6
"OR5T3",0,0,0,0,0,0,0,0,0,0,0
"RIMS2",771,875,865,995,603,894,824,621,1035,1007,723
"ZDHHC16",2082,2436,2141,2477,2019,1948,2424,1710,2494,2685,1580
"RP11-664I21.6",0,0,0,0,0,0,0,0,0,0,1
"LARGE",3,6,4,3,6,5,9,4,8,5,9
"NMT2",828,986,919,995,683,786,1121,786,992,996,721
"CBX2",1355,1427,1567,1581,1712,1042,1462,1012,1362,1409,940
"SLC6A12",3,3,5,0,8,4,6,3,6,4,2
"COQ3",765,846,818,810,486,725,932,655,900,793,561
"DCTN4",1951,2238,2059,2024,1453,1911,2265,1614,2190,2305,1469
"TRIM22",0,0,0,0,0,0,0,0,0,0,0
"KEL",1,2,0,0,1,3,0,1,2,1,1
"CFHR3",0,0,0,0,0,0,0,0,0,0,0
"GBGT1",14,6,15,7,12,6,15,10,14,26,7
"EPB41L3",0,0,0,0,0,0,0,0,0,0,0
"ADSSL1",84,74,132,76,103,131,91,98,166,144,80
"TIAM1",660,777,768,931,758,597,903,547,1051,1568,771
"DDX60",331,423,497,641,439,413,487,446,1206,1436,1034
"NACA2",17,13,21,19,11,22,16,16,36,34,23
"HLF",6,6,3,10,9,4,5,4,4,7,1
"BCDIN3D",167,185,155,147,123,175,181,117,236,167,108
"ZNF774",127,73,129,77,83,131,108,79,86,84,59
"LRRC29",11,14,9,14,17,13,7,16,18,17,14
"CNGA2",0,0,0,0,0,0,0,0,0,0,0
"CDKN2AIPNL",1245,1452,1204,1389,1089,1042,1207,945,1287,1135,854
"TAF12",724,675,707,695,596,595,786,491,744,956,549
"FHDC1",564,687,542,705,434,507,453,438,731,572,544
"TTC23L",2,0,3,1,3,5,3,3,0,4,0
"CNN2",7400,7956,7892,7042,7806,5847,8975,5953,7218,9600,5786
"NUDT8",207,250,276,396,607,217,215,251,448,394,338
"TCTEX1D1",0,0,0,0,0,0,0,0,0,0,0
"SFT2D1",1643,1664,1536,1878,1329,1703,1654,1369,2182,1846,1396
"CUL1",4097,4427,4507,4504,3288,4012,5181,3209,5252,5595,3383
"ZNF638",5172,4705,4886,4945,2902,4752,5372,3546,5955,5618,3934
"OR6C74",0,0,0,0,0,0,0,0,0,0,0
"HTR2C",1,0,1,0,0,0,0,0,0,0,0
"BTG2",60,45,50,55,64,35,64,46,58,79,50
"CD200R1",2,1,1,0,1,3,5,2,1,0,1
"SCD",107365,121551,164846,123422,133119,176526,138674,167352,178662,144243,122944
"SPTY2D1",805,953,996,1027,657,881,1123,758,979,1113,773
"ZNF773",270,269,258,229,197,201,315,210,298,288,231
"UQCRB",6851,7249,6006,7630,4172,6954,6531,5332,8160,7354,5254
"SOX6",11,10,5,11,3,6,10,5,8,12,6
"OPRK1",12,20,15,12,18,19,7,5,15,10,10
"ACOT12",0,0,0,0,0,0,0,0,0,0,0
"TGFBR2",6437,7723,7062,7972,5519,7256,8056,6706,9000,8755,6237
"KDM4D",107,85,75,70,69,81,112,80,73,67,64
"HIST1H2BO",12,11,11,24,11,4,13,7,9,19,13
"GNPTAB",1247,1405,1413,1451,1030,1344,1547,1150,1592,1685,1179
"SLC25A2",1,2,0,0,0,0,2,0,0,0,1
"EML4",3443,4089,4115,3979,3019,3420,4645,3018,4111,4575,2899
"NPAS2",1283,1217,1755,1311,1760,1544,1727,1347,1688,1996,1190
"NTF4",5,4,6,1,3,10,3,4,8,7,13
"CLPSL1",0,0,2,1,0,1,0,2,0,0,0
"MED25",749,875,894,785,997,630,794,640,743,887,562
"ZNF34",61,70,76,73,62,54,83,72,93,101,98
"SAMSN1",0,0,0,0,0,1,0,2,1,3,0
"SNAP91",10,13,14,10,14,23,16,16,14,14,5
"KRT9",52,47,21,68,27,33,67,39,139,243,139
"ARHGAP21",3381,3963,4022,4255,2890,3916,4585,3323,4756,5040,3546
"HNRNPA3",23056,24653,26082,23955,19301,23058,28670,17372,23679,29676,17756
"CEP120",886,981,1043,936,819,1084,1118,759,1180,1148,797
"PTPRB",144,263,117,277,114,180,188,188,343,268,236
"MAGEH1",0,0,0,0,0,0,0,0,0,0,0
"MOS",0,0,0,0,0,0,0,0,0,0,0
"DNAJB13",0,1,0,1,0,0,0,2,2,2,2
"DDX24",4362,4710,5207,5020,4307,3945,5537,3810,5268,6078,3967
"AC135983.2",0,0,0,0,0,0,0,0,0,0,0
"FAM83F",1009,1248,1254,1201,1160,1015,1402,1032,1284,1525,946
"ZBBX",4,0,0,0,0,2,1,0,0,0,0
"CLK3",2083,2412,2455,2514,2249,2108,2746,1769,2926,3273,1901
"RASGRP1",74,55,76,61,64,51,85,50,77,87,49
"METAP1D",277,276,267,195,166,225,274,196,206,222,138
"SLC25A32",2764,3512,3100,3786,2729,2709,3726,2345,3851,3819,2655
"WDR75",1742,1846,1977,2097,1527,1604,2223,1476,2117,2357,1523
"SLC1A3",258,285,318,274,231,398,372,267,238,216,147
"FAM115A",964,1199,1457,1264,1044,1150,1370,961,1302,1510,930
"SPIN3",166,158,182,146,161,138,183,115,148,199,127
"RNASEL",163,167,204,125,112,188,258,201,193,297,157
"C8orf4",0,0,1,0,0,1,0,0,0,0,0
"TNFRSF13B",0,0,0,0,0,0,1,0,0,0,0
"WDR18",1505,1746,1616,1856,2077,1054,1662,1148,1708,1872,1007
"KIAA0408",0,1,0,0,0,2,0,0,0,0,0
"FANCD2OS",2,1,0,0,2,0,1,1,0,1,0
"TCF25",2087,2074,1830,2015,1717,1827,1772,1597,2263,2002,1815
"DOCK2",47,37,32,28,34,34,32,45,23,20,11
"CDCA7",2216,2387,2540,2009,1923,1908,2841,1738,2105,2358,1430
"PABPC3",562,681,553,635,380,476,750,432,931,810,511
"EMILIN1",24,31,30,47,38,14,31,21,27,41,18
"CD302",15,11,19,17,11,22,16,18,17,15,13
"EXOSC2",3020,3190,2763,3232,2268,2382,3265,2044,3321,3686,2289
"TAF15",8099,8994,8550,8325,6075,8459,10543,5573,8665,10646,6241
"ZNF713",5,6,5,2,2,7,7,4,4,6,4
"EED",1685,1730,1622,1821,1102,1499,1978,1227,2150,2195,1424
"CYTH3",1361,1469,1811,1514,1456,1500,1791,1374,1801,1807,1265
"ZRANB1",1700,1946,2128,2117,1706,1957,2223,1573,2371,2316,1498
"PCDHGA10",8,14,13,15,13,11,6,13,9,4,10
"CKS2",5624,5206,2814,5931,2351,5339,2854,4112,7378,3413,4287
"GPRC6A",0,0,0,0,0,0,0,0,0,0,0
"PSD3",1161,1445,1794,1331,1241,1463,1506,1152,1418,1355,929
"TMEM114",0,0,0,0,0,0,0,0,0,0,0
"PAFAH1B1",7732,8831,8787,8915,6382,7821,9299,6619,9707,10117,6875
"NDUFA6",1437,1539,1333,1736,1140,1495,1460,1285,2001,1754,1229
"DNAJC5B",0,1,0,0,0,0,0,0,0,1,1
"FAM156B",388,407,331,263,242,377,325,266,272,305,270
"ZNF202",641,607,587,598,400,563,583,453,686,589,438
"DTYMK",1103,1321,909,1281,853,925,1085,846,1344,1187,815
"STX4",1546,1560,1638,1610,1529,1594,1785,1339,1995,2202,1430
"CCDC6",3857,4147,4400,4459,3512,3546,4862,3171,4917,5296,3477
"SPDYE3",0,1,0,0,1,0,0,0,0,0,0
"SLC36A1",504,547,552,475,420,489,566,411,541,566,396
"HSPBP1",1560,1967,1746,1918,1846,1217,1799,1336,1594,1905,1081
"MYT1L",1,0,0,0,0,0,0,0,0,0,0
"AF131215.5",0,0,0,0,0,0,0,0,0,0,0
"OR2M7",0,0,0,0,0,0,0,0,0,0,0
"AGK",648,767,718,787,538,580,807,580,810,902,569
"HBP1",1042,964,1209,970,859,1442,1143,1125,1642,1379,1004
"CRP",0,0,0,0,0,0,0,0,0,0,0
"FAXC",763,916,898,846,638,871,949,679,929,830,567
"TREX2",15,31,17,31,25,21,12,19,18,42,19
"COA4",1607,1708,1621,1581,1256,1398,1714,1380,1734,1817,1228
"GAP43",0,0,0,1,0,0,1,0,0,0,0
"SKIV2L",2990,3094,3287,2424,2507,2412,3555,2450,2609,3214,1833
"ZDHHC1",106,106,105,130,135,92,88,143,129,121,113
"MARCH11",0,0,0,0,0,0,0,0,0,0,0
"KERA",0,0,0,0,0,0,0,0,0,0,0
"RNF14",1165,1276,1408,1440,1337,1187,1445,1108,1801,1809,1237
"FABP1",0,0,0,0,0,0,0,0,0,0,0
"DHX29",2737,3205,3284,3007,2204,2798,3611,2365,3250,3485,2268
"IL36A",0,0,0,0,0,0,0,0,0,0,0
"RERG",483,504,655,693,784,690,412,354,768,497,393
"ZP4",0,2,0,1,0,0,2,4,1,0,1
"HPS4",1404,1354,1439,1147,1100,1183,1548,1247,1264,1432,952
"USP4",1390,1371,1502,1264,1115,1201,1572,1008,1544,1744,980
"IGF2BP3",769,815,1001,798,744,882,1112,727,1010,1233,715
"LDLR",6766,8214,7299,9800,7290,7865,7841,6206,12326,10424,7843
"FBXO32",356,536,343,633,387,510,378,445,609,791,545
"MAP1B",316,357,340,451,303,440,409,380,784,661,617
"C10orf35",101,117,74,107,90,90,118,103,146,104,86
"JARID2",1306,1209,1543,1161,1253,1296,1609,1178,1445,1690,1036
"GNPDA2",399,504,391,381,298,488,451,393,479,387,354
"PYDC2",0,0,0,0,0,0,0,0,0,0,0
"ZNF177",35,21,27,20,11,33,21,25,27,21,24
"KIRREL",3305,3650,3385,3508,2789,3438,3564,2920,3614,2892,2392
"MYH7",0,0,0,0,0,0,0,0,0,0,0
"AC007965.1",0,0,0,0,0,0,0,0,0,0,0
"RNF183",2,2,3,0,0,0,3,2,0,2,0
"LRRC9",3,2,5,1,0,1,1,1,1,1,3
"HMGCR",8685,10417,9919,11478,7721,10836,10626,8854,14524,10779,8694
"HPD",27,16,20,8,19,26,17,11,17,9,10
"C7orf65",0,0,2,0,0,3,0,0,1,0,0
"UHRF1BP1L",1076,1213,1240,1110,805,1140,1242,946,1333,1206,845
"CDCA7L",2252,2852,2960,2885,2396,2377,3309,2217,2772,3307,2149
"UTP11L",4313,4823,4504,5161,3316,3835,5079,3472,4745,5209,3603
"STPG1",428,391,521,318,380,372,501,429,371,429,309
"ZNF420",272,225,258,204,126,240,243,160,226,260,172
"ULK4",72,77,67,68,44,64,85,49,66,57,52
"ZBTB37",590,691,597,565,325,652,566,387,496,469,403
"TDRD1",0,0,0,0,0,0,0,0,0,0,0
"B4GALT4",1068,1172,1107,1345,849,1134,1230,998,1770,1667,1300
"IFT172",476,504,527,349,316,513,538,376,380,386,293
"ZNF83",615,575,549,438,343,671,707,556,615,594,503
"C6orf25",19,5,9,6,20,9,13,18,8,28,11
"CCL14",0,0,0,0,0,0,0,0,0,0,0
"FBRSL1",1611,1933,2029,2193,3418,1272,2049,1471,1915,2272,1435
"LIMS3L",7,3,6,6,5,9,12,0,9,13,4
"KNG1",1,0,0,0,0,0,0,0,0,0,0
"BOD1L1",4586,6039,5129,6651,3344,5757,5436,4117,6330,5830,5179
"EIF4B",21813,24333,29679,24828,22966,23867,28392,20360,23513,28163,17197
"HEXDC",279,291,299,232,289,224,275,198,264,241,166
"EMP2",4361,4889,4852,5095,4086,5613,4537,4369,5866,4952,4156
"SNRPN",29,26,28,23,14,38,33,23,43,30,32
"GPR45",1,0,1,0,0,0,0,1,0,0,0
"CHAMP1",1463,1695,1679,1653,1358,1397,1817,1173,1744,1946,1214
"BRPF3",2005,2335,2015,1997,1931,1656,2311,1418,1803,2111,1354
"SLC9A4",0,0,2,0,0,0,5,2,1,6,2
"WDFY1",1824,2053,2313,1749,1538,1951,2267,1638,2105,2177,1389
"DENR",6008,6951,6477,6763,5753,5907,7127,4625,6984,7090,4546
"CARD11",7,6,9,10,5,4,10,2,13,17,7
"CTD-3088G3.8",3,2,2,2,1,2,1,0,0,1,3
"RP11-826N14.2",0,0,0,0,0,0,0,0,0,0,0
"OR52E4",0,0,0,0,0,0,0,0,0,0,0
"STMN4",0,0,0,0,0,0,0,0,0,1,0
"PCDHB10",1,3,2,1,2,2,3,5,2,5,2
"PDCL2",1,0,0,0,0,1,1,1,0,0,0
"ZSCAN23",58,56,70,45,26,67,53,44,38,47,41
"C9orf62",0,0,0,0,0,0,0,0,0,0,0
"TRIM62",216,240,216,243,223,172,216,175,230,265,166
"KLHL12",912,943,1198,754,801,890,1257,857,934,1074,649
"IFRD2",2754,3431,2931,3451,2914,2195,3152,2161,3243,3616,2133
"WBSCR16",1826,2143,2043,2164,1956,1509,2131,1507,2036,2403,1357
"CXXC4",57,39,64,31,25,54,48,56,26,12,11
"ITGB8",2443,2885,2471,2769,2149,3731,2607,2349,4232,2891,2805
"KRTAP4-4",0,0,0,0,0,0,0,0,0,0,0
"AK3",3298,3438,3162,3095,2311,3470,3509,2937,3720,3274,2545
"CPB2",0,3,0,2,1,3,1,3,7,4,0
"GPRC5A",13433,14513,12119,15585,11451,11212,15839,11932,20406,25404,17623
"C9orf114",1592,1529,1523,1262,1213,1021,1678,1033,1183,1544,904
"SCGB1C1",0,0,0,0,0,0,0,0,0,0,0
"HYI",1811,2190,2171,1952,1943,2131,2089,2142,2439,1938,1790
"CXorf66",0,0,0,0,0,0,0,0,0,0,0
"MRPL55",934,1015,976,1006,927,784,950,708,1029,1047,741
"BCR",2588,2759,3287,2977,3146,2179,3432,2285,3087,3859,2071
"SERPINF2",145,170,185,196,188,200,175,151,270,286,181
"IGHMBP2",905,922,804,810,790,672,896,643,995,1066,657
"ST6GALNAC3",19,24,36,14,10,26,17,19,13,14,11
"AC020922.1",27,39,18,21,15,40,33,29,29,19,24
"AMOTL1",2284,2338,2802,2717,2575,2327,3190,2035,2873,3744,2162
"EXOC2",1215,1427,1889,1417,1371,1394,2056,1276,1770,2191,1254
"GPX7",14,15,18,23,20,10,10,19,34,24,16
"HESX1",4,2,8,2,4,12,1,7,6,5,1
"DNAJA2",4228,4667,4348,4844,3910,3633,5021,3215,5136,5560,3591
"BANP",808,515,733,529,755,644,845,491,840,996,537
"KRTAP10-6",0,0,0,0,0,0,0,0,0,0,0
"EVA1C",407,451,496,389,385,406,393,382,449,349,210
"ST8SIA2",0,0,0,2,0,0,0,0,0,0,0
"CADM3",0,1,0,0,1,0,0,0,0,0,0
"STX7",1073,1081,1232,902,914,1262,1186,962,1213,1152,873
"SLC44A5",9,1,2,1,0,3,2,2,0,0,2
"CDH9",0,0,0,0,0,0,0,0,0,0,0
"MT-ATP6",90037,99376,63168,84273,62771,99639,60042,86489,122426,48568,101996
"SLC35C2",1270,1524,1240,1451,1444,985,1272,1111,1424,1412,1023
"RAB17",668,606,703,464,424,613,704,565,560,584,374
"SLITRK5",531,422,600,352,450,539,507,450,471,330,242
"MSMP",1,1,0,0,2,1,2,0,1,4,0
"KALRN",0,2,0,0,0,0,0,0,0,0,2
"SYCE3",0,3,4,3,3,2,2,3,6,2,2
"NAT6",207,250,227,212,226,209,195,212,240,215,199
"GAL3ST4",0,0,0,1,0,0,0,0,0,0,0
"C20orf112",642,661,784,601,663,745,600,639,712,685,513
"PRR3",909,953,821,1119,909,821,857,739,1017,963,796
"HSP90B1",39647,38893,39834,41638,27847,39605,43512,32173,42717,46201,32054
"OSBP",4975,5276,5631,5156,4307,4730,5926,4268,5637,6569,3954
"RAG2",1,1,0,0,0,0,0,1,0,0,0
"ZNF366",1,0,4,1,1,0,0,0,2,1,3
"ACTG2",2,11,1,1,3,1,4,3,2,3,1
"KYNU",6006,5928,7701,6359,5394,7870,7851,5580,8156,8936,5085
"NLRP11",45,47,42,30,24,49,54,28,45,40,24
"TSPYL4",717,676,693,539,511,659,676,530,554,715,466
"SERPINB10",2,3,2,8,0,4,3,3,6,6,6
"PTGDR2",1,0,0,2,0,0,0,0,5,3,1
"NEU2",2,0,0,0,0,0,0,2,0,0,0
"SLC39A5",4,5,3,3,4,4,7,4,2,2,2
"TDRD7",629,651,785,596,468,678,848,638,790,937,562
"RAB4A",437,448,438,390,287,435,437,383,402,366,250
"RGS3",870,748,988,828,862,791,884,786,855,958,625
"MRPS30",791,884,934,931,787,749,1028,622,1049,1190,677
"TMEM75",0,0,0,1,0,0,0,0,0,0,0
"PACSIN2",1826,2114,2216,2386,2072,1846,2259,1778,2526,2968,1862
"CHCHD7",801,1016,829,876,573,874,939,818,1029,910,767
"ARMC6",1394,1723,1492,2257,1655,1112,1694,1042,2069,2384,1208
"PLSCR1",2385,2677,2773,2637,2057,2430,3041,2248,3346,3944,2437
"BBX",5928,5891,7286,5134,4762,6337,7456,5271,5669,5974,4148
"WIPF2",2400,2656,2976,2743,2398,2297,2920,1993,2621,3246,2199
"OR5L1",0,0,0,0,0,0,0,0,0,0,0
"CNPY4",215,193,160,173,136,194,164,106,182,214,125
"SEC24D",596,406,665,383,435,605,711,560,682,966,530
"FAM189A1",0,0,0,0,2,0,2,0,0,0,0
"AMIGO1",170,186,195,186,161,182,173,168,188,153,146
"P2RY1",97,105,98,83,91,98,139,110,94,69,56
"C11orf21",0,0,0,0,0,0,0,0,0,0,0
"ZKSCAN4",256,282,265,231,153,226,279,179,251,245,163
"LIPC",0,0,0,0,0,0,0,0,0,0,0
"PHYH",467,478,593,528,437,534,562,477,687,745,457
"VN1R1",11,9,11,7,7,11,10,10,4,3,10
"FRMD4A",2,2,7,6,6,1,3,7,3,5,2
"AP1M1",1047,1124,1240,1041,1072,821,1258,929,1118,1225,748
"AC106873.4",0,0,0,0,0,0,0,0,0,0,0
"OR2B6",3,2,1,1,2,0,2,0,1,1,0
"IL22RA1",30,40,63,26,41,48,57,58,37,34,26
"PHF10",2182,2254,2330,2050,1404,2026,2503,1707,2005,2181,1407
"BBS1",14,13,4,5,5,11,8,6,10,6,3
"MAML2",268,284,396,225,240,411,323,311,354,335,218
"TMEM156",99,112,106,192,86,148,161,137,242,311,207
"SLC27A3",406,381,396,413,412,384,334,366,575,463,391
"PYHIN1",0,0,0,0,0,0,0,0,0,0,0
"MTERFD2",396,385,360,372,272,353,385,276,370,387,279
"RTF1",3180,4087,4202,4184,3117,3213,4014,2978,3752,4306,3021
"ENO3",402,363,325,349,280,400,345,310,548,504,417
"MTMR12",885,998,975,974,818,905,1108,763,1087,1125,733
"PKNOX1",904,836,911,752,692,719,1003,640,951,1064,647
"MCM6",4977,6105,6033,6472,4666,4830,6542,4115,6604,7013,4386
"KRT74",0,0,0,0,0,0,0,0,0,0,0
"DMGDH",0,3,0,0,2,2,1,0,3,1,3
"OR3A1",0,0,0,0,0,0,0,0,0,0,0
"KIR2DL4",0,0,0,0,0,0,0,0,0,0,0
"AL137026.1",0,0,0,0,0,0,0,0,0,0,0
"TMEM56",1141,1237,1224,907,840,1389,1051,959,1108,752,685
"BCL2L1",3992,4715,4838,5327,4621,3699,5348,4349,5637,6747,4635
"TRNP1",2492,2740,2681,2538,2463,2151,3404,1899,2425,3368,1567
"AKAP6",25,28,28,19,7,34,28,26,15,9,11
"GJB2",33,37,54,72,70,51,54,38,90,107,67
"TRIM68",177,202,181,159,143,135,187,174,161,252,135
"OR4F15",0,0,0,0,0,0,0,0,0,0,0
"TXK",2,4,2,1,0,2,4,4,5,7,3
"CORO1A",691,599,645,878,867,594,734,696,1217,1446,1001
"TMEM242",642,647,589,656,443,583,639,555,668,636,421
"LACTBL1",0,0,0,0,0,0,0,0,0,0,0
"AC016722.1",3,4,3,2,0,6,2,3,1,2,1
"NELFCD",5888,6562,6634,6429,5656,5627,6934,4821,7106,7202,4622
"GNL1",3549,3876,3933,3679,3491,3165,4042,2940,3464,4164,2576
"ZC3H7B",4256,5141,5474,5345,5297,3805,5909,3833,4752,6441,3697
"PALM3",37,21,20,9,18,35,14,22,14,23,11
"TMEM106C",2687,3048,2345,2515,1361,2744,2456,2260,2982,2447,1890
"CCDC135",0,0,0,0,0,0,1,0,0,0,0
"RPRML",4,0,2,3,3,0,4,4,5,2,2
"C16orf13",1061,1265,1045,1189,1510,860,1156,891,1210,1124,805
"STAT4",20,20,17,15,9,26,24,36,22,13,17
"FAM53A",34,46,42,78,111,26,46,37,70,73,47
"KLHL24",754,508,988,467,637,1167,854,707,893,816,500
"C11orf84",1795,1886,1852,2156,1873,1577,2085,1446,2124,2276,1442
"CTA-299D3.8",0,0,0,0,0,0,0,0,0,0,0
"TMEM72",0,0,0,0,0,0,0,0,0,0,0
"ANKS1B",47,33,90,18,33,51,40,25,26,11,8
"ZNF222",54,47,53,42,15,54,47,29,43,30,31
"ATP8A2",955,1425,970,1387,693,1409,1193,1147,1960,2184,1463
"TP53AIP1",0,1,0,0,0,0,0,0,0,0,0
"TTC9C",982,1063,931,1075,791,998,1039,789,1213,1127,824
"MBOAT1",719,703,667,636,479,705,798,688,855,844,632
"LAMTOR4",560,536,449,464,328,483,424,432,488,394,374
"KRCC1",596,464,521,440,376,567,500,592,642,535,557
"OR2H2",0,0,0,0,0,0,0,0,0,0,0
"SCN3B",0,3,0,3,1,0,0,2,4,6,4
"NCF4",45,50,35,51,33,17,45,30,35,38,26
"SLC22A16",0,0,0,0,0,0,0,0,0,0,0
"SEMA4B",1332,1211,1513,1118,1496,1334,1411,1367,1529,1380,1006
"PDE8B",352,338,467,422,379,372,452,351,471,527,326
"KB-1980E6.3",3,0,1,0,0,1,0,2,0,0,0
"AC012414.1",0,0,0,0,0,0,0,0,0,0,0
"CPA5",2,0,0,2,0,1,2,0,0,3,1
"NUP35",736,875,850,1002,579,836,1014,686,1109,1136,738
"AC104534.3",0,0,0,0,0,0,0,0,0,0,0
"ATF3",99,127,79,229,138,64,121,115,277,368,244
"LDOC1",2886,3077,3258,2588,3084,2334,3388,2386,2539,3018,1811
"TGIF1",1788,1817,1675,1789,1204,1791,1634,1212,2125,1744,1203
"F10",0,0,0,0,0,0,0,0,0,0,0
"PLXND1",1485,1489,1918,1801,2252,1626,1572,1351,2044,1988,1291
"IFNK",0,0,0,0,0,0,0,0,0,0,0
"CLPTM1L",2412,2645,2486,2679,2254,1959,2865,2022,2818,2976,1883
"ZNF397",543,498,623,439,369,622,578,521,541,554,435
"LEF1",273,346,432,352,458,245,451,264,271,412,207
"DEFA4",0,0,0,0,0,0,0,0,0,0,0
"TRO",0,0,0,0,0,0,0,0,0,0,0
"RP11-113D6.6",1,0,0,0,0,0,2,0,0,1,0
"CES1",1,0,0,4,1,4,1,1,1,0,2
"AL031590.1",0,0,0,0,0,0,0,0,0,0,0
"ARMC3",0,0,0,0,0,0,0,0,0,0,0
"RSPH6A",0,1,0,0,0,0,0,0,2,0,4
"ICAM3",192,225,183,188,145,148,176,147,209,193,117
"MMP27",0,0,0,0,0,0,0,0,0,0,0
"ZNF266",175,160,175,108,62,121,154,107,109,148,118
"VPS37C",781,959,1051,1127,1094,636,994,801,912,1244,881
"THEGL",0,0,0,0,0,0,1,0,0,0,0
"BICC1",629,817,791,629,526,737,868,493,585,529,304
"TFPI",3,1,6,3,1,2,2,5,2,3,3
"EFCAB13",5,3,16,2,8,8,13,7,5,6,7
"SLC4A5",18,12,14,17,11,16,11,14,23,18,17
"PDE1C",35,34,60,57,52,51,73,42,96,88,46
"RPLP0",46465,50345,41555,52873,32951,42444,45817,38467,55465,49083,37185
"P4HB",22954,25573,20990,26845,20885,20145,23129,18996,29049,27966,18954
"R3HDM2",1289,1368,1892,1214,1560,1448,1707,1307,1319,1799,1033
"CDC42EP4",2234,2107,2515,2283,2351,2056,2333,1775,2331,2378,1445
"CCL23",0,0,0,0,0,0,0,0,0,0,0
"LY75-CD302",0,0,0,0,0,0,0,0,0,0,0
"DMRT2",0,0,0,0,0,0,0,0,0,0,0
"BANF1",6199,6819,5919,6562,5216,5172,6523,4785,5934,6598,4189
"UBE2D2",1992,2442,2183,2652,1933,1840,2276,1720,2735,2554,1729
"DUSP8",52,90,41,167,130,48,72,71,165,192,144
"TGIF2-C20orf24",0,0,0,0,0,0,0,0,0,0,0
"ARHGEF5",520,595,673,562,527,510,617,556,646,851,551
"HNRNPK",34768,40473,39157,40989,31969,34218,44170,28209,41576,46980,27574
"DGKH",984,970,923,979,654,1047,1170,621,1088,1104,893
"CCNT1",3295,3362,3245,3336,2289,3595,3310,2265,3814,3401,2353
"RNASE3",0,0,0,0,0,0,0,0,1,0,0
"TMSB4Y",0,0,0,0,0,0,0,0,0,0,0
"AC008132.13",0,0,0,0,0,0,0,0,0,0,0
"NFS1",1369,1472,1723,1174,1279,1270,1911,1101,1252,1447,803
"SPATA22",0,0,0,0,0,0,0,0,0,0,0
"TNFRSF10C",74,73,97,82,109,64,83,57,129,146,75
"DOK3",425,526,285,374,263,281,387,263,405,276,288
"AP000758.1",0,0,0,0,0,0,0,1,0,0,0
"RP11-276H1.3",0,0,0,0,0,0,0,0,0,0,0
"PNMA3",0,0,0,0,0,0,0,0,0,0,0
"AOC2",85,82,99,91,87,82,95,76,120,174,108
"NPPA",0,0,0,0,0,0,0,0,0,0,1
"FPR1",2,3,4,7,4,9,5,9,2,6,2
"KIAA1045",0,0,0,0,0,0,0,0,0,0,0
"NCALD",4,9,4,2,2,7,7,5,4,5,5
"SCAF8",2241,2713,2465,2812,1903,2339,2560,2022,2887,3147,2120
"AC092291.2",0,0,0,0,0,0,0,0,0,0,0
"CDH7",4,14,6,7,0,13,8,4,13,9,13
"COX15",2607,3012,2864,2855,2134,2369,3092,2293,3006,3274,2228
"TMEM256-PLSCR3",1680,1830,1773,1963,2042,1243,1985,1350,1792,2354,1451
"ALYREF",7619,8597,7277,10973,8478,6909,9617,7083,9914,10949,7066
"INPP1",276,245,287,258,223,245,360,205,277,384,218
"RASEF",860,1072,1002,1331,787,1108,1114,796,1480,1508,1028
"OR4C12",0,0,0,0,0,0,0,0,0,0,0
"LCN6",0,0,0,0,0,0,0,0,0,0,0
"SLC9A9",42,40,45,21,24,44,50,38,23,34,18
"AE000662.92",1,2,0,0,0,3,2,0,3,1,1
"ASTN2",86,83,99,48,74,71,86,53,56,74,39
"UBE2G2",3440,3875,3511,3784,3244,3004,4084,2960,4068,4360,3207
"MAP3K7CL",4,2,1,1,1,5,4,6,2,5,4
"AP1M2",3069,3303,3502,3255,3069,3012,3793,2904,3995,4777,2780
"POLR3D",1502,1460,1777,1598,1484,1266,1841,1172,1500,1961,1126
"IL26",0,0,0,0,0,0,0,0,0,0,0
"SOS2",1320,1072,1484,965,932,1469,1577,1176,1482,1603,1015
"ELFN1",5,2,1,12,10,5,11,4,7,13,6
"CA3",10,4,5,1,8,6,2,4,1,5,4
"SPAG1",663,794,664,852,532,667,780,528,913,932,672
"HS2ST1",1534,1478,1519,1431,1081,1756,1477,1130,1483,1241,1012
"TMSB15B",24,22,15,27,14,34,23,24,44,20,20
"HBB",0,0,0,0,0,0,0,0,1,0,0
"WDR26",8838,8717,9454,8257,6739,9381,10400,7073,10687,11322,7372
"CHD4",15592,17499,17836,18359,13931,15214,18834,12573,17618,19325,13348
"CALHM2",776,751,803,778,890,699,727,696,941,828,575
"MRPL43",926,943,789,824,795,723,838,733,991,894,622
"CTAGE15",2,0,0,0,1,1,2,3,0,1,1
"PTPN11",13048,15421,16709,15648,12575,14350,18045,11668,16909,19586,11553
"DPY19L2",59,55,40,58,43,45,64,36,49,50,38
"MED22",2424,2836,2440,2918,2508,1828,2511,1916,2699,2943,2018
"ZNF543",264,255,205,229,162,248,243,176,262,220,163
"HAAO",14,16,16,22,17,8,9,14,21,38,21
"CYTH4",27,34,37,40,52,36,44,61,64,72,42
"KCNK3",17,48,22,107,131,28,31,26,91,97,73
"DARS2",5323,6204,7177,6628,5615,6151,7448,5724,7633,8172,5049
"ASIC4",1,0,0,1,0,0,0,0,0,0,1
"FFAR4",0,2,1,2,1,0,1,1,3,6,7
"MKRN1",1253,1319,1610,1414,1340,1309,1735,1254,1806,2061,1273
"PPIAL4C",1,0,0,0,0,1,0,0,0,0,1
"RP11-597K23.2",0,0,0,0,0,0,0,0,0,0,0
"CD3E",0,0,0,0,0,0,0,1,0,0,0
"ZSCAN25",539,727,568,704,555,513,625,468,692,834,491
"PRED60",0,0,0,0,0,0,0,0,0,0,0
"ZNF785",602,549,598,419,406,508,569,395,521,608,443
"DDX50",2181,2414,2833,2480,1843,2211,2913,2073,2654,2890,1973
"PCDHGA3",0,0,1,0,0,0,0,0,0,0,0
"UBE4B",5178,5307,6321,5460,5056,5173,6399,4284,6023,6846,3946
"TTC12",366,444,515,381,308,421,470,370,387,379,305
"RRM2",13930,17292,14074,19547,12217,10982,17710,10055,18860,20921,12468
"ATXN3",422,464,531,434,406,492,569,378,541,576,327
"CYP3A43",0,0,0,0,0,0,0,0,0,0,0
"RPL22",12994,14225,12307,14381,9717,13794,13528,10830,14816,14085,10409
"SLAMF9",1,7,2,4,4,2,2,7,16,19,11
"CAPZB",8633,9704,9750,10008,8338,8472,10326,7568,10444,12440,7715
"TRIM23",479,488,532,420,314,538,537,306,501,475,318
"MUC21",2,0,0,1,0,1,0,0,0,0,0
"OTOP2",0,0,0,0,0,0,0,0,0,0,0
"S1PR5",3,1,1,2,2,1,2,1,1,1,1
"TUBA1A",423,458,450,580,449,493,581,377,840,813,536
"HMOX1",79,82,77,143,73,76,91,69,134,295,113
"NUP37",2172,2512,2031,2452,1365,2052,2294,1894,2664,2246,1839
"RAB13",3692,3964,3704,3786,2792,3969,3915,3366,3938,3804,3146
"ZSCAN30",699,641,746,598,504,790,817,606,826,937,707
"MEN1",2381,2244,2525,1649,2155,1909,2458,1638,1770,2071,1149
"CYP2C19",0,0,0,0,0,0,0,0,0,0,0
"HSPE1",1108,1114,797,1111,469,805,928,701,1310,919,710
"SVIP",511,552,447,562,401,454,478,392,571,516,408
"TAF6",2086,2303,2508,2122,2576,1995,2539,1867,2160,2751,1582
"C1D",917,1043,585,987,372,998,608,690,1042,590,730
"KIAA0020",3398,4273,4633,4865,3537,3364,5193,2910,4654,5805,3437
"CTB-54O9.9",0,0,0,0,0,0,0,0,0,0,0
"POFUT2",577,614,547,546,418,560,571,470,639,536,378
"DUSP5",763,630,834,1080,1127,614,917,609,1502,1682,991
"UGT2B11",0,0,0,0,0,0,0,0,0,0,0
"SIPA1L1",2118,2789,2877,2732,1987,2565,3284,2141,2783,3381,2045
"ABHD8",172,197,239,172,229,208,244,230,209,246,140
"GAREML",84,86,126,136,217,88,139,103,131,157,95
"RBP4",5,1,5,12,10,1,2,3,12,13,4
"RPS26",7362,7541,5460,7906,4918,5821,6660,5213,8109,7203,5321
"VPS37A",1255,1420,1412,1502,1199,1303,1561,1149,1695,1895,1152
"CHDC2",0,0,1,0,0,0,1,0,0,0,1
"OR5L2",0,0,0,0,0,0,0,0,0,0,0
"THAP2",218,131,200,110,115,184,177,118,185,221,99
"ZFP90",1476,1253,1674,942,831,1484,1540,1182,1263,1258,911
"EDARADD",162,198,149,188,162,117,187,140,227,220,120
"ITM2B",2747,2949,2427,2638,2072,2927,2654,2457,3048,2471,1812
"SYS1",798,1025,744,977,652,773,849,639,1018,877,590
"PELP1",5769,6330,6357,6534,6726,4528,6410,4662,5491,6694,4878
"KIF1C",10675,12065,12901,11948,13560,9326,13048,9433,12149,14631,9602
"ZNF675",533,556,556,569,303,598,623,494,703,626,491
"DKFZP779J2370",3,9,4,8,13,17,8,13,7,14,9
"SPANXB2",0,0,0,0,0,0,0,0,0,0,0
"HIST2H2BF",63,62,44,68,25,10,28,13,58,60,28
"C12orf36",40,44,46,43,42,72,66,57,112,182,90
"SLC19A1",1094,1488,1074,1591,1653,776,1125,970,1349,1143,882
"PLEKHM2",2440,2751,2817,2697,2674,2371,2862,2356,2986,3351,2129
"TPPP",11,14,21,12,23,16,16,22,24,31,17
"CSE1L",18033,19972,21459,19855,15850,17286,23615,14364,21546,23099,13040
"SCRN3",366,409,460,377,302,361,490,302,410,396,302
"OR2G2",0,0,0,0,0,0,0,0,0,0,0
"SLC8A1",352,483,354,379,237,353,460,390,314,269,267
"SPERT",2,2,7,3,3,3,9,1,4,2,3
"NCCRP1",6,1,5,0,6,1,1,4,5,6,8
"LIPG",2328,2597,2077,3079,1960,2366,2629,1951,3801,3853,2648
"THEM5",1,0,1,2,1,0,0,1,0,0,1
"NAA11",0,0,0,0,0,0,0,0,0,0,0
"WIF1",0,0,0,0,0,0,0,0,3,1,0
"IL1RL2",0,2,0,0,0,0,0,0,0,0,0
"RAVER2",911,1091,1113,832,712,990,1131,798,907,906,541
"CTTNBP2NL",1275,1365,1510,1409,1131,1390,1710,1047,1714,1866,1172
"ALDH8A1",5,2,6,2,4,7,6,3,6,3,10
"TFAP2E",35,19,21,36,26,20,22,11,39,50,21
"AC099344.1",0,1,0,0,0,0,0,0,0,0,0
"SOX17",0,0,0,0,0,0,0,0,0,0,0
"PTPRR",36,77,40,93,39,87,58,68,136,120,96
"RP11-1085N6.3",2,0,0,0,0,0,0,0,0,0,0
"IL2RG",5,2,4,3,6,0,2,4,8,5,5
"NPIPA3",3,6,3,0,2,1,4,7,4,1,8
"ACACA",7622,9976,10060,9374,6795,10020,10166,8141,10384,10503,7319
"FAM214B",195,174,218,168,185,263,239,236,278,339,222
"MTCH2",5689,5886,5139,5724,4401,4841,5667,4413,6229,5885,4010
"AGXT",0,0,0,0,0,0,0,0,0,0,0
"NRN1",545,684,667,617,513,567,787,587,729,696,503
"GRAPL",0,0,0,0,0,0,0,0,0,0,0
"ICAM4",1,2,3,1,1,0,0,0,1,0,2
"CAPN3",23,11,18,8,6,22,16,23,12,20,14
"TRPM2",784,843,708,968,739,492,904,523,909,1128,714
"WASF2",10847,12680,14121,13521,11709,9725,13943,10005,12521,16438,10435
"DPPA2",0,0,0,0,0,0,0,0,0,0,0
"TMEM161A",593,644,679,631,815,531,608,535,604,563,372
"FRYL",961,981,1077,1191,734,1043,1248,821,1277,1452,903
"CCDC129",0,0,0,0,0,0,0,0,0,0,0
"RALYL",0,0,0,1,0,0,0,0,0,0,0
"NT5DC2",2545,2680,2539,2570,2850,2186,2857,2064,2798,2843,1759
"BTBD10",760,850,835,873,646,738,897,722,1133,1287,763
"UNC45A",4456,4420,5161,4350,4869,4051,5461,3593,4909,6018,3256
"AFP",10,8,2,4,1,0,8,0,4,4,5
"RBFOX3",0,0,0,0,0,0,0,1,1,0,0
"APCS",0,0,0,0,0,0,0,0,0,0,0
"KLHDC1",40,36,48,34,29,45,38,37,40,32,23
"ADAMTS12",5,10,0,3,3,5,10,3,5,8,4
"GP6",1,0,0,2,0,3,0,1,0,0,0
"SERHL2",25,23,27,28,27,25,23,22,53,64,46
"ZC3H18",8071,8266,8915,8810,9776,6279,9679,5667,7866,10563,6481
"ZC3H7A",1587,1857,1729,1707,1190,1653,1989,1437,2039,2323,1461
"HERC5",24,28,40,92,67,23,30,45,114,153,73
"SHROOM3",2982,3809,4169,3813,3455,3516,4042,3345,3884,4534,2928
"DUSP7",1321,1416,1359,1420,1472,974,1538,926,1342,1475,921
"EMC3",2247,2550,1656,2315,1257,2117,1965,1843,2645,2150,1745
"SPIDR",1711,1874,2307,1793,1653,2021,2041,1737,2093,2108,1441
"CAPN13",8,14,10,8,6,10,6,5,7,8,2
"KPTN",295,280,236,249,213,217,288,169,281,296,186
"ELOVL7",769,893,768,653,518,913,781,740,714,583,537
"TXN2",1714,2048,1899,1867,1646,1480,1961,1541,1824,1989,1163
"ATE1",1636,1824,1838,1804,1436,1600,1891,1289,1963,2026,1262
"SLC17A4",0,0,0,0,0,0,0,0,0,0,0
"PRAMEF2",0,0,0,0,0,0,0,0,0,0,0
"SLC25A51",253,289,293,289,216,299,284,211,348,313,204
"CR2",98,104,103,131,114,75,147,74,107,137,70
"EPHA4",15,21,9,31,15,13,10,9,27,46,25
"SLC11A2",1714,1922,1886,1636,1404,2170,1861,1800,2191,1753,1433
"TOM1",300,362,362,324,346,281,347,337,378,508,318
"CSGALNACT2",616,798,615,635,449,629,757,525,856,860,637
"LSMEM1",69,39,29,48,24,59,46,32,63,42,39
"IREB2",5819,6671,6532,6357,4510,6121,6764,4936,6636,6740,4421
"MOB3C",584,689,606,603,442,659,660,557,737,715,572
"DPP8",1467,1962,1718,1862,1158,1743,1769,1439,1963,1879,1424
"RIMS4",5,4,1,4,3,2,4,3,5,5,3
"MT2A",12861,14707,13886,13106,18778,13490,13533,10681,12580,10631,6649
"LGR6",7,1,2,7,4,6,2,3,0,16,6
"PLD4",1,0,0,0,0,0,0,0,0,0,0
"SEC23B",7396,7970,10047,7750,8210,7476,11146,7383,9304,12330,6397
"THOC5",1698,1922,1805,2012,1561,1383,2098,1270,2090,2277,1518
"INTS8",2353,2653,3234,2619,2367,2500,3649,2079,3127,3803,2005
"PKN2",4138,5063,4321,4621,3264,4400,4716,3464,5102,4763,3584
"MRPL22",1252,1430,1269,1523,857,1219,1385,1065,1620,1407,1034
"SGCA",0,1,1,0,0,0,0,0,0,0,0
"RPP25",2627,3134,2802,4109,3737,1960,3160,2195,3625,4271,2517
"CD207",9,13,13,13,10,17,9,13,17,14,7
"MAGEA2B",0,0,0,0,0,0,0,0,0,0,0
"ERI1",1651,2018,1927,1913,1506,1689,2219,1416,2150,1999,1341
"DNAH10OS",0,1,0,2,1,4,0,1,0,1,0
"PCBP1",14076,15768,16359,16061,15792,11960,16878,11754,16638,19114,11164
"AL359693.1",0,0,0,0,0,0,0,0,0,0,0
"DLGAP1",0,0,0,1,0,1,1,0,1,0,1
"PTGER3",1,1,0,0,1,0,1,0,1,0,1
"HDHD3",688,689,545,609,520,496,657,467,781,804,619
"KCNK12",0,0,0,1,0,0,0,0,0,0,0
"FAM71C",0,0,0,0,0,0,0,0,0,0,0
"NEB",9,8,3,14,5,12,7,3,12,13,5
"SLC25A11",2621,2863,2778,2923,2691,2121,3018,2159,2802,3329,1889
"TNFRSF10B",4334,4137,4339,4175,3223,4138,4560,3853,5021,4357,3499
"COL8A1",1703,1691,2188,1611,1482,2402,2274,2126,1497,1258,1085
"SRPX2",381,509,398,344,216,421,477,463,467,580,389
"HARBI1",234,214,204,228,156,168,240,186,268,275,192
"INSL4",2,2,2,3,1,1,1,5,4,2,0
"C1GALT1",740,849,717,774,593,896,810,646,993,818,642
"SAMD15",46,65,50,57,16,35,42,36,41,36,29
"UBL3",444,468,461,395,384,452,516,314,430,486,281
"CST6",42,38,21,90,57,26,31,38,96,79,55
"CLASRP",1611,1980,1761,1751,1852,1700,1655,1504,1759,1613,1539
"SLC26A1",6,2,3,3,8,1,8,5,4,5,0
"ABCA10",29,33,14,17,7,18,15,17,18,19,19
"TAMM41",755,834,874,774,751,710,882,630,839,837,622
"LINC00632",0,0,0,0,0,0,0,0,0,0,0
"CEP192",1864,2083,2029,1977,1189,2243,2120,1652,2312,2212,1584
"CNTD2",57,72,42,77,85,36,57,40,93,125,54
"DARS",4387,5095,5051,4815,3637,4383,5309,3801,5182,5301,3478
"DNMT1",8793,10673,10161,11365,9087,7474,11131,6347,9925,12575,7758
"CAPN7",2600,2762,2662,2675,1703,2385,2885,1929,2910,2895,1742
"OXA1L",3517,3723,3818,3643,3528,3097,3877,3026,3942,4011,2684
"KDM2A",6916,7967,7290,8231,6362,6559,7780,5489,8951,9550,6181
"PDE7A",660,727,645,671,528,745,673,503,819,654,498
"M6PR",3568,4226,3474,4642,3308,3464,3722,3073,4799,4480,3467
"OR4D1",0,0,0,0,0,0,0,0,0,0,0
"PELI1",257,231,304,237,232,334,280,203,331,270,201
"AMPH",0,1,0,0,0,0,0,2,0,0,0
"MYL9",25,45,30,47,37,35,36,29,42,59,44
"TMEM185A",401,405,413,468,395,434,444,350,509,431,371
"ZNF641",546,555,583,481,419,556,611,438,614,642,450
"COPS7B",1371,1470,1643,1414,1439,1288,1615,1162,1412,1690,1031
"MAN1C1",17,7,25,35,41,14,25,11,38,70,31
"KCNA2",0,0,0,0,0,0,0,0,0,0,0
"POMC",0,0,0,0,0,0,0,0,0,0,0
"DIRC3",0,0,0,0,0,0,0,0,0,0,0
"PCED1B",309,414,455,416,497,364,434,397,467,549,342
"IRX5",197,230,226,277,340,203,257,180,271,295,166
"CCDC27",0,0,0,0,0,0,0,0,0,0,0
"MEAF6",2192,2397,2137,1956,1667,2097,2229,1718,2039,2045,1507
"CASKIN2",820,972,788,892,810,611,827,613,781,959,636
"LEO1",1624,1820,1874,1759,1276,1500,1959,1211,1605,2039,1169
"FGF21",3,6,1,7,6,5,5,6,6,7,4
"LMX1A",0,0,0,0,0,0,0,0,0,0,0
"NT5DC4",53,67,72,117,112,105,75,83,273,307,158
"TNP2",0,0,0,0,0,0,0,0,0,0,0
"GOLGA8G",0,0,0,0,0,0,0,0,0,1,0
"SLC39A9",2329,2588,2442,2765,1843,2254,2380,2094,2584,2473,1819
"PRDM11",25,22,22,30,27,20,20,13,39,36,26
"AQP10",0,0,0,0,0,0,0,0,0,0,0
"PAQR5",1,1,0,0,0,1,3,4,1,0,2
"ADNP2",2071,2796,2473,2623,1880,2162,2725,1947,2575,2635,1814
"MAG",0,1,0,0,0,0,0,0,0,0,1
"HCST",2,4,2,11,3,4,2,5,2,1,13
"RP11-272B17.2",0,0,0,0,0,0,0,0,0,0,0
"OR8A1",0,0,0,0,0,0,0,0,0,0,0
"PCBP4",78,102,112,154,162,87,80,115,214,176,147
"SPRYD7",730,829,756,850,703,747,833,605,946,928,676
"COL7A1",8861,8669,6222,7374,5771,7424,7448,6121,9388,8385,8476
"GRK4",54,52,52,50,45,55,86,38,59,45,22
"NBPF8",1,0,2,2,0,1,2,1,2,1,1
"REXO1L11P",0,0,0,0,0,0,0,0,0,0,0
"LRRC1",1148,1117,1267,1151,1135,1151,1331,1020,1445,1490,934
"GAD2",0,0,0,0,0,0,0,0,0,0,0
"C4orf17",0,3,0,4,0,0,1,0,3,3,2
"PSTK",105,129,91,130,59,99,120,98,128,132,81
"OR5AK2",0,0,0,0,0,0,0,0,0,0,0
"C20orf197",0,0,0,0,0,0,0,0,0,0,0
"CCRL2",0,0,1,0,0,0,0,0,0,0,0
"FAM50B",340,353,350,368,472,302,392,311,369,424,289
"PPAN",61,74,63,80,94,50,79,59,78,61,46
"RP11-762I7.5",0,0,0,0,0,0,0,0,0,0,0
"KRTAP19-8",0,0,0,0,0,0,0,0,0,0,0
"TLDC1",965,1273,1082,1094,801,980,1317,997,1303,1531,994
"CAMLG",926,913,833,875,689,917,790,708,976,750,608
"ANGPT4",0,0,0,0,1,0,0,1,0,0,0
"SETD1B",2213,2395,2409,1756,1902,1898,2394,1704,1637,1929,1282
"MSANTD1",15,13,4,13,10,3,9,0,12,20,7
"FAM132A",9,8,8,6,6,10,6,16,8,8,6
"SORT1",1916,2050,1732,1877,1289,2021,1702,1623,2298,2016,1396
"STK33",2,0,0,0,0,0,0,0,1,1,1
"SLC50A1",1068,1064,1261,1078,1171,1269,1234,1196,1481,1507,1024
"MYOM3",2,2,6,6,6,2,3,3,8,9,3
"TFAP2C",2381,2988,2815,2903,2274,2341,3014,2109,2707,2849,2042
"PSG9",0,0,0,0,0,1,1,1,1,0,0
"NR2F2",1730,1914,2015,1988,2267,1607,2070,1338,1912,2220,1349
"UBQLN2",2105,2231,2569,2078,2316,1933,2743,1747,2290,2990,1463
"TUBA1C",26334,30209,27600,31976,24979,21848,31184,21220,34571,36290,23881
"IGSF22",0,0,0,0,0,0,0,0,0,0,0
"ARFGAP3",897,845,1023,875,783,941,1083,833,1183,1497,922
"MED13L",2380,2781,2837,2871,2322,2720,2927,1998,3074,3220,2025
"TSTD1",316,307,331,272,311,435,276,459,425,280,299
"PMVK",347,347,423,415,437,352,438,316,377,484,267
"AP2M1",11104,12182,11682,12265,9964,9749,12541,8883,13713,14851,9319
"B4GALNT1",869,855,735,1130,932,732,761,693,1166,1124,852
"MRPL50",1820,1935,1580,1980,1141,1750,1627,1515,2183,1707,1474
"UBXN1",3636,3964,3686,4028,3833,3116,3871,3090,3641,3936,2840
"FAM205A",0,0,0,0,0,0,0,0,0,0,0
"SMARCD2",4704,4606,5546,4721,5574,3852,5600,3994,4671,5686,3324
"FOXI1",78,93,59,86,64,57,50,69,62,63,50
"TMEM204",0,0,0,0,0,0,0,1,0,0,0
"C16orf93",196,194,131,140,138,193,191,134,199,172,143
"TRAPPC5",7,10,9,11,19,15,12,12,12,14,1
"TRIM64C",0,0,0,0,0,0,0,0,0,0,1
"KPNB1",27366,34106,29679,34180,22167,25528,34887,20537,33694,37245,22959
"SLC23A1",13,11,20,9,15,17,20,11,7,11,14
"PPP1R9A",533,585,695,552,461,755,579,478,637,577,423
"C16orf97",0,0,0,0,0,0,0,0,0,0,0
"STT3A",7549,8187,7339,8056,6636,6988,8174,6084,8897,9085,5680
"ZNF84",680,678,724,645,374,672,739,532,846,766,580
"SIPA1L3",1292,1263,1597,1302,1724,998,1469,1029,1276,1717,910
"TIGD6",122,141,126,119,77,82,169,114,114,143,88
"ENPEP",0,0,1,1,0,1,2,1,1,1,1
"PANX3",0,0,0,0,0,0,0,0,0,0,0
"GJD4",0,0,0,0,0,0,0,0,0,0,0
"RP11-706O15.1",122,204,184,188,165,146,227,119,211,216,136
"PKP3",3248,3869,3445,4048,3768,2477,3552,2736,3933,4384,2735
"HBE1",0,1,0,0,0,0,0,0,0,0,0
"PAWR",3622,3771,3930,3830,3586,3514,4254,2783,4142,4174,2849
"MTAP",0,0,0,0,0,0,0,0,0,0,0
"LINGO4",0,0,0,0,2,4,0,1,0,1,1
"FAM53B",729,887,984,825,1059,650,1041,755,769,961,509
"F8A3",30,32,36,22,25,28,58,23,48,47,24
"OR2M3",0,0,0,0,0,0,0,0,0,0,0
"RP11-812E19.9",0,0,0,0,0,0,0,0,0,0,0
"GOLGA8F",0,0,0,0,0,0,0,0,0,0,0
"ALKBH2",591,543,578,790,726,467,683,415,896,890,595
"ARHGAP44",12,13,18,16,23,13,23,14,19,20,11
"LRRC36",0,0,0,0,0,0,1,0,0,0,0
"PTPN7",1,1,0,0,0,0,0,0,0,0,0
"RHOQ",1147,1307,1363,1310,985,1343,1253,1200,1437,1152,980
"KLHL31",64,53,73,46,28,61,60,60,46,57,58
"BASP1",670,758,939,823,850,679,867,597,728,774,510
"GSPT1",11665,13697,14028,15016,11379,11003,16086,9854,15663,18244,10861
"AP000304.1",0,1,0,0,0,0,0,0,1,1,1
"USP22",8961,10425,10896,11018,10029,8090,11224,7339,10613,12282,7222
"C12orf45",321,466,285,448,191,265,326,277,483,362,322
"C10orf71",0,0,0,0,0,0,0,0,0,0,0
"MIS18BP1",3761,4101,4428,4571,2685,3955,4454,3372,4737,4512,3479
"TENM3",1627,1730,1479,1455,990,2079,1685,1439,1581,1258,981
"TOR1AIP1",1594,1895,1623,1880,1160,1853,1978,1559,2581,2172,1828
"SNRPB2",3964,4769,4055,4902,2985,3769,4491,3339,4550,4606,3186
"CECR2",0,0,2,1,0,1,2,0,2,3,1
"SLC12A5",0,0,0,0,0,0,0,0,0,1,0
"DLST",5214,6130,6181,6269,4976,5086,6547,4598,6794,7789,4768
"ZNF438",125,137,173,137,77,130,196,103,160,158,103
"OR4F21",0,0,0,0,1,1,0,0,0,0,0
"DSTN",15099,16263,15093,15161,11191,15815,16478,12970,19089,16627,11706
"RNASE2",0,0,0,0,0,0,0,0,0,0,0
"SOX9",6004,5903,6210,6559,7566,5684,6432,4298,7033,8333,4928
"MGME1",2938,3233,3060,3056,1943,3137,3450,2623,3585,3384,2470
"KDM6A",1258,1563,1420,1570,1028,1387,1594,1113,1902,1835,1286
"RALGAPA1",808,885,862,843,536,842,906,658,921,991,587
"SYPL2",0,0,1,2,1,0,0,0,2,4,1
"SULT1A1",859,725,914,869,882,888,736,821,1285,1230,1055
"AFF2",0,2,0,0,0,0,2,0,0,1,0
"TINF2",751,791,918,918,710,745,983,738,1001,1286,770
"IZUMO2",0,0,0,0,0,0,0,0,0,0,0
"DNA2",1054,1203,1161,1203,803,1120,1171,917,1446,1210,915
"RP11-529K1.3",0,0,0,0,0,0,0,0,0,0,0
"SPRR3",0,0,0,0,0,0,0,0,0,0,0
"ACTN4",21330,24190,25286,24726,25799,20947,26490,20802,27990,33535,22401
"GULP1",691,728,704,535,467,854,770,618,826,831,487
"USP3",588,618,762,760,575,659,807,589,849,903,606
"NPTX1",1,2,1,2,4,0,0,0,3,2,1
"PGA5",0,0,0,0,0,0,0,0,0,0,0
"SPSB3",453,437,498,360,516,400,445,396,464,500,361
"CD8B",0,0,0,0,0,0,0,0,0,0,0
"SLC10A2",0,0,0,0,0,0,0,0,0,0,0
"ITGA8",0,0,0,0,0,1,0,0,0,0,0
"BLNK",1,2,3,2,3,0,4,1,6,4,5
"C6orf211",2228,2502,2364,2385,1747,2563,2578,1967,2852,2546,1780
"USP13",2350,2896,3037,2589,1968,2555,3099,2114,2513,2597,1786
"DYNLL2",5446,5820,6322,5784,5895,5359,6342,4150,5602,6887,4230
"MSGN1",0,0,0,0,0,0,0,0,0,0,0
"KCNK6",33,53,45,38,60,45,46,46,68,94,84
"M1AP",3,2,7,2,3,3,8,4,7,2,5
"ESD",1706,1919,1954,2015,1333,1872,2070,1614,2454,1954,1412
"CLPSL2",3,7,4,5,5,6,6,8,5,3,3
"GALNT16",5,3,3,5,3,5,1,3,2,7,4
"AC074389.6",0,0,0,0,0,0,0,0,0,0,0
"IRX2",1043,1222,1095,1223,1183,855,1073,798,1169,1187,757
"MYH9",21197,27760,23832,31959,25595,20186,29165,18821,31671,43496,26117
"SYNE3",72,52,81,51,113,71,82,76,75,73,39
"LMO2",2,5,5,7,3,2,8,5,9,12,1
"C6orf195",3,6,9,3,2,1,2,5,1,2,0
"UBE2E1",4574,5003,4364,4588,3634,4919,4829,3682,5657,4687,3720
"DRD5",0,0,0,0,0,0,0,0,0,0,0
"PAK2",11165,13129,13032,13909,10837,11167,14712,9270,14591,16075,10372
"GUCY2D",9,7,4,6,15,2,7,16,9,7,5
"SEZ6L",0,0,0,0,0,0,0,0,0,0,0
"ATAD2",8257,10170,9691,11430,6850,8890,11057,7477,11483,12345,8176
"EGFL8",166,132,104,98,99,145,102,106,107,96,110
"APTX",805,930,882,997,713,790,963,721,1054,1098,739
"SLIT2",2725,2964,2470,2777,1775,2645,2609,1713,2270,1637,1239
"CAPN8",1390,1047,1225,1265,1255,1563,1178,992,2311,2071,1665
"FAM63A",172,131,197,113,151,154,185,142,137,181,90
"RBP3",0,1,0,0,0,1,0,2,0,1,0
"ANP32D",0,0,0,0,0,0,0,0,0,0,0
"YARS",7428,8610,8404,8945,6924,7318,9559,6659,9176,9833,6217
"EXTL3",1779,1998,2084,1995,1927,1749,1987,1745,2444,2133,1582
"C1QTNF5",0,0,0,0,0,0,0,0,0,0,0
"PUS7L",1810,2044,1816,2263,1331,1783,2062,1402,2523,2213,1834
"SLC27A5",251,258,277,286,207,274,262,239,296,241,187
"NEK6",959,1097,1189,1097,1178,1015,1185,952,1116,1008,734
"SRSF4",4954,5702,6496,5742,6573,5146,6372,4515,5609,6813,4389
"INTS10",2977,3328,3388,3483,2440,2680,3840,2411,3717,3916,2469
"FAM200B",613,634,466,580,383,647,517,465,766,478,400
"ACSL3",10062,10882,11515,12233,9316,12447,11345,11223,17127,13612,11422
"C17orf66",0,0,0,1,0,0,0,0,0,0,0
"C14orf1",2012,2214,2509,2185,2520,2030,2670,1920,2490,2569,1530
"OR4F16",0,0,0,0,0,0,0,0,0,0,0
"ALAS2",0,0,0,0,0,1,0,0,0,0,0
"BAG6",11833,14007,14047,14686,15154,10832,14617,10716,13587,16388,9695
"HELT",0,0,0,0,0,0,0,0,0,0,0
"KRTAP9-3",0,0,0,0,0,0,0,0,0,0,0
"DYNAP",3,5,2,4,4,5,3,3,14,9,11
"ATXN1",1389,1382,1378,1311,1282,1524,1386,1072,1459,1571,1049
"SUPT5H",5295,5957,5752,6182,5325,4556,6277,4181,6583,8084,5017
"SMARCD3",140,129,191,184,261,177,130,170,243,272,222
"SLBP",3535,4544,3779,5026,3655,3238,4387,3023,4671,4679,3358
"PRPS1",1524,1788,1654,1625,1386,1396,1839,1400,1844,2067,1273
"FBLN2",0,1,4,0,5,1,1,0,0,2,0
"MCAM",7500,9223,7881,8895,6780,8335,8172,7982,9817,8592,6907
"ISCA1",1598,1833,1535,1921,1185,1468,1603,1226,1892,1749,1195
"FLJ00418",28,9,12,17,3,9,18,7,17,23,6
"CXorf56",890,1033,832,922,577,831,987,582,922,969,639
"RPL39",7177,7832,4729,8010,3413,8014,5710,6053,9849,6501,5763
"ZNF534",0,0,0,1,0,0,0,0,0,1,0
"OR7E24",0,0,0,0,0,0,0,0,0,0,0
"TMEM78",0,0,0,0,0,0,0,0,0,0,0
"FAM227A",97,60,82,40,37,112,79,67,51,54,43
"PARP10",167,196,258,194,252,193,256,185,208,303,140
"FAM35A",1757,2034,1669,2058,1199,1600,1889,1367,2013,1818,1284
"YDJC",851,1131,965,1324,1242,563,1073,754,1033,1197,693
"ATP6C",0,0,0,0,0,0,0,0,0,0,0
"TDO2",0,2,2,2,1,0,4,0,1,1,0
"NPC1L1",1,0,2,1,4,2,1,3,1,3,5
"RP11-57H12.6",0,0,0,0,0,0,0,0,0,0,0
"KIF21B",72,110,113,77,122,97,132,113,66,90,67
"NXT1",1263,1502,1108,1518,1044,1055,1295,1092,1660,1483,1102
"POLE3",7077,8449,6854,8746,5510,5979,7439,5553,7213,7099,5356
"BCL2L10",0,1,0,1,0,0,0,0,0,2,0
"ITSN1",1519,1657,1819,1790,1470,1596,1905,1350,1912,2252,1454
"NUDT9",791,719,864,646,622,733,917,577,768,809,446
"GREB1",11,8,10,7,9,9,6,8,13,7,8
"TRPS1",2944,3683,3703,3311,2471,4383,3185,2763,3785,2645,2123
"SDHAF2",382,399,337,453,235,264,358,299,484,447,346
"LCA5",141,132,187,76,47,175,166,109,99,80,63
"RPAP2",1824,1861,1867,1960,1120,1731,2084,1334,2044,2081,1408
"EEF1A2",4363,4029,4216,5160,5229,3604,4681,3293,6443,7402,4227
"SPN",0,0,0,0,0,0,0,0,1,2,1
"TTF1",1183,1454,1263,1504,905,956,1427,904,1428,1573,1191
"ERVFRD-1",0,0,0,0,0,0,0,0,0,0,0
"CYB561A3",1271,1387,1258,1246,1403,974,1302,955,1265,1305,743
"PDK4",242,258,507,142,259,393,416,284,272,281,177
"HUG1",0,0,0,0,0,0,0,0,0,0,0
"RMDN1",1606,1772,1887,1516,1134,1553,1762,1543,1935,1635,1266
"PRR19",84,95,85,93,91,81,104,65,95,119,65
"ADH1A",0,1,0,1,0,0,0,0,0,0,0
"SNX18",426,460,411,502,417,352,550,324,525,624,349
"ADCY7",2237,1891,2420,2319,2685,1896,2561,1843,3224,3580,2237
"WDR20",726,750,722,816,654,733,837,538,1013,951,632
"LZTFL1",526,500,645,526,387,558,660,453,522,556,311
"PEX6",1219,1074,1444,980,1448,978,1576,910,1069,1620,701
"PPP1R13L",1002,942,1072,997,1411,824,1044,839,1139,1588,967
"LRRK1",1338,1471,1750,1364,1485,1354,1746,1271,1636,1986,1231
"PLCL2",99,107,86,90,46,58,96,63,83,80,55
"SLC6A6",3580,3546,3486,4034,3814,3150,3424,3155,4294,3597,3587
"PLEKHM3",136,130,123,99,67,116,115,106,101,125,79
"CD40",0,1,1,1,0,0,0,0,2,2,0
"RGAG4",0,0,0,0,0,0,1,1,3,0,2
"WNT5B",33,73,49,73,74,56,53,60,84,88,54
"OR10D3",0,0,0,0,0,0,0,0,0,0,0
"FBXO10",67,78,64,58,49,67,78,66,62,84,56
"KPNA3",4155,5173,4223,5108,3702,4377,4957,3463,5614,5022,3461
"IRF2",1062,823,1242,827,1026,1053,1157,857,1115,1241,769
"RABAC1",580,605,541,654,715,593,516,564,811,741,466
"FAM169B",0,0,0,0,0,0,0,0,0,0,0
"SPTBN5",24,18,7,35,35,27,30,12,50,96,44
"OR12D2",0,0,0,0,0,0,0,0,0,0,0
"TUBB3",3995,4465,3999,5520,5490,3089,4841,3016,6321,7514,4007
"WDR72",0,0,0,0,0,0,0,0,0,0,0
"ZFP2",4,0,1,3,0,0,4,5,3,2,4
"MTRR",1341,1437,1430,1403,1176,1167,1547,941,1598,1716,1073
"PIEZO1",10561,12075,9861,12254,12664,8464,10151,8100,12317,11621,8589
"GALR1",0,0,0,0,0,0,0,0,0,0,0
"GLYATL2",0,0,0,0,1,1,1,0,0,2,1
"UNC79",15,15,16,14,7,5,16,3,15,8,3
"DUX4L4",0,0,0,0,0,0,0,0,0,0,0
"TPP2",3544,3851,4089,3763,2606,3905,4724,2941,4358,5091,3048
"SUPT4H1",1486,1842,1322,1568,1101,1462,1383,1117,1717,1510,1079
"GABBR2",0,0,0,0,0,0,0,1,0,1,0
"CYB5R4",1563,1882,1394,1809,966,1515,1510,1304,2117,1713,1351
"GATA2",167,207,155,282,223,132,149,125,222,267,158
"KRTCAP2",2,2,4,2,2,6,2,0,1,1,1
"MYL3",0,0,0,0,0,0,0,0,0,0,0
"MAGT1",4581,4959,3529,4957,2634,4289,3663,3411,5551,4382,3739
"CLIC3",37,35,41,33,80,27,33,34,70,95,33
"LENG8",4952,4775,4285,3402,4309,4160,4123,4059,4371,4476,4678
"SERGEF",270,212,360,222,243,308,342,310,294,305,184
"PHF6",3220,3107,3879,2718,2819,3412,4020,2549,3258,3486,2138
"C8orf76",50,63,40,48,18,45,45,39,75,39,35
"UBA2",6054,6884,6903,7557,5329,5904,7719,5208,7636,7869,5268
"ZNF738",270,226,241,176,240,265,215,209,197,196,175
"ZHX2",772,786,863,1012,922,755,931,619,1150,1466,767
"ZNF596",177,157,116,115,69,143,113,113,152,111,109
"NRSN1",0,0,0,0,0,0,0,0,0,0,0
"AC011755.1",0,0,0,0,0,0,0,0,0,0,0
"C1orf170",2,7,5,2,0,2,2,2,9,4,11
"JPH2",1265,1278,1587,1216,1278,1230,1419,1276,1272,1555,1077
"C18orf56",48,60,66,59,56,61,46,74,78,59,44
"ANKRD22",339,250,260,272,273,358,338,328,467,462,373
"PENK",0,0,0,0,0,0,0,0,0,0,0
"DEFB115",0,0,0,0,0,0,0,0,0,0,0
"TUSC5",0,0,0,0,0,0,0,0,0,0,0
"NFKBID",212,216,155,177,155,188,156,163,210,197,190
"HDAC5",371,417,506,362,562,468,473,427,453,496,273
"AC017028.1",0,0,1,0,0,0,1,0,0,0,0
"EPHB3",337,294,259,396,306,364,225,287,536,396,291
"TRPM6",1,5,5,5,2,2,1,3,2,2,1
"ZNF790",177,125,163,113,91,152,191,93,153,164,98
"CYP4B1",121,88,171,85,121,154,98,98,110,92,45
"ASMT",0,0,0,0,0,0,0,0,0,0,0
"SLX4IP",384,396,519,354,292,375,462,333,438,489,326
"LBH",23,32,29,69,42,27,22,16,76,96,39
"KIAA1731",984,1014,925,934,503,1089,947,826,1178,895,883
"FABP4",1,0,1,3,0,1,0,2,0,1,0
"AHRR",86,109,125,112,103,77,103,92,125,146,90
"XRCC5",21382,24182,24143,26761,17104,20135,26504,18120,27442,29300,18684
"EIF1AY",0,0,0,0,0,0,0,0,0,0,0
"LPAR6",1,0,0,0,0,0,1,0,0,2,0
"C3orf84",0,0,0,0,0,0,0,0,0,0,0
"PSME2",2488,2840,2545,2510,1702,2286,2800,2190,2363,2634,1791
"FBLL1",1,0,2,2,4,3,1,5,4,5,0
"NBPF15",296,318,294,330,177,306,286,246,285,335,262
"GALNT6",1980,2055,2364,2029,1971,1978,2449,2017,2531,2748,1911
"EXOSC4",444,514,472,471,604,330,594,329,501,655,306
"C14orf2",1388,1393,967,1307,776,1368,1079,1112,1673,1067,1035
"PSKH1",1474,1553,1726,1529,1524,1321,1687,1481,1641,1672,1112
"FOXD4L4",0,0,0,0,0,0,0,0,0,0,0
"SP5",29,24,45,34,59,25,30,27,54,49,21
"GALNT7",2229,2522,2149,2595,1640,2122,2379,1797,2885,2715,2112
"KIF22",4931,5709,5311,5580,4955,3927,5514,4117,5219,5752,4042
"COPB1",5230,5859,5698,5891,4078,5543,6490,4851,7080,7159,4773
"CSN3",0,0,0,0,0,0,0,0,0,0,0
"TTC18",13,13,18,12,0,16,21,14,12,15,11
"RASGEF1B",63,84,94,99,88,53,101,65,122,103,70
"NXPE3",997,1040,1186,718,718,1125,1216,920,981,952,627
"ZP3",108,118,152,115,138,105,151,135,184,159,120
"SERPINB6",2190,2677,2830,2801,2468,2671,3193,2728,3883,4576,2872
"DCUN1D1",2213,2445,2121,2023,1656,2237,2215,1691,2491,2040,1579
"CCDC88B",77,53,65,72,101,68,64,85,147,148,111
"ITPRIPL2",3523,3190,3700,2973,2841,4113,3788,2445,3617,3672,2241
"CASP16",0,0,0,0,0,0,0,0,0,0,0
"PM20D2",2737,2721,3116,2569,2431,2775,3285,2001,2924,2713,1736
"SPOCK2",22,27,18,25,12,14,11,23,18,16,21
"VWC2L",0,2,1,0,2,1,2,2,0,3,1
"HEPN1",0,0,0,1,0,1,0,1,0,0,0
"PCDHGB3",2,2,4,5,5,6,8,1,9,7,7
"OBP2B",5,4,2,7,6,10,0,3,7,0,0
"UGT8",1322,1395,1342,1259,1027,1335,1405,1070,1339,1194,855
"RPLP1",21805,25000,19266,26696,17772,18697,20211,17804,27018,23099,17038
"DGKB",1,0,0,0,0,2,0,4,0,2,0
"AC022498.1",1,1,1,0,0,2,2,1,0,0,3
"BCL6B",1,0,2,0,2,0,0,3,1,1,1
"ZNF627",327,267,252,272,154,300,225,239,316,245,194
"DIRC2",608,695,618,544,554,623,635,578,662,590,405
"KLF7",1994,2235,2438,2150,1798,2231,2734,2010,2646,2795,2152
"CALB1",15,14,13,8,7,24,17,10,38,32,37
"PTGS1",279,319,248,331,276,314,281,244,372,264,225
"RP11-347C12.3",24,13,32,22,22,21,30,22,33,34,27
"KRTCAP3",538,616,659,690,743,604,586,599,814,581,577
"RSL24D1",1923,2106,1579,2269,1394,2005,1722,1595,2415,1683,1443
"OLAH",47,42,51,19,21,50,37,40,30,31,20
"C19orf71",7,6,3,6,0,3,4,10,11,1,6
"KISS1",1,1,0,0,0,0,1,1,0,1,0
"CLHC1",165,139,109,118,65,184,139,122,172,162,136
"TMA7",4992,5906,4399,6111,3481,4784,4872,3961,5457,5102,3807
"KCNJ16",0,0,2,0,0,3,1,0,0,0,0
"SLC6A18",0,0,0,0,0,0,0,0,0,0,0
"PEX5",2593,2507,3021,2240,2488,2401,3125,2042,2348,2760,1444
"SLC25A30",292,314,368,348,339,355,397,324,459,454,298
"SNX32",0,1,0,0,3,1,0,0,2,0,4
"GHRL",1,0,1,1,1,2,1,0,0,1,1
"ZNF12",1137,1146,1202,1296,722,1117,1278,974,1372,1295,978
"LRRTM3",0,0,0,1,0,0,1,0,0,0,0
"TIPRL",1469,1624,1484,1589,1079,1528,1580,1327,1923,1568,1248
"GK",359,493,397,346,292,448,385,393,476,522,380
"FAM96A",1965,2106,1404,2076,1055,1918,1498,1654,2317,1454,1480
"NDUFAF6",813,971,737,1037,602,749,834,637,1071,973,660
"B3GNTL1",310,287,320,234,295,298,397,259,323,355,241
"ATG13",3384,3956,3830,3958,3082,2993,4304,3049,3920,4788,2829
"NAT9",1072,1170,1002,995,768,960,1107,787,1055,1105,799
"DBI",5387,6083,5997,6613,5508,6357,6423,5368,8265,7353,5464
"KCNE1",0,0,0,1,0,0,0,0,1,0,0
"FAM21B",14,17,12,6,17,9,8,15,13,13,11
"HTR2B",0,0,0,0,0,0,0,0,0,0,0
"NKX6-1",48,68,56,44,34,47,51,45,47,43,23
"CEA",0,0,0,0,0,0,0,0,0,0,0
"ST8SIA6",10,5,5,4,12,8,9,5,8,4,1
"GRINA",2619,2906,3251,3227,3771,2491,2994,2816,2985,3293,2370
"AC004528.1",0,0,0,0,0,0,0,0,0,1,0
"GABARAP",3829,4628,4995,4592,3920,4340,4722,4314,4709,5315,3439
"RPAP3",1981,2180,2351,2359,1555,1906,2660,1676,2208,2619,1475
"SLC9A3R1",1347,1482,1779,1701,2243,1219,1844,1271,1652,2188,1265
"KPNA5",318,398,300,311,189,359,318,263,340,272,235
"IL20",2,0,5,2,1,3,3,1,1,2,3
"RBP5",6,3,5,1,5,4,4,7,2,3,4
"MTMR3",1202,1262,1370,1245,1224,1229,1330,1087,1435,1628,1059
"CLDND1",3793,3666,3245,3747,2969,4010,3703,3243,5165,4199,3457
"AC007382.1",4,12,11,7,3,9,6,5,11,4,7
"ZNF684",110,112,88,96,61,109,101,80,100,81,67
"CXorf38",804,1001,1046,954,821,836,1003,830,1100,1064,886
"FTCD",2,1,0,1,3,3,2,1,5,1,0
"SLC37A3",435,461,475,448,379,495,508,456,594,537,424
"RAB8A",3346,3975,3888,4106,3868,3026,4545,2947,4465,5096,3159
"KCNJ15",24,39,28,42,15,27,33,18,53,38,19
"IFNE",0,0,0,0,0,0,0,0,0,0,0
"KMT2A",3691,4154,3959,4338,2539,4701,3914,2651,4381,3936,2849
"HIVEP1",1298,1418,1426,1460,889,1645,1545,1035,1582,1446,1006
"KLHL25",284,259,264,311,318,195,282,178,289,372,175
"NRROS",49,50,59,56,78,40,57,55,83,84,41
"NPRL2",420,383,424,364,318,342,459,323,403,406,270
"ZNF799",2,3,2,3,1,6,5,2,5,6,5
"MBOAT2",2254,2188,2598,1782,1554,2654,2711,2266,2452,2483,1602
"RHOT2",2413,2660,2357,2451,2528,1777,2254,1901,2535,2406,1798
"PPM1B",1339,1412,1533,1346,1222,1431,1625,1050,1524,1516,979
"SYT6",0,2,3,0,0,0,0,0,1,1,0
"FCRL1",0,0,0,0,0,0,0,0,0,0,0
"CIT",2034,2231,2225,2065,1726,2188,2135,1947,2412,2248,1866
"MROH9",0,0,0,0,0,0,0,0,0,0,0
"LY6K",3082,3341,3025,3948,3242,2698,3582,2424,4349,4095,2712
"WDR43",4983,6233,5225,6447,4147,4200,6181,3731,6086,6489,4422
"RFX2",137,157,234,157,213,184,189,202,169,180,139
"PDE8A",2354,2738,3046,2868,2344,2625,3123,2346,3341,3410,2173
"CELA1",0,0,0,0,0,0,0,0,0,0,0
"ATF7IP",2977,3147,3651,2845,2201,3350,3877,2617,3503,4192,2647
"PRPF6",5402,6030,6441,5662,5654,4468,6633,4411,5528,7035,4319
"DEFB121",0,0,0,0,0,0,0,0,0,0,0
"C21orf62",0,0,0,0,0,0,0,0,0,0,0
"OR10R2",0,0,0,0,0,0,0,0,0,0,0
"DHRS11",410,366,348,380,325,245,331,359,350,357,333
"TFF1",0,0,0,0,0,0,0,0,0,0,0
"TPMT",676,745,680,539,525,712,842,552,883,1017,648
"LMO1",3,8,11,8,5,4,5,6,14,9,6
"FBXO40",0,0,0,0,0,0,0,0,0,0,0
"SERPINB5",9471,9183,8055,11071,5845,8393,9798,6991,14939,16092,9677
"SMC1B",25,33,45,119,107,24,36,37,160,198,178
"CYGB",43,49,40,40,26,45,82,60,63,59,59
"TNIP2",954,1078,972,979,1013,675,1016,715,1068,1262,716
"FAM151B",23,18,20,12,11,24,21,22,38,21,15
"CTDSPL2",1789,2333,2016,2374,1616,2092,2054,1655,2174,1972,1475
"LSG1",3861,4142,3844,4193,2965,3094,4533,2834,4547,5033,3280
"DGCR2",1770,2013,1727,2094,1926,1504,1688,1508,2051,1772,1254
"RAB33A",2,3,0,3,0,1,2,1,2,5,1
"AL589765.1",0,0,0,0,0,0,0,0,0,0,0
"C19orf10",2705,2908,2461,3174,2179,2524,2492,2145,3126,2957,2009
"CTB-129P6.11",12,12,16,4,6,8,8,15,8,5,7
"PTPRO",813,727,810,702,518,1055,672,771,930,410,470
"SSH2",969,1022,1064,1026,691,1081,1017,723,1252,1262,823
"APOM",39,20,27,24,14,25,21,22,29,17,26
"KIAA1210",0,0,0,0,0,0,0,0,0,0,0
"SLC1A5",7603,8820,7376,10003,8593,6095,8110,6104,8685,8993,5859
"TAAR1",0,1,0,0,0,0,1,1,2,3,1
"C9orf169",437,444,368,543,415,232,343,333,440,712,388
"SPIRE2",289,279,330,259,376,295,330,240,319,462,244
"SLC22A7",0,0,0,0,0,0,0,0,0,0,0
"HNRNPLL",1737,1664,1830,1723,1365,1633,1908,1336,1872,2040,1265
"RP11-321M21.3",0,0,0,0,0,0,0,0,0,0,0
"FIBCD1",30,36,52,49,93,56,47,54,122,124,81
"SLC25A48",0,0,0,0,0,0,0,0,0,1,0
"RP11-552I14.1",0,0,0,0,0,0,0,0,0,0,0
"MCAT",625,737,689,769,702,544,767,500,789,741,468
"ALDOC",176,219,356,189,318,338,311,363,327,326,192
"SH2D2A",338,321,485,350,455,298,576,298,431,607,340
"DDX46",7838,9253,8871,9593,6725,8942,9093,6829,9843,9458,7895
"FAM105B",1140,1167,1227,1167,961,1076,1360,906,1345,1407,918
"ANKEF1",1565,1677,1835,1684,1201,1532,1859,1358,1719,1878,1234
"OR5AP2",0,0,0,0,0,0,0,0,0,0,0
"SNX9",5938,6642,7548,7828,6871,6654,8158,6313,9841,10782,6790
"CBS",124,162,185,200,147,171,177,156,218,243,158
"EMC10",2330,2864,2204,3102,2480,1913,2332,1879,2660,2848,2020
"PCDHA4",16,26,28,20,16,27,35,27,22,29,21
"CSN1S1",0,0,0,0,0,0,0,0,0,0,0
"CPOX",2444,2386,2620,2019,2524,2164,2738,1754,2559,2572,1477
"SEC22C",1700,1885,1795,1769,1338,1910,1823,1697,1884,1588,1321
"C1QTNF9",0,0,0,0,0,0,0,0,0,0,0
"ATAD5",719,1210,911,1154,546,1000,967,754,1105,892,744
"PNCK",4,7,5,4,3,6,2,10,4,10,3
"KLHDC7A",0,0,0,1,0,0,0,0,0,0,0
"HIST1H3A",5,11,11,7,2,3,9,4,13,4,7
"FAHD2A",365,336,366,258,322,320,348,320,304,297,280
"TRPV4",18,32,46,35,41,32,38,32,55,59,42
"RPL31",10726,11031,8722,10828,6664,10408,9609,8421,13133,10173,8715
"UPF3B",926,1164,1075,1289,850,1023,1135,820,1065,1209,967
"ETV6",863,921,1070,952,824,983,1087,876,1160,1189,896
"PPP5C",2393,2733,2426,2796,2288,2036,2744,1739,2762,3090,1902
"OR10G9",0,0,0,0,0,0,0,0,0,0,0
"AC087477.1",0,0,0,0,0,0,0,0,0,0,0
"MRPL24",1364,1426,1466,1199,1118,1169,1486,1078,1177,1375,801
"ZBTB10",223,222,253,225,228,313,270,192,295,267,170
"SIDT2",219,210,275,161,179,231,225,230,139,179,100
"ZNF704",434,517,667,477,448,570,659,407,436,382,318
"GSTM5",1,0,0,0,0,0,0,0,0,0,0
"ZNF302",671,539,583,461,322,550,591,435,513,530,399
"AC092384.1",0,0,0,0,0,0,0,0,0,0,0
"NFE2L2",2809,3189,3157,3564,2486,2602,3344,2307,3819,4173,2680
"ZNF74",484,522,579,500,544,439,563,434,571,586,348
"CLIC5",0,2,0,0,0,0,2,0,4,1,0
"GPR182",0,0,0,0,0,0,0,0,0,0,0
"C1orf226",124,121,141,107,130,121,139,125,92,152,94
"KCTD1",1493,1550,1625,1553,1358,1385,1692,1035,1777,1829,1096
"LSS",4713,5315,6667,5125,6494,5180,6414,4908,6275,6459,3969
"PROK2",0,0,0,0,0,0,0,0,0,0,0
"COLCA1",0,0,0,0,0,0,0,0,0,0,0
"CYP39A1",39,29,33,11,12,44,38,32,23,19,15
"SPC25",749,782,763,850,528,712,790,661,897,901,642
"SPRR2F",2,1,0,0,0,1,0,3,0,1,1
"AC011298.1",0,0,0,0,0,0,0,0,0,0,0
"FAM230A",1,0,0,0,0,1,0,0,0,0,0
"ACER1",0,0,0,0,0,0,0,0,0,0,0
"PPARA",623,510,980,460,576,743,812,616,550,792,475
"LAMTOR1",2374,3053,2316,2890,1899,2108,2351,2129,2555,2601,1841
"IRAK1BP1",189,200,215,140,140,221,188,204,149,128,121
"FGF8",1,1,0,0,5,0,0,0,2,0,1
"FAM131C",40,57,91,96,186,53,41,80,94,120,74
"METAP2",7338,8526,7855,9346,6495,7095,8649,5798,8673,8792,6732
"OSCP1",118,116,113,94,64,121,97,86,110,72,55
"KLF8",0,0,0,0,0,0,0,0,0,0,0
"C4orf51",0,0,0,0,0,0,0,0,0,0,0
"CNGB1",135,154,205,131,171,172,170,190,186,183,160
"CD6",0,0,0,0,0,0,0,0,0,0,0
"NIT2",2009,2095,1880,1915,1360,1951,2015,1960,2531,2214,1747
"KCNA7",0,0,0,0,0,0,0,0,0,0,0
"MAPK14",4197,4099,4669,4028,3459,4280,4929,3473,5015,4972,3223
"TMEM121",3,0,0,1,7,2,2,1,3,3,1
"FNDC1",0,0,0,0,0,0,0,0,0,0,0
"WISP1",0,0,1,1,0,2,1,1,0,2,1
"OR5K2",0,0,0,0,0,0,0,0,0,0,0
"KCNK15",1,13,4,39,28,2,12,7,41,28,21
"SLC35A1",188,179,179,123,89,185,207,162,181,188,128
"NPFFR1",2,8,4,18,8,2,9,8,15,18,9
"TAF1C",2357,2503,1982,2195,2046,1785,1884,1660,2359,2067,1827
"DCST2",24,16,31,13,22,35,21,35,24,32,19
"ZDHHC5",8707,10445,9169,11022,8387,7850,9972,7672,10543,11737,8198
"SYNRG",1058,1183,1110,1119,780,1115,1185,941,1331,1206,937
"ERN2",0,1,0,0,0,0,1,1,0,0,0
"PZP",0,0,0,0,0,0,0,0,0,0,0
"PNMAL1",0,0,0,0,0,0,0,0,0,0,0
"PIGM",890,800,736,696,746,703,839,609,695,773,532
"GPR111",0,0,0,0,0,0,0,0,0,3,2
"PTPRN",408,403,395,354,404,409,361,322,424,285,211
"ZNF219",277,336,355,266,380,294,280,331,273,286,216
"KRT6C",126,152,154,175,262,109,210,111,201,367,148
"GCC1",1037,1152,1278,1177,1032,906,1395,963,1349,1551,958
"ZNF16",129,168,163,140,118,128,157,129,151,184,146
"USH1C",1,0,0,0,0,0,0,0,0,0,0
"MAPK10",6,6,15,2,2,11,4,11,0,3,0
"FTH1",94388,98165,96049,114297,105064,72879,122551,72656,118058,208912,97916
"CTNNBL1",2032,2340,2274,2439,2035,1840,2563,1630,2465,2749,1665
"ZFPL1",791,1032,913,927,867,738,956,750,925,1033,658
"FAM227B",34,34,39,30,31,40,24,33,26,31,23
"HAPLN1",2,4,3,2,5,2,4,1,4,3,1
"ZNF716",0,0,0,0,0,0,0,0,0,0,0
"PHF12",1769,2147,1888,1963,1688,1762,1928,1396,2076,2176,1493
"DLG5",4316,4997,5962,5474,6101,5290,4792,4041,5292,5312,3550
"FGF23",0,0,0,0,0,0,0,0,0,0,0
"SRD5A1",373,430,399,440,408,304,479,288,452,498,320
"BET1L",1695,2080,1923,2088,1939,1475,2098,1598,1932,2439,1543
"RSPH3",558,533,799,416,578,659,705,530,545,823,400
"NDUFB11",1878,2286,1774,2342,1677,1621,1899,1542,2267,2239,1345
"PON1",0,0,0,1,1,1,0,0,1,2,0
"ROR1",242,309,238,352,236,227,257,231,407,372,269
"C5orf38",276,307,290,242,297,244,268,292,255,210,177
"FAM212A",9,8,5,12,10,8,9,6,26,12,8
"ASIC2",0,0,0,0,0,0,0,0,0,0,0
"LSM4",4467,5235,4826,5502,5358,3894,4688,3932,5221,5319,3459
"C4orf45",0,1,0,0,0,0,0,0,0,0,0
"NELFA",1604,1717,1938,1831,2299,1310,1929,1416,1755,2141,1353
"MRPL16",2044,2383,2299,2605,1873,1817,2539,1727,2518,2629,1608
"TTC31",1122,1178,1064,1005,817,930,1127,911,1082,1221,860
"CD276",6415,7554,6743,7897,8031,5715,6817,6174,8141,7977,5463
"UBQLN4",2707,2898,3306,3110,3487,2410,3168,2239,2913,3592,2138
"ENKUR",19,11,18,20,6,17,19,7,18,21,9
"HACL1",959,985,972,792,646,787,1152,732,952,1039,661
"REM2",7,10,12,13,11,15,9,8,16,8,10
"ELP3",1118,1386,1453,1452,1173,1015,1485,1058,1417,1793,1027
"CEACAM16",0,0,0,0,0,0,0,0,0,0,0
"FP15737",0,0,0,0,0,0,0,0,0,0,0
"NPM2",0,1,0,0,0,0,0,0,0,0,1
"SEC23IP",2996,3532,3888,3712,2762,3052,4304,2650,4023,4836,2900
"DEFB125",0,0,0,0,0,0,0,0,0,0,0
"OR5C1",0,0,0,0,0,0,0,0,0,0,0
"NPIPA7",2,4,1,1,1,3,3,0,3,1,1
"SLC25A37",2485,2374,2440,2007,1942,2320,2442,2028,2477,2295,1865
"GNPDA1",2594,2757,2661,2266,1655,2445,2933,1969,2355,2377,1470
"SHISA4",58,74,86,61,113,126,77,118,117,177,73
"DYTN",0,0,0,0,0,0,0,0,0,0,0
"FGFR4",528,528,682,647,983,606,579,575,717,613,475
"PLEKHF2",548,608,460,555,366,536,474,476,738,510,397
"CRYGA",0,0,0,1,0,0,0,0,0,0,0
"CPT1A",7544,7860,8152,7327,6124,8588,8652,6382,7836,7995,5173
"IKZF5",795,798,713,619,534,691,691,471,729,599,447
"AC007390.5",1386,1460,1497,1395,1141,1474,1434,1086,1547,1521,1143
"GC",0,0,0,0,0,0,0,0,0,0,0
"NKX2-2",0,0,0,0,0,0,0,0,0,0,0
"UGGT2",542,630,545,691,354,747,560,518,861,590,629
"PLEK",10,2,4,3,1,0,5,2,1,4,2
"OR2T27",0,0,0,0,0,0,0,0,0,0,0
"PSMB9",225,260,274,220,265,255,290,233,236,402,196
"SNX15",505,564,548,568,523,420,627,413,614,750,430
"LAMTOR2",661,693,630,538,423,589,704,503,696,592,435
"WFDC2",638,670,632,753,839,696,640,729,1058,1224,800
"ADAMTS20",0,7,2,6,1,6,4,6,4,1,1
"CCDC147",20,49,30,29,26,39,42,38,56,48,35
"CLDN6",16,20,11,21,10,16,11,10,16,22,5
"SULT1C2",1,1,0,1,0,1,1,2,0,1,0
"MLXIP",3525,4086,4544,3995,4356,3059,4801,2950,4219,5690,3168
"NSRP1",1778,2187,2118,2307,1457,1660,2323,1610,1954,2513,2142
"C21orf59",218,208,192,189,153,200,280,160,236,243,139
"TMEM155",0,0,0,0,0,0,0,1,0,0,0
"GSG1L",0,0,0,0,0,0,0,0,0,0,0
"LCE3C",0,0,0,0,0,0,0,0,0,0,0
"FAF1",3018,3557,3398,3818,2614,3007,3882,2814,4078,4270,2788
"WFDC12",0,0,1,2,0,0,0,0,0,2,1
"BRF2",339,406,282,354,206,253,312,247,374,374,247
"STPG2",5,5,3,1,1,1,5,5,0,0,0
"G6PC3",1985,2242,1878,2196,2251,1525,1814,1651,2023,1951,1457
"SETD3",2521,2939,3054,3065,2627,2581,3316,2124,3130,3667,2194
"ZCCHC7",488,480,588,576,487,484,629,487,568,665,485
"FIZ1",449,576,458,604,482,389,450,342,459,505,357
"RP11-1396O13.13",0,0,1,0,0,0,0,0,0,0,0
"ZNF174",339,332,334,306,335,248,321,241,301,330,231
"NMRK1",368,421,572,428,321,548,536,501,547,593,469
"PLP1",0,0,0,0,0,0,0,0,0,0,0
"OR5B12",0,0,0,0,0,1,0,0,0,0,0
"HPDL",1277,1537,1613,1789,2080,975,1549,1132,1627,1777,1112
"VPS53",1791,1847,2248,1924,1765,1903,2292,1573,2270,2687,1662
"ZNF662",0,0,0,0,0,0,0,0,0,0,0
"MSX2",0,0,0,0,0,0,0,0,0,0,0
"AJUBA",2042,2332,1829,2275,1751,1791,2033,1640,2458,2096,1681
"TOR1A",2717,3284,2353,3280,1941,2495,2834,2266,3495,2915,2396
"SLC25A38",925,1308,1051,1204,842,829,1051,823,1157,1318,777
"COL4A3BP",1379,1329,1524,1289,1104,1295,1509,1134,1655,1819,1212
"SH3BP5L",1505,1543,1748,1497,1733,1303,1719,1309,1654,1891,1194
"CEP250",2363,2769,2953,2492,2539,2852,2913,2281,2497,2794,2020
"ZNF573",84,71,87,62,42,73,85,55,58,92,51
"EPS8L3",0,1,1,2,0,0,0,0,0,1,1
"MRGPRE",0,0,0,0,0,0,0,0,0,0,0
"SMAD9",27,41,39,45,40,54,48,37,38,29,22
"TLR2",398,387,415,435,283,491,515,394,643,594,501
"TNFRSF25",20,16,10,18,19,28,18,24,32,28,22
"MRFAP1",11374,12758,12110,12680,12206,10228,13411,8846,12862,13511,8516
"PCNT",2330,2660,2009,2494,1784,2426,2115,1653,2630,2103,1832
"TMEM150C",2,0,4,1,3,2,1,3,0,4,1
"IFT122",854,873,960,713,676,962,866,815,856,890,602
"SHARPIN",695,818,742,732,857,546,750,621,769,828,549
"ZNF829",177,184,164,147,73,169,197,123,139,152,124
"PLXDC1",0,4,2,3,1,2,2,2,6,5,1
"ASB3",1,1,0,0,1,0,2,0,1,1,1
"USP17L22",0,0,0,0,0,0,0,0,0,0,0
"CBLN1",0,0,0,0,0,0,0,0,0,0,0
"PDF",117,128,110,141,169,83,115,72,123,136,76
"CRYAB",1,1,3,5,0,1,1,0,1,2,0
"WNT4",0,0,4,3,4,2,0,2,1,2,1
"PDZD7",39,41,37,20,49,52,36,41,65,74,59
"LCE2A",0,0,0,0,0,0,0,0,0,0,0
"LIN7A",0,0,0,0,0,0,0,0,0,0,0
"NCLN",4700,5872,4621,6375,6011,3707,4872,3981,5401,5512,3823
"AGBL5",1305,1418,1585,1134,1347,1259,1530,1185,1088,1166,770
"RP11-849H4.2",97,116,107,78,76,78,125,103,114,114,76
"MAML1",3159,3402,3357,3619,2817,2664,3295,2400,3490,3759,2321
"CDC25A",2462,3028,2629,3503,2347,1944,3194,1886,3175,3738,2127
"GGCT",3651,4116,3894,4169,3086,3545,4185,3094,4199,4336,3040
"KPNA6",8800,9459,10280,9610,8321,7970,10663,7669,10291,11963,7880
"ZNF260",927,857,840,752,478,814,877,572,908,836,557
"MMP19",57,57,49,46,34,46,66,54,62,79,72
"SLC17A5",720,760,888,679,665,998,821,869,1161,909,770
"UBA3",2330,2722,2474,2440,1721,2687,2637,1989,2906,2730,2094
"PMF1-BGLAP",0,0,0,0,0,0,0,0,0,0,0
"AP000349.1",0,0,0,0,0,0,0,0,0,0,0
"ACLY",16079,19008,24373,19106,20920,18357,25075,16668,23790,28348,15813
"ZBTB8A",522,626,699,565,466,595,567,405,670,545,433
"TSPEAR",0,0,0,0,0,0,0,0,0,0,0
"ATP2B4",2720,3039,3572,3491,2841,3528,3573,3323,4986,5410,3929
"MRPL49",4218,5229,4617,6063,4774,3770,5104,3611,5380,5725,3840
"TDRD10",6,2,1,3,2,1,2,1,1,2,1
"C1orf94",0,0,0,0,0,0,0,0,0,0,0
"SGK494",9,13,11,18,7,12,10,8,12,24,17
"DLD",4577,5025,4926,4701,3535,4727,5421,3772,5311,5498,3666
"USP7",7678,8799,8730,9153,6468,7577,10032,6520,9575,10165,6677
"ATXN7L3B",5112,5014,5918,4941,4502,4413,5970,4073,5220,6206,3753
"GPR158",0,0,1,0,0,0,0,0,0,2,1
"PTGER2",642,696,628,982,715,551,730,448,1020,865,545
"PVRL1",1698,1597,2010,1828,2166,1375,1728,1409,1627,1754,1252
"FOXD3",21,22,17,32,35,27,17,11,22,23,6
"C7orf13",184,201,204,279,388,156,220,149,294,351,197
"SUMF2",5093,5796,5354,6291,4617,5598,4991,5453,7078,5958,4888
"NIPBL",2376,2548,2681,2822,1567,2599,2715,2026,2908,3092,2106
"TANC2",1296,1651,1917,1533,1346,1773,1719,1286,1419,1363,960
"ZNF160",553,568,626,498,446,544,660,467,624,691,517
"POLR2J3",246,296,259,247,301,278,269,240,248,272,256
"CCDC91",1089,1264,1376,1453,1087,1246,1546,1041,1451,1632,1183
"ALG1",819,922,693,880,686,608,759,622,867,681,469
"IL15",76,70,61,34,38,110,51,57,62,37,49
"C1orf63",1545,1153,1271,1021,819,1312,1221,786,1231,1299,852
"C1GALT1C1",572,554,545,562,343,618,544,530,717,581,409
"TFDP3",1,0,0,0,0,0,0,0,0,0,0
"C11orf40",0,0,0,0,0,0,0,0,0,0,0
"MORC4",522,509,729,691,534,562,713,550,773,956,614
"SMNDC1",2373,2408,2515,2359,2316,2376,2595,1973,2776,2509,1786
"GAST",0,0,0,0,0,0,0,0,1,0,0
"VPS72",989,1063,1156,996,962,825,1211,797,1059,1306,822
"FAM192A",2772,2894,3205,2851,2515,2639,3080,2391,2542,2769,2207
"CRH",0,0,0,0,0,0,0,0,0,0,1
"ZMYM2",2365,2449,2896,2756,1963,2887,2922,1963,3316,2805,1977
"C1orf143",1,2,0,1,0,1,1,3,2,0,2
"RFX5",1121,1103,1459,1050,1074,1124,1529,1151,1330,1663,1059
"KLK13",0,0,0,0,0,0,0,0,0,0,0
"MAN1A2",3539,4115,3468,3661,2358,3722,3816,2821,3878,3326,2664
"TECRL",2,0,0,0,0,0,0,0,0,0,0
"REN",4,1,2,4,3,8,4,8,1,4,2
"BLVRA",668,767,1023,564,581,926,898,789,653,622,419
"CIB1",1929,2269,1925,2272,2121,1896,2081,1960,2826,2638,1765
"SMEK2",7919,7683,8593,7823,6221,7968,9244,5998,9095,9438,6065
"SUFU",613,592,738,459,668,577,714,563,566,585,374
"AC124890.1",2,4,2,2,1,3,1,0,0,3,3
"POLQ",2544,2606,2671,2655,1606,2505,2915,1874,2978,3226,2144
"SERTAD3",394,389,351,475,315,305,350,297,461,403,296
"TRAF1",189,192,184,144,130,200,180,199,160,210,163
"TMEM183A",2326,2598,2387,2440,1789,2316,2364,1982,2612,2471,1758
"RP11-162A12.2",56,49,43,52,34,35,56,38,53,55,33
"LRRTM4",0,0,0,0,0,0,0,0,0,0,0
"VSTM2L",55,71,100,124,144,77,66,92,122,149,106
"C12orf50",0,0,0,1,0,0,0,1,1,0,1
"MRPL9",2575,2915,2562,2930,2288,2279,3058,2015,2802,3032,1957
"MTNR1A",1,0,1,0,0,0,0,0,0,0,0
"C14orf180",0,0,0,0,0,0,0,0,0,0,0
"AC037199.1",0,0,0,0,0,0,0,0,0,0,0
"CKAP4",5454,5797,5909,6308,5646,5328,5866,5115,6565,5971,4492
"CTD-2510F5.6",0,0,0,0,0,0,0,0,0,0,0
"UBL4A",3402,4085,4014,3946,3670,2882,4215,3255,3701,4130,2684
"RPL37",8372,9230,6931,9065,5095,9106,7295,6956,10543,7854,7213
"ABHD13",565,621,469,599,408,501,539,428,719,514,471
"FAM89A",692,729,882,918,958,714,871,738,930,959,668
"LY6G6C",7,7,4,11,6,14,8,5,11,44,19
"ZC3H12B",0,0,0,1,0,0,0,0,0,0,0
"EPN1",4823,5756,6077,6289,7270,3892,5389,4407,5215,6232,3844
"AP3B2",161,161,125,168,143,113,167,136,239,290,185
"CTC-260F20.3",0,0,0,0,0,0,0,0,0,0,0
"HSPB3",0,0,0,0,0,0,0,0,0,0,0
"MICALL2",477,447,470,438,395,387,487,392,447,467,423
"UXT",1384,1446,1030,1569,892,1271,1156,1037,1753,1416,1138
"ASAH1",1772,1961,1899,1639,1158,2131,1996,1807,2217,1983,1385
"CASP8",1015,1055,1228,1011,820,858,1277,883,1226,1774,1080
"HSPBAP1",233,234,245,196,154,246,299,191,290,244,193
"OR2AG2",7,4,1,6,1,5,6,3,8,5,5
"C2orf66",0,1,0,2,0,4,1,2,2,0,0
"CXCL16",1178,1285,1564,1876,2153,1142,1791,1285,2212,3117,1809
"KCNB1",0,0,0,0,0,1,1,0,1,0,0
"TAS2R46",0,0,2,0,0,1,0,1,0,0,2
"RPL36AL",4536,5576,5006,5895,4672,4772,5548,4508,6221,6271,4431
"REXO4",3663,4392,4256,4796,4174,3172,5057,2900,4273,5141,2931
"DOCK1",1880,2260,2534,2482,1920,2384,2640,1979,2619,2841,1825
"CERK",2159,2240,2305,2130,2043,1887,2502,1635,2305,2373,1391
"CYP2A6",0,0,1,0,0,0,0,0,0,0,1
"TBC1D16",1932,2360,3005,2453,2896,2021,2969,1954,2155,3084,1496
"C21orf90",0,0,0,1,0,0,0,0,0,0,0
"ACTR6",3636,3751,4310,3548,2618,4318,4046,3740,4746,3402,2830
"DDR1",11297,12324,12055,12305,11546,12089,11237,12625,14105,14296,11378
"ANKRD17",8577,10079,10466,10320,7870,9549,11041,6855,10972,11864,7308
"RASA2",800,980,899,812,662,1040,935,712,1002,933,681
"SOX11",0,0,0,0,0,0,0,0,0,0,0
"FCGBP",1,1,2,2,3,1,9,0,0,3,1
"ZNF778",527,533,490,501,310,435,512,359,530,541,392
"NAGK",695,669,692,597,526,539,801,464,761,1148,545
"ASB4",0,0,1,0,0,2,1,1,0,1,0
"EVI2A",16,13,4,7,2,14,6,9,10,5,7
"NUAK1",326,552,404,528,320,378,461,372,444,419,322
"ZNF852",157,107,138,86,79,154,141,78,122,164,79
"AL050303.1",0,1,0,1,0,0,1,0,0,1,0
"PRKAR1B",1769,2144,2239,2424,2386,1785,2154,1559,2377,2434,1620
"ZBTB8B",22,21,17,11,19,24,14,15,13,11,6
"PRX",5,5,4,6,5,3,3,5,8,5,2
"CYP3A7",0,0,0,0,0,0,0,0,0,0,0
"ZNF664",6516,6485,7018,6607,4838,6364,7445,4820,7103,7651,4696
"PHKB",3689,3640,4165,3181,2645,3966,4444,3341,4243,4696,2957
"GPC6",289,384,349,330,216,382,368,262,236,173,142
"ZDHHC21",2910,3118,2541,2616,1906,2900,2749,2070,2991,2550,2074
"MRE11A",1122,1248,1452,1198,835,1311,1517,987,1327,1424,867
"PPP2R1A",6087,7135,7275,7359,6303,5175,7516,5395,7288,8468,5066
"CYP11B1",0,0,0,0,0,0,0,0,0,0,0
"UTP6",3022,3651,3228,3800,2640,2671,3886,2323,3952,4497,2866
"PSEN1",1727,1858,1691,1771,1313,1802,1810,1624,2321,2174,1537
"FOXP3",7,2,11,6,14,2,12,3,8,12,8
"CHCHD10",986,1129,1488,1419,2090,976,1104,1261,1356,1429,936
"PGBD1",412,436,386,343,214,352,412,277,424,361,274
"RPE",2725,3173,3186,2962,2385,3133,3363,2399,3407,3447,2251
"RP11-514O12.4",0,0,0,0,0,0,0,0,0,0,0
"RP13-996F3.5",1,2,1,1,3,0,1,0,1,3,1
"C5orf20",0,0,0,0,0,0,0,0,0,0,0
"POU5F1B",9,3,31,3,2,12,9,13,6,11,8
"SCD5",226,232,281,306,310,318,290,251,408,486,242
"SEPT2",6159,6816,6792,6542,5205,6495,7123,5319,7641,7441,4916
"RIMKLB",458,499,587,458,454,597,559,472,524,579,413
"TMEM74",42,50,31,51,26,43,48,42,57,50,29
"ZNF699",88,102,70,60,35,70,92,90,62,73,78
"TSPAN16",0,0,0,0,0,0,0,0,0,0,0
"ZNF234",237,193,261,139,134,239,226,167,181,198,151
"MUC5AC",0,0,0,0,0,0,0,0,0,0,0
"SPATS2L",2857,3051,3059,3437,2760,2397,3452,2398,3547,4166,2755
"TMEM33",4705,5344,4266,4987,3973,4547,4941,3595,5382,4832,3482
"AC006538.4",0,0,0,0,0,0,0,0,0,0,0
"AC010760.1",0,0,0,0,0,0,0,0,1,0,0
"ARMC5",487,636,481,670,544,256,525,322,464,605,370
"FAM83E",13,6,30,21,28,23,15,33,53,94,59
"CSNK2A2",7808,9729,9120,9873,6952,8237,9866,7033,9878,9867,7063
"ACAP2",2562,2609,2510,2124,1697,2623,2674,2244,2631,2498,1987
"MRPS14",545,601,603,566,486,540,639,455,583,667,415
"CCDC101",560,569,513,590,505,474,521,380,586,578,385
"RALB",3385,3821,4235,3920,3199,3579,4515,3154,4801,5465,3303
"RP11-73M18.2",0,0,0,0,0,0,0,0,0,0,0
"AL627171.1",0,1,1,1,1,2,0,0,5,5,2
"SPDYE1",0,1,1,0,0,2,2,0,0,0,1
"SLC27A1",79,86,131,83,127,101,102,113,84,86,84
"WLS",1624,1826,1507,1807,1222,1773,1538,1482,1760,1245,1050
"DAGLB",852,849,703,826,698,770,786,601,1017,940,692
"SLC2A2",0,0,0,0,0,0,0,0,0,0,0
"TRIP13",2899,3441,3332,3483,2710,2487,3504,2509,3505,3718,2353
"AC016757.3",0,1,0,0,0,0,0,0,0,0,0
"RP11-834C11.12",0,0,0,0,0,0,0,0,0,0,0
"KRTAP10-4",0,0,0,0,0,0,0,0,0,0,0
"MAP1A",16,12,24,22,28,28,21,22,27,27,19
"CDK6",4343,4664,4541,5297,3895,4118,5193,3132,5760,5588,3933
"DDRGK1",2630,2897,2182,2888,2252,2179,2711,1903,2982,2954,2127
"RAP1A",1617,1930,1868,1791,1418,1899,1985,1451,2220,2041,1479
"C6orf203",463,390,479,399,338,404,470,335,430,480,337
"MPHOSPH8",2088,1917,2402,1871,1611,1995,2355,1581,1984,2337,1603
"CDKL5",29,21,49,26,17,31,29,29,26,44,30
"CPAMD8",6,3,8,14,9,8,8,7,14,5,5
"MEX3A",278,193,409,219,419,280,275,236,220,215,152
"ST3GAL4",1495,2187,1770,2029,1559,1524,1673,1419,2073,2207,1384
"PPM1N",83,96,90,77,73,105,96,101,143,133,114
"OR10A6",0,0,0,0,0,1,0,0,0,0,0
"OSTF1",2039,2202,2387,2165,1992,2175,2778,2003,2987,3537,2034
"SMIM17",4,2,6,3,2,2,1,6,5,3,10
"CXCL11",0,3,2,1,1,3,2,1,5,2,8
"MS4A15",0,0,0,0,0,0,0,0,0,0,0
"ADRA2B",0,1,1,0,0,0,0,0,1,2,2
"POTEH",0,0,0,0,0,0,0,0,0,0,0
"RPS4X",44546,48098,42055,50216,30302,41768,47663,37228,56711,51586,36732
"TMEM106B",1154,1193,822,969,622,1235,852,941,1257,781,806
"MARVELD2",907,875,890,899,698,822,1032,775,1045,1121,756
"RYR3",3,1,1,3,1,1,0,1,1,1,1
"HIST1H3B",9,20,10,16,11,4,9,5,17,17,10
"C4orf36",116,118,120,107,83,100,113,95,122,113,90
"JAG1",4963,6109,3822,8059,4225,4412,5657,3345,8274,8151,5194
"KDM4A",2587,2769,2835,2864,2112,2548,3161,2026,3152,3796,2190
"ARMCX3",209,217,327,212,268,290,272,211,316,345,260
"SUZ12",3532,4190,4108,4229,3377,3725,4524,2776,4435,4334,3065
"AL136531.1",0,0,0,0,0,0,0,0,0,0,0
"GP9",0,0,0,0,0,0,0,0,0,0,0
"RCC1",9757,11751,10188,12766,9728,7971,11042,7171,10902,11768,7633
"AC104667.3",69,80,70,82,64,81,80,85,92,91,69
"ADAD2",0,0,2,0,0,0,0,0,1,0,1
"RAB40A",2,2,1,0,0,2,0,2,2,2,0
"LRRC37B",161,184,201,184,103,221,171,158,202,166,125
"AARS",9030,9643,11154,9976,9502,9457,11929,8027,12289,13804,7582
"RBPJ",3200,3559,3586,3313,2780,3143,3849,2502,3669,3559,2353
"TAL2",2,4,1,0,1,3,0,0,0,1,2
"ASIP",0,0,0,0,0,0,0,0,0,0,0
"PLGLB2",2,1,1,4,0,2,3,2,2,0,0
"CASP14",27,33,89,24,60,124,47,57,45,22,13
"PPP1R37",934,1077,1063,1027,985,896,971,849,1140,1160,767
"CENPO",1768,2165,1882,2357,1466,1505,2012,1346,2237,2220,1380
"SCARF2",3,5,10,6,7,3,8,9,12,16,6
"NAP1L2",0,0,0,0,0,0,0,0,0,0,0
"RP11-9B6.1",0,0,0,0,0,0,0,0,0,0,0
"MGA",2389,2334,2759,3416,1939,2642,2837,1754,3362,3411,2252
"TMEM232",21,20,22,17,10,18,25,18,14,17,17
"SLN",2,1,1,1,0,0,1,0,0,1,1
"TUBA3E",0,0,0,0,0,1,0,0,0,0,0
"C13orf35",0,0,0,0,0,0,0,0,0,0,0
"NACC1",7664,9524,9096,10038,11146,6396,9156,6862,8112,9896,6406
"PFDN6",3108,3269,3356,3329,2550,3193,3863,2487,3248,3863,2321
"TMIGD2",0,0,0,0,0,0,0,0,0,0,0
"KIAA1755",7,12,3,6,6,7,10,6,8,8,6
"CCDC160",0,0,0,0,0,0,0,0,0,0,0
"HLA-DQA1",0,0,0,0,0,0,0,0,0,0,0
"MAMDC4",325,289,182,206,162,178,235,149,214,178,174
"RHPN2",470,533,539,725,611,472,651,399,834,934,581
"NOL8",4416,4607,4595,4662,2802,3716,5264,3110,4515,5673,3689
"CD2",0,0,0,0,0,1,0,0,0,0,0
"XPNPEP1",1670,1920,1904,1839,1616,1891,2206,1716,2383,2620,1784
"FAM111B",1220,1494,1438,2073,1136,1251,1758,1100,2180,2493,1560
"OR4F29",0,0,0,0,0,0,0,0,0,0,0
"TIFAB",0,0,0,0,0,0,0,0,0,0,0
"C12orf65",695,749,927,742,618,723,881,635,859,860,619
"DNPEP",1538,1677,1558,1645,1467,1169,1723,1288,1683,1824,1191
"NUMA1",6332,7586,6710,7407,7072,6442,6407,5838,7549,7400,5505
"FKSG68",0,0,1,0,0,1,0,0,0,0,0
"LY96",21,26,29,20,7,41,22,24,35,17,24
"ZBTB20",30,26,32,29,23,38,30,30,19,37,24
"LRFN1",250,315,314,320,549,194,301,223,235,243,170
"ORAOV1",848,971,749,886,712,714,872,601,922,991,768
"DKKL1",1,0,5,0,2,4,2,5,4,1,2
"PLEKHF1",369,389,313,451,440,305,421,289,458,532,314
"ZC3H15",5633,6458,6071,7337,4559,5501,6686,4573,6825,7486,4905
"ANXA10",9,16,3,2,1,11,4,5,6,9,5
"DNAH2",2177,2141,2639,2109,2602,2112,2865,1852,2831,3375,2018
"C9orf85",757,901,840,841,677,798,922,679,926,873,615
"AL009178.1",0,0,0,0,0,0,0,0,0,0,0
"PIM2",811,819,967,914,926,712,1013,655,1038,1160,676
"C1orf111",0,0,0,0,0,0,0,0,0,0,0
"DENND5B",676,906,849,779,549,796,861,588,877,661,563
"EXT1",2228,2977,2439,3245,2298,2400,3219,2289,3887,4690,2827
"DUSP15",0,2,1,0,0,0,0,0,2,3,2
"LINC00923",0,0,0,0,0,0,0,0,0,0,0
"GZMB",0,0,0,0,0,0,0,0,0,0,0
"MOGAT2",0,0,0,0,1,6,4,3,3,6,1
"ACSF2",427,398,498,378,363,619,394,510,524,407,314
"LIG4",780,796,774,818,588,759,967,576,1044,1080,690
"SYT2",2,0,1,0,1,1,1,4,0,0,0
"FXYD7",0,0,0,0,1,1,2,4,3,5,1
"ACSM4",1,0,0,0,0,0,1,1,1,2,0
"HLA-C",1489,1724,1565,1656,1505,1536,1711,1552,1822,2076,1401
"NHLH2",0,0,0,0,0,0,0,1,1,0,1
"OR2AP1",0,0,0,0,0,0,0,0,0,0,0
"C18orf42",0,0,0,0,0,0,0,0,0,0,0
"ICMT",5160,6128,5710,6010,4744,5000,5954,4353,6932,6467,4389
"F5",0,1,0,1,1,2,1,1,2,1,5
"NUDC",10360,11261,11525,12457,11259,8682,13061,7858,11565,14277,8478
"MNT",1767,2145,2322,2013,2311,1859,2220,1807,1929,2164,1650
"GMCL1",1799,1721,2033,1480,1624,1728,1988,1333,1811,1829,1123
"TKTL2",0,0,1,1,2,1,0,1,1,3,1
"FUBP3",5190,6044,5676,5828,5689,5209,6166,4283,6058,6801,4331
"BAG3",3033,2496,3039,2914,3376,2181,3226,2194,3422,4256,2402
"SEC61A1",9074,10399,8477,10654,8103,7715,9698,7423,10941,11116,7689
"BSPH1",0,0,0,0,0,0,0,0,0,0,0
"POLR1B",3139,3177,3339,3343,2754,2767,3821,2185,3717,4087,2491
"ZBTB41",1192,1354,1219,1087,920,1446,1382,873,1302,1116,884
"GNG10",5,5,1,6,3,4,3,1,2,4,2
"ZNF860",476,485,611,555,400,500,683,462,646,764,479
"ANKRD12",1877,2115,2108,2143,1190,2109,2109,1566,2186,2017,1657
"KCNH2",0,1,0,4,2,0,0,0,0,1,1
"SARNP",12,3,7,6,9,8,17,10,18,12,4
"CDKN1A",2144,2346,2049,3724,2916,1609,3131,1824,4347,6660,3605
"ARG2",83,65,71,68,49,53,88,54,92,92,53
"NGB",0,0,0,0,0,0,0,0,0,0,0
"RDH5",9,9,1,4,1,4,5,3,7,6,7
"SERTAD2",1342,1470,1748,1452,1286,1614,1644,1375,1496,1518,1168
"LMF2",1661,1924,1474,1635,1693,1270,1501,1474,1949,1579,1371
"C11orf91",2,9,10,11,2,1,9,4,5,14,5
"FILIP1",6,4,2,4,0,2,1,1,2,3,5
"MSX1",44,36,43,57,57,24,38,43,52,62,47
"SCAMP3",1738,2016,1797,2072,2215,1476,1874,1532,2102,2184,1419
"AC026703.1",0,0,0,0,0,0,0,0,0,0,0
"MARS",6133,7368,6984,7569,6839,5892,7487,5526,7695,8200,5076
"HPX",1,4,2,5,2,1,4,2,6,4,2
"ACRBP",13,5,5,3,4,3,12,11,8,5,4
"NF1",1441,1670,1457,1625,951,1714,1558,1270,1829,1569,1285
"PIWIL1",0,0,0,0,0,0,0,0,0,0,0
"SIK2",1352,1542,1566,1547,1240,1473,1627,1140,1570,1550,1047
"MAPK8IP3",1254,1374,1002,1458,1131,1300,994,1142,1674,1371,1382
"IL3RA",0,0,0,0,0,0,0,0,0,0,0
"LMBR1",2771,2941,3127,2605,2449,2939,3165,2303,2981,2975,2038
"RANBP1",11804,13509,10727,13932,9011,9534,11991,8639,12415,12718,8966
"HIST2H2BE",156,130,222,138,150,154,203,130,199,305,137
"CCL18",0,0,0,0,0,0,0,0,0,0,0
"PAG1",36,18,32,33,31,51,23,23,61,46,33
"PAPPA",568,790,596,1059,505,721,682,390,1051,1030,669
"LRRC14B",0,0,0,1,0,0,0,0,0,0,0
"SNX33",1338,1179,1888,941,1377,1457,1689,1382,1202,1412,872
"SHROOM4",0,0,0,0,0,0,1,0,0,0,0
"TEPP",0,0,0,0,0,0,0,0,0,0,0
"PDCD6",1664,1773,1565,1819,1227,1488,1686,1381,2144,1796,1271
"CSNK1D",7113,7715,7678,7206,7021,6180,8473,5526,7582,9214,5462
"LRRC49",159,210,229,164,100,194,223,154,133,187,125
"TTPA",21,25,30,16,19,20,23,15,9,14,11
"ST3GAL1",452,592,507,949,688,440,563,411,968,1068,771
"XRRA1",259,197,275,163,164,206,276,202,194,221,107
"HDAC10",1025,1094,1026,767,863,913,979,950,924,888,826
"MPLKIP",1128,1232,1347,1227,1326,1044,1233,1017,1309,1313,860
"KIAA1033",2005,2408,2362,2343,1773,2472,2619,1801,2798,2668,1835
"CA9",724,892,1042,1015,1242,1166,723,1027,1308,792,742
"BIK",119,132,103,228,180,88,113,99,272,264,170
"OR11H1",0,0,0,0,0,0,0,0,0,0,0
"CXADR",654,552,481,503,419,680,520,458,740,400,370
"GNLY",9,5,1,12,3,3,5,0,5,18,3
"STK17A",2294,2797,2186,3015,1732,2262,2481,2083,3051,2673,2150
"REG4",1,1,2,0,1,2,0,4,1,1,0
"TANGO6",1315,1467,1565,1362,1278,1146,1697,1143,1424,1631,873
"CCDC115",565,623,549,561,539,537,638,610,663,692,475
"C16orf95",15,15,18,18,19,23,22,20,24,26,11
"LRRN1",0,0,0,0,0,0,0,0,0,0,0
"TIGD3",31,26,22,27,34,15,24,25,31,26,18
"DLEC1",4,6,9,3,1,8,6,7,6,4,2
"SLC19A3",19,24,38,33,25,13,25,21,37,46,35
"MED10",435,614,480,648,445,407,578,374,647,776,485
"POTEB",0,0,0,0,0,0,0,0,0,0,0
"CDKN2C",264,278,272,252,237,291,248,264,230,245,184
"NDFIP2",1960,2151,1388,2015,1310,2001,1392,1562,2530,1621,1477
"LMBRD2",350,349,306,265,210,393,306,274,374,330,245
"HYKK",101,89,128,76,68,110,101,87,109,113,91
"HIGD1B",0,0,0,1,0,1,0,0,0,0,0
"ZNF135",63,76,74,29,34,46,64,56,45,58,35
"ZNF331",337,324,318,300,222,296,387,269,313,350,222
"C4orf26",0,4,1,3,0,1,1,2,4,6,4
"STK36",828,722,668,494,411,704,600,617,596,564,483
"TSPAN4",786,880,703,768,732,728,626,683,794,545,538
"REPIN1",2948,3068,3362,3387,4111,2513,3281,2392,3066,3793,2327
"MRPS21",1858,2033,1825,1862,1268,1877,1966,1577,1993,1971,1483
"CDADC1",80,107,106,61,69,84,111,70,81,67,55
"GCAT",150,161,197,185,212,153,199,167,153,177,132
"MDGA2",0,0,2,0,0,0,1,1,0,2,0
"C15orf43",0,0,0,0,0,0,0,0,0,0,0
"HS3ST5",1,2,0,1,1,0,1,0,3,0,0
"STX18",789,793,740,835,684,645,874,547,880,1052,702
"VMP1",2974,2895,2308,2905,1779,2865,2651,2312,3748,3257,2768
"BTN2A1",1235,1263,1052,1287,813,1117,1256,1008,1475,1276,1113
"TTL",2923,3243,3522,3412,2657,2961,3744,2577,3955,3852,2447
"NBEA",226,296,324,189,163,361,294,271,195,222,128
"KLF4",560,693,540,931,720,530,768,597,1018,1238,833
"WBP11",9970,11092,11973,12281,10213,9110,12240,8609,11510,13253,8436
"LYG2",1,0,1,1,0,2,1,2,5,0,0
"CCDC18",1522,1484,1597,1584,1009,1508,1537,1086,1744,1516,1262
"CAMK2B",27,19,36,21,23,51,30,18,22,13,7
"EVPLL",24,28,32,28,50,27,37,32,54,51,46
"OR2A1",0,0,0,0,0,0,0,0,0,0,0
"IFI27L2",34,19,29,22,15,27,34,35,36,38,35
"MRPL36",529,523,494,568,416,437,479,402,575,487,391
"C17orf104",0,0,0,0,0,0,0,0,0,0,0
"ZNF541",0,0,0,1,0,0,0,0,0,0,0
"CNDP2",5322,5927,5865,5578,4934,4518,6576,4471,6100,7115,4380
"WDR45",482,498,460,452,417,460,559,409,623,669,429
"CAP2",628,584,643,402,385,581,690,475,426,484,290
"S100Z",0,0,0,0,0,0,0,0,0,0,0
"BPIFA1",0,0,0,0,0,0,0,0,0,0,0
"ATN1",7591,8558,9258,9209,11175,6328,8634,6476,7539,9663,6442
"SERINC4",10,11,9,10,6,9,15,9,15,8,8
"CORO1B",1927,2296,2484,2233,2336,1960,2382,2135,2696,3170,1948
"DLK2",15,19,15,42,33,14,10,18,46,31,27
"PLVAP",0,0,0,0,0,0,0,0,0,0,1
"MGARP",7,6,6,1,1,3,2,1,3,6,4
"CTD-2547L24.3",0,0,0,0,0,0,0,0,0,0,0
"ZNF496",2033,2436,2537,2629,2393,1845,2546,1778,2318,2811,1717
"FAM90A1",48,33,65,33,47,31,65,47,45,57,42
"KRTAP10-9",0,0,0,0,0,0,0,0,0,0,0
"RAB35",2944,3740,3530,4193,3086,2709,3822,2570,3901,4579,2737
"ARSF",0,0,0,0,0,0,0,0,0,0,0
"C17orf102",0,0,0,0,0,0,0,0,0,0,0
"PRUNE",717,690,800,572,549,588,751,593,641,610,370
"AC002472.1",0,0,0,1,0,2,0,3,4,0,1
"GYPC",0,0,0,0,0,0,0,0,0,0,0
"FAM181A",0,0,0,0,0,0,0,0,0,0,0
"C10orf99",0,0,0,0,0,0,0,0,0,0,0
"ARGFX",0,0,0,0,0,0,0,0,0,0,0
"ADRA2C",0,1,0,0,0,0,0,0,0,1,1
"PTPRQ",0,0,0,0,0,0,0,0,0,0,0
"NCAM1",0,0,3,0,0,0,1,0,0,0,0
"LARP1",20567,25446,25534,26804,21433,19327,26465,16933,23145,27743,17752
"CCDC130",427,386,380,352,303,360,377,310,413,421,359
"ZNF280C",635,681,686,636,596,524,684,417,555,676,431
"CTD-3214H19.16",0,0,0,0,0,0,0,0,0,0,0
"PHTF2",891,950,800,892,540,896,835,714,980,688,711
"LMAN2L",720,607,556,599,470,584,728,420,682,673,451
"MAN2A1",996,1090,1160,1186,853,1092,1210,890,1558,1380,922
"ANKUB1",0,0,0,0,0,0,0,0,0,0,0
"B3GNT9",272,303,365,305,340,314,303,280,379,400,247
"ALOX15B",4,3,6,4,0,9,4,6,5,9,4
"PDE4DIP",1537,1622,1606,1619,1316,1372,1812,1186,1840,2088,1283
"TRIM55",2,2,3,3,1,1,0,7,1,5,4
"SMCO4",211,204,292,204,193,216,261,202,231,275,139
"ATP6V0B",4079,4653,3239,4859,3430,3185,3382,3212,4491,3979,2816
"PLGRKT",594,721,462,731,340,630,534,614,830,672,602
"ABCG2",242,297,203,261,145,161,276,242,351,491,277
"CAMK4",395,495,384,491,325,451,331,259,492,300,250
"CRIM1",1428,1864,1533,1985,1469,1655,1676,1361,1938,1771,1280
"SCGB1D2",0,0,0,0,0,0,0,0,0,0,0
"FOXO1",1452,1795,2085,1418,1238,2076,1597,1351,1203,927,655
"ST6GALNAC4",1925,2029,2541,2071,2644,1738,2422,1706,2157,2925,1432
"ZNF449",206,188,211,172,153,247,240,171,219,220,173
"SLAMF8",1,1,0,0,1,2,1,0,0,0,0
"CTB-60B18.6",0,0,0,0,0,0,0,0,0,0,0
"IRF2BP2",6679,6345,7835,6048,7074,6490,7565,5691,6997,7609,4614
"C15orf32",0,0,0,0,0,0,0,0,0,0,0
"SH2D6",43,39,33,40,32,37,26,32,38,47,36
"NUTM2B",7,7,3,12,7,4,6,7,7,11,0
"L1CAM",13445,14566,12843,11838,9922,12466,13213,10812,14079,12260,9575
"ZNF606",327,322,304,203,154,254,279,245,243,243,157
"DEPDC1B",1254,1314,1076,1302,811,1201,1079,1045,1576,1251,1056
"FITM1",3,1,0,2,2,1,1,0,0,0,0
"C12orf77",0,0,0,0,0,0,0,0,0,0,0
"OR10G8",0,0,0,0,0,0,0,0,0,0,0
"ADAM9",5378,6444,5528,6549,4974,6413,6071,5163,8091,7098,5613
"SIMC1",703,658,880,739,881,696,919,694,942,1012,632
"KAT2B",93,96,112,101,73,132,111,88,117,102,79
"CXorf23",441,481,461,408,275,421,507,366,439,520,374
"BBS2",913,921,1153,728,828,1064,1239,855,976,1091,625
"CEP104",1798,1800,1986,1864,1682,1539,2232,1341,2039,2456,1342
"TMC6",153,166,195,198,247,173,170,222,251,317,198
"TNNI3",9,11,17,11,18,18,19,16,16,14,9
"IL17C",0,2,1,3,2,1,1,0,0,1,3
"ZNF440",0,0,1,0,0,1,0,4,0,0,0
"MAGEB17",1,4,0,0,0,1,1,4,1,1,0
"GANAB",26461,29326,25238,28765,21237,24481,26696,22409,29228,26655,20372
"TREM2",0,0,0,0,0,1,1,0,2,0,0
"FOXD4L1",6,5,1,5,3,4,4,1,9,4,3
"RMND5A",5578,5429,6252,5627,4970,5321,6285,4137,5999,5933,3888
"GCKR",0,0,0,0,0,0,0,1,1,1,0
"ZSWIM7",323,360,374,357,271,371,327,334,429,403,302
"SMC2",9479,10743,11097,11116,6904,9507,11449,8029,10781,10814,7796
"MOB1B",1293,1524,1702,1037,1107,1574,1605,1173,1197,1267,905
"TAL1",1,0,0,0,0,0,0,0,0,0,0
"SH3PXD2A",1213,1246,1439,1230,1290,1237,1454,1131,1500,1840,1178
"SLC27A2",442,384,503,325,388,489,473,386,342,388,234
"FAM65B",4,2,6,4,3,7,4,4,3,1,0
"COL25A1",0,0,1,0,0,0,0,0,0,0,0
"KIF19",0,0,0,0,0,0,0,0,0,0,0
"CTD-2370N5.3",0,0,0,0,0,0,0,0,0,0,0
"TMC4",504,467,565,362,551,655,436,597,660,650,571
"NAPG",1323,1581,1534,1425,1221,1366,1471,1147,1738,1773,1241
"RP11-45H22.3",0,0,0,0,0,0,0,0,0,0,0
"AP1AR",1328,1642,1492,1395,1265,1369,1622,1187,1418,1535,1025
"CNTNAP3B",1,8,8,9,2,10,3,5,13,9,1
"GNPAT",4371,4629,5248,5161,3662,4382,5108,3834,5609,5663,3522
"RCAN1",279,314,326,278,222,240,398,287,327,342,254
"PCDH12",8,7,3,4,5,5,10,7,5,17,13
"TPO",0,0,0,0,0,0,0,0,0,1,0
"KRT36",0,0,0,0,0,0,1,0,0,0,0
"WDR63",2,5,11,6,9,3,10,9,5,5,3
"POLD2",5200,5871,6173,5737,7051,4791,6469,4636,5472,6265,3780
"DPCD",259,291,225,226,171,208,275,216,213,209,126
"TNFSF10",0,0,1,0,0,1,0,0,1,0,1
"GUCA1B",10,8,13,10,8,15,8,7,6,8,6
"HIPK4",0,0,0,0,0,0,0,0,0,0,0
"COL13A1",118,126,140,172,152,121,168,158,204,238,192
"PEBP1",7758,8665,8514,8417,7209,6625,9193,6416,8274,8850,5762
"PASK",643,699,698,618,590,636,803,567,700,680,487
"AGBL4",0,0,0,0,0,0,0,0,0,0,0
"STK11IP",856,1050,887,963,888,822,891,788,941,1113,731
"TEX10",2942,3344,2991,3737,2567,2514,3626,2257,3918,4024,2354
"CCDC42B",10,11,7,8,5,6,17,5,24,15,8
"SNRK",622,801,742,682,567,652,819,612,742,793,569
"DDR2",20,55,26,47,17,31,22,22,24,16,34
"OR4C16",0,0,0,0,0,0,0,0,0,0,0
"DBNDD1",444,458,727,699,908,566,640,566,792,933,578
"COPS5",1833,2130,1792,2053,1262,1948,2094,1488,2412,2292,1528
"RHBDL2",15,10,23,22,8,31,10,17,20,22,12
"SIM1",72,112,115,71,63,100,91,102,88,71,42
"GPR148",0,0,0,0,0,0,0,0,0,0,0
"CXCL13",0,0,0,0,0,0,0,0,1,0,0
"ARHGAP35",3254,3478,4108,3558,3173,3252,3783,2808,3643,3960,2397
"TPRG1L",1102,1181,1241,1113,1040,1109,1408,1015,1367,1611,946
"AGO1",3568,4011,4262,3764,3663,3467,4393,3010,3811,4734,2903
"RAI1",2653,2974,3257,3089,3589,2460,3091,2385,3088,3342,2197
"CD109",10421,11881,9155,10719,5885,12946,9925,9235,14053,10010,9340
"HIC1",44,29,51,68,88,26,55,34,82,82,39
"NDUFS3",2532,2805,2401,2631,1924,2103,2402,2030,2789,2628,1800
"IQCF1",0,1,0,0,1,0,0,0,0,1,0
"ARHGEF2",3472,3248,3710,3806,3788,2995,4454,2907,4853,6063,3357
"GGNBP2",2671,3210,2984,3275,2287,2686,3262,2432,3288,3457,2587
"DDX55",1985,1964,1988,2042,1573,1672,2077,1520,2175,2332,1788
"RARG",4712,5322,5546,4489,4230,4149,5084,3945,4136,4588,2971
"SEPN1",5402,6378,6836,6262,6467,5618,6132,6065,5893,6124,4626
"SDC2",25,29,21,40,15,22,26,15,22,24,12
"EFNA1",381,487,268,384,210,385,301,386,475,338,392
"GMPPA",772,808,887,694,718,712,1012,659,781,1103,544
"CHST10",20,33,28,42,15,30,36,23,34,25,29
"SIT1",0,0,0,0,0,0,0,0,0,0,0
"AQP12A",0,0,0,0,0,0,0,0,0,0,0
"ZWINT",3559,3936,3099,3992,2775,3100,3639,2565,4228,4168,2919
"DDX1",4144,4702,4557,5209,3267,3563,5342,3199,5181,6143,3637
"KCNK16",0,0,0,0,0,0,0,0,0,0,0
"GAGE12E",0,0,0,0,0,0,0,0,0,0,0
"SCNN1D",79,46,70,44,59,80,67,66,79,103,66
"MRPS34",3262,3983,3489,3719,3681,2645,3839,2672,3383,3681,2298
"SLC26A3",0,0,0,0,0,0,0,0,0,0,0
"C3orf52",370,454,310,602,371,391,426,333,688,616,505
"KCNC4",216,222,293,276,330,219,327,211,295,423,233
"NPY4R",20,22,24,14,13,16,16,23,18,10,11
"BEND6",181,172,159,145,119,174,218,123,172,197,79
"SSX2",0,0,0,0,0,0,0,0,0,0,0
"ZNF324",299,317,326,339,273,258,332,239,385,429,230
"SLC4A10",0,0,0,0,0,0,0,0,0,0,0
"PRR15L",177,135,219,217,195,188,136,127,308,372,214
"LDHC",0,0,2,0,0,0,1,0,1,1,0
"ZSCAN2",247,229,234,147,150,215,224,187,153,157,112
"TSPAN3",5506,6009,5259,5142,4677,5741,5503,4715,5451,4488,3440
"TAS2R39",0,0,0,0,0,0,0,0,0,0,0
"PRPH2",0,0,0,0,0,0,0,0,0,0,0
"TTC39A",42,34,72,58,99,85,47,66,102,146,81
"DPY19L1",1808,1892,1836,1742,1438,1778,1759,1433,1804,1439,1111
"PLIN1",16,4,19,5,8,17,11,13,13,7,10
"OLIG2",0,0,0,0,0,0,0,0,0,0,0
"CSMD2",1,0,0,0,0,0,0,2,0,0,0
"MYBL1",973,777,908,706,622,900,989,555,986,888,579
"MAP6D1",251,235,259,215,256,203,312,200,242,266,162
"PPP6R1",4862,5946,5761,6329,6235,4245,6025,3945,5470,7027,4140
"KIAA1377",131,155,157,81,38,160,123,141,108,105,99
"PRDM9",0,0,0,0,0,0,0,0,0,0,0
"STX17",1068,1212,1312,1011,851,1145,1235,1074,1086,1177,757
"ATG10",154,180,206,140,112,153,165,174,197,168,122
"TKTL1",0,0,0,0,1,0,0,0,2,0,0
"AC106876.2",0,0,0,0,0,0,0,0,0,0,0
"SETMAR",357,386,305,386,240,250,332,248,416,410,306
"CCL4",0,0,0,0,0,0,0,0,0,0,0
"SEMA7A",1204,1124,841,1608,1011,641,1267,890,1850,2343,1708
"C19orf60",220,290,259,225,255,210,231,296,266,200,188
"CXorf65",0,0,0,0,0,0,0,0,0,0,0
"TEC",74,79,85,75,54,83,82,67,86,116,77
"C1QTNF2",1,2,2,5,2,1,2,0,2,3,2
"CLCC1",1625,1824,1740,1800,1242,1806,1866,1482,2029,1739,1440
"WIPI2",2101,2338,2385,2224,2046,1897,2431,1608,2394,2665,1677
"TP53BP1",1549,1549,1904,1321,1045,1621,1827,1321,1312,1669,964
"OGFR",3226,3273,3087,3155,3369,2451,3436,2500,3244,3707,2564
"SLC16A6",17,19,17,23,24,8,5,20,22,21,15
"RSAD1",514,443,537,337,419,437,518,400,415,391,302
"TAF1A",1143,992,1123,994,797,1044,1431,724,1225,1346,744
"C10orf113",1,0,0,1,0,0,0,0,0,0,0
"TMEM41B",2026,2156,2028,1967,1719,2177,2035,1789,2424,2139,1745
"RLF",1597,1911,1902,1997,1234,1814,1950,1382,2402,2124,1317
"RSAD2",0,2,0,0,1,0,0,0,1,0,1
"PAQR9",0,2,0,0,0,1,0,1,2,2,0
"SPG20",2790,3195,3371,3262,2580,3181,3479,2381,3479,3809,2333
"SIRPG",1,4,10,0,2,11,7,4,0,1,3
"RP11-595B24.2",0,0,0,0,0,0,0,0,0,0,0
"BARHL1",0,0,0,0,0,0,0,0,0,0,0
"STRIP1",1498,1467,1493,1396,1201,1332,1518,1090,1619,1768,1077
"KRTAP9-6",0,0,0,0,0,0,0,0,0,0,0
"CDON",437,502,557,440,392,635,515,371,509,311,295
"SPATA31A4",0,0,0,0,0,0,0,0,0,0,0
"ATF6",1966,2073,2166,2286,1579,2080,2346,1809,2669,2625,1816
"MST1R",4536,4056,3786,3489,3118,3594,4145,2910,4796,4549,3168
"HMGN1",9166,10215,9748,10418,8257,9097,10066,7714,10291,10267,7510
"KRT31",0,0,0,0,0,0,0,0,0,0,0
"ABHD17A",720,767,697,708,1010,503,682,584,777,764,529
"ABCA7",733,599,646,513,593,681,624,563,760,926,651
"CDC6",4145,5358,4718,6485,4175,3584,5987,3405,5790,7302,4282
"BRD4",5824,6920,7224,7567,7793,5112,7179,4883,6589,8173,5483
"NT5DC1",1301,1673,1753,1425,1159,1531,1660,1352,1641,1600,1081
"CNOT10",1627,1883,1949,1989,1531,1543,2193,1347,2190,2481,1347
"TMEM8A",1089,1170,1217,1253,1687,960,1181,1023,1347,1554,940
"OLA1",6326,7002,6098,7152,4435,6387,6648,5078,7673,7116,5210
"SH3BP1",1034,1088,1188,1113,1231,814,1157,1027,1004,1103,843
"TSPY4",0,0,0,0,0,0,0,0,0,0,0
"CACHD1",171,185,162,146,133,204,173,148,213,196,134
"PRR14L",2581,2955,2939,3086,1954,2813,3104,2090,2911,3096,2238
"ALMS1",2030,2728,2482,2948,1580,2389,2594,1794,2599,2602,1830
"TROAP",3207,3016,2317,2590,1885,2349,2324,2300,2960,2466,2614
"TRIML2",28,36,23,27,17,31,21,40,61,40,45
"GGCX",1654,1753,1553,1573,1423,1406,1778,1247,1725,1948,1148
"CREB5",522,554,512,642,561,534,652,435,801,929,757
"ODAM",0,0,0,0,0,0,0,0,0,0,0
"GAGE12F",0,0,0,0,0,0,0,0,0,0,0
"CYP2A13",0,0,0,0,0,0,0,0,0,0,0
"HIST1H2AG",160,138,161,139,118,138,195,91,148,219,93
"BLK",0,1,0,0,0,0,0,0,0,0,0
"SKA2",2414,2979,2574,3112,2145,2726,2854,2214,3481,3087,2270
"CST2",0,0,0,0,0,0,0,0,0,0,0
"NSUN2",3885,4548,4182,4986,3736,3444,4847,2917,5122,5710,3480
"FASTK",1736,1946,1640,1690,1565,1383,1623,1355,1653,1822,1274
"NOX3",1,4,1,0,0,0,1,0,0,0,0
"GINS4",3145,3677,3168,3599,2287,2768,3610,2478,3395,3756,2588
"KDM5C",6921,7011,7784,7175,7026,5926,7928,5451,7252,9208,5405
"ZNF207",7552,8459,7807,8881,5893,7454,8735,6080,9756,9605,6789
"RAB28",699,772,733,747,571,655,726,606,789,717,585
"C19orf45",7,7,9,21,21,7,8,15,11,19,10
"VTI1A",864,950,1017,1061,799,869,1087,785,1107,1207,829
"COX6A2",0,0,0,0,0,0,0,0,0,0,0
"BMP4",705,536,551,717,543,638,648,484,1009,721,611
"GPR34",0,0,0,0,0,0,0,0,0,0,0
"SCN2A",42,44,60,33,21,33,48,28,37,48,20
"MGC4294",32,48,37,14,17,44,36,36,18,13,15
"TWIST1",512,473,518,516,578,455,522,382,540,465,261
"EIF3L",6774,7714,7679,7701,5604,6984,8050,6368,8958,8384,5586
"ADM5",179,197,150,172,209,123,183,152,171,155,145
"CCDC178",0,0,0,1,0,0,0,0,0,0,0
"ARHGAP27",2429,2722,2453,2868,2557,2038,2548,2032,3150,3595,2260
"TCEB3",4654,5545,5192,6165,4413,3769,5900,3617,5341,6871,4219
"SCML2",158,138,132,146,151,114,135,91,173,167,97
"LONP1",4162,4720,5222,4766,5501,4091,5257,3821,5234,5637,3409
"MYO5C",1476,1532,1959,1521,1159,1596,2030,1266,1640,2017,1232
"STX5",1325,1418,1365,1427,1257,1161,1470,1117,1432,1789,1024
"RASA4",16,2,10,15,23,9,12,9,11,10,17
"PRKCQ",0,0,0,0,0,0,0,0,0,0,0
"PRR14",1317,1317,1423,1392,1487,1079,1366,1047,1407,1405,1149
"KIAA1024",22,15,20,24,17,14,26,10,16,17,16
"ZNF185",529,621,595,708,522,484,757,621,906,1482,833
"SFXN5",473,431,399,464,310,408,433,326,532,568,361
"PNPLA4",752,762,865,751,606,779,807,723,794,779,544
"CDRT15L2",0,0,0,0,0,0,0,0,0,0,0
"CCDC59",2192,2672,2052,2914,1609,1916,2158,1935,2507,2175,2007
"CASP6",615,705,703,756,491,693,818,609,905,961,609
"ZNF114",1886,2610,2089,3400,1783,2382,2265,1813,4467,4598,2984
"IGBP1",1849,2113,2260,2142,1599,2114,2405,1860,2323,2513,1595
"RWDD1",1454,1692,1428,1699,1045,1558,1347,1262,1861,1253,1166
"ADCK3",2486,2378,2828,2213,2541,1940,2678,1983,2154,2560,1590
"ABR",2969,3355,3543,3330,3349,2783,3937,2479,3630,4678,2606
"ZNF223",46,54,35,36,16,39,55,51,41,43,28
"DCP1B",294,258,346,266,267,242,339,262,273,317,194
"COX18",916,1032,1028,892,864,1148,994,918,1042,857,695
"AC006486.1",7,15,10,13,7,6,6,5,10,4,3
"HNRNPAB",14869,18667,15710,19753,15395,13096,19005,11287,18539,19136,12965
"KNOP1",3001,3413,3623,3587,3175,2654,3649,2712,3274,3784,2962
"NANS",1909,2214,2150,2134,2110,1757,2569,1575,2416,2962,1584
"EIF3E",16124,17656,15451,19179,11160,16307,16329,13868,20125,17546,13001
"OTX1",185,209,193,155,208,174,188,154,161,163,139
"UNC80",0,0,0,1,0,0,2,1,0,1,0
"KATNB1",1362,1547,1509,1334,1510,1136,1519,1223,1363,1514,937
"ROCK2",2414,2625,2827,2662,1876,2608,2947,2007,2802,3142,2096
"OTUD3",1871,1846,1786,1721,1413,1928,1698,1304,1915,1658,1537
"KLHL36",290,317,471,298,503,321,352,396,367,467,308
"C12orf79",2,38,8,46,8,13,10,21,27,15,25
"ASPSCR1",588,735,668,630,677,497,601,522,608,730,426
"AC145676.2",0,0,0,0,0,0,0,0,0,0,0
"DTWD1",500,529,524,425,322,563,582,480,482,415,367
"OS9",3157,3364,3162,3080,2491,2981,3236,2827,3258,3596,2649
"CHRD",1,3,0,2,0,1,0,0,0,1,0
"ATP4A",0,0,0,0,0,0,0,1,0,0,0
"P2RX1",0,0,2,0,0,0,0,1,0,0,0
"ISL2",121,139,122,112,126,127,119,93,153,127,73
"CTC-786C10.1",15,10,20,12,16,11,13,4,8,19,9
"GPR89B",95,77,64,76,62,84,68,57,85,76,61
"LGALS9",4,4,6,6,5,4,5,3,11,4,5
"ZC2HC1A",341,422,424,362,327,429,399,362,427,342,227
"DRG1",2729,3039,2459,3266,1881,2440,2992,2016,3344,3396,2232
"TRIM74",1,6,2,1,3,1,2,0,0,1,0
"LTBP1",130,138,188,155,164,166,170,138,161,162,116
"CMTR2",1206,1119,1184,1034,846,1225,1235,902,1352,1241,923
"C5orf22",498,601,600,609,528,566,646,530,666,707,493
"AC187652.1",19,28,42,21,27,15,26,15,12,31,8
"HTRA1",6546,7238,7706,5844,5629,8448,7016,7158,7224,4242,4135
"C4A",15,11,7,4,11,8,8,9,15,21,8
"OXT",0,0,0,0,0,0,0,0,1,0,0
"MBTPS1",6186,6463,6439,6241,4908,6091,6848,5127,7132,7158,4677
"AL162407.1",0,0,0,0,0,0,0,0,0,0,0
"POU3F4",0,0,0,0,0,0,0,0,0,0,0
"EXOC3L4",1,3,1,1,2,0,2,2,3,10,3
"AXIN1",2290,2839,2663,2923,3007,1894,2881,2115,2544,2992,2010
"MSANTD4",924,989,1048,868,704,1017,1141,703,1031,1054,618
"WFIKKN1",3,1,0,4,1,3,2,0,2,5,1
"NDUFA7",934,1051,897,1021,833,946,981,863,1100,1081,628
"KCNK1",2229,2433,2224,2354,2263,2639,2261,1991,3241,2587,1981
"ZDHHC17",680,788,573,626,358,799,649,529,696,538,471
"LY6G6D",0,0,0,0,0,0,0,0,0,0,0
"MARVELD3",878,1047,899,1167,880,807,945,784,1227,1076,880
"HIF1AN",2810,2769,3099,2575,2422,2668,3290,2296,2808,3368,2065
"RPP25L",221,197,217,251,219,190,189,179,240,286,192
"ZNF598",3587,4154,3845,4267,4504,2669,4232,2903,3930,4583,3023
"CRNKL1",2383,2631,2934,2661,2132,2286,3294,1905,2478,3242,1829
"GAGE12I",0,0,0,0,0,0,0,0,0,0,0
"DPH6",414,483,459,494,323,459,395,438,528,350,355
"AGAP5",165,144,144,101,84,139,124,103,152,155,124
"USP8",2994,3323,3493,3511,2355,3175,3698,2607,3755,4151,3025
"RPS10",35,55,16,49,13,38,32,32,42,29,46
"PHF15",4929,5703,5038,5312,4192,3765,5303,3166,4708,5204,2876
"FBXL12",375,475,429,478,437,351,467,387,536,603,391
"C11orf71",112,103,105,82,112,74,105,94,108,100,63
"NODAL",1,0,0,0,0,0,0,0,0,0,0
"LRRN3",0,0,0,0,0,0,0,0,0,0,0
"TUFT1",414,439,442,617,458,348,537,384,675,924,649
"XKR4",0,1,0,0,0,0,0,1,1,1,1
"DMD",641,656,788,602,581,596,815,482,576,659,363
"HHLA3",164,208,238,183,203,192,250,176,194,241,142
"ICT1",962,1206,789,1235,676,845,853,750,1139,944,790
"OR2J3",0,0,0,0,0,0,0,0,0,0,0
"DCTPP1",3523,4377,3387,4695,3752,3021,3757,2926,4637,4274,2945
"CALML5",0,0,0,1,2,0,2,3,1,1,3
"CDK16",6996,8038,7660,7810,7602,6298,7778,6089,8286,8666,5923
"MLLT1",1570,1869,2048,2080,2440,1373,2132,1278,1527,2273,1335
"UNC45B",0,0,0,0,0,1,0,0,0,0,0
"TSEN34",1829,2290,2164,2686,2432,1535,2301,1744,2380,2697,1521
"EPHA5",1,0,0,1,1,0,0,2,1,1,0
"TMEM52",12,18,7,40,47,21,25,17,30,26,21
"AC006449.1",1,3,1,0,0,1,0,0,0,0,0
"KLHL29",317,277,412,350,469,298,382,306,354,511,288
"PADI4",11,6,20,18,44,23,7,22,50,46,20
"C1ORF220",0,0,0,0,0,0,0,0,0,0,0
"GUCY1A2",18,23,12,43,27,14,16,19,47,28,26
"EPSTI1",53,93,51,118,87,74,57,62,87,104,64
"C9orf139",0,1,1,0,0,3,0,1,0,1,0
"CNEP1R1",276,239,233,239,178,296,221,171,338,276,187
"MCL1",15941,13974,20032,15654,17189,16162,20704,12060,19177,19183,11023
"LOH12CR2",21,40,23,25,23,25,31,30,27,30,25
"PARP4",3967,4386,5165,4232,3447,4362,5737,3533,5102,6585,3557
"ALLC",0,0,0,0,0,1,0,0,0,0,1
"C4orf40",0,0,0,0,0,0,0,0,0,0,0
"ALDH2",296,257,256,269,266,248,312,243,355,391,237
"ST6GAL2",2,1,10,7,2,8,4,3,10,8,4
"PRED58",0,0,0,0,0,0,0,0,0,0,0
"TSSC4",1034,1167,920,1146,807,651,1067,713,1044,1290,756
"VPS29",1950,2052,1620,1806,1187,2161,1657,1775,2546,1977,1724
"FGF5",0,2,0,1,0,0,0,0,0,0,0
"FBXL16",2013,1912,2337,1891,2643,1842,2171,1883,2066,2413,1484
"SERF1A",2,0,5,0,0,0,0,1,1,1,0
"PDPK1",2618,2905,3195,2989,2824,2443,3455,2302,3110,3704,2075
"EMCN",0,0,0,0,0,0,0,0,0,0,0
"FAM72C",72,64,61,41,34,48,86,40,45,37,27
"STARD13",552,756,539,865,525,648,627,469,871,965,702
"EHBP1L1",7629,8272,9191,7566,7529,7863,9410,6960,7853,9426,6564
"KCNJ12",76,89,85,142,126,82,75,73,117,128,88
"ZNF230",92,81,85,55,26,85,82,52,76,58,57
"ADCK4",447,390,463,449,418,381,404,361,447,542,359
"ZBED4",2162,2132,2444,2384,2195,2125,2691,1799,2511,2875,1670
"VCL",5928,6423,6424,7049,5491,6116,7160,5562,8241,8990,6118
"FEZF1",0,0,3,0,0,1,0,3,3,0,0
"UPK1B",2,2,5,1,0,3,2,2,0,2,3
"PIPOX",0,0,1,2,0,2,0,0,1,4,1
"LARS",6533,7539,8844,7728,6199,6816,9633,5811,8486,10807,5812
"TAF5L",2845,3696,2989,3785,2500,2720,3605,2347,3960,4059,2786
"RNF151",2,4,0,1,1,1,2,0,0,0,1
"RIBC2",69,51,77,96,80,62,84,59,100,86,71
"CCDC136",80,53,76,40,29,54,61,58,40,66,52
"MTHFR",416,520,631,537,534,645,593,586,710,829,550
"RNF25",568,642,562,664,485,459,603,448,766,728,494
"WAS",8,6,12,11,8,2,10,9,7,9,4
"CUX2",0,0,1,0,0,0,0,0,0,0,0
"ARMC4",0,0,0,0,0,1,0,0,1,0,0
"ZMYND15",27,14,20,24,11,20,27,22,28,34,57
"NFE2L3",298,365,398,598,438,299,403,368,643,625,520
"TTI2",531,573,648,512,477,469,676,415,528,675,347
"ZZEF1",2885,3606,3245,3281,2250,3003,3231,2328,3374,3477,2426
"UBE3A",7367,8679,8194,9355,6174,7066,9257,5799,9773,10058,6656
"CAPNS1",6145,7092,6498,7233,6522,5849,7009,5589,8276,8622,5526
"NFAM1",2,4,1,1,7,1,2,4,7,9,3
"C1orf192",0,1,2,0,0,0,0,0,0,1,1
"SLC35A3",1433,1643,1496,1436,1316,1648,1673,1315,1956,1660,1301
"SAT2",704,702,711,562,481,704,729,662,674,650,524
"PHOX2B",0,0,0,0,0,0,0,0,0,0,0
"AQP9",0,0,0,0,0,0,0,0,0,0,0
"ERI3",2720,2937,2730,2842,2324,2362,2902,2358,2804,2644,1782
"IFNA10",0,0,0,0,0,0,0,0,0,0,0
"C19orf68",221,237,237,223,204,321,231,174,211,235,148
"GPR149",0,0,0,0,0,0,0,0,0,0,0
"SCGB2A1",0,0,0,0,0,0,0,0,0,0,0
"AL135998.1",0,1,0,0,0,0,0,0,0,0,0
"GPR83",4,3,1,7,3,6,7,3,5,2,4
"P4HTM",496,450,413,349,317,435,451,359,449,451,283
"RP11-389E17.1",0,0,0,0,0,0,0,0,0,0,0
"KRT82",0,0,0,0,0,0,0,0,0,0,0
"SLC2A9",2,2,3,1,3,1,2,0,3,12,1
"LIME1",438,399,332,321,302,296,288,295,377,267,289
"OGDHL",455,432,386,408,381,461,302,376,522,367,329
"LRRC55",0,0,0,0,0,0,0,0,0,1,0
"GNG8",0,0,0,0,0,0,0,0,0,0,0
"PDZD8",2503,3010,2731,3089,2071,2690,3074,2066,3542,3191,2246
"GLT1D1",0,0,0,0,0,0,0,0,0,0,0
"NKX6-3",0,0,0,0,0,0,0,0,0,0,0
"PLK2",424,607,414,893,421,370,604,443,993,1048,982
"NUP205",4044,4851,4997,5100,3519,4329,5648,3683,5862,6213,3858
"NRSN2",17,11,6,5,12,21,11,20,18,16,7
"POLDIP3",3720,4302,4619,4285,4186,3209,4621,3142,4039,5126,3037
"GART",7137,8162,9372,8533,7865,7075,10313,6065,9368,11383,6461
"AC002553.1",0,8,2,2,1,6,0,0,10,2,4
"CKLF",59,72,42,73,25,82,42,45,85,23,53
"PPP1R26",3748,3361,4682,3609,4770,3396,4584,3445,4190,4829,2782
"AGAP2-AS1",401,524,497,633,673,388,479,415,619,651,427
"RHEBL1",76,61,62,66,72,62,73,51,97,62,71
"MTFR2",532,719,690,671,464,482,662,567,711,793,540
"COL20A1",0,0,0,0,0,1,0,0,0,3,2
"PIKFYVE",2108,2362,2371,2105,1620,2354,2566,1795,2505,2379,1644
"LCE4A",0,0,0,0,0,0,0,0,0,0,0
"ZNF441",0,0,0,0,0,0,0,0,0,0,0
"SLC29A2",2169,1973,2376,1959,2239,1938,2278,1876,2471,2558,1769
"TAS1R1",1,0,0,1,1,0,0,0,0,0,1
"LYPD6",200,199,246,189,179,240,267,240,319,267,231
"SNAPC2",589,710,759,926,1006,501,735,626,819,1051,636
"FAM71E2",10,10,11,16,13,10,11,17,22,33,35
"SYF2",2191,2391,2460,2313,1932,2255,2558,1891,2225,2635,1884
"SYNM",982,1032,1172,1758,1402,1155,1220,878,1997,2147,1445
"PRPF4B",7199,7485,8250,7380,5408,8332,7908,6252,7796,7539,6058
"PNPLA6",2031,2276,2369,1954,2226,1916,2235,1786,2107,2119,1373
"SPEM1",0,0,0,0,0,0,0,0,0,0,0
"PKDCC",38,23,24,19,29,38,23,21,21,25,13
"LHFPL5",6,2,8,4,5,6,5,2,5,15,6
"CDC23",2098,2440,2459,2477,1657,2011,2702,1898,2592,2889,1910
"C19orf54",942,1115,1145,1028,1076,943,1023,1013,1150,1082,892
"ANKRD13B",1944,1616,2089,1761,2533,1440,1983,1439,1823,2281,1517
"TSKS",0,0,0,0,0,0,0,0,0,1,0
"MCMBP",5889,7592,6927,7847,5090,5829,7760,5173,8041,8227,5267
"MBNL1",6847,7478,7238,7148,6323,6763,8070,5286,8097,7751,5326
"CMC2",1190,1266,882,1365,742,1227,896,1021,1729,1182,1000
"FBXO27",1262,1417,1528,1846,1920,1095,1682,1110,1896,2362,1336
"TP53I13",939,941,944,1040,1081,952,831,952,1070,889,734
"STIM1",2221,2597,2676,3284,2890,2202,2750,2299,3664,4222,2714
"DAPK2",9,14,26,18,28,24,16,22,45,30,13
"SLC25A43",634,763,862,820,780,749,893,693,1016,1001,637
"TFCP2L1",7617,8002,10538,6593,7819,8127,7730,7669,6007,6079,4637
"PRAMEF5",0,0,0,0,0,0,0,0,0,0,0
"PSAT1",10729,12902,12302,13514,10137,11243,13542,9545,14899,14330,8728
"NOP10",2373,2614,2272,2753,2216,2461,2656,2046,3427,3065,2090
"AIFM2",1394,1454,1329,1500,1375,1209,1459,1164,1548,1755,1201
"LINC00955",0,0,0,0,0,0,0,0,0,0,0
"WDR4",961,1042,929,926,941,792,1034,629,975,1008,644
"GALNTL5",0,0,1,0,0,0,0,0,0,0,0
"SLC25A20",153,162,150,151,128,119,222,131,113,199,95
"ZNF775",60,35,61,41,82,46,65,46,64,38,40
"SPATA31A3",0,0,0,0,0,0,0,0,0,0,2
"PHF11",210,277,301,241,183,295,318,233,350,387,278
"DDB1",17278,19930,19902,19878,16943,15991,21567,13925,20178,23497,13723
"SEC24A",1321,1443,1475,1259,1089,1378,1609,1090,1631,1537,982
"THRAP3",9887,14539,11918,13963,9347,10436,13170,9176,12141,14960,9914
"C11orf85",0,0,0,0,0,0,1,0,0,0,0
"DNAJC16",1518,1539,1317,1364,947,1429,1496,1090,1514,1453,1067
"PRSS38",0,0,0,0,0,0,0,0,0,0,0
"MARCH1",4,4,0,0,2,0,2,2,1,2,3
"PSMB4",5515,5789,4477,5835,3533,4540,5539,4199,6725,6635,4118
"ZNF730",0,0,0,0,0,0,0,0,0,0,0
"ZNHIT1",1176,1312,1076,1304,901,1171,1155,1115,1456,1277,968
"POC1B",796,800,961,722,625,886,1013,797,977,920,623
"ATF2",1048,1043,1289,930,890,1257,1200,864,1228,1175,701
"FXYD5",3225,3899,3154,3898,3548,3161,3538,2899,4273,4644,3224
"C5AR2",49,46,30,47,59,39,37,34,73,74,53
"OR5H6",0,0,0,0,0,0,0,0,0,0,0
"DHX30",3825,4481,4170,4460,3776,2897,4503,2855,4011,5114,2817
"RP11-934B9.3",0,0,0,0,0,0,0,0,0,0,1
"MYLK4",60,82,58,58,35,59,47,30,61,63,40
"RAB5A",3072,3458,3452,3381,2681,3225,3927,2764,4169,4184,2880
"EXOSC7",1399,1606,1669,1651,1664,1543,1858,1314,1680,1887,1340
"ZSWIM3",169,210,195,162,133,179,210,131,233,231,130
"KIAA0753",1679,1934,1713,1866,1140,1599,1915,1270,1919,1972,1264
"MAD2L1",3749,4412,2520,3977,2127,3892,2548,3042,4635,2530,2707
"AGAP4",8,11,8,13,3,9,6,9,18,11,11
"DEFA3",0,0,0,0,0,0,0,0,0,0,0
"LGALSL",590,515,735,476,482,881,605,606,660,481,454
"MRPL15",2344,2776,2206,2905,1653,1946,2470,1850,2701,2655,1952
"BEND2",0,0,0,0,0,0,0,0,0,0,0
"TTC8",885,1046,992,929,710,927,1027,795,978,942,658
"ZSCAN20",240,241,229,205,192,203,284,165,290,330,196
"SBNO1",5047,5090,6008,5505,4584,5284,6388,4071,6515,7109,4696
"GEMIN8",300,309,352,228,202,311,308,301,238,234,163
"SOST",1,3,1,3,2,1,0,2,3,4,4
"TPTE2",0,1,0,0,0,0,0,0,0,0,0
"PRAMEF16",0,0,0,0,0,0,0,0,0,0,0
"SLC35F3",271,306,333,290,303,338,339,283,352,370,207
"IFITM1",62,61,88,81,86,128,79,77,119,100,98
"CLEC11A",0,0,0,0,0,0,0,0,0,0,0
"RSU1",2393,2631,2864,2321,2322,2478,3024,2185,2732,2992,1984
"HCG27",46,28,11,20,16,27,24,18,25,21,30
"RMI1",1365,1592,1322,1506,936,1428,1395,1084,1774,1341,1097
"DYNC1I1",13,17,11,16,10,12,13,21,19,18,13
"ZKSCAN8",2540,2666,2596,2106,1763,2801,2493,1937,2511,2094,1782
"AC069547.1",0,0,0,0,0,0,0,0,0,0,0
"AL118506.1",4,3,7,2,2,5,4,4,2,7,1
"PRR20B",0,0,0,0,0,0,0,0,0,0,0
"SHFM1",3063,3245,2616,3237,2180,3499,2973,2445,3655,3377,2454
"GDAP1L1",1,0,0,0,0,0,0,0,0,0,0
"CCDC87",16,11,26,13,25,19,19,7,28,35,15
"SUGT1",2579,2284,2439,2451,1824,2303,2839,1743,2838,3015,1779
"ARL16",1269,1348,1016,1184,838,992,1153,974,1315,1285,1075
"HCCS",2371,2745,2326,2663,1904,2261,2769,2033,3028,2922,2015
"DNER",1904,2178,2060,2201,1952,1965,2331,1484,2667,2452,1563
"PXDC1",633,763,746,920,918,719,858,702,1015,1185,625
"SSX1",1,1,2,2,0,1,3,0,2,1,0
"CST5",0,0,0,0,0,0,0,0,0,0,0
"NOC4L",790,1043,804,959,1044,522,829,556,871,980,602
"MUC13",1,3,0,2,4,5,1,2,7,5,3
"SNAPC4",1654,1882,1533,1809,1881,1226,1645,1235,1669,1787,1453
"SPIN1",5298,6324,5550,6351,4409,5202,6300,4311,6888,6984,4550
"GGACT",12,12,17,16,14,19,18,9,18,24,20
"TMEM246",2,2,2,3,0,1,2,0,1,3,1
"MYPOP",294,329,385,267,356,281,368,261,273,282,193
"NOSIP",705,767,700,742,605,575,813,470,737,902,509
"NME7",782,807,917,813,596,898,965,723,994,919,635
"PODNL1",22,19,28,21,33,27,25,19,28,31,19
"OR5A1",0,0,0,0,0,0,0,0,0,0,0
"MSLNL",4,2,3,2,0,3,1,1,1,5,1
"HMGN2",34600,37436,26668,42492,23411,27050,27137,25019,32721,31699,27754
"TRAK1",1349,1385,1835,1373,1486,1493,1829,1428,1699,2139,1428
"UBE2Z",4372,4989,4945,5329,4560,3705,5277,3727,5248,6027,3839
"GABRA5",0,0,0,0,0,0,0,0,0,0,0
"LMCD1",2,5,3,11,5,1,4,1,8,10,3
"LRP11",1844,1944,2284,1623,1623,2206,2348,1773,1982,2113,1270
"GLI1",45,41,70,45,43,72,42,41,56,38,26
"RPL13",20566,24498,21226,27309,22047,17629,21611,18931,24410,23811,16020
"RP11-343C2.11",0,0,0,0,0,0,0,0,0,0,0
"ILVBL",1156,1318,1087,1249,1152,1011,1024,1095,1338,1072,928
"RSG1",190,168,196,108,153,144,171,121,107,177,86
"CLDN11",2,2,1,3,5,0,3,0,3,3,1
"SCN8A",121,140,135,104,79,158,112,118,103,86,78
"TMEM243",614,681,697,647,598,672,722,613,698,687,518
"RANBP9",2994,3652,3666,3644,2658,3268,4043,3003,4423,4400,3099
"IFIT3",54,67,66,190,91,71,75,90,274,272,199
"ECH1",942,1094,1334,1429,1684,992,1251,1151,1777,1818,1105
"PRAMEF20",0,0,0,0,0,0,0,0,0,0,0
"SLC6A5",0,0,0,0,0,0,0,0,0,0,0
"HLTF",1788,1899,2705,1705,1531,2250,2553,1761,1715,1921,1091
"AUNIP",960,1082,977,1155,693,820,1167,785,1166,1151,858
"GYPB",0,0,0,0,0,0,0,0,0,0,0
"CTSB",4011,4545,3742,5034,3434,4193,3983,3468,5343,4297,3197
"ZBED6",467,593,550,550,378,709,560,422,604,497,422
"METTL21A",885,883,982,878,848,803,1070,745,1014,966,670
"GPR42",0,0,0,0,0,0,0,0,0,0,0
"EDEM3",1598,1377,1629,1189,1081,1654,1701,1232,1511,1590,1006
"HMBOX1",499,526,649,524,392,562,676,494,529,633,427
"KRTAP20-3",0,0,0,0,0,0,0,0,0,0,0
"SENP3",5725,6523,6258,6621,6224,4355,6988,4598,5897,7421,4652
"TULP4",1522,1625,1679,1732,1289,1700,1831,1112,1770,1813,1191
"XRCC4",335,435,428,461,319,441,498,377,496,453,340
"SNRPA1",3968,4403,4272,4778,3302,3464,5122,3194,4775,5767,3525
"FAM135A",754,552,959,594,694,709,865,507,844,825,464
"COL1A2",0,0,0,0,0,0,0,0,0,0,0
"TRIM8",3292,3406,3866,3934,5100,2826,4281,3254,4266,5424,3375
"LDB3",11,7,8,5,6,5,9,5,11,5,6
"VGLL1",4,5,3,7,2,1,2,2,8,13,8
"C9orf24",2,0,0,0,1,1,0,2,2,0,0
"ATRIP",582,609,652,620,432,481,690,453,620,687,389
"TRIM2",1444,1392,1652,1161,1175,2007,1521,1423,1845,1661,1122
"GPR152",0,0,0,0,0,0,0,0,0,0,0
"NRG3",0,0,0,0,0,0,0,0,0,0,0
"GLO1",9311,10568,10062,11523,8545,10347,10728,8817,14114,11810,8458
"PAGE2",0,0,0,0,0,0,0,0,0,0,0
"DYNC1H1",12092,15021,12264,16811,9768,18199,14564,10402,18195,17086,13008
"FAM104B",377,391,320,343,233,338,316,296,366,321,219
"ARL13B",1048,1233,1199,995,906,1071,1275,880,1065,1143,735
"RNF26",2553,2935,2933,3129,3231,2197,2834,2366,2869,3043,1994
"KIAA1644",2,0,0,1,0,1,0,0,0,0,0
"RNF40",5936,6460,6429,6196,6183,4687,7055,4402,5968,7463,4186
"POM121",3391,4645,4318,4641,3956,3162,3917,3127,3886,4429,2944
"KCNJ5",0,0,2,0,0,0,2,2,0,0,2
"SLC27A6",33,49,45,34,38,32,25,37,32,27,27
"PMPCB",2706,2891,2787,2813,2077,2604,3034,2254,3269,3100,2131
"NLGN4Y",2,3,0,1,2,0,2,0,1,0,1
"CXCL10",2,0,0,0,0,1,5,0,2,1,1
"TMEM42",232,217,182,201,175,212,186,189,226,188,158
"AC015989.2",0,0,0,0,0,0,0,0,0,0,0
"PNMA5",0,0,0,0,0,0,0,0,0,0,0
"C20orf173",0,0,0,0,0,0,0,0,0,0,0
"OR10J5",0,0,0,0,0,0,0,0,0,0,0
"ZNF582",0,0,0,0,0,0,0,0,0,0,0
"FTSJ3",3587,3945,3707,4277,3588,2834,4239,2481,4055,4822,3072
"FNDC8",0,0,1,1,1,0,1,0,2,1,1
"RP11-1102P16.1",0,0,0,0,0,0,0,0,0,2,0
"MFSD8",559,585,413,516,321,550,458,410,706,503,526
"DLX3",187,222,193,315,288,138,158,132,235,324,155
"ZNF556",108,87,109,130,109,72,108,55,147,147,82
"STARD3",1014,1083,1049,955,937,927,1113,860,1008,1149,787
"TMCC2",30,28,50,27,50,35,34,29,39,49,32
"NPR3",13,11,21,34,40,10,11,11,49,56,22
"DEF6",222,212,237,221,292,177,275,221,245,336,200
"MRPL12",383,480,356,543,491,235,421,314,448,456,256
"CNPY2",62,62,43,42,28,45,44,32,55,44,38
"RNASE1",0,0,0,0,0,0,0,0,0,0,0
"NONO",22628,26204,25061,27084,22719,21515,27420,18632,26245,30237,19540
"ALPK2",20,14,21,10,6,26,18,11,19,12,10
"AC037459.4",0,0,0,0,0,1,0,0,0,1,1
"GRIN2C",0,0,0,1,0,0,0,0,0,0,0
"MYO1E",1855,2272,2443,2463,1929,1964,2845,1862,3086,4327,2561
"EXOSC3",744,726,796,834,827,622,932,549,829,935,501
"TCFL5",1468,1521,1904,1657,1839,1508,1783,1309,1815,1957,1172
"UGT1A4",0,0,0,0,0,0,0,0,0,0,0
"NCOA7",1987,2251,2209,2053,1501,2487,2407,1708,2677,2413,1842
"HLX",77,78,104,75,166,67,89,80,74,58,40
"KNCN",0,0,0,0,0,0,0,0,0,0,0
"ANO7",22,23,39,28,43,31,28,29,42,40,16
"AP5S1",382,487,370,403,352,331,418,328,410,427,282
"MEGT1",0,0,0,0,0,0,0,0,0,1,0
"TTC29",0,0,0,0,1,2,0,0,2,2,1
"ZNF57",245,234,316,255,215,239,313,251,297,350,278
"BMPER",0,0,3,0,0,0,1,0,0,0,0
"FAM213B",591,752,750,849,867,550,689,567,785,888,578
"C3orf17",1830,1985,1825,1939,1286,1770,1975,1641,2222,1961,1529
"GPAT2",0,0,0,0,0,0,0,0,0,0,0
"SSPN",213,259,269,204,186,304,262,281,263,313,165
"TBX20",215,277,272,273,198,216,285,160,250,321,228
"UTS2",3,0,0,0,1,0,0,1,0,1,2
"COIL",953,986,1030,1029,811,880,1142,825,1020,1050,770
"PF4V1",0,0,0,0,0,0,0,0,0,0,0
"GRHPR",903,935,1023,978,1022,948,1077,929,1212,1137,776
"LRP6",2538,2821,2450,2597,1655,3090,2577,2051,2819,2206,1860
"MMP28",2,2,5,3,3,1,5,2,3,3,2
"ZYG11A",353,339,296,373,282,307,346,272,398,348,288
"ZNF347",0,0,0,1,0,0,0,0,0,0,0
"SLCO1B7",0,0,0,0,0,0,0,0,0,0,0
"EBLN2",52,47,33,36,19,58,40,36,59,51,46
"RAB11FIP3",988,1038,1120,1193,1257,896,1211,838,1114,1285,699
"AC013269.5",0,0,0,0,0,0,0,0,0,0,0
"GBP2",9,12,19,8,3,20,12,22,5,14,6
"SH2D5",267,213,294,280,291,235,303,244,303,312,264
"PALM2-AKAP2",0,3,5,0,4,1,2,2,1,1,2
"BTN3A1",380,354,570,219,284,450,513,352,309,376,215
"PRR23B",0,0,0,0,0,0,0,0,0,0,0
"FAM127A",1467,1648,2276,1691,2097,1516,1941,1580,1869,2310,1261
"CSH2",0,0,0,0,0,0,0,0,0,0,0
"FAM69B",6,4,6,11,10,6,3,3,22,3,1
"DRD2",0,8,8,3,5,4,4,3,6,6,1
"CACUL1",4897,5296,5587,5131,4511,5202,5980,4009,5909,5990,3936
"CNOT1",18078,20225,21060,21831,15139,18883,22722,15550,24140,26366,16672
"MRPL17",1464,1677,1527,1766,1492,1332,1681,1358,1901,2042,1363
"PASD1",0,0,0,0,0,0,0,0,0,0,0
"ATP6V1G1",3473,4064,2520,4291,2467,3456,2734,3005,4539,3386,3201
"TAOK1",3877,4450,4253,4241,2874,4794,4532,3157,4916,4359,3177
"DDX53",0,0,0,0,0,0,0,0,0,0,0
"R3HDM4",808,839,819,825,952,609,812,690,916,1016,735
"DTWD2",459,626,461,463,391,530,508,318,505,462,270
"CCDC85B",807,1045,1151,1342,1897,668,1044,837,1136,1368,735
"HLA-DQB1",1,0,0,0,1,0,0,0,1,2,1
"GALP",0,0,0,0,0,0,0,0,0,0,0
"NMBR",0,1,1,0,0,2,1,0,0,1,0
"OR1N2",0,0,0,0,0,0,0,0,0,0,0
"PGGT1B",528,601,462,528,405,407,558,356,539,528,383
"HHEX",377,390,403,468,349,331,488,345,448,458,329
"FOLR4",0,0,0,0,0,0,0,0,0,0,0
"ALKBH1",477,606,480,619,396,395,535,355,542,628,363
"SYNCRIP",18492,22287,21162,23426,16275,18198,24068,14823,23958,24457,16082
"OTOP3",0,0,0,0,0,0,0,0,0,0,0
"RS1",0,0,0,0,0,0,0,0,0,0,0
"SLC22A3",0,0,1,1,1,3,0,1,3,0,0
"BX649567.1",0,0,0,0,0,0,0,0,0,0,0
"ZNF708",177,220,150,160,103,186,194,153,207,155,156
"PAX5",0,0,0,0,0,0,0,0,0,0,0
"CISH",69,59,78,72,86,42,67,45,81,86,47
"PAK4",1811,2301,2506,2277,2915,1659,2464,1752,2024,2536,1561
"PGC",14,10,8,11,9,6,5,7,6,7,5
"MYLPF",4,8,6,9,2,6,6,5,5,5,5
"BYSL",2065,2179,1992,2235,1771,1665,2410,1420,2347,2601,1521
"MAP3K12",146,104,170,151,203,172,144,153,244,251,186
"HNRNPL",8778,9872,9452,10590,8511,7581,9656,7352,9883,10599,7346
"OR11H12",0,0,0,0,0,0,0,0,0,0,0
"MRC1L1",0,0,0,0,0,0,0,0,1,0,1
"GALNT2",6293,7051,6398,7972,7311,5595,6619,5261,8372,8401,5731
"RRN3",3091,3553,3309,3484,2713,2625,3781,2196,3615,4079,2471
"ZGPAT",1393,1337,1164,1281,1368,1152,1266,1015,1432,1475,1013
"TMEM237",373,460,361,389,277,435,387,394,425,326,265
"VN1R2",1,0,0,0,0,1,0,0,0,0,0
"KRTAP12-2",0,0,0,0,0,0,0,0,0,0,0
"LRR1",1582,1805,1349,1964,1016,1429,1481,1191,2245,1600,1241
"C1orf131",2076,2181,2287,2238,1629,1747,2319,1663,2126,2384,1873
"PDCD4",1430,1128,1905,1003,1263,1735,1568,1369,1415,1444,1004
"TRIM67",0,0,1,1,1,0,0,0,0,0,0
"CBLB",950,1218,1202,1060,772,1131,1213,929,1277,1367,793
"RFX3",522,462,607,392,323,581,548,358,446,507,301
"KRBOX4",540,559,436,491,272,503,539,378,529,569,454
"ZNF93",380,337,372,378,271,316,440,316,427,502,355
"CACNA1G",5,2,1,2,3,0,1,2,0,2,2
"SEC62",5412,6245,5214,5877,3574,5953,5519,4243,6150,5218,4370
"FAM120A",14386,16517,17997,15251,14854,13661,19672,11498,15507,19668,10384
"MYOT",0,0,0,0,0,0,0,0,0,0,0
"SMUG1",774,738,724,762,685,652,838,565,880,929,605
"GPR88",0,0,0,0,0,0,0,1,0,0,0
"CT47A3",0,0,0,0,0,0,0,0,0,0,0
"STX8",425,507,474,442,338,483,533,441,456,572,355
"CKM",0,0,0,0,0,0,0,1,0,0,0
"TAS2R38",3,2,1,0,0,1,1,1,1,1,1
"MROH2A",0,0,0,0,0,0,0,0,0,0,0
"MRI1",1229,1221,1232,1160,1126,1096,1313,908,1190,1266,877
"C14orf178",1,0,1,0,0,1,0,0,0,0,0
"BACH1",1051,1042,1256,1017,923,1321,1292,962,1357,1244,838
"DYNLL1",6533,6455,5046,7013,3864,5595,5103,4561,7931,6085,4914
"PGPEP1",283,254,360,197,247,399,316,355,290,356,277
"ZBED6CL",354,479,352,515,391,302,324,357,509,406,408
"ROM1",138,139,115,145,123,113,140,118,95,115,82
"IQUB",7,8,3,3,1,2,2,2,2,2,1
"RHPN1",825,636,708,581,845,695,641,674,853,784,661
"RPS5",10672,11463,8493,11280,8690,9023,9747,7808,12100,11008,7617
"HHATL",0,0,0,0,1,0,0,0,0,0,1
"B3GAT2",6,10,6,14,9,4,2,5,11,6,8
"APBA1",0,0,1,1,2,1,1,0,0,0,0
"GPR27",562,628,553,801,732,425,658,414,658,653,452
"ZNF880",59,49,64,49,27,65,65,46,58,70,44
"NDUFB8",472,494,460,447,382,385,519,361,546,488,316
"HIST2H3D",0,2,0,2,1,1,1,1,1,2,3
"NEUROD2",0,0,0,0,0,0,0,0,0,0,0
"ZNF808",207,233,248,215,142,258,244,193,265,250,227
"FAM27C",1,4,3,3,8,1,4,2,7,3,3
"FAIM3",128,139,128,186,115,104,155,125,164,207,104
"MRPL13",3173,3391,2611,3627,1444,3265,2740,2603,4196,3144,2717
"WWP1",2125,2483,2686,2632,1888,2270,2911,2037,3037,3064,2004
"DNAH6",44,29,37,18,19,21,33,27,34,35,24
"IGFBP2",6,8,15,28,25,25,5,13,14,12,9
"WIPF1",871,1090,1172,1028,1083,1107,978,790,1113,1063,782
"DIABLO",1324,1371,1376,1449,1266,1177,1490,1131,1568,1698,1160
"CBFB",6714,7262,6783,6636,6512,6113,7112,4754,6986,6282,4432
"TBC1D32",117,107,113,93,81,115,164,64,82,108,75
"LY9",0,0,0,0,0,0,0,0,0,0,0
"DHCR24",30518,36561,32972,39507,30061,31946,34180,30069,43408,38372,28723
"TAF2",3683,4335,4270,4303,3149,3712,4656,3153,4780,5225,3481
"ARHGEF39",517,521,561,442,476,456,585,491,561,603,405
"TAS2R60",0,1,0,0,0,0,0,0,0,0,0
"ABHD14A",28,39,34,31,32,23,29,31,27,27,28
"RP11-342M21.2",0,0,0,0,0,0,0,0,0,0,0
"ZC3H10",216,180,157,189,219,149,220,154,222,268,144
"MFSD11",347,409,287,335,182,352,336,302,419,333,284
"C21orf54",0,0,0,0,0,0,0,0,0,0,0
"CASC5",2522,2942,2452,3161,1700,2521,2801,1896,3463,2985,2207
"TSFM",841,968,886,897,904,692,1052,719,1002,968,613
"PAPSS2",23,33,22,23,18,17,20,21,30,22,15
"UIMC1",1489,1725,1674,1750,1308,1413,1855,1192,1756,1944,1296
"RP3-422G23.4",0,0,0,0,0,0,0,0,0,0,0
"TSC22D4",1497,1463,1691,1294,1447,1289,1517,1465,1434,1625,1213
"ATAD3A",2665,3133,2660,3394,2835,1941,2862,1956,3211,3460,2303
"HGSNAT",3761,4728,4690,4107,3560,4815,4412,4295,5145,4523,3558
"NADSYN1",1496,1545,1591,1276,1313,1468,1831,1343,1704,1968,1204
"WDR88",3,3,2,3,1,0,1,0,0,5,0
"RBP1",148,182,159,157,124,196,156,170,210,222,167
"NUP43",3271,3330,3853,2895,2496,3264,4210,2496,3372,3980,2141
"MGC10955",1,2,1,0,1,2,0,1,2,1,1
"CLEC6A",0,0,0,0,0,0,0,0,0,0,0
"PTPRM",1711,1825,2032,1623,1484,2063,2046,1735,2091,2050,1546
"HERC2",5494,6089,6075,5812,4240,6223,6561,3895,5812,6223,4044
"TTC4",1925,1986,1778,1952,1425,1349,2216,1426,2102,2632,1673
"AC087239.1",0,0,0,0,0,0,0,0,0,0,0
"ARMC9",424,461,538,420,369,459,577,371,472,543,264
"KRTAP24-1",0,0,0,0,0,0,0,0,0,0,0
"HCN4",0,0,0,0,1,0,0,1,0,0,0
"CD300C",0,0,0,0,0,1,0,2,0,0,1
"DDX25",11,26,14,11,9,11,19,12,10,9,6
"TMEM178B",0,0,0,0,1,0,0,0,0,0,0
"TTYH3",953,1227,1358,1309,1752,1035,1216,1244,1201,1451,1045
"RPTN",0,0,0,0,0,0,0,0,0,0,0
"SLC38A7",1203,1489,1088,1277,871,1020,1194,970,1360,1276,1079
"LAMP2",2594,2881,2462,2673,2098,2976,2496,2506,3542,2656,2233
"LY6G6E",0,0,0,0,0,0,0,0,0,0,0
"POR",2342,2916,2484,2854,2563,2474,2506,2300,3067,2939,2060
"CTSL",5610,5828,5303,5606,3928,5213,6404,4616,6340,6709,4539
"PROSER1",3806,3906,5031,3730,4810,4100,4992,3336,4141,4440,2824
"C9orf117",0,2,1,1,0,0,0,2,0,1,0
"C17orf51",832,962,947,1033,812,701,1146,674,934,1049,636
"TMPRSS4",3,9,11,12,4,12,8,10,16,22,11
"GTF3C2",3149,3787,3607,3878,2873,2888,3903,2658,3709,4391,2552
"PRLR",46,56,41,58,31,56,30,29,55,25,15
"SYCP3",0,6,1,1,2,2,2,0,1,1,1
"NIN",3089,3862,3348,3621,2284,3497,3534,2719,3771,3335,2786
"VEGFB",974,1158,1196,1073,1392,1053,1180,1139,1218,1177,827
"BHLHB9",73,66,104,58,49,75,77,60,77,96,43
"DZIP3",739,815,856,800,504,826,872,704,912,877,591
"ATF4",9768,14307,11214,14710,9852,10570,12103,9825,12603,11540,8503
"PCP4",0,0,0,0,0,0,0,0,0,0,0
"TOMM40",8252,10385,8463,11592,9851,6110,9080,6797,9549,10142,7073
"NANOG",0,0,0,0,0,0,0,0,0,0,0
"AC078925.1",0,0,0,0,0,0,0,0,0,0,0
"RPS15A",1691,1935,844,1804,612,1555,925,1359,2246,958,1363
"RBFOX1",0,1,0,0,0,0,0,0,0,0,0
"BAMBI",78,93,87,113,88,72,87,64,144,178,105
"NPDC1",2774,2353,2329,2033,2101,2354,2109,2244,2407,2084,1981
"OPA3",1760,2049,1892,2214,1825,1510,2169,1347,2108,2530,1497
"PFKFB1",24,25,18,20,9,15,27,14,30,12,21
"FGF19",0,0,0,0,0,0,0,0,0,0,0
"LMNA",10379,11009,11693,12233,15066,9712,12034,9143,14472,16253,9716
"HSPB6",11,5,8,10,16,16,13,14,13,9,9
"SPHK2",493,550,476,697,742,338,463,354,590,781,453
"EIF5A",50338,58759,50869,61575,55499,38432,55110,39682,50633,56577,40902
"PGP",1336,1624,1381,1658,1544,1101,1542,1076,1737,1718,1072
"IP6K3",6,0,3,0,0,3,1,0,2,0,1
"N6AMT2",204,255,231,251,204,187,269,155,277,287,165
"PUF60",3089,4078,3470,4142,3543,2528,3797,2619,3909,4464,2522
"OR51A2",0,0,0,0,0,0,0,0,0,0,0
"PHOX2A",0,0,0,0,0,0,0,0,0,0,0
"AC090186.1",0,1,0,0,1,0,0,1,1,0,1
"QPRT",1,2,7,2,4,3,4,8,3,7,4
"KIR3DL1",0,0,0,0,0,0,0,0,0,0,0
"MITF",313,339,258,354,273,292,367,236,567,613,461
"NFE2L1",5032,6546,5348,7098,5168,4578,5589,4256,6358,7043,4882
"AC109583.1",0,0,0,0,0,0,0,0,0,0,0
"DPPA3",0,0,0,0,0,0,0,0,0,0,0
"PLTP",8,8,3,3,3,11,5,15,5,6,7
"HM13",4041,4689,3707,4188,3580,3331,4205,3223,3902,4060,2745
"C1orf195",0,0,0,1,0,0,0,0,0,1,0
"HGS",5957,6916,6669,6881,7431,5127,6735,5477,7118,7906,5648
"TNFAIP8L3",71,81,113,72,63,103,100,68,63,70,39
"PARP12",477,457,565,421,457,411,622,376,548,761,434
"RGSL1",0,0,0,0,0,0,0,0,0,0,0
"GNB4",1385,1719,1850,1624,1495,1527,1891,1216,1862,1897,1245
"REG3A",0,0,0,0,0,0,0,1,0,0,0
"TMPRSS12",0,0,0,0,0,0,0,0,0,0,0
"PKP1",2505,2285,3040,3243,3351,2154,2991,2051,3934,5433,3179
"AC002365.1",1,0,1,0,1,3,2,0,1,3,1
"PPP1R8",3383,3702,3238,4186,2842,2909,3722,2558,4133,4231,2782
"MRGBP",3140,3587,3572,3499,3306,2732,3692,2641,3385,3564,2303
"DOCK4",163,154,207,150,130,170,229,134,195,259,128
"LRRC61",253,430,368,445,412,230,364,259,405,535,261
"SERINC1",4175,4752,4039,4672,3187,4849,4592,3950,5982,5074,3902
"CEP68",679,491,771,481,588,627,695,520,476,494,311
"AQP3",33,37,28,76,65,46,27,45,61,131,98
"GSC2",0,1,0,0,0,1,0,0,4,0,0
"NINJ1",424,472,480,427,539,404,403,411,433,421,252
"GTF3C3",2152,2432,2864,2250,1895,2198,3218,2091,2488,3292,1839
"NFATC3",3179,3367,3283,3606,2751,2805,3666,2440,3696,3681,2524
"MPDU1",2026,2310,1502,2519,1554,1437,1953,1374,2230,2509,1515
"CRELD1",616,349,526,313,426,491,508,373,449,474,299
"MAB21L1",4,4,4,1,1,2,5,2,1,4,2
"OSM",2,0,0,0,0,0,0,0,0,0,0
"SLC6A2",1,6,1,1,4,1,2,1,1,3,1
"RP11-407N17.3",0,0,0,0,0,0,0,0,0,0,0
"CHRNA10",40,26,17,27,14,9,29,17,30,31,30
"SETD2",3911,4897,4586,4744,2886,4398,4969,3362,4601,4958,3529
"SLC7A9",0,0,0,0,0,0,0,0,1,0,0
"RNF38",390,458,417,374,286,399,423,334,414,452,322
"ATP1A1",41683,44795,47044,49502,44591,44724,46380,39537,55390,53042,35751
"ZMIZ1",1459,1672,2145,1827,2141,1614,1800,1600,1793,2137,1447
"TRPM8",1,3,1,0,3,0,0,1,2,1,1
"MYO1C",11390,13118,14803,14508,14767,11006,15521,10556,15258,19855,11086
"AURKA",7387,7608,7713,8586,6279,6227,8382,5777,9250,9081,6134
"C8orf82",256,249,285,321,354,242,284,259,322,325,217
"CFLAR",1138,1188,1287,1116,922,1342,1237,1109,1522,1501,1267
"ZNF669",454,500,438,510,306,447,478,347,593,588,410
"LIAS",605,716,598,822,453,548,776,486,722,750,508
"ZC4H2",0,0,0,0,0,0,0,0,0,0,0
"EXOSC5",870,941,878,932,913,693,917,655,956,978,576
"RGS17",375,318,343,269,259,405,398,250,411,345,207
"SERPINB1",982,1063,1264,1807,1306,1041,1591,1027,2716,3226,1986
"GDF5OS",0,0,0,0,0,0,0,0,0,0,0
"AIM1",7464,7928,7981,6884,4588,7671,8698,6165,7570,7561,5169
"PLCH1",146,126,181,117,100,156,169,123,93,120,73
"ARNTL2",1971,2067,2276,2230,1703,2508,2765,1856,3147,3649,2220
"GPR52",0,0,1,0,0,0,1,1,1,0,0
"CYTH1",1263,1297,1198,1347,1047,1068,1320,923,1371,1456,975
"ALOXE3",166,163,197,178,173,149,221,156,174,232,181
"C17orf62",1508,1517,1461,1405,1306,1232,1505,1361,1636,1662,1238
"SIGLEC9",2,1,0,0,0,0,0,0,1,0,2
"AADACL4",0,0,0,0,0,0,0,0,0,0,0
"NAP1L4",6089,6578,7081,6644,6027,5655,7466,5231,6976,8196,5234
"NPIPB6",17,12,13,13,6,10,7,8,10,19,21
"DDX56",3400,4185,3533,4536,3224,2587,4082,2536,4213,4848,2795
"SYT15",5,9,1,2,5,7,0,1,3,3,2
"C1orf100",0,0,0,0,1,0,0,0,0,0,0
"ZNF740",2601,2892,3039,2688,2014,2609,3053,2080,2542,2831,1813
"PALMD",25,18,36,10,29,35,20,53,14,7,13
"FBXO21",1702,2134,2156,1879,1676,1941,2288,1687,2096,2225,1453
"OR4D9",0,0,0,0,0,0,0,0,0,0,0
"PARD6B",316,341,321,288,248,357,293,244,360,360,247
"FAM19A4",0,0,0,0,1,0,0,0,0,0,0
"CD27",1,5,4,0,0,1,3,6,2,1,4
"CAMKMT",192,206,248,183,194,202,228,173,188,214,151
"OR2S2",1,0,0,0,0,0,0,0,0,0,0
"HBZ",0,0,0,0,0,1,0,0,0,1,0
"HSPA12A",165,149,174,168,143,177,178,130,190,227,118
"SLC9A8",852,1065,921,954,771,719,936,784,973,1015,769
"OR6P1",0,0,0,0,0,0,0,0,0,0,0
"HP",0,0,0,0,0,0,0,0,0,0,0
"MAS1L",0,0,0,0,0,0,0,0,0,0,0
"PLA2G2A",1,0,0,0,0,0,0,1,0,0,1
"KRTAP4-1",0,0,0,0,0,0,0,0,0,0,0
"PEX13",1520,1600,1641,1501,1184,1790,1668,1331,1810,1711,1216
"CUEDC1",661,777,868,747,811,808,762,955,862,821,705
"CRABP1",0,0,0,0,0,0,0,0,0,0,1
"DUX4L5",0,0,0,0,0,0,0,0,0,0,0
"TIE1",1,0,0,0,2,0,0,2,2,0,1
"SESN1",307,297,319,190,181,290,276,230,238,233,124
"GRID1",0,0,0,0,0,0,0,0,0,0,0
"BATF3",14,19,28,28,48,21,30,14,41,41,35
"TUT1",1408,1269,1526,1257,1519,998,1587,922,1107,1494,852
"NPEPPS",5475,5791,6931,5900,5257,5874,7213,4889,7570,9167,5153
"FDX1",1248,1540,1328,1749,1393,1331,1479,1059,1916,1646,1049
"OPALIN",0,0,0,0,0,0,0,0,0,0,0
"ADC",45,34,51,35,56,46,52,56,54,45,43
"AL161784.1",0,0,0,0,0,0,0,0,0,0,0
"NRBF2",612,636,639,823,556,686,748,559,857,844,601
"PYGO1",98,101,129,118,112,108,109,84,122,87,69
"SPATA19",0,0,0,0,0,0,0,0,0,0,0
"CTU2",835,944,1009,858,950,648,1075,698,804,984,599
"RP11-127H5.1",0,0,1,0,0,0,1,0,0,0,3
"PTPN20A",67,74,81,64,53,76,70,75,104,72,57
"ECE2",761,753,718,859,933,574,800,569,844,921,488
"APOL5",0,0,0,0,0,0,0,0,0,0,0
"POTEI",14,18,13,17,36,18,19,9,30,27,12
"AVPR1A",0,0,0,0,0,0,0,0,0,0,0
"HMG20B",2641,2742,2858,2681,3157,2423,2583,2741,2819,2678,2484
"TEDDM1",0,0,0,0,0,0,0,0,0,0,0
"ISCA2",610,653,501,505,377,591,522,527,617,529,401
"VPS41",1043,1272,1338,971,882,1246,1376,1075,1227,1304,795
"C18orf63",0,0,0,0,0,0,0,0,1,0,0
"SH2D4A",2068,2460,2243,2755,1928,1721,2656,1490,2612,3274,1944
"EIF5A2",528,639,388,626,375,450,535,370,640,519,452
"PSMD14",6882,7471,6667,7578,4984,6983,7595,5802,8501,8290,5622
"ARL3",452,435,374,373,249,472,351,402,422,306,261
"C3",10876,11563,11778,12427,10542,13517,10691,10871,16514,15411,12108
"RHOBTB1",130,106,236,88,149,166,172,150,165,201,137
"ETNK2",248,210,234,196,260,222,148,204,215,133,98
"ZNF251",319,289,330,265,226,324,281,272,305,329,249
"ZNF184",422,389,489,346,286,405,505,285,443,497,271
"MCOLN2",347,367,362,318,243,381,404,311,367,328,305
"TMEM120B",859,877,1055,780,986,853,965,784,846,958,692
"DPYSL5",1,4,1,1,1,3,3,1,4,4,4
"RXRG",0,0,0,0,0,0,0,0,0,0,0
"TRIM32",723,716,825,636,648,640,846,518,814,857,500
"TRIM73",17,13,8,10,7,6,7,9,12,22,16
"CP",3,2,3,1,3,2,3,4,4,1,2
"CSAD",211,217,151,100,90,229,159,144,157,121,139
"SMG5",4106,5233,4489,5186,3901,3554,5306,3115,4709,5963,3323
"OR1L1",0,0,0,0,0,0,0,0,0,0,0
"PDE6C",0,0,0,0,0,0,0,0,0,0,0
"PEF1",2577,2838,2666,2783,2370,2046,2955,2066,2715,3174,1916
"METTL24",0,0,0,0,0,0,0,0,0,0,0
"ZNF8",356,373,327,318,252,305,297,222,302,340,209
"PCMT1",4575,4446,3585,4372,2949,4267,4113,3362,5297,4232,3319
"SHOX2",151,139,150,98,119,186,137,130,122,115,89
"VRK3",515,471,502,429,384,436,578,350,517,615,385
"TMEM171",23,23,15,23,26,25,38,26,57,43,51
"RAD51AP2",1,0,2,4,2,2,8,4,4,0,1
"MOGAT1",1,1,1,0,1,2,4,0,1,0,0
"CALM3",6599,7330,8339,8165,11040,6708,7732,6442,8681,9979,6365
"CMC1",882,1058,778,1098,572,958,849,840,1073,935,686
"NRTN",4,8,14,8,21,6,8,9,5,1,2
"CFHR4",0,0,0,0,0,0,0,0,0,0,0
"UTY",0,0,0,0,0,0,1,0,0,2,1
"IAPP",0,0,0,0,0,0,0,0,0,0,0
"TCP11X2",0,0,0,0,0,0,0,0,0,0,0
"GLB1L2",0,0,0,0,0,0,0,0,0,0,0
"ZBTB25",891,855,817,663,593,919,811,550,834,778,558
"CCDC8",0,0,0,0,0,0,0,0,0,0,0
"SOWAHA",6,10,5,0,10,5,5,4,3,9,3
"SIPA1L2",1029,1128,1197,1214,1069,1086,1169,789,1203,1359,825
"EWSR1",12230,15012,13103,15491,11719,10880,14411,9908,13767,15901,11214
"MFI2",978,1137,893,1404,1111,1106,1088,1069,2186,2275,1698
"TRAFD1",1130,1149,1182,1086,1051,1008,1328,927,1362,1601,870
"TAP2",5181,6053,5029,5636,5221,4271,5935,4343,6071,6226,4544
"SLAMF1",0,0,0,0,0,0,0,0,0,0,0
"GSK3B",5105,5764,6605,5940,5088,5831,6778,4994,7074,7711,5103
"ENOX1",118,154,125,119,105,84,156,102,101,112,51
"GOT2",13540,15395,15836,15572,13278,11931,17380,10952,16440,18409,10678
"UBXN6",1303,1471,1448,1463,1698,1136,1539,1290,1390,1583,1108
"INPP5F",637,740,866,713,624,645,878,598,921,1151,664
"C5orf49",0,0,0,0,0,0,0,0,0,0,0
"DMRT3",0,0,0,0,0,0,0,0,0,0,0
"DYNC1LI2",10883,12256,11946,11318,8716,11728,13040,8738,13255,13614,9416
"EPN3",530,568,595,574,620,401,542,400,502,700,360
"ITGA6",6841,7320,6621,8126,5774,7543,7867,5993,11133,9765,7482
"FGF2",112,109,118,132,128,126,123,70,138,115,82
"MED18",760,699,717,645,484,678,802,512,822,895,579
"TMEM87A",1527,1991,1324,1856,1008,1557,1516,1367,2022,1542,1309
"HNRNPH1",23524,24124,19056,21854,16092,21980,23225,14208,24573,23039,16836
"STEAP4",743,1045,839,1094,534,928,929,793,1259,1680,1143
"SPANXD",1,0,0,0,0,0,0,0,0,0,0
"BRAF",524,545,555,507,418,602,570,424,555,581,354
"BTN1A1",0,0,0,1,0,1,1,0,2,0,0
"S100A6",10942,12893,11033,9587,7830,12405,11656,11983,13642,11415,8628
"LCE1B",0,0,0,0,0,0,0,0,0,0,0
"UBE2A",2250,2456,2398,2411,1752,2255,2636,1958,2770,2813,1766
"DIS3L",1243,1482,1546,1654,1192,1335,1592,1139,1746,1612,1192
"SLC16A12",10,8,4,4,9,14,4,6,17,3,4
"RBM23",2881,2974,3041,2694,2249,2492,3156,2244,2927,3182,2115
"WDR34",3203,4139,3699,4395,4404,2857,3599,3097,4275,3990,2584
"SUMO2",4013,4596,3726,4523,3678,3789,4105,3063,4869,4352,3147
"KIAA1430",6078,6648,7378,6381,5391,6269,7467,5234,6920,6878,4748
"OPN1MW2",0,0,0,0,0,0,0,0,0,0,0
"DST",3998,4711,4120,4345,2129,5465,4432,3401,4676,4087,3121
"DNAJB14",1171,1319,1088,1071,843,1385,1148,925,1310,1027,796
"FSCN1",12950,14240,15617,14024,17017,10371,16273,10663,13279,16933,9562
"PCNP",6151,7014,6046,6366,4939,6360,6587,4647,7172,6632,4596
"KRTAP1-5",0,0,0,0,0,0,0,0,0,0,0
"CERS1",15,14,18,34,37,20,15,13,38,36,19
"OR51L1",0,0,0,0,0,0,0,0,0,0,0
"RP11-723G8.2",0,0,1,1,0,0,1,0,0,0,0
"NACAD",8,8,6,3,9,14,6,6,12,19,8
"TTC32",159,142,153,111,99,186,132,168,135,116,124
"ZHX1",2295,2345,2358,1963,1415,2033,2523,1507,1904,1961,1369
"AC111200.1",0,0,0,0,0,0,0,0,0,0,0
"FAM26F",0,1,3,3,0,1,2,0,4,0,3
"RFESD",78,86,61,66,51,58,63,55,73,59,43
"TSPY8",0,0,0,0,0,0,0,0,0,0,0
"TRABD2A",539,632,640,731,633,532,564,544,789,657,548
"WNT2B",45,49,61,36,44,47,44,38,27,41,43
"DDOST",14417,15679,12420,16402,10762,12540,12992,11654,15449,14972,11203
"BORA",986,966,860,1089,610,906,1001,831,1272,1156,858
"OR2B2",0,0,0,0,0,0,0,0,0,0,0
"TRIM36",104,114,107,136,78,123,137,86,166,143,100
"ARL14EP",693,609,658,622,500,660,756,515,722,744,493
"AKIP1",756,926,851,987,774,702,938,668,954,1125,708
"VTI1B",1542,1676,1511,1778,1118,1458,1691,1169,1854,1790,1114
"DPF3",1,3,1,0,0,2,0,2,1,2,0
"SULT1C4",0,0,2,0,0,0,0,3,0,0,0
"KCNAB1",2,4,2,2,2,7,5,6,3,7,1
"ACAP3",1273,1166,1114,839,1077,1095,1050,886,1193,1146,820
"BEGAIN",492,384,534,649,978,413,491,471,956,977,733
"HDC",1,1,3,1,0,0,2,3,0,0,0
"CALR",32312,34143,27843,36383,22873,30640,30404,26095,38044,37611,27379
"MAGEB5",0,0,0,0,0,0,0,0,0,0,0
"C8orf37",171,272,227,191,100,206,244,198,206,163,148
"TBX21",0,0,0,0,0,0,0,0,0,0,0
"PLEKHA7",382,497,428,596,431,409,452,439,800,1063,728
"TUBG2",774,665,642,543,566,715,648,630,828,746,746
"ST6GALNAC1",3,4,4,7,1,5,4,6,3,3,8
"GDPD4",0,0,0,0,0,0,0,0,0,0,0
"IVD",3244,3665,3881,2938,2790,2903,4151,2602,3063,3452,2034
"GPN1",1020,1213,1084,1130,670,912,1195,875,1319,1343,901
"MMP23B",1,1,5,5,2,0,1,1,1,1,1
"C11orf65",7,12,24,14,13,18,14,8,13,8,12
"CLUL1",1,2,0,2,1,1,1,1,2,0,1
"PKD1",1606,1737,1617,1867,1938,1372,1662,1224,1683,1708,1195
"IDNK",187,198,171,180,132,151,172,191,206,205,154
"GLOD5",4,0,1,6,1,3,3,1,3,3,2
"SPTB",46,47,39,53,30,34,61,29,42,46,29
"BRMS1L",1151,1359,1128,1254,884,1189,1282,987,1406,1275,895
"CGREF1",0,1,1,0,0,0,0,0,0,1,1
"GPHA2",0,0,0,0,0,0,0,0,0,0,0
"IRS2",1422,1615,1776,1549,1908,1595,1673,1317,1556,1413,1010
"SP6",105,111,120,142,101,112,109,121,142,193,174
"CNNM1",0,1,0,1,0,0,0,0,2,1,0
"AC006126.3",1,1,1,1,0,0,2,0,0,1,0
"TMEM98",0,0,0,1,0,1,0,1,0,0,0
"MFSD10",2548,2905,2955,2750,4166,2316,2623,2597,3171,2851,2215
"COL4A4",43,65,62,44,44,69,72,61,50,78,54
"IVNS1ABP",4583,4528,5727,4344,4477,4507,6197,3962,5754,6788,3946
"KLC4",465,444,574,315,371,568,494,498,442,454,331
"KATNAL1",480,611,568,533,432,615,638,473,706,641,469
"SCHIP1",1,0,0,0,0,0,0,0,1,0,1
"NDUFB1",542,591,385,611,369,568,417,427,626,482,417
"HIST1H4F",0,0,0,0,0,0,0,0,0,0,0
"CACNA2D4",2,6,2,3,3,2,2,3,5,12,6
"JAGN1",2221,2424,1896,2285,1527,1894,2039,1747,2377,1928,1493
"SOD1",5002,5123,4579,5130,4076,4440,5358,3633,5498,5818,3480
"RNF114",3333,3481,3605,3366,2904,3294,3993,2866,4107,4217,2571
"PAEP",34,35,81,28,64,92,61,53,39,30,17
"HJURP",2287,2363,2064,2396,1805,1833,2261,1607,2662,2675,1911
"CD200R1L",0,0,0,0,0,1,0,0,0,0,0
"IL1RAP",2194,2799,2398,2486,1638,2380,2371,1992,2365,1594,1370
"HLA-DPB1",1,0,0,0,0,0,0,0,0,0,0
"AL590822.1",7,7,4,3,4,5,8,13,11,5,2
"SEPHS1",3392,3751,3545,3475,2864,2996,3928,2588,3633,3466,2325
"RP11-481A20.11",14,9,6,7,17,6,6,6,11,11,5
"CLDN8",1,1,0,0,0,1,1,3,0,0,2
"FLNB",9285,11671,8182,11381,6372,9733,10341,8999,13305,12505,10776
"RPS6KL1",154,217,146,160,143,121,177,160,189,185,214
"MILR1",4,3,8,6,5,6,1,7,8,3,5
"GALT",199,208,189,130,138,167,188,154,148,177,137
"CCL2",0,0,0,0,0,0,0,0,0,0,0
"TCEAL3",116,141,121,115,99,125,129,95,138,122,105
"VPS51",2112,2487,2328,2549,2429,1743,2352,1709,2354,2709,1593
"C14orf166",4398,4756,4469,4675,3504,4302,5254,3817,5365,5032,3415
"TNS3",1951,2260,2165,2453,2028,1922,1938,1692,2213,1970,1529
"SERPINA4",0,0,1,0,0,0,0,0,0,0,0
"TTLL6",0,0,0,0,0,0,0,0,1,0,0
"HERC3",821,979,919,963,703,827,1091,741,1073,1303,825
"PHC2",6467,7437,7630,7407,6828,5403,8053,5964,7037,7477,5081
"CERS4",31,40,40,40,33,36,34,40,32,34,21
"APRT",4192,5134,4536,5852,5838,3412,4865,3657,5236,5458,3068
"SUCLG2",4563,5074,5715,4212,3529,5707,5496,4648,5312,4729,3402
"PTCD3",4167,4130,4314,4011,2853,4085,4582,3350,4838,5071,3284
"DFNB59",52,53,48,38,21,71,48,50,46,49,42
"SAYSD1",543,594,539,638,536,426,544,408,698,662,430
"GPR126",1802,1725,1649,2111,1486,1808,1720,1399,2501,2045,1719
"GTSF1L",0,0,0,0,0,0,0,0,0,0,0
"CLCA2",15,16,15,8,1,9,6,9,8,10,7
"CYP4A11",8,2,2,3,1,7,2,4,3,2,1
"SETD1A",3882,5011,4517,5140,4736,3362,4435,3433,4124,5045,3487
"ELANE",0,0,0,0,0,0,0,0,0,0,0
"OR2L13",0,0,0,0,0,0,0,0,0,0,0
"NPTN",3512,3724,3064,3834,2704,3453,3272,2712,4471,3398,2775
"SIRT1",1235,1352,1204,1305,771,1223,1388,893,1349,1304,838
"FAM13C",9,6,11,2,8,5,8,4,11,1,4
"PDSS2",708,741,825,739,696,688,889,579,902,944,585
"GPSM3",107,115,97,117,106,101,106,138,164,184,193
"SELK",299,364,249,322,160,350,254,263,379,342,265
"BRDT",1,0,6,3,2,3,1,6,7,22,19
"SNX8",1216,1622,1281,1565,1318,1110,1350,1229,1537,1684,1213
"GALNT14",1151,1413,1263,1517,1132,1074,1447,1010,1550,1702,983
"LINGO2",0,0,0,0,0,0,0,0,0,0,0
"UBR3",2144,2436,2124,2410,1476,2423,2197,1670,2585,2277,1806
"BECN1",2459,2820,2766,2878,2340,2408,3097,2286,3277,3521,2316
"LPCAT1",1473,1310,1434,1469,1504,1375,1394,1144,1712,1556,1154
"OCM2",0,0,0,0,0,0,0,0,0,0,0
"RBMXL3",0,0,0,0,0,0,0,0,0,0,0
"WDR46",4427,5120,4696,5313,3949,3573,5401,3143,4527,5447,3459
"PHEX",85,82,58,110,44,72,69,68,138,167,89
"C18orf32",28,33,25,20,23,38,28,20,30,31,15
"VSTM2B",0,0,0,0,0,0,0,0,0,0,0
"TRIP10",2928,3278,3420,3353,3071,2708,3364,2750,3459,3414,2650
"SRSF2",10844,15373,12359,14950,12035,11079,12879,9651,14324,14544,9566
"C3orf20",0,3,2,3,0,2,0,0,4,1,0
"CPEB3",67,58,79,53,54,95,60,69,99,86,49
"METAP1",3435,3997,4123,4351,3305,3428,4250,2865,4726,4998,3093
"TMEM132A",1557,1680,1403,2205,2035,1325,1616,1542,2620,3155,2217
"ELK1",3891,4543,4670,4402,4428,3466,4780,3585,3800,4474,2929
"FUT9",130,143,126,129,65,176,112,96,148,112,117
"TRPV6",12,10,2,4,4,4,6,4,9,10,5
"IFIT1",27,26,19,85,27,38,22,32,205,135,111
"OR8U1",0,0,0,0,0,0,0,0,0,0,0
"HNRNPD",17762,20129,18850,20475,14315,17962,21017,14191,19976,20360,14573
"ZSCAN29",1325,1384,1538,1166,1031,1449,1527,1109,1521,1524,1129
"ZNF841",487,490,454,415,237,438,545,389,500,609,518
"FBXL15",223,231,214,218,272,217,254,202,245,266,178
"GYG2",0,0,0,0,0,0,0,0,0,0,0
"PAM16",73,60,48,47,30,64,42,52,64,54,60
"NBPF3",727,680,766,542,503,717,687,613,701,647,434
"SLC22A24",0,0,0,0,0,0,0,0,0,0,0
"MRPL20",1756,2030,1498,1780,1309,1460,1792,1252,2068,1923,1405
"AHSP",0,0,0,0,0,0,0,0,0,1,0
"ZNF763",0,0,0,0,0,0,0,0,1,0,0
"OR2D2",1,1,0,1,1,4,0,0,0,0,0
"GTPBP8",615,804,581,792,437,603,663,497,888,756,503
"OR10W1",0,0,0,0,0,0,0,0,0,0,0
"LPHN2",1538,1320,1626,1088,929,1441,1500,1252,1072,1059,723
"ZNF444",399,427,491,451,705,352,468,355,454,451,302
"TECPR2",647,672,763,593,586,587,775,532,737,733,462
"CLGN",156,159,139,151,83,171,148,159,156,138,118
"COL4A3",29,15,37,20,21,39,37,48,41,34,49
"CDK5RAP1",2119,2339,2290,2305,1823,1809,2440,1644,2443,2469,1739
"PGA3",0,0,0,0,0,0,0,0,0,0,0
"TMEM59",3826,3931,2945,3649,1915,3973,2991,3318,4608,3694,2984
"ZNF879",15,16,17,26,12,13,17,16,24,27,10
"KIF24",256,335,303,256,201,225,314,209,298,352,198
"RP5-1052I5.2",1,2,3,1,2,1,1,2,6,2,1
"KIAA1257",12,14,24,38,34,13,16,12,57,42,31
"CTRC",1,0,2,2,0,2,2,4,0,0,1
"SPAG17",13,7,2,2,3,4,8,7,9,8,5
"ZNF281",1867,2168,2167,2192,1614,2124,2471,1589,2388,2407,1514
"EVPL",1252,1280,1112,1190,1332,1083,1209,976,1441,1392,1145
"C17orf82",0,0,0,3,4,0,2,4,5,1,3
"TMEM150A",291,234,237,260,256,229,246,187,242,270,144
"CDC14B",1297,1448,1719,1344,1180,1485,1726,1363,1512,1587,1059
"KRT13",0,1,3,1,0,0,4,1,0,4,1
"FBXO36",79,89,82,53,75,88,62,103,74,58,48
"NOX1",0,0,0,0,0,0,0,0,0,0,0
"WNK3",0,0,0,0,0,1,0,1,0,2,1
"AC015987.2",4,5,3,3,1,2,2,2,2,2,0
"HSF5",0,0,0,0,0,0,0,0,0,0,0
"SDR39U1",494,525,480,551,495,508,557,453,590,643,474
"PSG11",0,0,0,0,0,0,0,0,0,0,0
"HIST1H3H",28,23,32,29,27,14,32,13,41,41,17
"ZCCHC18",0,0,0,0,0,0,0,0,0,0,0
"RP11-831H9.11",0,0,0,0,0,0,0,0,0,0,0
"KRTAP21-2",0,0,0,0,0,0,0,0,0,0,0
"MT-CO1",317259,323259,200282,280706,153098,378948,185329,302275,392724,173242,322644
"PRAMEF11",0,0,0,0,0,0,0,0,0,0,0
"ZNF732",179,194,195,210,141,203,204,158,208,212,163
"NRBP2",150,141,186,127,165,187,155,191,197,177,182
"NRIP3",19,29,24,56,39,20,26,26,72,105,56
"LNX1",22,21,20,19,25,34,34,18,42,37,27
"DISC1",64,58,91,56,61,87,92,64,50,79,47
"PTF1A",0,0,0,0,0,0,0,0,0,0,0
"SPRY4",2331,2383,3210,2201,2317,2490,3160,1843,2276,2426,1540
"BCAP29",1711,2132,1468,1972,1063,1879,1662,1508,2285,1593,1504
"ESAM",4,2,2,2,0,2,2,2,6,2,4
"ADAMTSL5",31,49,59,56,82,45,68,62,91,100,56
"SBP1",8,17,7,12,9,12,13,9,12,8,9
"FXYD4",1,4,3,2,1,7,2,2,4,3,5
"CEP70",748,711,760,638,457,797,703,700,777,659,536
"TLCD1",338,466,488,826,753,335,428,394,812,842,531
"TMEM68",426,439,390,433,274,486,350,412,545,356,381
"ALDH3A2",3551,3682,4455,3262,3026,3880,4727,3400,4000,4682,2684
"CSNK1G2",3476,3893,4356,4033,4922,3255,4156,3317,4104,4183,2915
"MGAT5B",263,349,292,375,315,262,247,273,371,273,284
"AL606500.1",0,0,0,0,0,0,0,0,0,0,0
"USP17L24",0,0,0,0,0,0,0,0,0,0,0
"NKX1-2",1,7,11,9,12,1,2,3,14,19,8
"SF3B3",10601,11823,12006,11850,9594,9431,13124,8242,11743,14169,8032
"GTPBP4",5849,6807,6781,7430,5581,5395,7996,4898,7196,8840,5397
"MAN2C1",1676,1913,1661,1460,1455,1669,1628,1579,1981,1756,1568
"DDX47",4654,5015,4666,5085,3076,4369,5419,3849,6060,6303,4368
"NIM1",6,8,3,3,1,5,5,4,5,7,2
"SH3RF1",1036,1334,1115,1397,947,924,1317,768,1594,1983,1154
"RARA",742,914,826,1067,945,579,788,598,807,953,611
"ATP2A3",32,54,58,61,69,66,42,61,85,83,57
"TCEA3",23,9,12,10,14,13,16,15,8,19,9
"CAPRIN2",1016,920,932,812,524,1011,985,829,1083,1051,967
"MGAT2",1518,1560,1511,1498,1427,1393,1502,1277,1836,1758,1217
"ZFHX2",38,7,26,20,43,31,31,20,35,58,11
"CRYZL1",324,360,302,310,164,354,303,296,379,300,275
"ACACB",40,49,45,58,45,33,49,33,52,68,51
"TGFB2",1797,2657,1615,3449,1654,1927,1712,1529,3092,2579,2244
"CDO1",0,2,0,0,0,0,0,0,0,0,0
"ROPN1L",0,1,0,0,1,0,0,0,2,1,0
"MRPL27",1037,1162,942,1071,743,840,1074,730,1047,1062,658
"AC022210.1",0,0,0,0,0,0,0,0,0,0,0
"SH2D3A",1320,1700,1417,1727,1706,1290,1483,1233,1803,1853,1434
"RERGL",0,0,1,0,0,1,0,0,0,0,0
"WWC1",2103,2539,2379,3125,2594,1871,2731,1717,2997,3736,2228
"VSIG10",692,681,754,794,741,781,803,703,1250,1373,948
"AGTR1",0,0,0,2,0,1,0,1,0,2,0
"GPATCH3",666,743,598,719,563,519,681,477,696,792,491
"ZNF229",131,105,128,76,72,85,120,88,86,104,81
"ARSI",110,150,95,186,98,74,136,96,145,183,86
"DNAJC5G",1,0,2,2,0,0,0,1,1,5,2
"HSPA4",13298,13666,15143,15232,11427,12489,17021,10209,16356,18374,10700
"GAB4",0,0,0,0,0,0,0,0,0,0,0
"FBXW10",7,5,10,7,5,3,6,1,11,7,17
"LRRC37A2",62,77,74,78,59,70,62,59,69,67,59
"GAGE12G",0,0,0,0,0,0,0,0,0,0,0
"KRTAP10-10",0,0,0,0,0,0,0,0,0,0,0
"POU1F1",0,0,0,0,0,1,0,0,0,1,0
"SF1",14454,18725,17599,20053,18169,12634,18115,12549,16677,19185,13032
"PDGFRB",11,4,8,10,4,9,8,4,3,9,9
"NPSR1",0,0,0,0,1,0,0,0,0,0,0
"ZFP69",385,456,464,412,326,352,470,400,472,486,351
"ADAM20",1,1,0,4,1,0,1,3,1,2,2
"PKHD1",2,2,2,1,1,0,0,3,2,0,0
"SOX4",3138,3194,3600,3335,3735,3037,3544,2429,3526,3926,2891
"KRTAP13-4",0,0,0,0,0,0,0,0,0,0,0
"SNX29",354,388,433,354,322,370,493,332,395,577,308
"PLD1",532,473,923,462,626,806,911,760,817,1114,560
"OR1J2",0,0,0,0,0,0,0,0,0,0,0
"RNF121",876,1097,840,1037,641,813,930,720,1082,942,734
"BDP1",2543,3172,3001,3164,1934,2878,3053,2100,3083,3153,2388
"PORCN",822,817,835,774,872,709,758,728,928,904,606
"HLA-DQA2",0,0,0,0,0,0,0,0,0,0,0
"SEC13",4276,4927,4365,4751,3820,3897,4908,3761,5441,5575,3440
"DVL3",3871,4141,4321,3949,4498,3428,4437,3382,4189,4899,3105
"HSD17B2",0,0,0,1,0,0,0,0,2,0,0
"AC004899.1",0,0,0,0,0,0,0,0,0,0,0
"POM121C",3197,3957,3531,4185,3315,2832,3515,2862,3401,3539,2672
"IRF2BPL",1060,1073,1195,1012,1135,1010,1197,972,1133,1261,803
"C19orf52",465,509,512,460,485,419,534,325,528,593,393
"FBN2",59,75,52,65,31,69,47,45,46,31,36
"PRDX4",3961,4422,2572,4528,1828,3445,2716,3104,4534,2665,2908
"C12orf23",1233,1426,1305,1170,1137,1376,1292,1051,1538,1257,981
"MS4A4E",0,0,0,0,0,0,0,0,0,0,0
"PPP1R13B",624,576,596,574,520,528,557,450,701,790,533
"TMPRSS13",30,40,32,33,44,25,42,36,57,59,47
"ELMO1",1,0,2,0,1,1,1,2,0,0,0
"RACGAP1",4333,4520,4585,4801,3231,4059,4943,3531,5535,5770,3967
"CHEK2",651,730,836,640,637,700,903,563,734,860,577
"TRAF4",1965,2288,1937,2359,1797,1589,2138,1677,2578,2626,1825
"ACTC1",5,9,6,16,12,6,5,1,16,9,9
"TMEM223",816,994,749,890,909,633,771,713,951,811,571
"LYRM7",801,839,719,615,577,659,796,597,715,698,490
"FGF13",209,236,277,175,212,249,269,225,196,196,113
"PSMC2",4516,4941,4370,4884,3273,4387,4953,3603,5689,5829,3754
"CCNO",365,335,442,383,562,296,429,301,377,491,241
"CHST7",102,81,78,151,141,70,79,68,153,162,91
"CCDC151",12,18,18,6,7,6,5,8,8,13,14
"CLK4",744,759,559,625,388,883,573,430,748,534,419
"INVS",940,956,1273,828,896,1058,1217,865,1046,1124,733
"C11orf83",479,641,499,726,791,389,567,409,537,636,423
"AKAP12",1650,2097,1667,2995,1602,1399,2487,1705,2725,3869,2499
"IBA57",966,1280,1068,1227,938,837,1126,769,1050,1120,880
"NRAS",4469,5256,4799,5169,3561,4804,5087,4006,6016,5447,3960
"LACE1",305,328,384,327,249,303,376,242,326,360,191
"EIF4E3",342,357,437,311,279,414,444,383,382,327,263
"TIMELESS",2683,3200,3102,3121,2809,2452,3289,2278,3131,3838,2330
"LILRA2",0,0,0,0,0,0,0,0,0,0,0
"SPAG7",1584,1767,1748,1648,1426,1411,1738,1364,1746,1913,1239
"FLOT1",4144,4802,5703,6735,7187,4295,5571,4112,7296,7840,4803
"CDK5R2",1,2,5,5,12,8,9,10,7,11,7
"GPR180",1407,1421,1122,1371,910,1373,1120,991,1704,1068,974
"MXRA7",618,716,761,871,778,899,753,818,1096,893,694
"C22orf31",0,0,0,0,0,0,0,0,0,0,0
"ZDHHC12",1013,1215,1062,1327,1445,804,1060,1099,1346,1286,897
"AQP11",10,7,8,12,9,8,11,3,7,5,4
"BTBD3",4215,4722,4500,4687,3777,4490,4708,3227,5301,4755,3189
"CCDC25",1955,2176,2102,2235,1707,1885,2274,1598,2230,2226,1613
"POLR3GL",187,218,328,149,205,288,303,305,167,227,191
"COQ4",1102,1218,919,988,934,888,931,873,1103,980,768
"RPN2",10723,11527,10024,11762,8569,9520,11227,8800,13177,12757,8592
"USP26",0,1,0,0,2,0,3,1,0,1,0
"AC006455.1",0,0,0,0,0,0,0,0,0,0,0
"BFAR",1984,2138,1930,2018,1441,1731,2068,1653,2263,2169,1568
"PRDM8",64,34,87,33,56,67,85,66,63,58,48
"FEZ2",578,762,827,824,682,639,952,661,890,893,672
"MGMT",408,406,439,484,505,362,430,359,548,520,354
"PCDHB13",1,1,1,0,0,2,0,1,3,2,3
"C20orf24",383,453,319,497,503,313,410,331,474,477,286
"C2orf50",0,0,0,0,0,0,0,0,0,0,1
"CACTIN",987,1244,1040,1201,1217,702,1171,691,1059,1405,875
"TARS2",1508,1578,1987,1452,1620,1346,1945,1288,1472,1825,1066
"TPST2",190,181,164,188,195,147,186,116,206,228,139
"CSNK2A1",2656,3171,3207,3301,2703,2658,3458,2457,3395,3713,2302
"CCDC105",0,0,0,0,0,0,0,0,0,0,0
"SCLY",1092,984,1262,970,1066,965,1176,742,986,1150,657
"DLX4",85,101,111,136,188,93,89,101,110,144,90
"COMMD1",399,439,296,421,191,348,366,315,444,335,265
"DUS4L",456,534,538,624,400,446,551,432,650,695,503
"UBE2M",4280,4812,4357,5561,5678,3597,4917,3604,4895,5689,3692
"ABCB6",851,798,711,839,743,829,690,704,1063,896,735
"EDEM2",697,707,762,585,623,812,754,805,778,772,494
"ASUN",6766,7300,8861,6943,6039,6176,9659,5430,6911,8274,4846
"RP11-178C3.1",12,16,10,8,14,13,15,11,11,12,10
"ARFGEF2",4733,5553,6005,5139,4134,5145,6031,4038,5823,6215,3906
"UHRF2",3655,2828,3767,2529,2586,3556,4170,2821,4159,4225,2599
"HERC6",294,326,340,379,215,275,398,254,483,549,333
"CHMP2A",1208,1409,1518,1414,1526,1420,1477,1333,1735,1682,1225
"POLK",841,824,984,752,647,941,1013,751,996,995,639
"MAP3K4",2344,2600,2876,2712,2144,2425,2893,2051,2861,3144,1960
"BSX",0,0,0,0,0,0,0,1,0,0,0
"FAM71F2",4,4,3,2,0,6,2,2,9,6,11
"GPRC5C",436,412,418,403,363,339,457,358,399,474,228
"OR10A4",0,0,0,0,0,0,0,0,0,0,0
"ELP5",992,998,759,912,749,786,898,714,1023,992,625
"C10orf105",0,0,0,0,0,0,1,0,2,0,0
"AC090616.2",15,8,16,8,9,14,12,25,13,16,5
"QDPR",764,877,805,847,735,714,928,699,941,907,530
"ZNRF2",292,310,330,270,351,341,389,225,366,391,265
"TUBGCP3",1696,1949,1987,1923,1673,1533,2187,1468,2148,2406,1415
"CDY1B",0,0,0,0,0,0,0,0,0,0,0
"AC007401.2",2,2,0,0,0,0,2,1,0,0,4
"POLR2J",1364,1537,1258,1648,1047,1218,1247,1174,1591,1504,1091
"CDH6",0,0,0,0,0,0,0,0,0,0,0
"SLA",8,13,5,21,7,8,14,8,20,25,7
"PPM1A",2635,3007,2951,2939,2497,2737,3090,2299,3316,3091,2236
"MS4A1",0,0,0,0,0,0,0,0,0,0,0
"OR8B3",0,0,0,0,0,0,0,0,0,0,0
"ANKRD34C",3,0,1,3,3,3,4,3,6,7,6
"CUTA",2343,2625,2716,2397,2520,2437,2769,2213,2545,2538,1619
"ZNF3",905,992,933,1081,778,881,978,831,1207,1253,921
"DEFB133",0,0,0,0,0,0,0,0,0,0,0
"DKFZP434O1614",0,0,0,0,0,0,0,0,0,0,0
"SALL2",37,18,33,27,33,34,21,24,17,25,5
"SEMA3A",530,568,497,627,345,595,684,498,895,858,670
"SLC31A1",3622,4096,3662,3967,2489,3824,3671,3472,4427,3636,3182
"TTLL9",1,0,0,1,0,1,1,1,1,2,0
"NTRK3",0,0,0,0,0,0,0,0,0,0,0
"RELN",6,8,3,2,2,7,6,6,2,1,2
"TMEM128",287,355,270,348,230,295,297,321,341,268,288
"HIST1H3J",14,4,5,4,5,6,6,3,9,2,7
"UBE2V2",4313,4850,4355,4743,3580,4536,4691,3338,5109,4380,3273
"BRD3",3211,3242,4329,3290,4010,3146,3884,2793,3160,3709,2182
"MZF1",260,263,184,147,142,247,180,176,208,182,227
"FUCA1",1844,2171,1867,1600,1050,2187,1543,2101,1730,1347,1148
"ISL1",92,72,95,62,60,82,89,62,73,57,46
"TBC1D10B",2490,2695,2720,2570,3085,1951,2678,2094,2590,2757,1873
"SNX31",0,0,0,0,0,1,0,0,0,0,0
"RSBN1",1102,1175,1092,1008,827,1096,1071,746,1105,902,630
"ZNF91",1004,1124,1078,1158,568,1016,1121,727,1131,1125,883
"TULP2",0,1,2,1,1,2,1,0,1,0,0
"MRPS24",12,6,3,11,8,8,14,4,11,12,9
"TOM1L1",1019,1173,1205,1204,848,1201,1334,1103,1468,1488,1099
"GBP5",3,3,2,4,2,2,2,3,0,1,2
"AMBRA1",1432,1600,1558,1597,1384,1181,1728,1072,1556,1824,1070
"C15orf61",139,189,155,157,190,163,158,146,197,151,95
"UQCC1",2170,1946,2074,2028,1608,1696,2071,1452,1945,2220,1425
"ID1",3109,3846,2686,4573,3728,1525,2728,1588,2976,3790,1808
"ZNF518B",807,788,880,937,650,884,940,615,1036,1009,611
"MAP7D2",18,22,11,31,11,10,16,14,34,20,28
"CALCA",0,0,0,0,0,0,0,0,0,0,0
"MYL7",0,0,0,0,0,0,0,0,0,0,0
"TBL3",1980,2355,2122,2118,2150,1445,2364,1504,2117,2678,1327
"PPAP2A",120,129,130,123,102,126,157,148,123,128,100
"OR2M5",0,0,0,0,0,0,0,0,0,0,0
"AC132186.1",3,0,0,0,0,2,1,1,1,2,0
"DUSP9",28,46,48,87,82,42,48,40,104,111,83
"MRPS12",1426,1760,1385,1849,1507,1052,1417,1137,1632,1684,1023
"ETS2",1366,1791,1506,2277,1540,1191,1689,1289,2102,2329,1748
"CPS1",1778,1947,2308,1826,1595,1949,2331,1696,2159,2314,1355
"MKRN2",2317,2693,2410,2906,1960,1999,2870,1845,2841,3014,1979
"OR2AT4",0,0,0,0,0,0,0,0,0,0,0
"KRTAP4-8",0,0,0,0,0,0,0,0,0,0,0
"OR2C3",0,0,0,0,0,0,0,0,0,0,0
"TMX3",4577,5507,5043,4965,3578,6071,5065,4477,6643,4793,4279
"C9orf163",41,38,45,33,27,31,27,23,25,43,23
"MAST1",38,31,48,43,66,55,36,45,51,82,38
"NAA30",1914,2055,2100,1847,1806,1931,2357,1416,2356,2164,1415
"POM121L7",0,0,0,0,0,0,0,0,1,0,0
"YTHDF3",2541,2893,2644,2776,2132,2441,2927,1982,3014,3006,1932
"FAM21A",765,893,915,813,585,840,903,737,862,954,681
"CCP110",1671,1806,1765,1724,1251,1848,2014,1316,1970,1895,1272
"CTDSP1",2745,3276,3237,3252,3266,2579,3120,2553,2943,2924,2177
"STX6",2018,2066,2422,1941,2206,2138,2650,1653,2554,2840,1672
"CDC25C",700,658,617,621,418,569,745,575,653,599,478
"KIRREL2",0,0,0,0,0,0,0,0,0,0,1
"LPAR2",523,641,484,687,747,415,542,510,771,774,571
"CSTF1",2404,2422,2582,2321,2111,2330,2721,1922,2848,2747,1765
"CALM2",15173,16979,11721,18023,9235,14326,13032,12072,19248,14978,13278
"ANXA8",7,7,7,18,4,6,5,8,11,12,10
"CASC1",5,4,2,8,5,4,7,3,3,1,3
"GMFB",3592,4249,3049,3532,2607,3795,3250,2545,4357,2798,2564
"AL645608.2",0,0,0,0,0,0,0,0,0,0,0
"ACOT13",1172,1134,1368,1002,932,1356,1376,1238,1289,1393,864
"RUNX2",591,649,703,689,753,697,625,599,820,732,689
"NPRL3",1131,1329,1433,1413,1764,949,1364,947,1361,1480,858
"HIF3A",0,0,0,0,0,0,0,0,0,0,0
"ATAD3B",2160,2775,1775,2625,1825,1535,2210,1319,2288,2677,1810
"NAA50",21819,24847,22627,25169,18195,20599,25153,16849,27105,25304,17491
"S100A7A",0,0,0,0,0,0,0,0,0,0,1
"FAM173A",193,225,216,244,385,154,171,186,263,252,149
"CCDC19",65,76,47,50,50,48,59,49,55,46,41
"MAL",0,0,0,0,0,0,0,0,0,0,0
"MCEE",196,145,145,152,120,167,172,147,183,150,137
"KLHL20",502,528,528,534,417,459,601,381,584,599,404
"IDE",3379,3605,3971,3510,2640,3711,4061,2884,4358,4054,2735
"FAM186B",36,60,46,71,51,38,44,51,57,84,56
"ZNF311",0,0,0,0,0,0,0,0,0,0,0
"ACVRL1",0,0,0,0,0,0,0,0,0,0,0
"LYSMD4",308,306,283,253,280,322,294,307,319,259,221
"ATP8A1",234,316,370,221,228,508,339,333,325,260,202
"KIAA1244",783,1027,1301,882,782,1213,1332,977,939,1321,788
"TOMM20L",1,1,0,3,1,0,4,3,1,3,1
"APOA5",0,0,0,0,0,0,0,0,0,0,0
"EMG1",3751,4300,3239,4542,2464,3000,4102,2798,4458,4551,3016
"CDH15",0,1,0,0,1,0,1,1,0,3,0
"PGAP2",921,907,764,864,843,760,797,682,927,986,600
"NUDCD3",2017,2304,2438,2040,2135,1885,2373,1818,2238,2519,1441
"AC138393.1",0,0,0,0,0,0,0,0,0,0,0
"IQCD",21,26,22,31,25,38,28,24,25,58,28
"MLN",0,0,0,0,0,0,0,0,0,0,0
"SLC20A2",2467,2794,2476,2882,2140,2435,2700,2302,3428,3291,2408
"DNM1L",4074,4720,4628,4801,3448,4515,5271,3542,5579,5621,3502
"HOXA10",910,1119,991,1170,1058,751,1039,764,1196,1432,951
"FIGLA",0,0,0,0,0,0,0,0,0,0,0
"SPATA20",663,693,591,770,561,608,530,555,819,733,638
"ZNF48",822,832,760,841,697,593,802,494,867,883,510
"NYX",0,0,0,0,0,0,0,0,0,0,0
"KIF13A",1689,1749,2039,1589,1317,1946,2211,1479,1828,2111,1258
"PRSS36",43,37,33,39,51,41,40,47,51,77,67
"NCBP1",4920,5576,6360,5708,4474,4636,7347,3668,6195,8135,4014
"LCTL",0,2,4,2,3,2,5,1,4,2,3
"FRMD6",2181,2417,2136,2822,1541,2074,2653,1795,3596,4026,2584
"SLC25A34",4,4,3,1,1,0,4,1,3,3,7
"TRPM4",243,197,248,226,248,215,190,232,330,327,292
"TRAPPC13",600,621,450,581,294,542,533,527,739,589,512
"NUS1",4253,4780,4092,4652,3380,4148,4687,3263,5108,4716,3435
"ERCC6L2",940,1267,1084,1314,624,935,1138,826,1083,1099,741
"RIOK1",2115,2366,2357,2454,1580,1673,2613,1512,2251,2637,1670
"C4orf46",1377,1642,1481,1476,1305,1375,1471,1119,1664,1391,1143
"ABTB2",937,1181,975,1352,1205,748,1111,813,1154,1510,881
"OLFM4",3,0,0,0,0,0,2,0,0,1,0
"AC023469.1",0,0,0,0,0,0,0,0,0,1,0
"AL359195.1",0,0,0,0,0,0,0,0,0,0,0
"CHI3L2",5,1,1,0,4,1,1,1,0,1,1
"UPK3BL",0,4,1,0,4,0,3,0,2,1,3
"CD19",0,0,0,0,0,0,0,0,0,0,0
"AL355149.2",0,0,0,0,0,0,0,0,0,0,0
"UBL5",2203,2287,1523,2166,1191,2075,1744,1640,2664,1900,1655
"AGBL2",32,36,37,11,22,29,29,59,27,26,25
"ST8SIA3",0,0,0,0,0,0,0,0,0,0,0
"DHDH",9,4,3,4,6,10,7,14,20,17,15
"CXCR6",1,1,0,3,0,0,0,0,1,0,0
"FGF9",0,0,0,0,0,0,0,0,0,0,0
"C2orf44",658,662,689,580,474,544,772,399,667,655,349
"SMC3",6644,7490,8555,8312,5330,7209,8891,5944,7757,8920,6082
"NUAK2",85,68,66,120,92,71,98,101,133,164,158
"BVES",182,203,211,170,117,229,227,173,214,199,154
"ASAH2C",0,0,0,0,0,0,0,0,0,1,1
"ASPRV1",13,10,7,7,9,18,10,11,17,13,6
"FAM188A",380,472,422,461,362,332,494,308,554,630,360
"TPGS2",3826,3869,4089,3617,2942,3487,4242,3309,4126,4433,2674
"PLEKHG4B",1,1,0,3,1,1,0,0,7,8,0
"HMCN1",59,57,56,58,36,59,69,32,71,52,25
"CD68",1231,1308,1172,1783,1806,1039,1415,1172,1912,3159,1825
"DAOA",0,0,0,0,0,0,0,0,0,0,0
"ZNF426",179,127,149,145,94,163,203,119,191,186,146
"NUDT1",379,388,352,401,397,304,376,318,419,418,281
"IL23A",45,61,42,98,49,45,52,55,141,165,136
"BEST1",150,135,116,127,81,114,170,129,239,301,123
"GPR97",11,15,15,18,12,17,9,23,12,6,5
"PCSK1",307,357,630,373,469,537,460,441,442,376,278
"SLC5A9",0,0,0,1,0,0,0,0,0,0,0
"NUDT2",85,90,82,110,66,78,82,77,104,80,69
"HOXD13",1,0,0,0,0,0,0,0,0,0,0
"ACTRT2",0,0,0,0,0,0,0,0,0,0,0
"UNC5CL",36,24,22,22,24,28,27,25,21,28,26
"HOXD9",0,1,5,1,3,5,4,4,5,0,9
"C14orf39",1,3,1,3,1,2,0,0,2,0,1
"INPP5K",1092,1134,1039,1018,848,841,1215,925,1042,1287,772
"ENAM",0,0,0,0,0,0,0,0,2,1,0
"IRAK3",0,0,1,0,0,0,0,0,0,0,0
"OR4A16",0,0,0,0,0,0,0,0,0,0,0
"AL353698.1",0,0,0,0,0,0,0,0,0,0,0
"SMARCAL1",733,729,900,663,647,575,894,578,773,987,506
"EPOR",85,74,115,83,130,96,94,70,124,103,59
"OR52D1",0,0,0,0,0,0,0,0,0,0,0
"OR10K2",0,0,0,0,0,0,0,0,0,0,0
"ARSA",235,230,223,154,193,241,226,233,246,262,189
"AGAP6",383,392,293,325,225,370,313,264,376,329,323
"IFI44L",91,80,135,91,94,144,74,88,130,86,65
"HOOK3",3688,3972,3988,3756,2994,4149,4063,2662,4228,3914,2792
"TECTA",1,2,0,0,1,1,1,0,0,1,1
"SIRT5",892,987,1202,1006,1000,992,1116,936,1334,1424,881
"IGFBP3",30,39,30,62,35,36,18,31,115,143,109
"C11orf57",1545,1588,1814,1692,1227,1347,1841,1358,1619,1763,1210
"FAM193B",911,757,736,673,694,694,701,595,852,751,660
"CCDC173",9,13,12,7,4,15,11,5,9,6,2
"C20orf96",87,83,95,65,59,92,78,99,81,61,76
"GALNT15",24,22,37,14,12,34,31,18,14,7,7
"FAM46B",299,431,347,687,522,290,343,264,660,759,433
"TNMD",0,0,0,0,0,0,0,0,0,0,0
"FIGF",6,7,2,2,3,11,2,5,8,7,4
"ESPN",477,509,674,716,963,507,609,478,807,1137,615
"CAB39L",81,107,124,112,86,110,147,110,117,148,88
"IFI16",623,795,1098,770,683,893,1178,811,961,1251,726
"PTOV1",1140,1121,1314,970,1249,1199,1211,1088,1210,1199,764
"ZNF404",14,12,20,11,9,29,20,19,13,10,14
"SYAP1",4100,4702,4619,4877,4058,4311,5118,3462,5178,5625,3466
"BMF",47,56,24,44,28,53,39,46,54,75,54
"BRCA2",1989,2573,2217,2942,1334,2327,2402,1506,2686,2320,1850
"OR6N1",0,0,0,0,0,0,0,0,0,0,0
"HOOK2",1562,1463,1449,1218,1408,1491,1554,1147,1617,1646,1388
"HEG1",95,107,127,142,82,129,93,118,154,108,97
"ATP6V1C1",3428,3915,3584,3839,2523,3701,4014,2901,4426,4545,2777
"TTLL12",4216,5034,4918,5080,6124,3262,5577,3104,4703,6191,3104
"RP11-484M3.5",0,0,0,0,0,0,0,0,0,0,0
"C2orf70",34,58,55,87,88,35,44,47,86,75,62
"CENPF",10805,11543,10086,13231,6151,12029,10260,8684,12098,9968,8973
"HSPA8",106149,88669,94614,98409,75432,72813,116262,56204,111344,125216,68509
"CYP4X1",1221,1200,1355,949,1067,1335,1053,983,997,691,550
"HGF",0,0,0,0,0,0,0,0,0,0,0
"APLF",204,200,253,133,139,197,240,176,180,222,114
"SDSL",86,86,103,86,113,63,109,84,95,178,85
"ARFIP2",2406,2534,2383,2468,2162,2067,2559,2057,2718,2738,1879
"WDTC1",1992,1969,2692,1614,2403,2132,2563,2000,1704,2445,1149
"LHX3",0,0,1,0,0,0,0,1,0,0,0
"MSS51",67,43,49,47,16,58,33,49,71,44,78
"STAC2",425,336,532,346,480,470,198,320,342,156,160
"NDUFS5",5894,6203,5185,6694,4369,5992,5690,4886,6729,6268,4667
"DYX1C1",30,44,45,37,29,32,42,32,22,36,19
"HPR",0,0,0,0,0,0,0,0,0,0,0
"ASNA1",1813,2124,1749,2077,1713,1566,2001,1481,2168,2221,1450
"CDX4",0,0,0,0,0,0,0,0,0,0,0
"BCORL1",607,500,881,692,980,731,743,483,782,941,503
"MYF6",0,0,0,0,0,0,0,0,0,0,0
"FLJ00273",1,0,0,0,0,0,0,1,1,0,0
"BPI",0,0,2,4,2,4,1,3,0,1,1
"PSPN",56,67,57,52,63,51,60,42,53,72,49
"OR6S1",0,0,0,0,0,0,0,0,0,0,0
"PTCHD2",1,0,1,0,1,0,2,0,0,1,3
"CLEC14A",1,0,0,0,0,0,0,0,0,0,0
"DHX9",16120,18923,17241,19401,12420,14910,20250,12087,20085,21934,13592
"CT45A5",0,0,0,0,0,0,0,0,0,0,0
"FBXL22",8,7,14,11,15,7,11,6,11,11,11
"HOMEZ",548,507,648,538,592,539,683,432,607,704,424
"LILRB5",0,0,0,0,0,0,0,0,0,1,0
"HIST1H2BE",10,14,11,22,11,3,6,6,16,17,10
"FLI1",16,26,30,20,12,21,29,24,22,16,15
"ARHGEF33",2,0,2,5,0,1,2,4,1,0,2
"CTAGE6",2,2,2,0,1,2,1,1,4,0,1
"OR56A4",0,0,0,0,0,0,0,0,0,0,0
"TRIM49C",0,0,0,0,0,1,0,0,0,0,0
"MESDC2",3016,3453,2784,3450,2277,2957,3061,2443,3528,3041,2425
"PCDHGB6",1,1,0,1,0,2,0,0,0,1,1
"ZNF676",0,0,0,0,0,0,0,0,0,0,0
"MDC1",6485,7026,7719,6699,6073,5801,7322,5644,5688,6876,4941
"FOXN2",1646,1807,1732,1623,1448,1660,1847,1152,2087,1932,1462
"PLCD3",2160,2262,2431,2487,2579,1743,2370,1763,2387,2752,1634
"BDKRB1",0,2,1,2,3,1,4,2,2,1,1
"PRR26",0,1,0,0,0,0,0,0,0,0,0
"SLC5A2",3,0,2,2,1,0,2,3,2,6,0
"PPDPF",3382,4145,4501,4677,6063,2877,3881,3634,3986,4988,2858
"RBM43",169,176,208,111,134,241,176,207,143,107,140
"CA13",137,201,172,180,144,213,199,152,258,199,163
"CABP5",0,0,0,0,0,2,0,0,0,0,0
"SERINC5",218,208,262,185,208,205,246,188,290,341,240
"CCDC97",1230,1493,1274,1415,1382,837,1371,888,1122,1297,831
"CALU",9735,11986,10493,12291,8134,11453,11601,10462,14425,12486,10268
"ZSWIM2",0,0,0,0,0,0,0,0,0,0,0
"WRAP73",595,578,657,473,610,501,688,504,591,665,397
"RARB",0,1,0,0,0,0,0,0,0,0,0
"CTF1",0,0,0,3,0,3,0,0,0,0,0
"MYRFL",5,3,1,1,1,5,4,1,2,3,2
"LSM14A",5383,5924,6030,5929,5646,5651,6298,4101,6065,6128,4037
"DNAJB11",6555,6766,5514,7408,4784,5949,6863,4717,7180,7399,4946
"TUBE1",625,644,667,588,441,630,761,466,728,696,417
"CTD-2330K9.3",1,0,1,2,0,1,0,1,0,3,1
"SLC44A2",4647,5179,4776,5541,4483,4477,4771,4458,6526,6274,4901
"PBDC1",2079,2513,2526,2830,1825,2151,2952,1770,2585,3071,2267
"BTBD9",323,421,373,379,252,314,432,284,374,472,252
"WWP2",1761,2136,2155,2258,1918,1639,2373,1561,2146,2617,1503
"ACPL2",690,805,873,845,766,770,802,727,940,1032,715
"EEF1G",54246,57735,59228,62086,54818,51274,60613,47130,61862,64294,46594
"TMEM132D",0,0,0,0,0,0,0,0,0,0,0
"KRTAP20-2",0,0,0,0,0,0,0,0,0,0,0
"PRG4",0,3,2,1,2,6,5,0,4,0,5
"ATP5J",1986,2165,1701,2071,1184,1982,1759,1632,2378,2005,1411
"DEFA5",0,0,0,0,0,0,0,0,0,0,0
"THADA",2500,2942,2898,2683,2046,2338,3141,1948,2802,3005,1669
"FCGR2C",0,0,0,0,0,0,0,0,0,0,0
"FBXO41",1946,2215,2310,2451,2123,1784,2200,1710,2267,2412,1695
"CASC3",3297,3836,3678,3940,3418,2530,4094,2604,3480,4339,2823
"AL109927.1",3,2,6,3,1,0,2,1,3,4,0
"GALK2",998,1073,1286,1032,989,1175,1378,1018,1454,1525,912
"PP2D1",0,0,0,0,0,0,0,0,0,0,0
"PPFIA2",3,0,1,2,0,1,0,0,0,2,1
"TEX13B",0,0,0,0,0,0,1,0,0,0,0
"PABPN1",4522,5054,4832,5037,4717,3904,5093,3423,4320,4730,3906
"SMG8",811,857,774,841,579,672,924,627,951,951,599
"AP3S2",303,304,400,252,294,341,393,339,280,261,227
"PCDHGA4",0,1,2,0,1,3,0,0,3,0,1
"C17orf100",134,112,202,197,210,158,160,132,230,216,134
"TRIM6",0,0,0,0,0,0,0,0,0,0,0
"FANCG",850,902,758,826,643,690,847,648,846,836,644
"MAP2K4",1979,2389,2165,2419,1662,1991,2409,1733,2744,2521,1789
"AL035252.1",0,0,1,1,0,2,1,0,2,1,0
"HNRNPDL",6860,11687,9089,11514,7082,9290,9594,7981,10665,10005,7863
"KCNH5",0,0,0,1,1,0,0,0,0,1,1
"SLFN12",91,99,83,84,59,87,89,63,105,88,78
"HELQ",393,391,360,390,220,336,394,265,465,420,256
"KIAA1841",613,684,740,587,472,763,775,609,967,890,616
"SERPINA9",0,0,0,0,0,0,0,0,0,0,0
"GLIPR1",843,1070,763,937,569,737,948,721,1076,1075,815
"PAFAH2",586,431,594,380,379,459,625,449,513,619,364
"ZNF780B",334,369,351,326,235,412,424,222,416,381,243
"FMNL1",2290,2256,2570,1922,2076,2264,2604,2228,2472,2299,1836
"IRF5",291,315,450,377,394,344,421,438,440,582,382
"MIS12",1926,2028,1787,2122,1154,1787,1980,1474,2292,2023,1581
"BPTF",4185,5169,4857,5288,3041,4558,5073,3429,4802,4975,3480
"SNCB",0,1,1,0,0,0,0,0,2,3,1
"TP53TG3",0,0,0,0,0,0,0,0,0,0,0
"ST6GAL1",539,465,751,589,569,603,629,613,685,729,467
"PUS7",1847,2251,2281,2436,1686,1863,2604,1654,2471,2749,1624
"RAB5B",3656,3225,4482,3111,3654,3476,4409,3536,3944,5045,2978
"IBA57-AS1",6,2,5,6,2,4,1,4,1,5,4
"CTNS",773,709,694,610,556,624,745,562,709,669,417
"SCGB2B2",7,6,10,6,6,7,6,5,9,6,7
"RABEP2",595,644,535,597,608,470,618,511,562,671,435
"LRRC40",904,1072,991,999,762,923,1058,775,1155,971,719
"SPATA33",207,238,195,206,130,182,181,169,210,195,179
"SPOP",1809,1769,1874,1746,1488,1637,2142,1152,2090,2140,1228
"EFCC1",1,1,4,20,19,1,4,6,14,25,13
"MORC1",0,0,0,0,0,0,0,0,1,0,0
"UNC5C",1,3,0,2,0,1,2,0,4,1,4
"TSR2",2628,3016,2728,3120,2835,2500,3135,2001,2975,3290,2056
"EDNRA",31,28,40,30,28,34,35,38,26,35,28
"PARL",2358,2767,2094,2741,1750,2240,2457,2046,2824,2655,1907
"MT1H",1,0,0,0,0,0,0,0,0,0,0
"RBM46",10,12,3,13,3,5,6,3,11,10,2
"PDHA2",0,0,0,0,0,0,0,0,0,0,0
"RHOU",50,39,63,49,82,49,66,51,113,131,80
"TNNC2",2,5,2,2,2,2,2,4,5,8,3
"CXCL6",10,19,6,15,10,11,17,9,14,14,14
"EP300",3818,5130,4381,5748,3725,4267,4694,3035,4779,5100,3520
"C5orf42",626,684,615,564,310,776,602,534,585,509,439
"CD8A",57,42,81,98,109,56,85,76,132,137,106
"RPL3",37469,39986,41286,40840,31185,35410,43427,33147,42412,44071,29190
"RP11-712L6.5",16,10,12,18,7,10,10,12,17,14,11
"HSP90AB1",156366,157208,163379,163748,133483,117233,184808,106851,156827,190305,121485
"FBXO15",46,31,31,26,29,41,32,28,33,32,21
"MACC1",1198,1314,1496,1535,1101,1508,1757,1264,2011,2509,1543
"KIAA0947",1585,1899,1975,2106,1465,1753,2095,1418,2083,2151,1486
"RFPL1",0,0,0,0,0,0,0,0,0,0,0
"TIGD2",458,467,500,484,338,458,563,386,543,547,386
"TGM4",156,246,181,330,169,187,195,158,428,364,291
"MAMLD1",384,405,493,434,513,516,365,348,429,466,296
"CHGA",0,1,0,0,0,0,0,0,0,0,0
"CDSN",17,14,23,6,16,11,15,22,5,34,7
"LTBP4",520,477,666,495,835,585,584,631,717,711,573
"LTB4R",358,429,299,205,187,372,297,298,263,217,268
"PRPS2",3698,4303,4280,3899,3887,3809,4674,3194,4575,4202,2855
"FAM194B",0,0,0,0,0,0,0,0,0,0,0
"GPT",5,6,4,7,7,5,7,5,3,7,5
"RGS20",131,149,132,171,122,122,131,117,212,242,175
"OR14J1",0,0,0,0,0,0,0,0,0,0,0
"CDCA5",5736,6700,5951,7281,6072,4336,6344,4659,6315,6845,4609
"WT1",181,191,250,251,238,163,273,166,265,265,141
"C10orf10",9,8,12,15,11,19,10,18,30,39,18
"HRK",212,175,238,208,205,269,222,205,324,305,203
"ITIH2",0,0,0,1,0,0,0,0,0,0,0
"PIAS1",903,851,1009,846,826,931,1004,731,1131,1218,702
"KCNIP4",8,0,2,3,4,4,3,1,3,2,0
"RNPC3",748,671,677,557,435,598,666,558,645,673,616
"SLMO2",8505,10014,8358,10026,7497,9362,9234,7391,11699,10239,7720
"FOXP4",3161,3282,3338,3676,4279,2571,3440,2625,3274,3918,2448
"ZFP1",399,418,377,418,288,421,397,290,441,380,274
"CCR4",1,0,0,1,0,0,0,0,1,1,0
"CYB561D2",86,87,68,130,77,63,80,100,113,123,74
"MAGIX",85,72,67,57,86,71,87,66,94,100,56
"C16orf70",1234,1225,1144,1193,1029,1004,1258,873,1341,1228,896
"FAM177A1",1248,1394,1451,1264,953,1314,1602,1100,1359,1499,998
"A2ML1",69,106,99,214,126,66,180,98,399,926,461
"PARD3B",113,135,173,117,95,146,160,141,107,127,93
"GALNT5",0,0,0,0,0,2,0,2,2,0,0
"OXCT1",1505,1649,1548,1433,1170,1280,1730,1164,1404,1432,986
"COPS8",4467,4473,5082,4013,3920,4259,5216,3467,4369,4420,2741
"AK2",9892,11754,10679,12285,8890,10031,12570,8625,12007,12238,8730
"ELOVL2",13,13,10,15,8,16,10,12,13,14,11
"ATP6V1D",1395,1563,1413,1733,1043,1438,1556,1192,1990,2047,1298
"AC090427.1",0,0,0,0,0,0,0,0,0,0,0
"C8orf59",1991,2119,1136,2216,751,2482,1218,1675,3047,1338,1953
"FOXR2",0,0,0,0,0,0,0,0,0,0,0
"XPO1",20956,21403,21889,21929,17165,19416,24871,15363,24300,24557,15716
"DUX4L7",0,0,0,0,0,0,0,0,0,0,0
"DCAF15",847,894,783,930,787,558,842,630,862,946,634
"STK24",5276,6361,5952,6494,5067,5018,6812,4679,6881,7481,4814
"RAB15",51,44,48,48,57,58,54,49,67,130,47
"STAC3",18,15,12,6,3,12,22,15,7,14,14
"LPIN1",1748,2149,2504,2077,1922,2520,2369,2023,2506,2403,1789
"SLC12A9",757,842,786,678,725,704,694,753,703,656,634
"FAM72D",272,249,312,228,233,240,363,205,244,295,192
"DUS1L",5540,6403,5565,6190,5581,4238,6050,4388,5828,6498,4311
"SVOPL",0,0,0,0,0,0,0,0,0,0,0
"PSMC3",8359,9082,7628,8818,6726,7079,8831,5999,9171,9893,6530
"NCAN",0,2,1,2,4,3,1,3,6,7,1
"C20orf201",0,0,0,0,0,0,1,0,1,0,0
"WHSC1",13773,16486,17671,17154,14998,13680,18282,12358,17102,19544,12432
"TP53INP1",39,43,34,54,18,53,26,59,60,51,64
"MPRIP",10782,12353,12976,11796,11709,9400,12781,8631,10876,12745,7996
"ACTR2",17922,20102,20585,19439,17678,19523,22292,14912,23108,25086,15375
"COL6A2",485,478,614,520,620,652,557,474,747,630,494
"THEM4",456,511,542,572,376,494,517,438,696,557,437
"CD2AP",3628,4134,4117,4178,3358,3952,4611,3060,4598,4911,3226
"EFEMP1",2416,2865,2076,2672,1400,2284,1812,1669,2678,1628,1429
"MYEOV2",664,727,365,750,213,536,385,438,767,465,425
"CCT6A",31593,34942,33835,39623,26684,27087,37857,22747,37850,41612,25034
"HDAC7",2203,2565,2402,2184,2146,1846,2382,1959,2060,2242,1639
"MAP7D1",6738,8061,7370,9436,9355,5486,7356,6241,8575,9676,7386
"TPK1",38,38,32,32,20,26,44,24,36,39,32
"AL137002.1",0,0,0,0,0,0,0,0,0,0,0
"PLK4",1946,2220,2059,2210,1388,1942,2268,1598,2321,2290,1614
"DENND1C",3,3,1,1,1,2,2,2,3,1,2
"CAT",1511,1421,1867,1308,1248,1629,1698,1385,1555,1996,1046
"CDH12",0,0,1,0,2,0,1,0,0,1,0
"FEM1C",915,1180,1027,1049,918,1008,1128,762,1242,1075,896
"ARHGAP10",671,705,707,677,542,505,852,505,740,1007,547
"IRS4",0,0,0,0,0,0,0,0,0,0,0
"CNBD2",3,5,1,1,1,2,4,3,3,5,1
"CTCF",4759,5559,5008,5573,3875,4004,5346,3580,4989,5803,3645
"CPSF3L",2058,2309,2107,2011,2348,1811,2340,1767,2274,2449,1674
"SYNGAP1",926,885,1256,820,1191,1039,1023,863,958,894,726
"YWHAB",17207,18820,18465,19837,16075,15893,19814,13994,21315,22290,14374
"HCK",0,0,0,0,0,0,1,0,0,0,0
"GRAMD2",654,811,716,824,583,607,635,665,607,787,485
"RNF19A",1202,1304,1088,1221,856,1253,1145,933,1557,1301,900
"BNIP2",1250,1505,1434,1400,979,1371,1506,1143,1591,1468,1041
"CTNNA2",0,0,0,0,0,0,0,0,0,0,0
"CLEC10A",0,0,0,0,0,0,0,0,0,0,0
"FAM153B",0,0,0,0,0,0,0,0,0,0,0
"RND1",13,7,13,22,9,12,19,18,27,30,31
"ATP13A3",12371,14878,13023,14057,10015,13365,14032,10326,15187,12608,9762
"SYNPR",0,0,2,0,0,1,0,1,2,1,0
"SH3PXD2B",272,266,453,382,472,305,312,289,384,481,236
"TRABD2B",0,0,3,2,0,1,3,2,2,1,0
"PTCHD4",1,1,1,0,3,5,4,0,1,2,0
"TRAPPC3",2368,2512,2279,2480,1690,2282,2569,1795,2933,2832,1898
"FAM216A",731,775,769,1001,714,646,823,585,921,920,633
"C2orf72",0,0,0,0,0,0,0,0,0,0,0
"BRE",820,1080,1155,1064,999,1037,1173,971,1162,1273,908
"VPS4A",3445,3966,3716,4307,3788,2854,4206,2952,4527,4795,3070
"OR6C3",0,0,0,0,0,0,0,0,0,0,0
"TXNL4B",908,1126,960,1122,766,792,1057,669,1039,1154,790
"DUOXA1",2,1,5,11,13,3,2,2,25,45,30
"NFKBIA",2099,2462,2317,2761,2595,2065,2467,1921,2987,3082,2464
"LAMA3",22512,27242,20760,35643,18264,22061,33187,19729,52946,69391,42177
"KCNH8",47,49,47,36,53,49,46,46,57,62,41
"FKBP8",3978,4405,5167,4451,5381,4053,4655,3879,4470,4837,3048
"ERCC8",423,441,494,466,301,493,510,383,529,505,317
"RPS28",8546,9062,6639,8803,6783,6790,7456,5914,9240,8003,5332
"LY86",0,0,0,0,0,0,0,0,0,0,0
"CTD-2144E22.5",0,0,0,0,0,0,0,0,0,0,0
"SAMD3",0,0,1,0,0,1,1,0,2,0,1
"CDCA4",1577,2010,1674,1982,1718,1252,1826,1405,2118,1997,1469
"NAA38",1126,1128,967,983,874,1157,1098,912,1287,1066,1015
"DUSP23",482,550,558,602,623,435,519,466,599,471,363
"NTAN1",457,480,476,493,384,547,560,427,680,592,389
"CAPN2",19032,20847,21574,20617,17901,18976,25375,17248,26505,30411,18641
"ABCG4",3,0,2,1,3,0,2,2,2,3,1
"RPS13",5989,6357,3599,6320,2848,5123,4053,4542,6913,3944,4438
"VPS33A",1417,1651,1497,1595,1070,1193,1640,1082,1541,1821,1063
"FCHSD2",783,814,1178,788,757,981,1147,817,1074,1154,679
"AC006132.1",63,44,54,74,107,47,57,59,95,120,70
"RAB2A",2737,3017,3158,2877,3091,2878,3367,2422,3606,3503,2306
"HCN2",2,2,1,2,2,2,1,1,6,3,3
"OCEL1",322,441,462,574,600,340,452,411,467,525,414
"KDELC2",1835,2099,1848,2416,1367,2090,1797,1691,2664,1764,1689
"SYT13",1,0,0,0,0,0,0,0,0,0,0
"CYP24A1",2,3,11,4,2,3,9,4,8,9,4
"PBRM1",1787,2074,1764,2101,1208,1689,1979,1309,2047,2113,1349
"VPS8",1012,994,1276,909,768,1299,1446,1016,1265,1538,839
"DDX59",696,832,892,794,545,774,932,778,863,862,662
"FMOD",0,0,0,0,0,0,0,0,1,0,1
"NUP107",4249,4446,4749,4700,3071,4176,5153,3390,5252,5633,3430
"SASS6",1605,1659,1625,1331,1136,1674,1671,1158,1575,1506,1035
"DOK2",0,0,4,0,0,0,0,0,2,0,0
"FBXL19",2377,2322,2569,2444,2637,1961,2539,1750,2243,2522,1466
"CHST2",159,124,164,118,134,113,240,133,94,138,84
"ZFP57",11,14,18,5,5,19,12,12,9,15,8
"ZNF80",0,0,0,0,0,0,0,0,0,0,0
"NIT1",398,360,334,270,275,408,331,342,456,438,312
"TMEM176B",0,0,0,0,0,0,0,0,0,1,0
"RP11-676J12.7",0,0,0,0,0,0,0,0,0,0,0
"LAX1",0,0,0,0,0,0,0,0,0,0,0
"PRDM15",547,514,480,415,347,432,471,364,465,498,336
"AL355490.1",7,5,9,2,4,12,7,5,3,3,12
"ASGR1",3,4,1,2,5,2,2,1,2,2,2
"MBOAT7",2455,2667,2598,3217,3267,2120,2541,2175,3057,3118,2137
"IL15RA",47,36,64,55,68,46,64,59,55,85,60
"PLD5",72,102,67,118,78,78,89,65,199,221,133
"CDRT4",3,4,1,1,0,5,2,1,1,2,4
"PKIG",169,255,232,212,174,191,170,208,195,197,158
"TBC1D10A",223,217,276,198,252,203,232,254,222,273,189
"KRT35",0,0,0,0,0,0,0,0,0,0,0
"CT45A6",0,0,0,0,0,0,0,0,0,0,0
"NPPC",0,0,0,0,0,0,0,0,0,0,0
"USP17L10",0,0,0,0,0,0,0,0,0,0,0
"LRRC57",490,472,398,435,291,411,516,365,543,571,368
"NXF1",3400,3219,2772,3119,2378,2445,3254,2116,3372,3390,2458
"TIA1",2514,2566,2199,2337,1517,2679,2244,1865,2987,2275,1857
"OR4D2",0,0,0,0,0,1,0,0,0,0,0
"HIST1H2BI",19,20,15,23,12,6,15,12,28,15,14
"TET2",644,902,725,783,404,859,815,626,862,760,574
"SMYD5",2410,2901,2969,2966,2239,1830,3107,1996,2495,2956,1957
"CSNK1A1",8516,9918,9836,10105,7831,8470,10517,7074,11616,12011,7488
"SSX4B",0,0,0,0,0,0,0,0,0,0,0
"TYSND1",1355,1521,1847,1563,2081,1329,1496,1268,1566,1773,992
"ZNF410",1428,1450,1284,1483,918,1262,1438,1148,1726,1588,1085
"SNAPIN",514,636,423,598,304,476,460,453,641,531,379
"RALA",2016,2293,2261,2422,1810,2069,2405,1793,2545,2586,1735
"IKZF2",118,153,173,107,64,203,153,131,108,114,83
"NXF5",0,0,0,0,0,0,0,0,0,0,0
"RRP7A",4140,5140,3997,5352,3970,3020,5307,3158,5029,6105,3806
"ZBED5",1493,1476,1251,1260,909,1498,1421,1033,1473,1248,994
"INSC",1,3,3,7,0,2,3,2,3,4,3
"MESP1",73,64,64,90,144,57,82,60,108,103,82
"C2orf81",117,120,157,157,217,104,142,128,184,264,112
"ZMYND11",2405,2508,2770,2460,2028,2477,2937,1917,2588,2716,1759
"GOLGA6L10",1,2,2,0,1,1,0,1,0,0,0
"EGFR",16221,19749,14904,20078,10943,17712,16150,12566,19308,14872,12643
"NR2F6",1651,1818,1800,1827,2161,1226,1869,1464,1970,2085,1189
"TCAIM",577,661,680,617,458,637,682,541,739,776,528
"EMP3",673,698,631,886,932,764,666,773,1289,972,884
"FA2H",16,11,40,25,49,22,20,46,37,82,51
"SMIM15",2654,3012,2808,3069,2404,2466,3296,2045,3177,3220,2254
"PROX2",0,0,0,0,0,0,0,0,0,0,0
"AC008948.1",1,0,0,0,0,0,1,0,0,0,0
"ABCC5",2748,2434,2317,1913,1668,2595,2423,2144,2641,2467,1907
"SMEK1",3399,3763,3428,4121,2807,3025,3862,2530,4264,4298,2978
"AC016745.1",0,0,0,0,0,0,0,0,0,0,0
"CACNA1C",0,0,0,0,0,0,0,0,0,0,0
"STIP1",17971,18073,21330,19565,18193,14981,22932,13254,18422,24494,13867
"IGSF5",0,0,0,0,0,0,0,0,0,0,0
"NUDT21",7391,8016,8055,7819,5728,7688,8500,5691,8276,7722,5071
"LSR",2971,3482,2778,4358,3350,2527,3115,2773,4248,4593,3371
"BTBD18",0,0,0,0,0,0,1,0,1,0,0
"PRSS55",0,0,0,0,0,0,0,0,0,0,0
"CHST6",28,24,45,18,40,38,27,23,23,29,20
"MCF2L",49,54,84,69,95,73,71,79,137,141,94
"E2F3",2995,3708,3118,3886,2483,2737,3369,2076,3476,3542,2350
"IPP",441,483,603,420,398,574,640,479,548,514,390
"BLZF1",895,968,857,956,573,893,1019,780,1220,1343,908
"OR52H1",0,0,0,0,0,0,0,0,0,0,0
"TFAP4",1357,1603,1515,1779,1825,1083,1644,1138,1314,1613,1069
"AC024580.1",0,0,0,0,0,0,0,0,0,0,0
"SNTB1",45,57,66,38,38,91,52,40,40,17,13
"CAMK2G",1272,1814,1387,1553,1191,1362,1375,1208,1474,1519,1144
"DDX52",2273,2669,2554,2863,1827,2193,2997,1880,2674,3199,2080
"COX11",1227,1461,1082,1322,973,1251,1192,945,1428,1127,918
"PLA2G4C",3,8,11,9,7,5,5,5,10,29,9
"DDX10",1927,1923,2261,2104,1659,1843,2425,1558,2058,2331,1625
"SCN2B",2,0,0,0,1,1,0,3,1,0,2
"RRBP1",23148,25471,23034,25068,18502,22967,23688,20736,23392,23328,20629
"ZNF358",337,385,419,444,728,297,353,300,418,380,204
"SPSB1",614,670,639,627,577,546,708,592,685,713,474
"SYT5",1,0,3,0,0,3,2,1,3,1,1
"GAL3ST2",0,1,1,3,3,3,1,2,0,3,0
"PREB",1584,1672,1615,1931,1778,1153,1799,1261,1828,2368,1299
"C4BPA",0,0,0,0,0,0,0,0,0,0,0
"ERAL1",1890,2195,1953,1988,1559,1499,2099,1568,1903,2086,1376
"AC110615.1",5,10,2,2,1,2,7,1,6,2,1
"ZBTB5",397,399,457,384,309,418,474,345,457,455,332
"AC007919.2",0,0,0,0,0,0,0,0,0,0,0
"SLC22A15",503,491,436,331,289,572,438,369,492,392,299
"KCNK18",0,0,1,0,0,0,0,0,0,0,0
"HPSE2",0,0,0,0,0,0,0,0,0,0,0
"R3HCC1",733,809,665,789,629,584,746,577,719,712,465
"CCNI",7253,8169,9785,7557,7851,8552,9199,7170,9208,8713,5816
"RLIM",4752,5238,5713,5404,3929,5429,5955,4426,6182,5924,4225
"SPDYA",10,8,2,3,2,5,7,2,12,9,5
"SHKBP1",1232,1476,1475,1353,1565,1084,1472,1144,1454,1768,1047
"C6orf100",2,3,3,7,1,4,2,2,6,4,3
"OAF",718,750,891,896,1030,615,958,706,899,1211,713
"ZNF678",515,511,452,373,268,496,435,325,417,382,292
"FNIP2",421,409,459,310,274,441,472,290,384,357,221
"TFF2",0,0,0,0,0,0,0,0,0,0,0
"FKSG62",0,0,0,0,0,0,0,1,0,0,0
"USPL1",577,495,527,444,327,614,542,440,594,565,428
"GSTT2B",40,44,44,29,40,28,55,39,40,45,30
"IGSF6",0,0,0,0,0,0,0,0,0,0,0
"PRPF39",1590,1639,1477,1323,948,1954,1476,1296,1817,1396,1229
"HFE2",0,0,0,0,0,0,0,0,0,1,0
"OTOL1",0,0,0,0,0,0,1,0,0,0,0
"TBX15",2,7,4,5,1,2,3,4,2,2,6
"RAB22A",2558,2840,2846,2990,2284,2684,2890,2425,3469,3390,2500
"FAM216B",0,0,0,0,0,0,0,0,0,0,0
"TAX1BP1",3435,3926,4455,4203,2892,3783,4788,3302,4821,5954,3783
"NPIPB4",466,480,363,388,317,452,385,320,490,439,381
"DICER1",2492,3190,2805,3052,1936,2849,3118,2132,3641,3408,2565
"VEGFC",1325,1491,1345,1716,1180,1366,1845,1109,1992,2114,1302
"LRRC26",6,3,5,28,58,10,6,11,20,41,7
"SEPT1",51,57,68,59,101,62,54,78,46,45,41
"EXOG",344,461,339,313,183,356,370,289,369,325,253
"ZNF563",0,0,0,0,0,0,0,0,0,0,0
"ROR2",199,280,276,287,271,264,182,209,429,310,202
"PTPRF",22045,28228,24287,26459,23423,23284,24552,20818,25487,22595,17164
"SMIM3",0,0,0,0,0,0,0,0,0,0,0
"OBFC1",896,891,1108,805,671,1014,1075,906,961,850,662
"TXNDC16",623,631,582,662,431,711,638,560,777,643,472
"MFAP4",0,2,0,1,0,0,0,0,0,0,0
"TARDBP",11034,10337,10413,9988,8550,9647,11543,7775,11107,12612,8081
"LHX9",2,7,2,3,2,5,6,4,2,5,4
"ATP6V0D2",9,6,9,8,4,18,10,29,42,48,57
"APLNR",0,0,0,0,0,1,0,0,0,0,0
"SEC16B",1,6,3,0,3,4,2,6,2,0,3
"TAB1",850,942,968,941,928,671,966,696,812,1042,645
"EHD3",85,108,127,127,157,84,144,66,134,205,87
"CDS1",1526,1740,1517,1762,1199,1689,1811,1383,1994,1815,1251
"MARC1",2857,3710,3465,3278,2783,3515,3365,2946,3665,3166,2365
"GJA1",0,0,0,0,0,0,0,1,0,0,0
"ACADVL",10243,10180,10639,10312,10235,9349,11671,8588,13470,15767,10129
"SFMBT1",408,462,472,567,391,345,482,293,646,789,514
"HELZ",2217,2345,2555,2158,1752,2557,2522,1748,2500,2477,1631
"MAGEB2",0,0,0,0,0,0,1,0,0,0,0
"KLC3",50,54,89,77,121,46,69,55,114,139,84
"GNGT1",0,0,0,0,0,0,0,0,0,0,0
"EPB41L2",2762,3144,3638,3376,2897,3189,3525,2770,3677,3967,2945
"BCL11B",185,183,239,225,335,179,252,133,296,380,215
"AC127496.1",36,34,20,27,43,17,32,13,31,44,19
"APOBEC1",0,0,0,0,0,0,0,0,0,0,0
"C16orf11",0,0,0,0,1,0,2,0,1,1,0
"SYCP2",16,12,15,12,6,23,6,8,18,12,10
"CWF19L2",802,868,852,828,535,665,931,544,801,914,569
"C19orf33",11,7,2,3,5,5,8,1,8,6,4
"GEN1",824,905,797,794,511,749,834,588,884,916,646
"UROD",1408,1481,1359,1269,1016,1257,1461,1126,1364,1402,897
"KRT222",0,0,0,0,0,0,0,0,0,0,0
"KRT38",0,0,0,0,0,0,0,0,0,0,0
"BCL2",270,255,309,237,224,267,319,194,205,200,126
"SEPT12",1,0,0,0,0,0,1,0,0,0,1
"AC083862.1",0,0,0,0,0,0,0,1,1,0,1
"TMEM189",1367,1444,1485,1487,1476,1243,1460,1294,1508,1550,1117
"AC007216.2",0,0,0,0,0,0,1,0,0,0,0
"ARAP1",3067,3383,3762,3071,3315,3072,3404,2979,3546,3524,2598
"GP1BB",0,0,0,1,3,2,0,0,1,0,0
"PPL",1572,1503,1434,2009,1876,1532,1344,1214,2241,2552,1724
"C15orf52",7931,8059,6973,8196,6279,7281,7980,6200,10309,11258,9154
"SLC16A13",1131,1420,1519,1654,1975,1378,1453,1501,1949,1855,1475
"C10orf25",36,49,38,88,46,25,39,23,82,125,74
"DQX1",29,10,18,8,11,15,16,13,14,8,14
"RP11-514P8.7",0,0,0,0,0,0,0,0,0,0,0
"ZBTB14",544,659,612,703,495,545,654,490,697,709,541
"FAR1",4935,5908,5318,5550,4063,5461,5852,4071,6614,6152,4296
"E2F2",1749,2171,1913,2509,2243,1610,1879,1543,2272,2478,1775
"IGSF11",6,4,3,11,6,3,5,6,5,12,1
"PDIK1L",685,745,649,592,437,676,628,574,697,570,513
"TNNI3K",0,0,0,0,0,0,0,0,0,0,0
"ZNF81",520,508,497,400,253,481,543,354,450,482,294
"ZDHHC11B",5,3,4,4,3,2,5,0,10,6,1
"ZNF224",345,371,318,229,129,427,315,289,397,329,346
"HTATIP2",1645,1817,1587,2011,1258,1654,1752,1378,2203,2312,1408
"USP17L29",0,0,0,0,0,0,0,0,0,0,0
"PTPRCAP",21,18,21,11,15,22,18,13,12,11,14
"PLEKHG5",99,105,116,110,132,95,109,83,123,164,105
"SLC25A21-AS1",36,45,32,13,31,51,41,46,35,28,24
"ACAT1",2933,3000,3231,2945,2346,3058,3546,2568,3692,3356,2248
"MECR",718,729,751,652,621,705,683,621,742,705,494
"MRPL2",1402,1510,1403,1323,1435,1044,1528,1064,1349,1541,899
"H2AFX",4240,5365,4569,6255,6780,3007,4757,3419,5304,5767,3180
"PAGE1",0,0,0,1,0,0,0,0,0,1,1
"NUCB2",291,289,301,293,171,342,304,281,319,334,267
"IQCG",2533,2920,2575,2982,2048,2232,2910,2060,2943,3237,2221
"TYW1",2042,2383,1863,2326,1421,1872,2149,1686,2433,2202,1762
"PRND",0,0,0,0,0,0,0,0,0,0,0
"RGS12",120,97,134,121,107,116,124,141,141,142,109
"C12orf44",1089,1354,1243,1441,1281,946,1354,908,1421,1674,962
"C9orf116",127,131,108,155,115,130,103,114,150,111,85
"NDUFC2-KCTD14",0,0,0,0,0,0,0,0,0,0,0
"PCDH15",0,2,0,2,2,2,3,0,1,0,1
"CATSPERB",1,2,1,0,0,0,0,2,0,1,0
"CEP95",1364,1531,1442,1576,864,1433,1317,1135,1674,1599,1275
"PNN",12956,13762,11892,11996,8867,11597,13292,9313,11001,12308,10540
"SMC6",1540,1802,2085,2099,1362,1710,2136,1489,2130,2203,1593
"RPL24",25051,27521,19200,31421,17316,22995,21514,20253,29421,24957,22602
"SLC30A7",2185,2571,1998,2158,1489,2271,2113,1772,2573,2019,1829
"FEN1",3892,4712,4183,5230,3723,3290,5009,3151,4995,5539,3477
"PLAC8L1",6,4,8,6,4,2,3,3,6,7,2
"FCGR1A",0,0,0,0,0,0,0,0,0,0,0
"MRC2",182,163,217,178,243,191,142,129,204,148,116
"CBWD3",455,495,438,408,310,469,468,349,585,459,357
"FBXL14",421,447,472,469,705,354,520,365,509,678,308
"SLC6A15",4085,4316,4497,3919,3358,4626,4916,3663,4638,3936,2811
"OTUD5",3887,4285,4413,4369,4445,3749,4404,3418,4577,5371,3416
"PSME1",2530,3005,2817,2907,2369,2704,2740,2425,2832,3075,2149
"ITPKC",461,460,437,473,342,386,481,374,490,754,465
"TM4SF1",2599,3023,2275,3867,2135,3013,2980,3023,6126,6157,5298
"PSMC4",2791,2882,2451,3156,2130,2287,3075,1932,3299,3691,2279
"TMPRSS11BNL",0,0,0,0,0,0,0,0,0,0,0
"UBQLN3",0,0,0,0,0,0,0,0,0,0,0
"SEPSECS",555,568,631,442,343,611,632,476,535,493,381
"TMA16",1889,1861,1973,1920,1561,1794,1995,1386,2141,1929,1386
"AC069547.2",0,0,0,0,0,0,0,0,0,0,0
"DDX26B",127,156,169,168,109,198,153,145,221,180,141
"DSG2",10678,11703,10861,11279,7568,11913,11300,10460,14176,11909,9908
"NTS",0,0,0,0,0,0,0,1,0,0,0
"PAPD7",1295,1747,1472,1786,1455,1315,1634,1063,1783,1810,1193
"RP11-451M19.3",1,0,2,1,1,5,0,1,1,1,2
"OR6M1",0,0,0,0,0,0,0,0,0,0,0
"CCNB3",16,15,21,33,12,16,33,21,32,57,21
"YY1",5168,6001,6060,6256,5068,5280,6498,4426,6247,6199,4060
"LRRC42",1901,2261,2108,2383,1544,1900,2358,1692,2308,2501,1641
"TERF2",2143,2160,2365,2217,1909,1850,2642,1795,2412,2784,1690
"C16orf58",2370,2729,2520,2627,2492,2144,2489,2398,2689,2824,2009
"FCF1",2930,3297,3174,2854,2085,3054,3434,2343,2906,3361,1982
"NPHS1",0,0,0,0,0,0,0,0,1,0,0
"CDH4",0,0,0,1,0,0,1,1,0,0,0
"IL20RA",142,145,220,80,105,159,162,148,83,92,69
"BCAS4",50,56,67,48,57,52,37,46,44,55,26
"ORMDL1",1785,1928,1514,1866,1090,1892,1758,1325,2189,1694,1457
"GRIK1",0,0,1,0,0,0,1,0,0,3,1
"CALHM3",18,8,11,11,11,7,6,12,12,9,14
"ZNF830",553,591,633,608,469,505,572,381,614,631,426
"SPC24",1247,1352,1406,1140,1072,1057,1268,1187,1290,1238,948
"FAM57A",1736,2096,1632,2138,1609,1538,1842,1336,2196,1915,1357
"CYBRD1",1427,1177,1599,1153,1112,1967,1325,1389,1755,1349,1072
"ZNF595",86,70,87,87,67,64,75,57,78,86,60
"MUL1",2279,2845,2142,3033,2267,1802,2457,2053,2857,2851,2029
"PIP4K2A",755,759,895,827,777,798,1075,688,1007,1106,671
"C6orf164",8,9,3,9,6,9,6,10,2,4,10
"ARV1",761,784,718,706,504,732,816,683,743,783,573
"SPCS1",1153,1295,1098,1246,1033,1049,1202,967,1317,1128,806
"EHBP1",2133,2229,2413,2548,1669,2178,2734,1929,2572,2920,1964
"BFSP1",176,199,174,198,152,176,157,182,182,231,128
"RP11-81K2.1",1,1,1,1,0,3,0,1,1,0,0
"INHBB",5,6,8,16,20,10,7,8,30,29,15
"SERTAD1",263,291,187,314,255,171,219,159,324,326,200
"USP15",2017,2276,2191,2516,1504,1938,2348,1633,2974,2960,2000
"P2RY2",77,103,120,106,137,87,113,80,144,169,115
"RPS25",13258,14893,11062,15286,9175,13221,11324,10756,14554,11787,9570
"ZNF317",1338,1408,1499,1454,1180,1249,1667,1164,1653,1897,1187
"PUS1",1605,1812,1699,1757,1596,1420,1884,1205,1815,2091,1271
"RP11-295D22.1",0,0,0,0,0,0,0,0,0,0,0
"ADAM29",0,1,0,0,0,0,0,0,1,0,0
"BAZ2B",735,780,895,700,450,1004,838,732,721,792,607
"BTNL9",0,0,0,0,0,0,0,0,0,0,0
"ELSPBP1",0,0,1,1,0,0,0,0,0,0,0
"C15orf53",0,0,0,0,0,0,0,0,0,0,0
"AC018755.1",14,9,12,7,7,14,19,3,8,20,10
"ITPA",1694,1868,1454,1801,1308,1350,1818,1280,1766,1920,1148
"SHISA6",0,0,0,0,0,0,0,0,0,0,0
"C12orf39",45,64,42,57,28,58,52,67,46,33,31
"ADI1",3214,3445,2567,3775,2233,2133,3263,1732,3501,4453,2312
"RP11-944L7.5",0,0,0,0,0,0,0,0,0,0,0
"ZNF492",0,0,0,0,0,0,0,0,0,0,0
"RASAL3",0,0,0,0,0,0,0,0,0,0,0
"LARP1B",869,1115,1154,1125,893,1107,1123,952,1211,1223,922
"STX16",7614,6806,6415,5177,4360,7373,7159,5640,7337,6992,5698
"C11orf74",192,197,160,150,85,156,229,166,123,135,97
"TMED8",1395,1515,1813,1406,1322,1448,1787,1320,1469,1580,1090
"TOMM6",4296,4859,4009,4464,3375,4145,4398,3614,5120,4658,3266
"GEMIN4",3848,4580,4372,4842,4184,3031,4811,3250,4580,5662,3360
"AC012493.2",0,0,0,0,0,0,0,0,0,0,0
"MYO1F",13,10,24,15,22,22,14,25,17,26,17
"TEX29",3,0,0,0,0,2,4,0,0,1,0
"MAP1S",850,890,908,1016,1470,761,930,772,1013,1130,713
"SSTR1",1,0,6,0,1,3,5,0,0,5,4
"DNAJC15",1243,1527,1199,1493,876,1286,1271,1205,1696,1334,1048
"ABLIM2",7,7,7,8,7,1,4,10,20,19,8
"MLEC",11335,12129,12992,12364,10603,10580,12625,9652,12730,13384,9095
"LARP4",4357,4096,4293,3824,3286,3912,4767,2698,4808,4770,2888
"CDC45",3197,3723,3113,3869,2783,2761,3543,2537,4210,3792,2804
"MAP2K3",4046,4433,5003,4442,4704,3364,4997,3720,3784,4180,2761
"TUBGCP2",3312,3761,4056,3757,3936,3226,3908,2914,4132,4456,2754
"IL1A",91,109,211,129,123,187,262,162,161,279,197
"S100A4",768,828,617,1101,688,847,632,704,1634,1029,976
"RAB23",712,741,772,782,631,670,881,506,826,883,530
"POF1B",0,1,2,0,0,0,1,0,0,0,1
"SWT1",136,120,151,112,91,155,168,135,135,156,94
"TEX261",5175,5964,5230,5845,4328,4009,5476,3954,4956,5256,3796
"DEDD",869,1031,935,958,722,761,916,712,1009,1045,724
"GBA2",822,739,853,630,633,787,807,683,793,806,591
"DLX6",203,197,251,214,264,187,256,180,244,243,223
"UGP2",5471,6412,6262,6095,3844,5699,6942,5017,7658,7237,4887
"SAA1",187,191,148,192,154,154,159,166,135,124,100
"RP3-369A17.5",0,0,0,0,0,0,0,0,0,0,0
"RANBP3",2204,2677,2357,2959,2390,1954,2544,1851,2694,3113,1949
"RP9",382,443,384,461,336,350,408,288,505,455,368
"CGA",0,0,2,0,0,0,0,0,0,0,0
"FGF20",0,0,0,0,0,0,0,0,0,0,0
"HMOX2",1393,1549,1399,1605,1490,1117,1706,1044,1749,2136,1132
"MICU2",1213,1453,1279,1473,1109,1208,1510,1045,1485,1612,943
"RBM8A",5405,6320,5431,6242,4446,4609,6151,4101,5983,6235,4214
"FOXF2",721,781,755,924,931,571,898,622,960,1003,611
"MAPK6",2680,3260,3161,3132,2427,2916,3536,2478,3601,3697,2582
"DUS3L",655,796,579,929,730,401,612,435,818,834,523
"ARHGEF6",3,5,3,2,0,1,2,2,2,0,0
"CXorf58",7,9,15,8,5,8,7,9,17,11,6
"C2orf74",755,753,814,808,580,730,960,650,798,926,579
"GLUD2",159,177,197,166,139,165,213,151,250,263,156
"NBPF10",825,894,811,763,599,968,859,672,963,843,722
"WASF3",771,792,1025,770,859,813,982,687,898,920,558
"EMR2",208,196,221,258,253,210,300,197,330,410,284
"IL18BP",178,227,162,182,133,192,164,137,253,175,207
"OR2H1",0,0,0,0,0,0,0,0,0,0,0
"WSB1",1401,1419,1409,1227,1073,1575,1523,1177,1744,1593,1284
"FAM32A",2045,2386,2342,2639,2094,2036,2457,1873,2572,2732,1856
"SNF8",1080,1174,1100,1221,999,936,1259,815,1358,1463,799
"CHKB",713,640,573,461,404,725,601,516,685,542,502
"KIAA0556",696,801,937,690,702,715,834,694,816,981,611
"PCDHB2",0,0,3,1,0,0,1,4,2,1,3
"VPS13B",1150,1517,1453,1434,795,1737,1553,1226,1703,1617,1098
"UGT1A3",0,0,0,0,0,0,0,0,0,0,0
"SGCB",584,642,558,509,296,578,595,464,575,448,329
"HECTD3",1413,1463,1523,1160,1395,1067,1730,1072,1326,1708,864
"PTGS2",31,75,61,47,32,76,59,71,77,48,53
"ZNF619",274,256,250,210,212,251,287,176,220,247,217
"RPL10A",16156,16753,13302,17622,12577,14919,14545,13107,19555,16618,13265
"PMS2",1086,1113,1113,1183,905,1018,1294,930,1180,1449,940
"CSPG4",366,408,455,501,567,516,366,703,689,709,752
"TET3",2266,3049,2633,3481,2389,2251,2753,1957,2955,3616,2404
"CDK4",8195,9948,8567,10226,7938,7245,9460,6991,9405,10071,6395
"C1orf194",0,0,0,0,0,0,0,0,0,0,0
"GNG12",5014,5575,5619,4990,4080,5195,5997,4386,5631,5797,3824
"NMNAT3",74,86,98,82,81,91,82,79,57,67,51
"YIF1B",535,600,549,612,612,508,521,546,601,561,334
"FAM120AOS",1728,1890,1914,2270,1903,1501,2115,1447,2185,2559,1535
"ADPRM",115,151,99,135,70,100,120,99,148,161,119
"ZNF593",807,830,671,875,766,508,776,544,911,806,529
"DCUN1D5",2315,2675,2290,2703,2090,1907,2500,1757,2663,2526,1763
"CNGA3",0,0,0,0,0,1,1,0,0,0,1
"TMEM132B",0,0,0,0,0,0,0,0,1,0,0
"FAM27E2",6,4,4,2,11,6,11,6,5,3,6
"MARCO",21,17,13,23,14,12,17,17,29,54,26
"ZNF394",435,510,482,501,342,407,568,368,546,592,399
"ZNF473",476,399,469,548,395,359,559,335,636,625,443
"GFRA1",0,0,0,0,0,1,0,0,0,0,0
"SIL1",547,629,615,555,583,596,622,572,687,761,553
"ANKRD33B",5,5,5,5,5,1,10,6,4,8,8
"POC1B-GALNT4",0,0,0,0,0,0,0,0,0,0,0
"C1S",87,79,85,83,55,92,101,91,101,142,91
"ARID1B",3347,4137,4034,4197,3641,3406,4128,2703,3760,4260,2553
"UNC50",905,968,721,852,408,939,705,745,959,649,712
"PLEKHA4",355,361,415,274,333,367,363,323,303,316,254
"PHPT1",1507,1599,1274,1453,1146,1318,1328,1144,1647,1292,1074
"PTRH2",1177,1149,901,1159,705,1112,1069,885,1317,1108,1042
"RHOH",0,0,2,2,0,0,1,0,0,2,0
"FLNC",13,16,10,23,23,16,20,13,22,46,38
"PAPLN",101,92,89,84,79,122,77,69,99,99,70
"LRRN4CL",3,2,5,4,3,1,0,2,5,2,4
"TADA2A",609,743,689,709,538,591,794,542,772,790,545
"SLX1B",10,7,7,1,2,8,2,4,2,9,4
"MYO1D",1145,1342,1876,1373,1355,1785,1877,1645,1905,1999,1311
"SLC47A1",0,0,1,0,0,0,2,0,0,0,0
"GAS8",528,665,639,656,568,625,595,497,737,687,565
"OR7G3",0,0,0,0,0,0,0,0,0,0,0
"TVP23B",1073,1051,966,1120,753,1102,1023,812,1312,1114,904
"GOLGA8I",2,0,1,1,0,0,0,0,0,0,1
"ZNF19",51,36,64,37,37,37,56,47,51,61,45
"MRPS18B",5644,6433,6367,6250,5600,4634,6276,4846,5722,6329,4223
"GRB10",68,74,118,129,79,80,113,55,120,153,70
"SCAF1",3227,3747,3778,3647,4286,2542,3863,2703,3421,4287,2674
"C9orf153",7,1,5,2,0,3,4,4,2,2,3
"OR6B1",0,0,0,0,0,0,0,0,0,0,0
"CCDC175",0,0,0,0,0,0,0,0,0,0,0
"ANKRD30A",0,0,0,0,0,0,0,0,0,0,0
"IRF6",2132,2104,2655,2251,2244,2229,3009,2227,3287,4336,2552
"NLN",3983,4716,5218,4690,3867,4332,5431,3617,4975,5182,3463
"EIF3K",3255,3586,2923,3555,2414,2890,3455,2450,3863,3992,2540
"RDH12",1,2,1,1,1,1,0,1,2,2,0
"CHURC1",463,570,535,551,381,500,584,442,623,655,448
"OR52I2",0,0,0,0,0,0,0,0,0,0,0
"NDUFB6",549,620,445,623,326,520,421,453,682,476,438
"ECT2",8332,9536,9033,9645,6617,8591,10098,6902,10675,9993,6906
"CEBPG",1839,2156,2016,2246,1860,1726,2364,1372,2576,2642,1577
"TGFA",2330,2566,2739,2864,2388,2276,2802,2468,3420,3504,2349
"KBTBD3",82,69,71,58,54,72,65,71,93,48,61
"RNF5",2128,2318,2290,2363,2455,1930,2236,1922,2222,2380,1718
"ZW10",1528,1695,1644,1676,1137,1523,1787,1275,1937,2026,1182
"MEGF11",0,0,0,1,1,0,1,0,0,0,0
"TFRC",26574,33285,30357,36594,24592,32340,32981,25258,43297,36037,24489
"FAM211B",19,28,31,25,46,33,18,30,32,28,14
"PPM1G",7778,8783,8150,9386,7705,6507,8918,6078,9194,9444,6718
"TAS2R8",0,1,0,0,0,1,0,2,0,1,1
"PRSS16",436,370,552,406,782,407,488,438,432,503,375
"VSTM4",0,0,0,0,0,0,0,0,0,0,0
"NT5C3B",1534,1730,1727,1679,1327,1487,1719,1451,1768,1860,1176
"PIK3R6",0,1,0,0,0,0,1,0,0,0,0
"PRKCD",851,983,988,1030,897,686,1088,795,1023,1394,828
"C22orf39",826,744,886,724,715,743,796,635,868,859,664
"P2RX5",1701,1890,1926,1894,1801,1518,2110,1404,2117,2220,1337
"RAB11B",2080,2431,2528,2498,2931,1928,2468,1816,2254,2700,1721
"EMILIN2",504,705,586,759,498,453,608,431,758,727,493
"TTLL1",27,17,41,18,38,29,29,41,22,30,9
"WFDC3",38,48,53,55,47,45,53,51,184,166,108
"BCL2L13",2495,2762,3307,2758,2662,2278,3323,2332,3050,3776,2405
"FABP3",32,39,63,92,87,95,33,96,326,198,197
"TRAPPC4",819,743,772,750,668,632,867,570,666,902,520
"NCR2",0,0,0,0,0,1,0,0,0,0,0
"BUD31",1679,2063,1760,2138,1408,1732,2000,1435,2352,2355,1498
"GSX2",0,0,0,0,0,0,0,0,0,0,0
"LTB4R2",107,118,99,62,51,94,96,100,85,88,75
"C9orf147",13,21,14,21,15,25,17,20,18,10,14
"FGD3",22,29,14,33,21,10,17,12,29,25,21
"KLC2",4067,4623,4716,5082,5986,3245,5049,3368,4807,5809,3544
"AL031663.1",0,0,0,0,0,0,0,2,0,1,0
"UCP3",23,17,15,16,3,18,21,8,18,14,17
"LHX8",1,3,3,3,2,4,3,2,1,2,3
"AC007405.2",36,19,46,34,47,32,53,41,50,58,36
"KANSL3",1841,2096,1875,2064,1430,1447,1943,1359,1998,2169,1447
"SLC26A4",2,1,6,3,2,4,2,4,7,3,1
"KCNK10",0,0,0,0,0,0,0,0,0,0,0
"AP1S3",609,597,664,508,442,670,744,496,629,644,394
"RPL7L1",8164,9942,9351,11140,7480,7384,10732,6532,11015,12374,7540
"ZNF729",0,0,0,0,0,0,0,0,0,0,0
"RTBDN",2,4,2,4,1,4,6,1,8,3,5
"AATK",10,13,23,27,22,13,15,14,8,6,24
"C11orf94",11,13,8,12,2,8,9,8,8,18,3
"C9orf96",8,8,11,7,7,5,7,4,8,9,4
"KLHL13",30,21,30,32,22,13,30,19,17,12,9
"AL353354.2",2,2,1,0,2,0,1,1,0,1,0
"CLIP1",2733,3177,2591,3357,1935,2761,2865,2300,3802,3512,3006
"KLRC4",1,2,0,0,0,3,0,2,1,1,0
"ASTL",0,0,0,0,0,0,0,0,0,0,0
"KRT85",2,3,1,4,3,4,2,1,3,6,2
"PSMA4",11239,12161,9226,12604,7125,10800,9744,9138,13599,10818,9534
"MAD1L1",412,555,513,551,659,398,512,370,593,668,357
"SNX14",2707,3114,2720,3263,1860,3345,2885,2837,4011,2898,2442
"CIZ1",7504,8357,7587,7790,7418,5551,8425,5436,6963,8366,5286
"VOPP1",4555,5477,5086,6123,4887,4240,5220,4221,5879,6011,4044
"AL591684.1",1,1,0,1,2,0,1,0,4,0,0
"TMEM138",1220,1118,1084,1128,877,905,1163,849,1299,1281,945
"C1RL",703,727,701,735,590,591,608,565,839,848,667
"DAPK3",1225,1210,1150,1279,1288,901,1303,879,1384,1730,939
"UCN",18,23,26,15,42,19,23,19,25,15,12
"PRKACB",1088,1166,1131,826,767,1122,1297,893,897,986,570
"HPCAL1",4825,5206,6234,5515,8251,4652,6288,4677,5987,7117,3778
"GUCA2B",0,0,0,0,0,0,0,0,0,0,0
"RPS10-NUDT3",0,0,0,0,0,0,0,0,0,0,0
"IPMK",667,681,767,558,600,700,755,497,662,606,373
"ELAVL3",0,1,1,0,0,1,1,0,0,2,0
"SPP2",0,0,0,0,0,0,0,0,0,0,0
"MUC1",389,421,357,688,581,519,377,463,1369,1160,1118
"INPP5B",630,786,746,636,473,758,818,592,756,747,521
"CRHR2",0,0,0,0,0,0,0,0,0,0,0
"UBE2K",5285,6017,5794,5696,4720,5681,6434,4213,6240,5819,4062
"RSPO1",0,0,0,0,0,0,0,0,0,0,0
"TTC27",1410,1842,1567,1752,1291,1310,1901,1235,1930,1952,1241
"VSIG2",0,1,0,0,0,0,0,0,1,0,0
"FAM150B",0,0,0,0,1,1,0,1,0,0,0
"DEGS1",4237,4748,3808,4531,3292,4271,4253,3694,5485,4237,3272
"MAN2B1",889,884,815,727,781,817,854,847,910,873,675
"PMEL",18,19,16,18,18,21,16,25,29,29,33
"ELF3",407,666,544,1082,752,569,510,671,1444,1962,1381
"OR3A2",0,0,0,0,0,0,0,0,0,0,0
"OR51I2",0,0,0,0,0,0,0,0,0,0,0
"CREBL2",1469,1488,1711,1322,1228,1618,1729,1297,1690,1820,1156
"ARHGAP11B",525,543,458,448,349,549,464,413,642,484,537
"ELP2",3959,4412,4880,4350,3499,4093,5372,3405,5039,5425,3289
"GNB2",6270,7365,7292,7969,8106,5198,7094,6122,7770,9099,5718
"AFF3",0,2,1,0,3,7,0,0,3,0,3
"ZNF154",90,54,68,50,39,81,80,55,63,73,51
"PCDHB1",0,0,0,0,0,0,0,0,0,0,0
"VSNL1",28,36,43,41,44,39,48,26,52,50,31
"SGOL1",1604,1569,1536,1562,1070,1368,1570,1080,1622,1543,1133
"MOK",342,389,338,290,218,266,315,297,275,281,194
"CCDC85A",46,52,70,81,76,49,74,47,121,120,68
"C17orf72",0,0,0,0,0,0,0,0,0,0,0
"MED11",415,471,420,451,342,355,396,320,534,511,359
"AKAP7",223,283,294,262,212,259,268,238,260,205,168
"ATP5D",1934,2215,1879,2256,2654,1319,1915,1502,1991,1990,1297
"CTD-3193O13.9",8,5,15,5,17,1,5,11,10,5,4
"SSTR4",0,0,0,0,0,0,0,0,0,0,0
"PLEKHN1",440,470,359,418,457,333,448,401,493,562,590
"HEATR2",1607,2069,2148,2067,2376,1523,2254,1499,2054,2317,1258
"TACR1",1,0,1,1,0,1,0,1,0,0,1
"ZNF181",133,126,118,85,51,124,139,96,104,98,70
"RRM1",7278,8430,8164,8792,5751,7293,8783,6375,9996,10378,6543
"SCG3",0,2,0,0,1,0,0,0,1,1,0
"CGB1",0,0,0,0,0,0,0,0,0,0,0
"SRSF11",9595,9543,9493,8359,7042,9891,9033,7618,9069,7841,8008
"SCUBE2",1,1,1,2,2,0,1,0,2,2,1
"LRRC19",0,0,0,0,0,0,0,0,0,0,0
"MATN2",11,7,10,12,4,7,6,5,16,23,3
"DBF4",1850,1982,1899,2148,1321,1756,1844,1589,2475,2105,1610
"TUBGCP4",2168,2295,2786,2348,2357,2297,2946,1873,2877,3261,1870
"OR4C11",0,0,0,0,0,0,0,0,0,0,0
"LRRC18",0,0,0,0,0,0,0,0,0,0,0
"RHOBTB2",3003,3581,3438,2991,2590,3310,3132,2401,2842,2499,1728
"MCRS1",1512,1711,1438,1643,1212,1148,1595,1228,1545,1560,1038
"EXOC6",448,537,513,552,360,479,570,356,570,570,337
"TAF10",1015,1186,1047,1185,1414,816,1213,968,1279,1425,804
"PDE12",983,1055,984,949,918,895,1153,717,1082,1090,698
"KIF27",371,326,416,280,240,408,386,299,358,377,239
"IRX3",752,877,902,909,1186,761,820,638,771,749,465
"TBC1D29",36,30,31,15,17,22,17,54,33,40,44
"GTF2IRD2B",23,30,37,24,14,24,41,15,28,28,26
"DAW1",71,76,101,67,44,88,83,74,54,54,38
"FER",2265,2683,2566,2681,1559,2488,2676,1842,2910,2832,1968
"FBXO45",2405,2688,2721,2638,2584,2479,3131,1857,3130,3224,1909
"KLHL10",5,5,7,1,1,3,3,5,2,6,1
"HOXC12",1146,1290,1277,1554,1438,921,1328,928,1387,1802,951
"GTF2A1L",0,0,0,0,0,0,0,0,0,0,0
"NUMB",1627,1720,1884,1791,1502,1745,2104,1427,2114,2395,1555
"LYPD5",20,42,39,36,50,25,41,35,47,80,46
"PCDHA8",0,0,0,0,1,0,0,0,0,0,0
"IGIP",84,95,93,63,40,119,61,76,72,53,41
"PRRC1",2432,2551,2991,2251,2708,2472,2973,2119,2664,2788,1927
"TAP1",1714,1780,1864,1618,1702,1509,1908,1464,1801,2111,1317
"MAT1A",0,0,1,0,0,0,0,0,0,0,2
"KDM3B",3568,4141,4399,4193,3460,3854,4696,3150,4423,4831,3088
"SET",51985,59332,56681,59502,39805,48262,63842,41042,56122,61998,43937
"NRG4",2,1,7,2,1,1,1,1,0,0,2
"HNRNPC",24066,29952,29084,31125,25475,22601,34072,20013,26800,36417,20084
"CFL2",1224,1543,1063,1266,710,1255,1113,1094,1354,931,889
"SPATA2L",277,287,316,360,465,214,346,240,335,425,236
"RBX1",157,183,100,138,76,140,147,120,197,112,140
"SNX3",3534,3656,3227,3687,2753,3456,3419,2866,4186,3790,2490
"ARL8B",3752,4437,3965,4541,3282,4269,4402,3321,5659,4935,3369
"HSPA13",605,589,449,570,318,673,460,498,665,431,403
"HHAT",168,194,191,154,120,192,211,184,132,188,123
"ENPP4",265,251,166,209,146,267,255,231,284,207,162
"UBXN11",759,807,618,582,537,650,638,698,727,829,669
"SRGN",4,3,2,6,0,11,5,6,4,1,5
"RAD1",1184,1331,1256,1383,935,1045,1313,937,1445,1380,982
"SFTPA2",0,0,1,0,0,0,0,0,0,0,0
"RGS13",0,0,0,0,0,0,0,0,0,0,0
"TRA2A",2709,2898,2537,2716,1900,2662,2951,1830,2960,3359,2123
"XK",450,497,456,671,460,362,526,367,706,667,466
"C16orf47",0,0,1,0,1,0,0,0,0,0,0
"MFSD9",369,475,502,461,459,439,509,323,556,626,397
"TPRX2P",0,0,0,0,0,0,0,0,0,0,0
"RP11-508N12.4",0,0,0,0,0,0,0,0,0,0,0
"OR4M2",0,0,0,0,0,0,0,0,0,0,0
"TPBGL",0,0,0,0,0,0,0,0,0,0,0
"AP001362.1",2,2,0,1,1,3,2,0,3,4,0
"OLFML3",4,13,10,16,7,10,10,10,20,24,26
"CNR2",2,1,0,0,0,2,0,0,0,1,0
"WDR76",1380,1614,1595,1782,1286,1477,1800,1221,1824,1924,1324
"CCM2L",0,0,0,0,0,0,0,0,0,5,0
"KCNA10",0,0,0,0,0,0,0,0,0,0,1
"EFNB1",569,565,546,623,635,373,557,467,556,537,420
"CD300LB",0,0,0,0,0,0,0,0,0,0,0
"TNFRSF10D",4,9,3,14,7,2,7,4,13,10,10
"KIAA2013",2973,3361,3146,3707,4063,2566,3406,2691,3638,3848,2454
"CCR9",2,0,0,0,0,0,0,0,0,0,0
"TMEM88B",0,0,0,0,0,0,0,0,0,0,0
"C9orf64",475,553,540,564,549,488,636,442,667,552,418
"PBXIP1",312,256,352,216,233,414,287,354,338,333,239
"MORN3",4,6,12,4,4,8,5,2,5,6,6
"ZNF236",619,754,793,767,623,770,768,579,898,821,553
"TNFAIP8L2",0,0,1,0,0,0,0,0,0,0,0
"SLC38A8",1,1,1,0,0,1,0,1,0,0,0
"NPAS4",0,0,0,0,0,0,1,1,0,0,0
"RHOXF2",0,0,0,0,0,0,0,0,0,0,0
"ZFYVE28",1,3,2,2,4,1,2,1,5,3,2
"COL5A1",0,2,0,3,0,0,0,1,2,0,0
"WDR5B",445,359,415,278,249,367,408,315,380,364,251
"PIAS2",1196,1360,1399,1244,1104,1117,1336,926,1358,1344,826
"MT1X",731,898,806,847,946,868,695,608,713,551,472
"FBXO17",468,467,548,542,447,397,595,439,531,529,346
"PTPN6",1017,959,1157,808,1027,902,1147,901,1036,1537,806
"HIGD2B",0,0,1,0,0,0,1,0,0,0,1
"RNMT",3155,3576,3778,3699,2785,3302,3993,3022,3887,4042,2985
"SNAP25",41,29,37,54,34,35,28,24,37,15,14
"ACTR3B",601,533,603,538,578,619,634,450,671,580,386
"ANXA5",12675,13399,13355,14050,9853,11874,15719,9780,14602,15614,9029
"C6orf58",0,4,0,1,1,0,1,1,1,3,0
"SPNS2",0,1,1,5,1,0,0,1,3,5,6
"ITGAD",0,0,0,0,0,0,0,0,0,0,0
"TMEM174",0,0,0,0,0,0,0,0,0,0,0
"AL645728.1",11,16,13,14,6,11,16,16,18,13,9
"RAPH1",2730,3023,3311,2790,2089,3213,3161,2524,2733,2547,1983
"WISP3",0,1,1,0,0,0,0,0,0,0,0
"CDC26",953,1040,863,876,669,1038,1013,706,1020,1127,651
"CUL7",979,1031,1014,850,894,829,1050,808,990,1119,707
"CNDP1",0,0,0,1,0,5,0,1,0,2,1
"MYBBP1A",8241,9930,9497,10299,10909,6875,10146,6884,9390,11540,7282
"RBL1",2101,3025,2488,2858,1730,2158,2730,1898,2658,2629,1893
"GPKOW",1080,1206,1408,1207,1305,986,1417,1118,1243,1361,905
"AL049840.1",21,18,16,16,5,9,17,9,9,18,4
"ARHGAP20",1,0,1,3,0,0,0,0,1,1,0
"HHLA2",0,0,0,0,0,0,0,0,0,0,0
"RAB27B",2174,2767,2854,2128,1663,2827,3110,2286,3091,2951,2004
"RP11-796G6.2",21,38,21,58,46,37,29,40,88,99,69
"RP11-219B4.6",0,0,0,0,0,0,0,0,0,0,0
"C9orf129",19,39,38,38,36,27,45,16,36,49,28
"TRAF3IP2",717,800,962,799,723,746,1022,765,930,1084,689
"ARHGEF37",306,306,383,275,299,351,335,304,416,556,301
"PLEKHO1",79,74,80,86,89,42,80,56,75,58,56
"LYRM4",933,1122,839,1216,837,897,981,705,1113,1002,639
"ALOX5",0,0,0,0,0,1,0,0,1,1,0
"TRIM5",38,30,53,37,41,27,51,33,28,62,16
"TMEM238",49,49,35,56,182,31,47,45,74,64,32
"C15orf62",2,5,5,7,5,6,9,5,10,16,7
"APOBEC3F",186,155,315,134,217,229,277,264,171,155,100
"NT5C1B",0,0,0,0,0,0,0,0,0,0,0
"PSENEN",1151,1354,953,1136,768,1056,1023,1061,1132,1027,828
"MYL6",11954,12858,9196,13797,7386,10572,11237,9274,16258,16274,12154
"CD38",0,1,0,0,0,0,0,0,0,1,1
"KCNN3",1,0,1,3,0,0,0,2,0,2,3
"SLC16A3",27123,28966,26564,26442,28882,22960,25069,21980,23986,21588,16015
"PCDHB4",0,0,2,0,0,0,0,0,0,0,0
"GPBP1",2750,2778,2998,2911,1975,2727,3263,2232,3472,3390,2394
"GATSL1",0,0,4,2,2,1,2,0,2,0,0
"GLRX",357,273,374,221,201,434,360,327,293,269,175
"MED23",972,993,1068,868,665,1051,1112,861,1162,1224,882
"SMIM7",485,700,495,733,324,597,591,521,752,629,542
"CRISPLD2",49,72,32,78,30,38,30,32,79,57,42
"NANP",740,811,867,890,803,762,910,654,922,832,633
"BMP2K",1369,1368,1397,1437,1021,1267,1558,935,1602,1730,1055
"GABRG1",0,2,0,0,0,0,1,0,0,0,0
"TRMT5",1396,1348,1477,1218,1031,1212,1639,1041,1448,1369,967
"MKRN3",188,175,187,141,132,180,192,145,123,142,114
"RASSF6",15,22,26,26,20,32,38,20,28,72,31
"TRAF3",1740,1999,1973,2125,1863,1594,2079,1446,1964,2218,1421
"C10orf120",0,0,0,0,0,0,0,0,0,0,0
"PYCRL",661,931,840,1008,903,565,839,693,788,874,601
"COL5A2",77,65,120,73,66,82,108,92,69,76,56
"SENP8",111,93,100,92,50,78,86,91,93,92,61
"ZNF800",938,1091,968,1088,737,988,1053,743,1276,1202,873
"SMCO2",16,8,17,9,5,9,12,11,19,16,12
"C9",0,0,0,0,0,0,0,0,0,0,0
"FAM221A",0,0,1,3,0,2,0,1,1,3,1
"ZG16",1,0,2,1,1,0,4,2,0,5,3
"ATP6AP1L",131,89,180,86,124,137,158,152,153,155,130
"STEAP2",720,505,773,391,578,668,793,586,588,553,384
"APOO",767,821,792,748,573,755,806,632,913,834,574
"HERPUD2",808,896,969,901,822,898,916,802,1018,966,707
"SS18L2",671,692,473,733,301,658,566,516,791,574,513
"BSDC1",3453,3102,3426,2846,2543,3010,3482,3012,3430,4011,2872
"GSTA4",92,81,207,74,97,198,128,152,128,76,81
"HSPB9",4,3,1,1,4,0,1,2,0,2,1
"CORO7",37,48,54,48,51,38,39,34,45,51,35
"TMPRSS11D",0,0,1,0,0,0,2,1,4,0,0
"AGAP1",1627,1973,2161,2180,1973,1825,2191,1543,2209,2324,1495
"ANK2",7,27,42,24,24,34,47,35,29,32,23
"TCF23",0,0,0,0,0,0,0,0,0,0,0
"TMEM245",3979,4963,3877,4836,3040,4190,4243,3461,5136,4131,3529
"ZNF653",87,114,90,152,113,56,109,78,121,127,93
"GPR4",1,3,0,1,0,0,2,0,1,0,0
"DCAF8L2",0,0,0,1,0,0,0,0,1,0,1
"CEP112",91,78,91,83,71,107,94,84,91,87,74
"POLR2L",1550,1947,1193,1991,1224,1222,1413,1117,1743,1625,1094
"C21orf128",0,0,0,0,0,0,0,0,0,0,0
"PRKAG3",0,0,0,0,0,0,1,0,0,1,0
"TCP1",25409,26438,24912,27628,20898,21026,28708,18112,30083,31757,19581
"SLC35G3",0,0,0,0,0,1,0,0,0,0,0
"WDR89",669,600,629,603,486,579,720,471,698,702,437
"ADPRH",96,96,134,107,79,83,107,72,111,139,81
"CCDC47",5990,6980,5627,7582,4634,6192,6285,5069,8266,7469,5968
"GABARAPL2",1038,1199,1093,1051,862,1183,1021,1019,1176,965,768
"MMS22L",2603,2905,2762,2835,1998,2660,3028,2084,3049,2877,2051
"BEST2",16,7,8,21,34,16,10,16,30,19,26
"KCTD16",5,5,6,2,4,10,3,8,7,4,6
"C1orf220",26,10,17,15,6,11,12,14,18,18,26
"LPCAT4",2172,1956,2578,1827,2559,2160,2309,2077,2454,2399,1835
"AC051642.1",0,0,0,0,0,0,0,0,0,0,0
"HECW1",9,12,17,5,12,12,9,23,19,9,4
"MCCC2",4445,4947,5443,4700,4172,4318,5518,3892,4817,5512,3294
"DGCR6",23,19,19,16,16,12,15,9,26,28,17
"WDR44",543,530,498,519,412,581,588,490,666,668,486
"CHP2",0,0,0,0,0,0,0,0,0,0,0
"OR10AD1",0,0,0,0,0,0,0,0,0,0,0
"DCAF11",1524,1634,1881,1345,1217,1476,1883,1457,1373,1606,1103
"SLC45A3",714,794,849,738,713,692,909,721,715,902,604
"PON3",45,35,17,25,14,28,13,24,26,21,19
"GMPS",12128,14562,14886,15327,10817,12414,16450,11122,15975,16819,10939
"SIN3A",5021,5727,6152,5794,4630,5013,6111,4384,5753,6109,4305
"RNF146",723,696,717,596,542,749,719,573,782,780,491
"NUDT4",1247,1226,1415,1163,1287,1160,1528,978,1300,1319,872
"MIPOL1",270,292,433,297,274,348,402,256,330,356,232
"HIST2H3PS2",0,0,0,0,0,0,0,0,0,0,0
"BFSP2",1,0,0,0,0,0,0,0,0,0,1
"CTD-2162K18.4",4,6,1,3,5,2,5,6,6,8,5
"PRODH2",0,0,0,0,0,0,0,0,0,0,0
"KHDC1",178,206,163,144,139,163,190,120,174,148,114
"SPANXN1",0,0,0,0,0,0,0,0,0,0,0
"SYTL3",48,62,97,50,63,69,111,71,99,165,87
"ERGIC1",4151,4443,5367,4453,4637,5035,4726,4203,4982,4464,3028
"C1orf213",234,172,146,123,101,195,163,187,114,102,109
"ARR3",0,0,0,0,0,1,0,2,0,0,0
"RPA2",2348,3003,2295,2938,1918,2159,2662,1919,2932,3082,1957
"KCTD13",696,677,769,624,809,678,747,612,687,902,651
"CFD",17,9,31,22,35,21,20,16,22,41,19
"SPHAR",0,0,0,0,0,0,0,0,0,0,0
"PHGR1",5,6,2,4,0,5,5,7,5,3,9
"FAM72B",985,943,1181,915,840,984,1245,796,910,1056,673
"FREM2",136,156,191,136,82,268,164,130,136,105,78
"PPWD1",1533,1651,1687,1572,1127,1488,1886,1157,1724,1853,1170
"TM9SF4",3529,3845,4097,3691,3635,3577,4030,3335,3951,4303,2896
"RND2",9,10,25,21,24,15,11,16,29,12,14
"FAM207A",1304,1487,1337,1495,1228,1003,1562,916,1400,1706,969
"TMEM86B",147,150,114,140,144,99,111,104,105,138,104
"RPS6",140392,149681,90446,161282,73702,124762,98058,123852,159253,101099,127566
"SURF4",8263,9450,8440,10050,8968,7908,8841,7537,10832,10133,6934
"NANOS3",12,5,5,8,4,6,7,12,6,4,2
"NAA10",3735,4284,3645,4163,3384,3243,4078,2912,4338,4292,2930
"TESK2",100,79,95,86,78,113,97,111,97,88,54
"FUS",21424,24528,20754,22804,18314,24012,24131,15461,24074,24438,16941
"ZSCAN1",0,0,0,0,0,0,0,0,0,0,0
"LURAP1L",389,318,343,270,226,402,425,280,557,691,388
"NSMF",3872,4155,4338,4057,4167,3217,4156,3281,3913,4060,2731
"ZNF432",233,181,181,179,84,181,196,133,234,179,160
"RC3H1",1231,1438,1201,1220,897,1311,1289,804,1452,1301,953
"SLC22A10",0,0,0,0,0,1,1,0,0,0,0
"B4GALNT2",0,0,0,0,0,0,0,0,0,0,0
"ABI2",3160,3302,3883,2970,2804,3282,3518,2673,2987,3161,2130
"RIT1",468,471,525,458,304,536,471,426,633,548,420
"NADK",2355,2318,2346,2170,2219,2020,2336,1786,2535,2660,1747
"INSL6",0,0,0,0,0,0,0,0,0,0,0
"NHSL2",1,2,0,3,1,1,2,1,1,2,1
"ZFP28",302,279,396,343,292,324,406,278,334,389,314
"RPRM",48,42,47,60,34,67,34,29,50,30,25
"AC090574.1",0,0,0,0,0,0,0,0,0,0,0
"SPINK7",0,0,0,0,0,0,0,0,0,0,0
"PNPLA3",1108,1102,1315,922,1077,1365,1203,1050,1406,1347,1159
"USP17L21",0,0,0,0,0,0,0,0,0,0,0
"ATP1B2",0,0,0,0,0,1,1,1,0,1,0
"CTD-2117L12.1",0,0,0,0,0,0,0,0,0,0,0
"PCBP2",18613,21701,19631,21103,17477,16133,21236,14732,20916,22294,15050
"EPPIN-WFDC6",0,0,0,0,0,0,0,0,0,0,0
"CCDC109B",691,765,710,703,470,716,773,619,944,805,577
"ZNF696",253,238,274,228,247,155,289,162,242,241,155
"C8orf44-SGK3",0,1,0,0,0,1,0,0,0,0,0
"SOD2",7866,9437,10047,9262,8107,9989,10459,8147,11599,11987,8191
"MRPL34",1259,1277,1172,1197,1178,1125,1256,1014,1283,1228,773
"CLEC2L",0,0,0,0,0,0,0,0,0,0,0
"LINC00998",1083,1173,887,1086,598,1238,1006,1018,1254,960,777
"MIB2",783,771,732,600,728,622,721,531,677,821,440
"CD1C",0,0,0,0,0,0,0,0,0,0,0
"SLC45A2",1,1,0,0,1,0,0,0,0,0,0
"AC132216.1",0,0,0,0,0,0,0,0,0,0,0
"FREM3",0,0,0,0,0,0,0,1,0,0,0
"FBXL7",0,0,0,0,0,0,0,0,0,0,0
"SPINT2",5344,5880,5207,5821,5085,5492,5558,5334,6563,6271,4483
"AP002956.1",0,0,0,0,0,0,0,0,0,0,0
"MROH2B",0,0,0,0,0,0,0,0,0,0,0
"B2M",5218,5544,3319,5887,2830,5545,3393,4658,7542,4503,4929
"DMRTA1",0,0,0,0,0,0,0,0,0,0,0
"SH3BP4",1952,2699,2311,2792,2140,2022,2473,2121,2658,2533,1909
"MAP2K2",3620,3990,4025,4712,4735,2989,4357,3337,4613,5343,3066
"RP11-6L6.2",1,0,0,0,0,0,0,1,1,0,0
"SPRR1A",0,0,0,0,0,0,0,0,0,5,0
"SURF6",2987,3307,3129,3601,3541,2165,3401,2073,3100,3831,2537
"CSNK1A1L",1,1,1,2,2,0,1,0,4,0,0
"TRIM39",760,992,825,1001,607,740,938,729,865,921,676
"PHKG1",42,33,27,18,8,32,18,27,25,33,26
"PRSS8",866,979,1115,1033,1520,1127,1013,1213,1441,1302,990
"ERH",5385,6202,4697,5916,4261,5064,5086,4374,6049,5012,3952
"MTHFD1",5138,5793,5427,5770,4061,4973,6046,4010,6368,6436,4162
"DNAJB9",291,270,200,298,136,373,235,231,536,314,291
"LGI1",0,0,0,0,0,0,0,0,0,0,0
"RASD1",1,3,5,3,5,1,4,2,5,6,0
"OR2T33",0,0,0,0,0,0,0,0,1,0,0
"BAG2",2431,2270,2308,2415,1909,2217,2425,1851,2872,2664,1809
"LILRA3",0,1,0,0,0,0,0,0,0,0,0
"ATP12A",0,0,1,0,1,2,1,2,4,3,3
"NCF2",51,55,58,85,42,64,59,107,253,319,238
"AURKAIP1",2719,3327,2722,3277,3045,2248,3095,2178,3235,3568,2012
"LCN1",0,0,0,0,0,0,0,0,0,0,0
"GLIS2",678,889,885,1166,1080,580,792,668,992,1027,705
"AC006435.1",14,8,10,13,12,9,5,8,5,11,9
"MTMR10",981,1084,1078,1096,866,1007,1036,958,1287,1194,1032
"GEMIN5",3832,4082,4239,4645,3150,3028,4975,2748,4226,5422,2939
"ZBTB44",832,795,881,683,621,858,906,564,785,765,489
"LOXL2",2263,3244,3009,3634,3385,3387,2570,2866,4559,2852,2465
"DIEXF",2298,2369,2337,2598,1857,2065,2768,1784,2955,3220,2056
"DEGS2",1,1,0,3,2,0,1,0,0,0,2
"C7orf61",16,8,14,5,10,13,14,5,7,12,7
"FKBP4",18914,18746,22482,21315,21444,14201,24725,12552,19802,27231,13664
"STK32B",0,0,0,0,0,0,0,2,0,0,0
"PFKFB2",1519,1767,2053,1473,1285,1996,1828,1743,1815,2019,1569
"STAT2",901,651,822,457,481,939,901,757,910,1182,935
"MAS1",0,0,0,0,0,0,0,0,0,0,0
"RRAGB",361,398,410,412,304,454,369,361,467,452,358
"PPAPDC1A",458,574,527,545,567,514,573,467,584,675,410
"KIF3C",418,411,667,350,606,503,707,584,614,885,511
"KIR3DL3",0,0,0,0,0,0,0,0,0,0,0
"FGF17",0,0,0,0,0,1,1,0,0,0,0
"CCNB2",1815,1942,1858,1964,1348,1683,2003,1645,2223,2011,1420
"ASB18",0,0,0,0,0,0,0,0,0,0,0
"TARS",7162,8705,8331,9317,6634,7213,9949,5954,9909,11285,6354
"RP11-1220K2.2",0,0,1,1,0,2,0,1,0,2,4
"RGS2",89,97,65,120,54,73,75,59,130,114,89
"BCL2A1",2,1,0,0,0,0,0,0,3,0,0
"CRTAP",3783,4174,4449,3981,3855,4051,4333,3747,4320,4224,3006
"TEX28",0,0,0,0,0,0,0,0,0,0,0
"PLEC",16767,22249,13103,22171,14928,14345,15891,12148,19001,19308,14414
"DPYSL2",6009,5803,7167,5238,6191,6923,6541,5317,6823,7240,4416
"ZNF625",0,0,0,0,0,0,0,0,0,0,0
"ZNF304",475,533,445,451,278,440,485,384,480,494,351
"SLC39A12",0,0,0,0,0,0,0,0,0,0,0
"SMIM2",8,6,8,1,1,15,8,5,10,6,1
"HTR7",273,390,372,475,304,302,395,272,480,396,305
"TMPRSS11A",0,0,0,0,0,0,1,0,0,0,0
"MAP1LC3C",0,0,0,0,0,0,0,0,0,0,0
"ATP2C2",309,274,254,283,205,268,296,278,368,405,313
"ADAMTS7",381,352,398,322,454,377,265,360,446,370,329
"C9orf141",0,0,0,0,0,0,0,0,0,0,0
"RPL37A",20684,21463,15971,20961,11169,18925,17393,15424,23700,18609,15356
"TGFBR3",103,65,96,54,62,112,99,66,76,47,39
"ERCC3",2676,3125,3150,3048,2324,2717,3420,2345,3449,3910,2509
"GUCA2A",0,0,0,0,0,0,0,0,0,1,0
"COX4I1",7090,7698,6519,7848,6234,6814,7057,6050,8690,8166,5812
"CTC-534A2.2",72,65,46,74,29,79,48,61,95,41,52
"DNAAF3",254,237,324,254,359,218,254,208,329,331,204
"OR4X1",0,0,0,0,0,0,0,0,0,0,0
"VEZT",1981,2160,1931,2330,1354,2020,2138,1723,2740,2605,2052
"METTL20",34,33,33,15,18,48,43,44,23,26,19
"PKN3",1014,1000,982,1035,1109,820,869,843,1091,967,864
"RNF165",1179,1308,1356,1076,1070,1272,1087,1098,924,947,854
"SLCO2B1",0,4,6,0,7,5,2,2,2,7,3
"USP53",1492,1641,1740,1994,1480,1866,2136,1328,2678,2684,1783
"FGFR1",456,377,447,331,368,349,463,343,332,403,262
"TBC1D2",705,709,720,844,817,575,761,644,1040,1307,791
"UBAC2",2157,2375,2415,2537,2361,2130,2324,2091,2832,2712,1729
"TAGLN",17,16,13,18,3,14,15,8,5,13,13
"LMO7",2374,2403,2652,2622,2035,2790,2774,2473,3853,3734,3020
"MGC4771",4,5,6,2,2,8,5,10,11,10,4
"FAM159A",0,0,0,0,0,0,0,0,0,0,0
"TMEM178A",8,6,4,3,8,9,8,9,12,5,5
"TRMT10C",2422,2638,2464,2740,1993,2309,2717,2058,2985,2571,2018
"GSDMB",118,67,96,57,55,141,92,85,105,102,93
"CHMP1B",3526,3778,4013,2995,2969,3788,4093,3250,3457,3617,2262
"AL359878.1",1,0,0,2,0,1,1,0,0,2,1
"TMEM38B",1683,1910,1386,1660,1150,1659,1380,1292,1805,1339,1143
"EPM2A",323,431,390,391,240,322,366,312,376,310,201
"CNP",2251,2835,2809,3168,2758,2070,2985,2172,3173,3980,2300
"PHTF1",1651,1805,1715,1778,1124,1953,1657,1622,2164,1725,1359
"CH25H",0,1,1,3,3,2,0,4,4,1,2
"RASA1",1883,2072,2486,2026,1604,2136,2515,1905,2316,2391,1626
"CCDC41",853,839,1069,813,653,801,1060,652,858,973,675
"HECTD1",6611,7434,7395,7613,4966,7614,8129,5674,8341,8601,5729
"ZBTB43",1139,1274,1116,1234,892,1132,1223,947,1395,1381,1032
"PXK",397,413,521,451,386,460,496,364,520,484,328
"GLMN",789,916,609,900,422,788,785,564,992,828,649
"RNF44",2090,1889,2518,1888,2698,1960,2289,2037,2099,2387,1643
"CYP51A1",13252,15755,17104,16610,13672,18304,18772,14473,22574,18640,13876
"KREMEN2",552,485,543,528,599,430,442,455,562,542,430
"RORB",26,22,34,44,25,40,24,20,37,25,20
"PIGX",1850,1846,2228,1724,1676,1903,2130,1701,1965,1831,1200
"ACAD11",520,527,518,428,386,571,530,514,715,600,537
"RBM4B",715,763,661,651,523,552,824,508,680,661,464
"PFKL",2814,3227,3542,3004,3811,2777,3383,2861,3532,3631,2302
"TMC3",0,3,0,0,0,0,1,1,0,0,0
"CLEC5A",0,0,0,0,2,0,0,0,0,0,0
"INSL5",0,0,0,0,0,0,0,0,0,1,0
"ATG9B",0,1,0,1,0,0,2,2,1,3,3
"SEC16A",6053,7398,7026,7805,5900,6062,7438,5139,7635,8968,5625
"OR52L1",0,0,0,0,0,0,0,0,0,0,0
"HMGCL",536,586,737,471,524,575,774,574,638,783,440
"ARHGAP42",115,154,147,173,105,116,173,105,189,295,130
"AGBL1",0,0,0,0,0,0,0,0,0,0,0
"FAM197Y1",0,0,0,0,0,0,0,0,0,0,0
"ELF4",4140,5875,5626,5978,5408,4215,6234,4678,6004,7715,4851
"SPINK6",9,24,3,43,3,6,10,10,85,65,86
"CDH11",165,139,70,111,58,92,113,77,83,68,46
"ZNF286A",1138,1122,1026,1068,666,920,1110,740,1088,1036,820
"PRMT8",0,0,0,0,0,0,0,0,0,0,0
"MSANTD2",635,499,458,401,290,609,462,356,520,372,314
"GRXCR1",0,0,0,0,0,0,0,0,0,0,0
"C19orf18",3,1,3,4,4,4,6,4,5,3,11
"KCNN2",2,0,0,0,0,0,0,0,0,0,0
"ORAI2",851,823,884,809,877,817,839,775,822,838,527
"BAIAP2L1",2088,2352,2456,2627,2032,2038,2757,2154,2960,3432,2284
"MFAP3L",712,794,760,814,558,820,758,555,1022,996,692
"OSBPL3",1586,1617,1704,1764,1267,1434,2014,1356,2238,2525,1626
"CEND1",0,0,0,0,0,0,0,0,0,1,0
"SKI",3132,3357,3462,3345,3796,2730,3408,2464,3135,3269,2204
"MX1",23,22,43,19,13,20,27,24,27,34,18
"HK2",3406,3716,4425,3880,3671,3059,4778,2937,3852,5135,2812
"ESPNL",0,3,4,1,1,0,2,2,2,3,0
"GALR2",8,6,5,13,8,5,8,0,12,10,2
"NQO2",890,978,937,935,856,790,1040,838,1005,1150,716
"FAM154B",24,12,11,5,7,15,8,14,8,12,8
"ORC2",2049,2019,2394,2043,1761,2009,2630,1622,2401,2892,1561
"RNF149",1683,1740,1575,1710,1365,1705,1698,1437,2403,2111,1585
"RP1-170O19.20",0,0,0,0,0,0,0,0,0,0,0
"DEFB129",0,0,0,0,0,0,0,0,0,0,0
"SULT1A4",24,30,28,16,19,20,19,22,17,20,27
"ECE1",3458,4106,3960,4256,3472,3592,3977,3493,4075,4107,2937
"C9orf16",778,856,906,938,978,709,823,842,920,913,672
"MSH5",944,780,956,515,569,1132,785,947,762,655,678
"PRPF3",2641,2686,2709,2586,1795,2607,2961,2072,3002,3158,2258
"ANKRD34B",10,2,8,3,8,10,11,5,12,6,3
"RP11-3B7.1",0,0,0,0,0,0,0,0,0,0,0
"AL358333.1",0,0,0,0,0,0,0,0,0,0,0
"WDR54",642,690,656,723,580,708,682,600,870,751,509
"CDHR2",5,3,3,3,2,9,4,5,6,6,2
"SLC45A4",388,326,350,343,331,346,408,294,395,397,259
"UCHL5",4611,5240,5217,5144,4357,5034,5615,3703,5670,5428,3753
"PILRA",67,61,44,48,30,63,66,62,70,46,67
"HS3ST4",0,0,0,0,0,0,0,0,0,0,0
"RP11-527L4.2",0,0,0,0,0,0,0,0,0,0,0
"TUBB",85252,101529,100550,97121,86291,74713,105825,73961,94674,100439,67178
"SF3A1",7722,9696,9249,10100,8121,6363,9788,6374,8492,10990,6693
"CARD14",16,20,14,6,19,12,15,18,17,20,16
"ZNF644",2783,3304,3035,3636,2170,2951,3465,2093,3933,3822,2388
"NUB1",2511,2650,3026,2813,2157,2548,3310,2277,2909,3598,2226
"TOP1MT",1463,1660,1751,1656,1957,1350,1900,1223,1706,1927,1175
"ZC3HC1",734,893,773,822,542,594,907,543,808,865,542
"SLC1A4",468,530,484,814,657,591,617,514,928,1012,611
"IBSP",0,0,0,0,0,0,0,0,0,0,0
"MAFF",1166,1457,1453,1676,1459,1245,1632,1243,1742,2140,1313
"ELMSAN1",2405,2823,2811,2855,2620,2356,2833,2283,2742,2945,2226
"CDK2",2853,3244,3233,3082,2689,2727,3531,2683,3348,3458,2530
"CHIT1",0,0,0,0,0,0,0,0,0,0,0
"MZT1",1307,1492,981,1411,987,1263,1045,906,1573,1025,957
"POLA1",3696,4623,4523,4750,3276,4070,5113,3116,4825,5802,3209
"LHB",0,2,3,14,13,7,5,5,15,16,18
"FAM27D1",0,0,2,0,2,0,0,0,2,0,1
"TSPY6P",0,0,0,0,0,0,0,0,0,0,0
"SLC25A21",40,33,26,36,15,21,29,22,44,31,26
"SPANXN2",0,0,0,0,0,0,0,0,0,0,0
"RAB30",230,271,235,184,145,303,248,194,261,232,168
"SOWAHB",16,16,31,24,33,27,28,27,30,43,30
"ANKRD44",29,24,28,24,16,33,39,30,32,37,23
"IRAK4",859,1015,1102,1017,685,1031,1169,928,1387,1415,1117
"NXF2B",0,0,0,0,0,0,0,0,0,0,0
"HOXA1",35,33,48,28,28,44,47,39,47,63,49
"CCDC62",14,0,1,1,1,0,5,2,2,2,4
"MCF2L2",189,181,220,82,84,163,370,178,124,166,89
"APEX2",3175,3681,3444,4063,3613,2639,3802,2613,3938,4821,3007
"AL513478.1",0,0,0,0,0,0,0,0,0,0,0
"CDK7",1397,1572,1487,1606,1006,1402,1557,1316,1719,1838,1230
"AC018630.1",0,0,0,0,0,0,0,0,0,0,0
"SCRT2",0,0,0,0,0,0,0,0,0,0,0
"C11orf49",392,460,476,333,358,424,463,457,387,304,246
"WBSCR22",2025,2189,2052,2274,2205,1671,2124,1676,2477,2571,1723
"NTRK1",4,0,16,3,3,12,13,7,8,2,5
"SLC19A2",978,1047,1130,978,836,1142,1070,805,937,815,587
"SRGAP2",2706,2476,3017,2666,2367,2579,3082,2259,3245,3868,2524
"ZEB2",61,102,63,86,44,57,74,53,84,76,42
"HIST1H1E",32,46,29,72,14,4,22,14,36,36,27
"BCOR",1111,1218,1308,1315,1109,1485,1246,1075,1540,1338,946
"RPGRIP1",26,38,31,42,31,29,48,36,64,74,55
"BGLAP",0,0,0,1,0,1,0,1,2,0,0
"CLEC4G",0,0,0,0,0,0,0,0,0,0,0
"TGFB1",2104,2033,2509,2917,4410,2121,2269,2043,3129,3273,2055
"RALGAPB",3729,4117,4762,3971,3139,4161,4656,3581,4731,4884,3294
"GABRR1",0,0,0,0,0,0,0,0,0,0,0
"GLIS1",0,0,0,1,0,0,1,0,1,2,1
"AC112205.1",0,0,2,0,0,0,0,1,0,0,0
"RP11-861L17.3",0,0,0,0,0,0,0,0,0,0,0
"AC132192.1",49,48,43,37,29,34,40,39,47,26,23
"OSGEP",695,747,598,706,466,625,659,599,731,788,627
"IDI1",6319,7607,8847,7730,6366,8717,9099,6690,9697,8212,5865
"DCLRE1B",1199,1512,1498,1391,1215,1085,1499,1033,1343,1390,992
"PRRT3",64,77,68,67,87,63,68,65,114,119,61
"ZNF865",607,776,745,844,1112,516,718,567,700,836,528
"SMIM9",0,0,0,0,0,0,0,0,0,0,0
"IL31RA",166,202,259,221,154,276,280,246,248,271,181
"SLC35D1",829,866,756,708,484,757,788,628,710,626,483
"COX8A",983,1132,920,1104,839,743,969,862,1193,1067,720
"NKX3-1",214,229,240,237,156,174,273,134,202,269,164
"TPD52L1",1589,1815,1787,1821,1338,1659,1925,1459,1901,2113,1333
"EIF2B3",1396,1561,1624,1361,1113,1216,1946,1084,1593,1757,970
"GPRIN2",196,223,299,188,210,291,239,177,220,236,143
"C1orf158",0,0,0,0,0,0,0,0,0,0,0
"LYPD8",0,0,0,0,0,0,0,0,0,0,0
"NAT8L",598,621,611,1062,1288,442,563,421,811,822,516
"CLIC2",10,9,16,10,7,13,15,8,14,11,16
"UGT2B4",0,0,0,0,0,0,0,0,0,0,0
"DNAJC22",44,67,48,57,26,46,44,58,55,58,44
"TCEAL2",0,0,0,0,0,0,0,0,1,0,0
"LCT",0,0,0,0,0,0,0,0,0,1,0
"FNDC3B",2366,2529,3074,2634,2513,2553,3160,2008,3203,3882,2255
"TUBAL3",7,4,6,2,8,4,11,8,9,7,4
"RECQL",5654,6477,6961,6533,4519,6432,7694,5199,7916,8257,5164
"PTPMT1",1461,1742,1491,1861,1432,1350,1533,1252,2009,1719,1248
"GTF2H5",851,920,747,884,523,919,750,731,1056,804,582
"SEC11C",1791,1906,1059,2138,1060,1406,1275,1284,1965,1744,1387
"RICTOR",1538,1606,1570,1557,1020,1840,1644,1191,2251,1811,1417
"IGSF23",4,8,4,5,2,6,4,3,7,4,6
"CDT1",2987,3725,3375,4199,4680,2392,3578,2597,3608,4156,2403
"IL4I1",2,4,3,6,0,2,1,3,1,1,3
"SLC39A14",3033,3410,2701,3996,2413,2830,2976,2257,4294,3403,2628
"UCK2",1599,2117,1914,2166,2236,1516,2228,1525,2030,2252,1406
"SCEL",67,110,61,178,76,92,102,98,391,550,336
"EIF4G1",44045,55048,53705,59833,50833,39125,56271,36900,53898,65833,40530
"CHRNB2",35,44,28,52,44,17,38,30,67,102,69
"RPS24",22701,24874,21338,28011,15981,23093,23946,19457,28496,26260,20150
"FUK",327,324,390,251,286,301,320,270,297,293,188
"PIK3C2G",16,22,21,12,16,25,20,13,24,21,7
"TSPAN32",0,0,0,0,0,0,0,0,0,0,0
"NPIPB5",802,882,725,780,675,814,711,588,1008,886,769
"LRRC47",2048,2304,2214,2205,2178,1801,2505,1667,2169,2814,1578
"KLHL21",1774,2405,1959,2656,1976,1392,2421,1456,2514,3335,1739
"XIAP",1274,1447,1308,1285,978,1373,1381,1013,1554,1574,1059
"STOM",21,22,23,29,25,18,15,22,31,34,21
"C1orf64",0,0,0,0,0,0,0,0,0,0,0
"SRP19",1306,1607,1270,1724,995,1258,1451,1155,1867,1724,1281
"CEP76",786,772,727,848,577,745,812,635,917,929,646
"SIGLEC5",0,0,0,0,0,0,0,0,0,0,0
"SLIT3",4,3,2,1,4,3,4,2,3,7,4
"DENND4B",2007,1885,2130,1707,2055,1764,2101,1580,1968,2087,1479
"DLEU2L",14,19,11,10,5,21,14,5,13,14,9
"AC117834.1",0,1,0,0,0,0,0,0,1,0,0
"ZNF528",7,6,4,2,1,5,9,10,3,1,4
"SPTLC2",2739,2763,3202,3000,2446,3185,3124,2621,3888,3536,2635
"HOXB9",0,0,0,0,0,0,0,0,0,0,0
"AK8",3,3,6,1,4,2,1,2,1,2,2
"VILL",102,74,111,123,178,129,132,127,335,578,269
"RSPO2",8,5,2,3,7,2,1,3,3,4,2
"CDH26",10,3,6,7,6,4,6,10,5,7,6
"TMEM107",444,400,471,324,330,400,356,456,376,282,264
"TNFAIP6",12,9,9,6,3,17,9,11,11,1,4
"P4HA3",14,19,16,9,10,20,23,8,10,11,7
"CCDC51",1282,1358,1323,1347,1187,980,1407,981,1351,1551,969
"AL020996.1",15,13,12,11,11,11,14,9,9,15,11
"GPR151",0,0,0,0,0,0,0,0,0,0,0
"NPAS3",1,14,17,9,11,14,10,8,8,4,4
"IFT43",332,379,316,271,217,345,348,303,323,316,246
"KANSL1L",102,79,103,37,59,93,67,57,81,77,50
"GIMAP2",0,3,1,1,2,3,2,1,1,2,1
"SRY",0,0,0,0,0,0,0,0,0,0,0
"GPD1L",1078,1217,1457,1042,1147,1174,1558,1012,1219,1333,760
"LAMC2",15129,15992,13714,19641,12726,14183,20661,12437,29419,37831,21174
"LARP4B",3994,4411,5167,4710,4475,3924,5342,3516,5348,6193,3784
"LPO",0,0,0,0,1,0,0,2,0,0,0
"TIMP1",15523,15223,16172,15702,15779,17285,17363,13344,18196,16382,9872
"NOL10",3430,4300,3867,4804,2775,3265,4415,2615,4256,4984,3121
"RP11-385D13.1",2,2,1,0,1,1,1,3,1,2,0
"FNBP1L",2199,1975,2538,2177,1885,2701,2511,1818,2742,2622,1764
"MT1HL1",0,0,0,0,0,0,0,0,0,0,0
"LLGL2",1127,1065,1220,1095,1318,982,1187,1017,1574,1731,1181
"LRRK2",65,73,82,56,45,97,88,74,83,72,42
"KCNJ2",6,5,1,2,0,3,2,1,3,2,2
"CLEC9A",1,2,2,1,0,1,2,0,1,0,4
"ATP6V1F",1630,1783,1784,1912,1889,1620,1921,1450,2150,2411,1473
"SBF2",1078,1280,1701,1180,980,1459,1532,1253,1244,1364,920
"TNN",0,0,0,0,0,0,0,0,0,0,0
"RUFY3",903,845,990,792,706,897,1043,744,912,1076,757
"MMACHC",796,766,913,795,683,695,950,613,779,938,523
"OR4F17",0,0,0,0,0,0,0,0,0,0,0
"STARD6",5,2,0,0,1,2,0,1,3,0,2
"C1orf162",14,19,9,13,10,10,9,8,16,12,9
"PPAPDC1B",352,332,291,247,213,336,350,291,359,371,313
"ODC1",11397,12096,9002,15171,10388,7404,12124,6870,13271,15328,8465
"BTBD7",1500,1739,1714,1745,1294,1452,1780,1130,1898,1901,1241
"DTX2",451,383,521,366,635,379,468,380,520,608,391
"ATP5G3",7067,7763,6668,7706,5770,6917,6657,5906,8570,7167,5094
"PIBF1",734,679,951,747,517,739,983,613,779,864,468
"HAUS3",1106,1065,1037,1072,749,1128,1172,665,1226,1112,759
"CENPJ",1493,1355,1591,1265,985,1755,1612,1367,1607,1525,1287
"FAM134B",19,22,24,14,10,24,16,28,28,17,16
"GORASP2",3424,3985,3866,4140,3488,3283,4142,3349,4704,4830,3344
"SPANXC",2,0,2,1,0,3,3,0,2,2,1
"USP42",753,791,794,785,767,769,870,611,897,846,591
"CLEC12B",0,1,1,1,0,0,0,0,0,0,0
"TSPAN31",414,466,492,515,344,489,467,549,701,616,537
"USP49",259,202,237,141,114,210,242,144,166,182,125
"RPE65",2,1,0,2,0,1,1,2,3,0,4
"MEF2BNB-MEF2B",0,0,0,0,0,0,0,0,0,0,0
"OR6Q1",0,0,0,0,0,0,0,0,0,0,0
"AMIGO3",0,0,0,0,0,0,0,0,0,0,0
"POLR3C",976,1143,911,1101,749,867,1171,814,1190,1220,895
"MOB4",791,1047,746,935,580,981,764,721,1189,855,748
"EPN2",925,823,1130,770,997,848,1070,770,989,1086,689
"GATAD2B",2637,2916,3127,2880,2349,2602,3043,2104,2918,2973,2081
"ANKRD13A",1042,1251,1183,1236,813,1064,1368,929,1530,1694,1065
"C8orf86",0,0,0,0,0,0,0,0,0,0,0
"CRYGB",3,0,3,0,0,2,1,1,0,1,0
"SLC10A6",0,0,0,0,0,0,1,1,0,0,1
"TLE1",1946,1923,2273,2143,2246,1864,2417,1683,2508,2788,1707
"GJE1",0,0,0,0,0,0,0,0,0,0,0
"LRRC3B",0,0,0,0,0,0,0,0,0,0,0
"SNTG2",0,0,0,0,0,0,0,0,0,0,0
"ABHD16A",27,21,10,14,18,18,10,10,24,13,8
"PRELP",1,1,0,1,2,0,1,1,1,3,0
"AMER1",1800,1900,1676,2049,1492,1518,1782,1327,1748,1681,1286
"GTSE1",2536,2719,2392,2596,1980,1973,2450,1862,2534,2543,1779
"ZSCAN10",0,0,0,2,0,0,2,0,0,0,0
"GPR141",0,2,0,1,3,0,2,2,2,1,2
"PRIMA1",0,0,0,0,0,0,0,0,0,0,0
"FYB",161,275,251,288,195,136,290,208,267,622,271
"HFM1",2,4,3,7,0,4,5,5,8,1,3
"PXN",10151,10803,10344,10920,10664,7863,11557,8272,11650,15020,9808
"CELSR2",2571,2542,2755,2727,2571,2613,2446,2159,2447,2378,1815
"TRDMT1",160,231,172,118,88,196,188,160,152,99,110
"AOC1",0,1,0,0,0,0,0,0,0,1,0
"ASXL3",2,0,0,0,0,2,1,0,0,0,0
"MTRNR2L12",3608,3580,2083,2785,1110,4139,2555,2731,5837,2308,3203
"Z97053.1",0,0,0,0,0,0,0,0,0,0,0
"THOC7",2351,2499,1787,2754,1274,2338,1871,1965,3007,2077,2004
"GLIPR2",127,121,146,105,116,119,140,123,107,116,87
"FADS6",0,0,0,0,0,0,0,0,0,0,0
"EID1",4607,5195,4712,4614,3922,4536,5076,3284,4657,4605,3005
"ELK3",2979,3174,3405,3189,2587,3157,3686,2887,4143,4258,3025
"YWHAG",10509,11741,11888,11985,11027,10503,13753,8652,13379,15117,9111
"LEUTX",0,0,0,0,0,0,0,0,0,0,0
"ALDH18A1",5250,6056,5608,5705,4672,5204,6329,4588,6448,6416,4283
"UAP1",2745,3038,3203,3374,2486,2778,3779,2561,3841,4181,2610
"RP11-723O4.6",3,3,1,4,5,0,0,0,4,6,5
"GDAP2",1362,1324,1467,1396,1073,1257,1663,936,1676,1925,1095
"SEL1L3",1046,929,1347,905,1011,1374,1333,1126,1469,1481,992
"SLC34A2",0,0,0,0,0,0,0,0,0,0,0
"SOHLH1",1,0,3,0,1,1,1,1,1,0,0
"TEX9",35,43,41,33,26,33,34,20,40,44,26
"HOMER3",1426,1556,1439,1624,2076,1095,1706,1134,1796,2290,1150
"ITGBL1",196,218,175,242,178,193,233,173,323,335,256
"CWH43",0,0,0,0,0,0,0,0,0,0,0
"ZDHHC4",875,1019,919,954,759,824,931,808,1101,918,659
"PDGFB",260,194,270,299,356,273,327,342,518,509,410
"NFRKB",671,744,617,663,476,573,694,501,696,676,519
"LILRA5",0,0,0,0,0,1,0,0,0,0,0
"ID3",3994,5166,3229,5916,3384,1937,3384,1768,3351,4515,2014
"NSG1",0,0,0,1,0,0,0,0,0,0,0
"IL17REL",0,0,0,0,0,0,0,0,0,0,0
"TRPM1",0,0,0,0,0,0,1,1,0,0,1
"MCM3",11552,13742,13609,13911,10623,10850,14276,9581,13208,14383,9289
"SOHLH2",0,1,0,1,3,0,0,0,0,0,0
"ZCCHC3",493,548,527,562,433,449,532,363,549,559,367
"RNF157",0,1,2,0,0,0,0,0,0,0,1
"FZD2",250,256,241,218,268,219,243,233,203,153,161
"PRC1",10798,12170,12345,12934,9940,10201,13022,9715,13861,14698,9979
"MRPS11",1353,1559,1242,1508,1179,1205,1312,1002,1539,1636,1040
"TMEM132C",0,0,0,0,0,0,0,0,0,0,0
"HRASLS5",0,0,0,0,0,0,0,0,0,0,0
"HSPA12B",0,0,1,0,2,0,0,0,0,0,0
"RBFA",666,772,750,789,730,603,780,599,809,863,613
"LRRC4C",0,0,0,0,0,0,0,0,0,0,0
"AC132872.2",45,119,83,127,66,107,69,136,107,102,126
"MOB1A",8847,10318,9791,10285,7770,9886,9989,7687,11678,10258,7210
"EPHX1",1808,1752,1885,1256,1268,1785,1877,1700,1296,1659,953
"EIF3J",6120,6749,6713,7194,5494,5836,7874,4551,6730,7669,5142
"GCM1",1,0,0,0,0,0,0,0,0,3,1
"IFNA1",0,0,0,0,0,0,0,0,0,0,0
"PPARD",1774,2043,2360,2467,3078,1711,2443,2009,2829,4358,2556
"TLK2",1857,2063,2042,2223,1602,1760,2262,1524,2229,2458,1621
"CASC4",2358,2728,2959,2348,2341,2813,2701,2372,2634,2469,1847
"TRMT2B",876,1012,937,950,622,763,1022,726,991,1115,736
"PLEKHG6",342,291,412,463,606,380,388,377,575,844,483
"OR9G4",0,0,0,0,0,0,0,0,0,0,0
"C1orf167",1,0,0,0,0,0,1,0,1,0,0
"RAB38",657,583,727,680,557,667,839,497,842,883,501
"SVOP",0,0,0,0,0,0,0,0,0,0,0
"RASSF3",2130,2329,2212,2617,2119,2085,2598,2000,2723,2718,2180
"FAM196B",136,138,147,192,165,109,176,98,191,285,189
"SEC61G",5498,5935,3410,5710,3297,5266,3768,3988,7006,4159,4115
"SFTPD",2,0,1,0,1,1,0,0,0,5,0
"SRPX",1084,1253,1509,1314,1235,1570,1623,1423,1654,1428,933
"ANGPTL4",1609,1753,1933,1767,2501,1056,2320,1514,1471,1930,1193
"KRTAP9-1",0,0,0,0,0,0,0,0,0,0,0
"FBXL13",14,18,13,12,6,11,16,8,6,8,8
"C7orf63",35,59,48,19,22,51,58,39,29,19,26
"ZNF580",405,388,332,292,392,369,275,355,373,282,314
"PDX1",46,75,62,59,72,46,72,39,67,74,53
"GPR114",1,2,0,1,2,5,1,0,5,4,0
"PRKAB2",881,793,801,774,513,783,861,640,903,884,665
"EVC2",0,0,0,0,0,0,0,1,0,0,0
"NECAB3",527,579,563,354,472,545,583,535,498,567,323
"IMPDH2",12109,13842,13513,15261,12376,10675,14941,9850,15813,16863,10300
"LBP",2,0,0,1,0,0,0,0,1,0,0
"KLRD1",1,0,0,0,0,0,0,0,0,0,0
"HBG1",0,0,0,0,0,0,0,0,0,0,0
"DNAJC25",546,568,426,526,340,491,433,371,601,439,426
"KRT3",4,1,4,1,5,0,7,2,2,2,3
"PPP1R2",1646,2162,1783,1974,1839,1680,1846,1421,2023,1784,1377
"KCNJ4",105,131,129,117,104,96,108,101,86,122,90
"GFAP",4,9,9,12,3,8,4,5,10,2,3
"FERD3L",0,0,0,0,0,0,0,0,0,0,0
"SDF2",686,627,520,619,444,642,625,577,740,643,522
"C10orf107",0,0,0,0,0,0,0,0,0,1,0
"C2CD4A",0,0,3,0,3,1,1,0,1,0,0
"ARL10",645,552,762,606,516,751,602,558,826,716,532
"FABP2",0,0,0,0,0,0,0,0,0,0,0
"CRYBG3",1017,1092,1007,1174,589,1146,1109,920,1463,1311,1022
"NOTO",0,2,2,2,0,0,0,0,3,0,3
"OR2AG1",0,0,0,0,0,0,0,1,0,0,0
"MYPN",381,408,359,328,226,262,438,268,343,441,300
"ADORA2A",7,14,13,15,8,12,11,15,8,9,4
"TSNAXIP1",64,51,39,32,17,42,44,32,43,36,18
"SNRNP35",317,312,354,292,282,302,358,283,381,412,286
"CSF3",0,1,0,2,0,4,2,0,0,1,4
"XAGE5",0,0,0,0,0,0,0,0,0,0,0
"NYNRIN",55,52,97,62,117,71,95,62,97,166,109
"AP006621.5",99,77,100,62,93,79,113,99,102,108,87
"P2RX7",341,454,354,519,337,332,382,315,484,496,361
"FGGY",96,133,147,66,78,149,137,115,114,96,58
"ALX4",536,888,903,1048,958,701,587,729,837,645,539
"S100B",0,0,0,0,0,0,0,0,0,0,0
"ZNF143",638,757,654,791,582,655,844,482,899,912,550
"BCCIP",4122,4737,4269,5442,3347,3729,4920,3068,5107,5715,3590
"AACS",1972,2206,2730,2043,2308,2101,2737,1959,2639,3084,1851
"SYNC",162,144,156,122,86,158,136,139,225,245,172
"C17orf50",0,0,1,0,0,0,0,0,0,0,0
"OPTC",0,0,0,0,0,0,0,0,0,0,0
"SERPINB8",1730,2392,1939,2578,1793,1884,2633,1667,3143,3005,2120
"TSPYL6",0,0,0,0,0,0,0,0,0,0,0
"ENOSF1",1219,1247,1137,1026,813,1227,1149,958,1376,1060,1068
"DNAH11",570,651,765,500,391,838,646,538,506,405,301
"ARHGAP5",2676,2849,3131,2838,2211,3086,3293,2128,3505,3427,2223
"LRP1B",2,3,8,3,0,2,4,10,7,3,7
"NCOA6",3223,4045,4363,4435,3636,3787,4235,3041,4330,4484,3130
"BEND5",0,0,0,0,0,0,0,0,0,0,0
"IGFLR1",70,72,63,86,73,65,72,76,81,95,60
"MCM2",6417,8154,7686,8900,7651,5810,8357,5412,8474,9590,5306
"MRPS9",1500,1611,1670,1730,1354,1431,1935,1158,1671,1841,1173
"EPM2AIP1",1662,1712,1679,1255,944,1913,1595,1364,1596,1420,1127
"GFI1",62,63,94,83,92,74,84,68,118,186,115
"ATG12",1117,1234,965,1179,736,1150,985,946,1385,1130,996
"IER2",3335,3101,3375,3369,4469,2917,3652,2210,3792,4085,2591
"TBL1X",4143,4581,4853,4450,4081,4212,5175,3321,4637,4763,2828
"IGFALS",1,3,0,0,0,0,0,0,0,0,0
"CHTF18",1918,1951,1765,1550,1701,1561,1746,1462,1784,1560,1333
"ADCY2",0,0,0,0,0,0,0,0,0,0,0
"FAM166A",9,14,9,6,2,9,14,7,8,15,6
"SCXA",0,0,0,0,1,1,0,0,2,2,1
"AL033381.1",0,0,0,0,0,0,0,0,0,0,0
"CSRP3",0,0,0,0,0,0,0,0,0,0,0
"C7",0,0,0,0,0,0,0,0,0,0,0
"AGO3",1615,1597,1649,1332,1134,1906,1738,1024,1602,1571,998
"INHBE",2,13,8,20,14,21,11,17,17,21,10
"GNA14",0,1,1,0,0,0,0,0,0,0,0
"B3GALT4",113,137,152,140,174,144,148,204,220,199,156
"KHK",460,523,536,664,714,402,648,382,612,764,405
"B3GALNT2",1641,1837,1867,1806,1482,1637,1949,1295,1883,2086,1259
"ITGB3",25,16,10,5,3,16,14,6,12,8,5
"PAX9",209,214,278,202,205,221,260,156,225,257,168
"HTR3D",0,0,0,0,0,0,0,0,0,0,0
"IL17RB",191,208,155,318,208,154,172,150,302,246,196
"C22orf34",0,0,0,0,0,0,0,0,0,0,0
"C5orf34",265,267,298,267,194,295,307,225,327,350,214
"NPEPL1",809,932,912,765,723,842,793,796,848,709,649
"EPB42",0,0,0,0,0,0,0,0,0,0,0
"HES2",58,39,67,60,87,44,51,63,100,142,96
"MEF2D",1777,1828,2364,1581,1829,2023,2115,1850,1653,1808,1288
"ZNF92",713,721,661,813,410,687,688,524,836,750,566
"TXNRD2",656,674,582,601,612,562,679,467,686,733,391
"SLC31A2",389,443,321,388,230,369,416,346,500,433,340
"ELL3",300,244,294,279,280,239,280,215,374,404,273
"FBXO47",6,15,18,18,10,3,11,11,29,10,19
"TLE3",1952,1962,2195,2274,2444,1757,2141,1530,2297,2465,1555
"POPDC3",702,753,686,584,533,672,858,655,833,811,529
"LONRF2",1,0,0,0,0,0,0,0,1,0,0
"PRAMEF19",0,0,0,0,0,0,0,0,0,0,0
"MARK3",2324,2428,2502,2659,2021,2264,2980,1897,3251,3338,2068
"GBP6",0,2,0,1,0,0,0,0,0,6,4
"ZMYND8",2531,2702,3392,6101,4948,3304,3226,2682,7010,7273,5065
"GARS",5451,6650,6556,7106,5814,5922,7079,5125,8370,8245,5531
"TBC1D13",1150,1375,1269,1166,1095,927,1339,930,1194,1372,959
"AL627171.2",0,1,0,0,0,1,0,2,2,0,0
"RFC4",2681,2830,3003,2804,1908,2740,3091,2456,3026,2883,2113
"PTGFRN",4371,4793,4802,5050,3910,4581,4855,4116,5163,5111,3934
"FSTL3",2837,3576,2413,4139,3238,2364,2933,2364,4264,4302,3592
"GIT2",1001,975,1151,886,825,954,1139,812,1171,1314,763
"TF",0,0,0,1,1,1,1,1,3,0,1
"ANXA2",17909,19440,18561,24286,17466,15993,23181,14841,29153,35684,20990
"LHX6",0,1,1,1,2,2,1,0,3,0,1
"RGS1",0,0,0,0,0,0,0,0,0,0,0
"C10orf12",765,1026,914,1041,590,775,971,605,892,1022,669
"MARCH7",3194,3587,3161,3407,2331,3382,3348,2797,4081,3796,2729
"SMPD1",48,49,27,57,33,33,45,48,68,84,28
"NTM",0,0,0,0,0,0,0,0,0,0,0
"COL9A3",745,701,905,1249,1436,761,709,709,1631,1480,1244
"LIMS1",2506,2976,2680,2906,2249,2428,2772,2067,3215,3063,2130
"NCMAP",3,2,6,4,2,5,7,2,2,5,1
"LRIT1",0,0,0,0,0,0,0,0,0,0,0
"FDXR",331,369,364,315,335,269,369,339,307,384,265
"PEPD",480,538,581,492,540,452,544,448,528,689,320
"ITM2C",1195,1258,1254,1165,1194,1172,1244,1123,1255,1232,854
"SLCO1C1",1,0,0,0,0,0,0,0,0,0,0
"RAB14",5714,6315,6725,6142,5331,6059,7016,5053,7191,7463,4670
"AGPAT4",369,402,444,330,293,562,410,428,510,354,335
"POLL",687,641,705,570,605,525,625,547,621,659,477
"PXDN",3425,3953,4290,4593,4313,4525,4462,3733,6107,5994,4029
"ROGDI",199,222,176,253,229,186,202,203,235,280,209
"TRDN",1,0,0,0,0,0,0,1,0,0,0
"MYL2",0,0,1,2,0,0,3,1,1,0,0
"CCAR1",6328,6220,5810,6484,4233,5803,6394,4425,6358,6338,4816
"PCSK4",27,30,45,17,48,36,34,41,28,37,39
"QRFP",0,0,0,0,0,0,0,0,0,0,0
"DTHD1",0,0,0,0,0,0,0,0,0,0,0
"DUX4L6",0,0,0,0,0,0,0,0,0,0,0
"MEPE",0,0,0,0,0,0,0,0,0,0,0
"KIAA1239",3,4,3,2,3,2,1,3,7,12,5
"TMEM80",406,338,316,480,408,283,349,241,536,617,402
"YAP1",4929,5743,5303,4967,4392,5106,5655,3630,5317,5383,3428
"IMMP1L",279,308,198,257,119,217,214,201,318,188,181
"ATOH7",6,2,8,10,6,4,4,15,4,3,7
"FAM129C",1,3,0,0,0,0,1,0,1,1,1
"EDDM3A",0,0,0,0,0,0,0,0,0,0,0
"TYROBP",0,0,0,0,0,0,0,0,0,0,0
"FAM178A",1912,1978,2002,1947,1147,1627,2137,1284,2203,2204,1365
"ACN9",462,490,300,413,273,445,314,325,498,335,284
"TM9SF2",6474,7061,6542,6960,4965,6720,7105,5709,8278,7202,5186
"RP11-977G19.10",36,41,24,25,8,33,38,17,29,35,22
"CPNE8",881,693,921,775,730,949,991,793,1139,1228,814
"FAM43A",7,11,8,26,31,12,12,7,14,29,15
"AP002353.1",0,0,0,0,0,0,0,0,0,0,0
"DEFB105A",0,0,0,0,0,0,0,0,0,0,0
"CELF6",8,1,3,3,1,3,2,2,4,7,3
"HK1",7432,8035,9464,7830,7966,8013,9683,6876,9449,11041,6572
"IFT74",0,0,0,0,0,0,0,0,0,0,0
"KIF15",1224,1375,1464,1517,953,1312,1488,1157,1517,1551,1134
"TMBIM4",605,758,493,705,495,656,533,617,821,619,628
"TUFM",12829,14069,13426,14137,15268,10539,15244,10232,13765,16106,9291
"KIF16B",648,642,777,570,566,695,773,596,605,822,507
"TRMT10A",257,254,215,231,144,204,247,156,225,274,168
"SLC29A3",293,336,227,405,247,222,240,190,364,332,259
"GSDMA",1,1,3,6,3,0,4,3,12,9,6
"BARX2",1,0,0,0,1,0,1,0,0,1,0
"ZNF362",479,579,629,649,734,575,492,619,640,613,532
"CCDC64B",556,444,483,293,464,482,475,412,501,582,412
"SPHKAP",0,0,0,0,1,0,1,0,0,1,0
"MUSTN1",7,2,0,3,0,2,0,0,2,1,1
"MAGEB1",0,0,0,0,0,0,0,0,0,0,0
"SRP14",6378,6963,5944,6979,5669,5915,6423,5109,7132,7141,4718
"TEX37",9,18,15,12,7,20,22,14,15,12,6
"RBM15B",2918,3786,3566,3812,3453,2709,3707,2528,3654,4187,2493
"OR52N2",0,0,0,0,0,0,0,0,0,0,0
"ARL6",197,233,179,142,143,205,214,158,189,174,104
"MTFP1",63,59,38,69,82,44,55,45,54,68,31
"NPIPB3",620,532,461,550,371,535,497,363,585,451,466
"NEIL1",685,561,613,430,470,784,562,724,713,576,646
"LILRA1",0,0,0,0,0,0,0,0,0,0,0
"ACTR3C",53,62,70,50,35,74,68,54,69,67,45
"MVP",2072,2289,2889,2440,3013,2471,3279,2749,3859,6001,2985
"TMEM200C",0,0,0,0,0,0,0,0,0,0,0
"LRIG3",603,568,555,501,387,587,582,455,660,542,388
"CHST5",20,16,15,6,11,24,18,12,13,8,9
"CPNE4",4,9,7,8,3,10,10,13,9,21,4
"RPS2",64095,72045,62947,79018,58686,58004,67001,52134,69819,77013,51255
"CTD-2014B16.3",0,0,0,0,0,0,0,0,0,0,0
"ZC3H14",3323,3687,3818,3504,2699,3057,4282,2625,3779,4118,2578
"CTC-360G5.8",0,0,0,0,0,0,0,0,0,0,0
"RNF128",1,1,0,0,0,0,0,0,2,0,0
"ZNF70",171,151,235,166,219,216,217,99,280,365,167
"AIMP1",2669,3040,2849,3036,2076,2464,3040,2306,2972,3206,2198
"SUPT16H",21240,25470,25475,27286,17587,20403,27780,18183,26015,29440,19666
"BCL7A",645,628,742,629,680,643,754,579,656,768,442
"SPATA31A6",0,0,0,0,0,0,0,0,0,0,0
"NKRF",1243,1313,1505,1424,1177,1134,1551,981,1465,1615,964
"RAB5C",2565,2893,3025,3227,3176,2361,3080,2330,2778,3594,2301
"OCA2",0,1,2,2,2,3,2,0,1,6,5
"FAM185A",244,259,238,208,188,231,258,183,241,252,131
"C1orf204",110,81,151,56,82,100,110,105,58,62,63
"ING2",540,649,630,681,477,533,705,496,796,754,566
"RAB41",0,0,0,1,0,0,0,0,0,0,0
"PDK1",812,1130,1082,999,817,1137,1027,1051,1292,971,884
"TBXAS1",20,14,29,16,30,14,22,18,22,35,14
"NFKB2",2492,2148,2284,2298,2429,1832,2701,1856,2753,3575,2356
"NUP85",2434,2638,2390,2473,2046,2214,2493,1918,2883,2681,2025
"CDC42SE2",1646,1844,1926,1810,1596,1803,1954,1527,2154,1871,1553
"NBPF20",243,242,275,197,158,272,255,183,267,261,177
"CDC27",6398,7096,6815,6700,4653,6542,7594,5112,7761,7373,4952
"NUSAP1",5737,5557,5912,6459,4433,5390,5813,4872,7284,6665,4982
"PEG10",27064,30422,36456,31875,28103,33952,32439,24883,32606,31190,20573
"HIBADH",1253,1365,1561,1225,1170,1435,1640,1356,1552,1714,1062
"ZNF655",1871,1904,1773,1913,1212,1932,1897,1609,2322,2166,1766
"ZBTB47",408,513,465,604,591,372,486,375,542,711,453
"DNHD1",397,330,381,304,285,438,389,320,529,450,454
"CLRN3",0,0,1,0,0,0,0,0,0,1,0
"SLC5A1",0,0,2,1,2,0,1,0,5,8,3
"CCT6B",35,35,31,28,12,56,25,60,29,16,37
"PAK3",159,168,223,107,104,191,182,154,123,109,80
"NTN3",0,0,0,0,2,0,2,2,0,0,1
"E2F8",403,532,414,638,353,398,453,333,575,586,447
"CD81",3657,4033,3588,4322,4285,3317,3849,3536,4440,4033,2996
"RLN3",2,3,2,1,0,0,3,1,4,1,1
"DSCAM",0,0,1,0,0,0,0,0,0,0,1
"SLC6A11",59,92,63,131,99,45,65,61,142,129,78
"CPT1B",1381,1084,1112,720,681,1158,1083,982,1165,940,854
"AC011530.4",0,0,0,0,0,0,0,0,0,0,0
"RNF182",2,9,6,11,7,8,13,3,15,18,6
"NDUFS6",1030,1207,1081,1277,1327,906,1280,844,1208,1395,750
"WWC3",1521,1393,1927,1472,1737,1298,2027,1033,1543,2090,1028
"RNASEH1",1236,1357,1334,1391,1418,1108,1499,1017,1565,1518,1013
"PFDN4",1417,1617,861,1801,610,1488,854,1111,1670,845,1138
"AL138815.2",0,0,0,0,0,0,0,0,0,0,0
"MAN2B2",586,638,749,511,566,633,667,630,677,882,527
"OR10J1",0,0,0,0,0,0,0,0,0,0,0
"FBLN1",5,2,4,4,10,3,7,1,0,2,6
"UBTD1",412,497,471,559,604,388,464,372,536,626,331
"CUL3",3959,4734,4930,5457,3744,4273,5638,3703,5473,5857,3618
"RETNLB",0,0,0,0,0,0,0,0,0,0,0
"LIFR",114,143,140,124,87,152,108,117,133,67,102
"EAF1",3173,3319,3604,3444,2748,2950,3778,2630,3851,4246,2753
"LMTK3",320,314,388,306,421,295,349,358,314,402,314
"ADIRF",156,142,104,145,111,83,147,76,150,246,142
"H2AFV",3176,3687,3166,3531,2609,3021,3347,2671,3934,3622,2605
"LRFN5",0,0,0,1,0,2,0,0,0,0,1
"RNF170",763,667,828,649,533,867,727,662,841,674,568
"SOGA2",746,786,961,989,1135,748,983,681,1061,1014,840
"MROH5",0,0,0,0,0,0,0,0,0,0,0
"IRX4",0,0,0,1,2,1,5,0,2,1,1
"ERAP1",653,758,701,811,519,665,737,625,889,1003,651
"CCDC138",550,608,445,644,337,498,574,382,589,526,384
"CSNK2B",289,340,247,309,213,224,284,262,361,328,249
"CACNA1D",1,0,1,0,0,0,0,0,0,0,0
"PPP1R12B",490,417,439,332,316,581,475,347,499,494,321
"ALOX12",2,1,1,2,1,2,2,0,1,0,0
"KRTAP25-1",0,0,0,0,0,0,0,0,0,0,0
"CAPRIN1",21068,23347,25042,23495,18716,19649,28365,16505,25980,29807,16898
"GABRG3",0,0,0,0,0,0,0,0,0,0,0
"SEMA6C",28,34,18,3,13,16,34,28,13,25,16
"GPAA1",1204,1268,1279,1309,1417,1104,1273,1109,1477,1404,920
"PEA15",3885,4516,4257,4802,3287,3618,5036,3302,4871,5921,3715
"MB21D2",201,303,167,363,190,154,255,168,357,468,389
"STON1",56,30,60,56,59,67,48,58,70,73,48
"CDC7",1729,1903,1655,1913,1250,1621,1808,1331,1999,1797,1363
"TAZ",1348,1454,1398,1215,1131,1358,1274,1415,1380,1187,1053
"STOML3",0,0,1,0,0,1,0,0,0,0,0
"ACAA1",1256,1448,1281,1267,1011,1082,1411,1090,1499,1814,1126
"TMEM79",443,388,328,324,363,267,363,307,439,474,328
"NEK3",88,98,154,80,83,141,135,140,100,109,102
"PNPLA5",0,0,0,1,0,0,0,1,0,0,0
"ACOX3",273,282,326,282,282,248,372,219,266,329,185
"RXRB",2395,2467,2603,2109,2062,2071,2371,1995,2152,2351,1716
"RRP9",850,1050,966,1051,1038,645,1152,714,967,1186,719
"ZNF214",26,27,31,17,23,31,30,21,23,17,8
"CHCHD3",2629,2904,2892,3153,2436,2589,3041,2324,3204,3335,2293
"CMKLR1",0,0,0,0,0,0,0,0,0,0,0
"COQ9",1070,1353,1274,1168,1218,1057,1446,982,1250,1469,839
"MADD",2671,2793,3194,2887,3118,2734,3216,2364,3474,3958,2303
"Z98049.1",0,0,0,0,0,0,0,0,0,0,0
"OR51E2",0,0,0,0,0,0,0,0,0,0,0
"SPDYC",0,1,0,0,0,0,0,0,0,0,0
"EN2",0,0,0,0,0,0,0,0,0,0,0
"LAP3",2140,2319,2396,2302,2026,1939,2574,1654,2400,2877,1710
"SLC28A2",0,0,0,0,0,0,0,0,0,0,0
"AGPAT6",4869,5623,4919,5399,4224,4407,5426,3884,6087,6175,4222
"AL391421.1",9,12,13,7,8,9,3,14,6,3,5
"PAQR8",78,56,110,57,75,117,92,118,100,69,53
"ICAM5",17,14,11,25,27,23,15,14,17,21,22
"MANSC4",6,1,4,2,7,4,3,2,5,3,3
"HIST1H1C",97,122,77,116,41,82,87,74,102,125,75
"CREM",588,610,510,612,496,518,572,476,776,654,449
"IPO13",1790,1787,1845,1295,1431,1324,2008,1260,1619,1880,988
"C1orf216",1259,1260,1196,1141,972,1024,1317,906,1245,1373,841
"C11orf53",0,0,0,0,0,0,0,0,0,0,0
"FOLH1",0,0,0,0,0,0,0,0,0,0,0
"FGF10",0,0,0,0,0,0,0,0,0,0,0
"CD36",0,0,1,0,0,5,0,0,0,0,0
"ATXN3L",0,0,0,0,0,0,0,0,0,0,0
"OXSR1",5713,7089,6703,7447,5239,6131,7541,5820,8521,8958,6523
"ARF6",5398,5871,6265,6064,5752,4838,6384,4668,5993,6829,4707
"USP25",434,533,548,574,376,544,707,458,749,783,446
"CD1A",0,0,0,0,0,0,0,0,0,0,0
"ELP6",846,988,913,981,874,748,1020,738,1003,983,688
"NOTCH2",6161,6927,6378,7067,4920,7034,6538,5617,7500,6545,5262
"LBX1",0,0,0,0,0,0,0,0,0,0,0
"HMX3",0,0,0,0,0,0,0,0,0,0,0
"ZNF350",183,190,208,201,126,174,230,161,223,233,149
"MLKL",907,839,1178,751,862,754,1194,599,947,1315,609
"SYNPO2L",3,3,2,6,2,3,3,5,4,11,9
"GTF2H4",1352,1397,1389,1275,1028,1210,1591,944,1249,1342,813
"C6orf48",2363,2818,1925,2656,1682,2014,2307,1858,2942,2658,2295
"ATP10D",572,570,615,377,340,687,663,534,486,541,336
"AES",5663,6286,6602,6156,6465,5972,6607,5451,6313,6545,4738
"SDC4",8340,10672,7466,13225,9012,8639,8735,8734,14257,13710,11630
"SLC25A36",4227,4703,5126,4033,3734,5581,4987,3714,5714,4387,3372
"GPR143",54,30,40,31,36,34,47,23,60,46,29
"HYPK",36,16,26,13,11,17,27,29,29,25,26
"RFPL4A",0,0,0,0,0,0,0,0,0,0,0
"FAM20B",2867,3452,3533,3497,2614,3245,3697,2690,3671,3810,2510
"CATSPER3",17,15,8,10,10,12,14,7,22,13,10
"PIGW",1492,1927,1245,1961,987,1145,1526,984,1808,1592,1148
"AGAP3",2434,2501,2813,2452,2981,2163,2794,2028,2469,2819,1784
"POLR3K",1045,1323,1019,1221,981,917,1199,842,1307,1278,825
"PTPN5",0,0,0,0,0,0,0,0,0,0,0
"PLEKHG4",626,627,560,1677,1568,561,574,508,2179,1993,1515
"MSANTD3-TMEFF1",0,0,0,0,0,0,0,0,0,0,0
"ANAPC10",278,321,253,303,181,315,292,288,320,349,246
"TAC3",0,0,0,0,0,0,0,0,0,0,0
"CCDC61",117,90,140,76,147,109,132,130,107,115,67
"POLR2I",611,753,565,646,540,572,671,518,719,666,474
"DNAJC1",1031,1160,1109,1435,1009,1013,1210,908,1608,1698,1199
"CHRND",0,0,0,0,0,0,0,0,0,0,0
"C5orf55",161,154,134,162,143,114,112,133,152,166,136
"CD164",5701,6009,4917,5464,4166,6177,5356,4381,6897,5029,4161
"GADD45A",446,532,417,694,522,417,605,472,930,1140,838
"CT47A9",0,0,0,0,0,0,0,0,0,0,0
"KCNJ8",0,0,0,0,0,0,0,0,0,0,0
"CLDN12",1582,1623,1632,1524,1285,1849,1610,1535,2556,1999,1667
"C3orf35",9,24,4,16,2,7,4,9,15,8,20
"MLLT11",725,574,696,1220,995,767,728,582,2617,2510,1614
"ADD3",1832,1744,2282,1577,1538,2084,2125,1669,2020,2165,1353
"WFDC10B",0,5,3,6,7,7,3,4,11,10,10
"BRCA1",1087,1277,1116,1298,762,1044,1199,863,1241,1429,1015
"SEL1L2",0,2,0,0,0,0,2,0,0,0,0
"KIF1A",0,0,0,1,0,1,0,0,0,0,1
"YIPF2",1122,1337,1325,1164,1261,1039,1274,1123,1224,1361,888
"GRK5",125,104,104,122,150,99,129,91,186,324,143
"IL10RA",0,0,0,0,0,0,0,0,0,0,0
"CCNL1",2836,2859,2484,2571,1724,2918,2636,2383,3459,3214,2863
"ZNHIT2",363,434,355,525,596,246,398,323,492,610,283
"ALKBH5",3976,4348,4743,4484,5611,3258,4962,3438,4336,5192,2989
"ADAMTSL4",878,586,975,503,820,853,637,786,847,640,671
"RFPL2",1,1,0,0,0,1,1,1,0,0,0
"CNTN4",0,0,3,1,4,2,1,0,0,0,1
"PRSS56",0,1,0,0,0,0,0,0,0,0,0
"POTEE",226,293,218,323,158,199,296,187,338,466,250
"STMN1",12177,13605,12104,15085,8332,12339,11534,11322,12823,11016,9522
"NCKAP5L",992,1081,1116,984,1148,911,1067,843,948,1099,675
"SDC3",639,663,887,680,864,749,702,842,797,771,629
"KPNA1",4261,4819,4600,4616,3710,4284,5093,3565,5361,5585,3587
"CYB5R1",574,668,517,544,306,607,593,595,683,699,517
"TPGS1",119,121,93,140,166,75,94,76,132,123,81
"MIS18A",1108,1219,1320,1247,1076,935,1338,942,1142,1296,822
"TXNL1",4619,5025,3954,5427,3127,4422,4516,3679,6017,5080,3806
"SART1",4517,5216,5238,5255,5409,3843,5608,3595,5068,6344,3729
"DTL",2851,3230,3149,3246,2461,2679,3594,2251,3387,3770,2175
"CNTNAP2",1768,2140,1963,2167,1600,1775,2096,1373,2219,2182,1336
"SRPRB",2497,2690,1953,2845,1571,2182,2464,1829,3149,2692,1933
"GOLGA5",1703,1733,1850,1845,1497,1646,2086,1590,2109,2279,1581
"MARK2",4176,4587,4726,4974,4863,3404,4974,3489,4901,6214,3940
"TRPC5",0,0,0,0,0,0,0,0,0,0,0
"SPRYD3",1353,1584,1659,1455,1663,982,1721,1235,1366,1897,1216
"ZCWPW1",128,185,181,203,169,135,224,136,194,296,147
"EZR",13230,16093,14921,18513,15269,12179,17414,12044,18709,22862,15399
"AANAT",0,1,0,1,1,2,0,1,0,3,3
"GOLGA8T",0,0,0,0,0,0,1,1,0,0,0
"RABL3",867,1020,1021,967,741,843,1126,792,1052,1051,707
"RAET1L",32,38,28,54,55,40,41,51,92,106,80
"USP9X",9162,10859,11701,11355,7442,11603,13180,8393,12418,13631,8535
"TNFRSF11B",9,9,7,9,6,8,4,10,14,26,19
"TRMT1",2203,2492,2006,2321,1892,1597,2367,1401,2241,2761,1640
"HIST2H4A",4,8,6,6,2,7,9,7,5,4,5
"CNN1",0,0,1,0,0,0,0,0,0,0,0
"C20orf194",374,439,470,369,328,476,488,410,506,539,396
"MAFG",4447,4964,4558,5155,4925,4358,4724,3548,5238,5839,3665
"AL035588.1",1,0,0,0,1,0,0,0,0,0,0
"ZC3H8",723,954,745,1022,639,782,871,651,1032,959,692
"KRTAP4-11",0,0,0,0,0,0,0,0,0,0,0
"HSCB",302,323,192,367,149,249,219,218,377,260,244
"POLR2J2",122,134,86,105,96,113,100,96,150,121,108
"VBP1",4476,4830,3503,4925,2384,3973,3649,3412,5030,3698,3265
"METTL21B",426,376,515,355,344,383,488,435,372,402,297
"CAMK1G",2,0,1,0,0,2,0,3,0,2,1
"SFTPC",2,1,1,0,0,0,0,0,0,1,0
"PRG3",0,0,0,0,0,0,0,0,0,0,0
"BAG1",1002,1060,978,1226,876,940,1124,804,1483,1328,985
"EIF1",12254,14963,12871,16335,10746,11322,14702,10232,16867,18061,11332
"HIST1H3G",29,27,28,49,23,23,30,17,45,48,12
"ADD2",1840,2049,2449,2826,2471,1883,2337,1967,2955,3035,2213
"COLEC10",1,5,5,0,4,6,2,3,3,4,11
"CDK20",251,234,283,191,232,235,261,214,236,215,210
"FBXL20",497,503,652,412,445,579,592,441,523,650,367
"F13A1",2,7,5,0,4,5,6,1,4,2,3
"MATR3",12032,13672,13212,13965,10340,11370,14674,9555,13750,14849,9496
"MTPN",4505,5177,5198,5092,4186,4769,5449,4175,5585,5869,3929
"TMEM140",0,2,0,0,0,1,1,0,1,1,0
"AKT1S1",3064,3446,3044,3637,3077,2435,3320,2372,2974,3882,2222
"CMTM6",3160,3674,3217,3472,2607,3274,3470,2872,3989,3845,2712
"SEC24C",4192,4266,4812,3758,3871,3470,5128,3470,4418,5884,3168
"EPPIN",1,1,1,1,1,1,1,0,2,3,5
"UFL1",2259,2571,2129,2374,1469,2278,1952,2084,2639,2050,2111
"MRRF",2601,2857,2652,2902,1960,2431,2618,2187,2951,2735,2012
"C12orf42",0,0,0,0,0,0,0,0,1,0,0
"CCDC3",0,0,0,0,1,1,2,0,1,2,2
"ICOSLG",160,104,142,148,165,87,151,90,140,152,88
"LIMD2",32,30,24,28,28,22,19,36,38,38,27
"TROVE2",2288,2414,2547,2464,2040,2692,2617,1838,2804,2495,1759
"C17orf74",0,0,0,0,0,1,0,0,0,0,0
"TMEM41A",1118,1254,1056,1359,932,986,1202,965,1557,1367,1071
"KCNA1",0,0,0,0,0,0,0,0,0,0,0
"STK3",2035,2122,2393,2236,1585,2226,2618,1896,2768,3223,1993
"CXCL9",0,0,0,0,1,0,0,0,0,1,0
"FAM122B",3463,3886,3822,3499,3450,3078,3664,2832,3588,3800,2825
"DHX58",47,60,58,48,62,67,79,86,71,76,61
"RARS2",1148,1328,1234,1410,959,1243,1350,1205,1580,1455,1201
"JMY",988,968,1080,845,722,1319,1070,814,1053,878,663
"LUM",1,0,0,0,0,1,0,0,0,0,0
"PEMT",396,407,339,397,463,310,381,364,405,314,235
"DNASE1L2",70,65,48,60,46,48,50,36,59,63,38
"PIP5K1A",4053,4894,4811,5379,3779,4098,5236,3583,5647,6143,3932
"VIL1",1,3,2,1,0,7,4,6,0,2,2
"PCMTD2",1797,1718,1642,1256,1058,1663,1547,1411,1424,1256,1125
"TMEM14B",1408,1646,749,1728,590,1188,910,1102,1792,1052,1270
"PLA2G2C",0,0,0,0,0,0,0,0,0,0,0
"CDK10",1284,1242,1130,989,882,1083,1084,983,1093,980,871
"MLH1",1975,2242,2348,2132,1482,1837,2693,1778,2245,2521,1513
"CSDC2",0,0,0,2,1,0,0,0,1,0,0
"OR5K4",1,1,1,1,1,1,1,0,0,1,0
"ZNF7",749,720,711,659,467,666,718,580,778,765,616
"ERV3-1",473,510,516,349,275,539,434,472,404,424,322
"FAM122A",813,905,832,910,727,752,938,624,1031,1013,623
"PPP2R4",9075,10451,10387,10982,9420,7882,10483,7733,9948,11931,7267
"TCIRG1",904,902,726,702,834,712,773,789,982,989,787
"PLA2G7",23,19,25,44,35,12,58,25,83,181,80
"PTH2R",0,0,0,0,0,0,0,0,0,0,0
"FXYD1",1,2,2,0,0,1,0,0,1,0,2
"POTEB2",0,0,0,0,0,0,0,0,0,0,0
"PTGR2",304,265,327,202,277,341,319,287,300,304,268
"LGALS9C",0,1,0,0,0,0,2,0,0,0,1
"WIPI1",271,256,349,306,293,360,353,362,515,648,391
"SCCPDH",1346,1434,1317,1515,1073,1262,1360,1109,1645,1562,1012
"POLD3",1211,1427,1409,1424,1050,1277,1394,1088,1483,1511,1053
"PLAT",2098,2193,2513,2209,2120,2409,2971,2767,3090,3239,2353
"ABCC3",2616,2185,2803,1633,2224,3074,2521,2735,2638,2814,2124
"ZBED2",36,50,65,64,35,74,88,57,149,152,130
"SLC25A53",30,28,29,22,11,23,31,21,21,44,15
"KLRK1",6,17,6,4,3,6,2,6,4,0,1
"RASL12",0,0,0,0,1,0,0,1,0,0,1
"SCARB2",5215,5911,5676,5093,3837,6132,6026,4886,5970,5500,3858
"SLC46A3",269,218,261,201,201,294,293,242,281,373,204
"RBMS1",2473,2810,2889,2534,2098,2623,3166,2176,3049,3097,2171
"MICAL2",2418,2834,3415,2747,2773,2460,4011,2534,3086,4200,2468
"C2orf78",2,3,2,1,2,1,8,2,3,2,1
"MARVELD1",3838,4520,4672,4331,4187,3810,4498,4023,4737,5262,3415
"SLC41A1",1754,1954,2108,1802,1878,1701,2201,1760,1949,2192,1570
"KIAA1147",914,870,1264,687,830,1079,1251,867,887,964,724
"KIAA1958",643,592,761,553,548,759,781,491,594,633,443
"KAZALD1",222,240,284,313,271,227,213,215,342,307,192
"ZNF429",38,41,58,44,21,49,54,40,53,45,23
"LCN8",0,0,0,0,0,0,0,0,0,0,0
"ACSF3",977,1189,1237,1205,1184,903,1309,888,1159,1285,757
"ELAVL4",0,0,0,0,0,0,0,0,0,0,0
"CLCN7",3159,3514,2968,3548,3271,2903,2971,2605,3797,3376,2400
"CCL27",0,0,0,0,0,0,1,0,1,0,1
"LPAR3",1268,1188,1439,1511,1449,1208,1556,999,1705,1757,1180
"MYCT1",0,0,0,0,0,2,0,1,0,0,1
"F8A2",24,18,13,22,19,19,18,14,23,21,11
"EXT2",3827,4272,3705,4106,2935,3792,4021,3594,4945,4479,3277
"CALN1",0,0,0,0,0,0,0,0,0,0,0
"YTHDF2",4591,5229,4946,5498,3977,4250,5772,3930,5697,6215,3975
"CST7",8,6,14,10,4,8,11,6,12,8,5
"HELLS",2764,3003,2945,3121,2192,2749,3226,1906,3462,3138,2145
"ATP2B2",2,12,7,8,13,11,5,4,10,6,6
"STEAP3",1481,1759,1745,1956,1855,1650,1710,1515,1956,1807,1303
"SLC2A10",47,36,51,25,59,47,39,49,41,31,20
"BNIP3L",1501,1725,1970,1430,1678,2186,1834,1915,2010,1619,1366
"PCDHGA6",8,6,2,1,5,12,7,5,3,11,6
"NDFIP1",2840,3165,2971,2818,2225,2999,2959,2640,3081,2902,2168
"TRIM16L",1076,1206,1097,1646,1245,861,1403,864,1635,2688,1394
"MTR",5094,7059,6890,7045,4742,5980,6681,4839,6971,7258,5040
"GIMAP7",0,0,0,0,0,0,0,0,0,0,0
"FHAD1",40,60,47,29,20,39,66,56,33,50,23
"AP000322.53",0,0,0,0,1,0,0,1,0,0,0
"RNASE7",0,0,0,0,0,0,0,0,0,0,0
"ADA",191,235,235,215,239,218,259,216,278,346,218
"AL050302.1",0,0,0,0,0,0,0,0,0,0,0
"GCNT7",0,0,0,0,0,0,0,0,0,0,0
"BRS3",0,0,0,0,0,0,0,0,0,0,0
"SAMD4B",4538,5006,5384,5359,5337,4016,5309,3933,4825,6236,4301
"UBALD2",985,993,1053,1095,1494,842,1107,896,1188,1340,985
"LPHN3",14,12,7,8,8,8,9,10,6,4,10
"STK11",0,0,0,0,0,0,0,0,0,0,0
"SLC2A14",8,10,12,6,8,16,4,10,10,14,9
"ABCB9",471,491,359,521,395,395,389,345,595,530,403
"TOP3B",879,909,857,825,645,807,839,630,909,927,694
"OR52K2",0,0,0,0,0,0,0,0,0,0,0
"AREG",2130,2389,2166,2842,2409,2510,2105,1984,3255,2366,1696
"LOXL4",15,14,22,19,33,28,18,33,30,10,16
"ASAH2",21,23,13,25,21,18,21,24,11,13,19
"GPR146",15,14,12,9,16,14,12,14,12,10,7
"HIST1H2AC",225,251,170,217,112,155,271,125,237,282,163
"SLCO4A1",2521,2067,2376,2440,3312,2027,2692,1765,2966,2736,1698
"POM121L12",0,0,0,0,0,0,0,0,0,0,0
"ZBTB48",385,377,323,287,283,283,388,262,307,339,248
"SUMF1",1032,1154,1064,1081,848,1064,1116,1008,1200,1191,761
"PSAPL1",1,0,0,0,0,0,0,0,1,4,0
"SDHAF1",327,359,320,380,382,238,377,248,355,380,192
"KDM4C",1549,1577,1999,1467,1383,1677,1998,1415,1770,2071,1342
"VPS52",2454,2734,2937,2562,2621,2189,3038,2027,2666,3432,1986
"CNN3",2295,2936,2420,4092,2506,2895,2876,2641,5171,4573,3601
"ZFAND2B",359,395,323,372,319,324,379,278,392,395,270
"C1orf134",79,52,72,32,40,60,77,53,54,57,29
"H1FNT",0,0,0,0,0,0,0,0,0,0,0
"C2orf57",0,0,0,0,0,0,0,0,0,0,0
"CXorf31",3,2,5,0,1,0,1,3,2,1,0
"COPG1",4046,4605,5155,4339,4404,4342,5612,4052,5208,6459,3812
"FOXD4L3",3,4,3,2,1,3,1,0,7,3,2
"OR2B11",0,0,0,0,0,0,0,0,0,0,0
"WIZ",1839,2204,2020,2254,2249,1276,2024,1487,1905,2341,1491
"TMEM95",0,0,0,0,0,0,1,1,0,2,1
"SERPINA3",2841,3672,3792,5669,5047,4012,2998,3460,7317,5068,4151
"RP11-429E11.3",0,0,0,0,0,0,0,0,0,0,0
"ATOH8",2,1,4,4,4,6,2,1,5,1,1
"AC009365.3",0,0,0,0,0,0,0,0,0,0,0
"GSTM1",0,0,0,0,0,0,0,0,0,0,0
"IL17D",45,45,31,42,32,26,32,25,27,49,26
"RAET1G",70,68,61,63,33,56,82,65,93,72,66
"PSMB7",8041,8759,7197,8952,5759,7107,8847,6344,9571,10410,6246
"CGB7",1,0,1,0,0,0,0,1,3,3,3
"SERPINB3",200,234,282,277,268,309,267,257,470,904,387
"TSPAN1",766,775,868,1077,1186,1156,858,964,2766,2465,1784
"OR1S2",0,0,0,0,0,0,0,0,0,0,0
"FAM168A",1521,1707,2046,1473,1513,1710,1781,1465,1479,1577,1085
"CENPL",576,619,437,679,371,471,517,413,737,579,477
"USP44",0,0,0,0,0,0,0,0,1,0,0
"TMEM109",4568,5519,4770,5565,5427,3975,4733,4279,5431,5192,3797
"ROBO4",555,647,473,1220,838,455,721,486,1495,1926,1282
"TUBA3D",0,1,0,0,0,0,0,0,0,0,0
"FNDC5",0,0,0,1,0,0,1,1,2,2,4
"ARHGEF19",1303,1574,1404,1747,1656,1147,1389,1203,1663,1808,1385
"PGM3",1882,2161,2118,2097,1347,2050,2337,1688,2540,2586,1626
"CLDND2",39,23,30,31,19,34,32,29,24,28,29
"PWWP2B",649,741,863,788,937,561,789,600,702,877,477
"CREBZF",3892,4467,4364,3574,4004,4718,4131,3183,4563,3897,2856
"PFDN5",2640,2717,1831,2419,1316,2534,1997,2001,2872,2028,1814
"SLC22A14",3,0,0,0,0,2,1,1,0,6,0
"CCL24",5,1,6,6,2,3,1,2,3,3,6
"VPS37B",2399,2924,2656,3466,2834,2166,2961,2191,3609,3835,2621
"KCNJ11",16,4,17,6,19,8,10,11,12,16,13
"HLA-DOA",0,0,0,0,0,1,0,0,0,0,0
"SULT4A1",0,0,0,0,0,0,0,0,0,0,0
"AC061975.10",0,0,0,0,0,0,0,0,0,0,0
"SNTA1",81,87,117,111,141,80,92,98,116,111,84
"SNCAIP",8,3,9,4,2,13,3,4,1,0,0
"MCHR1",1,0,0,0,0,2,0,0,0,0,1
"UBAP1L",18,31,13,16,15,21,15,17,8,11,10
"CYP19A1",10,11,5,0,1,10,8,5,2,3,1
"TNC",1770,2170,1201,4591,2138,1346,1877,1171,5275,4836,3744
"PRAMEF4",0,0,0,0,0,0,0,0,0,0,0
"C10orf76",1080,1219,1292,1178,979,1129,1418,876,1245,1593,802
"INPP4B",1547,1911,1713,2463,1419,1804,2030,1374,3009,3618,2108
"PPP6C",3753,4506,3992,4521,3836,3831,4432,3213,5076,5007,3143
"SPPL2C",0,0,0,0,0,0,0,0,0,0,0
"CCDC88C",955,949,1171,1134,1238,995,1128,938,1222,1237,979
"CNTNAP1",114,89,86,117,70,112,84,80,138,141,125
"SPACA3",0,0,0,0,0,0,0,0,0,0,0
"FKBP11",493,491,463,477,422,410,503,360,455,434,344
"PCYT1A",4907,5448,5591,5158,4225,4853,6017,4182,5986,7292,4323
"PRAMEF13",0,0,0,0,0,0,0,0,0,0,0
"SMIM20",274,297,271,275,241,274,310,259,308,244,196
"FJX1",1203,1343,1151,1516,1573,886,1189,929,1416,1292,901
"SLC9A5",398,328,373,357,470,433,360,364,535,479,431
"ARL1",2079,2292,2049,2151,1477,2261,2123,1797,2543,2290,1733
"DCLRE1C",590,645,540,679,334,518,596,578,789,725,629
"CBFA2T3",0,0,0,0,2,0,1,2,0,1,1
"SGSM2",1162,1179,1259,1029,1075,1233,1178,996,1324,1269,910
"NEURL1B",160,129,207,170,205,184,171,136,227,188,135
"BCL9L",6190,7179,7308,8486,9930,5481,7051,5736,7820,9509,6394
"CT47A6",0,0,0,0,0,0,0,0,0,0,0
"CFHR1",0,0,0,0,0,0,0,0,0,0,0
"PGBD2",274,312,285,344,285,250,331,173,393,440,290
"SPACA1",0,0,0,0,0,0,0,0,0,0,0
"TCTE1",0,3,0,0,0,1,0,0,2,2,0
"DPH2",3185,3534,3124,3748,2943,2154,3543,2064,3199,4001,2224
"RPS19BP1",1100,1226,1090,1426,1180,810,1415,739,1277,1380,801
"KCNE1L",13,27,11,19,19,20,16,7,13,21,8
"HOXD4",0,1,0,0,0,0,0,0,0,0,0
"DEFB135",0,0,0,0,0,0,0,0,0,0,0
"SMARCC1",8549,10375,10878,11428,8549,9007,11447,8023,10679,12870,8324
"RP4-576H24.4",0,0,0,0,0,0,0,1,0,0,0
"ESM1",6,12,7,13,6,3,11,4,22,44,21
"ZNF136",0,0,0,0,0,0,0,0,0,0,0
"KRT75",3,5,5,1,4,4,5,3,1,4,2
"CD4",0,0,2,0,0,0,0,0,0,0,0
"KCNQ1",5,4,3,1,1,3,1,1,6,7,3
"PCYOX1",4453,4839,4943,4318,3307,5280,5017,4071,5562,4528,3373
"SMAP1",1245,1365,1541,1330,1172,1156,1652,1136,1561,1799,1086
"MINPP1",888,738,813,655,644,823,790,634,811,681,434
"LRRC3C",0,0,0,0,0,0,0,0,0,0,0
"FUT1",169,148,144,171,136,108,153,118,203,188,110
"RNF41",1262,1327,1462,1305,1104,1295,1519,1076,1634,1690,1005
"OR8G1",0,0,0,0,0,0,0,0,0,0,0
"CTSK",43,28,22,28,12,34,37,33,30,18,24
"JMJD1C",2989,3014,3100,3300,1985,3605,3428,2671,3976,3659,2791
"SH3RF3",32,18,44,35,58,51,34,35,30,49,19
"HIPK3",2243,2907,2384,2648,1848,2666,2445,1884,2758,2437,1912
"CAMK2N1",2776,3748,3178,5364,4546,2817,3709,2545,5626,6134,3711
"NOL12",667,874,725,713,546,637,838,574,672,741,586
"RP11-644F5.10",43,45,25,49,14,36,21,32,44,22,34
"C2CD2",1627,1441,1634,1380,1262,1416,1798,1245,1562,1671,1125
"LAMP5",0,0,0,0,0,0,0,0,0,0,0
"NHLRC4",3,3,7,5,3,2,6,5,2,7,3
"FGF22",0,1,0,0,1,0,0,0,0,2,0
"SLC25A3",24982,27272,25609,27576,20238,22443,29079,20884,30629,30892,20286
"ATP10A",0,0,0,0,0,0,1,0,0,0,0
"CABLES2",517,599,663,630,685,563,579,532,682,768,457
"STARD4",1497,1932,1881,1966,1659,2247,2018,1764,3148,2423,2106
"NXPH4",215,204,244,305,381,219,208,227,356,337,210
"HDDC2",1147,1255,1026,1128,835,984,1065,899,1154,905,753
"NPBWR2",0,0,0,0,0,0,0,0,0,0,0
"TMEM86A",11,17,14,8,9,25,25,18,31,25,15
"GRM6",0,0,0,0,0,0,0,0,0,0,0
"KRTAP5-8",0,0,0,0,0,0,0,0,0,0,0
"ANKAR",54,36,48,36,23,46,27,34,64,37,28
"FLJ14816",0,0,0,0,0,0,0,0,0,0,0
"EIF2B5",3146,3434,3499,3444,2655,2664,3666,2410,3559,4010,2518
"AKR7A2",1495,1646,1567,1724,1692,1077,1666,1190,1600,1742,1023
"GNB5",674,736,942,697,702,691,843,627,807,945,504
"EIF4EBP3",4,1,4,3,4,4,0,2,4,4,2
"FNDC9",0,0,0,0,0,1,0,0,0,0,0
"POLR1E",725,787,783,814,633,605,904,537,845,860,587
"TMEM180",398,327,390,346,471,304,390,304,395,468,289
"OR9I1",0,0,0,0,0,0,0,0,0,0,0
"FLVCR1",1582,1366,1378,1313,1256,1568,1395,1114,1776,1245,1142
"CEP290",1097,1459,1529,1226,766,1526,1545,1178,1085,1123,922
"RIMBP3B",0,0,2,1,2,0,2,3,3,5,1
"L3MBTL4",0,0,0,0,0,0,0,0,0,0,0
"C15orf27",0,1,0,1,0,1,3,1,1,0,1
"RELT",868,993,772,1008,768,678,801,672,862,809,672
"ERCC4",922,982,1100,943,688,933,1074,709,919,923,690
"SLC25A25",1057,1126,1087,1171,1020,929,1231,830,1180,1397,838
"SMTN",2714,2434,3436,2052,2822,2013,3668,2493,2466,3501,2267
"OPRM1",0,0,0,0,0,0,0,0,0,0,0
"EIF1AD",2077,2310,2351,2467,2138,1988,2452,1511,2645,2764,1854
"MTHFD1L",3343,4271,3611,4372,2969,2999,4069,2697,4054,4158,2604
"TM6SF2",1,0,0,1,1,0,1,0,3,0,0
"ZMAT4",0,1,0,0,0,0,0,0,0,0,0
"NTMT1",1859,2191,2110,2207,2250,1579,2187,1578,2195,2420,1448
"TGS1",1662,1981,1866,2167,1314,1413,1956,1324,1890,2167,1520
"IQCJ",0,0,0,0,0,0,0,0,0,0,0
"KRT6A",11193,10758,13688,15695,19310,7798,15957,7236,19802,34553,13335
"C1QTNF7",0,0,0,0,1,0,0,0,0,0,0
"MPP3",439,464,364,421,298,303,434,350,446,456,403
"GNG7",0,1,4,3,4,0,0,3,1,0,1
"UBE2D3",8214,8817,8151,8627,7098,7824,8742,6478,9926,8897,6238
"ZNF45",438,460,368,359,250,365,440,327,401,391,311
"SPEF1",3,2,1,4,5,0,3,1,2,1,0
"FRRS1L",0,0,0,0,0,0,0,0,0,0,0
"RP11-1055B8.6",10,10,8,5,15,15,16,14,17,16,4
"ASAP2",2747,3038,3262,3051,2647,2761,3548,2418,3579,4294,2647
"TBC1D23",1764,1968,1803,1845,1280,1895,1935,1495,2210,2206,1558
"VWA3B",1,0,0,0,0,0,1,1,0,1,0
"BDH2",197,202,250,163,143,262,218,243,228,228,148
"MAP3K15",1,0,0,1,2,1,2,1,0,2,1
"PRLHR",0,0,0,0,0,0,0,0,0,0,0
"FOXP2",51,45,100,34,77,84,96,73,71,49,41
"DYSF",364,366,488,339,323,500,551,506,654,973,579
"DIP2B",2247,2534,2515,2767,1785,2179,2728,1655,2681,3223,1960
"ABI3",0,0,0,0,0,0,0,0,0,0,0
"KIFC3",2174,2559,2434,2811,2857,2052,2617,1970,2788,2934,2065
"SERPINB13",0,0,0,1,0,0,0,0,2,1,0
"MYEOV",176,154,115,355,313,121,152,118,443,533,380
"MYOCD",0,0,0,0,0,0,0,0,0,0,0
"ZNF385B",11,4,10,5,6,9,5,1,5,1,0
"DNAJC28",11,14,10,10,4,15,6,10,14,9,10
"ZNF43",237,199,202,172,108,177,211,179,207,202,157
"CLVS2",0,0,0,0,0,0,0,0,0,0,0
"GPALPP1",1023,1111,1195,980,787,1096,1213,1019,1046,1114,793
"SLC22A2",0,1,0,0,0,0,0,0,0,0,0
"VWA2",0,0,0,0,0,0,0,0,0,0,0
"MT1F",131,119,158,107,182,147,148,147,157,129,89
"MYL1",0,0,0,0,1,0,0,0,0,0,0
"LIPA",2636,2871,2848,2417,1727,3124,2682,2729,3302,2329,2133
"OCSTAMP",0,0,0,0,0,0,0,0,0,0,0
"CLVS1",2,2,1,3,2,6,3,2,3,2,4
"TIMM17B",1764,2124,1934,2139,1941,1641,2026,1715,2037,2111,1356
"TES",2556,2653,2454,2541,1945,2490,2883,2039,3199,3050,2135
"ZNF215",352,372,371,349,267,329,387,295,451,408,278
"UQCR11",2247,2585,1853,2808,1929,2256,2096,1896,2956,2475,1805
"HIST1H2AL",16,22,6,26,12,0,9,4,14,21,6
"MAP3K7",2614,2925,3022,2971,2424,2773,3384,2075,3362,3478,2231
"PSTPIP1",0,0,0,1,0,0,1,3,1,2,1
"ZIC1",471,459,535,380,504,552,561,424,532,534,376
"OR6B2",0,0,0,0,0,0,0,0,0,0,0
"OR5T1",0,0,0,0,0,0,0,0,0,0,0
"LAMTOR3",770,800,590,722,381,744,624,608,900,668,615
"GLYR1",3756,4030,4124,3975,3642,2883,4482,2607,3601,4976,2691
"IFNA7",0,0,0,0,0,0,0,0,0,0,0
"PTPDC1",409,414,454,373,361,414,427,395,497,489,369
"PPIAL4A",0,0,0,0,0,0,0,0,0,0,0
"GPR21",0,0,0,0,0,0,0,0,0,1,0
"CHCHD5",342,388,249,314,240,290,297,275,342,327,222
"GNAT1",0,0,0,0,0,0,0,0,0,0,0
"MIB1",3553,4479,4632,3568,3388,4835,4594,3620,4538,4208,3184
"PCDP1",0,0,0,0,0,2,0,0,0,0,0
"ARHGAP36",0,0,0,0,0,0,0,1,0,0,0
"KIF9",135,159,140,137,101,113,124,108,126,115,102
"HMGB3",6529,6978,6706,7446,5140,6172,6705,5441,7047,6667,5392
"NLRP2",1179,1425,1712,1507,1393,1175,1933,1185,1470,1911,1163
"TMEM254",296,328,367,314,264,304,348,302,332,343,285
"TCP11L1",850,1162,941,1261,807,846,978,702,1133,1254,803
"MPHOSPH9",1092,1100,1117,1075,595,1026,1161,864,1145,1163,793
"ZNF232",499,486,444,625,390,436,516,346,718,676,412
"UNC13B",127,124,178,87,91,95,209,129,73,126,66
"CLDN25",0,0,0,0,0,0,0,0,0,0,0
"PHRF1",2843,3448,3139,3807,3603,2374,3297,2300,3273,3963,2651
"NAPSA",50,44,37,46,40,32,40,35,51,50,47
"GLRA1",1,0,0,0,0,0,0,0,0,1,0
"RP11-139J15.7",2,2,8,1,0,4,1,0,0,1,1
"PPP1R11",2540,3021,2942,2675,1965,2267,3419,2123,2339,3367,1897
"PRKCE",168,232,191,210,155,202,211,187,207,233,178
"FKBP1B",10,14,23,15,11,13,12,12,13,13,5
"AIF1",0,0,0,0,0,0,0,0,0,0,0
"HARS",2982,3638,2957,3428,2745,2697,3722,2358,3791,4240,2614
"AK7",175,198,442,221,329,371,397,354,410,405,318
"BCAS1",2,0,2,0,1,1,0,0,0,0,1
"SLX1A",0,3,1,1,0,1,1,3,2,2,6
"TMED5",3858,3903,3463,3674,2895,4152,3601,2929,4790,3633,2924
"HSD17B12",5723,6462,5816,6323,5189,7313,6262,5480,8253,6501,5195
"MAP3K8",81,80,70,63,34,78,55,84,96,113,110
"GRIK5",13,13,7,7,11,8,12,10,15,14,9
"EIF2B1",2347,2622,2667,2427,2134,2226,2848,2058,2926,3244,1902
"TNFRSF11A",173,131,167,104,96,168,166,136,101,109,66
"HSPA4L",2758,1848,2679,2243,2094,2106,2827,1529,2768,3352,1733
"IZUMO1",0,3,1,0,0,2,4,0,2,1,3
"ACTBL2",19,50,25,25,20,30,25,16,29,23,11
"AL133318.1",0,0,0,0,0,0,0,0,1,0,0
"RRP1B",5287,5889,6091,6417,5654,4346,6530,4086,5458,6782,4113
"LRRC31",0,0,0,0,0,0,0,0,0,0,0
"FPGT-TNNI3K",1,2,0,2,0,2,2,5,1,1,0
"BAX",2562,2934,2666,2938,2463,2211,2897,2042,2810,3316,1955
"PRAME",0,1,0,0,0,0,0,0,0,0,0
"PKD2L1",0,0,0,0,0,0,0,0,1,0,0
"VENTX",0,0,0,0,0,0,0,0,0,0,0
"SLC22A6",0,0,0,0,0,0,0,0,0,0,0
"SLC8A3",0,0,0,0,2,0,0,0,0,0,0
"CANX",50381,54126,43000,52648,34719,46418,47905,37580,54106,48100,37022
"DIP2C",7,7,14,10,13,8,9,5,9,10,7
"HOXC6",226,283,240,296,324,281,250,236,392,300,229
"RSL1D1",12085,14485,14352,17021,10737,10985,16338,9858,14931,17756,11431
"RP11-116D17.1",0,0,0,0,0,0,0,0,0,0,0
"KCNAB2",380,455,615,515,632,503,567,569,646,786,464
"TEX15",0,1,0,3,0,2,0,2,1,0,2
"EVA1A",496,492,429,522,398,477,480,382,628,538,470
"SLC6A3",0,1,0,0,0,0,1,0,0,0,0
"HSBP1L1",613,709,530,710,491,614,566,491,828,687,568
"SNAP23",1130,1089,1059,916,808,1093,1129,877,1148,1391,726
"MDS2",0,0,0,0,0,0,0,0,0,0,0
"OR51J1",0,0,0,0,0,0,0,0,0,0,0
"SLAMF6",0,0,0,0,0,0,0,0,0,0,0
"APOH",1,0,0,0,0,0,0,0,0,0,0
"PDP2",2031,1892,2309,1796,1597,2039,2419,1505,2066,2157,1356
"METTL23",263,243,260,245,267,212,278,214,300,322,226
"SRC",1767,2084,2116,2104,2143,1487,2118,1507,2056,2489,1499
"INTS5",1183,1325,1238,1339,1495,790,1414,845,1154,1537,739
"NOC2L",7542,8636,7996,8920,8730,5715,9090,5333,8114,10395,5657
"TMCO6",465,488,512,410,484,428,463,378,383,472,365
"NLRP1",253,228,234,222,182,290,198,241,300,261,272
"MSRB1",498,511,478,464,475,488,471,416,542,650,360
"FRG2B",0,0,0,0,0,0,0,0,0,0,0
"NSL1",876,894,947,843,610,916,856,741,1045,824,636
"ATP10B",0,0,0,0,1,0,0,0,0,0,0
"OXER1",0,3,2,2,2,1,1,0,1,3,2
"ZNF559",244,220,207,175,96,187,252,199,203,162,144
"ALPPL2",13,15,6,9,6,3,11,8,8,17,5
"TRIM41",1752,1986,1885,1749,1484,1584,1774,1378,1576,1743,1193
"LRCH1",1003,1074,1265,1176,1024,1051,1425,850,1379,1518,935
"BRSK2",26,33,55,73,96,50,48,31,109,116,77
"DTX3",547,626,563,546,450,530,507,538,531,564,458
"MARCKSL1",2306,2503,2802,4114,4071,1893,2574,1985,3689,4769,2674
"GMNC",2,0,1,1,1,2,1,1,0,0,2
"PSMG1",2173,2467,2045,2377,1768,2063,2376,1588,2473,2251,1597
"RRNAD1",592,615,651,592,661,614,746,571,695,728,443
"IFNA21",0,0,0,0,0,0,0,0,0,0,0
"DZANK1",157,159,131,100,71,164,107,125,146,120,99
"HHIPL1",0,0,0,0,1,0,0,0,0,0,0
"AKR1B15",6,3,9,4,4,7,10,6,17,22,16
"MAF1",2641,3065,3102,2988,3529,2297,3187,2272,3044,3392,1899
"SNRPG",3872,4407,1620,4304,1173,4151,1687,3150,5097,1831,2928
"RBM14",3618,3208,3104,3244,3763,2182,3465,2093,3095,3395,2158
"ARHGAP6",7,9,7,8,3,4,12,7,11,4,1
"ALG9",976,1062,899,951,614,934,950,826,1053,828,707
"NLE1",1080,1235,1207,1412,1166,845,1386,842,1211,1427,959
"ZBTB34",666,839,759,739,515,789,750,560,898,680,608
"CD84",0,0,0,0,0,0,0,0,0,0,0
"MYH7B",12,11,11,12,19,15,6,11,12,13,12
"DDI2",3551,4224,3884,4275,2812,3360,4482,2525,3927,4197,2591
"PTTG2",0,2,0,0,0,0,1,0,0,1,0
"LGALS8",3998,4512,4308,4325,2965,4808,4875,4182,5919,5942,4137
"POLR1D",2946,3370,3079,3639,2666,3061,3311,2694,3628,3484,2583
"RPLP2",11841,13439,10711,13396,12220,9822,11556,9650,13288,12233,8536
"EFTUD2",11467,13414,13324,13355,10541,10482,15008,9399,14086,15851,9366
"RP11-210M15.2",0,0,0,0,0,0,0,0,0,0,0
"COCH",355,400,364,530,373,390,397,338,683,525,420
"IGFL4",0,2,0,0,0,1,0,0,0,0,0
"CEACAM18",0,0,0,0,0,0,0,0,0,0,0
"GTSCR1",0,0,0,0,0,0,0,0,0,0,0
"NEURL4",2882,2569,2566,2137,2110,2495,2593,1859,2540,2479,1744
"POLD4",669,815,918,705,771,761,907,824,986,1407,699
"FKBP1C",85,97,100,85,87,81,127,66,115,113,60
"FUT4",87,85,87,121,80,78,111,71,135,108,83
"MGRN1",1865,1991,2081,1898,2503,1530,2051,1694,1931,2437,1470
"C15orf38",1027,1181,1633,1119,1206,1427,1450,1296,1109,1131,824
"GFOD2",701,715,734,696,721,521,782,484,771,788,471
"DNAJC7",4441,4897,4834,5295,3372,4139,5469,3474,5174,5974,4064
"ANKFY1",3725,4270,4043,3995,3058,3702,4285,2804,4329,4682,3013
"PLP2",7861,8697,7094,9681,7186,6534,7709,7113,9948,9214,7209
"GZMA",0,0,0,0,0,0,0,0,0,0,0
"AL445989.1",0,0,0,0,0,0,0,0,0,0,0
"TNFRSF6B",21,18,14,14,21,18,16,20,4,13,13
"MFSD6L",0,0,0,0,0,0,0,0,0,0,0
"HIST1H4K",20,21,17,8,12,14,11,8,19,13,8
"XRCC1",739,732,944,642,773,628,810,651,646,778,496
"PRDM1",42,46,44,74,59,29,61,59,188,276,155
"ATP6V1E2",368,473,504,558,579,332,512,349,458,564,338
"NLRP13",0,0,0,0,0,0,0,0,0,0,0
"MUT",1072,1160,1371,884,710,1224,1300,1086,1018,1042,732
"ZNF771",111,91,74,90,75,56,109,62,89,74,49
"CD180",1,3,3,1,0,3,0,2,0,0,0
"MRPS6",904,905,926,1026,795,745,1021,685,983,1047,679
"CCPG1",552,606,620,555,357,772,589,586,753,666,494
"CALML6",0,0,0,0,1,0,1,3,1,0,0
"TMEM8B",34,27,49,13,37,32,36,38,15,29,24
"COMP",0,0,0,0,0,0,0,0,0,0,0
"VASN",95,143,79,180,140,61,83,87,114,117,66
"STAT5B",989,908,1258,834,1126,1039,1335,984,1043,1098,708
"PICALM",5006,5479,5986,6014,4730,5290,6980,4565,7551,8875,5299
"NPCDR1",0,0,0,0,0,0,0,0,0,0,0
"CCDC134",165,180,143,163,126,120,166,119,147,145,122
"UBE2O",2176,2328,2540,2376,2237,2030,2491,1749,2249,2551,1602
"OR10K1",0,0,0,0,0,0,0,0,0,0,0
"C16orf96",0,0,0,1,0,0,1,0,1,0,0
"UBE2S",7192,9240,7646,12162,9613,5447,8467,6196,9801,11023,6491
"SAG",0,0,0,0,0,0,0,0,0,0,0
"MARC2",920,990,1084,952,966,1033,1106,887,1276,1202,831
"AAK1",575,618,684,546,510,618,651,497,665,813,456
"ARHGAP22",12,14,32,31,48,18,22,15,43,51,37
"ZNF714",1349,1585,1271,1378,834,1333,1245,878,1393,1139,1057
"ATG4A",193,178,174,131,81,157,206,179,187,261,134
"ANKRD27",2413,2420,3240,2660,2672,2181,3288,2197,2809,3754,2011
"NDC1",7137,8312,6569,8725,5465,6719,7023,5839,8948,6707,5684
"AKIRIN1",3847,4274,4113,4547,3691,3722,4689,3321,5612,5254,3522
"OR2A14",0,0,0,0,0,0,0,0,0,0,0
"AL591025.1",16,7,5,7,3,10,11,9,10,10,7
"HADHA",7095,7473,9160,8034,7297,8440,9771,7346,10520,11575,7129
"C5orf45",797,606,609,405,449,591,614,447,606,595,463
"ARMCX5",356,376,404,380,291,338,456,336,434,415,374
"AC008686.1",0,1,0,1,0,0,0,0,0,1,1
"C20orf27",1926,2296,2078,2231,2438,1411,2110,1495,1828,1861,1291
"ACOT6",0,0,0,0,0,0,0,0,0,0,1
"TLR10",0,1,1,0,2,3,2,7,0,3,6
"CMA1",0,0,0,0,0,0,0,0,0,0,0
"KIF26B",0,0,0,0,1,0,1,1,0,2,0
"TBL1Y",1,0,0,0,0,0,0,0,0,0,0
"OXCT2",8,2,7,8,11,7,12,12,15,14,8
"TMEM198",188,211,172,223,164,123,194,170,179,187,156
"FBXO9",2475,2836,2275,2470,1546,2572,2103,2146,2784,2084,1869
"CRTC3",1984,2094,2346,2093,2082,1950,2255,1747,2094,2123,1524
"RP11-603J24.9",0,0,0,0,0,0,0,0,0,0,0
"TPX2",14718,15884,15780,18163,12103,12933,17112,12554,18916,19636,14033
"ARRB1",920,883,1140,1034,1134,868,1113,733,968,1089,598
"C2orf27A",47,36,59,51,39,59,55,55,78,61,52
"NANOS2",0,0,0,0,0,0,0,0,0,1,0
"PPP6R3",5284,6463,6096,6774,4562,5208,6411,4492,6682,7031,4438
"MYO1H",0,0,0,0,0,0,0,0,0,0,0
"AP000974.1",14,10,10,5,3,6,7,12,9,10,12
"U2SURP",10689,12497,12596,12409,8363,10443,13239,9136,11763,12166,9526
"NSUN6",349,304,412,275,279,301,478,298,314,482,256
"DLL3",26,26,20,39,24,9,21,25,28,39,15
"SDCCAG3",3647,4238,4001,4146,3678,3167,4163,3144,4326,4281,3161
"AFAP1",3075,3612,4148,3169,3366,3357,4142,3087,3285,3718,2306
"FBN1",60,64,74,58,32,79,73,58,57,43,37
"AMELX",0,0,0,0,0,0,0,0,0,1,2
"KCNJ10",0,0,0,0,0,0,0,0,0,0,0
"KLHL9",1776,1718,2068,1611,1553,2034,2124,1589,2110,1870,1306
"NLRP6",0,0,0,0,0,0,0,0,0,0,0
"RBMY1A1",0,0,0,0,0,0,0,0,0,0,0
"C9orf170",2,3,0,3,2,2,1,6,6,7,2
"ANKRD46",437,370,401,333,327,413,395,288,416,395,235
"WNT9A",96,97,66,126,88,73,110,70,190,336,166
"SCARA5",30,29,34,36,41,38,44,27,79,74,41
"CST1",0,0,0,0,0,0,0,0,0,0,0
"MGAT4B",6233,7045,6575,6553,6580,6234,7186,6091,7404,7556,5181
"ACVR1",812,810,788,811,621,1096,852,775,1116,984,695
"ASB12",0,0,0,0,0,0,0,0,0,0,0
"RESP18",0,0,1,0,1,0,0,0,0,0,0
"KIF21A",3447,3205,3899,3131,2447,3349,4373,2658,3569,4203,2563
"TBC1D28",1,0,0,0,0,0,0,1,0,0,0
"BCO2",6,10,8,1,1,8,3,3,6,5,8
"ADAMTS14",2,2,0,1,3,0,0,4,3,9,1
"ABCG1",42,23,32,25,32,72,25,53,80,52,50
"C11orf44",0,6,4,0,3,11,3,1,5,7,1
"ANKRD1",0,4,0,9,2,0,1,4,3,12,9
"KIAA0040",431,515,536,614,459,407,601,492,628,724,482
"TVP23C",104,106,68,75,66,93,78,85,84,71,58
"OR8B8",0,0,0,0,0,0,0,0,0,0,0
"ZAR1",0,0,0,0,0,0,0,0,0,1,0
"ZCCHC16",0,0,0,0,0,0,0,0,0,0,0
"ITGA9",1,0,0,0,0,0,0,0,0,0,0
"RNF17",0,1,0,0,0,0,0,0,1,0,0
"C7orf72",0,0,0,0,0,0,0,0,0,0,0
"HS1BP3",540,514,642,467,494,543,607,667,595,685,424
"FOLR3",0,0,0,1,0,0,0,0,0,2,0
"GJA8",0,0,0,0,0,0,0,0,0,0,0
"OCIAD2",922,979,965,1072,755,1064,1057,935,1349,1424,900
"MIDN",3229,3815,3532,4021,4387,2685,3290,2640,3379,3926,2541
"L2HGDH",1450,1628,1886,1604,1397,1451,1924,1305,1569,1831,1153
"CD58",656,663,392,778,251,836,410,717,1072,475,615
"C2orf16",0,2,0,0,0,1,1,0,0,4,0
"HS6ST2",1258,1552,1143,1744,1098,1237,1366,1034,1859,1476,1111
"ARIH2OS",15,11,12,3,9,9,12,13,17,13,10
"C15orf38-AP3S2",0,0,0,0,0,0,0,0,0,0,0
"ADAM2",0,0,0,0,0,0,0,0,0,0,0
"FGFRL1",2743,3339,3101,3579,3828,2346,3276,2600,3043,3620,2289
"ZHX1-C8ORF76",9,12,8,6,4,10,8,6,12,12,8
"ZNF330",1276,1153,1524,1235,1217,1193,1499,998,1398,1471,924
"CCNJL",280,344,299,360,339,233,344,263,351,339,217
"SEMA5A",57,50,52,36,37,50,58,39,38,32,29
"SNCG",111,127,153,102,134,111,123,133,112,164,92
"USP40",2313,2687,3086,2478,2132,2347,3079,2123,2401,2893,1777
"LMO3",1,0,0,0,0,0,0,0,0,0,0
"HEXIM2",350,346,336,415,367,235,356,227,491,513,326
"ADTRP",442,418,498,579,528,607,482,515,1034,867,719
"ZC2HC1C",140,111,108,86,104,105,128,96,141,156,82
"RPL3L",1,1,0,1,1,1,0,0,1,1,0
"GPLD1",114,146,151,118,93,136,155,138,165,126,94
"SNX27",2014,1810,2451,1710,1898,2044,2388,1536,1889,2241,1327
"SLC35G5",4,2,0,0,0,0,2,3,0,3,2
"EPHA6",22,32,33,22,21,30,22,28,14,23,11
"IFNLR1",425,478,556,379,406,550,534,468,454,459,343
"MTCP1",103,133,99,75,41,123,78,94,93,65,79
"RELA",3124,3514,3364,3582,3596,2404,3478,2728,3201,4331,2734
"AMOT",12,6,10,7,6,13,10,9,17,12,14
"WFIKKN2",0,0,0,0,0,0,0,0,1,0,1
"RAD51AP1",1495,1776,1391,1729,986,1463,1387,1242,1879,1505,1265
"C10orf115",1,1,0,0,1,0,0,0,1,0,0
"AP002884.2",1,3,1,0,0,0,0,2,1,0,0
"EXOC3",1317,1721,1629,1667,1551,1225,1725,1143,1759,2206,1400
"PAOX",60,86,80,111,135,71,84,66,119,105,75
"GATSL2",3,3,7,6,5,2,7,3,6,5,4
"SMAD5",2977,3302,3241,2932,2453,3126,3390,2177,3351,3083,2208
"DUSP12",560,601,446,671,451,463,587,411,786,657,507
"CIAPIN1",1602,1999,1673,2034,1307,1342,1898,1286,2081,2108,1330
"ZNF605",389,378,447,328,224,395,429,279,355,414,250
"MZB1",7,8,8,19,10,7,14,6,14,25,11
"EFCAB4A",385,409,444,606,667,307,430,323,516,714,330
"HNF4G",44,63,78,82,72,56,61,43,48,61,45
"CNTNAP4",0,0,0,0,0,0,0,0,0,0,0
"AC092964.2",0,0,0,0,0,0,0,0,0,0,0
"EXO1",2543,2883,2742,3057,1993,2526,3073,2103,3414,3350,2221
"LIN9",1161,1289,1230,1400,876,1084,1289,860,1454,1356,986
"ZDHHC23",1030,903,1008,775,701,988,1132,785,952,960,659
"DEFB136",0,0,0,0,0,0,0,0,0,0,0
"C11orf58",5666,6559,5286,6158,5065,5417,6105,4113,6437,6022,4276
"AZGP1",27,18,27,23,16,32,13,18,25,34,24
"NUBPL",496,568,653,418,405,570,598,480,523,448,350
"RPL6",31187,33981,32085,37595,27463,28051,34460,26203,35377,37980,26947
"HIST1H2BG",33,52,23,54,15,10,21,15,43,57,27
"MYO3B",0,0,1,0,0,0,0,0,0,0,0
"ASB5",5,4,1,2,0,1,0,3,8,1,2
"CYBB",37,23,21,32,27,17,28,20,35,23,18
"CD1E",0,0,0,0,0,0,0,0,0,0,0
"THRA",1380,1479,1810,1259,1479,1490,1602,1314,1069,1192,909
"BLOC1S2",775,973,675,904,442,842,667,633,1111,909,724
"STOML2",3141,3384,2726,3302,2407,2648,3113,2539,3547,3046,2207
"DHRSX",0,0,0,0,0,0,0,0,0,0,0
"DLG1",3977,4301,4775,4486,3340,4286,5155,3675,5013,5566,3590
"FBL",4762,4933,4554,5093,5064,4538,5329,3438,5204,5213,3448
"ABCB7",1110,1198,1217,1080,884,1042,1359,963,1312,1372,855
"ZNF571",78,115,76,86,45,106,97,69,73,79,53
"UBE2N",4598,5181,4574,5421,3475,4635,4924,3956,6197,5363,3870
"SPO11",0,0,0,0,0,0,0,0,0,0,0
"RP11-536G4.1",0,0,0,0,0,0,0,0,0,0,0
"LAMTOR5",2204,2225,1816,2118,1329,2281,1810,1784,2577,1889,1692
"GAS6",2018,2315,1834,1573,1283,1960,1799,1715,1873,1280,1242
"KCTD12",2390,2545,2992,2318,2613,2316,2871,1676,2272,2194,1285
"JAG2",62,91,80,212,229,70,79,71,414,416,245
"CEP170B",4174,4790,4311,4830,4650,3030,4624,3365,4237,5254,3426
"PFKM",2670,2948,3532,2474,2744,2545,4068,2439,2622,3572,1879
"PNMT",1,0,1,1,0,1,0,1,0,2,1
"GP2",0,0,0,0,0,0,0,0,0,0,0
"ZNF414",190,245,218,207,229,170,241,165,178,178,125
"KRTAP9-9",0,0,0,0,0,0,0,0,0,0,0
"PHLDA1",5935,5755,7211,5648,7854,6106,8282,4986,7835,9042,5312
"ADCK5",100,87,96,95,118,104,84,100,142,105,85
"EPPK1",249,201,174,284,272,244,230,155,315,341,230
"AGPAT1",3885,4475,5030,4720,4741,3737,4636,3900,4187,5012,3359
"TNRC18",5369,5917,6303,6664,7515,5079,6154,4735,5892,6831,4407
"TPBG",3705,3764,3579,3553,3161,3372,3805,2851,4146,3675,2489
"PLA2G3",3,1,5,1,3,4,2,4,0,0,0
"RABEPK",2044,2244,1944,2247,1593,1636,2493,1405,2062,2479,1391
"MDM1",435,378,339,314,225,436,412,341,375,302,259
"WARS2",666,835,729,918,567,601,812,517,813,763,500
"LCN10",1,0,0,0,1,1,0,0,3,0,0
"PIK3CA",1577,1703,2130,1603,1356,1917,2130,1509,2139,2101,1425
"RHBDL1",142,109,106,91,118,100,109,91,104,103,84
"PLS1",1631,1736,2146,1556,1298,1819,2296,1408,1842,2212,1168
"C1orf53",30,41,15,22,13,22,18,16,26,19,24
"CCNYL1",1452,1689,1567,1686,1204,1399,1717,1249,2122,2209,1446
"CDKL1",291,333,352,362,337,302,331,288,357,409,310
"GSK3A",2159,2408,2392,2529,2572,1765,2457,1777,2120,2501,1792
"HAP1",48,39,35,46,37,50,35,43,122,211,127
"RP11-67H2.1",0,0,0,0,0,0,0,0,0,0,0
"RABGGTB",3655,4046,3241,4026,2347,3681,3839,2890,4688,4100,3372
"MOCS1",0,0,0,0,0,0,0,0,0,0,0
"LHX5",1,0,0,0,0,0,0,0,0,0,0
"SPATA24",62,59,61,63,39,49,63,67,58,61,52
"BCLAF1",16586,20344,18203,20239,11841,16293,20184,13078,17686,19173,13249
"UBL4B",0,0,1,0,0,0,0,0,0,0,0
"UTS2R",0,0,2,0,0,0,0,0,0,0,0
"WDR19",443,417,455,276,254,552,476,376,411,376,243
"OMG",2,0,0,0,0,0,0,1,1,0,1
"C3orf22",0,0,0,0,0,0,0,0,0,0,1
"OBP2A",0,0,0,2,1,0,0,2,0,0,0
"FAM8A1",1025,949,1072,816,777,1120,968,835,1017,877,609
"MKI67",18073,22758,19665,27345,13708,20629,19647,14971,24476,23162,19990
"FDCSP",1,1,0,1,1,1,1,1,1,1,0
"FOXP1",1040,1032,1190,1062,958,1078,1272,884,1215,1449,905
"GNRH1",37,37,37,43,9,48,20,43,41,18,31
"SCGB1D4",0,0,0,0,0,0,0,0,0,0,0
"TNFSF9",281,386,307,459,472,432,309,367,745,527,364
"MKL1",1211,1454,1316,1755,1577,993,1348,995,1663,1883,1102
"SEC31B",211,132,164,78,107,184,143,175,140,125,104
"NDRG3",1347,1350,1624,1238,1143,1312,1769,1102,1400,1788,930
"AC068987.1",0,0,0,0,0,0,0,0,0,0,0
"GPR128",2,0,0,1,0,1,1,0,1,0,3
"ZBTB12",367,455,408,365,385,357,475,241,301,361,220
"PTAFR",159,143,193,160,149,187,198,274,260,344,259
"CLECL1",0,0,0,0,0,0,0,0,0,0,0
"C10orf91",79,88,125,304,237,92,112,99,204,319,192
"TAOK2",3245,3674,3333,3516,3199,2875,3473,2570,3412,3791,2719
"CNTLN",1615,1946,1977,1842,1314,1668,1894,1529,1834,1857,1368
"ZUFSP",794,861,948,926,608,815,942,659,990,1075,645
"MDGA1",16,7,13,21,14,6,10,14,28,36,20
"OR2A2",0,0,0,0,0,0,0,0,0,0,0
"CASP9",266,313,331,282,297,270,345,245,294,409,247
"ZNF671",92,85,52,50,32,53,51,62,52,59,39
"SNRNP27",1409,1658,1439,1731,1449,1390,1512,1256,1611,1587,1295
"KCNB2",109,99,79,133,95,90,100,95,125,157,130
"OR8K5",0,0,0,0,0,0,0,0,0,0,0
"WNT16",2,1,1,0,1,2,2,4,5,5,1
"PON2",1160,1244,1007,1095,576,1224,994,998,1555,1008,933
"ZAR1L",4,4,6,8,5,4,4,5,7,5,9
"MPC1",745,715,630,649,406,723,580,624,815,611,450
"TCHHL1",0,0,0,1,0,0,0,0,2,2,2
"XPA",277,364,357,347,238,325,328,335,329,376,349
"HOXA9",89,94,55,83,44,95,63,64,102,62,74
"NAPRT1",507,528,543,503,601,397,502,442,527,595,360
"PRKAG1",1170,1329,1499,1359,977,1290,1524,1193,1529,1625,1154
"LNPEP",0,2,5,1,2,7,9,7,3,3,1
"PDE6A",54,57,55,15,12,87,45,53,22,22,15
"APOA4",0,0,0,0,0,0,0,0,0,0,0
"NOL3",961,892,1072,1158,1239,785,1082,863,1121,1323,884
"DNAI1",1,0,0,0,0,0,0,0,1,1,1
"EPHA3",0,0,1,2,1,0,0,0,0,0,1
"HES5",0,2,0,0,0,0,0,0,1,0,0
"TNFRSF18",180,197,165,200,229,155,144,180,197,142,135
"GGTLC2",3,0,0,1,0,0,4,1,0,4,5
"CHRNA5",955,1004,869,1082,824,888,1006,796,1235,1013,841
"PTPN1",3764,4606,4568,4465,3836,3715,4866,3602,4599,5093,3154
"SMAD3",1835,2015,2052,2660,2042,1645,2357,1674,3043,3810,2375
"LTB",2,0,0,1,1,1,3,1,1,0,1
"DDB2",928,1091,893,1111,798,937,899,890,1256,1142,993
"CIRH1A",6853,7864,6754,8401,5737,5508,8176,4898,8996,9923,6008
"USP17L26",0,0,0,0,0,0,0,0,0,0,0
"ASIC5",0,0,0,0,0,0,0,0,0,0,0
"MRPL19",4843,5703,5817,5814,4315,4866,6274,4259,5777,5953,3775
"C11orf48",1288,1518,1314,1161,871,1490,1513,1097,1692,1431,1141
"DBT",2649,2824,3498,2544,2120,2824,3468,2264,2779,3050,1816
"BTAF1",2770,3140,2746,2862,1884,3101,3189,2249,3604,3339,2485
"TMEM233",0,0,0,0,0,0,0,0,0,0,0
"FAM114A2",430,416,415,300,262,390,497,344,301,307,204
"C19orf26",0,0,0,0,0,0,0,0,0,0,0
"ITPK1",2249,2633,2533,3115,2920,1814,2724,1972,3139,3657,2263
"RP11-386G21.2",0,0,0,0,0,0,0,0,0,0,0
"CACNA1I",1,2,3,0,3,0,2,1,1,1,2
"KIAA0100",13112,15362,14825,15921,13354,12782,16491,11050,16773,19385,11658
"MSRB3",106,103,96,113,60,84,98,49,96,118,51
"UBQLN1",9246,9933,10637,10383,9170,9540,11548,8196,12400,13508,8201
"ZSCAN5C",0,0,0,0,0,0,0,0,0,0,1
"MTMR7",0,0,1,3,2,3,1,1,0,1,0
"IFT46",594,635,544,658,403,512,617,476,661,595,412
"TVP23A",4,1,2,2,2,1,3,1,2,1,4
"SUSD2",39,41,45,33,54,50,30,35,33,48,23
"KISS1R",0,0,0,0,2,0,0,0,0,0,0
"PAQR3",679,714,635,539,389,652,671,545,693,514,438
"WIPF3",131,139,158,132,125,124,136,143,143,154,89
"GMEB1",840,935,884,1096,954,831,1048,696,1116,1144,785
"TIMM8A",498,548,509,588,372,429,523,392,655,588,393
"FAM91A1",5691,6951,6193,6733,4918,5891,7097,4813,7471,7745,5231
"WDR87",0,0,1,2,1,0,2,0,2,7,0
"TRHR",0,0,0,0,0,0,0,0,0,0,0
"TENC1",971,788,1033,792,905,863,793,882,913,1089,774
"VPS13A",4466,5075,4686,4643,2684,6395,4865,3888,5615,4072,3851
"AL645608.1",0,0,0,0,0,0,0,0,0,0,0
"BMX",0,0,1,1,0,1,0,0,0,0,0
"PCDHGC3",482,486,570,592,637,552,644,524,870,953,550
"AC016586.1",23,24,2,7,7,14,13,11,36,7,26
"GCM2",3,0,0,1,1,0,0,0,1,1,1
"NRL",20,19,30,24,24,17,18,15,29,14,19
"TBC1D31",922,936,1064,909,697,883,1130,833,1033,980,720
"F12",285,283,356,511,599,230,381,256,475,518,284
"IGSF21",0,0,0,0,0,0,0,0,0,0,0
"RABGAP1",3229,3816,3857,3692,2817,3679,4033,2630,4099,4627,2752
"CEL",31,20,19,16,21,20,28,11,28,39,34
"RPL11",31546,32787,28570,34892,28217,28146,33688,24531,34926,33917,26805
"INS-IGF2",0,0,0,0,0,0,0,0,0,0,0
"TBC1D3B",0,0,0,0,0,0,0,0,0,0,0
"TMEM194A",3536,3043,3195,2863,2295,3319,3368,2798,3671,3056,2460
"HIST1H4D",2,1,1,3,1,3,1,2,6,4,1
"TOE1",759,926,706,996,640,467,853,541,899,1125,700
"SPINK9",1,2,3,1,1,1,1,0,1,2,3
"TNF",18,6,9,12,14,10,3,18,28,18,42
"RNF148",2,6,1,10,2,0,6,0,5,8,7
"ZNF497",75,99,98,54,98,69,77,89,52,79,56
"PIK3IP1",25,18,26,37,15,24,23,30,62,35,51
"VANGL1",2977,3117,2823,3119,2548,2734,2830,2367,3566,2977,2412
"CYSTM1",411,408,485,461,410,443,410,486,612,507,434
"MOGS",3890,3863,3827,4047,4093,3023,3759,3266,4072,4010,2889
"LSM5",1833,2056,1710,2103,1108,1953,1774,1411,2144,1714,1239
"CCDC157",68,68,60,52,46,53,53,54,56,49,44
"STK39",1326,1469,1703,1522,1321,1524,1724,1370,1760,1562,1161
"RP11-196G11.1",0,0,0,0,0,0,0,0,0,0,0
"RAB10",4772,5412,5410,5351,4780,4866,5838,3847,5851,6478,3825
"PDLIM7",4562,5409,3878,5762,4859,3307,4467,3667,5851,6422,5161
"TDRD9",0,0,1,0,0,0,0,0,0,0,0
"OR2M2",0,0,0,0,0,0,0,0,0,0,0
"ZIM2",0,0,0,0,0,0,0,0,0,0,0
"PJA1",575,588,607,505,528,514,728,461,549,739,464
"AC097381.1",0,0,0,0,0,2,0,1,0,0,0
"MID2",111,86,131,112,112,120,122,123,146,195,109
"TUBA8",9,13,15,19,12,9,14,10,9,19,11
"GZMH",0,0,0,0,0,0,0,0,0,0,0
"RBMS3",6,10,12,7,4,9,3,0,7,5,3
"TMC8",5,3,3,4,7,7,9,7,10,10,13
"ACVR2B",699,721,760,653,607,815,749,540,828,689,546
"SLC4A8",46,39,44,29,14,24,35,34,28,37,31
"HOXA7",5,11,9,7,8,12,8,18,10,7,11
"HIST3H2A",287,271,291,349,358,260,284,223,355,373,228
"NGFRAP1",891,928,840,763,754,824,837,873,806,683,548
"MAGEA4",1,0,1,0,0,0,0,0,0,0,0
"ITPR2",1170,1550,1820,1368,1130,1913,1884,1306,1449,1691,1084
"PRKAA2",947,843,1203,714,871,1143,1162,744,950,924,551
"CD52",0,0,0,1,0,0,1,0,2,2,0
"JMJD8",897,1267,1069,1137,1151,1015,1070,976,1156,1211,765
"APCDD1L",3,2,5,9,3,10,7,8,5,7,2
"MED15",1338,1520,1494,1613,1700,1082,1483,1141,1844,2114,1397
"CCBL1",353,309,480,297,418,430,439,365,431,474,298
"SYNE2",1014,1420,1324,1506,708,1972,1276,893,1315,1310,939
"LILRB1",0,0,0,0,0,0,0,0,0,0,0
"GBE1",1758,2087,2310,1998,1793,2064,2580,1621,2432,2629,1461
"CNR1",12,16,9,9,1,4,3,7,3,5,3
"EIF4G3",6839,7780,9007,7924,6934,7982,9695,5964,8805,10146,5918
"FAM109A",264,207,263,180,278,190,225,214,174,225,136
"HDHD1",943,1114,1096,1069,817,961,1211,811,1218,1218,838
"UTP14C",763,861,770,823,526,798,733,597,875,768,539
"OR52J3",0,0,0,0,0,0,0,0,0,0,0
"C10orf67",28,50,24,49,14,30,34,20,48,40,33
"SYT11",4,1,3,5,1,6,4,6,8,2,2
"HFE",623,582,666,550,411,705,537,617,683,533,499
"PIGK",1665,1767,1634,1551,1070,1813,1672,1402,1747,1463,1152
"CRYAA",0,0,0,0,0,0,0,2,0,0,0
"ACSS1",0,2,2,0,1,0,0,3,1,0,1
"FAHD2B",17,18,29,13,20,18,24,28,18,14,15
"C1orf86",851,991,982,1081,1223,721,974,644,997,1110,689
"MARCH4",25,29,22,64,33,22,44,32,62,114,85
"SLCO1B1",0,0,0,0,0,0,0,0,0,1,0
"FOLR2",0,0,0,0,0,0,0,0,0,0,0
"PCDH1",543,459,506,596,571,519,621,608,1022,1312,774
"PIK3R4",2393,2529,2654,2408,1750,2624,2701,2216,2681,2614,1797
"MTMR9",628,659,618,553,451,465,700,411,630,748,510
"ZNF764",217,222,219,196,183,164,193,165,230,202,149
"TWF1",7399,8768,7255,7967,6060,7988,7944,6103,9878,8638,6417
"GALC",492,518,446,390,327,513,488,462,480,400,330
"SLC2A12",44,27,58,25,20,57,34,60,64,84,61
"DACT3",8,2,1,7,2,4,4,1,1,1,3
"ASH2L",1160,1539,1403,1558,1048,1123,1414,1125,1523,1614,1209
"GRIK4",0,0,0,0,0,0,0,0,0,0,0
"VKORC1L1",6270,7057,7109,7532,6019,6457,7357,5179,7999,7366,4884
"ACTRT1",0,0,0,0,0,0,0,0,0,0,0
"FGD4",377,432,474,413,318,562,473,416,573,523,344
"VMAC",41,47,71,36,57,69,65,62,46,62,62
"JAKMIP1",0,0,0,0,0,0,0,0,0,0,0
"IAH1",1269,1497,1225,1572,914,1364,1181,1297,1929,1441,1231
"CMSS1",2730,3224,2681,3425,1897,2535,2992,2241,3180,2924,2198
"AL356356.1",72,45,61,27,33,71,48,44,46,39,31
"FKTN",1113,1272,1252,1221,731,1134,1295,1006,1248,1206,950
"PGAM2",5,8,5,7,13,6,8,12,22,9,14
"SYPL1",3860,4370,3885,3957,2776,4213,3859,3418,4506,3701,3016
"H1FOO",2,0,0,0,0,0,0,0,0,0,0
"GNAT2",13,12,14,23,20,21,27,10,25,36,20
"ZNF484",261,349,291,345,172,295,288,220,400,310,269
"ZNF750",1,3,0,1,1,0,2,1,1,12,2
"HABP2",0,0,0,0,0,0,0,0,0,0,0
"FAM153A",0,0,0,0,0,0,0,1,0,0,0
"EIF3B",13694,16228,15490,17410,13899,12040,17474,11241,17612,19800,11913
"SUV39H2",1190,1280,1244,1245,820,1129,1388,844,1288,1367,890
"TAF7",3771,3571,4045,3511,2654,3248,4336,3006,3907,4264,2956
"RNF166",777,854,866,778,1023,729,787,765,778,775,555
"NLRC5",197,180,208,123,129,180,218,213,154,230,150
"CYorf17",0,0,0,0,0,0,0,0,0,0,0
"TMTC1",3072,3096,3737,2623,2782,3682,3748,2573,2904,2704,1664
"NUP188",5852,7210,6520,7455,5921,5514,7121,4832,7165,8213,4823
"FAM186A",0,0,0,0,0,0,0,0,0,0,0
"CPSF6",4145,4839,4481,4716,4140,4191,4735,3352,4685,4640,3470
"PKD1L1",12,5,11,4,6,5,13,7,7,6,2
"C16orf74",355,368,423,355,348,414,373,405,361,269,256
"TARBP2",564,642,501,636,528,464,596,445,594,632,409
"SSTR2",1,0,0,0,0,0,0,0,0,0,0
"FAM219A",628,724,708,774,745,781,712,739,935,991,765
"HAUS8",692,749,641,727,528,540,760,504,727,707,503
"NUDCD2",1368,1505,1544,1313,1201,1502,1463,1116,1598,1388,936
"CCDC13",20,21,18,23,21,23,19,11,27,34,8
"ST8SIA4",112,130,155,119,91,218,92,106,132,54,55
"AC012313.1",1,1,0,3,2,0,2,2,0,9,4
"AP003733.1",43,32,23,35,20,49,43,45,42,31,34
"NOL4",14,19,9,22,13,16,15,12,17,19,9
"IARS2",15520,16859,18375,16916,12889,16642,18590,14258,19083,17350,12325
"SKP1",3236,3492,2790,3433,1637,3014,3142,2634,4039,3091,2544
"B4GALT6",468,506,513,317,364,533,520,446,383,310,278
"LIPN",0,0,0,0,0,0,0,0,0,0,0
"LHX4",75,87,123,108,98,121,93,85,130,172,100
"BCKDHB",509,503,608,412,419,513,511,484,478,465,285
"PFKFB4",515,493,638,490,495,603,674,534,771,728,471
"C14orf105",1,0,0,0,0,0,0,0,0,0,0
"RYBP",1483,1554,1608,1696,1282,1499,1636,1072,2071,1798,1296
"TMEM200A",46,56,37,51,29,42,65,48,60,69,30
"AGT",0,1,2,0,1,1,1,1,1,0,0
"PITPNM3",1693,1787,1750,1663,1766,1535,1570,1425,1921,1778,1432
"RABGAP1L",231,311,375,245,212,379,341,299,361,414,250
"JUP",8082,8931,9923,10984,12606,7502,9988,8538,13969,18555,10617
"APPL2",789,870,962,691,615,908,926,860,945,906,706
"C2orf47",854,1027,856,1034,706,715,957,653,1044,963,668
"AC018867.1",1,3,1,0,2,1,1,3,0,4,1
"DYRK1A",1897,2300,2045,2400,1510,2027,2264,1564,2491,2507,1711
"HIST2H3A",0,0,0,0,2,1,2,1,0,0,0
"AC092675.3",0,1,0,1,0,0,2,0,0,0,0
"DKFZP434E1119",0,0,1,1,0,1,1,0,0,1,1
"OCLM",23,18,20,17,13,25,20,25,21,10,23
"NET1",3489,3574,3481,3441,2808,3464,3666,3051,4192,4146,2954
"FTCDNL1",17,21,19,31,22,25,26,23,24,29,31
"SPTLC1",4718,5349,4172,5332,3416,5001,4575,4270,5989,4935,4041
"POMGNT2",408,472,434,492,445,332,422,342,580,563,353
"STT3B",6397,7381,6901,7668,5770,7027,7435,5539,8881,7926,5606
"RFX7",986,1062,1132,1207,879,1219,1181,820,1655,1200,923
"SMDT1",493,559,390,467,311,499,387,436,510,407,355
"PERP",7927,8433,7900,7928,6998,8445,8168,7042,10356,9613,6556
"SFXN4",1669,1931,1693,1810,1112,1646,1835,1443,2043,1863,1461
"AC009065.1",6,9,8,9,5,4,10,9,3,9,10
"KCTD9",2204,2474,2293,2618,1740,2281,2506,2035,3243,2973,2349
"RBBP8NL",59,71,76,102,110,56,51,47,91,155,60
"EFCAB5",5,6,12,4,7,11,16,7,18,14,10
"LGALS1",5054,5419,4676,7103,5931,6014,5272,4869,10169,8590,6123
"PI4KA",1978,2082,2229,1833,1722,1943,2337,1536,2149,2469,1412
"NHLH1",5,4,2,5,3,6,4,6,7,15,11
"FAXDC2",5,8,9,8,12,13,6,13,16,26,20
"CD63",6647,7014,5693,6741,6080,6980,5930,6482,8249,6901,5876
"ACP5",0,0,0,0,0,0,0,0,0,0,0
"LYPLA2",2616,2979,3115,2871,3041,2290,3257,2231,2981,3767,2180
"HBM",0,0,0,0,0,0,0,0,0,0,0
"KRTAP10-3",0,0,0,0,0,0,0,0,0,0,0
"LCN2",2025,2187,1970,4006,3261,2215,2489,2427,5898,6683,4496
"RP1-130H16.18",0,0,0,0,0,0,0,0,0,0,0
"SEMA6D",0,0,1,1,0,0,0,0,0,2,1
"CCDC74A",17,18,22,15,16,13,14,28,25,26,19
"GLB1",1630,1703,1704,1690,1379,1780,1766,1554,2132,1981,1365
"GTF2A2",1026,1158,868,1279,647,994,981,811,1308,1105,811
"ADH1B",0,0,0,0,0,0,0,0,0,0,0
"PGLYRP4",0,0,0,0,0,0,0,0,0,0,0
"GNL2",4535,5190,5006,5944,3991,4107,5644,3753,5669,6174,4207
"ARHGEF26",524,697,627,653,493,458,674,438,510,567,389
"MUC22",0,0,0,0,0,0,0,0,1,0,0
"AKR1E2",32,32,32,45,32,33,51,30,40,53,34
"CCL8",0,0,0,0,0,0,0,0,0,0,0
"LYRM2",1815,2130,2053,2060,1302,1826,2140,1597,2234,2233,1544
"FAM160A1",927,889,1002,910,741,1053,1056,777,1076,1082,771
"ABCB4",0,1,2,0,0,1,0,1,0,0,0
"KLHL33",2,3,2,1,2,1,2,2,0,0,0
"PTPN13",855,837,1273,706,709,995,1129,775,774,867,560
"GLT8D2",42,57,40,23,19,55,52,45,37,28,24
"ZNF668",491,626,587,597,662,421,551,386,599,722,387
"BLOC1S6",1683,1914,1708,1796,1023,1755,1782,1497,1926,1664,1383
"GRIN2D",44,36,45,118,103,42,43,36,112,151,112
"WIBG",1333,1449,1580,1410,1453,1188,1578,1247,1387,1606,1115
"TNNI1",0,0,1,0,0,0,0,0,0,0,0
"TAF6L",741,802,761,756,735,601,787,604,742,790,498
"GLE1",4281,4554,4977,4563,3850,3570,5046,3325,4642,5388,3232
"PRKRA",1917,2066,1929,2124,1472,1880,2113,1685,2367,2236,1549
"AQP5",2,3,3,1,0,1,1,1,1,1,0
"NUP210L",0,1,1,0,1,1,1,2,1,4,0
"CT47A1",0,0,0,0,0,0,0,0,0,0,0
"MAP3K10",369,341,405,325,415,345,436,343,315,401,268
"IL7R",156,164,87,382,164,101,110,126,404,419,318
"GUCD1",2138,2805,2702,2690,2379,1927,2780,2134,2811,3013,1993
"PLCB1",104,150,172,142,100,180,122,140,121,101,93
"PRPSAP1",701,666,755,645,557,668,828,592,686,727,451
"SEPT11",4702,5371,6096,5801,4870,4995,6404,4409,6367,7122,4356
"ZKSCAN1",3411,3149,4063,2894,2859,3733,3981,2902,3919,4245,2954
"CT45A2",0,0,0,0,0,0,0,0,0,0,0
"RPGRIP1L",619,671,734,590,457,635,784,497,559,671,384
"PTPLA",319,323,309,255,242,323,332,312,354,223,219
"ATP8B2",23,16,16,24,36,25,22,10,26,36,19
"HIST1H1T",1,0,1,0,0,0,1,0,0,0,0
"WFDC5",0,0,1,1,1,0,0,0,0,0,0
"CTDSP2",4036,4196,5000,4311,3899,4259,4786,3994,4464,4807,3307
"ADM2",72,97,98,157,132,121,123,97,195,241,152
"FLJ00325",0,0,0,0,0,0,0,0,0,0,0
"MAK",54,70,69,57,61,70,78,63,78,65,61
"ALG8",1827,1894,1744,2089,1672,1713,1924,1496,2213,1986,1249
"WDYHV1",541,798,690,770,444,767,672,684,853,626,623
"OR1J1",0,0,0,0,0,0,0,0,0,0,0
"EDAR",0,1,0,0,0,1,0,1,0,0,0
"IFNL1",0,0,0,2,0,0,0,0,1,0,0
"EPHB1",0,0,1,0,0,0,0,0,0,0,2
"KCNK4",3,2,2,2,0,2,1,0,9,3,2
"FOXO3",2506,2649,3282,2650,2600,3271,3107,2518,3342,3392,2209
"PSORS1C1",37,33,29,31,14,25,34,31,66,70,46
"USP43",571,792,617,913,717,442,687,571,881,1113,720
"BTG1",3130,3451,3852,4099,4143,3658,4087,3059,5068,5618,3249
"PSMB11",0,0,0,0,0,0,0,0,0,0,0
"LRRC56",21,18,28,20,12,18,17,22,6,11,5
"GPR115",31,60,30,111,46,62,63,44,183,225,155
"AC016559.1",0,0,0,0,0,0,0,0,0,1,0
"CCDC78",188,237,196,245,198,154,195,174,249,213,175
"VSX1",1,1,1,3,0,1,1,1,0,2,0
"C17orf53",492,570,553,582,482,402,574,411,571,672,463
"RPS4Y1",0,0,0,0,0,0,0,0,0,0,0
"TYW5",449,511,394,482,274,475,414,341,555,449,392
"AP4M1",290,326,325,371,308,297,333,256,376,408,269
"PTDSS2",893,935,923,797,834,797,982,715,1002,1035,608
"CSRP2BP",1023,1356,1144,1495,928,1147,1134,1066,1377,1269,1106
"TM7SF3",3315,3661,3748,3627,3085,3271,4042,3045,4094,4099,2728
"ZNF148",1506,1711,1656,1719,1219,1645,1802,1266,1830,1851,1205
"PRH2",0,2,0,0,0,0,2,0,0,0,1
"AMELY",0,0,0,0,0,0,0,0,0,0,0
"TERT",131,84,117,100,179,91,119,71,194,153,126
"STX10",1302,1355,1477,1418,1546,1283,1394,1210,1533,1388,1152
"MFAP2",102,126,87,266,187,91,96,119,370,375,248
"CYP26A1",2,2,0,4,0,1,1,2,3,0,1
"THOP1",3389,3952,3673,3990,3691,2885,3779,2554,3850,4068,2506
"ANKZF1",1821,1587,2069,1203,1491,2080,1851,1741,1822,1763,1496
"DUSP22",680,644,846,555,535,717,829,607,719,823,423
"GALNT13",1039,1214,1295,1350,1047,1324,1445,1064,1437,1393,863
"APPBP2",1112,1087,1280,1025,824,1195,1312,903,1358,1285,818
"NSUN3",543,648,552,474,352,528,667,444,580,532,356
"EDF1",4308,5165,4608,5111,4712,3787,4950,3621,4955,5246,3639
"RASGRF1",81,96,73,86,72,85,81,58,108,119,88
"FMN1",479,598,629,631,439,646,703,526,764,984,659
"GPRASP2",149,97,151,93,114,124,148,110,148,155,85
"MS4A14",0,0,0,0,0,0,0,0,0,0,0
"MOCS2",1268,1442,1193,1276,739,1210,1431,1011,1340,1348,1050
"UCK1",1186,1403,1150,1327,1029,938,1329,850,1285,1354,796
"C14orf80",574,769,525,875,921,422,567,429,748,776,484
"RANGRF",698,837,640,801,587,650,761,570,747,626,553
"TEX30",558,579,274,579,205,430,330,384,638,316,418
"BPIFA2",0,0,0,0,0,0,0,0,0,0,0
"SRI",2093,2398,2226,2206,1733,2126,2411,2000,2820,2527,1728
"GLTP",1177,1268,1324,1201,1037,1011,1366,990,1319,1478,991
"ANKRD2",45,43,39,53,60,41,53,43,80,62,62
"VASH1",43,48,69,48,79,56,48,39,51,64,29
"C10orf118",884,897,998,850,677,976,1040,719,1073,1129,805
"CAPN6",5,5,8,1,5,12,3,5,3,2,2
"NPPB",0,0,0,0,0,0,0,0,0,0,0
"SLC25A52",3,4,2,1,4,5,4,7,4,4,4
"GGTLC3",0,1,0,0,0,0,0,0,0,1,0
"ATG3",3141,3454,3373,3558,2727,3058,3600,2756,3655,4039,2700
"RSBN1L",1099,1239,1267,1116,999,1266,1269,819,1239,1199,834
"BICD1",1007,1002,970,982,811,1111,1074,736,1188,1148,756
"ZCCHC5",0,0,0,0,0,0,0,0,0,0,0
"PPP3CB",1689,2055,2020,2088,1702,1688,2068,1415,2212,2284,1464
"CATSPERG",6,6,1,0,2,4,2,2,2,4,3
"MS4A18",0,0,0,0,0,0,0,0,0,0,0
"AP001468.1",111,141,135,92,67,214,98,123,161,105,106
"ADRB2",51,42,34,54,26,51,51,37,76,53,53
"LRFN2",0,0,0,0,0,0,0,0,0,0,0
"KLHL7",579,603,613,510,388,657,617,478,681,652,419
"GORAB",302,337,261,275,212,262,260,212,320,285,241
"OTUD1",611,735,585,766,806,577,635,388,917,779,434
"SSR2",3187,3605,2761,3635,2238,2760,2946,2670,3486,3117,2470
"SAMD12",814,836,1147,729,750,1067,1037,955,750,1093,756
"ATAD2B",714,894,906,864,638,889,899,663,906,824,636
"KRTAP5-1",0,0,0,0,0,0,0,0,0,2,0
"PANK2",1603,1836,1522,1866,1270,1474,1932,1212,1864,2082,1391
"SAMD9L",1,2,1,1,0,0,1,3,3,0,4
"USP17L15",0,0,0,0,0,0,0,0,0,0,0
"CABLES1",1091,1256,1214,1138,1019,1065,1330,963,964,1106,702
"CDC25B",6923,6998,6886,6514,7027,5598,7448,5441,7183,7530,5180
"PLA2G10",0,0,0,0,0,0,0,1,0,0,3
"GTF2A1",2439,2643,2357,2615,2404,2235,2532,1591,2701,2428,1713
"SLCO3A1",1067,1146,1002,1253,1089,948,1143,1038,1580,1513,1131
"NDUFAF5",1531,1630,1227,1639,965,1513,1298,1284,1842,1467,1226
"CDH19",12,15,8,1,1,17,11,9,4,2,2
"CORO1C",5472,6577,6456,7214,6134,5354,7579,4932,8183,9754,5678
"EFCAB8",1,1,0,0,0,0,3,0,1,0,0
"USP36",3160,3751,3261,3697,3077,2626,3505,2587,3622,4030,2980
"ZNF620",156,152,137,166,93,122,141,93,191,199,109
"NFASC",1,0,0,2,0,1,0,0,3,2,0
"TSN",6888,7762,6420,7632,4936,6299,6964,5573,8300,7214,5499
"HPSE",167,158,134,178,103,129,152,128,173,179,114
"TCP11X1",0,0,0,0,0,0,0,0,0,0,0
"FTL",21669,22505,20920,25733,30613,16795,25707,18535,27146,41088,21170
"SPAG6",2,1,0,0,0,0,1,2,2,0,1
"NUPR1L",0,0,0,0,0,0,0,0,0,0,0
"AMPD3",180,176,215,151,159,181,240,164,217,290,200
"RAET1E",340,313,392,283,294,425,381,355,442,424,296
"MPEG1",0,0,0,0,0,0,0,0,0,0,0
"PDIA4",8746,8644,8604,8409,6660,7925,9556,6954,9563,11429,6355
"AQPEP",10,4,9,4,4,12,7,5,2,6,3
"C21orf91",561,652,533,527,412,558,519,471,582,421,362
"TSPAN17",1644,1754,1660,1841,1566,1537,1694,1530,2061,1884,1524
"ANKHD1-EIF4EBP3",0,0,0,0,0,0,0,0,0,0,0
"ZCRB1",2681,2882,2683,2619,1697,2681,2634,2518,2442,2185,1994
"MTBP",565,569,636,464,379,564,673,428,576,571,422
"PATE2",1,2,2,0,1,0,0,2,3,3,0
"FAM25E",0,0,0,0,0,0,0,0,0,0,0
"SRP9",8752,10086,7805,9033,6265,9274,8100,6616,10568,8107,6158
"RCOR3",927,1095,908,865,711,985,952,762,1056,955,731
"CHD2",5116,5417,5804,5264,3650,6551,5833,4769,6165,6224,4809
"TAF1",3606,3939,4442,3882,2720,3578,4522,2923,3812,4320,2755
"FPR3",0,0,0,0,0,0,0,0,0,0,0
"KIAA1984",10,11,13,12,5,10,8,8,15,15,10
"KLF6",2788,2802,2420,3434,2295,2687,2882,2501,5499,4560,3725
"RP11-147C23.1",0,0,0,0,0,0,0,0,0,0,0
"GFER",883,1116,927,1078,945,822,1046,772,977,1126,653
"C9orf47",10,20,17,5,5,10,16,11,14,12,16
"BRINP1",0,0,0,1,0,0,0,0,0,0,0
"GFM1",4629,5144,4943,5223,3992,4307,5860,3879,5769,6061,3922
"ZNF407",468,716,603,758,477,586,666,394,692,818,450
"KLF12",937,1194,1198,1120,779,1233,1349,906,1332,1394,846
"PROX1",0,0,0,0,0,0,0,0,0,0,0
"XRCC2",1507,1687,1603,1457,1128,1485,1760,1116,1457,1723,1199
"TMEM143",124,138,153,127,156,123,126,107,172,206,134
"UNG",2980,4101,4001,4500,3728,3050,4176,2703,4255,4634,2779
"B3GALT5",1,1,0,5,1,0,0,3,3,2,5
"CLEC3B",0,4,0,0,1,4,2,6,1,1,2
"LGALS2",0,0,0,0,0,0,0,0,0,0,0
"DAG1",6130,8102,7103,8465,6744,6846,6584,6648,8915,8341,6454
"UTP3",2674,2937,3260,3077,2485,2708,3631,2348,3178,3855,2509
"SLC7A1",6093,8726,7368,9768,7271,6842,7462,6088,8865,8622,5824
"STYXL1",1139,1175,1143,1196,928,925,1309,967,1513,1785,946
"DPAGT1",2396,2530,2671,2420,2620,2284,2644,2142,2723,2711,1837
"SLC5A3",959,814,771,761,448,988,839,511,938,674,522
"SYN1",609,632,762,913,990,516,756,567,855,1028,696
"RASD2",6,2,6,1,11,2,1,2,2,0,2
"CCNI2",2,2,1,3,2,0,1,4,1,1,4
"L3MBTL3",1207,1058,1505,871,969,1281,1599,972,966,1041,689
"TBC1D14",3706,3634,4509,3574,3780,3529,4615,3270,3827,4560,2717
"THBS4",20,16,12,25,21,11,22,15,18,27,11
"RAB3A",37,47,59,44,58,79,71,52,71,53,39
"CRIPAK",647,702,738,550,626,656,659,455,578,564,443
"RP11-763F8.1",0,0,0,0,0,0,0,0,0,0,0
"RAD9B",50,68,41,97,64,45,34,38,116,100,84
"RYR2",453,560,503,793,516,416,682,400,1169,1680,1019
"CHPF2",1227,1571,1322,1587,1261,1399,1494,1162,1796,1832,1220
"RAMP2",0,0,0,2,2,0,1,0,1,3,2
"OR2A4",0,0,0,0,0,0,0,0,0,0,0
"UBE2V1",22,29,22,13,22,37,29,29,14,13,6
"ZBP1",1,1,0,0,0,0,0,0,0,0,0
"ATP6V1E1",2981,3486,3651,4005,3023,3378,3750,3096,4274,4721,3205
"BPIFB3",0,0,0,0,0,0,0,0,0,0,0
"A4GALT",202,217,247,452,433,217,270,237,652,726,492
"ERCC5",309,306,311,328,220,342,340,318,384,370,308
"RTP3",0,0,0,0,0,0,0,0,0,2,0
"ZNF837",14,11,9,8,12,8,9,13,10,15,10
"TEX11",0,0,0,0,0,0,0,1,1,0,0
"SERF2",4926,5300,4468,5600,3970,4858,4383,4245,5541,5294,3939
"GOLGA7",3435,3843,3411,3976,2773,3425,3704,3046,4267,4123,2864
"OR8B2",0,0,0,0,0,0,0,0,0,0,0
"OR2J2",0,0,0,0,0,0,0,0,0,0,0
"DDX3X",25536,33895,28345,34242,22492,27767,34353,20560,37636,35959,23632
"AC073528.1",0,0,0,0,0,0,0,0,0,0,0
"ZNF621",1023,1194,1112,1052,739,1132,1223,949,1231,1227,1076
"SLC26A5",0,0,0,0,0,0,0,0,0,0,0
"FXYD3",1235,1245,1302,1154,926,1546,1301,1505,2074,2456,1580
"C11orf68",894,887,942,571,646,639,958,739,565,646,450
"IDH2",931,995,1233,1101,1235,1199,1036,1179,1365,1301,910
"AMHR2",1,7,4,3,9,9,2,5,4,13,5
"UBBP4",99,89,95,76,92,68,125,73,110,105,65
"RNF187",5781,7276,7823,7470,8438,5934,7614,5976,6945,7035,4712
"OR8I2",0,0,0,0,0,0,0,0,0,0,0
"PRAMEF3",0,0,0,0,0,0,0,0,0,0,0
"KAT5",1228,1494,1387,1626,1174,1010,1569,1037,1416,1813,1070
"RGS7",152,200,205,169,116,133,215,121,162,113,75
"PRR23C",0,0,0,0,0,0,0,0,0,0,0
"MTA3",1469,1636,1751,1369,1199,1533,1791,1404,1519,1630,1144
"GPR1",10,16,16,29,7,14,12,13,21,38,26
"TTBK2",571,509,709,396,363,756,695,466,563,472,359
"TNFRSF1B",0,0,0,0,0,0,0,0,0,0,0
"TMSB10",45520,51754,39302,60211,35730,46834,40766,39737,61888,49462,44626
"IRF1",229,321,185,399,222,187,280,202,393,530,404
"ZCCHC8",1212,1288,1206,1210,862,1277,1359,1007,1529,1438,1089
"MED21",2247,2278,2284,2069,1875,2354,2397,1640,2392,2251,1588
"SOX7",67,62,95,55,75,58,99,52,60,69,49
"ADORA3",0,1,1,1,0,0,0,1,3,0,0
"GALK1",378,382,462,418,525,294,485,360,448,516,272
"CDC42BPB",4744,5411,6347,5680,5687,5185,6465,4477,6491,7769,4723
"AFF1",2335,2188,3184,2058,2140,2966,2759,2062,2784,2798,1886
"GPR107",3801,4432,3967,4423,3017,4139,4080,3626,4756,4758,3332
"DPCR1",10,6,14,4,1,9,12,21,6,5,6
"ABCB11",0,1,0,0,0,0,1,0,0,1,0
"TRIM71",1,0,0,3,1,1,0,0,0,0,0
"OR6X1",0,0,0,0,0,0,0,0,0,0,0
"NT5C3A",1096,1447,1054,1480,847,1190,1099,950,1693,1180,1077
"CERS3",0,0,0,0,0,0,0,0,0,0,2
"HIATL1",3212,3875,3537,3933,3524,3335,3743,3129,4392,4134,2914
"RPL29",9667,11137,9412,11405,8763,8956,10052,8070,11007,10367,7732
"ARL14EPL",3,5,3,3,3,6,6,3,3,10,5
"FOXB2",0,0,0,0,0,0,0,0,0,0,0
"NIPAL1",413,635,382,729,313,363,435,405,707,519,482
"KIAA1199",602,771,560,1060,621,500,703,435,1256,1651,887
"SFRP2",1,0,3,0,0,2,2,3,1,1,1
"PCOLCE",79,73,92,76,88,85,72,84,88,66,77
"AKAP8L",1723,1934,1924,1977,1874,1704,2069,1382,2029,2241,1379
"ADAM22",201,208,244,131,141,220,223,169,172,152,85
"KMT2E",2040,2258,2564,2436,2109,2633,2467,1962,3116,2885,2161
"AVPI1",1995,2858,2364,3067,2135,2131,2467,2063,3352,3557,2142
"PRELID1",4872,5499,4755,5647,4413,3958,5569,3748,6027,6354,3935
"CXCL17",3,0,0,0,2,1,4,4,0,2,0
"ITGB4",1441,1506,1632,2482,2699,1781,1791,1703,4232,4430,2973
"TSEN54",823,808,684,734,636,657,790,633,783,776,528
"SAMD13",78,41,53,23,30,63,53,77,43,29,21
"CYP7B1",122,161,98,136,61,129,126,90,166,117,91
"AL158147.2",0,0,0,0,0,0,0,0,0,0,0
"MYOZ2",0,0,0,0,0,0,0,1,0,0,0
"PRSS27",80,77,88,100,80,59,78,87,105,96,93
"ZNF334",0,0,0,0,0,0,0,0,0,0,0
"OR9G1",0,0,0,0,0,0,0,0,0,0,0
"SYNJ2BP",579,548,665,502,425,555,655,426,563,737,468
"LRRC25",0,0,0,0,0,0,0,0,0,0,0
"ANAPC11",1438,1699,1363,1503,1268,1404,1404,1253,1729,1596,1097
"PSRC1",1867,1688,1655,1476,1235,1492,1624,1236,1441,1281,934
"GPR32",0,0,0,0,0,0,0,0,0,0,0
"CDKN2A",0,0,0,0,0,0,0,0,0,0,0
"RNLS",1,0,0,0,0,0,1,1,0,1,0
"KIAA1919",427,415,339,318,249,578,344,269,429,333,261
"FBRS",4884,5147,5270,5373,5555,3776,5069,4028,4722,5729,3905
"RBM10",3401,3762,3722,3814,3797,2510,4032,2478,3539,4526,2557
"TMEM63A",4386,4579,4073,4030,3635,3896,4489,3201,4944,5231,3605
"AC008132.1",0,0,0,0,0,0,0,0,0,0,0
"TNK1",802,907,838,910,847,673,864,675,927,1084,690
"ITGA10",74,44,48,17,24,64,41,38,44,26,32
"OAZ3",59,65,52,52,26,51,83,44,35,49,29
"HEMK1",664,602,618,464,473,522,600,492,623,623,495
"CACNA1S",0,0,0,0,0,0,0,3,0,0,1
"ZFP41",423,427,548,498,560,392,522,398,365,483,289
"CT47A10",0,0,0,0,0,0,0,0,0,0,0
"PLXNA2",298,291,228,515,395,196,271,173,519,623,373
"MAGEB4",0,0,0,0,0,0,0,0,0,0,0
"EPS8L2",2314,2579,2271,2063,2173,2212,2251,2177,2488,2442,2139
"SH3D19",2187,2425,3141,2494,2310,2579,3068,2187,2798,3129,2030
"KRTAP4-2",0,0,0,0,0,0,0,0,0,0,0
"IL24",64,95,49,682,285,79,108,111,1340,1945,1230
"GAPDH",179866,197834,188585,202228,173013,152301,196705,151771,200855,195195,146094
"PDE11A",11,14,22,6,9,21,25,12,8,15,10
"ZNF524",190,187,212,182,256,132,183,188,166,201,123
"ZNF487",25,36,32,42,13,24,36,23,32,30,29
"CCNG1",2268,2735,2688,2491,1586,2633,2692,2273,2874,2225,1902
"GGT7",212,197,242,155,206,246,197,226,229,193,179
"RNF175",0,0,3,0,1,2,0,0,2,0,0
"AC138655.1",1,0,0,0,0,0,0,0,1,0,0
"LCN12",21,5,8,8,6,8,7,7,18,26,11
"FOXD4L6",1,1,2,3,1,2,3,4,1,5,2
"TEX33",0,0,0,0,0,0,0,0,0,0,0
"C5orf17",0,0,0,0,0,0,0,0,0,0,0
"PIDD",693,734,675,618,638,522,648,520,665,575,449
"CELF5",11,5,2,3,5,10,3,2,4,13,6
"FN1",18879,25174,14703,40257,14265,23026,22572,15809,59687,55627,41184
"UNC5D",0,0,0,0,0,0,0,0,0,0,0
"KIR2DL1",0,0,0,0,0,0,0,0,0,0,0
"TPT1",34845,37544,25718,38281,19444,38469,28552,32259,43670,29227,28500
"TREX1",135,121,114,205,142,127,101,143,238,186,173
"PPARGC1A",100,86,117,70,65,157,61,59,81,40,26
"SLC36A2",0,0,0,0,2,0,0,0,1,1,1
"PFN2",7199,7213,7760,7267,6785,7741,7771,6789,8476,7493,5519
"SESN3",51,33,51,24,27,63,38,30,43,29,25
"TPCN1",2450,2292,2546,2303,2304,2416,2625,2214,2712,2846,1959
"EGLN1",4385,4783,4981,4695,4084,4370,5472,3645,5605,5139,3268
"KRTAP21-1",0,0,0,0,0,0,0,0,0,0,0
"RP11-386G21.1",0,0,0,0,0,0,0,0,0,0,0
"OR6C6",0,0,0,0,0,0,0,0,0,0,0
"ZSCAN4",0,0,0,0,0,0,0,0,0,0,0
"TUBG1",3049,3319,3502,3548,3698,2723,3740,2563,3715,4493,2511
"SUMO4",4,4,7,6,3,3,1,2,9,7,5
"AL139147.1",0,0,0,0,0,0,0,0,2,0,0
"HMSD",0,0,0,0,0,0,0,0,0,0,0
"RASGRF2",1,3,3,3,8,4,2,2,1,3,0
"PPP4R1L",191,193,147,163,129,192,195,148,216,243,180
"ANKRD42",359,367,413,293,320,361,416,269,333,374,185
"GH2",0,1,0,0,0,0,0,0,0,0,0
"ATG9A",2590,2775,2803,2480,2781,2440,2798,2370,2531,2587,1730
"SLC17A6",0,0,0,0,0,0,0,0,0,0,0
"KRTAP27-1",0,0,0,0,0,0,0,0,0,0,0
"EMC1",4806,5620,4716,5563,4305,4706,5425,3875,5883,5825,4033
"ANKK1",4,1,1,1,0,0,1,2,3,2,2
"NAGPA",246,316,262,280,244,196,301,221,246,287,151
"UQCRC1",4895,5307,5560,4960,5814,4531,6073,4113,5940,6336,3704
"CDC123",4382,4967,4247,5015,3306,4152,4871,3494,5429,5269,3470
"PYROXD2",85,87,91,59,80,95,81,90,80,90,100
"LOXL1",791,883,856,950,931,971,794,1001,1197,874,796
"PLA2G2F",0,2,0,0,0,0,0,1,0,1,0
"UBAP2L",6837,7531,7200,7395,6514,6152,8126,5185,7753,8922,5311
"ZNF383",161,142,122,111,73,108,110,106,110,115,92
"SPATA7",38,36,35,20,15,50,34,32,34,19,13
"CCT8L2",0,0,0,0,0,0,0,0,0,0,0
"CELSR1",862,980,1077,1073,1108,1036,1070,800,1114,1333,790
"C19orf25",471,523,502,466,514,334,480,388,482,524,408
"RGS9BP",18,15,22,27,17,10,16,16,22,34,14
"BMP7",0,0,0,1,0,0,0,0,0,0,0
"GNAZ",1,7,3,6,2,3,2,3,12,5,4
"SHCBP1L",0,0,0,0,0,0,0,0,0,0,0
"AGFG2",485,464,522,353,432,468,546,437,451,493,296
"OR5M10",0,0,0,0,0,0,0,0,0,0,0
"ELF5",0,0,0,0,0,0,0,1,0,1,1
"TMOD1",15,13,18,14,13,15,26,16,44,60,37
"AWAT2",10,5,16,6,6,8,8,6,2,1,0
"OSBPL10",2029,2414,2345,2955,2244,2155,2620,1825,3504,3599,2181
"C19orf48",2095,2810,1888,2935,2150,1665,2171,1661,2426,2331,1672
"NHS",906,1153,922,1433,867,1309,1038,754,1763,1438,1151
"NUP160",5555,6263,6410,5925,4604,5375,7216,4528,6309,7017,4294
"RP11-167N24.6",0,0,0,0,0,0,0,0,0,0,0
"SPAG16",387,463,458,406,313,491,478,358,399,397,265
"ST13",10651,11088,11512,11047,9860,10351,12163,8967,11052,12679,8364
"FOXJ1",0,0,0,0,0,0,0,0,0,0,0
"SV2C",0,2,1,1,1,0,0,0,0,1,1
"RP11-766F14.2",4,3,4,1,0,3,7,2,0,1,2
"FAH",957,1011,1084,733,686,888,1288,943,741,1003,556
"C11orf35",123,123,137,97,148,144,122,173,167,131,117
"LRRC8C",166,214,147,239,173,192,218,168,342,277,206
"SNTG1",0,0,0,0,0,0,0,0,0,0,0
"ENTHD1",0,0,0,0,0,0,0,0,0,0,0
"KIAA1324",9,4,6,9,4,5,8,4,10,19,11
"COG1",634,707,629,571,558,550,743,463,698,879,512
"LYL1",0,0,2,1,0,0,2,0,0,0,1
"BCMO1",0,0,0,1,0,1,1,1,0,2,0
"RASL11A",15,9,14,29,11,11,15,10,24,34,16
"MEF2BNB",94,139,83,123,82,81,91,86,161,127,112
"DENND1B",669,822,685,683,496,679,692,585,729,653,561
"ILDR1",99,91,128,109,127,134,116,100,132,172,130
"INPP5J",140,105,140,95,108,140,83,123,96,79,102
"GPR18",0,0,0,0,0,0,0,0,0,0,0
"MFF",1503,1753,1716,1809,1359,1540,1994,1362,1965,2098,1353
"C17orf78",0,0,0,0,0,0,0,0,0,0,1
"S100A10",7374,7707,7312,9118,6334,7262,8710,6231,11796,13239,8222
"LSM2",1227,1576,1046,1433,934,1065,1089,1179,1395,909,848
"FLRT1",4,4,2,9,7,4,7,6,7,13,8
"KRT40",0,0,0,0,0,0,0,0,0,0,0
"KIAA1024L",0,0,0,0,0,0,0,0,0,0,0
"C2orf88",3,16,3,20,7,12,16,9,9,10,14
"PLOD2",7100,9089,7458,8662,5562,9202,8412,6133,10368,8337,5698
"OR5D18",0,0,0,0,0,0,0,0,0,0,0
"DNM3",35,61,44,50,20,65,57,33,51,54,31
"TUBA4A",5834,6549,5475,7861,6596,4342,6715,4019,7844,9775,5008
"MAGEC2",0,0,0,0,0,0,1,0,0,0,0
"CSDE1",33006,37976,36298,37789,28111,31965,41705,26862,40379,44693,27304
"JUNB",2865,3254,2894,3641,3790,2615,3055,1803,3687,3886,2127
"ZMAT2",2968,3416,3480,3515,2778,2999,3929,2523,3389,4307,2494
"HSD3B7",106,130,125,110,124,117,121,144,184,232,166
"HN1L",8405,9796,10058,10434,8279,8243,10557,7377,10323,11134,6826
"NFIA",404,386,534,285,437,429,549,378,276,402,242
"TBC1D4",2727,2653,3567,2940,3038,2888,3652,2410,3806,3953,2274
"ARRDC1",2117,2203,2478,2547,3253,1873,2396,1976,2864,3135,1943
"TICAM1",465,480,582,637,608,424,604,414,700,889,527
"ERMP1",6196,6669,7869,5686,5451,7343,8191,6222,7312,7562,4838
"PTPN22",23,26,27,35,27,26,44,34,35,46,31
"MDH1",5143,5450,5092,5545,3600,5334,5303,4664,6868,5920,4257
"GLRA3",2,1,0,2,0,1,0,4,1,1,0
"FADS1",12668,15698,16066,21990,16772,17459,15749,16127,26036,22117,17194
"AZU1",1,2,0,0,0,2,0,1,0,1,1
"SSUH2",4,4,4,2,4,3,5,6,4,6,3
"GPATCH4",2338,2887,2452,3138,2480,1854,2992,1674,2614,3117,2195
"ABHD15",677,750,695,722,645,642,781,599,844,834,550
"CHST12",267,268,217,278,237,236,234,174,322,256,144
"DSG3",1259,1346,1412,1473,977,1567,1437,1516,2767,3290,2576
"MRGPRG",0,0,0,0,0,0,0,0,0,0,0
"NEO1",28,32,41,67,54,45,51,29,79,69,43
"MRPL46",999,1142,851,1258,808,787,956,795,1148,1188,826
"XAGE1C",0,0,0,0,0,0,0,0,0,0,0
"IL17RD",35,32,67,27,45,60,59,51,55,54,32
"HIST1H4J",0,4,1,5,3,3,1,0,3,3,1
"TNFRSF19",17,30,12,37,24,14,7,20,38,26,20
"NAA35",2456,2858,2576,2894,1925,2336,2923,2146,3129,3204,2138
"PCDHB5",1,0,0,1,1,1,0,1,0,0,0
"RAB40C",526,507,583,464,679,474,553,459,489,570,339
"PIWIL2",2,2,6,5,5,3,6,5,13,10,8
"PLA2G2D",0,0,0,0,0,0,0,0,0,0,0
"TRNAU1AP",524,647,439,545,344,518,569,446,685,599,455
"C17orf97",55,58,64,74,48,50,50,44,51,61,37
"C6orf15",0,2,1,2,0,1,2,2,3,14,8
"COL3A1",7,7,9,2,8,11,11,9,12,15,13
"MAP4K5",2498,2640,2781,2622,2255,2696,3300,2213,3241,3321,2117
"SLIT1",0,0,0,0,0,0,0,0,0,0,0
"DAZ3",0,0,0,0,0,0,0,0,0,0,0
"VWDE",85,78,55,48,33,81,76,48,77,55,59
"AL121761.2",0,0,1,1,1,1,0,2,2,0,1
"ZNF568",126,115,129,100,68,106,138,93,106,110,78
"OR5B21",0,0,0,0,0,0,0,0,0,1,0
"GLS",6961,6624,7089,6900,6598,7238,8123,4783,9695,8968,5352
"SMIM22",3,5,4,10,6,6,5,6,9,10,8
"KLHDC8A",0,0,0,0,0,0,1,1,0,0,0
"AMH",260,256,156,206,186,193,162,170,252,144,194
"CLDN5",0,0,0,0,0,0,0,0,0,0,0
"RP11-215A19.2",0,0,0,0,0,0,0,0,0,0,0
"RAP1GAP2",6165,5673,7329,5373,6650,5249,7387,4923,5886,7130,4176
"LURAP1",14,7,9,8,16,15,14,15,17,13,12
"H6PD",1055,1321,1757,1217,1598,1507,1248,1785,1552,1212,1196
"ATF7IP2",0,0,0,0,0,0,0,0,0,0,0
"PLIN5",6,2,2,1,5,5,2,1,3,3,5
"TP53I3",450,472,410,415,324,366,556,373,510,592,365
"WDR78",53,27,36,28,27,17,30,25,37,47,21
"OR2L3",0,0,0,0,0,0,0,0,0,0,0
"UGT3A2",0,0,0,0,0,0,0,0,0,0,0
"CTC-349C3.1",30,18,32,32,34,40,28,41,35,48,28
"SMC1A",12816,15374,15341,14982,12143,13387,16208,11027,14965,16401,10860
"C4orf47",29,26,18,16,16,28,32,25,23,19,21
"DLGAP3",5,6,5,5,16,5,5,7,8,16,14
"ASNS",1486,1665,1772,1878,1320,1604,1986,1635,2425,2546,1443
"BRD9",1529,1839,1549,1532,1284,1544,1607,1270,1652,1548,1482
"C4orf3",1367,1522,1781,1438,1314,1861,1677,1473,1823,1611,1099
"DPP10",0,0,0,0,0,0,0,0,0,0,0
"DHRS4L2",353,362,336,368,342,262,390,313,385,442,272
"SPTBN4",0,6,12,1,10,3,4,7,7,8,5
"CHST4",0,0,0,0,2,0,0,0,0,0,0
"CYP27C1",74,68,73,86,73,77,101,47,165,171,100
"ATG16L2",254,171,265,80,162,292,259,244,227,234,193
"IQSEC1",1413,1558,1941,1688,2064,1504,1802,1493,1721,2024,1350
"C3orf67",73,83,95,85,64,72,81,81,108,113,83
"NME1-NME2",42,59,35,33,55,32,26,26,30,28,16
"RPL9",12302,13454,6544,13966,4171,12641,7514,10284,15775,8380,9931
"KIF26A",257,290,254,454,433,196,248,248,373,369,312
"AC087645.1",3,13,3,6,1,3,7,5,13,5,6
"NCOA5",2346,2578,2235,2682,1954,1641,2435,1528,2369,2515,1635
"TRMT11",895,936,1116,1037,804,989,1246,854,1155,1178,762
"ZNF672",1074,1125,1315,1273,1728,997,1258,947,1358,1524,855
"EIF3A",19577,23546,23150,24008,17905,20208,25426,16254,23144,27064,19581
"GRAMD4",627,532,742,470,666,575,661,594,514,708,438
"BLVRB",584,621,587,720,630,579,591,593,920,1048,655
"RAB4B",179,187,285,220,173,201,243,204,269,326,220
"SENP1",1593,1874,1864,1740,1366,1554,1919,1390,1913,1985,1316
"ARSE",0,0,0,0,0,0,0,0,0,0,0
"PTPN9",2644,2829,3046,2597,2458,2448,2972,2495,3001,3025,2093
"EHMT1",2742,3093,3230,2981,3400,2594,3369,2402,3049,3758,2271
"SPATS1",2,0,0,0,0,0,0,0,0,1,0
"SIX2",321,385,445,709,954,316,402,305,648,663,468
"SOCS7",357,435,461,360,491,353,495,297,352,467,260
"IFIT1B",1,0,0,0,0,1,0,1,0,2,0
"HILPDA",362,412,357,386,301,350,330,373,443,376,346
"CRCT1",0,0,0,0,0,0,0,0,0,0,0
"NMU",188,188,141,172,108,149,140,131,189,123,116
"SERPING1",0,0,0,0,0,0,1,0,0,0,0
"PCK2",479,511,517,646,673,482,539,577,813,844,562
"HAUS1",1885,2047,1448,2212,1007,1686,1667,1545,2291,1813,1619
"ZNF322",414,451,495,427,292,455,469,362,458,466,277
"SRPK3",0,0,0,1,1,0,0,1,4,1,0
"HNRNPA0",8247,9974,9191,10259,8700,7375,9424,6527,8909,10120,6176
"PAX2",1,0,0,0,0,0,0,0,0,1,0
"RASSF1",606,734,568,700,554,515,723,490,728,815,570
"DAP3",3724,4215,4107,4682,3234,3720,4597,3429,4947,5348,3752
"TCEB1",2402,2630,1695,2710,1413,2567,2117,1892,3343,2520,2149
"RP11-322E11.6",2,2,5,1,1,1,3,1,2,2,4
"SP3",3055,3568,3240,3440,2436,2989,3577,2469,3758,3835,2635
"MSMO1",9664,10729,12333,11943,10403,15085,13365,11069,19216,14410,11315
"EPHX2",18,20,30,23,20,19,26,15,16,33,12
"MKI67IP",3864,4236,4067,4972,3140,3287,4579,2985,4999,5363,3515
"CHMP5",1219,1269,1215,1163,880,1321,1366,1041,1485,1425,1097
"TMEM255A",0,0,0,2,0,0,2,0,1,2,0
"LEMD1",27,20,34,21,29,35,27,39,38,56,38
"ISLR2",3,1,0,1,2,7,0,3,2,1,3
"SPRYD4",464,464,450,446,430,357,526,368,463,625,340
"UNK",477,523,494,463,461,428,515,420,439,491,356
"HAVCR2",2,0,1,0,0,0,0,0,1,2,1
"RAMP3",0,0,0,0,0,0,0,0,0,0,0
"NOX4",0,0,0,0,0,0,0,0,0,0,0
"UBE3D",246,307,272,216,174,222,348,203,321,268,178
"HNRNPH2",2273,2468,2761,2359,2252,2293,2796,1911,2462,2730,1579
"ZFYVE27",1986,2022,1699,1886,1454,1657,1858,1626,1990,2204,1772
"FAT2",6,11,15,8,6,11,14,11,17,15,4
"PLCB3",4111,4357,4927,4178,4957,3512,4790,3543,4527,5504,3422
"RAB34",3131,3785,3332,4077,3152,2766,3650,2779,4187,4222,2658
"CLDN23",27,33,41,38,53,37,39,48,41,56,36
"RGAG1",11,27,12,49,18,8,24,10,65,58,41
"AL355531.2",0,0,0,0,0,0,0,0,0,0,0
"SEPT3",48,62,97,47,94,78,77,70,120,117,56
"MRPL42",2085,2206,1816,2009,1283,2143,2008,1580,2209,1885,1382
"METTL1",397,480,365,494,298,299,476,260,433,530,318
"PAK1IP1",1960,2157,2170,2274,1693,1762,2410,1652,2320,2327,1670
"HDDC3",683,843,853,821,797,652,794,716,870,817,589
"NKAPL",1,0,0,0,0,0,0,0,1,0,0
"NOV",250,186,198,179,162,208,197,166,299,236,175
"RRM2B",875,1027,984,626,478,978,1061,840,809,695,579
"OCRL",1868,1999,2725,1983,1831,2105,2633,2041,2377,2797,1745
"GCNT3",7,8,12,13,6,19,15,14,22,27,15
"DIXDC1",481,431,776,313,446,584,678,441,452,437,249
"AC003002.4",0,0,0,0,0,0,0,0,0,0,0
"LEPREL4",1609,1694,1778,1684,1729,1303,1843,1316,1704,1979,1293
"LGALS13",0,0,0,0,0,0,0,0,0,0,0
"GLTSCR2",2556,3149,3289,3245,3429,2688,2914,2770,2858,3252,2178
"FARSB",3819,4318,4564,4481,3597,3876,5100,3551,4786,5511,3417
"PNMA6B",0,0,0,0,0,0,0,0,0,0,0
"RNFT1",433,389,361,327,248,405,412,298,445,379,281
"ZNF318",1912,1830,2287,1679,1325,1820,2333,1767,1835,1915,1424
"ENDOD1",1243,1318,1388,1081,1095,1428,1420,1253,1577,1334,944
"THRB",666,552,777,579,637,694,782,572,772,993,573
"ANKRD31",91,125,118,112,99,109,119,88,144,150,97
"BHLHE40",4683,4975,7086,6089,7558,5278,6595,5370,7175,7367,4775
"MICALCL",82,124,141,151,111,116,132,113,151,156,148
"FAM212B",229,196,345,114,144,263,290,219,154,156,82
"ZNF23",362,279,340,366,243,261,384,292,389,493,370
"TM4SF20",0,0,0,1,0,0,0,0,0,0,0
"SLC48A1",393,366,487,330,470,322,497,385,317,460,297
"RIPK1",1178,1472,1191,1378,848,947,1522,955,1440,1786,1179
"SYNJ2",1276,1470,1324,1439,1113,1070,1512,985,1625,1801,1175
"LAMP1",7129,7733,6845,8038,6871,6976,7515,5875,8768,8579,5864
"BCL10",1058,1149,1271,1185,1018,1142,1308,991,1481,1506,1140
"CCR6",4,8,3,7,0,1,5,4,3,1,4
"GGN",3,6,6,12,8,4,0,10,8,13,6
"CBWD2",790,884,860,694,542,900,858,621,845,879,622
"TMEM65",740,859,958,720,983,825,997,619,827,802,455
"RP11-10J21.3",24,24,16,20,23,9,26,12,22,30,19
"ZFP37",109,152,134,143,69,133,118,103,147,123,76
"SLC24A1",386,459,529,507,531,487,455,395,492,586,444
"NPY",0,0,0,0,0,0,0,0,0,0,0
"RERE",3949,4766,5264,4829,5379,4080,4962,3579,4376,5242,3588
"C9orf3",210,263,176,265,192,173,274,194,324,263,216
"AL358113.1",0,1,1,1,1,0,1,2,2,1,2
"FLJ20306",5,6,4,3,2,4,3,1,5,5,6
"SLC35E2B",1176,1166,1198,1032,949,1068,1229,883,1228,1330,823
"WBP4",1076,1175,1173,1238,890,990,1304,914,1183,1483,1089
"CHMP2B",3017,3448,2975,3966,2596,3262,3160,2492,4613,3919,3091
"ZBTB45",308,346,403,330,514,296,369,296,345,463,290
"RNASE8",0,0,0,0,0,0,0,0,0,0,0
"SLC25A17",1199,1364,1350,1401,927,1219,1442,1013,1590,1434,1020
"SLC25A31",2,0,0,0,0,0,0,0,0,0,0
"ERC2",6,5,13,4,3,8,9,1,5,5,6
"TRIM10",4,1,7,5,3,6,2,3,7,11,4
"LUC7L",1625,1517,1234,1522,1142,1234,1428,839,1623,1665,944
"RNF103",635,822,697,842,659,851,709,670,1063,788,707
"YPEL5",482,489,604,448,461,730,523,621,747,691,508
"PTCD2",544,532,619,533,451,542,624,427,571,587,400
"DNASE1L1",825,877,1010,894,1049,921,928,840,1406,1488,1075
"MTUS2",1,4,2,2,1,1,5,3,0,1,1
"PTX4",5,3,1,3,5,1,3,5,4,4,9
"NCAPG",5088,5974,5225,6401,3644,4625,5800,3963,7138,6528,4310
"LPXN",127,125,117,169,129,133,116,124,370,504,331
"CANT1",2110,2197,1977,2237,1879,1736,2269,1715,2569,2711,1919
"HEATR4",2,3,3,1,2,4,2,1,5,1,2
"CEBPZ",5504,5601,6034,6211,4070,4887,6540,4233,6519,6949,4555
"TXLNG",3973,4176,4605,4443,3463,3616,5087,3046,4677,5139,3131
"CHRDL1",168,171,172,189,142,160,151,143,147,125,106
"SLC41A2",197,203,210,174,121,223,232,167,225,268,167
"DEDD2",848,737,728,835,914,686,745,589,936,860,549
"MAPKAP1",4081,4595,4568,4831,3801,3851,4861,3703,5149,5520,3374
"TCTN3",1552,1710,1678,1608,1288,1463,1622,1284,1735,1564,1074
"SIX4",1920,1717,1875,1551,1509,1986,2020,1206,1941,1654,1116
"RP13-672B3.2",0,0,0,0,0,0,0,0,0,0,0
"MICAL1",633,611,704,506,586,607,696,652,801,825,647
"TSPAN33",32,12,26,21,23,16,19,25,22,23,19
"MINOS1",183,140,166,163,148,127,160,120,227,198,85
"SFI1",456,466,433,339,388,458,464,353,473,466,389
"TK1",3651,4354,3549,4921,3942,3057,3865,2907,4591,5007,2998
"ECM2",118,170,124,113,108,149,121,161,158,124,106
"CCDC83",0,0,0,0,0,0,0,0,1,0,0
"FN3K",272,320,466,313,537,360,431,318,436,533,338
"GGTLC1",0,0,0,0,0,0,0,0,0,0,1
"CCSAP",2554,2060,2670,1835,1968,2474,2602,1791,2375,1994,1350
"LEMD2",2936,3356,3019,3484,2807,2837,3170,2738,3521,3532,2462
"WNK2",505,602,745,886,1186,495,618,436,707,913,530
"C1orf234",4,3,1,1,3,5,2,3,2,2,0
"NCKIPSD",937,1080,1062,1019,1050,845,1062,781,1046,1135,773
"CCDC69",36,49,77,35,45,59,48,77,53,79,41
"APOB",0,0,0,0,0,0,0,0,1,0,0
"KLHL23",1188,1229,1322,1074,955,1140,1496,948,1210,1273,805
"MPV17L2",662,669,619,606,671,468,742,488,612,635,397
"FNBP1",1331,1149,1405,1101,1068,1200,1410,1094,1275,1627,962
"F11",0,0,0,0,0,0,0,0,0,0,0
"IQCE",551,599,650,649,644,512,673,435,620,855,464
"ACTL7A",0,0,0,0,0,0,0,0,0,0,0
"PRTN3",0,0,0,0,0,0,0,0,0,0,1
"C17orf99",0,0,0,1,0,0,0,0,0,0,0
"PEX7",262,299,315,225,244,246,297,226,290,257,190
"RSPH9",0,1,2,2,2,2,2,2,4,5,1
"OTOG",0,0,0,0,0,0,0,0,0,0,0
"HIST1H2BB",2,4,0,7,0,0,0,0,3,2,3
"H2AFB3",0,0,0,0,0,0,0,0,0,0,0
"VPS26A",3380,3754,3563,3738,2834,3776,3906,2849,4328,4117,2824
"TBC1D1",1808,1998,2463,1841,1758,1907,2449,1842,1870,2222,1345
"VAMP7",0,0,0,0,0,0,0,0,0,0,0
"ZC3H11A",6159,6534,6756,6251,4846,6940,7096,5139,7446,7525,5540
"NFATC1",224,253,314,328,439,220,285,247,441,447,284
"C7orf57",0,2,2,0,1,1,2,0,2,3,1
"TKT",17834,20062,20248,20777,20944,15283,21667,15287,20827,25408,13970
"C4B",4,4,6,9,3,6,3,0,5,4,4
"YBX1",60933,65735,65640,69783,67347,47184,70170,46293,59218,69879,49357
"XKR8",323,392,309,357,292,280,329,258,405,372,302
"KCNV2",0,0,0,0,0,0,0,0,0,0,0
"ZNF660",0,0,0,0,0,0,0,0,0,0,1
"MRPS22",2722,2744,2501,2905,1728,2401,2795,2065,3071,3007,2015
"POU2AF1",0,0,0,0,0,0,0,0,0,0,0
"PRDM5",467,525,474,475,331,458,481,381,479,421,388
"PREX2",0,2,0,2,0,1,3,2,0,1,2
"AMY2B",24,18,30,26,10,29,24,30,44,30,44
"PSMD12",5933,7077,5998,7097,4416,6167,7218,4641,7827,7918,5196
"TREM1",77,97,169,84,132,204,106,155,167,112,99
"SERPINB7",291,251,204,280,117,301,273,284,526,422,375
"DLG4",254,198,280,230,328,266,230,233,381,388,325
"SLC28A3",0,6,1,3,2,2,3,5,10,15,7
"FFAR2",0,0,0,0,0,0,0,0,0,0,0
"RPAP1",1362,1262,1507,1287,1637,1012,1614,943,1264,1873,873
"TRMT6",3242,4001,3839,3884,2637,2711,4450,2589,3400,4454,2606
"ZDHHC24",311,292,332,270,444,241,339,298,316,301,214
"TRHDE",83,90,87,80,86,59,128,86,132,156,98
"ZNF501",119,87,91,74,66,64,104,71,113,92,68
"ZNF433",0,0,0,0,0,0,0,0,0,0,0
"VSTM2A",0,0,0,0,0,0,0,0,0,1,0
"C14orf182",97,86,83,101,87,116,87,97,151,154,119
"RP11-322L20.1",0,0,0,0,0,0,0,0,0,0,0
"SLC26A8",0,0,1,0,1,0,0,0,0,0,1
"L34079.2",0,0,0,0,0,0,0,0,0,0,0
"LUZP2",4,1,0,1,2,0,1,1,3,1,1
"FAM115C",46,69,61,78,52,49,63,55,78,129,78
"DMRTC1",0,0,0,0,0,0,0,0,0,0,0
"JSRP1",21,28,18,19,5,20,19,12,31,30,19
"ARHGEF35",246,289,282,289,223,277,347,238,362,379,271
"UGT1A1",0,1,0,1,1,1,2,2,1,1,3
"NAMPT",4974,5568,6217,5484,4260,5385,6547,4790,6203,6551,4215
"EEF1A1",253187,262789,261016,281985,205289,241651,274782,209897,295503,307029,236780
"ZNF33B",910,1020,883,938,467,799,951,706,910,1017,754
"EXOSC9",1653,2146,1872,2218,1387,1685,2122,1654,2007,1954,1587
"ZNF155",85,95,126,84,43,81,113,105,87,99,81
"ZNF354B",342,316,319,294,166,351,337,273,354,244,255
"XPNPEP3",1620,1492,1608,1270,1130,1814,1607,1222,1392,1373,977
"UGT2A1",0,1,0,0,1,1,0,0,0,0,0
"RBBP8",4645,5828,5676,6114,3670,4704,6274,4075,5552,6199,3738
"PDGFRL",46,38,37,34,25,44,42,34,22,25,11
"DOPEY1",609,657,564,518,306,672,636,495,644,588,395
"NUTM2A",3,7,17,6,7,8,5,11,9,15,14
"RPH3AL",2,0,2,2,3,1,1,2,6,6,1
"CNOT4",442,455,520,515,439,411,540,351,568,683,347
"RNASE12",0,0,0,0,0,0,0,0,0,0,0
"VAPA",6425,7347,6878,7474,5434,6345,7373,5699,8038,7573,5230
"SHMT1",2302,2674,3073,2313,2271,2411,2866,2337,2598,2723,1705
"SBF1",4910,5461,6079,5327,6680,4090,5825,4014,4633,5956,3011
"HUS1B",12,13,2,6,3,3,5,4,13,10,7
"RP11-180C1.1",0,2,3,3,0,2,3,1,4,5,3
"TNFRSF8",0,1,0,0,0,0,0,0,1,1,0
"AVIL",24,18,15,15,6,18,26,16,22,16,17
"TCF4",744,886,991,683,575,882,998,660,634,593,431
"KLHL14",2,7,7,5,4,1,5,5,1,4,3
"FAM24B",1,0,0,0,0,0,0,0,2,0,0
"SNW1",2469,2613,2869,2901,2200,2331,3070,2127,3071,3502,2311
"REXO1L10P",0,0,0,0,0,0,0,0,0,0,0
"TULP3",1793,1829,2233,1825,1866,1860,2144,1614,2246,2407,1581
"TUBB8",2,0,2,0,1,0,0,1,0,1,0
"PLCD1",119,116,163,78,122,143,114,151,129,119,84
"LDLRAD4",0,0,0,0,0,0,0,0,0,0,0
"HOXD8",0,0,0,1,0,0,0,0,0,0,0
"HPGDS",0,0,0,0,0,0,0,0,0,0,0
"MTRNR2L7",0,0,0,0,0,0,0,0,0,0,0
"PALM",17,18,42,16,25,35,17,19,27,13,18
"VPREB1",0,0,0,0,0,0,0,0,0,0,0
"GOLGA6L6",0,0,0,0,0,0,0,0,0,0,0
"VEPH1",52,69,59,103,63,68,74,65,115,111,113
"CNPY1",0,0,0,0,0,0,0,0,0,0,0
"CPEB2",657,807,709,737,720,883,774,574,1120,1082,711
"SCNN1G",46,69,55,120,104,52,33,36,99,98,76
"VCX2",0,0,0,0,0,0,0,0,0,0,0
"OR56B3P",0,0,0,0,0,0,0,0,0,0,0
"FAM203A",62,90,60,93,97,43,88,49,68,100,58
"BMP10",0,0,0,0,0,0,0,0,0,0,0
"WDR81",1982,2113,1851,2111,1895,1552,1877,1466,2037,2289,1440
"FAM162A",1016,1039,894,947,666,1145,874,892,1220,952,726
"AC105020.1",8,8,10,3,10,17,9,8,6,5,14
"TBP",1099,1188,1207,1169,1088,1035,1314,925,1319,1354,967
"CD248",0,0,0,0,0,0,0,0,0,0,0
"TMEM64",994,1083,1008,1074,1102,950,1059,769,1394,1229,877
"NSDHL",3145,3975,3895,4118,3298,3316,4582,3002,4676,4902,3073
"OR2AJ1",0,0,0,0,0,0,0,0,0,0,0
"ANXA3",4169,4873,4203,4404,2917,4656,5752,4000,6609,6733,4637
"SP9",0,1,1,0,1,0,0,1,1,1,1
"NDUFA1",1759,1862,1195,1948,961,1922,1432,1416,2246,1679,1351
"ARF5",2903,3283,3151,3394,3570,2835,3101,2829,3678,3570,2452
"CDC16",1862,2156,2117,2085,1458,1880,2345,1578,2256,2334,1568
"NDUFV3",1310,1178,1282,1135,1134,1139,1322,912,1460,1384,992
"CENPN",2554,3337,2441,3712,1831,2472,2929,2235,3936,3200,2536
"P4HA1",2437,2877,3159,2983,2415,3502,3315,2690,4016,3524,2279
"RBMXL2",0,0,0,1,1,2,3,0,0,0,0
"LILRB3",0,0,0,0,0,0,0,0,0,0,0
"PRDM14",0,0,0,0,0,0,0,0,0,0,0
"RNF208",352,447,510,555,697,331,428,426,496,529,370
"SLC9B1",9,11,6,4,4,14,5,9,15,8,8
"RPL23",20146,21383,17333,22499,13943,20288,20581,16197,24864,22254,16698
"KLHL15",942,1060,887,1056,780,901,946,687,1222,893,752
"TFDP2",1508,1672,1810,1471,1124,2039,1703,1594,1621,1321,1112
"MURC",47,45,41,28,27,41,59,31,42,41,31
"GAN",682,631,685,639,567,805,755,399,767,748,502
"NRXN2",0,1,0,0,1,1,1,0,0,2,0
"KHSRP",14168,17812,16393,20318,20160,12086,17146,12195,17236,20260,13122
"UBA6",4724,5245,5611,5031,3585,5012,6129,3959,6129,6660,4153
"ANGPT1",461,442,315,257,192,484,253,274,264,139,118
"OGG1",451,507,576,483,485,355,585,412,455,661,363
"GJA9",0,0,1,2,0,0,0,1,4,0,0
"PFN3",2,2,0,0,1,0,0,0,0,1,0
"ZCCHC2",1297,1172,1387,1027,1053,1177,1527,866,1078,1197,648
"G2E3",1380,1492,1329,1413,1185,1393,1566,1026,1756,1790,1127
"CAPZA1",11331,13022,12081,12552,9203,10927,13280,9399,14137,14435,9729
"FAIM2",0,1,0,0,0,0,2,1,0,0,1
"WISP2",28,42,24,85,71,35,20,38,184,129,98
"SECISBP2L",963,935,1092,909,739,1173,1146,796,1189,1291,816
"CCL20",278,277,246,476,391,363,362,387,844,730,646
"CHST13",0,1,0,0,0,0,0,0,0,0,0
"PHAX",1981,2301,2151,2334,1653,1818,2534,1504,2263,2741,1635
"QRFPR",439,468,429,408,354,475,388,374,430,301,285
"ZNF786",330,360,392,391,380,316,365,208,408,494,255
"AL078585.1",0,0,0,0,0,0,0,0,0,0,0
"C10orf126",0,0,0,0,0,0,0,0,0,0,0
"SMARCA2",1346,1147,1611,1096,1206,1421,1730,1260,1238,1753,1140
"TVP23C-CDRT4",0,0,0,0,0,0,0,0,0,0,0
"MAMSTR",53,59,57,40,66,54,46,44,50,46,31
"AL669831.1",2,1,0,2,1,1,0,0,1,1,0
"SIPA1",243,268,374,343,488,246,357,283,382,544,249
"NME2",0,0,0,0,0,0,0,0,0,0,0
"CDC20B",0,2,2,1,1,0,1,1,0,2,1
"ASB10",0,0,0,0,0,0,0,0,0,0,0
"TBL2",2076,2363,1874,2459,1608,1849,2198,1690,2547,2334,1689
"ECI1",774,821,811,878,886,671,785,667,890,873,527
"PPIG",4957,5717,6432,5866,4526,5605,6349,4565,5298,5796,4948
"CD101",41,38,35,44,15,43,31,29,53,28,33
"MRPL1",1554,1768,1264,1939,878,1294,1464,1114,1737,1563,1155
"CACNA2D1",181,221,173,106,109,175,181,102,84,89,50
"TADA2B",598,740,680,698,586,599,751,491,778,819,477
"PLA2G15",479,464,445,493,387,376,469,391,514,480,359
"GNA15",542,541,677,545,594,478,747,559,714,903,589
"YKT6",3979,4685,4392,4750,3616,3839,4925,3450,4797,5401,3417
"CTDSPL",1800,1860,2105,1771,1706,1790,2199,1494,2022,2205,1308
"ACBD5",1248,1298,1364,1134,881,1193,1494,1053,1313,1635,939
"C11orf54",319,292,448,288,285,414,419,329,413,497,302
"TXNDC15",690,705,528,740,456,654,564,498,790,633,476
"OR10G2",0,0,0,0,0,0,0,0,0,0,0
"PWWP2A",901,966,922,967,709,810,986,600,1033,1018,672
"IGSF1",31,27,32,24,22,42,27,39,37,42,26
"DCC",0,0,0,0,0,0,0,0,0,0,0
"COX4I2",0,0,0,0,0,0,0,0,0,0,0
"C5orf15",1501,1561,1211,1302,853,1573,1186,1189,1698,1073,1105
"PAAF1",514,542,641,367,427,464,703,487,370,583,290
"MLF1IP",3755,4808,3378,5113,2104,3671,3868,3371,5142,4338,3747
"CFDP1",540,517,670,515,447,597,709,469,548,524,345
"RPL18A",15089,16396,13076,16930,13000,13098,14118,12605,16531,15263,11267
"FHL3",755,858,821,882,926,655,857,677,852,838,604
"NUDCD1",3107,3133,3634,3479,2646,3010,4108,2498,4038,4633,2530
"PDXK",7151,7362,8953,7484,8643,7086,8374,6746,8401,9429,6062
"BRCC3",3350,4055,4383,3872,2505,3681,4658,2893,4233,4738,2915
"PCF11",2333,2508,2204,2328,1430,2217,2512,1611,2516,2476,1881
"TMEM45B",2,2,3,0,1,0,2,2,1,1,0
"SYCP1",0,0,0,0,0,0,0,0,0,0,0
"AC110781.3",0,0,0,0,0,0,0,0,0,0,0
"SPANXN4",0,0,0,0,0,0,0,0,0,0,0
"SLC22A9",0,0,0,0,0,0,0,0,0,0,0
"ACKR3",0,0,0,0,0,0,0,0,0,0,0
"EIF4A2",12498,10382,11926,10214,8839,11595,12431,8563,13921,14540,9185
"SEP15",4368,4858,2443,4859,1864,4496,2739,3433,5675,2876,3489
"HAO2",0,0,0,0,0,0,0,0,0,0,0
"DCP2",1620,1727,1753,1636,1341,1576,1762,1133,1786,1625,1190
"FAM81B",0,0,0,0,0,1,0,0,0,0,1
"SCRT1",3,0,0,2,0,0,0,0,1,0,0
"KIAA1407",151,127,152,89,113,197,135,155,111,112,123
"GKAP1",254,250,273,211,179,337,233,257,203,203,148
"BOLL",0,0,0,0,0,0,0,0,0,0,0
"INTS2",1295,1578,1625,1251,984,1600,1477,1171,1416,1228,962
"TRIM15",19,10,25,9,14,11,21,17,10,29,12
"STK4",3416,3446,3662,3207,2752,3213,4044,2852,4018,4352,2983
"CCDC132",688,690,754,596,473,641,860,496,770,892,493
"COTL1",8118,9313,8661,11500,10185,6095,9763,6442,9405,12115,7432
"CLIP3",37,21,27,18,10,24,18,19,29,28,24
"LCE3A",0,0,0,0,0,0,0,0,0,0,0
"NAA15",6830,8531,8845,8943,5784,6797,9397,5716,8697,9594,6181
"MYO16",8,5,3,2,5,7,9,7,5,4,8
"NEK9",3131,3318,3702,2732,2272,3576,3670,2700,3196,3113,2156
"RNH1",2173,2423,2577,2409,3221,1808,2772,1788,2608,3209,1577
"CORO2A",138,148,210,161,168,172,173,187,203,253,128
"WBSCR28",0,0,0,0,0,1,0,0,0,3,1
"TRA2B",9688,10258,8819,10220,7735,9007,10325,7053,11701,9845,7227
"UBN2",574,543,563,466,346,614,599,409,593,508,362
"PKD2",926,980,858,754,588,992,879,712,870,688,602
"AC092850.1",0,0,0,0,0,0,0,0,0,0,0
"ZMPSTE24",6324,7401,4892,6918,4415,5673,5720,4412,6881,5264,4500
"BLOC1S4",578,720,699,638,668,505,692,525,747,720,460
"CPA3",0,0,0,0,0,0,0,0,0,0,0
"LRP10",2909,3192,3301,3539,3434,2807,3172,3180,4109,4525,3154
"SOCS2",703,837,751,1181,852,745,963,753,1462,1300,1016
"ZNF10",199,173,116,127,57,169,154,137,130,121,111
"GH1",0,0,0,0,0,0,0,0,0,0,0
"PDE3A",429,498,588,258,225,645,281,284,132,71,45
"CD151",5107,5929,4281,5458,4435,4590,5074,4210,6240,5471,3952
"LIN37",214,176,228,197,139,194,240,151,226,225,156
"RP11-830F9.6",0,0,0,0,0,0,0,0,0,0,0
"STON1-GTF2A1L",0,0,0,0,1,0,1,2,0,4,0
"CHUK",1948,2165,2103,2297,1582,2069,2419,1562,2802,2766,1785
"CALML3",0,0,0,0,1,0,0,0,0,0,0
"MBLAC2",653,780,721,667,639,652,758,565,809,712,511
"NLRP3",2,1,2,7,3,6,4,1,2,7,6
"FAM127C",0,1,1,1,1,2,3,2,1,7,3
"FAM182B",1,0,3,4,2,2,2,5,2,6,0
"CFH",14,17,18,9,16,29,25,13,14,18,15
"CCDC181",0,0,0,4,1,0,1,2,1,0,1
"C10orf40",0,0,0,0,0,0,0,0,0,0,0
"XG",0,0,0,1,0,0,0,0,0,0,0
"SLC35E2",103,75,84,48,48,77,64,56,67,50,52
"MFSD6",1517,1660,1701,1480,1085,1559,1791,1513,1654,1646,1247
"B3GNT6",0,0,2,0,0,0,0,0,0,0,0
"POLI",617,659,654,596,442,873,644,628,739,659,501
"SCRG1",6,3,2,5,4,11,3,7,5,2,3
"CYP2U1",473,473,424,499,363,463,406,373,529,394,353
"CTC-432M15.3",0,0,0,0,0,0,0,0,0,0,0
"PRPF31",2195,2492,2224,2619,2410,1865,2324,1699,2581,2812,1764
"KB-1507C5.2",34,30,34,22,18,25,19,25,27,31,25
"ESR2",18,16,21,9,12,19,13,17,16,25,15
"NAGLU",346,352,303,357,316,268,244,286,402,301,300
"RDH14",286,354,286,292,263,265,356,256,308,251,212
"CHL1",0,0,0,1,0,1,0,0,0,0,0
"FARP2",1100,1400,1398,1298,1154,1107,1383,1009,1332,1343,912
"RP11-10A14.4",0,1,0,1,0,0,2,0,2,0,0
"MIA2",3,1,0,1,1,0,1,4,0,2,0
"DAXX",4634,4954,4940,5020,4366,3768,5216,3910,5116,5946,3902
"ARL9",5,0,1,1,0,2,2,1,0,1,3
"ZRSR2",583,607,566,512,397,562,612,454,570,653,528
"PNMA1",1559,1839,1745,1932,1791,1369,1781,1229,1808,2143,1232
"ODF2L",1167,1301,1118,1177,724,1266,1210,991,1391,1070,1025
"ZC3HAV1",2068,2240,2632,2437,1916,2168,2662,1687,2721,3203,1948
"VPS11",757,857,868,764,598,674,871,623,762,958,567
"USP17L23",0,0,0,0,0,0,0,0,0,0,0
"SLC34A1",2,0,4,5,3,0,1,2,5,13,3
"GPC2",5,4,3,4,1,2,0,1,1,2,1
"SAE1",5099,5480,5293,5774,4545,4414,5917,4341,5565,6368,3912
"C11orf86",302,429,391,856,734,360,222,385,813,529,506
"CCNB1",11867,12339,10993,13333,8753,9652,11892,8542,13762,12517,8543
"ARRDC4",300,354,283,346,239,299,362,302,396,446,285
"EMC6",1600,1943,1468,1887,1847,1354,1536,1433,1725,1725,1189
"VCX3B",0,0,0,0,0,0,0,0,0,0,0
"TPRKB",1320,1428,904,1483,653,1238,1012,911,1574,1143,1039
"LNX2",771,784,745,895,735,761,895,541,1078,1053,596
"LRRC72",0,0,0,0,0,0,0,0,0,0,0
"OR6C4",0,0,0,0,0,0,0,0,0,0,0
"CBL",3502,3724,4227,3994,3174,3742,4297,2706,4641,4726,3116
"SPICE1",917,937,1113,887,793,1003,1124,753,951,1220,680
"CITED1",17,8,22,14,10,9,15,9,18,19,8
"TEP1",846,882,1135,748,723,1015,1050,778,1023,1207,725
"HOXA11",191,240,196,314,245,167,243,174,270,259,196
"ARID5B",681,980,806,941,565,1052,786,700,985,788,583
"PIR",1092,917,1110,1033,970,1001,1094,954,1111,1396,761
"ZKSCAN5",562,614,639,584,416,536,664,414,629,671,404
"IL1RN",264,359,393,541,446,379,480,451,944,1535,837
"LDLRAD1",0,0,0,0,0,0,0,0,0,0,0
"SEPT9",9123,10806,11617,10437,10341,8513,11536,8888,9676,12884,7605
"HP1BP3",10542,10676,9998,9150,6779,10540,10220,8274,10803,9688,8410
"OR2T34",0,0,0,0,0,0,0,0,0,0,0
"HCRTR1",0,1,0,2,1,0,0,0,0,0,0
"RPS17",4,1,2,4,1,0,1,2,0,1,5
"RREB1",2159,2299,2937,2208,2658,2835,2769,2302,2996,3124,2121
"ATP5EP2",20,33,21,20,12,20,12,24,31,17,26
"AL031320.1",0,1,0,0,0,0,0,0,0,0,0
"HSD3B1",0,0,0,0,0,0,0,0,1,0,0
"PCDHGA2",2,0,0,3,1,0,1,1,0,0,1
"TSC22D3",1014,1158,1575,950,1085,1773,1136,1236,1030,901,569
"LYPD2",0,0,0,0,0,0,0,0,0,0,0
"CDC42EP3",1809,1971,2095,2366,1804,2129,2274,1811,2786,2660,1903
"EIF3M",8409,9510,8020,9709,6385,8148,9461,6809,10840,10160,7200
"ARAF",3535,4060,3741,3750,3172,3051,3867,3061,3797,4199,2730
"RAB37",0,0,0,0,1,0,0,0,0,0,0
"CPNE9",2,0,0,2,1,0,0,3,2,1,3
"CRYM",3,4,2,5,3,4,5,14,27,15,26
"ADCK1",158,200,220,199,202,175,244,166,229,280,137
"PLBD2",713,859,817,851,869,668,762,689,895,911,657
"CTNND2",0,0,0,0,0,0,0,0,0,0,0
"DUSP11",1509,1581,1344,1454,1073,1367,1468,1237,1910,1592,1215
"AHSA1",6817,6432,7687,6767,6581,5702,8907,4947,7995,10045,5040
"ANKRD20A4",3,5,2,5,4,2,4,7,4,4,6
"KRAS",5117,5296,5805,4802,4442,5584,6014,4086,5826,5262,3807
"OR5AU1",0,0,0,0,0,0,0,0,0,0,0
"SWSAP1",133,116,113,123,121,95,143,97,118,144,86
"NDRG2",3,3,5,5,4,6,5,10,8,11,11
"PROSER2",1167,1493,1413,1434,1581,952,1483,1196,1304,1647,1011
"CD5L",0,0,0,0,0,0,0,0,0,0,0
"C5",98,81,149,98,117,138,133,119,140,152,96
"SHISA7",1,0,0,0,0,0,0,0,0,0,0
"HEXB",2487,2622,2369,2479,1787,2892,2489,2441,3181,2440,2068
"CHD7",1967,2102,2300,2052,1591,2149,2220,1497,2321,2181,1610
"CMTM1",98,90,123,78,123,111,108,76,126,100,75
"SDF4",4589,5225,4440,5470,4784,4017,4745,3832,5140,5254,3617
"TMEM101",510,518,451,494,491,481,496,461,528,495,346
"NTSR2",0,0,0,0,0,0,0,0,0,0,0
"HMCN2",0,0,0,0,0,0,1,0,0,0,0
"RP11-195F19.5",3,4,5,5,11,8,3,7,9,5,8
"RBM11",6,3,10,6,2,10,6,11,13,10,6
"TNFRSF10A",2416,2720,2147,2840,1960,2186,2793,2104,3530,3223,2561
"ABL2",2425,2958,2531,3536,2001,2869,2868,2142,4098,4249,3206
"FLT4",0,0,0,0,0,0,0,0,0,0,0
"EVX2",0,0,0,0,0,0,0,0,0,0,0
"ZNF221",18,30,23,16,12,28,31,20,18,21,4
"VARS",13996,15543,17107,15581,17353,11616,17138,11732,14899,17675,10710
"OR2K2",0,0,0,0,0,0,0,0,0,0,0
"INADL",1445,1585,1748,1602,1236,1679,1931,1426,1976,2279,1516
"TEX40",0,1,2,9,4,3,3,0,7,10,1
"LAMA1",42,81,64,81,42,69,83,53,127,136,64
"BOLA3",1160,1391,921,1372,879,943,1061,883,1316,1183,793
"C9orf135",4,2,2,0,3,1,1,2,2,3,0
"C7orf25",527,558,572,552,467,472,584,469,567,670,436
"CCT3",14133,15048,14450,15679,12509,11318,17018,10303,16400,18810,10722
"PLEKHM1",1155,1183,1278,1121,1150,1085,1305,1021,1462,1806,1082
"CGB5",2,0,0,0,1,0,1,2,0,2,2
"C2orf27B",0,2,1,0,0,0,0,0,0,0,0
"LINC00999",110,121,113,87,62,105,99,84,102,116,77
"C17orf75",615,762,602,680,417,655,658,612,719,566,511
"POTED",0,0,0,0,0,0,0,0,0,0,0
"TSKU",1623,1951,1814,1934,1926,1662,1761,1660,1991,2044,1315
"AC021218.2",15,6,8,14,11,12,17,18,20,25,18
"FAP",745,1035,673,1080,443,962,781,795,1539,1334,1163
"CD226",9,6,5,7,4,8,5,9,14,7,3
"ACTA2",69,67,119,38,74,111,94,89,41,51,23
"FZD1",379,335,461,264,339,478,371,327,271,211,166
"GSTM4",387,396,463,302,283,432,399,448,338,387,254
"SLC17A2",0,0,0,0,0,0,0,0,0,0,0
"CHRNE",1,2,2,1,3,1,0,2,3,3,1
"ITGB3BP",557,560,380,540,209,545,321,471,564,290,410
"MRPL18",3878,3812,3387,3870,2830,3197,3897,2832,4105,4106,2621
"C11orf34",0,0,1,0,0,0,0,0,0,0,0
"FEZ1",0,0,0,0,0,0,0,0,0,0,0
"PRY2",0,0,0,0,0,0,0,0,0,0,0
"SYCE2",35,41,39,106,108,46,30,50,153,147,110
"ZBTB1",1000,1102,931,1042,651,1038,1021,676,1272,1139,708
"WDR5",5575,6504,5990,6555,5513,4824,6550,4350,6215,6825,4532
"CBWD6",349,365,325,280,241,376,374,310,475,337,370
"BID",773,953,911,1018,862,810,1060,747,1193,1302,775
"HTR2A",0,0,0,0,0,0,0,0,0,3,0
"UBE3B",1350,1473,1577,1437,1301,1327,1794,1208,1616,2121,1150
"RP11-1407O15.2",214,180,212,160,151,256,207,167,259,296,159
"ZSWIM1",544,549,566,498,448,424,554,433,553,669,393
"SH2D1A",0,0,0,0,0,0,0,0,0,0,0
"DKFZP434A062",0,1,1,0,0,0,0,0,0,0,0
"ULBP3",76,92,93,102,57,74,109,83,98,103,80
"ZDHHC19",0,0,0,0,0,0,0,0,0,0,0
"CNGA4",1,4,7,5,3,6,5,3,7,9,2
"TSRM",0,0,0,0,0,0,0,0,0,0,0
"RP11-366L20.2",0,0,0,0,0,2,1,0,0,0,0
"KANK2",1462,1359,1705,1447,1484,1334,1578,1236,1395,1543,1039
"NCAPH2",1609,1994,1627,2053,1324,1233,1701,1395,1853,2057,1348
"JRKL",711,601,789,523,504,725,814,546,709,765,517
"C2orf68",1721,1792,1967,1555,1547,1459,1991,1503,1611,1825,1326
"TMOD3",5249,5636,6580,5766,5955,5632,7019,4663,7118,8175,5102
"DCAF12L2",0,0,0,0,0,0,0,0,0,0,0
"MAP3K1",1190,1324,1253,1211,858,1294,1270,895,1329,1259,825
"SFMBT2",0,0,0,0,0,0,0,0,0,0,0
"OR14I1",0,0,0,0,0,0,0,0,0,0,0
"C1orf146",0,0,0,0,0,0,0,0,0,0,0
"CBX4",1012,1124,1129,1400,1502,887,1094,872,1247,1298,923
"AC016722.2",28,22,10,16,10,20,24,21,13,17,15
"OR13C9",0,0,0,0,0,0,0,0,0,0,0
"AL353583.1",0,0,0,0,0,0,0,0,0,0,0
"DPPA4",0,0,0,0,0,0,0,0,0,0,0
"SLC17A1",0,0,0,0,0,0,0,0,0,0,0
"MRM1",655,616,568,684,670,422,719,377,570,723,427
"CAMKK2",1955,2284,2439,2104,2024,1909,2408,1938,2334,2472,1623
"CECR6",2,1,4,4,3,0,6,2,4,4,2
"CPQ",10,10,11,7,6,14,10,15,12,10,13
"CASP1",11,16,22,9,4,8,17,13,4,8,5
"APOL6",749,977,1176,1272,942,1036,1124,944,1497,1800,1297
"C15orf54",3,13,14,6,1,11,17,17,5,2,5
"TAS2R16",0,0,0,0,0,0,0,0,0,0,0
"ADNP",4244,4998,5046,5082,3578,4651,5403,3955,5227,5267,3597
"CEP78",3918,4754,4435,4705,3023,3880,4887,3137,4890,4887,3264
"PTGFR",84,63,87,55,48,118,49,59,73,21,22
"NBPF12",182,182,189,181,112,197,166,144,192,159,141
"HIC2",182,243,182,271,222,146,207,170,217,248,189
"SCML4",0,0,0,0,0,0,0,0,0,0,0
"RFPL4AL1",0,0,0,0,0,0,0,0,0,0,0
"VWCE",9,8,7,9,12,10,4,10,8,13,3
"OR10J3",0,0,0,0,0,0,0,0,0,0,0
"IL5RA",0,0,1,1,0,0,1,0,0,0,1
"ASPM",7994,8609,6898,8601,4215,8783,7346,6307,9645,6646,6248
"CBLC",459,521,532,613,634,431,582,470,615,696,543
"NOL11",3707,4134,3893,4476,2815,3190,4520,2570,4642,4717,2969
"ACOX1",1562,1649,1711,1474,1123,1469,1870,1260,1807,2252,1325
"DDAH2",295,306,349,396,435,369,274,371,470,521,312
"FGD2",1,1,1,5,0,1,3,2,4,9,5
"PPRC1",3762,4187,4093,4649,4112,2912,4316,2827,4063,4938,3293
"PPIAL4D",0,0,0,0,0,1,0,0,0,0,0
"MSI1",2,1,0,8,2,3,0,1,1,5,5
"PCDHA7",3,0,1,2,0,6,1,0,4,1,2
"CA1",0,0,0,0,0,0,0,2,0,0,0
"ACKR2",4,2,15,4,8,6,9,4,5,11,3
"ZNF622",700,739,785,863,699,627,857,616,972,1153,730
"ADIPOR1",5101,5691,6742,6060,6043,5002,6409,5334,6124,7473,4639
"PRRT4",2,4,6,6,5,7,7,5,11,13,8
"STOML1",164,162,169,111,105,137,159,144,119,136,121
"EMC2",1099,1324,1516,1176,1031,1276,1698,1119,1289,1526,1039
"CNTN5",0,1,0,0,0,0,0,0,0,0,0
"MCM5",4095,4978,4460,5036,4869,3283,4964,3148,4574,5291,2972
"OR5K3",1,2,0,0,0,0,0,0,0,0,0
"PFDN1",1680,2170,1857,2211,1666,1750,1942,1623,2011,2006,1463
"OTUD4",3763,4076,3983,4163,3007,3822,4335,2925,4496,4445,3152
"ACTG1",199291,238270,216950,300755,246411,158704,247218,162370,269532,338974,196723
"DEFB106B",0,0,0,0,0,0,0,0,0,0,0
"CSK",4274,4775,4903,4576,5451,3381,5205,3529,4622,5545,3364
"NR1H3",547,576,613,485,608,585,538,503,608,713,477
"CTD-2215E18.1",1,1,3,0,1,2,0,0,1,3,1
"AC064874.1",0,0,0,0,0,0,0,0,0,0,0
"ZNF2",132,142,121,107,88,123,130,79,141,163,102
"HUS1",667,673,663,563,422,591,725,440,622,651,438
"RGMA",2,3,3,4,12,4,2,3,9,17,11
"RPL41",12891,13812,10607,14949,8545,13235,11648,10411,15577,11966,11911
"SCAMP1",1550,1540,1656,1214,1581,2010,1761,1349,1775,1356,1017
"POSTN",0,0,0,0,0,0,0,0,0,0,0
"ZNF514",530,431,564,385,384,526,589,384,479,558,431
"UBE2G1",3183,3507,3367,3448,3187,3026,3717,2505,3884,3590,2429
"PPP3R1",5151,6178,5741,6298,5206,5329,6359,4442,6950,6728,4362
"WNT5A",33,27,27,36,15,32,26,24,19,15,7
"PCNXL4",1911,1990,1774,1855,1265,2028,1888,1538,2163,1778,1371
"ODF3",0,0,0,0,0,0,0,0,0,0,0
"LAYN",0,0,0,0,0,0,0,0,0,0,2
"NTF3",0,0,0,0,0,0,0,0,0,0,0
"ZNF443",25,18,28,21,11,34,21,16,30,31,16
"METTL12",188,208,129,209,115,119,149,78,172,177,97
"PTH2",0,0,0,0,0,0,0,0,0,0,0
"FAM198A",0,0,0,0,0,0,0,0,0,0,0
"TRAPPC8",2780,3020,2985,2999,1930,2849,3242,2305,3482,3513,2243
"SLC22A8",0,0,0,0,0,0,0,0,0,0,0
"MRPS18A",1194,1402,1289,1441,1258,1041,1386,958,1350,1481,925
"STAG3",6,11,5,12,11,12,10,7,10,9,11
"NR2C2",811,979,1037,928,816,943,1029,734,1060,1178,751
"NDUFB5",2064,2220,1666,2207,1165,2260,1659,1770,2436,1924,1446
"TRIM65",1411,1403,1523,1450,1573,1201,1547,1163,1519,1569,1171
"ABHD14A-ACY1",0,0,0,0,0,0,0,0,0,0,0
"RD3L",0,0,0,0,0,0,0,0,0,0,0
"UNC5A",0,1,2,1,1,1,0,0,3,7,6
"PGBD3",2,0,0,2,0,0,2,2,2,0,0
"GFRA2",0,0,0,0,0,0,0,0,0,0,0
"MYL5",356,458,314,371,227,353,298,322,488,429,426
"HKDC1",112,95,102,76,51,78,102,111,53,97,66
"BRD1",1367,1464,1496,1535,1467,1339,1646,1026,1640,1677,1046
"LEPRE1",892,871,832,747,693,798,905,684,836,836,527
"DDX11",3630,3784,3674,3341,3281,3328,3711,3138,3807,3722,3180
"SLC25A35",189,207,268,197,325,251,202,277,304,290,271
"MTHFD2",8115,9735,8865,10429,8303,7641,9981,6640,10996,10862,6811
"TMEM253",3,5,7,3,6,1,1,5,14,8,5
"DNAJC11",3884,4701,4453,4519,4110,3625,4840,3151,4646,5554,3307
"FBXW2",4460,4447,5140,4251,3919,4158,5416,3427,4959,5424,3252
"TAPBP",5627,5996,6809,5611,6719,5811,6333,6023,6560,6846,5085
"CCDC64",385,288,352,289,402,339,383,334,485,491,339
"YTHDC1",4628,4616,4540,4395,3303,4271,5061,3367,4911,5665,3822
"EML3",2592,2657,3065,2169,2659,2535,2880,2444,2444,2590,1884
"USP17L2",0,0,0,0,0,0,0,0,0,0,0
"LSP1",8,2,3,3,4,3,1,1,2,3,0
"STIM2",838,900,651,823,485,708,778,551,993,797,603
"LRRC8D",1847,1913,1736,1928,1279,1620,1999,1324,2126,1943,1423
"LCE1E",0,0,0,0,0,0,0,0,0,0,0
"LEPREL1",650,691,574,651,459,519,560,362,480,374,309
"NIPSNAP3B",11,17,15,2,8,14,11,11,6,7,7
"TNFSF11",0,0,0,0,0,0,0,0,0,0,0
"HTR1F",0,0,0,0,0,0,0,0,0,0,0
"SLC22A31",78,83,92,79,119,107,76,97,138,98,93
"ZNF321P",0,0,0,0,0,0,0,0,0,0,0
"APITD1-CORT",0,0,0,0,0,0,0,0,0,0,0
"ANKRD9",209,204,278,202,461,187,249,224,247,229,156
"GPCPD1",598,726,710,614,467,789,714,781,890,851,837
"MED28",1654,1535,1435,1366,1055,1532,1437,1195,1583,1482,1082
"RPAIN",1078,1145,851,1089,600,1126,936,869,1291,980,823
"COPS4",1288,1396,1327,1349,772,1299,1354,1103,1423,1401,875
"UBE2U",0,0,0,0,0,0,0,0,0,0,0
"AC008372.1",0,0,0,0,0,0,0,0,0,1,0
"MRPS28",481,543,430,453,265,468,444,375,499,425,308
"DCST1",13,6,9,16,11,15,14,9,16,12,17
"FBXO42",1274,1341,1437,1228,1116,1176,1443,1127,1541,1512,966
"TCF21",2,3,5,1,0,6,2,3,0,3,1
"CYP8B1",0,0,0,0,0,0,0,0,0,0,0
"XPO6",8044,8655,8648,9018,8084,6390,9700,6229,9745,11473,6534
"ZNF467",7,4,17,3,15,20,10,9,20,21,9
"LSM11",491,541,519,445,369,424,570,422,494,458,367
"MCC",107,131,158,128,110,112,143,82,162,228,123
"TBCD",4525,4898,5121,4520,4853,3890,5373,3580,4785,5584,3063
"FCER1A",0,0,0,0,0,0,0,0,0,0,0
"DDHD2",1868,2264,2512,2307,1775,2297,2365,2209,2537,2151,1786
"ZNF391",423,419,492,323,393,418,519,354,420,379,281
"FBXO30",1770,1762,1655,1682,1411,1542,1741,1207,1900,1873,1257
"PPM1M",121,66,91,49,92,69,85,62,75,93,53
"TMEM219",695,686,773,569,601,791,758,791,742,812,550
"ZNF589",428,363,366,433,306,340,432,299,495,529,405
"TMEM220",0,0,0,0,0,0,0,0,0,0,0
"PNMA6D",0,0,0,0,0,0,0,0,0,0,0
"MPPED1",0,0,0,0,0,0,0,0,0,0,0
"DLL4",8,8,13,14,17,6,10,6,21,18,7
"ASS1",2989,3103,3474,3179,3490,3285,3198,2750,3754,4064,2432
"CERKL",0,0,0,0,0,0,0,0,0,0,0
"TEAD2",952,999,1334,1125,1273,1098,1101,1048,1211,1195,861
"SORCS2",104,102,113,84,122,137,93,137,137,110,105
"TP53I11",0,0,0,0,2,0,0,0,0,0,0
"DYRK3",123,117,167,125,120,144,168,103,152,131,76
"ATP5O",476,494,256,445,185,448,369,344,558,336,307
"EML1",1,4,1,5,1,1,4,2,3,2,1
"GGH",1926,1944,1135,1707,744,1891,1206,1613,1900,1074,1156
"NAE1",5558,6234,5484,6696,3854,5679,5995,4984,7587,6345,4838
"RABL2B",545,546,561,430,379,449,567,443,463,467,370
"RP11-126K1.2",20,23,15,23,20,13,11,22,14,22,5
"H3F3B",11032,12568,10685,13088,9045,9903,12500,8336,14161,13552,9111
"KDSR",6232,6467,5918,6662,4799,5990,6307,5287,7714,6187,4958
"AC104841.2",9,3,7,7,8,9,19,13,10,11,8
"AP1S2",847,919,762,865,590,834,865,642,878,736,517
"NPIPB15",97,100,82,82,47,100,84,83,83,90,92
"ZNF548",236,240,231,190,136,259,289,182,222,226,206
"SDR16C5",456,424,379,414,284,483,401,428,557,421,434
"AP1B1",3599,3988,4338,4184,4290,2997,4444,3032,4161,5516,2935
"GNA12",2166,2432,2689,2598,2572,2048,2817,1866,2699,3020,1826
"CCDC14",1938,1802,1872,1353,911,2040,1830,1560,1798,1546,1379
"TMEM167A",3098,3401,3240,3130,2542,3134,3391,2456,3645,3628,2540
"RPS27",11910,13082,9411,13446,7164,11289,10514,9337,13772,11529,9037
"SGOL2",1392,1180,1381,1265,860,1138,1456,1016,1370,1298,965
"ACTR3",7207,8821,8338,8935,7097,8177,9705,6691,11044,11796,7458
"CSTA",51,90,58,89,46,82,67,74,105,96,80
"SLC38A6",283,260,294,194,239,366,313,266,392,314,211
"HCFC1",10059,14504,13323,15754,15259,9023,13466,8248,11604,16105,9191
"KCNG1",236,284,379,345,522,178,304,258,278,303,197
"MRP63",944,1059,1017,1051,938,817,1085,772,1209,1290,688
"MAGEA9",0,0,0,0,0,0,0,0,0,0,0
"ASCL4",0,0,0,0,0,0,0,0,0,0,0
"ETV2",6,7,9,5,7,2,4,5,4,10,3
"RBM15",1307,1517,1387,1449,1072,1424,1334,1057,1484,1359,1036
"CEPT1",1763,1432,1746,1363,1227,1903,1726,1362,1837,1517,1112
"CLDN3",6,1,7,7,10,2,4,2,16,23,9
"NXN",112,73,126,153,182,78,88,43,162,190,81
"TSPO2",0,0,0,0,0,0,0,1,0,0,0
"CCDC42",0,0,0,0,0,0,0,0,0,0,0
"NBEAL2",1921,2142,2034,1977,2119,1866,2072,1832,2455,2479,2021
"CSRP1",3653,4679,4370,5435,4270,3892,4680,4007,6003,6798,4551
"AURKC",8,7,8,8,5,10,4,3,9,8,3
"BLMH",2934,3149,3204,3039,2516,2653,3642,2313,3109,3486,1960
"KLF2",17,23,17,25,35,23,18,10,20,31,15
"MUC12",1,0,0,1,0,1,3,0,1,3,1
"TRIB2",75,64,115,62,96,73,91,74,70,56,34
"MIA3",2658,2808,2852,2406,1849,3092,2844,2713,2787,2324,2107
"ASB14",2,3,1,5,1,1,2,2,3,2,1
"RIOK2",875,903,954,1038,619,866,1032,722,1174,1195,786
"MMP20",0,0,0,0,0,0,1,0,0,0,0
"KLK3",0,0,0,0,0,0,0,0,0,0,0
"CNIH4",3504,3590,2671,3414,2014,3578,2687,2918,4447,2848,2839
"SLC17A7",5,3,6,8,7,1,7,1,4,6,2
"BACH2",19,17,24,19,27,27,32,17,37,28,25
"IFITM10",5,6,0,2,6,6,7,2,8,5,4
"INO80D",1215,1481,1130,1382,717,1353,1211,733,1379,1079,879
"LCE5A",0,0,0,0,0,0,0,0,0,0,0
"NFXL1",602,697,600,594,457,488,735,383,649,621,470
"ITIH6",0,0,0,0,0,0,0,0,0,0,0
"FRMD3",52,51,41,55,44,52,49,28,50,54,48
"DDX39A",3304,3789,2957,3706,2691,2467,3367,2298,3856,3618,2607
"TPTE",0,0,0,0,0,0,0,0,0,0,0
"GPR183",0,0,0,0,0,0,0,0,0,1,0
"OR4C6",0,0,0,0,0,0,0,0,0,0,0
"LAG3",35,41,34,27,33,52,29,29,54,62,53
"S1PR4",1,5,5,12,13,11,3,5,22,13,24
"KIAA0907",2712,1929,1924,1502,1211,2144,2108,1612,2150,1828,1886
"CNTN6",1,0,0,0,1,0,0,0,0,0,0
"TTC37",3367,3668,4140,3160,2412,3706,4514,2914,3707,4104,2423
"HOGA1",0,1,0,0,0,1,0,2,0,0,0
"ZKSCAN3",440,324,366,162,210,404,374,238,283,249,165
"GRIN3A",0,0,0,0,0,0,0,0,0,0,0
"SNX13",1316,1506,1458,1397,988,1578,1344,1340,1692,1416,1195
"SRSF10",6735,6918,6043,6123,4654,6543,6768,4605,7350,6833,4886
"SETD6",1623,1754,1423,1406,969,1524,1591,1101,1708,1543,1277
"SP110",342,393,480,314,290,336,527,324,291,403,335
"T",0,0,0,0,0,0,0,0,0,0,0
"IRF8",0,0,0,0,0,0,1,0,0,0,0
"ZNF428",321,388,319,412,347,294,351,279,276,353,261
"LYN",1493,1637,1578,1697,1439,1372,1804,1467,1945,2188,1520
"FAM204A",1222,1439,1020,1350,734,1219,1158,1037,1420,1154,1082
"NAB1",1205,1414,1307,1299,952,1358,1308,986,1409,1264,899
"MMAA",64,57,107,73,80,57,82,56,105,119,58
"ASGR2",0,0,0,0,0,0,0,0,0,0,0
"ARHGEF28",716,680,824,590,458,742,944,665,848,905,601
"RP11-758M4.1",1,6,0,4,0,6,1,0,2,6,3
"SPATA31E1",0,0,0,0,0,0,0,0,0,0,0
"ZNF341",238,184,253,205,221,169,230,207,239,289,190
"LTV1",3701,4101,3938,4530,2798,3122,4273,2875,3856,4497,3150
"SGPL1",2306,2760,2543,2993,2214,2281,2606,2079,3145,3031,2311
"SGMS1",664,703,543,667,516,609,653,556,819,624,510
"HSD17B13",0,1,1,0,0,0,0,1,0,0,0
"KRTAP19-4",0,0,0,0,0,0,0,0,0,0,0
"BDKRB2",0,2,2,1,1,1,2,0,1,1,3
"APH1B",107,120,105,92,83,181,119,131,123,104,105
"CPNE1",6368,6732,7033,6332,5834,5924,7390,5409,7756,7788,5100
"IPO11",2367,2870,2926,2747,2050,2185,3437,1886,2983,3508,1899
"POLDIP2",6992,8039,7670,7942,6817,5602,7972,5790,7396,8331,5151
"NHLRC1",8,8,5,20,10,4,6,4,15,7,12
"SLC30A10",4,2,2,5,2,0,2,3,7,1,1
"SOX18",1,0,2,0,4,1,0,1,3,3,1
"COX19",464,622,458,679,477,456,593,435,683,690,524
"GATA4",0,0,0,0,0,0,0,0,0,0,0
"ZRSR1",83,68,78,77,64,65,60,54,97,104,61
"CLDN9",64,51,54,38,65,40,41,48,46,63,42
"NLGN2",1101,1205,1551,1237,1534,1486,1162,1367,1183,1175,955
"SEMA4G",27,14,45,17,39,36,29,38,11,25,13
"DMXL2",1427,1577,1881,1339,1015,2047,1950,1343,1770,1962,1328
"GOLGA8R",3,1,1,1,0,4,3,3,0,4,1
"MRPL35",3085,3538,3456,3635,2575,3000,3882,2596,3833,4028,2596
"THY1",0,0,0,0,0,0,0,0,0,0,0
"ZNF654",261,344,298,365,188,358,301,205,440,392,279
"DEFB124",0,0,0,0,0,0,0,0,0,0,0
"S100A7L2",0,0,0,0,0,0,0,0,0,0,0
"ASTN1",2,0,1,0,2,0,1,1,1,4,1
"MGAT3",0,0,1,1,1,2,0,1,2,7,2
"SOD3",0,0,0,0,1,0,0,0,0,0,0
"UQCC2",1478,1482,926,1394,603,1259,969,1076,1374,1014,882
"RAB33B",274,284,240,220,272,278,301,183,305,273,170
"DHX36",5931,6858,7122,7251,4660,5912,7617,4977,7462,7987,5072
"OSGIN1",151,181,97,215,96,72,116,90,143,237,140
"ADM",180,222,272,255,234,221,239,244,346,281,238
"TRAPPC2P1",64,59,38,51,29,52,49,49,62,46,48
"AC024257.1",0,0,0,0,0,0,0,0,1,0,0
"TSPAN9",307,351,453,317,357,334,290,320,287,240,205
"PDPN",0,0,0,0,0,0,0,0,0,0,0
"ADCK2",319,424,362,450,422,285,401,328,451,463,307
"IL1R1",100,110,142,75,75,113,114,100,97,95,74
"OLFML2A",14,15,18,38,43,35,13,17,64,56,33
"CYP4F2",0,1,0,0,2,0,2,1,1,1,2
"ZPBP2",0,0,0,0,0,0,0,0,0,1,0
"COLEC12",0,0,0,0,0,0,0,0,0,0,0
"SLC4A3",450,443,467,383,381,407,461,423,471,477,432
"WDR33",3234,3755,3465,3845,2602,2894,3586,2771,3716,3917,2841
"COPS7A",2041,2321,2327,2157,2280,1801,2318,1830,2133,2371,1486
"RNGTT",1347,1519,1621,1599,1203,1500,1781,1159,1751,1863,1152
"FGD5",0,0,0,1,0,0,1,0,0,0,0
"NR4A2",351,306,440,305,395,518,349,353,366,310,221
"SLC22A18",229,216,259,198,336,245,231,281,245,287,205
"AMFR",2036,2286,2274,2309,2100,2072,2290,1981,2744,2725,1914
"ERMN",0,0,0,0,0,0,0,0,0,0,1
"PRDX6",7808,8495,8706,8445,6696,7208,8892,6560,8625,8831,5579
"FAM71F1",199,220,188,191,116,239,187,149,232,211,230
"SYT7",71,75,119,122,187,107,96,80,204,285,144
"RP11-680G10.1",0,1,0,1,1,1,1,1,2,2,1
"GIPC3",0,0,0,1,0,0,0,0,0,0,0
"PRRG1",925,979,1066,1011,844,1112,1145,905,1383,1167,859
"NEDD4",988,1285,1079,1291,807,1165,1376,886,1558,1566,985
"OVOL3",3,2,2,1,3,1,1,5,2,4,3
"FOXL2",15,9,26,32,26,11,17,18,36,46,27
"UGT2A3",0,0,0,0,0,0,0,0,0,0,0
"TMCC1",545,612,682,627,569,655,674,508,845,735,579
"TRIM29",2482,2412,2706,3090,3096,1894,2808,1902,3362,5152,2688
"TMEM44",351,315,367,275,259,433,363,329,417,343,281
"GKN1",0,0,0,1,0,1,0,1,0,0,0
"PXDNL",30,26,37,26,19,33,31,30,61,67,42
"TAS2R5",14,19,4,10,7,10,13,12,9,14,14
"SPIB",1,1,0,0,1,3,0,1,0,1,2
"OR4S1",0,0,0,0,0,0,0,0,0,0,0
"GJC2",82,72,74,77,102,85,92,49,94,120,50
"DCTN2",2405,2866,2898,2790,2335,2436,2768,2446,3047,3169,2118
"PMP2",0,0,0,0,0,0,0,0,0,0,0
"ATP5SL",917,1293,1073,1196,1063,827,1154,821,1099,1282,726
"SALL1",0,0,0,0,0,0,0,0,0,0,0
"C9orf142",957,1000,865,953,835,681,855,730,884,935,589
"GDPD5",69,93,100,88,103,81,93,115,154,144,125
"CDC73",2841,3424,3202,3283,2568,2712,3532,2144,3359,3934,2254
"HSPA1B",7891,4019,6530,4085,7798,4822,7118,3433,6452,7268,3791
"OR52E2",0,0,0,0,0,0,0,0,0,0,0
"CELA2B",0,0,0,0,0,0,0,0,0,2,0
"WNT9B",0,0,0,0,0,0,0,0,0,0,0
"KIAA1715",1230,1454,1203,1140,945,1385,1187,1108,1566,1146,956
"CDKN1C",0,0,0,3,0,0,0,0,1,0,4
"FFAR3",0,0,0,0,0,0,0,0,0,0,0
"RPS7",27264,29032,16450,28636,11715,25186,18750,21509,33099,20465,21452
"UBTF",4931,5518,5957,6373,5681,4115,6184,3947,5580,6604,4569
"TTC21B",688,715,839,644,481,751,933,578,765,850,499
"CSRNP2",632,678,612,825,583,649,671,543,864,829,628
"PYGO2",1587,1669,1912,1586,1863,1300,1806,1384,1542,1822,1297
"RAPGEF5",534,570,722,605,547,648,769,583,717,773,565
"GRM7",0,0,0,0,0,0,0,0,0,0,0
"GNL3",4150,4339,4683,4841,3506,3817,5181,3544,4850,5175,3719
"ZNF121",971,958,953,887,482,1014,1024,730,1043,1017,877
"DMRTA2",1,4,2,8,3,0,3,3,8,15,2
"HINT3",1613,1614,1907,1334,1223,2075,1857,1588,1789,1595,1201
"ASRGL1",0,0,0,0,0,1,0,0,1,0,0
"CEP85L",176,242,246,206,142,255,262,179,210,183,171
"MYO1B",3048,3859,3785,4586,2943,3344,4520,2942,5048,5993,3880
"OR51G2",0,0,0,0,0,0,0,0,0,0,0
"TMEM53",129,183,205,142,191,168,190,196,208,189,110
"RP11-553A10.1",6,4,5,4,4,5,5,8,2,2,2
"USP17L30",0,0,0,0,0,0,0,0,0,0,0
"DKK1",3035,4049,2037,4020,1884,2668,2692,2225,4860,3212,2839
"PDK2",243,205,328,155,269,227,225,249,171,214,118
"UNC5B",52,48,73,97,114,55,47,70,115,149,90
"ARRDC5",3,1,3,2,3,3,1,2,5,3,3
"ASB15",0,0,0,0,1,0,0,0,0,0,0
"MRPS18C",1101,1217,722,1151,617,938,864,806,1279,938,873
"MEGF10",1,2,3,3,0,3,0,3,3,8,1
"TCTE3",38,36,42,28,28,32,32,34,26,25,29
"KRTAP22-2",0,0,0,0,0,0,0,0,0,0,0
"RAB9B",18,8,24,18,18,26,20,12,34,38,24
"OR51G1",0,0,0,0,0,0,0,0,0,0,0
"S100A3",230,193,197,165,97,228,194,221,269,238,223
"ZBTB33",1199,1184,1394,1041,971,1276,1448,868,1383,1265,879
"SH2B1",2281,2341,2443,2023,2263,2081,2104,1867,2027,2090,1710
"FAM174A",202,188,206,201,255,207,224,205,176,165,123
"OXTR",48,34,39,43,38,52,46,30,63,97,40
"CHADL",2,1,2,6,1,6,0,2,5,2,1
"CTC-454I21.3",0,0,0,0,0,0,0,0,0,0,0
"H3F3A",7638,8043,8109,8565,7798,6847,8259,6322,9514,9483,6232
"PNLIPRP1",0,0,0,0,0,0,0,0,0,0,0
"IP6K2",1424,1554,1419,1558,1031,1399,1467,1159,1603,1525,1242
"ARHGAP15",1,1,0,0,1,0,0,1,1,0,0
"NAT8",0,0,0,0,0,0,0,0,0,0,0
"KIAA1109",1621,1936,1852,1768,945,2489,1848,1512,2111,1669,1428
"TOP1",16675,16479,19798,15669,12470,14400,20762,11622,14676,18597,11758
"CPSF3",4693,5297,5743,4894,3488,4611,5969,4064,5405,5774,3544
"ZNF747",635,787,670,843,728,558,780,565,745,873,581
"SEMG2",1,0,0,0,0,0,0,0,0,0,0
"SLC44A3",255,277,285,290,238,316,314,321,373,437,282
"MGST3",1156,1121,973,1150,895,1194,991,1044,1540,1350,1030
"MLIP",3,3,2,1,1,1,2,3,4,3,2
"SLC35A2",2142,2454,2152,2518,2391,2001,2232,1871,2511,2772,1948
"DECR2",311,315,304,295,317,310,293,330,389,327,257
"MEIS2",536,632,697,583,458,536,691,494,599,626,433
"WTAP",3861,4596,3588,4887,3096,3674,4013,3169,5040,4685,3532
"SNX5",7674,8832,7210,8843,5075,6509,8227,6074,8854,8620,6319
"PKMYT1",1989,2795,2157,2608,2197,1516,2022,1843,2215,2132,1748
"ACOT1",0,0,0,1,0,0,0,0,0,0,1
"ADCY6",1664,1196,1582,1054,1383,1643,1433,1271,1334,1281,984
"TRMT61B",433,473,577,479,362,463,559,366,565,547,341
"ETAA1",1279,1369,1534,1188,925,1586,1444,1297,1287,1153,1004
"TTC16",2,2,2,1,4,0,1,2,3,5,3
"APOBEC3H",12,4,19,5,0,32,15,28,6,2,2
"TMEM252",0,0,0,0,0,0,0,0,0,0,0
"AC005606.1",0,0,0,0,0,0,0,0,0,0,0
"TFAM",5295,6504,5229,6394,3938,5390,5366,3921,6192,5160,3843
"FOXE1",105,95,80,167,196,100,101,93,264,225,177
"ACCSL",0,0,0,1,0,0,0,0,0,0,0
"CLEC4F",6,0,3,2,0,3,2,3,0,4,0
"RPP21",2,0,0,0,2,0,1,0,0,0,0
"ZNF688",237,277,255,244,239,232,258,216,200,251,194
"COL14A1",2,0,3,2,0,0,1,0,0,0,0
"SLC22A13",2,5,3,4,1,4,5,2,7,6,8
"FAM134A",1950,2105,2039,1791,1720,1768,2008,1700,1976,1940,1383
"MCTP1",1060,1101,1371,881,836,1284,1349,979,1078,1134,693
"BPHL",495,548,628,418,387,640,554,605,680,536,429
"HRH1",730,656,600,655,376,636,691,496,728,672,435
"CBR4",932,870,1137,807,896,1038,1062,840,974,917,663
"TM4SF2",0,0,0,0,0,0,0,0,0,0,0
"E2F1",2194,2961,2560,2979,2550,2129,2632,2096,2811,2835,2083
"TNFSF12-TNFSF13",0,0,0,0,0,0,0,0,0,0,0
"AC135178.1",43,32,24,18,9,46,24,28,26,25,30
"AMD1",6228,7184,6064,6911,4781,5874,6485,4817,7710,6319,4853
"VMA21",3041,3143,3027,3076,2779,2886,3216,2369,3496,3191,2294
"RIPPLY2",58,42,42,28,24,46,52,39,63,28,41
"GIGYF1",3555,3612,3224,2974,2941,3370,2961,3068,3396,2691,2957
"SRRM4",0,0,0,0,0,0,0,0,0,0,0
"CSH1",0,0,0,0,0,0,0,0,0,0,0
"NOS3",2,10,11,9,7,2,7,1,9,16,2
"PUM1",4631,5094,5525,4770,4452,5148,5553,3832,5835,5853,3852
"PI3",2248,2377,1789,3692,2793,1567,2598,1183,3795,5592,2497
"TRAT1",0,0,0,0,0,0,0,0,0,0,0
"HIST1H2BD",235,243,205,213,134,204,301,116,278,381,188
"UBE2F",1719,1943,1797,1879,1328,1765,2071,1417,2029,1907,1283
"MT-ND4L",26858,27689,20585,23643,12121,33344,22055,25209,38524,20119,24904
"C10orf111",4,6,7,4,4,6,8,8,2,5,4
"MUS81",1012,940,956,881,888,781,1013,749,1001,1159,751
"OR2C1",0,0,0,0,0,0,0,0,0,0,0
"CPLX4",0,1,0,1,1,0,0,0,1,0,0
"RALGPS1",66,40,84,58,50,91,73,65,45,72,35
"POU2F3",34,19,27,22,47,40,37,33,33,71,32
"MAGEB6",0,0,0,0,0,0,0,0,0,0,0
"ING3",459,527,423,528,254,335,498,324,483,546,343
"TNNC1",1,0,3,1,1,1,0,0,6,1,4
"DHX15",10572,11633,12131,12113,9174,10937,13663,8411,13282,13792,8715
"MBIP",538,554,550,647,393,540,580,504,654,622,452
"ABI3BP",1,0,9,4,1,2,8,4,1,2,4
"HIAT1",3047,3715,3032,3748,2592,3466,3099,2840,4265,3262,2664
"PER2",719,868,570,774,531,646,723,453,698,695,457
"RELL2",588,653,572,613,560,543,545,563,738,655,606
"IL13RA2",184,175,115,87,61,202,168,146,134,84,89
"CBX1",4100,4299,4784,4467,3703,4126,5072,3344,4612,4976,3076
"BTBD6",1046,1283,929,1112,871,738,1174,733,1224,1290,726
"ETV4",4042,4354,4910,4715,4592,3671,4978,3896,4576,5342,3648
"PDLIM3",37,33,53,43,38,25,27,25,28,41,17
"BAZ1B",9521,11039,10857,11857,8314,9084,12046,7307,11681,12850,8246
"MTX2",978,1152,1223,1211,907,989,1355,866,1244,1453,840
"TTC38",881,982,973,788,850,855,1039,752,871,904,518
"NAPA",1908,2007,1829,2068,2064,1560,1930,1467,2162,2239,1494
"TXLNB",26,18,30,17,22,48,21,16,20,20,14
"NECAP1",879,861,914,793,694,692,1062,695,917,1154,688
"HOMER1",1322,1578,1678,1513,1270,1424,1630,1027,1421,1499,885
"SH3BGRL2",364,390,567,260,296,505,645,373,300,330,186
"PIGY",0,0,0,0,0,0,0,0,0,0,0
"ARHGEF17",819,927,934,991,856,941,752,878,941,953,759
"GRHL3",5,6,6,22,13,8,6,8,32,79,43
"RRP15",3828,4656,4254,4920,3075,3712,4814,3030,4584,4921,3546
"FSHR",0,0,0,0,0,0,0,0,0,0,0
"MPG",841,887,808,895,997,758,835,731,943,836,734
"ECM1",123,105,119,118,117,103,110,126,212,307,193
"MPZ",11,3,5,1,1,6,5,4,7,4,5
"CHTOP",3218,3487,3294,3316,2782,2893,3733,2566,3378,3630,2645
"TMEM196",0,0,0,0,0,0,0,0,0,0,0
"APOPT1",307,387,307,384,244,268,376,255,412,422,269
"SHPRH",1371,1498,1510,1306,1119,1533,1808,1161,1527,1580,1006
"SFXN2",189,239,177,233,146,138,199,195,181,226,171
"AL031663.2",0,1,1,1,0,2,0,1,4,3,1
"MADCAM1",6,11,5,6,8,9,5,5,5,7,8
"POU6F1",38,25,41,30,30,41,27,32,35,44,34
"TAX1BP3",2436,3053,2223,3164,2092,2169,2554,2264,3498,3188,2330
"MRPL23",1219,1287,1165,1303,1554,1097,1166,1041,1277,1227,825
"CXorf64",0,0,0,0,0,0,0,0,0,0,0
"OR5B3",0,0,0,0,0,0,0,0,0,0,0
"RBAK",982,1052,968,1064,543,981,1007,696,1124,1029,778
"RUNX1",2211,3147,2143,3611,2500,1986,2793,1884,3443,3978,2634
"RFT1",734,802,743,738,664,606,864,608,697,755,461
"CLCF1",735,1015,585,951,614,610,768,530,1019,1227,854
"CLEC2A",0,0,0,0,0,0,0,0,0,0,0
"SRPR",4520,5164,4716,5659,4195,4074,5155,4309,5743,5859,4313
"MPP1",218,297,292,333,280,258,326,270,350,487,268
"OR52M1",0,0,0,0,0,0,0,0,0,0,0
"AP001024.1",0,0,0,0,0,0,0,0,0,0,0
"ITK",0,1,0,0,0,1,0,0,0,0,0
"TBPL1",758,775,693,697,420,772,799,556,894,773,510
"AKAP5",26,29,11,22,16,27,25,11,24,16,10
"OLIG1",0,0,0,0,0,0,0,0,0,0,0
"HEBP2",2441,2575,2510,2550,2041,2527,2696,2253,3059,2985,1984
"SPTAN1",7934,8803,7047,8952,5515,7899,8459,5792,10377,10563,7131
"C15ORF37",0,0,0,0,0,0,0,0,0,0,0
"AL121895.1",0,0,0,0,0,0,0,0,0,0,0
"CRY2",452,475,316,431,292,322,382,309,435,436,333
"CDV3",7679,9316,8712,10801,7758,7613,10528,6321,11089,12445,7899
"CD3D",0,0,1,0,0,0,0,0,0,0,0
"SMIM19",794,844,702,806,517,802,677,854,871,642,614
"SHISA8",0,0,0,0,0,0,0,0,0,0,0
"ZNF337",681,645,733,515,490,778,718,616,748,667,570
"GPR25",0,0,0,0,0,1,0,0,0,0,0
"CKAP5",11514,13061,13713,13448,8855,11354,14628,9609,13918,15936,9795
"PDIA2",6,2,5,2,7,15,9,8,12,17,12
"BIRC7",0,0,0,0,0,0,0,0,0,0,0
"GAGE12B",0,0,0,0,0,0,0,0,0,0,0
"TIGD1",230,240,230,217,177,198,203,219,213,213,188
"LYPD3",871,892,729,1075,914,644,749,673,1133,1251,899
"CHURC1-FNTB",0,0,0,0,0,0,0,0,0,0,0
"FAM156A",90,84,59,56,51,71,78,57,84,41,54
"MAP4K4",7672,9562,9569,10046,8191,7408,11812,7121,10543,14744,8485
"MEFV",278,149,420,88,246,293,383,254,119,133,73
"POLN",20,18,15,16,17,18,25,18,25,17,10
"PLA2G5",0,0,0,0,0,0,0,1,0,1,0
"CCDC15",436,432,522,475,327,350,552,370,521,639,412
"LCMT1",1142,1340,1192,1190,939,1075,1272,966,1365,1444,891
"INCA1",10,15,13,11,14,13,12,19,19,23,23
"AS3MT",25,41,34,31,24,41,33,59,38,39,19
"SLC11A1",5,10,5,9,8,8,6,8,14,7,8
"ZNF575",15,14,19,28,31,17,24,22,23,24,27
"PPP1R3C",0,0,3,1,0,0,0,0,1,0,0
"SIAE",1015,1049,1143,847,798,1087,1108,944,1084,971,676
"EMR1",2,2,4,5,1,4,1,0,4,6,4
"PRPF18",297,307,317,331,270,288,319,219,364,386,244
"LARP6",571,515,655,510,608,652,611,493,698,698,421
"FAM47A",0,0,0,0,0,0,0,0,0,0,0
"OR1B1",0,0,0,0,0,0,0,0,0,0,0
"CCDC144NL",0,0,0,0,0,0,0,0,0,0,0
"SLC44A1",4832,5484,4929,5299,3886,5300,5122,4360,6334,5304,4112
"CD1B",0,0,0,0,0,0,0,0,0,0,0
"LPPR1",0,0,0,0,0,0,0,0,0,0,0
"DAZ2",0,0,0,0,0,0,0,0,0,0,0
"AL136376.1",16,25,22,29,13,22,27,32,31,42,13
"DUX4L3",0,0,0,0,0,0,0,0,0,0,0
"ABCD1",2096,2457,2480,2602,2828,1840,2599,1928,2657,3450,2087
"CCDC140",0,0,0,0,0,0,0,0,0,0,0
"TAF5",923,946,1031,1009,889,864,1043,687,1263,1191,733
"BTD",347,388,403,369,227,442,378,380,450,396,282
"PCDHA11",0,0,1,0,0,0,1,0,0,1,0
"CCDC40",48,43,47,31,38,46,41,37,27,31,21
"SLC4A1",0,1,0,0,0,0,0,0,0,0,0
"PHYHIP",52,66,58,92,99,52,60,68,104,112,80
"ZNF282",1452,1640,1577,1756,1709,1198,1680,1143,1748,1900,1151
"EPS15L1",1273,1401,1659,1428,1385,1286,1767,1137,1643,2010,1147
"KCNQ2",0,0,0,0,0,0,0,0,0,0,0
"HMGB2",15304,15722,15442,16447,11566,14179,14727,12358,14791,13611,11676
"ZNF587B",583,723,554,698,406,498,669,516,710,774,654
"RAB39A",0,0,0,4,3,0,1,0,1,1,0
"C16orf59",393,436,343,355,374,270,374,279,356,364,230
"OPA1",10448,12399,13204,12761,8961,11635,13418,10317,14067,13417,9901
"LXN",77,85,69,87,59,108,57,99,147,136,113
"COASY",5263,5579,6199,5011,5415,4777,6443,4522,5584,6043,3628
"HNRNPA2B1",61549,65343,67469,63191,53421,63505,77176,43634,62717,75179,44844
"CCL5",1,2,1,3,1,0,1,2,2,4,7
"NKD1",17,16,22,18,37,16,37,21,17,20,15
"HIRA",5678,6456,6696,6342,5718,5153,6967,4642,6786,6933,4329
"C8orf22",0,0,0,0,0,0,0,0,0,0,0
"IFT140",305,348,384,425,427,401,324,310,459,440,317
"SHC2",6,6,14,12,10,16,11,16,39,50,42
"C17orf64",0,0,1,0,2,0,0,1,0,1,0
"SERPINE2",4761,4579,4547,4828,4294,4332,4953,3481,5822,5345,3474
"SCRN1",6640,7117,8861,7485,6605,6826,9112,6618,8111,9697,6024
"TMEM104",615,816,720,712,761,588,706,629,656,720,500
"TOP2A",19646,20715,20748,21126,12554,18705,21499,15216,21982,22431,15342
"BAI2",73,49,79,86,152,66,67,82,149,182,95
"SLC25A26",907,1123,901,1077,969,869,939,895,1054,970,675
"FAM27E3",119,107,113,156,92,80,129,90,104,117,96
"AARD",849,1072,951,1184,983,1166,952,827,1332,955,913
"KRTAP17-1",0,0,0,0,0,0,0,0,0,0,0
"SNX19",1149,1195,1180,1205,912,1132,1313,853,1367,1484,926
"LRAT",950,1254,928,1179,798,1055,1281,792,1601,1299,883
"CDH20",0,0,0,0,0,0,0,0,0,0,0
"AC103809.2",0,0,0,0,0,0,0,0,0,0,0
"YJEFN3",33,16,9,12,7,11,9,18,16,17,11
"PSD2",1,0,0,0,0,2,0,0,0,0,0
"HSD17B3",0,0,1,0,0,0,0,0,0,0,1
"RTP1",0,0,0,0,0,0,0,0,0,0,0
"PIGH",101,123,105,104,77,128,122,113,128,76,82
"COL4A5",1676,1485,1604,1048,921,1896,1542,1454,1268,1138,975
"SPOCK3",1,0,0,0,0,0,0,0,0,0,0
"MRPS27",4345,5116,5426,4984,4490,4053,5891,3721,5081,5712,3229
"RPH3A",0,0,0,0,0,0,0,0,1,1,0
"THSD7B",30,19,21,17,18,35,27,17,9,17,15
"LRRC37A3",26,29,24,32,23,21,24,26,23,45,34
"CTSE",24,20,12,26,13,8,18,12,16,14,14
"APLN",2,15,19,30,34,10,11,21,24,12,14
"ARMS2",0,0,0,0,0,1,0,0,0,0,0
"MPP5",1413,1552,1501,1628,1160,1468,1609,1184,1756,1860,1137
"TAS2R50",0,0,0,1,1,1,1,0,1,0,0
"NCOR2",12217,14863,17201,15213,19023,11339,15891,12120,12833,16419,10885
"ZNF292",1295,1719,1446,1640,894,1816,1381,1189,1896,1570,1172
"EDN2",0,1,2,2,2,0,0,2,0,2,3
"ATP1A2",5,4,0,1,1,0,0,4,0,0,2
"UNC119",766,744,725,668,695,709,706,655,787,658,620
"METTL15",848,858,1090,685,671,867,1030,683,731,799,470
"DNAJC5",5764,6774,6896,7149,7045,5089,7298,4847,7190,8241,4781
"BSND",0,0,0,1,2,0,0,1,0,0,1
"MOCS3",685,746,716,785,720,664,834,561,922,967,610
"RPF2",2249,2507,2284,2946,1777,1915,2630,1503,2717,2914,1819
"MINA",3081,3248,3365,3154,2423,2591,3926,2166,3286,4000,2212
"MDFI",849,987,794,1016,835,661,885,707,897,968,689
"PSEN2",628,866,692,741,631,681,832,748,775,782,618
"AKAP1",4216,4729,4163,4710,3929,4119,4041,3477,5164,4460,3679
"TTR",0,0,0,0,0,0,0,0,0,0,0
"ARHGEF7",1674,1904,1885,1925,1492,1743,2088,1583,2174,2297,1569
"USO1",6198,6552,7116,6945,4649,6701,7648,5343,7994,8822,5306
"TMEM222",907,1139,893,1092,796,788,917,806,1083,946,729
"OR8S1",0,0,0,0,0,0,0,0,0,0,0
"C14orf79",278,315,308,254,253,269,279,241,291,265,202
"RHOV",370,491,505,648,566,460,577,437,585,883,492
"IL6ST",3686,4286,2953,4429,1869,3501,3486,2695,4997,4416,3245
"PXMP2",28,41,21,54,33,33,23,27,44,26,26
"FEM1A",1747,2018,1988,2198,2082,1423,2243,1467,2259,2715,1412
"CHAC2",897,987,709,909,645,766,755,519,987,832,583
"FGFR1OP",1357,1501,1321,1387,812,1179,1519,978,1349,1500,1050
"EIF4EBP1",1977,2596,2299,2830,2835,1872,2386,1987,2636,2569,1731
"TPI1",29919,35518,33513,37948,31805,26998,35395,26267,39254,39577,26764
"AC104794.4",0,0,0,0,0,0,0,0,0,0,0
"PDXDC1",5435,6170,6769,6299,5265,5640,7380,4967,6869,8285,4914
"SLC7A3",0,0,0,0,0,0,0,0,0,0,0
"TREH",0,0,2,0,1,0,2,1,0,0,1
"GPRASP1",29,28,29,40,23,26,14,22,38,38,39
"MYCN",0,0,0,0,0,0,0,0,0,0,0
"C1orf173",4,1,1,2,2,0,5,0,0,0,4
"DLL1",0,0,0,0,0,0,0,0,0,0,0
"AR",26,15,34,9,33,28,23,27,13,15,5
"ABCD3",4384,5232,5117,5118,3935,5063,5507,3898,5538,5555,3411
"LILRB2",1,0,0,0,0,0,0,0,0,0,0
"LEPR",431,472,550,412,360,655,515,495,611,454,361
"SH2D3C",1,0,0,1,7,3,0,4,5,8,2
"DHRS2",24,27,22,21,17,11,22,26,35,44,25
"KCNH4",0,0,0,2,0,1,0,0,0,0,0
"SLFN5",783,964,1130,1161,845,908,1287,1075,1793,2666,1658
"AP3B1",2472,2855,3323,2940,2272,2930,3331,2551,3440,3984,2540
"TRIM54",3,4,2,2,3,4,1,2,7,4,2
"INPP4A",428,434,547,366,412,435,540,443,480,699,398
"KIF13B",1034,1165,1455,1044,1043,1237,1556,1206,1333,1770,1055
"KIF3A",1042,1094,1173,886,665,1232,1159,793,997,966,620
"NIPSNAP3A",538,590,480,417,312,526,496,437,598,456,357
"TSSK1B",0,0,1,0,0,0,0,0,0,0,0
"URB2",4695,5161,4939,5450,4476,3769,5530,3356,5923,6272,3646
"MFSD2A",1953,2012,2391,1870,2289,2468,1733,2016,2135,1545,1436
"ZDHHC6",2170,2192,2297,2283,1643,2322,2543,2003,3026,2700,1944
"VAV1",25,22,37,37,17,28,30,25,33,27,25
"ANKRD66",0,0,0,0,0,1,0,0,0,0,0
"RAD17",1037,1165,1127,1109,774,1070,1243,842,1242,1294,810
"CIDEB",27,21,17,39,29,26,29,17,34,47,32
"HMGN3",2761,3098,2051,2620,1664,2785,1888,2111,2378,1750,1760
"MPHOSPH10",2978,3102,3187,3411,2314,2535,3493,2281,3193,3526,2499
"SLC22A5",1227,1436,1106,1303,895,999,1230,944,1303,1146,1021
"RBM45",385,459,432,420,249,346,478,319,426,481,269
"TCN2",4,1,0,1,1,1,1,5,3,2,1
"FANCA",1842,1969,1775,2000,1692,1654,1918,1330,2031,2124,1466
"S100A9",99,114,100,94,66,77,77,82,106,93,64
"ZNF585A",250,258,246,223,148,278,243,196,250,255,168
"SAT1",3790,3281,3769,3413,2754,5166,3724,3682,6421,6862,4735
"ALDH3B1",995,1128,948,1203,1211,776,894,991,1395,1391,1061
"PLD3",1166,1258,1328,1230,1390,1211,1336,1155,1402,1453,861
"RHOXF2B",0,0,0,0,0,0,0,0,0,0,0
"IL6",14,9,7,23,11,15,9,18,57,37,57
"TIAM2",42,49,49,67,41,56,44,38,59,65,45
"CTC-273B12.7",0,0,0,0,0,0,0,0,0,0,0
"CLEC16A",780,862,1077,928,949,767,1028,684,1025,1355,758
"CYP7A1",0,1,0,1,0,0,0,0,0,1,0
"PPP1R14C",966,1035,1115,1146,1121,824,1354,821,1329,1918,1031
"LDHD",2,0,0,1,2,5,0,4,4,1,0
"ERF",2395,3167,2780,3344,3094,2259,2682,1956,2664,2789,1878
"FERMT1",5007,5917,5712,6421,4502,4238,7917,3779,7169,10444,4874
"AL591806.1",0,0,0,0,0,0,0,0,0,0,0
"NFKBIZ",298,238,206,221,160,308,247,250,416,364,456
"BAIAP3",12,6,11,6,11,14,11,13,6,7,6
"SH3BP2",977,1017,1058,1181,1136,1062,993,1145,1334,1344,1133
"SNRNP40",2943,3197,2992,3177,2474,2586,3373,2339,3238,3359,2152
"RPTOR",1878,2371,2434,2335,2409,1766,2445,1636,2006,2699,1333
"ZYX",3132,4209,3609,4794,4770,2523,3908,2993,4022,5263,3487
"CHRNB3",0,0,0,0,0,0,0,0,0,0,0
"SLC51A",2,2,5,4,4,1,2,7,4,2,5
"FAM133A",5,8,6,1,4,11,7,7,5,5,5
"SHISA2",215,178,149,201,121,130,188,70,196,129,110
"NPVF",0,0,0,0,0,0,0,0,0,0,0
"FAM171A1",1167,1370,1373,1408,1198,1075,1391,1154,1435,1416,1006
"SGTB",500,568,616,516,365,578,635,438,596,535,382
"PLA2G16",442,481,414,584,481,450,494,451,863,1081,617
"PDE5A",311,270,269,227,202,349,331,253,348,313,216
"CNTD1",1,2,3,8,3,3,1,2,7,8,4
"ADAMTSL2",0,0,0,0,0,0,0,0,0,0,0
"C11orf24",2407,3003,2613,3154,2783,1996,2741,2070,3014,3018,2217
"ABHD2",3153,3668,3080,3634,2564,3350,3377,2900,4333,4342,3396
"NUBP1",849,1054,874,1238,777,706,1031,754,1139,1331,816
"FEZF2",0,0,0,0,0,0,0,0,0,0,0
"ALDH5A1",2813,2976,3807,2546,2605,3163,3544,2805,2717,2863,1935
"DBNDD2",1327,1456,1659,1946,1677,1274,1592,1455,2075,2308,1444
"RFXANK",923,945,882,892,720,799,959,751,887,962,555
"BBS7",618,781,682,732,523,755,798,562,754,845,484
"GINS1",2729,3225,2604,2818,2094,2706,2830,2302,3093,2539,2178
"FAM213A",2518,2670,3240,2945,2585,3323,3132,2813,3885,3518,2647
"PTPRJ",194,193,175,271,147,149,138,157,252,314,216
"PPFIBP1",1475,1594,1792,1428,1220,1455,2103,1165,1593,2111,1185
"ZNF707",392,460,338,466,331,329,377,325,469,505,356
"KRTAP19-2",0,0,0,0,0,0,0,0,0,0,0
"GPR82",0,0,0,0,0,0,0,0,0,0,0
"IMPAD1",5127,5932,5229,5741,4186,5922,5147,4693,6330,4729,4198
"MYRIP",0,0,0,2,0,0,0,0,0,1,0
"OSBPL7",371,317,279,238,225,290,298,288,339,430,321
"KRT81",101892,121192,122847,105523,117332,95010,121683,101851,112952,133115,88787
"TMEM190",5,2,11,1,2,9,6,12,9,2,4
"CYP26C1",0,0,0,0,0,0,1,0,0,0,0
"CYR61",1487,1791,889,2290,1029,1369,1429,1369,2055,1661,1763
"UBE2Q2",1404,1673,1602,1691,1185,1549,1690,1448,2048,1867,1532
"UXS1",1197,1335,1206,1312,1096,1137,1266,1069,1625,1431,1020
"C6orf141",623,496,503,478,305,531,527,428,548,625,495
"HOXA3",220,311,257,268,265,188,293,248,244,265,248
"ETFDH",794,853,946,665,606,837,1023,715,857,984,567
"FBXL2",105,75,106,94,88,151,104,100,121,146,90
"TTC34",2,0,1,1,1,0,0,0,1,5,0
"RP11-41O4.1",16,11,12,17,3,8,9,7,18,8,10
"HACE1",535,563,624,471,389,619,630,507,626,513,440
"OR52R1",0,0,0,0,0,0,0,0,0,0,0
"LDB1",1356,1331,1414,1158,1271,1314,1352,1276,1404,1348,1084
"CPSF2",4643,5215,5774,5441,4544,4757,6035,4080,5628,6138,3928
"CHMP4A",91,86,73,67,54,72,71,51,87,85,80
"NDUFS8",2472,2834,2274,2729,2496,1973,2386,1815,2696,2747,1754
"SRXN1",22,26,30,37,37,25,36,18,29,38,20
"CENPB",4246,5365,4646,5573,4700,3644,5212,3583,4911,5670,3440
"SLC35B2",2616,3242,2877,3530,3249,2592,2848,2634,3472,3468,2216
"SAMD8",1208,1166,1297,1302,1007,1410,1290,1106,1631,1282,1004
"AFAP1L2",159,163,120,234,168,146,160,118,210,316,146
"PDE6B",0,1,0,0,0,0,0,0,0,0,0
"RAD9A",840,797,684,659,591,737,691,642,734,651,627
"RBM33",2844,3095,3220,2839,2506,3053,3006,2395,3149,3046,2432
"FLG",0,0,0,0,1,0,0,0,0,0,0
"TTC7A",1173,1264,1515,1327,1421,1077,1412,1239,1316,1796,1094
"PPP1R15B",3398,3852,3477,3730,2740,3810,3416,2915,4423,3435,2877
"CCDC121",55,70,61,68,51,74,51,50,75,79,54
"CCNT2",1222,1215,980,1013,656,1204,1058,885,1414,1006,944
"MS4A12",0,0,0,0,0,0,0,0,0,0,0
"RNASE11",0,0,0,0,0,0,0,0,0,0,0
"RP4-559A3.7",0,1,0,0,0,0,0,0,0,0,0
"C12orf4",844,991,848,967,542,711,966,605,1029,1022,736
"GLRA4",0,0,0,0,0,0,0,0,1,1,0
"POLR2F",1627,1752,1269,1641,1351,1305,1559,1134,1688,1513,1087
"CCNC",5078,5432,3972,5285,2910,5393,4334,3920,6173,4134,3889
"ZNF283",320,345,308,254,190,288,395,240,316,341,228
"PCP2",4,6,13,12,21,13,9,11,13,22,23
"USP6",15,12,9,8,6,4,11,7,8,20,9
"XKR6",0,0,0,0,0,0,0,0,0,0,0
"ARID4B",3934,4072,4604,4193,2844,4656,4721,3117,5123,5174,3526
"METTL14",899,938,1029,833,633,934,1053,751,878,1015,656
"FIBIN",34,22,47,28,36,69,35,58,38,12,16
"DOCK3",79,127,98,107,84,106,121,77,118,153,106
"COQ7",625,760,711,610,546,609,754,533,609,734,389
"ASIC1",174,167,237,158,196,226,193,219,219,208,176
"QSOX1",3210,3582,3363,3524,3354,3140,3642,3298,4392,4644,3280
"NTN4",586,502,495,632,422,497,521,474,858,1024,720
"METTL16",3517,3855,3932,3813,3013,3133,4163,2701,3719,4150,2594
"GRIK2",144,137,148,151,116,187,202,154,210,274,139
"TPM3",13576,15588,14053,17090,13599,12849,15421,12003,17309,18006,13532
"GDE1",2373,2740,2725,2885,2067,2572,3090,2351,3386,3909,2530
"PRKCI",3619,3789,4247,3754,3725,3680,4617,2835,4684,4783,2913
"FCRL2",0,0,0,0,0,0,0,0,0,0,0
"TUBA3C",0,0,1,0,0,0,0,0,0,0,0
"STX19",2,2,4,4,1,2,2,5,15,14,4
"VGLL4",2285,2287,2489,2049,2189,2201,2590,1912,2575,2786,1682
"HIST2H2AB",1,3,6,5,1,0,2,0,4,6,1
"ATP13A5",0,0,0,0,0,2,0,0,1,0,0
"GYPA",0,0,0,0,0,0,0,0,0,0,0
"DNAH3",3,8,4,2,1,1,7,6,9,13,2
"CNTRL",1048,1224,1470,1181,809,1075,1270,984,1293,1320,1159
"CDKN2D",308,325,311,397,364,281,317,301,432,474,373
"EDC3",2628,2718,2815,2667,2339,2267,3095,1989,3025,3228,1920
"AL645922.1",0,0,0,0,0,0,0,0,0,0,0
"IFLTD1",1,3,0,0,2,1,1,0,1,3,1
"MAGEA3",4,9,6,5,6,5,5,2,4,13,3
"TMEM244",2,2,1,3,0,1,3,1,1,3,0
"TMEM179",0,0,0,0,0,0,0,0,0,0,0
"TRIP6",4598,5033,4885,5332,4875,3896,4833,4017,4798,5582,3787
"SMAD2",4853,5632,5862,5143,4149,5574,6022,4235,6016,5551,3749
"SPATC1",0,0,0,0,0,0,0,0,0,0,0
"CTD-2616J11.4",1,0,1,0,0,0,0,1,0,0,0
"ATP5J2-PTCD1",0,0,0,0,0,0,0,0,0,0,0
"PRR24",59,87,93,69,132,52,57,64,71,71,29
"PUM2",3465,3638,4073,3672,3055,3676,4305,2715,4256,4381,2729
"EZH2",2294,2841,2298,3081,1848,2347,2542,1966,3290,3336,2271
"TGM2",1851,2657,3191,3721,3384,2769,2431,2946,3086,2800,1967
"CHMP4B",5079,5554,5580,5595,4950,5101,6067,4571,5686,6627,4343
"ZNF30",43,26,34,24,28,37,45,33,39,39,28
"AP2S1",2662,2941,2435,3309,2455,2280,2764,2175,3574,3215,2176
"GOLPH3L",973,771,1158,751,738,905,1122,829,939,1063,669
"CLIP4",1547,1633,1659,1675,1379,1861,1982,1381,2547,3000,2029
"MKLN1",2490,2780,2869,2609,1874,2781,3034,2107,3094,2939,2031
"BTNL8",0,0,0,0,0,0,0,0,0,0,0
"AC110619.2",0,2,1,0,0,1,0,0,1,1,0
"CCR5",0,0,0,0,0,0,0,0,0,0,0
"CC2D1B",1354,1591,1359,1457,1204,1194,1382,1273,1630,1751,1275
"PRTFDC1",9,6,7,16,7,12,9,8,13,18,14
"AC019294.1",0,0,0,0,0,2,0,0,0,0,0
"GAL3ST1",0,0,2,0,0,0,0,0,0,0,1
"SYDE1",217,283,249,324,302,219,268,252,316,269,208
"EI24",6477,7437,6821,7782,6725,5419,6945,5531,7068,7487,5175
"IL17RC",501,489,656,354,537,603,483,581,437,494,324
"SIX6",0,0,0,0,0,0,0,0,0,0,0
"LRGUK",2,3,0,3,2,1,3,1,0,4,1
"KIF7",13,13,30,11,37,37,24,26,33,63,35
"KRT80",4496,5438,4714,7028,5691,3732,4924,3753,5968,7797,4979
"VTCN1",0,6,1,3,1,1,1,1,5,14,8
"YWHAQ",18036,20337,17875,21166,16006,16225,19504,14523,21654,20933,14020
"WBP2",3549,3393,4544,3146,4452,3150,4398,3451,3498,4523,3004
"FAM117B",608,643,781,622,601,637,789,490,609,621,372
"SERPINB2",40,54,24,144,51,41,59,38,303,570,343
"DSCR3",1240,1490,1528,1134,1037,1498,1600,1311,1388,1336,907
"CHD9",2677,3127,3122,3226,1958,3536,3163,2513,3748,3187,2590
"PABPC5",1,0,0,0,0,0,0,0,0,0,0
"HRH3",0,0,0,0,0,0,0,0,0,0,0
"C1orf68",0,0,0,0,0,0,0,0,0,0,0
"NLRP5",0,0,0,0,0,0,0,0,0,0,0
"KLK12",0,0,0,0,0,0,0,0,0,0,0
"ELP4",485,507,516,501,410,445,592,352,540,550,319
"PPP1R3G",16,15,25,20,37,23,20,17,25,21,11
"PCDHB11",1,1,1,1,1,0,1,1,3,0,0
"SCGB3A2",0,3,0,0,0,0,0,0,0,0,0
"TRIM58",197,214,216,240,223,130,231,149,203,330,157
"CCDC127",661,690,626,597,527,655,643,507,763,656,418
"FRS3",203,208,204,153,204,172,174,203,157,177,132
"RFC2",2054,2472,1988,2372,2036,1885,2349,1725,2596,2788,1718
"FAM105A",143,171,152,209,123,163,134,133,235,184,154
"SUSD4",41,55,55,48,52,40,34,36,48,59,46
"JMJD4",1686,2044,1691,2124,1748,1204,1957,1364,2060,2187,1320
"MTHFS",10,20,7,23,31,16,30,23,23,17,21
"ASB2",0,0,0,0,1,0,1,0,0,0,0
"WDR36",2774,3214,3236,3114,2496,2706,3790,2192,3408,3790,2362
"IMMP2L",414,571,626,461,528,620,653,540,528,567,357
"SFXN1",3406,3752,3440,3675,2893,3190,4077,2646,4221,4039,2700
"MMD",760,802,844,669,663,909,882,779,892,828,632
"LRRIQ3",158,135,117,87,64,131,111,112,85,74,51
"RP1-66C13.4",0,0,0,0,0,0,0,0,0,0,0
"LDLRAD2",5,0,1,1,0,1,2,2,1,3,1
"PITPNM2",630,648,704,696,771,629,710,587,858,897,613
"NRAP",0,0,0,1,1,1,0,0,0,0,0
"SLC39A11",662,808,964,1822,1475,898,898,900,2358,2700,1662
"AL590452.1",5,3,0,4,0,5,3,1,0,2,3
"EXPH5",848,885,814,821,552,911,774,644,1043,697,750
"DKC1",10040,13173,10593,13862,9669,9358,12186,7915,12956,13465,9540
"RAD18",2871,3426,3545,3318,2480,2850,3803,2611,3678,3633,2478
"RAD51",1186,1491,1397,1539,1264,1102,1621,1050,1674,1806,1120
"PDLIM5",5207,5380,6064,5600,4596,4968,6876,4341,6135,8288,4727
"CRELD2",725,724,569,621,565,540,658,494,653,753,384
"PCDHB7",1,1,1,0,0,0,1,1,2,1,0
"ST3GAL2",347,276,337,263,323,249,357,245,246,274,161
"MPP4",0,1,1,2,1,0,0,0,0,0,4
"FAM63B",271,277,287,179,191,241,286,201,247,225,177
"WDR31",351,383,452,291,336,341,548,381,340,386,228
"PSCA",509,578,644,1277,1297,591,737,630,1998,3231,1512
"PCNXL2",1958,2257,2182,2010,1592,2206,2328,1824,2393,2548,1813
"GPI",10826,12695,13491,13267,13519,10039,13993,9321,13638,16090,9160
"MRPS35",2813,3155,2755,3168,2383,2465,2989,2232,3385,3208,2165
"GCG",0,0,0,0,0,0,0,0,1,0,0
"NEK11",124,133,140,108,90,139,134,121,149,128,92
"SLC25A14",570,680,518,558,321,575,524,515,594,461,445
"LYSMD2",276,294,256,304,271,218,306,208,324,307,169
"LYRM5",223,272,183,164,96,254,197,147,210,131,125
"USP46",509,561,614,533,384,504,592,402,488,480,358
"RGS4",10,6,11,14,8,12,8,16,23,9,17
"LPPR5",0,0,0,3,1,0,1,0,4,1,7
"SNX1",2794,2862,3150,2528,1969,2838,3065,2370,2784,3271,2076
"CENPV",1172,1289,1094,1382,987,903,1166,953,1332,1299,899
"OSBPL11",991,1215,1155,1128,915,996,1312,882,1380,1300,815
"STRA13",1786,1871,1361,1664,1444,1478,1421,1282,1865,1441,1291
"FHOD3",3868,5698,5963,6252,4841,4586,6099,4028,5618,6854,3688
"LCNL1",2,0,0,0,0,0,1,0,0,1,0
"PPP3CA",3395,3789,3998,3474,3578,3674,4160,2646,3792,4143,2529
"SFSWAP",2551,2948,2565,2888,2651,2101,2672,2069,2549,2854,2018
"SOX12",578,688,942,822,1089,705,835,830,920,863,613
"AGA",827,1008,739,969,664,861,801,760,1069,827,682
"EFNA3",291,222,373,363,475,320,283,354,475,425,339
"SSX2B",0,0,0,0,0,0,0,0,0,0,0
"C9orf91",913,1173,997,1245,1026,866,1124,832,1223,1235,842
"TXN",12241,12876,9482,12085,7006,10816,11545,9365,14787,12796,9694
"USF1",990,990,955,889,657,885,1066,706,1034,1030,759
"SREK1",4534,4390,4488,3973,2877,4922,4453,3652,4469,4074,3880
"TNP1",0,0,0,0,0,0,0,0,0,0,0
"SLC5A5",0,0,0,0,0,0,2,0,0,2,0
"MEF2B",5,3,7,1,3,2,0,3,0,3,2
"PCDH7",32,26,30,28,19,23,33,24,46,38,30
"C8orf87",0,0,0,0,0,0,0,0,0,0,0
"AKT1",6051,6889,6875,6812,6462,5653,6940,5538,7116,7353,5141
"C10orf32",282,335,272,310,206,286,262,285,383,272,232
"SRFBP1",859,823,921,861,645,740,1010,642,873,1088,631
"PPP1R17",0,0,0,0,0,0,0,0,1,0,0
"AL096677.1",1,0,2,1,1,4,1,4,1,1,1
"RFTN2",1,0,1,0,0,0,0,0,0,0,0
"MTMR11",411,362,410,219,223,449,377,353,305,308,266
"KIAA1683",7,2,12,5,6,8,6,10,7,13,2
"RPS6KB1",1918,2320,2185,2240,1717,2015,2445,1589,2360,2469,1628
"SIGLEC1",0,1,0,1,0,1,0,0,1,1,0
"BMP8B",82,93,139,128,159,111,112,92,153,181,94
"SOX15",553,579,517,555,519,559,642,573,816,838,612
"IL2",0,0,0,0,0,0,0,0,0,0,0
"PPAN-P2RY11",0,0,0,0,0,0,0,0,0,0,0
"MEI1",0,0,0,1,1,0,2,0,2,0,1
"KLHDC8B",10,9,20,18,14,13,13,13,11,35,15
"BAD",792,898,737,921,832,806,772,759,987,963,691
"UBE2J1",1957,2373,2177,2344,1536,1908,2411,1688,2383,2449,1602
"ACCS",148,164,149,125,109,173,139,185,194,189,185
"CPNE2",402,450,475,485,474,423,460,383,623,701,384
"PDHB",1216,1250,1244,1063,913,1115,1361,928,1161,1139,753
"PRSS42",0,0,0,0,0,0,1,0,0,0,0
"POLR3F",1510,1862,1377,1947,1162,1397,1795,1194,2055,1998,1387
"CACNG5",0,0,0,0,0,0,0,0,0,0,0
"PLSCR4",248,277,379,132,160,496,295,250,167,153,98
"FAM110D",2,1,2,2,4,1,0,3,0,3,0
"KLHL32",14,9,10,6,9,8,8,10,11,7,9
"ZNF608",339,349,353,377,241,529,239,249,335,246,205
"BTN2A2",380,471,365,413,307,407,372,453,393,392,361
"FGL2",0,0,0,0,0,0,0,0,0,0,0
"C6",0,0,0,0,0,0,0,0,0,1,0
"BRMS1",1933,2290,1843,2168,1989,1449,2205,1328,2029,2147,1404
"KIR3DX1",0,0,0,0,0,0,0,0,0,0,0
"LOXL3",568,619,488,1031,642,452,572,427,1010,978,676
"SPATA12",12,11,7,14,10,5,9,4,8,22,5
"SHD",0,2,0,1,1,2,0,2,0,0,1
"SGTA",3447,4357,3817,4535,4822,2825,4241,2721,4207,5017,2599
"PDCL3",908,1087,824,1088,647,768,1070,671,1043,1175,757
"METRNL",690,755,753,927,1150,655,802,706,1045,1014,704
"PGLYRP3",0,0,0,0,0,0,0,0,0,0,0
"CDC34",1764,1849,1908,2077,2340,1411,2013,1441,2169,2454,1477
"SNTB2",2886,3041,3281,3082,2750,3475,3447,2377,3761,3428,2475
"FBXW9",291,339,341,321,352,250,300,287,293,278,211
"FLT3",1,2,0,2,3,1,0,0,2,0,2
"EPYC",0,0,0,0,0,0,0,0,0,0,0
"PDLIM1",1898,1959,2211,2198,2172,1711,2343,1652,2660,2798,1854
"CLCN2",1090,1257,1276,1257,1176,837,1274,936,1200,1270,999
"STMND1",2,1,0,2,0,0,2,0,0,0,0
"RFC1",3398,4319,4802,4423,2976,3821,4889,3318,4446,5169,3287
"SLCO6A1",0,0,0,0,0,0,0,0,0,0,0
"NOBOX",0,0,0,0,0,0,0,0,0,0,0
"DUSP14",765,952,697,933,796,713,898,606,1231,1099,787
"IKZF1",0,0,0,0,0,0,0,0,0,0,0
"AFG3L2",5019,6131,6212,5952,4795,4850,6447,4532,5901,6215,3965
"PPIL2",1066,1262,1172,1087,995,835,1192,844,970,1387,803
"SNRPB",12147,14177,10862,16418,9713,9923,11424,10326,13902,13158,10235
"CALML4",248,317,249,280,187,267,256,175,264,232,182
"ABCA5",1136,1503,959,1198,604,1437,1046,840,1456,1007,992
"ZNF385C",1,0,1,0,1,1,1,1,0,0,1
"FAM150A",0,0,0,0,0,0,0,0,0,0,0
"BRD7",6341,6932,7429,6952,5466,6022,7880,5288,6473,7369,4825
"BARD1",793,976,1033,893,715,857,979,748,1017,944,676
"MED19",578,605,588,778,583,448,586,484,652,761,554
"TYMS",6687,7585,6435,7765,5188,6014,7215,5422,8212,8036,5277
"SMYD1",0,0,0,0,0,0,1,0,0,0,0
"VPS18",1030,1080,1149,1104,1040,845,1120,847,1238,1590,817
"MUC8",0,0,0,0,0,0,0,0,0,0,0
"DNAJB12",2210,2992,2447,4348,2990,2190,2580,2239,4457,4631,3150
"ADAMTS19",1,0,1,0,0,2,2,1,0,2,0
"APOA1",0,0,0,0,0,0,0,0,0,0,0
"MTMR4",1825,1800,2336,1429,1567,1738,2198,1701,1716,1664,1266
"RAB21",3329,3544,3723,3402,2985,3230,4071,2522,3695,4024,2561
"SAMD4A",1242,1361,1253,1790,1179,1350,1351,1173,1918,1773,1453
"SPPL2A",1289,1483,1161,1416,849,1277,1340,1048,1537,1391,1021
"PREPL",2459,2246,3165,1795,1964,2433,3370,1771,2126,2927,1425
"FAM83D",3509,3698,3239,4033,3240,2455,3376,2426,3983,3834,2584
"OR1I1",0,0,0,0,0,0,0,0,0,0,0
"TTLL11",686,681,923,587,551,564,876,501,595,798,461
"VN1R4",0,0,0,0,0,0,0,0,0,0,0
"FZD5",670,733,627,709,568,528,659,571,691,667,502
"EBNA1BP2",9414,10658,8688,11931,7729,7002,10376,6833,9952,10939,7779
"ANKRD49",367,379,288,332,195,362,302,297,418,313,244
"ABCB8",665,682,606,640,618,527,657,529,671,626,506
"WDR60",396,463,583,323,347,577,463,446,355,315,275
"ANKRD53",4,4,3,1,0,6,2,1,2,1,2
"MED6",1346,1530,1424,1638,952,1237,1560,1144,1695,1736,1234
"TPRX1",0,0,0,0,0,0,0,0,0,0,0
"C14orf37",0,1,2,1,3,1,3,2,3,1,1
"CELA3B",0,0,0,0,0,0,0,0,0,0,0
"ATP13A4",0,0,3,1,0,1,4,2,4,4,2
"PTTG1",2370,2433,2285,2501,1676,2180,2379,1972,2755,2465,1853
"FAM172A",802,914,1073,839,755,964,983,806,840,794,622
"LIM2",0,0,0,1,0,1,0,0,0,0,0
"PIEZO2",0,0,0,0,0,0,0,0,0,0,0
"CHDH",301,416,473,518,495,355,387,338,481,475,319
"REXO1L1",0,0,0,0,0,0,0,0,0,0,0
"PRED62",0,0,0,0,0,0,0,0,0,0,0
"C9orf38",0,0,0,0,0,0,0,0,0,0,0
"AC073342.1",0,0,0,0,0,0,0,0,0,0,0
"CA2",872,900,973,832,719,887,1046,831,1185,1379,767
"TMEM97",2638,3522,3155,3629,2583,3035,3575,2479,3764,3225,2458
"PRCC",2487,2872,2572,2788,2291,2085,2901,1905,2538,2988,1975
"FBXO43",105,102,135,106,62,124,115,83,115,104,51
"CHM",1125,1268,1210,1260,890,1107,1390,1001,1474,1512,1016
"PHF3",7414,8089,8332,8179,5124,8426,8596,6210,8230,8027,5506
"PADI1",111,107,106,93,58,136,94,118,105,135,75
"EPHX4",243,299,236,227,135,277,267,268,315,273,217
"HOXA13",8,12,14,9,17,9,9,11,7,15,5
"CSMD1",0,0,0,0,0,0,0,0,0,0,1
"NBPF4",0,0,0,1,0,0,0,0,0,1,0
"HDGFRP3",2405,2661,2594,2771,2126,2397,2832,2114,2752,2896,2170
"CHRNA7",1,1,0,0,1,1,1,1,1,3,0
"TATDN3",268,327,358,296,197,297,357,330,333,338,264
"AKAP13",2716,3255,3266,3715,2399,3561,3316,2469,4173,4709,3389
"PLRG1",4129,4834,4625,4825,3529,3966,5362,3185,5441,5987,3393
"PTPRA",1984,2306,2442,2166,1860,2399,2342,2216,2564,2319,1915
"ARHGAP1",2040,2363,2384,2490,2260,1727,2461,1960,2422,3074,1926
"RIPK2",1653,1897,1959,2002,1451,1664,2217,1527,2631,2766,1778
"TRAPPC2",482,511,452,382,413,509,504,375,486,477,424
"CLDN4",1643,1423,1414,2339,2185,1511,1576,1632,3843,4636,3042
"GUCY1A3",265,254,288,277,240,205,355,155,264,375,223
"AC010336.1",51,39,47,46,32,48,37,26,63,55,55
"HAO1",18,15,19,5,2,13,26,11,7,3,3
"RPP38",607,630,690,763,550,579,686,549,793,799,535
"GBX1",0,0,0,0,0,0,0,0,0,0,0
"AGTR2",0,0,0,0,0,0,0,0,0,0,0
"MCPH1",798,907,914,962,740,738,1040,677,994,1060,740
"KHDC1L",39,32,18,27,20,29,34,35,70,38,40
"PGM5",6,6,9,5,5,3,5,9,8,4,6
"AQP6",0,0,0,0,0,0,0,0,0,0,0
"OAT",4702,5029,5637,5271,4350,5468,5889,4747,6460,6927,4508
"SLC35B3",927,949,851,946,598,879,1069,698,1290,1244,828
"GDF10",0,0,0,0,0,0,0,0,0,0,0
"ZSCAN31",207,207,184,192,124,190,184,162,224,245,143
"FAM90A26",0,0,0,0,0,0,0,1,1,1,0
"TRAPPC9",529,631,890,586,763,632,842,596,676,911,467
"CHST9",2,1,2,0,1,0,0,2,4,1,0
"AKR1B10",42,28,42,27,40,43,48,40,55,102,44
"SF3B1",11988,13134,13448,13615,9237,12636,14663,10398,15683,16640,10739
"UBE2B",1298,1336,1043,1238,1022,1260,1176,991,1561,1241,1014
"KRT86",1156,1311,1211,1141,1154,1058,1444,1082,1674,1635,1063
"SHC1",5197,5712,6906,5709,5304,5194,6470,4928,5623,6867,4059
"CENPA",1419,1445,1263,1528,1088,1174,1222,1087,1597,1346,1100
"AC005841.1",0,0,0,1,0,0,0,0,0,0,0
"NECAP2",1686,1784,1769,1809,1689,1448,2078,1411,2013,2359,1458
"METTL13",2690,2775,2774,2926,2470,2235,3241,1979,3153,3713,2168
"OR52K1",0,0,0,0,0,0,0,0,0,0,0
"NOP16",2931,3393,3215,3958,2812,2469,3657,2277,3519,3845,2487
"CNTN2",0,0,0,0,0,0,0,0,0,0,0
"DCAF10",746,818,959,802,739,871,954,649,934,1001,588
"GNAO1",3,5,4,4,5,2,5,2,4,6,1
"MAGEC3",0,2,3,0,0,1,0,2,1,1,0
"AP000721.4",0,0,0,0,0,0,0,0,0,0,0
"DOCK9",1748,1636,2296,1511,1585,2061,2346,1514,1998,2294,1338
"KITLG",119,185,125,192,82,145,167,125,210,186,120
"DENND2C",114,143,123,181,72,171,121,128,257,293,222
"MT-ATP8",5875,7030,3795,5538,2867,9581,4741,4874,10023,3916,5395
"DUOX1",29,33,29,36,37,36,32,33,94,152,102
"METTL7B",7,5,10,3,7,11,3,6,4,7,3
"AIFM3",66,49,74,44,44,44,64,55,74,92,65
"TJP3",78,63,129,79,150,99,74,103,113,192,107
"FBXO7",1921,2161,2431,2334,2216,1937,2571,1842,2630,2950,1845
"COL19A1",3,3,4,4,1,5,4,1,5,10,4
"HIST1H2BN",92,109,81,109,60,87,92,54,105,116,81
"DGAT2L6",0,0,0,0,0,0,0,0,0,0,0
"GRHL1",189,160,198,139,148,164,226,140,209,285,198
"CA11",67,45,93,57,106,140,78,53,68,83,53
"KCTD6",249,229,197,154,129,244,187,170,188,157,137
"RAPGEF3",14,24,25,32,24,19,38,15,35,34,39
"KLF14",0,1,0,4,0,1,3,0,2,4,1
"CXorf61",0,0,0,0,0,0,0,0,0,0,0
"GRWD1",2812,3659,2970,3637,3362,1866,3300,1984,3104,3777,2231
"CTAGE5",60,70,60,51,45,56,74,69,79,70,53
"LCE3E",0,0,0,0,0,0,0,0,0,0,0
"KRTAP3-1",0,0,0,0,0,0,0,0,0,0,0
"ZDBF2",1064,1146,1160,1095,673,1376,1144,907,1310,1067,904
"TECPR1",239,279,318,180,223,206,279,233,204,335,165
"FAM92A1",776,877,762,656,458,875,796,638,799,609,522
"LINC00935",0,0,0,0,0,0,0,0,0,0,0
"NT5C2",1688,2058,1924,2206,1244,2099,2208,1822,2656,2913,2038
"NRP2",89,113,83,154,131,76,128,137,184,303,190
"DYNLT3",1082,1185,1061,1095,961,1351,1146,828,1516,1182,876
"GTF2F2",1908,2175,2215,2466,1583,1990,2628,1674,2642,3016,1900
"SGCZ",0,0,0,0,0,0,0,0,0,0,0
"RPL27A",18478,19733,13933,20473,11741,16187,16069,14254,20922,17255,14333
"ARAP3",1121,1059,1407,1263,1511,1081,1254,960,1418,1786,1196
"LIMK1",1907,2045,2518,2201,2758,1808,2384,2018,2408,3132,1998
"SPR",1401,1560,1657,1650,1751,1119,1874,1115,1820,2189,1183
"RFWD2",1140,1347,1372,1638,1094,1104,1592,1127,1761,2028,1160
"YIPF7",0,1,1,1,0,0,0,1,0,2,2
"CYB5R3",2977,3508,3708,3881,4244,2811,3559,3263,4195,4757,3040
"TREML1",0,0,0,0,0,0,0,0,0,0,0
"FADS2",14025,15659,18589,17811,18857,18487,15862,17407,20845,17471,13479
"TSPAN2",241,229,171,296,167,226,168,144,340,207,207
"SMARCA1",28,34,66,22,27,63,59,40,45,29,21
"MSH6",8775,11328,10727,11551,7556,8406,12153,7265,10285,11422,7001
"SPAG9",4713,5004,5089,5283,3583,4878,5392,4181,6444,6256,4581
"C19orf70",501,535,456,450,505,432,482,479,504,417,313
"PTPRT",0,0,0,0,0,0,0,0,0,0,0
"ZNF398",931,1029,909,1033,757,944,1060,711,1114,1116,743
"SLC35E1",3278,3600,3736,3531,3226,3151,4051,2875,4090,4437,2975
"AGAP7",9,16,7,5,3,5,5,7,9,3,7
"KLHL38",2,5,3,0,0,0,0,1,0,0,3
"USMG5",2418,2539,1403,2483,960,2535,1445,1871,3153,1620,1815
"SPEG",620,586,656,363,516,639,596,652,477,492,394
"KRTAP12-1",0,0,0,0,0,0,0,0,0,0,0
"SOCS1",4,3,3,10,10,3,3,3,8,9,3
"PPP4R2",2536,2883,2675,2921,1996,2414,2772,1811,3011,2988,2037
"KRTAP15-1",0,0,0,0,0,0,0,0,0,0,0
"RELB",290,347,297,531,409,202,383,281,466,605,434
"ZFP91",9595,12219,11371,12385,9108,9470,12144,8520,11738,13058,9008
"HHLA1",0,0,0,0,0,0,0,0,0,0,0
"ISLR",0,0,2,2,0,0,0,3,0,1,0
"GPATCH2L",1250,1212,1399,1155,932,1415,1590,1054,1502,1567,1101
"EYA1",21,24,25,20,17,24,22,36,27,26,27
"GIPR",19,16,17,10,15,29,14,17,28,39,45
"CHST3",1383,1640,1290,1724,1214,1191,1279,1068,1650,1573,1178
"DNMT3L",0,0,0,0,0,0,0,0,0,0,0
"SIK1",4481,4502,5077,4628,4896,4699,4273,4021,4716,4376,3087
"NGLY1",1868,1934,2020,2174,1670,1633,2489,1436,2424,2930,1573
"OR4C15",0,0,0,0,0,0,0,0,0,0,0
"TBX19",57,79,49,59,37,64,40,36,64,55,66
"RIC3",0,0,0,0,0,0,0,0,0,0,0
"TSSK4",0,0,0,0,0,2,0,0,1,0,1
"DUS2",1301,1367,1568,1183,1206,1072,1649,1160,1253,1579,951
"GPR50",0,0,0,0,0,0,0,0,0,0,0
"TSPAN18",527,478,815,518,750,511,742,557,545,542,389
"BABAM1",3279,3528,3211,3512,2754,2839,3383,2769,3748,4066,2815
"ARG1",0,0,0,0,0,0,0,0,0,0,0
"E2F5",803,750,971,729,757,776,1013,632,985,975,585
"ARF4",2638,3011,2897,3175,2740,2780,3206,2314,3861,3934,2434
"RETN",0,0,0,0,0,0,0,0,0,0,0
"EIF4H",18471,21711,21945,22617,19542,16592,22112,16001,20506,24523,15415
"SULF1",21,19,8,3,9,16,8,15,5,3,2
"KRTAP6-3",0,0,0,0,0,0,0,0,0,0,0
"FAM220A",444,458,500,462,403,436,442,361,536,526,324
"GPR116",0,0,1,0,0,0,0,0,1,0,0
"UCP1",1,0,0,1,0,0,0,1,0,0,0
"TBX4",0,1,0,0,0,1,1,0,0,0,0
"KCNA5",0,0,0,0,0,0,0,0,0,0,0
"HOXD1",3,1,0,1,0,2,3,2,2,1,2
"PTER",748,775,825,1130,940,664,937,572,1303,1460,965
"TTC3",4802,5375,6287,5271,4015,6082,6194,4415,6650,7184,4387
"BBIP1",295,337,309,354,243,334,295,250,389,279,237
"CHCHD4",1938,1981,1920,2049,1549,1599,2070,1461,2182,1931,1479
"FAM209A",1,2,0,3,1,2,0,2,1,0,0
"C1QA",0,0,0,0,0,0,0,0,0,0,0
"PSMA8",0,0,0,0,0,0,0,0,0,0,0
"FRK",473,570,706,432,439,639,669,513,629,713,514
"FAM222A",121,199,108,230,179,65,139,73,168,247,101
"B3GNT7",3,2,1,3,5,3,0,4,11,23,12
"VPS16",346,324,317,313,349,303,347,287,391,446,308
"CCDC137",3138,3791,3299,4576,3880,2247,3660,2393,3842,4411,2999
"TMED4",2647,2982,2842,2817,2364,2669,2900,2478,3305,3290,2445
"SSX5",0,0,0,0,0,0,0,0,0,0,0
"KLHL42",1597,1705,1857,1510,1367,1800,1915,1394,1912,2021,1216
"FAM189B",2474,2751,3258,2718,4033,2245,2838,2366,2661,2621,1782
"HIST1H1A",4,3,5,8,2,0,3,3,5,3,2
"EIF2S3L",272,292,271,291,225,294,385,194,374,370,260
"NEXN",370,482,323,619,273,425,431,295,519,603,523
"PRR18",7,9,3,11,12,4,0,3,4,12,6
"KHDC3L",0,0,0,0,0,0,0,0,0,0,0
"UMOD",1,0,0,0,0,0,0,0,0,0,0
"CCR10",6,1,3,7,7,1,3,2,13,8,4
"HMGCLL1",12,4,11,11,5,14,8,6,6,5,4
"KCNT2",0,0,1,1,1,0,0,0,0,0,0
"MAGI3",742,695,892,695,592,840,895,621,790,741,548
"OR1C1",0,0,0,0,0,0,0,0,0,0,0
"CT47B1",0,0,0,0,0,0,0,0,0,0,0
"PPAP2B",174,187,176,144,112,219,193,181,143,177,101
"IFT80",1163,1212,1312,880,680,1601,1218,1092,1180,938,687
"ZBTB9",713,758,783,680,614,578,846,527,667,746,489
"IGFL2",1,0,0,0,0,0,0,0,0,0,0
"CLEC2B",7,5,8,7,2,16,8,5,14,2,4
"AP1G2",2249,2275,2262,1982,1928,2117,2255,2118,2551,2642,2122
"GUCY2F",1,0,1,0,0,1,0,0,0,0,0
"NAV2",1577,1531,1755,1557,1381,1447,1502,1060,1332,1367,952
"SLC35D2",244,199,295,193,218,295,343,324,302,370,214
"GPR150",0,0,0,0,0,0,0,0,0,0,0
"FN3KRP",2644,3163,2933,2932,2543,2220,3331,2433,3139,3649,2298
"AC110084.1",1,0,0,0,0,0,1,0,0,0,0
"HIST1H3F",6,6,6,8,2,2,3,3,9,6,1
"PARP1",20550,21846,23757,20723,18503,17973,24662,16178,20506,23515,14152
"GLI3",181,166,241,146,215,206,230,162,157,177,112
"GSTA3",0,0,0,0,0,0,0,0,0,0,0
"EFCAB14",5081,5605,6224,5755,4633,5522,6119,4942,6893,6797,4871
"LATS1",2154,2564,2445,2597,1814,2164,2635,1674,2740,2829,1765
"HYAL1",11,16,26,16,12,25,8,31,16,19,25
"OPN1LW",0,0,0,0,0,0,0,0,0,0,0
"TPRN",942,985,800,887,967,707,883,724,831,858,564
"FZD3",1218,1256,1097,1095,943,1454,1139,946,1365,890,864
"ILDR2",0,0,0,1,0,0,0,0,0,0,0
"MIF",518,501,363,556,1145,450,493,374,701,584,368
"RRP36",1763,2346,1919,2462,1664,1584,2135,1502,2515,2645,1703
"C17orf112",0,0,0,0,0,0,0,0,0,0,0
"SKA1",1587,1743,1754,1691,1460,1297,1935,1317,1884,1860,1366
"SLC6A9",874,995,767,913,995,883,867,726,1014,981,732
"GID8",3543,3928,3834,4221,3477,3111,3960,2982,4161,4537,2840
"IFNA6",0,0,0,0,0,0,0,0,0,0,0
"SND1",3853,4276,4494,4532,4288,4036,4810,3625,5270,5970,3607
"C2orf49",671,663,676,674,549,731,673,496,845,810,523
"NAGS",29,31,28,36,41,28,32,33,57,42,46
"BRWD1",2433,2495,2838,2495,1770,3030,2772,2015,2744,2565,2006
"OR4E2",0,0,0,0,0,0,0,0,0,0,0
"IGJ",0,1,0,0,0,0,0,0,0,1,0
"CCK",0,1,0,0,0,0,1,0,0,0,0
"C9orf78",2636,2838,3121,2728,2888,2327,3422,2166,2776,3653,2317
"UEVLD",561,637,671,699,487,644,664,525,772,810,561
"LAGE3",425,415,360,468,400,307,342,294,439,427,206
"ARHGAP8",7,7,3,6,5,5,3,4,8,5,3
"IFNAR2",338,431,424,367,234,383,359,286,406,358,243
"FOCAD",2815,3207,3509,3369,2409,2953,3841,2677,4471,5220,3022
"DNLZ",240,335,194,343,334,143,207,155,262,279,187
"GPC4",14,5,9,11,17,6,5,6,10,12,8
"PRR12",2450,3146,3294,3233,3719,2195,2952,2447,2422,3099,2173
"MOAP1",896,845,1083,825,747,905,1122,821,1009,1119,722
"SLIRP",1393,1489,1028,1531,1025,1139,1167,978,1670,1241,1005
"SHH",0,0,0,0,0,0,0,0,1,0,0
"RIPPLY1",0,0,0,0,0,0,0,0,0,0,0
"IL17A",0,0,0,0,0,0,0,0,0,0,0
"ATP2B1",7259,9157,7129,10049,6031,8899,7136,5845,10937,7556,6432
"ZNF233",6,2,4,1,2,8,4,5,6,6,2
"PSMA3",6241,6807,4688,7085,3795,6109,5361,4975,7531,5777,4956
"STARD7",7463,8648,8892,8748,7618,6870,9057,6244,8811,8929,5845
"RIBC1",33,30,24,25,29,35,35,26,47,31,13
"FBXO24",9,5,11,4,10,7,2,7,4,5,1
"ASB11",3,1,0,1,0,0,1,1,0,0,0
"ARHGAP17",1609,1529,1799,1613,1666,1324,1736,1308,1804,2106,1378
"PBLD",72,71,79,60,35,88,84,64,71,68,63
"BRI3",1900,2213,2110,1879,1979,1787,2254,1838,1974,2182,1307
"BLOC1S3",757,783,874,808,929,604,917,608,747,879,550
"TEF",147,209,113,246,135,115,161,95,156,176,93
"ADAT2",867,864,850,650,528,877,796,694,843,669,665
"PAFAH1B2",4816,5340,5679,5084,4447,4960,5839,4011,5584,5803,3556
"SCO2",352,409,381,476,457,290,436,297,473,483,290
"KRTAP2-2",0,0,0,0,0,0,0,0,0,0,0
"AC008387.1",0,0,0,0,0,0,0,0,0,0,0
"USP37",1635,2048,1592,1880,1042,1661,1751,1123,1879,1810,1166
"ANP32E",7211,7977,7418,7626,6206,7226,7879,5443,7753,7546,5896
"CRTAM",1,0,1,1,0,1,0,0,2,1,4
"TAS2R14",23,18,16,18,13,29,11,11,25,7,21
"KCNN1",1,0,2,0,1,1,2,1,0,2,0
"C20ORF135",65,68,57,53,95,41,62,42,86,61,55
"USP17L20",0,0,0,0,0,0,0,0,0,0,0
"BOP1",398,454,421,527,687,327,524,289,465,645,354
"GAPT",0,0,1,0,0,0,0,0,0,0,0
"NUDT7",32,44,50,21,31,35,40,41,31,39,32
"AMY2A",0,0,0,0,0,0,0,0,0,0,0
"ZNF578",3,1,0,0,0,1,1,1,3,0,0
"AP000304.12",0,0,0,0,0,0,0,0,0,0,0
"PITX2",56,61,56,52,33,48,42,36,48,53,31
"TTF2",4190,4355,4909,3937,3037,3921,5198,3404,4397,5095,3376
"MAPRE1",8086,9350,8933,9789,7482,7870,10216,6806,10907,11540,7239
"ZNF235",45,34,50,40,20,39,39,39,45,42,28
"SOX13",1013,891,1210,1101,1505,957,1176,917,1378,1629,1065
"PIK3CG",3,0,1,0,0,0,0,0,1,0,1
"WDR55",1683,1901,1949,1999,1685,1469,2171,1394,2186,2839,1673
"MYO9A",881,1008,974,994,616,1098,1055,751,996,916,687
"ATP6V1G3",0,0,0,0,0,0,0,0,0,0,0
"TMEM186",559,548,574,495,463,536,615,426,644,690,451
"HAUS7",41,44,23,25,27,28,25,30,25,30,44
"NUP98",7147,8459,7858,9253,6008,6780,8866,5710,9578,10445,6420
"PAN3",1599,1830,1744,1751,1411,1747,1752,1403,1911,1848,1390
"CD177",1,4,0,0,0,0,1,2,0,1,0
"PCBD2",274,291,229,292,185,246,244,246,306,268,218
"DHTKD1",3503,4137,4275,4139,3270,3489,4192,3518,4441,4891,3395
"RNF181",1110,1312,1138,1185,906,1094,1321,1044,1441,1358,885
"OPN4",0,0,0,0,0,0,0,1,0,0,0
"ISPD",36,52,27,45,38,53,42,34,61,72,39
"PGBD4",157,131,232,115,67,168,180,140,164,157,128
"MTO1",1721,1721,1760,1725,1428,1541,1868,1225,1893,2137,1315
"CTD-2054N24.2",0,0,0,0,0,0,0,0,0,0,0
"HCRT",0,0,0,0,0,1,0,0,0,0,0
"RPL17",1278,1343,949,1358,617,1243,1069,1008,1538,1039,1021
"GSKIP",590,580,472,497,341,601,506,470,724,492,413
"DHRS12",63,68,85,62,68,80,69,89,105,87,78
"LRRC8B",731,608,654,781,669,512,805,472,880,921,640
"CTC-435M10.3",0,0,0,0,0,0,0,0,0,0,0
"CRYBA1",0,0,0,0,0,0,0,0,0,0,0
"ENY2",3046,3527,2484,3654,1874,3127,2832,2475,3538,3042,2414
"BTC",283,268,243,332,211,269,269,254,358,375,286
"ACSBG1",6,15,7,13,11,11,7,12,10,10,6
"ARL13A",0,1,1,0,0,0,0,0,1,1,0
"CHRNG",0,0,0,0,0,0,0,0,0,0,0
"TMPRSS11B",0,0,0,0,0,0,0,0,0,0,0
"LMOD3",1,0,0,0,0,0,1,0,0,0,0
"ARL4C",399,380,367,503,418,380,485,338,783,736,461
"NR2E1",17,11,17,18,12,10,18,11,9,21,6
"PEX12",274,260,277,193,193,228,294,196,255,223,178
"ARIH1",5257,5528,6142,5647,4985,5100,6739,4510,6447,7045,4299
"ARPC5L",3187,3758,3264,3968,2900,2845,3975,2509,4421,4521,2894
"MRPL37",6775,7510,6969,7295,6167,5387,7550,5459,6934,7648,4661
"AMTN",0,0,0,0,0,0,0,0,0,0,3
"TMC5",351,360,414,434,328,335,420,294,533,696,428
"PRPF38B",6372,6369,7083,5985,5692,7845,6568,5441,7036,5943,6073
"WDR35",544,597,659,490,376,567,626,414,441,518,389
"PALB2",2068,2305,2242,2207,1575,2007,2529,1841,2448,2547,1778
"ARL6IP6",1272,1613,1204,1441,1503,1353,1302,1089,1579,1298,954
"CDHR1",0,0,0,0,0,0,0,0,0,0,0
"ETV3L",0,0,0,0,0,0,0,0,0,0,0
"RASA4B",1,3,1,1,3,3,1,2,2,0,3
"MOB2",491,486,490,503,480,461,508,394,546,605,381
"MMEL1",1,0,0,0,2,1,0,0,0,0,1
"MMP1",6,2,0,1,0,2,1,1,0,1,4
"TMEM119",0,0,0,0,0,0,0,1,0,0,0
"CTD-3105H18.16",0,0,0,0,0,0,0,0,0,0,0
"HEPHL1",38,48,41,96,49,76,95,72,284,355,212
"EMD",4272,4769,4500,4488,4388,3607,4468,3563,4206,4535,2879
"CCDC102A",135,144,147,185,214,99,147,103,120,192,99
"RIN2",858,922,993,939,740,778,1045,773,1018,1068,778
"RBM28",2380,2644,2659,2718,2084,2089,2863,1726,2543,2889,2144
"GTPBP3",1371,1575,1529,1458,1531,1223,1591,1127,1381,1594,1122
"NPHS2",0,0,0,0,0,0,0,0,0,0,0
"CAMSAP1",2109,2532,2630,3314,2804,2069,2935,1803,3194,3826,2287
"RP11-160N1.10",0,0,0,0,0,0,0,0,0,0,0
"AC006547.14",0,0,0,0,2,0,0,0,2,0,1
"NBL1",367,374,398,439,597,236,379,328,419,496,298
"SLC26A7",11,7,8,7,3,6,6,7,8,3,12
"AL163636.6",0,0,0,0,0,0,0,0,0,0,0
"PTMA",65230,73333,68107,80472,60550,58349,70417,50554,65407,69122,58188
"TIMM17A",4215,4807,4127,4920,3276,3985,4850,3295,5300,5089,3486
"N4BP2L2",1322,1363,1607,1262,944,1567,1613,1307,1718,1685,1282
"CHAD",1,0,0,0,0,2,0,1,1,0,0
"RP11-295P9.3",13,5,10,16,6,13,4,14,4,10,9
"SSR1",7628,8907,7334,8085,5234,8262,7905,6200,9438,7556,5796
"PAIP1",1622,1879,1769,2030,1427,1738,2024,1481,2076,2103,1330
"NDST1",2159,2578,2510,2827,2487,2080,2406,1983,2492,2744,1845
"MXD4",219,224,319,193,266,305,262,249,254,256,158
"ESYT1",6099,6423,5288,6846,4724,5797,5617,5028,7730,6388,4971
"PCDHA1",0,0,0,0,0,0,0,0,0,0,0
"ARID3A",165,134,185,107,170,204,219,151,157,244,131
"LMAN1",12414,13691,12586,13418,9534,13938,13491,10572,14708,13042,9808
"HEXIM1",4967,4490,4923,4680,5193,5042,5095,3446,5515,5472,3578
"SPRY2",727,787,772,828,682,900,750,574,1150,935,638
"PCSK7",1075,1209,1137,1035,923,938,1120,904,1176,1263,874
"ARHGEF10L",145,107,178,103,161,111,126,153,122,158,122
"ADD1",5612,6921,6486,6981,5657,5476,6616,5052,6856,7543,5005
"ZNF131",838,870,790,864,528,761,842,592,842,912,633
"ATXN7L3",3324,3989,4040,4306,3792,3070,4072,3233,4043,4577,3261
"HEPACAM",0,0,0,0,0,0,0,0,0,1,0
"ATP6V0A4",0,1,0,4,4,1,3,2,6,15,3
"SMG9",1791,2098,1715,1913,1345,1382,1777,1333,1702,1863,1298
"DECR1",759,771,763,697,494,909,844,804,911,958,600
"NAA25",3835,4478,4382,4539,2875,4039,4574,3258,4918,4857,3474
"RALGDS",1129,1175,1223,1424,1381,1051,1248,1067,1537,1609,1092
"SDHD",2900,3020,2991,3005,2476,2846,2882,2427,3123,2748,1824
"PSMA1",7093,7929,6723,7852,4774,7347,7475,6252,9356,7947,5960
"EMC7",2612,2890,2342,2729,1643,2550,2669,2123,3327,2814,2018
"KIAA1211L",52,54,52,80,89,58,81,74,100,135,66
"CAND1",7192,8506,8561,8482,6242,7625,9396,6319,9492,9678,5851
"VNN1",137,135,102,128,82,161,150,147,266,308,301
"ALKBH4",314,340,330,357,382,264,410,269,343,384,225
"CFB",175,182,252,223,222,264,273,359,482,633,420
"AC117395.1",45,45,34,34,42,36,44,37,40,37,33
"NEDD4L",4994,5346,5089,6266,4339,4338,6345,4129,6860,8656,5112
"C1orf56",118,163,185,140,164,143,163,133,145,189,110
"SF3A3",9091,10175,9685,11085,7804,7814,11138,7180,10762,12543,8027
"ERBB2",1748,1888,1998,1716,1738,1713,1767,1849,2033,1956,1483
"SLC8A2",0,0,0,1,0,2,0,0,0,1,0
"TCL1A",0,0,0,0,0,0,0,0,0,0,0
"PRSS58",0,0,0,0,0,0,0,0,0,0,0
"ZDHHC7",1647,1925,1780,1749,1593,1542,2026,1385,1985,2027,1256
"AARS2",1020,1027,1028,895,929,709,1123,689,927,1096,667
"TRIM66",650,654,548,542,352,577,555,419,477,591,528
"GPR3",484,615,519,648,578,528,555,586,711,554,525
"RPL7",44653,47794,40237,50459,26011,47130,46163,37002,52690,48928,37317
"TEX28P1",0,0,0,0,0,0,0,0,0,0,0
"PPP1R14D",0,1,0,0,1,0,1,0,0,0,0
"C19orf67",0,0,0,0,0,0,0,0,0,0,0
"GREM2",1,0,0,0,0,0,3,0,1,2,0
"SCTR",0,0,0,0,0,0,0,0,0,0,0
"H2AFZ",14636,16357,11376,15660,8967,14282,12873,10734,17424,13164,10660
"IER5L",915,1116,988,869,1269,794,902,575,742,624,392
"CPT1C",2,2,0,2,3,4,6,4,2,6,3
"TMED7",2524,2865,1696,1988,1640,2620,1844,1605,2702,1328,1419
"TMEM207",0,0,0,0,0,0,0,0,0,0,0
"PKNOX2",0,0,0,0,1,0,0,0,0,0,0
"GEMIN7",426,469,275,409,247,332,368,288,521,422,297
"ZBTB17",602,685,685,550,646,512,718,454,653,806,427
"SLC10A5",45,46,45,45,34,49,56,28,60,49,32
"FBP1",157,176,255,215,237,231,248,254,332,359,269
"RP11-155D18.14",0,0,0,0,0,0,0,0,0,0,0
"OR2T5",0,0,0,0,0,0,0,0,0,0,0
"PRDM10",464,526,519,491,386,466,564,338,476,540,333
"MLF2",10567,11940,12009,12338,12912,8613,12192,9370,11614,13491,9103
"C7orf34",0,0,0,0,0,0,0,0,0,0,0
"RBM20",0,0,2,0,0,0,0,2,0,1,1
"MYADM",0,0,0,0,0,2,0,0,0,2,0
"FAM57B",9,6,10,8,23,10,11,19,18,13,11
"PRDM12",28,40,22,25,37,26,34,24,26,27,20
"CRLF2",0,0,0,0,0,0,0,0,0,0,0
"CCDC94",556,789,691,856,739,535,733,523,746,742,585
"SLC28A1",2,2,3,2,0,3,3,0,1,0,2
"GCSH",1550,1799,1503,1825,1384,1386,1556,1288,1942,1532,1184
"SPRED2",2157,2297,2820,2414,2548,2392,2841,2122,2647,2761,1844
"XKRX",28,14,19,18,22,27,22,24,22,18,12
"TMEM151A",7,8,8,19,25,13,13,9,44,44,23
"ZNF845",365,318,331,381,198,293,414,278,397,458,322
"SLC18B1",1117,1323,1119,1084,865,1213,1131,979,1297,1041,873
"C1orf116",1131,1286,1152,1624,1215,1229,1560,1356,2429,3475,2036
"CT45A4",0,0,0,0,0,0,0,0,0,0,0
"TEKT2",1,0,0,0,0,0,0,1,1,0,0
"DND1",22,38,27,24,15,20,21,17,25,23,29
"PKM",126377,143154,139981,149462,138225,107904,154206,102670,154673,178427,114396
"KRTAP5-9",0,0,0,0,0,0,1,0,0,0,0
"CH17-132F21.1",0,0,0,0,0,0,0,0,0,0,0
"ALAS1",814,752,920,812,868,704,1094,684,986,1424,747
"C9orf43",77,83,67,90,50,65,95,61,101,103,74
"CNKSR1",788,710,766,622,557,631,711,665,688,816,638
"CNGB3",0,0,0,0,0,0,0,0,0,0,0
"PYGM",11,15,11,4,2,6,11,10,9,27,12
"DERL3",0,0,0,0,0,0,0,0,0,1,0
"FAM196A",4,1,4,2,2,0,6,2,1,5,2
"CCDC11",43,41,51,32,26,34,48,32,27,34,24
"USP19",2978,3102,3228,2576,2478,2447,3233,2404,2660,3028,1888
"DOK4",199,202,236,221,241,190,232,201,233,334,164
"KIAA0247",427,447,402,481,396,425,418,386,542,590,413
"NAP1L3",15,14,9,3,0,4,6,10,3,1,4
"BCKDK",1711,1969,2114,1946,2003,1479,2054,1430,1973,2244,1240
"PAIP2B",503,414,651,354,417,522,596,463,379,474,259
"PM20D1",0,0,0,0,0,0,0,0,0,0,0
"CRIP3",7,6,13,6,11,9,9,5,2,2,6
"COL23A1",0,1,0,0,0,0,0,0,0,0,0
"FASN",66977,82389,104759,86081,119268,83462,88322,83976,94766,95199,62819
"AC027309.1",0,0,0,0,0,0,0,0,0,0,0
"DUPD1",0,0,0,0,0,0,0,0,0,0,0
"GPR157",831,810,885,879,735,741,829,588,955,948,629
"DNAJB7",1,0,0,0,0,0,0,0,2,0,0
"MRGPRF",2,2,2,4,1,3,2,7,1,8,7
"CYP20A1",395,458,332,447,240,350,398,255,413,444,289
"NFYB",1296,1310,1364,1373,1005,1403,1349,1106,1466,1176,1030
"HUNK",0,0,0,0,0,0,0,0,2,0,0
"PHF5A",2038,2416,1833,2637,1569,1828,2129,1620,2440,2038,1624
"JUND",1255,1787,1676,2506,3249,1205,1677,1589,2246,2421,1660
"SSMEM1",0,0,0,0,0,0,0,0,0,0,0
"CYP2S1",0,0,0,0,0,0,0,0,0,0,0
"ELOVL1",4838,5723,4967,6140,4382,4487,5244,4611,6236,6135,4541
"SLC6A7",3,0,1,4,2,2,3,3,1,3,5
"RP11-363G10.2",0,0,0,0,0,0,0,0,0,0,0
"DUT",3700,4296,3333,4166,3290,3472,3468,2871,4218,3370,2625
"TCEANC",66,46,49,31,38,56,58,43,62,48,34
"PDRG1",1018,1134,909,1243,782,830,1097,799,1098,1281,849
"CCL3",0,0,0,0,0,0,0,0,0,0,0
"C2orf73",1,0,0,0,0,2,0,3,1,0,0
"GAS2L1",1057,1339,1343,1190,1457,951,1302,1041,1021,1118,757
"ATP6V0E2",841,910,900,937,983,669,859,722,938,997,574
"MTRNR2L1",3,2,1,2,2,3,2,4,7,2,10
"SPATA4",14,12,11,12,2,17,10,12,16,10,21
"NEUROD1",0,0,0,0,0,0,0,0,0,0,0
"PALD1",989,1075,1222,1306,1380,825,1041,880,1096,1257,889
"PRSS37",0,0,0,0,0,0,0,0,0,0,0
"MAGEE1",70,71,51,68,92,55,89,58,81,91,36
"ETHE1",376,436,405,388,409,392,468,417,501,478,356
"SPOPL",596,649,617,620,442,603,765,456,716,674,500
"OR5B2",0,0,0,0,0,0,1,0,0,0,0
"CT47A8",0,0,0,0,0,0,0,0,0,0,0
"SOBP",64,55,92,49,77,79,63,40,30,26,20
"TCEB3B",0,0,0,0,0,0,0,0,0,0,0
"GOSR2",1340,1524,1333,1538,1170,1202,1606,1071,1623,1800,1205
"MRPS10",3773,4375,3786,4358,2829,3552,4008,3203,4474,3960,2873
"KIAA0368",10898,12608,12377,11662,8111,11108,13911,9000,12993,13573,9157
"HCAR2",1,8,2,4,4,3,1,1,8,10,14
"TADA3",3344,3599,3981,3915,3708,2975,4049,3128,3754,4387,2637
"SLCO4C1",192,203,361,231,304,391,268,311,410,203,202
"CDH10",0,0,0,0,0,0,0,0,0,0,0
"RSF1",2765,2961,3375,3161,2348,3201,3477,2604,3315,3461,2503
"YOD1",1334,1440,1099,1130,683,1352,1170,1017,1424,986,930
"CHRNB4",0,0,0,0,0,0,0,0,0,0,0
"ASL",483,505,445,426,349,415,475,455,552,569,377
"SCYL2",3009,3002,3268,2944,2136,3094,3527,2379,3711,3603,2437
"CUBN",6,11,7,2,3,7,12,10,5,3,2
"GPR62",0,0,0,0,1,0,2,0,1,0,1
"PSMD9",1588,1968,1435,1970,1158,1326,1785,1266,2006,2166,1358
"LYPD1",15,19,7,58,12,8,8,2,43,47,24
"ING4",429,425,452,309,299,445,477,390,357,417,257
"ZNF561",743,634,666,584,432,594,745,568,757,805,557
"PDHX",2569,2713,2704,2420,2144,2357,2908,2065,2617,2844,1834
"TACSTD2",3016,3440,2792,4159,2959,3214,3578,3125,6244,7118,5086
"SLC35G1",198,254,154,200,155,123,210,134,242,188,152
"LUC7L3",7821,7453,7331,7159,4542,7438,7474,5540,6967,6665,6306
"CYP2E1",0,1,1,3,1,10,1,5,4,0,2
"EIF3C",1525,1763,1739,1728,1187,1823,2213,1215,1972,2532,1412
"JPH1",1241,1395,1554,1482,1596,1230,1724,1052,1610,1848,1107
"TCTA",542,663,543,546,434,559,622,496,679,725,456
"ZNF687",1045,1213,1259,1288,1302,876,1235,951,1162,1324,915
"GOLGA8H",0,1,2,0,1,2,0,0,2,0,2
"C11orf42",0,0,0,0,0,0,0,0,0,0,0
"STK35",2270,2765,2784,2753,2628,2138,2836,1982,2722,2960,1860
"GPR171",0,0,0,0,0,0,0,0,0,0,0
"SETD7",4889,5181,5684,5262,4215,4621,6205,3680,5079,6195,3583
"USP33",2800,3164,3434,2917,2376,3301,3518,2620,3609,3761,2419
"STOX2",97,92,161,126,92,135,126,112,199,170,126
"QARS",5183,5418,5630,4915,4677,4855,5768,4683,5701,5607,3888
"TDRP",0,0,0,0,0,0,0,0,0,0,0
"SLC38A11",0,0,0,0,0,0,0,0,0,0,0
"CRBN",754,864,673,783,392,845,737,654,888,711,611
"PLAG1",154,142,138,94,75,201,139,122,145,85,86
"SSX7",0,0,0,0,0,0,0,0,0,0,0
"BIN3",570,639,570,594,593,524,612,450,610,755,486
"LALBA",0,0,0,0,0,0,0,4,0,0,0
"RAB8B",193,204,185,173,111,210,201,163,227,191,157
"TRIM52",219,180,172,113,118,238,192,176,168,132,124
"MAGEA6",0,1,0,1,1,0,0,0,1,5,0
"BIN1",1557,1764,1667,1996,1968,1310,1834,1138,1959,2168,1192
"OR8H2",0,0,0,0,0,0,0,0,0,0,0
"TAAR2",0,0,0,0,0,0,0,0,0,0,0
"APOBEC3A",0,1,0,4,3,1,1,1,3,4,0
"MIEN1",513,608,551,603,495,479,567,505,689,643,466
"WDFY3",1741,2153,2128,2036,1356,2361,2236,1616,2070,2036,1453
"CD86",0,0,0,3,0,2,0,3,1,7,0
"XCL2",0,0,0,0,0,0,0,0,0,0,0
"HELB",192,187,213,175,143,266,283,175,274,273,198
"XYLT2",604,569,578,504,623,502,550,532,623,500,489
"OXNAD1",924,958,1063,961,863,993,1074,813,1019,1034,737
"BAI3",0,0,0,0,0,0,2,2,2,0,1
"C10orf137",1242,1111,1086,1217,868,1122,1298,735,1315,1422,924
"KIAA0226L",43,35,27,33,22,23,34,27,43,40,36
"DZIP1",48,30,52,49,47,53,56,33,64,49,36
"CCDC168",0,2,3,2,1,3,4,3,8,9,1
"TDG",2535,3415,2601,3563,2005,2639,2933,2419,3383,3013,2591
"IFNG",0,0,0,0,0,0,0,0,0,0,0
"SDCCAG8",883,1020,1174,982,836,1005,1252,942,1220,1325,883
"IL33",14,10,23,2,1,39,17,25,2,8,1
"LAPTM5",37,33,36,56,29,37,25,32,49,28,31
"ARMCX4",0,0,0,0,0,0,0,0,0,0,0
"AAR2",1662,2201,1896,2167,1567,1372,2054,1534,2016,2160,1379
"ACTL9",0,0,0,0,0,0,0,0,0,0,0
"ZDHHC15",0,0,0,0,0,0,0,0,0,0,0
"HVCN1",5,5,2,4,1,1,2,1,5,4,1
"CD3G",0,0,0,0,0,0,0,0,0,0,0
"YIPF5",1679,1831,1670,1869,1327,1751,1714,1451,2117,1865,1386
"TSC1",1574,1647,1619,1426,1120,1732,1612,1266,1723,1788,1246
"TRIM43",0,0,0,0,0,0,0,0,0,0,0
"GNB3",26,20,17,11,24,13,15,12,22,13,20
"ECEL1",0,0,0,0,0,0,0,0,0,0,0
"GIMAP8",0,0,0,0,0,0,0,0,0,0,0
"CREB1",1556,1725,1744,1622,1377,1636,1852,1190,1948,1791,1297
"SPATA31D1",0,0,0,0,0,0,0,0,0,0,0
"S100P",3543,3593,2393,3370,1373,3722,2669,3204,5222,4722,3521
"GTF2H2",377,379,405,390,331,444,437,321,521,459,358
"AC092811.1",0,0,0,0,0,1,0,0,0,0,0
"NUPR1",158,220,218,316,262,282,212,206,291,284,186
"RET",0,0,0,0,0,0,0,0,0,0,0
"PAX1",0,0,0,0,0,0,0,0,0,0,0
"MAST3",185,173,305,165,273,208,237,197,160,262,149
"LSMEM2",7,8,0,9,3,3,5,5,9,6,10
"IGLL1",0,1,0,0,1,1,0,1,0,1,1
"DCDC2C",0,0,0,0,0,0,0,0,0,0,0
"CYP4F11",193,198,165,173,143,159,178,217,233,312,242
"PCSK2",0,1,0,1,0,0,2,1,2,2,0
"SHC3",64,67,74,73,84,63,76,85,144,119,86
"C7orf62",0,0,0,0,0,0,0,0,0,0,0
"SNX4",813,1024,831,806,694,876,884,753,944,787,684
"NDUFAF1",638,672,709,612,508,580,812,530,548,634,413
"RPL15",36878,40176,34122,41799,29016,34719,36573,30782,44707,40185,30118
"ARPC2",7692,8831,8465,8990,7032,7886,9886,6675,10848,11332,7031
"ANKS3",339,336,291,270,295,244,294,214,287,302,216
"WBSCR17",0,0,0,0,0,0,0,0,0,0,0
"CCDC38",12,1,3,4,1,5,2,4,3,7,3
"SLC30A5",2324,2507,2504,2433,1939,2350,2537,1895,2813,2498,1753
"KIAA1875",38,28,21,17,13,19,29,12,15,28,21
"SPRY3",0,5,1,1,1,2,5,0,3,1,1
"C3orf30",0,0,0,0,0,0,0,0,0,0,0
"TRAPPC10",2075,2488,2357,2504,1993,2108,2702,1690,2751,3061,2043
"SLC22A4",142,136,103,132,83,107,121,101,99,95,91
"GRB7",1204,1094,1210,993,1147,986,1235,958,1307,1543,984
"MYO3A",0,0,0,0,0,0,1,0,0,0,0
"MYOD1",0,0,0,0,0,0,0,0,0,0,0
"WFDC10A",0,0,0,0,0,0,0,0,0,0,0
"RBPJL",0,0,0,0,0,0,0,0,1,0,0
"CARD16",2,1,3,2,0,6,3,2,5,4,6
"ST8SIA1",22,15,24,18,15,25,28,21,44,38,16
"LENG1",182,197,207,223,222,175,236,142,230,295,181
"OR2T3",0,0,0,0,0,0,0,0,0,0,0
"KLKB1",13,4,4,3,3,11,8,5,8,2,7
"ADRBK2",11,10,9,9,6,6,13,3,5,5,4
"OTUB1",2977,3496,2732,3391,3549,2276,2970,2522,3294,3340,2324
"BLID",3,4,9,6,6,7,6,5,7,11,8
"WFDC9",0,0,0,0,0,0,0,0,0,0,0
"NXPE4",0,0,0,0,0,0,0,0,0,0,0
"ABCA12",536,612,664,538,390,919,629,683,770,643,566
"MUC20",8,4,3,6,3,5,1,4,4,15,8
"PMPCA",3734,4139,4160,4158,4182,3265,4353,3086,4425,4814,2948
"MAML3",149,109,215,58,142,155,197,140,69,108,54
"RUSC2",85,118,114,150,165,78,162,128,173,219,163
"NADK2",1035,1131,1278,1140,1163,1055,1387,948,1271,1333,856
"TAS2R43",1,4,2,0,1,2,0,1,2,2,1
"RP11-171N4.2",0,0,0,0,0,0,0,0,0,0,0
"AP2A1",1861,2096,2381,1956,2363,1758,2229,1888,2214,2511,1617
"NSD1",6015,6797,7458,7226,5047,6429,7460,4961,6360,6832,4438
"CLDN15",169,158,120,96,92,121,145,104,116,117,85
"AKAP10",1035,1013,1182,1087,862,1017,1199,850,1295,1340,832
"GPR6",0,0,0,0,0,0,0,0,0,0,0
"PTP4A3",75,107,169,115,215,126,86,212,161,140,135
"ANPEP",31912,32458,31583,25567,25208,27339,33772,25428,26580,26340,18921
"MYOG",0,0,0,0,0,0,0,0,0,0,0
"MRPL40",2107,2469,2175,2360,1746,1857,2113,1887,2254,2079,1633
"ZNF480",823,821,687,901,504,588,833,534,871,926,673
"PLEKHA1",1659,1800,1808,1508,1252,1821,1925,1366,1831,1926,1209
"CYC1",3695,4126,3849,4525,4739,2888,4098,3164,4428,4397,2721
"FAM9C",1,2,1,2,2,1,1,1,0,0,0
"AKAP4",0,0,0,0,0,0,0,0,0,0,0
"C1QL4",6,7,5,5,11,5,5,3,2,9,4
"SOX3",0,0,0,0,0,0,0,0,0,0,0
"CT45A1",0,0,0,0,0,0,0,0,0,0,0
"NFX1",936,898,1005,1026,830,911,1060,783,1230,1363,967
"DCAF12",2113,2197,2205,2131,1830,1853,2424,1739,2240,2434,1560
"OR6F1",0,0,0,0,0,0,0,0,0,1,0
"EYA3",2618,2598,2763,2477,2139,2284,3034,1801,2886,3303,2000
"GGNBP1",0,1,0,1,1,0,1,0,1,1,0
"RPSA",34411,37335,31296,39161,26540,28208,34359,25115,37171,37828,25014
"C12orf56",0,0,0,1,0,2,0,0,0,0,0
"ORAI1",530,567,657,622,725,452,654,545,568,686,410
"IL16",0,1,1,1,2,1,0,0,2,0,2
"KBTBD7",358,343,438,296,391,458,366,260,399,342,206
"FOXB1",0,0,0,0,0,0,0,0,0,0,0
"RP11-219B4.5",0,1,0,0,0,0,2,0,0,2,0
"CTCFL",0,0,0,0,0,0,0,0,0,0,0
"EVI5",822,870,1016,820,653,1001,1046,770,1027,1092,726
"NSFL1C",4076,4681,4447,4425,4013,3984,4757,3649,4790,4959,3259
"C15orf40",447,390,350,463,310,467,414,361,613,463,391
"EPCAM",12793,13660,11430,14553,10763,12546,13030,10415,15615,13346,10346
"TMEM70",1504,1620,1241,1739,1030,1306,1357,1069,1828,1407,1033
"SPATA3",0,0,0,0,0,0,0,0,0,0,0
"CGN",612,550,544,579,528,600,525,558,849,766,694
"C6orf57",185,154,189,145,99,204,161,212,184,137,121
"LRRC52",0,0,0,0,0,0,0,0,0,0,0
"PDE4A",126,119,170,165,189,140,145,134,200,207,144
"PLAC1L",0,0,0,0,0,0,0,0,0,0,0
"ST3GAL3",93,138,135,87,96,116,128,141,94,99,76
"SYP",104,108,74,97,64,90,82,88,94,100,108
"CD80",0,1,0,0,0,0,0,0,0,0,0
"ABCG8",0,0,0,0,0,0,0,0,0,0,0
"FURIN",7162,8147,7819,9852,9319,6182,8294,6422,9981,11166,7107
"NR6A1",412,327,339,298,287,345,359,277,429,452,298
"EHD4",1742,2127,1995,2245,1861,1533,2364,1571,2358,2809,1682
"ACAA2",3817,3594,4021,3322,3165,3405,4321,2980,3811,4316,2573
"MZT2B",1824,1957,1686,1964,2309,1388,1653,1537,1960,1756,1127
"GRM2",2,0,0,0,0,1,0,1,1,0,0
"CTR9",1772,1819,1949,1576,1137,1648,2101,1396,1715,2005,1320
"CTPS2",1357,1501,1697,1514,1251,1397,1716,1292,1695,1726,1155
"MYBL2",12128,14804,12431,17635,14095,9343,13468,9780,14801,16431,10673
"SHE",10,7,6,12,15,4,4,2,17,30,8
"CENPC",818,1029,979,961,542,979,935,796,914,848,799
"MINOS1-NBL1",4,1,1,2,1,6,0,0,4,0,0
"TMSB15A",0,0,0,0,0,0,0,0,0,0,0
"EGFL6",1,1,0,0,0,0,0,0,0,0,1
"BHLHE23",0,0,0,0,0,0,0,0,0,0,0
"GNG5",2640,3040,2374,2919,2210,2668,2638,2254,3495,3183,2036
"TFCP2",1303,1495,1598,1504,1246,1262,1745,1114,1549,1960,1125
"AL353354.1",3,3,3,1,0,2,1,2,1,2,2
"QTRT1",784,798,653,603,519,636,663,529,678,613,490
"CHRNA1",0,0,0,0,0,0,0,3,0,0,0
"TMEM26",0,0,0,0,0,0,0,0,0,0,0
"NME8",0,0,0,0,0,0,0,0,0,0,0
"NOB1",4017,4978,4202,5387,4028,3371,4853,3233,5333,5775,3545
"AQP12B",0,0,0,0,0,0,0,0,0,0,0
"HCLS1",4,4,3,7,1,3,2,4,3,3,1
"RAPGEF1",2314,2789,2958,3430,3367,2388,3091,2215,3043,3640,2117
"WDR48",1407,1483,1746,1419,1099,1575,1716,1377,1690,1900,1176
"SLC25A28",590,656,637,597,545,586,663,620,716,693,588
"MED7",196,172,136,182,118,167,171,151,236,210,192
"MRPL45",1909,2198,1914,2226,1600,1707,2163,1459,2164,2205,1383
"MED13",3759,4474,3819,4507,2604,4271,4303,2864,4907,4425,3049
"SMIM14",802,726,942,474,528,1059,804,870,846,836,678
"SECTM1",1073,1243,1167,1320,1177,989,1162,988,1275,1450,950
"FOXS1",2,0,0,1,1,0,2,1,0,1,0
"FBXW4",454,526,500,382,404,503,500,460,446,361,307
"DR1",3670,3707,3660,3614,3302,3351,3962,2618,4196,3914,2539
"AK1",1556,1658,1691,1524,1640,1294,1792,1367,1579,1968,1175
"OLFM2",1,0,3,0,1,0,0,0,0,1,0
"DCAF5",1566,1650,1903,1500,1253,1817,1750,1422,1907,1935,1282
"NOL6",2037,2204,2109,2258,2116,1364,2418,1432,2170,2842,1547
"GRK7",7,6,3,1,1,1,4,2,3,4,3
"AC008964.1",0,0,0,0,0,0,0,0,0,0,0
"COG2",1814,2229,2229,2090,1528,1848,2272,1753,2165,2273,1541
"UBAC1",1795,2158,2213,2106,1960,1712,2244,1610,2112,2368,1390
"MBTD1",978,1009,1188,794,703,1055,1146,823,956,962,761
"TTLL3",124,136,95,75,73,139,92,93,116,111,98
"CDKAL1",1350,1520,1598,1548,1233,1521,1705,1322,2008,2499,1402
"CHST14",784,930,857,836,786,704,767,758,801,667,521
"ITIH1",0,0,0,0,0,0,0,0,0,0,0
"C6orf222",0,0,0,0,0,0,0,0,0,0,0
"AL021920.2",0,0,0,0,0,0,0,0,0,0,0
"PRKCDBP",765,855,673,730,737,588,720,753,976,805,631
"ACTRT3",203,311,198,259,153,161,254,193,257,275,185
"MC5R",0,0,0,0,2,0,0,0,0,0,0
"DHX8",2424,2811,2787,2884,2156,2391,3159,2135,2979,3499,2201
"TGOLN2",6389,7871,6794,7983,5871,6755,6870,6192,8332,7940,6615
"FOXRED1",1124,1308,1002,1037,856,1044,1082,905,1154,1135,857
"SERBP1",22631,26248,26200,26722,24293,20571,28950,17493,25009,29253,18201
"GABRG2",0,0,0,0,0,0,0,0,0,0,0
"CMPK1",7726,8653,7719,7735,6727,7972,8547,6425,8882,8036,5742
"CCT8",11901,12910,13045,14088,10266,11206,15392,9597,15432,17261,10069
"DMPK",517,560,424,501,412,469,381,369,482,470,365
"ANKRD40",2802,3549,3279,3678,2726,2934,3580,2580,3526,3624,2628
"ARHGEF12",4354,5110,5653,4758,3543,5328,5785,3922,5038,5785,3549
"TXNIP",1024,933,1044,706,608,977,1033,835,839,914,594
"ITPRIP",1382,1656,1309,1950,1428,1179,1510,1155,2158,2122,1267
"DEFB113",0,0,0,0,0,0,0,0,0,0,0
"AKT2",4626,5453,5296,5302,4837,4303,5325,4003,5168,5757,3589
"DERL1",3700,4387,3518,4526,3186,3579,4063,3348,4951,4329,3338
"RADIL",0,0,0,0,0,0,0,0,0,0,0
"TMEM221",5,3,3,0,2,2,2,4,4,4,1
"LAPTM4B",7223,7821,7299,9028,7250,6756,7794,6102,9457,8688,6085
"GPR12",0,0,0,0,0,0,0,0,0,0,0
"C19orf55",344,376,393,376,424,357,423,353,395,496,303
"TRH",0,0,0,0,0,0,0,0,0,0,0
"B3GALNT1",9,18,5,16,4,5,11,7,16,11,12
"NEUROD4",0,0,0,0,0,0,0,0,0,0,0
"GPR144",0,0,0,0,0,0,0,0,0,0,0
"PABPC4",12009,14300,14224,13921,12310,10677,15745,9482,13034,16094,9455
"COMMD6",657,693,432,640,271,768,446,629,823,468,452
"C3orf65",0,0,2,0,1,0,0,0,0,0,0
"SPAG11B",0,0,0,0,0,0,0,0,0,0,0
"TMEM258",1482,1643,1063,1435,1035,1360,1129,1100,1631,1325,920
"RGL1",166,198,280,115,124,249,220,197,191,139,93
"MAPK8",1129,1353,1257,1332,910,1117,1310,993,1448,1293,941
"PRELID2",156,204,217,189,169,156,163,169,213,176,135
"SCN1B",20,26,28,17,33,26,24,26,53,37,31
"APBB2",1475,1520,1990,1371,1276,1752,1987,1408,1678,1932,1155
"RFWD3",3553,4330,3986,4611,3287,3077,4476,3064,4615,5132,3486
"ZMYM6NB",137,140,130,136,91,187,123,145,204,107,148
"FADS3",408,452,333,384,362,402,352,393,509,475,343
"LMBR1L",240,201,238,125,127,271,212,208,196,195,166
"FOXC2",116,113,126,119,197,93,100,59,97,90,46
"DPH7",1179,1300,1183,1233,975,950,1244,930,1331,1213,958
"OPTN",887,1048,1224,1061,903,1262,1362,1231,1719,2015,1440
"IFT57",2131,2488,2609,2160,1521,2327,2650,1980,1960,1974,1365
"GTPBP1",2104,2239,2529,2263,2317,1745,2433,1780,2071,2648,1684
"NWD1",279,270,403,355,388,381,413,294,552,626,372
"TMC1",4,1,8,6,3,3,2,5,6,5,6
"F9",0,1,0,0,0,0,0,0,0,0,0
"ZNF275",748,998,902,1154,906,711,936,807,1032,1072,869
"S100A16",10481,11847,11248,10130,10816,9382,12462,9296,11040,13882,8118
"CSRNP1",300,348,355,467,365,278,356,317,556,544,341
"SPIC",0,0,0,0,0,0,0,0,0,0,0
"KPRP",0,0,0,0,0,0,0,0,0,0,0
"HIST1H2BK",1430,1383,1199,1244,910,1037,1502,969,1397,1452,857
"FSCB",0,0,0,0,0,0,0,0,0,0,0
"ARHGEF38",34,68,51,96,55,81,49,49,148,145,101
"ASCC2",2061,2427,2193,2675,2400,1816,2445,1722,2563,3371,2023
"RP11-410N8.4",0,0,0,0,0,0,0,0,0,0,0
"TUBB1",0,4,2,2,2,6,2,7,0,2,1
"LTBP2",1068,1269,1497,1286,1582,1452,1384,1427,1627,1547,1129
"GGT2",2,2,0,2,0,2,4,1,7,13,1
"MOSPD1",507,484,412,475,265,596,426,444,631,498,497
"ZNF445",1253,1275,1240,1135,827,1203,1300,917,1202,1258,858
"KBTBD11",3,1,1,3,0,2,0,0,1,8,1
"FRG2",2,0,0,1,2,0,0,0,0,1,1
"IL32",1036,1156,1115,1538,1509,896,1472,1059,1792,2797,1583
"IFNA14",0,0,0,0,0,0,0,0,0,0,0
"CLDN18",0,1,0,0,2,0,0,0,0,1,0
"MARS2",1015,1017,1100,975,960,803,1164,734,1096,1180,697
"AL390778.1",0,0,0,0,0,0,0,0,0,0,0
"SMTNL1",0,0,0,0,0,0,0,0,0,0,0
"ZNF544",1420,1699,1478,1665,938,1236,1681,1169,1625,1799,1211
"ZNF599",40,38,64,36,49,52,39,42,39,29,30
"IFNA13",0,0,0,0,0,0,0,0,0,0,0
"OR10C1",0,0,0,0,0,0,0,0,0,0,0
"POU2F1",2613,2956,2960,2954,2024,2892,2824,2026,2808,2634,2090
"CTSV",186,225,189,393,232,225,239,224,576,1298,533
"ARPC3",5053,5661,4584,5827,3942,5277,5230,4640,7411,6314,4732
"RGS6",0,1,0,0,0,0,0,0,0,0,0
"FAM106A",0,0,0,0,1,0,0,0,1,0,0
"SCARF1",16,18,22,16,19,13,21,11,21,17,24
"C9orf53",0,0,0,0,0,0,0,0,0,0,0
"SNAPC3",2814,2776,3175,2367,2245,2815,3728,2151,2965,3700,1918
"MTRNR2L10",0,0,0,0,0,0,0,0,0,0,0
"SLC44A4",1,2,1,1,0,2,0,0,1,2,2
"PSMF1",1812,2049,2016,2118,1944,1620,2305,1602,2067,2513,1540
"ALDOB",0,0,0,0,0,0,0,0,0,0,0
"KCNN4",2445,2429,2399,1965,2061,2370,2350,2151,2279,2058,1600
"ALPI",0,0,0,0,0,0,0,0,0,2,0
"CNOT6",3435,3387,4039,3343,2953,3501,4043,2687,3807,3730,2574
"CTD-3074O7.11",0,0,0,0,0,0,0,0,0,0,0
"GRM4",0,0,0,0,2,0,0,0,0,3,0
"C20orf187",0,0,0,0,0,0,0,0,0,0,0
"DOLPP1",826,1042,725,956,647,719,804,680,799,758,561
"ADRB1",20,20,14,19,18,17,18,15,16,21,18
"CREBBP",2644,3423,2766,4061,3053,2329,3145,1885,3336,3989,2341
"RAB11FIP4",208,259,399,250,344,250,273,294,299,302,234
"RFPL4B",17,12,9,14,17,9,12,9,21,24,19
"TMEM255B",45,48,52,49,82,63,68,45,84,66,58
"CRIP1",713,748,602,1085,881,647,488,641,1550,1421,959
"AL358813.2",0,0,0,0,0,0,0,0,0,0,0
"BRIX1",2039,2410,2268,2686,1894,1898,2657,1654,2566,2773,1849
"MAZ",19081,21659,19861,21248,19211,15011,21021,14260,17511,19699,12807
"DNAJA4",1446,851,1236,1252,1411,829,1525,699,1760,2925,1244
"ZNF35",511,647,412,645,269,415,443,397,630,530,463
"PRM3",0,0,0,0,0,0,0,0,0,0,0
"LHFPL2",1104,1186,1282,1429,1121,1295,1419,1038,1847,2219,1365
"SPRED3",32,17,31,19,20,34,33,27,43,36,36
"SLC36A3",0,0,0,0,0,0,0,0,0,0,0
"GRM1",12,21,15,13,7,11,10,16,6,12,6
"CCZ1",615,697,665,764,421,578,780,488,884,857,606
"LMOD1",1,2,1,0,1,1,0,1,0,1,0
"COQ6",448,420,452,372,307,395,463,381,412,480,287
"AC003043.1",0,0,0,0,0,0,0,0,0,0,0
"BTBD19",152,165,128,112,118,186,154,152,206,192,196
"ZNF813",68,58,90,55,50,56,79,46,80,88,60
"ANGPTL1",0,0,0,0,0,0,0,0,0,0,0
"RBAK-RBAKDN",118,126,111,155,93,95,114,77,144,172,96
"DHRS7B",393,371,322,469,355,333,390,295,446,469,321
"COLCA2",0,0,0,0,0,0,0,0,0,0,0
"AL121963.1",2,1,1,0,0,0,0,0,0,5,0
"GYS1",2266,2701,2787,2531,2655,1897,2783,1977,2506,3090,1896
"YIPF1",612,659,570,586,427,556,671,507,723,767,491
"MAP3K9",1918,2135,2362,2225,1897,1711,2387,1638,2041,2898,1824
"PLEKHG3",694,724,742,721,697,684,815,618,976,999,710
"GCNT2",262,261,291,226,166,380,272,293,332,281,249
"ZFP30",508,488,448,451,259,479,486,393,470,401,350
"TM9SF1",1469,1546,1521,1570,1372,1411,1476,1304,1691,1518,1137
"C1orf95",0,0,0,0,0,0,0,0,0,0,0
"PCDHA2",9,10,4,5,8,6,8,3,15,7,6
"MYOF",8059,9801,9295,11896,7721,9055,11007,7632,15148,19719,12148
"AUP1",7080,7731,6519,7637,6450,6033,7142,5914,8193,7512,5492
"MARCH2",151,172,213,100,150,181,153,181,148,203,99
"UBQLNL",0,0,0,0,0,0,0,0,0,0,0
"MMP3",3,3,0,1,2,2,2,1,3,1,0
"CR1",0,0,0,0,0,0,0,0,0,0,0
"CSF2RA",0,0,0,0,0,0,0,0,0,0,0
"PRB2",0,0,0,0,0,0,0,0,0,0,0
"PTPN14",2045,2387,2607,2447,1891,2568,2511,1761,2504,2564,1673
"RPRD1B",2727,3290,3087,3247,2389,2400,3261,2185,3091,3531,2235
"SCARB1",3476,3885,3389,4599,3753,2856,3638,2939,4645,4531,3057
"C1QTNF4",0,0,0,0,0,0,0,0,0,0,0
"OR4N2",0,0,0,0,0,0,0,0,0,0,0
"OR2T12",0,0,0,0,0,0,0,0,0,0,0
"HAGHL",453,555,478,480,465,442,420,457,489,422,363
"PLCD4",9,3,14,5,1,15,6,6,5,1,2
"VWA3A",3,4,2,0,1,2,1,3,2,1,2
"CENPP",441,600,475,586,387,466,482,389,531,457,334
"SEPT7",5086,5547,5408,5442,4364,5293,5920,4156,6218,6060,4160
"AC006486.9",0,0,0,0,0,0,0,0,0,0,0
"AC079210.1",7,4,8,3,2,11,4,2,9,6,7
"NUCB1",2166,2332,2291,2338,2257,2077,2233,2049,2392,2272,1664
"AC074091.13",4,7,8,3,3,8,9,5,4,3,8
"OR56B1",0,0,0,0,0,0,0,0,0,0,0
"C4orf19",109,125,96,165,87,104,151,91,128,150,88
"C11orf82",447,438,505,415,297,360,548,347,448,514,268
"FZD9",3,6,4,8,10,4,7,6,7,5,0
"SIRPA",153,165,214,218,178,182,162,201,191,179,125
"AC011551.3",1,1,0,3,2,1,1,0,1,3,1
"AP001055.1",0,0,0,0,0,0,0,0,0,0,0
"NIPA1",1121,1056,1181,1190,1072,1403,1193,921,1869,1635,1147
"NAB2",1437,1813,1621,2051,1624,1183,1579,1175,1741,1788,1129
"TBX5",0,0,0,0,0,0,0,0,0,0,0
"NUDT10",0,0,0,0,0,0,0,0,0,0,0
"C11orf30",1010,1069,1138,1097,837,1139,1169,775,1343,1394,918
"DEFA1B",0,0,0,0,0,0,0,0,0,0,0
"DIMT1",1435,1800,1367,1784,1196,1298,1620,1268,1885,1693,1265
"HLA-DMB",1,3,0,2,0,0,0,2,1,1,0
"RASAL1",1,2,3,6,9,1,1,3,3,2,0
"DBH",0,0,0,0,0,0,0,0,0,0,0
"DGKI",6,1,0,0,1,2,3,0,1,1,0
"LPA",2,0,0,0,0,0,0,0,0,0,0
"TSPY10",0,0,0,0,0,0,0,0,0,0,0
"ACSM2A",0,0,0,0,0,0,0,0,0,0,0
"CYP2A7",0,0,0,0,0,0,0,0,0,0,0
"TMEM47",106,74,77,67,48,79,88,71,57,47,46
"RBPMS",141,171,142,161,161,135,147,142,141,230,133
"ABHD11",582,630,490,678,610,359,567,433,671,773,570
"DTX3L",1568,1500,2030,1454,1328,1496,2332,1327,1866,2645,1448
"AWAT1",0,1,0,1,0,0,0,0,0,0,0
"NUP88",4877,5424,5481,6087,4421,4536,5887,3992,5848,6362,3985
"SYNJ1",398,368,406,322,235,394,422,275,454,481,268
"OAZ2",2306,2561,2532,2429,2317,2482,2555,2019,2382,2482,1635
"WDR86",10,4,6,2,12,10,4,9,7,7,5
"INS",0,0,0,0,0,0,0,0,0,0,0
"AP000708.1",0,0,0,0,0,0,0,0,0,0,0
"SPI1",0,0,0,3,3,1,2,0,2,3,2
"LGALS9B",2,1,0,0,0,0,0,0,0,1,1
"FMR1NB",0,0,0,0,0,0,0,0,1,0,0
"SPACA4",0,0,0,0,0,0,0,0,0,0,0
"CISD1",1105,1177,1159,1116,933,1118,1269,816,1379,1262,808
"SULT1A2",228,155,155,184,176,213,151,155,334,337,294
"SCFD1",1811,2012,1849,2101,1279,1818,2221,1578,2423,2423,1592
"KIAA1614",4,7,10,10,15,11,7,13,14,16,8
"ATP11A",2150,2280,2305,2353,1842,2176,2531,1837,2535,2635,1765
"PAXIP1",1511,1771,1809,1824,1579,1527,1755,1335,1967,1994,1373
"FAM218A",69,88,95,60,63,98,109,74,73,83,76
"CELF2",1,0,5,1,2,0,1,0,0,5,0
"GTPBP10",1060,1116,1130,1112,875,888,1330,809,1282,1413,852
"SLC7A14",0,0,0,0,0,0,0,0,0,0,0
"SPATA2",637,702,735,750,775,590,753,478,733,815,510
"MAD2L2",620,671,659,519,555,531,657,515,545,550,316
"SOX1",0,0,0,0,0,0,0,0,0,0,0
"NAF1",1558,1901,1913,1882,1442,1449,1942,1294,1730,2026,1290
"AC007040.11",179,156,150,159,134,97,225,120,167,201,142
"MUC4",1,3,0,1,0,4,1,3,11,4,9
"LPP",2469,3081,2852,2784,1770,3586,2819,2413,3122,3022,2360
"GATA5",0,0,0,0,0,0,0,0,0,1,0
"ZNF697",958,809,700,1021,726,597,1020,543,1069,1244,717
"SEMA5B",1,3,2,3,3,2,0,2,1,5,3
"PCDHB14",12,19,19,15,21,28,19,20,30,37,35
"TNFSF13",199,235,212,303,296,181,193,238,307,359,253
"EPHA10",79,95,90,118,102,79,76,87,148,131,104
"ATP1B1",2070,2380,2154,2575,1817,2584,2328,2054,2777,2130,1869
"MMP13",10,4,2,5,2,13,10,12,6,2,6
"LASP1",17374,19124,21031,21100,22018,15598,22022,16272,20754,27406,16384
"TMEM182",139,150,121,114,102,122,118,127,156,119,100
"FLII",9449,10569,10597,9250,9154,8228,11240,7921,10608,12314,7599
"RPUSD2",768,842,794,789,783,645,939,631,860,879,611
"CCDC34",964,1060,1022,881,645,916,980,774,754,688,611
"RNF6",2937,3376,3035,3401,2190,2905,3601,2603,3750,4354,2803
"RP11-315O6.2",0,0,0,0,0,0,0,0,0,0,0
"PDE3B",231,217,246,240,170,185,206,148,131,125,75
"ZNF781",0,0,0,0,0,1,0,0,0,0,0
"ZNF583",0,0,0,0,0,0,0,0,0,0,0
"MRVI1",1,8,2,2,0,4,4,4,2,7,3
"PTP4A2",9863,12036,11472,12394,10086,10430,12283,9213,13552,12451,8999
"LPIN2",1295,1239,1677,1165,1110,1413,1555,1438,1357,1538,1083
"SACM1L",2229,2173,2266,2024,1777,2110,2467,1747,2489,2224,1482
"RMDN3",885,1055,971,890,732,836,1030,784,966,1108,749
"NASP",9377,10749,11044,10731,8974,9352,11844,7704,9518,10555,7221
"NPAS1",12,14,18,14,16,12,11,13,13,14,16
"TEAD4",1314,1564,1311,1740,1596,1001,1584,1009,1489,1791,1089
"ADARB1",536,490,682,433,552,542,588,437,504,605,319
"SHROOM2",1517,1203,1591,1352,1381,1180,1592,1093,1295,1297,860
"PPM1H",420,502,558,403,416,483,557,435,502,576,320
"SLC17A9",37,41,41,81,58,46,52,47,86,76,69
"CMTM7",728,851,806,904,813,624,852,700,862,935,609
"MEF2C",24,56,50,46,45,49,36,34,35,29,41
"BEND4",0,0,0,0,0,0,0,0,0,0,0
"LUZPP1",0,0,0,0,0,0,0,2,1,2,0
"OR2T11",0,0,0,0,0,0,0,0,0,0,0
"VAX1",0,0,0,0,0,0,0,0,0,0,0
"TNIP3",14,23,19,29,29,15,23,26,22,42,32
"GPR142",0,0,0,0,0,0,0,0,0,0,0
"GRAMD3",333,379,478,414,323,451,508,426,691,779,531
"TOMM40L",531,661,616,666,524,544,687,453,587,720,449
"TRIM9",147,109,158,136,189,151,188,131,171,195,129
"PCNXL3",3783,4286,3929,4126,4358,3120,3660,3204,3731,4033,2998
"PRSS54",0,0,0,0,0,0,0,0,0,0,0
"SLC25A22",1549,1887,1946,1962,2513,1097,1906,1362,1535,2029,1135
"HLA-B",111,131,123,125,91,107,129,119,154,142,129
"CCR1",1,0,0,0,0,2,0,4,2,0,6
"IL18RAP",0,0,0,2,1,0,0,0,0,0,0
"FLT3LG",55,64,61,68,72,62,67,53,70,60,39
"DEFB105B",0,0,0,0,0,0,0,0,0,0,0
"HADH",2025,2201,2554,2170,1776,2215,2572,1999,2382,2294,1419
"FYN",29,28,25,22,15,14,32,21,19,33,18
"EPHB2",196,229,195,480,338,196,222,147,626,651,307
"MSL1",3981,4063,4186,4137,3411,3502,4206,2873,4198,4384,2790
"SLC2A7",0,0,0,0,0,0,1,3,0,1,1
"OSR2",256,271,249,289,267,212,273,207,275,370,228
"CMTR1",2191,2316,2177,2108,1518,1931,2280,1744,2129,2209,1526
"TMEM135",925,1250,1109,973,818,1185,1091,994,1249,1001,741
"HEYL",5,6,11,5,5,6,5,8,3,10,3
"EFEMP2",35,22,44,25,33,49,34,50,61,46,41
"VPS33B",733,792,918,734,770,652,897,731,837,1017,645
"FLOT2",2613,2893,3330,2834,3775,2507,3058,2503,3223,3647,2073
"RP11-368I7.4",5,7,8,11,3,9,2,3,3,6,9
"SLC5A4",0,0,1,0,0,0,0,1,0,0,0
"DEFB112",0,0,0,0,0,0,0,0,0,0,0
"LRRC46",8,16,7,14,9,8,22,11,16,25,21
"CD28",5,10,12,6,4,15,7,17,1,3,5
"BCAM",149,178,165,189,236,174,144,161,168,154,192
"RABL6",7531,8511,8774,8668,9512,6279,8537,6240,7879,8876,6308
"UPK2",7,11,5,15,8,10,14,8,26,29,20
"FDFT1",11867,13055,16659,12903,13484,13637,17857,13037,16642,17623,11149
"DFNB31",720,637,788,701,911,648,558,567,831,863,638
"OR10H2",0,0,0,0,0,0,0,0,0,0,0
"CAD",6105,7133,7100,6999,6543,5425,7751,4598,6716,7560,4475
"MAGEB10",0,0,0,0,0,0,0,0,0,0,0
"SLC6A19",0,0,0,0,0,0,0,0,0,0,0
"GTDC1",289,270,328,333,235,298,343,275,386,487,279
"CARNS1",8,14,5,12,11,2,7,11,17,11,4
"ADAMTS17",0,0,1,0,0,0,2,1,0,1,0
"DEC1",0,0,0,2,0,2,0,0,0,0,0
"AL355390.1",0,0,0,0,0,0,0,0,0,0,0
"MFSD1",1733,1978,1583,1834,1188,1773,1925,1577,1962,2041,1379
"IL12B",2,1,2,2,0,1,1,4,5,4,6
"SLC22A17",0,0,0,0,0,0,0,0,0,0,0
"GBP7",0,0,0,0,0,0,0,0,0,0,0
"ARF1",21426,23687,24581,26085,23510,19905,26747,19252,28804,32170,19238
"AC103801.2",0,1,0,2,1,1,0,0,1,4,1
"PCDHA3",44,56,44,49,41,48,58,43,70,55,49
"AC018867.2",5,9,5,8,2,4,9,5,8,7,2
"LINS",464,474,430,378,242,465,386,338,489,412,362
"SOAT1",1809,2034,1759,2016,1621,1946,1921,1626,2466,2086,1642
"NDUFA4L2",10,20,20,17,15,18,16,27,16,25,16
"ATP5H",3172,3477,2865,3648,2244,3047,3173,2761,3688,3677,2496
"PPP1R12C",1536,1577,1494,1528,1554,1055,1613,1057,1543,1684,1178
"GMDS",686,836,945,778,833,854,1044,735,893,1011,572
"SCN10A",0,0,0,0,0,0,0,0,0,0,0
"GRIP1",256,195,220,221,224,187,249,190,279,302,171
"NEK8",235,395,296,341,271,331,246,429,391,321,433
"TENM4",0,0,1,1,1,5,2,0,1,2,0
"ZDHHC20",1318,1445,1301,1438,1094,1479,1422,1163,1721,1390,1141
"ZNF286B",166,192,172,183,126,164,177,116,198,177,138
"AURKB",4345,4930,4312,5449,4327,3813,4496,3505,5466,5389,4034
"FKSG48",0,0,0,0,0,0,0,0,0,0,0
"CTAGE4",16,6,13,19,6,14,8,9,11,18,9
"CNTN1",4034,4055,5321,3382,3289,5868,5323,4939,5537,4409,3390
"ZBTB40",1617,1523,1422,1415,1049,1368,1542,1062,1608,1596,1093
"GTF2E1",1151,1076,1252,1172,1133,1015,1241,890,1340,1368,971
"MAPT",34,38,68,36,52,46,53,39,39,29,20
"VCPIP1",961,1042,1047,961,681,1164,1094,770,1293,1138,734
"IFNA8",0,0,0,0,0,0,0,0,0,0,0
"LY6E",3042,3392,3102,3653,4351,2724,2976,2596,3622,3155,2115
"NHSL1",1343,1532,1597,1354,1361,1387,1722,1146,1448,1715,1021
"ZCCHC13",0,0,0,0,0,0,0,0,0,0,0
"PTHLH",30,38,24,74,20,20,42,27,78,95,76
"SGCE",2185,2347,2265,2229,1513,2688,2273,2222,2532,1937,1652
"TTC39B",877,860,1277,586,728,1287,1106,1193,962,932,755
"TBC1D22A",595,762,796,770,761,663,820,683,836,876,585
"DSCAML1",0,0,0,0,0,0,0,0,0,0,0
"INPP5E",1312,1487,1301,1241,1272,1126,1220,1144,1360,1269,1123
"ACSBG2",1,1,0,0,0,0,0,1,0,0,0
"GRB14",236,251,265,220,201,258,308,202,260,257,156
"TOP3A",1929,1926,1943,2132,1572,1609,2265,1315,2110,2510,1423
"KLF5",2038,2670,2130,2490,2043,2116,2455,1627,2777,3014,2059
"PCP4L1",0,0,0,0,0,0,1,0,0,0,1
"HIST1H2BM",10,14,11,21,5,2,3,0,8,11,9
"PLA2G4E",2,0,0,0,0,0,0,1,0,1,1
"DYNLRB2",0,0,0,0,0,0,0,0,0,0,0
"ITGB5",3987,4538,4619,4479,4394,4361,4710,3783,4847,4586,2963
"OR5H14",0,0,0,0,0,0,0,0,0,0,0
"C5orf46",30,29,17,32,15,31,28,21,64,54,46
"TMEM30A",4219,4660,3739,4284,2933,4170,3931,3478,4950,3957,3220
"AC114546.1",6,6,5,3,1,3,4,2,4,1,2
"HNRNPH3",9245,9286,10069,8897,7980,8767,11874,6517,10112,11511,6721
"LILRA4",0,0,0,0,0,0,0,0,0,0,0
"GZF1",1478,1509,1683,1511,1172,1405,1654,1100,1701,1849,1106
"ZNF532",3376,3744,3453,4156,2986,3178,3954,2593,4468,4261,3027
"CCDC7",57,51,63,43,45,63,56,54,62,38,42
"APH1A",5357,6111,6000,6490,5242,5223,5715,5341,5960,6005,4439
"DYDC1",0,0,0,0,0,0,0,0,0,0,0
"OR4F6",0,0,0,0,0,0,0,0,0,0,0
"ZFPM1",202,262,245,290,496,180,264,230,315,290,183
"GPR174",0,0,0,0,0,0,0,0,0,0,0
"ALAD",663,717,791,578,553,741,751,637,722,741,495
"C9orf156",395,482,378,588,334,346,426,301,575,578,381
"ISOC1",1339,1508,1645,1591,1460,1335,1867,1090,1653,1877,1080
"S1PR3",300,332,348,333,325,329,354,301,460,413,267
"TPSG1",0,0,0,1,0,0,0,0,0,0,0
"ADAM7",0,0,0,0,0,0,0,1,0,0,0
"TIMM50",1614,1878,1551,1807,1636,1186,1789,1262,1911,1828,1196
"ANKRD33",0,0,0,0,0,0,1,0,0,0,0
"GLB1L3",0,0,0,0,0,0,0,0,0,0,0
"VAPB",4542,5727,5591,6066,4559,4786,6022,4220,6349,6697,4274
"MAL2",12612,13718,12409,14379,12123,12652,13836,10418,18214,17754,12658
"LONP2",5574,5967,7251,5596,5076,5835,7506,4855,6559,7964,4471
"CXorf36",0,0,0,0,0,0,0,0,0,0,0
"CD97",1512,1633,1525,1859,1605,1448,1594,1524,2375,2287,1694
"RHAG",0,0,0,0,0,1,0,0,0,0,0
"FOXL1",502,417,620,312,409,410,562,439,307,374,234
"HLA-DRA",0,1,0,0,1,0,0,0,2,1,2
"NSG2",0,0,0,0,0,0,0,0,0,1,0
"ATXN7L2",320,387,333,352,296,214,326,224,353,360,275
"COL9A1",0,0,0,0,1,0,0,0,0,0,0
"GHITM",7782,7942,7769,8021,6643,7366,8637,6449,8914,9276,5879
"NDUFAF4",1010,1060,843,1191,651,834,988,745,1212,1065,768
"SURF1",942,1015,848,930,635,735,853,767,988,869,647
"AC010646.3",0,0,0,0,0,0,0,0,0,0,0
"CTGF",279,397,270,489,286,375,377,277,475,408,341
"EGR4",8,7,9,17,22,5,13,6,16,33,8
"RFX4",0,0,0,0,0,0,0,0,0,0,0
"LAIR1",0,0,0,0,0,0,0,0,0,0,0
"OSBPL2",2947,3085,3292,3074,2683,3026,3752,2564,3681,4305,2847
"SUPT20H",1414,1476,1605,1338,1222,1344,1765,1200,1673,2038,1177
"RIMBP3",4,1,7,4,7,3,4,1,9,12,6
"SLC43A2",255,341,275,461,370,156,267,213,401,396,266
"MYO7A",39,31,52,46,60,59,61,47,82,97,52
"VASH2",19,12,43,18,42,46,33,24,28,31,24
"NOP14",5477,6513,6120,6825,5628,4880,6881,4176,6462,7402,4687
"TCAP",18,14,17,8,13,10,12,8,3,22,8
"ARL14",607,509,517,653,366,418,780,377,801,1189,685
"PLCE1",275,300,320,346,269,336,430,323,517,621,365
"ZNF600",277,207,244,240,131,203,278,193,275,315,233
"STAT6",3467,4137,4141,4015,3285,3612,4442,3422,4824,5840,3868
"BIVM-ERCC5",0,0,0,0,0,0,0,0,0,0,0
"AZIN1",4853,5431,6051,5131,4684,5085,6382,4729,5551,6280,4118
"PAXIP1-AS2",25,36,42,18,18,28,39,32,23,31,15
"SNN",110,93,96,98,68,132,87,119,94,94,74
"LRRFIP1",7840,8212,8685,8634,6775,7428,9730,6599,8937,10765,7345
"TMEM211",0,0,0,0,1,0,0,0,0,0,0
"CYLC1",0,0,0,0,0,0,0,0,0,0,0
"LARS2",1658,1849,2001,1798,1563,1563,2076,1396,1817,1959,1116
"F3",11050,15286,9525,16912,8895,10976,12746,10848,22026,18232,16928
"SAR1A",3496,4078,3649,4190,2771,3626,4060,2986,4771,4377,3156
"MOCOS",6198,7615,8113,6459,5438,7595,7952,6058,7154,7326,4341
"ESYT2",7510,8205,7764,8014,5938,8255,7875,7114,9226,7255,5940
"OR2B3",0,0,0,0,0,0,0,0,0,0,0
"SELE",0,0,0,0,0,0,0,1,0,0,0
"ISG15",249,288,206,311,271,171,269,212,353,415,233
"HUWE1",18760,23825,22134,26899,16672,23408,23705,15259,23114,26605,17048
"CALM1",9107,10283,9935,10682,8218,9289,10772,8271,12914,11971,8521
"DEFB118",0,0,0,0,0,0,0,0,0,0,0
"MRPL21",1292,1555,1056,1634,902,973,1272,965,1572,1443,1046
"NRGN",112,127,124,150,222,84,104,100,152,123,91
"KRTAP16-1",0,0,0,0,0,0,0,0,0,0,0
"PCDHGA9",3,6,4,5,2,4,3,7,5,4,4
"ALX1",122,133,110,103,87,117,128,106,127,120,95
"NMI",883,989,1092,1088,875,873,1216,826,1301,1729,976
"OR4D5",0,0,0,0,0,0,0,0,0,0,0
"MED24",1968,2210,2199,2016,1984,1686,2326,1658,2088,2616,1540
"ZMIZ2",2972,2807,3258,3061,3791,2515,3190,2489,3384,4460,2754
"AC018512.1",0,0,1,0,0,0,0,0,0,0,0
"XAF1",2,0,0,0,0,0,0,0,0,0,0
"MAP6",40,36,45,39,53,45,41,35,34,53,34
"PHIP",5881,6221,6027,5656,3686,6925,6356,4453,6370,5832,4654
"SGSM3",882,803,921,687,804,850,864,830,1050,1066,744
"CDK5R1",189,240,229,238,205,132,278,153,232,266,165
"UNC13C",10,5,5,1,8,11,8,6,5,4,6
"MXD1",826,788,831,795,606,890,927,615,1206,1263,709
"FOXN4",0,0,0,0,0,0,0,0,0,0,0
"PES1",4975,6261,5390,6557,5401,3926,5955,3696,5877,6743,4146
"SAMD14",0,0,0,1,0,1,0,0,2,0,0
"FRS2",1023,1265,1079,1272,831,1138,1111,894,1333,1187,941
"ALKBH6",477,509,470,507,488,542,504,468,645,682,571
"PHLPP2",1178,1465,1274,1519,909,1259,1334,882,1568,1492,1103
"SMAP2",1302,1365,1715,1483,1513,1235,1743,1280,1567,1767,1233
"AADACL3",0,0,0,0,0,0,0,0,0,0,0
"ZBTB7A",4001,4528,5155,4981,5903,3841,5001,3576,4601,5618,3700
"SIX1",1206,1125,1330,1157,1281,988,1337,776,1113,1245,683
"CLEC18A",2,2,3,6,1,1,7,2,1,6,2
"NTRK2",8,7,9,10,2,5,9,6,16,9,15
"AC003006.7",0,0,0,0,0,0,0,0,0,0,0
"ECD",1209,1423,1451,1451,1063,1224,1683,1108,1605,1827,1124
"KCNS3",97,103,137,126,144,119,151,125,127,127,95
"COX5B",2256,2499,1936,2654,2243,2060,2272,1979,2808,2425,1732
"RBMXL1",1227,1355,1397,1280,959,1276,1608,950,1362,1288,853
"METTL18",254,289,246,245,173,223,285,182,283,261,180
"AP003068.6",0,0,0,0,0,0,0,0,0,0,0
"ZKSCAN2",620,905,765,873,548,644,718,533,736,743,620
"CLCN6",1803,1960,1739,1491,1327,1985,1734,1623,1897,1549,1405
"TAF13",906,868,754,807,528,908,997,616,1029,1046,708
"ZGLP1",20,28,10,14,11,18,10,9,19,14,17
"ZFP42",0,0,1,0,0,0,0,0,0,0,1
"MSLN",2105,2109,1932,2024,2109,1835,1846,1769,2723,2558,2031
"SOWAHC",2228,2553,2713,2877,2946,2192,3015,1811,3099,3250,2102
"XAGE1D",0,0,0,0,0,0,0,0,0,0,0
"SLC35C1",1617,1896,1745,2052,1940,1269,1909,1508,1930,2220,1592
"SGK223",809,992,921,1199,1241,759,914,759,1115,1369,842
"FAM86B1",49,87,89,70,81,36,52,64,66,72,41
"CRTC1",345,382,352,331,349,229,290,232,292,348,218
"TLR4",1043,1132,925,1099,520,1092,1152,841,1262,1173,734
"EHD1",2880,3184,2760,3445,2964,2089,3262,2178,3426,3950,2283
"OR10H1",0,0,0,0,0,0,0,0,0,1,0
"TAF11",1863,2052,1879,2144,1338,1673,1913,1577,2092,1917,1381
"CROT",164,208,173,128,67,145,183,151,126,110,93
"PRNP",4169,4730,4086,4888,3382,4926,4869,4237,6039,5063,4120
"IDH3G",2000,2250,2151,1964,1860,1892,2342,1739,2372,2567,1555
"IQCC",277,350,282,327,228,240,309,251,323,302,273
"ATP6AP1",4003,4305,4034,3992,3978,3797,4169,3659,4181,4222,2699
"HAT1",3692,4012,3934,4260,2588,3508,4327,3036,4300,4495,2895
"MAPK8IP2",64,72,67,70,73,64,60,30,58,89,38
"SNX16",441,428,472,409,305,417,480,292,476,538,325
"CTSW",5,3,2,2,3,7,3,3,4,5,4
"ZNF133",768,766,775,593,537,838,778,684,805,815,640
"VAT1",6392,7141,9075,8360,9280,7264,8699,8044,10523,12840,7747
"PRKG1",63,53,73,57,47,63,100,63,58,61,36
"GFPT1",3771,4189,4391,3821,3217,4516,4915,3326,5155,5762,3571
"CLEC4E",0,0,0,0,0,0,0,0,0,0,0
"KRT19",8859,9939,13046,12734,18073,11224,12165,11380,20438,26165,13770
"POLE2",590,714,642,837,469,573,684,559,730,728,521
"SBK2",0,1,0,0,0,0,0,2,2,0,0
"CDC37L1",663,629,737,636,602,658,753,447,792,818,482
"KIF2C",5380,5912,5517,6005,4386,4382,5726,4031,5876,6399,4201
"TULP1",3,2,2,3,1,0,1,0,3,2,0
"DCAF4L2",0,0,0,0,2,0,0,0,0,0,0
"BCL11A",271,267,237,287,240,211,279,157,268,216,144
"UBE2E3",1962,2325,2183,2091,1597,1868,2295,1758,2223,2155,1453
"LGALS16",0,0,0,0,0,0,0,0,0,0,0
"UBIAD1",2113,2599,2086,2657,1987,1657,2200,1755,2179,2311,1641
"DAB2",90,116,153,102,78,166,169,143,129,166,114
"GPN2",1804,2119,1945,1909,1521,1724,2015,1481,1919,1967,1370
"ASAH2B",224,265,281,268,184,234,292,191,236,310,187
"ATL2",3479,3622,2981,3923,2144,3396,3473,2650,4909,4039,3111
"PLOD3",3291,3303,3244,3164,3532,2687,3546,2688,3688,3676,2523
"SP140L",346,422,389,342,251,270,498,281,411,485,382
"EBI3",1,0,2,5,2,1,1,2,2,3,2
"KRTAP26-1",0,0,0,0,0,0,0,0,0,0,0
"FANCI",6201,7358,7042,7065,4506,6184,7631,5635,7991,7739,5838
"STX11",15,24,25,30,27,15,24,18,44,63,30
"ZBTB46",26,24,48,30,34,27,27,25,41,40,17
"RALGPS2",2349,2483,2665,2262,1838,2693,2750,2074,2947,2954,2225
"THYN1",351,367,318,330,208,305,300,270,337,321,179
"IL1F10",0,0,0,0,0,0,0,0,0,0,0
"IGFL1",0,0,0,0,0,0,0,0,0,0,0
"VIM",1880,1914,2448,2046,2250,2001,2604,1484,2103,1551,979
"MMP16",95,78,82,44,25,63,82,48,46,49,33
"ANXA13",0,1,0,0,0,0,1,1,0,2,1
"LOX",1558,1728,1792,1667,1552,2292,1449,1683,2376,1279,1226
"OBSCN",719,727,835,984,1161,763,772,573,1346,1386,897
"ODF3L1",1,3,0,0,0,1,1,0,1,0,1
"FANCE",454,482,435,561,477,342,541,402,482,591,393
"AC006116.20",0,0,0,0,0,0,0,0,0,0,0
"GPR65",0,0,0,0,0,0,0,0,0,0,0
"CALR3",2,2,1,4,1,1,2,0,4,0,2
"GDF11",203,218,267,286,359,250,279,196,352,421,231
"BTG4",0,0,0,1,0,0,0,0,1,0,0
"TATDN2",4564,5213,5453,5647,4549,4339,5824,4026,5424,6404,3991
"PCDHB6",0,0,0,0,0,0,0,0,0,0,0
"C1QTNF9B",0,0,0,0,0,0,0,0,0,0,0
"GPR39",190,265,184,298,201,207,219,188,362,339,249
"ETV5",2838,3214,3736,2695,2451,3155,3448,2914,2810,2611,1848
"ADK",1952,2006,1869,1929,1303,2038,2000,1783,2411,2047,1584
"MAGI1",1060,1043,1283,1038,1059,1047,1388,858,1032,1467,808
"DNAH17",25,36,29,28,21,41,46,26,18,19,12
"APOC4",0,0,0,0,0,0,0,0,0,0,0
"GIMAP5",0,1,0,0,0,0,1,0,0,0,0
"CACNA2D2",0,0,0,0,2,0,1,0,0,0,1
"AP001421.1",0,0,0,0,0,0,0,0,0,0,0
"RPS9",12162,12948,10442,13146,9567,10327,11700,8835,12841,12862,8207
"ZNF827",986,1078,1172,1243,1020,1101,1226,827,1388,1482,1024
"CTB-58E17.5",29,31,34,30,27,25,34,27,27,29,19
"AL583828.1",0,0,0,0,0,0,3,0,2,0,0
"KRTAP10-2",0,0,0,0,0,0,0,0,0,0,0
"CC2D1A",1558,1617,1786,1471,1847,1291,1737,1390,1760,1896,1421
"LGMN",945,941,1029,860,779,1062,1015,1011,1146,1043,721
"IRGC",0,0,0,2,0,0,0,0,0,0,1
"MCFD2",5696,5888,5044,5484,3522,5405,5824,4753,5962,5399,4053
"DPM3",206,181,190,177,202,239,170,197,241,167,136
"WDR17",499,632,671,489,372,620,680,523,542,511,393
"SPINK14",0,0,0,0,0,0,0,0,0,0,0
"LRRC10B",0,0,0,0,0,0,1,0,0,0,0
"TOMM5",471,560,372,589,375,405,453,380,698,500,412
"KRT84",1,1,0,0,0,0,0,2,1,0,0
"RHOA",15191,17531,16358,17235,14701,15735,17985,13806,19801,19437,13757
"R3HDM1",2493,2819,3035,2814,2600,2461,3158,2063,2953,3423,2023
"KAT2A",2691,2941,2606,2466,2384,1971,2925,1820,2498,2938,1694
"CIDEC",11,20,21,15,14,15,17,15,16,12,11
"GJB1",0,0,0,0,0,0,0,0,0,0,0
"THBD",8,4,7,11,4,11,3,12,4,10,4
"FOXD2",23,13,12,27,31,16,21,17,20,22,12
"USP28",1674,1760,2349,1672,1639,1922,2352,1541,1976,2258,1307
"XXbac-BPG32J3.20",0,0,0,0,0,0,0,0,0,0,0
"NPL",55,63,77,63,57,51,71,49,70,63,44
"RINT1",1055,1180,1057,1145,760,1019,1218,854,1238,1321,876
"PSG6",0,0,0,0,0,0,0,0,0,0,0
"CACNG4",0,0,0,0,0,0,0,0,0,0,0
"TMEM8C",0,0,0,0,0,0,0,0,0,0,0
"CACNA1H",0,0,0,0,0,0,0,0,0,0,0
"TAS2R40",0,0,0,0,0,0,0,0,0,0,0
"TNPO1",9943,11902,10585,11043,7528,10000,12583,7095,11732,12403,7595
"DDC8",4,0,4,2,0,3,2,2,2,3,2
"SREBF2",7784,9066,10030,9608,11038,8593,9413,8790,10532,10400,7351
"LEKR1",40,34,35,35,22,29,26,33,41,36,24
"BRF1",885,1048,876,988,1033,646,990,709,870,1077,730
"PARVA",1898,2281,2255,1924,1461,2053,2434,1690,2293,2390,1553
"VWA5B1",0,0,0,0,0,0,0,0,0,0,0
"GTF3C1",6339,6854,6306,6685,5483,5785,6573,5003,7004,7649,4830
"NUP214",3467,3928,3724,4043,3346,2903,4152,2512,3792,4698,2791
"CCDC144A",4,10,2,8,5,11,4,7,9,5,5
"KIF3B",3417,4053,4260,3691,2861,3093,4304,2943,3665,4282,2625
"KDM3A",2012,2223,2293,2411,1578,2339,2470,1839,2961,2885,2079
"CTD-2210P24.4",0,0,0,0,0,0,0,0,0,0,0
"PTPN2",2465,2836,2470,3220,1855,2440,2701,2031,2965,2900,2132
"NGF",3,1,2,3,0,2,5,1,4,7,3
"CCDC148",4,8,4,5,1,1,4,3,4,4,4
"NCOA3",3350,3241,4087,2352,2127,4017,3915,2877,3267,3278,2137
"TWSG1",1528,1799,1452,1313,1163,1629,1412,1321,1495,1085,991
"CLEC4M",0,0,0,0,0,0,0,0,1,1,0
"C1orf147",0,0,0,0,0,0,0,1,1,1,1
"TMEM40",7,8,4,8,4,7,5,10,11,11,8
"AFM",0,0,0,0,0,1,0,0,0,0,0
"KLC1",462,481,426,432,440,406,512,338,587,531,370
"ZNF804B",0,0,0,0,0,0,0,0,0,0,0
"KLHL41",0,1,0,0,0,0,0,0,0,1,1
"SEPHS2",3185,3529,3615,3703,2870,2988,3817,2850,3899,4467,2581
"CPSF4L",2,0,0,0,0,0,6,1,0,0,2
"CDC42EP1",2254,3043,2763,3756,4478,1704,2812,2245,3381,4268,2675
"ZNF257",0,0,1,1,0,1,0,0,0,0,0
"GABPB1",760,889,848,958,708,690,911,570,1063,989,683
"FOXE3",0,0,0,1,0,1,0,1,0,0,0
"TRAF3IP1",1386,1435,1565,1355,1224,1453,1546,1098,1295,1313,1034
"NRXN3",0,0,0,0,0,0,0,0,1,0,1
"RP11-77K12.1",0,0,0,0,0,0,0,0,0,0,0
"MRAP2",15,8,11,13,8,16,7,18,14,12,5
"ADAM10",1258,1276,1278,1346,922,1372,1360,1139,1596,1398,1135
"IFI6",139,140,139,142,120,138,143,96,136,149,112
"GLA",951,1032,877,1153,751,1010,942,819,1508,1239,916
"DHX33",3350,4021,3746,4004,3201,2806,3972,2617,3767,4322,2928
"ZNF549",215,255,251,189,138,201,240,216,204,236,209
"TACC1",2866,3363,2845,3190,1820,2833,2880,2498,3387,3203,2516
"IL1RL1",2,3,11,12,11,7,16,10,19,52,20
"LCAT",47,49,30,48,40,39,30,29,56,36,54
"ALDH3A1",19,13,14,20,13,24,18,21,7,30,19
"SYNPO2",7,9,4,1,3,7,6,12,6,8,7
"H2AFY",8057,9170,8230,9667,7380,7369,9435,6761,10056,10198,6987
"RILPL2",556,560,617,554,490,505,650,429,511,588,375
"MCIDAS",117,137,130,166,136,127,145,80,140,166,123
"ZNF569",177,140,165,108,87,164,198,112,121,145,77
"MOGAT3",0,0,0,0,0,1,0,0,0,0,0
"MALL",61,65,55,108,121,70,76,67,177,183,122
"E2F6",344,394,370,483,337,389,418,319,598,485,343
"IL31",0,0,0,0,0,0,0,0,0,0,0
"ACRV1",2,1,2,1,0,2,1,1,2,0,0
"MMP10",0,0,0,1,0,0,0,0,0,0,0
"RTN3",5718,6224,5729,6820,4660,6135,6073,5005,7991,7212,4850
"HMGB4",0,0,0,0,0,0,0,0,0,0,0
"CCT5",11543,12474,12208,13129,9667,9988,14061,8721,13856,15195,9220
"HMG20A",1873,2036,2485,2004,1904,1928,2348,1700,2111,2445,1527
"SLC30A6",2260,2241,2000,2258,1413,1993,2235,1630,2646,2377,1676
"RTP2",0,0,0,0,0,0,0,0,0,0,0
"ATG4D",630,675,659,749,693,525,697,521,745,851,455
"C12orf55",8,10,14,8,6,15,16,21,3,13,6
"ACOXL",183,240,223,196,163,180,249,192,238,311,181
"ATP6V0A2",2101,2292,1740,2239,1576,1844,2108,1589,2389,2230,1713
"APC2",7,6,9,22,12,14,20,4,19,21,13
"COMMD10",478,587,444,546,345,619,489,448,604,481,382
"HSD11B1L",158,239,217,256,263,185,158,187,242,200,153
"SCAMP2",3169,3661,3373,3771,3736,2715,3465,2881,3782,4117,2677
"SMPX",23,19,22,26,21,29,20,32,56,51,41
"DNMT3B",354,310,447,240,277,322,363,316,315,325,230
"RIC8B",649,603,703,601,436,725,757,561,771,693,456
"LAMC1",6085,6662,6133,6273,4563,6631,6453,5192,6925,6571,5034
"TMPRSS11F",0,0,0,1,0,0,1,0,1,0,1
"TARBP1",2929,3576,3736,3065,2292,3281,3786,2837,3241,3330,2355
"PCDHGC4",2,0,2,6,0,3,3,3,1,5,2
"HOXB5",0,0,0,0,0,0,0,0,0,0,0
"MGAT4A",210,114,180,113,106,222,178,163,201,210,162
"QTRTD1",2862,2867,3199,2778,2528,2638,3658,2346,3300,3773,2295
"C12orf54",0,0,0,1,0,0,0,0,0,0,0
"SKIL",2520,3189,2292,3048,1960,2684,2792,1695,3301,3156,2026
"CRB3",501,503,526,562,548,504,560,506,634,749,457
"CRCP",2860,3398,3144,3296,2427,2698,3303,2473,3560,3836,2549
"ZCCHC11",2859,3180,3405,2953,2194,3394,3371,2605,3316,3159,2369
"C11orf88",0,0,0,0,0,0,0,0,0,0,0
"AEBP1",6,3,2,3,1,2,2,3,1,1,0
"AC012067.1",0,0,0,0,0,0,0,0,0,0,0
"OR7A17",0,0,0,0,0,0,0,0,0,0,0
"TNKS",1707,1896,1948,1710,1360,2104,2033,1475,2080,1906,1236
"CLEC7A",6,13,12,8,3,23,10,5,14,9,5
"SALL3",0,0,0,0,0,0,0,0,0,0,0
"PARM1",49,58,43,78,40,35,61,31,88,143,53
"MXI1",792,875,1223,735,1003,928,1126,817,832,960,614
"LRRC45",1805,1915,1798,1554,1918,1485,1780,1392,1677,1517,1191
"CCDC43",1463,1749,1734,1756,1244,1463,1966,1316,1637,1862,1289
"CCDC154",44,21,25,28,28,22,38,11,32,50,20
"PSMB2",10268,11178,9800,11605,8784,9412,10883,8764,12319,12696,8565
"NUDT19",1244,1477,1559,1679,1375,1042,1673,1069,1650,1742,1077
"OXSM",644,608,585,502,406,552,580,507,666,572,457
"AC073188.1",0,0,0,0,0,0,0,0,0,0,0
"PROM2",6430,6096,7494,4685,5955,6929,6549,6710,6079,6276,4804
"C20orf202",0,0,0,0,0,0,0,0,1,0,0
"CTNNBIP1",687,699,717,715,769,754,757,756,920,876,672
"MAFA",3,1,2,2,3,0,2,2,0,2,1
"ALG10",394,404,340,303,261,322,344,253,319,245,217
"SCMH1",1229,1452,1560,1434,1424,1361,1454,1227,1592,1405,1057
"FIGN",426,539,455,466,325,542,443,315,489,424,307
"KXD1",2146,2527,2308,2394,1826,1881,2290,1861,2250,2416,1673
"TGM3",2,0,1,0,0,0,0,0,0,0,0
"DNAJC2",3661,3696,3605,4260,2587,3331,4012,2691,4006,4096,3407
"GPR37",63,63,67,68,57,56,70,33,64,57,31
"HIST1H2BF",30,40,28,57,19,7,23,12,37,39,15
"SDR42E2",1,0,0,2,2,2,0,0,1,3,1
"KRTAP5-10",0,0,1,0,0,0,0,0,0,0,0
"NR0B1",0,0,0,0,0,0,0,0,0,0,0
"ZNF490",180,153,182,144,118,163,234,136,161,195,116
"ENTPD4",1755,1824,2030,1618,1499,2015,2108,1704,1981,2063,1636
"GAGE2B",0,0,0,0,0,0,0,0,0,0,0
"UBE2T",1785,1969,1387,2207,1159,1683,1528,1707,2457,1726,1680
"CC2D2A",763,898,890,910,627,596,1009,536,780,981,590
"SCLT1",760,821,954,838,681,695,937,656,900,938,606
"C1orf186",1,4,1,1,0,1,2,0,0,0,2
"KCNMB1",0,0,0,0,0,0,0,0,0,0,0
"LIPJ",0,0,1,0,0,0,0,0,0,0,0
"TJP1",6767,8439,7699,9925,6288,6612,8908,5898,10738,12313,8252
"PRDM6",4,2,5,5,1,2,5,3,7,8,6
"OR52N1",0,0,0,0,0,0,0,0,0,0,0
"SUN1",4170,4113,4144,3978,3622,4355,4227,3815,5248,4342,3606
"TMEM115",1607,1914,1515,1792,1553,1272,1583,1398,1591,1570,1115
"CHIC2",103,147,128,184,143,156,136,118,181,169,133
"IMPACT",2008,2236,2653,1978,1573,2376,2404,2036,2307,1986,1686
"TNK2",3548,3777,3832,3394,3942,3526,3705,3150,3580,3523,2635
"RP11-152F13.10",0,0,0,0,0,0,0,0,0,0,0
"PPP1R3A",0,0,0,0,0,0,0,0,0,0,0
"OFCC1",2,2,3,0,2,3,2,4,2,3,1
"FGB",1,0,0,0,0,0,0,0,1,0,0
"ITGA2",4486,4050,4743,4194,2986,5172,5700,4241,6501,7409,5766
"CCDC81",29,14,11,20,18,29,14,20,16,17,14
"CTHRC1",53,90,78,182,107,82,56,69,238,161,141
"ATP5B",25025,27009,28571,27804,23918,22186,30349,20918,30978,34659,19815
"RPA3-AS1",310,288,354,284,265,299,317,250,265,335,211
"LNP1",181,188,256,230,191,196,202,194,194,184,139
"GALM",268,298,412,247,278,319,390,298,294,390,211
"KCNA4",0,0,0,0,0,0,0,0,0,0,0
"ZPBP",0,0,0,0,0,0,0,0,0,0,0
"N4BP2",422,580,505,800,425,548,587,468,1015,965,731
"AC002472.13",0,0,0,0,0,0,0,0,0,0,0
"MYCBPAP",0,1,0,0,0,0,1,1,0,3,0
"ZDHHC11",215,189,178,194,140,178,207,102,257,287,208
"C6orf99",107,94,83,102,63,57,85,72,87,114,82
"NHP2",4059,4585,4042,4586,3696,3481,4247,3444,4344,4526,2939
"SRSF3",14173,19095,14758,19207,12134,13602,16674,11093,16798,17059,12003
"LEFTY2",0,0,0,0,0,0,0,0,0,0,0
"PDXP",29,32,24,27,100,25,27,18,27,29,14
"YIF1A",1932,2193,1929,2201,2087,1675,1975,1682,2238,2286,1455
"ZBTB8OS",732,896,641,797,513,773,791,631,1045,895,746
"SDK1",291,379,298,425,351,307,278,280,435,448,292
"USP17L12",0,0,0,0,0,0,0,0,0,0,0
"CMPK2",0,0,1,0,0,0,0,0,0,0,0
"HIST1H2AJ",8,15,11,6,6,4,5,3,8,7,6
"SMU1",1900,2243,2311,2094,1659,1860,2512,1650,2468,2724,1635
"TRIP11",2038,2037,2011,2005,1254,2149,2204,1513,2311,2181,1700
"NOVA2",0,0,0,0,0,0,0,0,1,0,0
"DUXA",0,0,0,0,0,0,0,0,0,0,0
"AC016885.1",0,0,0,0,0,0,0,0,0,0,0
"ALKBH8",512,630,500,653,394,396,622,411,541,678,391
"RBM22",2141,2428,2134,2513,1634,1632,2525,1514,2310,2899,1737
"SSBP4",912,1131,1215,1282,1399,876,1056,991,1128,1083,895
"DSPP",0,0,0,0,0,0,0,0,0,0,0
"OVCH1-AS1",6,4,1,4,3,7,7,6,3,8,5
"RAD51B",269,326,411,293,206,331,410,322,301,287,206
"IL17B",0,0,0,0,0,0,0,1,0,0,0
"HABP4",465,494,655,462,657,459,700,491,471,686,413
"KRTAP9-4",0,0,0,0,0,0,0,0,0,0,0
"DRD3",0,0,0,0,0,0,0,0,0,0,0
"WDPCP",114,151,123,156,90,137,135,119,142,111,100
"TBC1D9B",5415,6100,6496,6103,5916,5109,6806,4734,6724,7257,4534
"NPFFR2",0,0,0,0,0,0,0,0,0,2,0
"ZC2HC1B",0,0,0,0,0,1,0,0,0,0,0
"SPATA31A5",0,0,0,0,0,0,0,0,0,0,0
"B3GNT4",90,59,75,102,90,77,75,70,129,102,82
"ZFAND5",6302,7159,6400,7070,5077,6716,7468,5362,8808,7921,5299
"SERTM1",0,0,0,0,0,0,0,0,0,0,0
"ZNF248",484,427,496,342,309,580,503,317,455,372,265
"NME3",362,391,382,296,408,289,364,313,370,377,240
"VCAM1",0,0,0,0,1,0,0,2,0,0,0
"SEC61A2",547,529,396,434,300,474,420,386,477,381,359
"CD300LD",0,0,0,0,0,0,0,0,0,0,0
"GOLM1",8182,9222,7826,9642,6690,7697,8576,6466,10426,9922,6895
"CD74",0,1,0,1,2,1,3,0,5,6,5
"WNT2",0,0,0,0,0,0,0,0,0,0,0
"ZNF146",4183,4679,4928,4995,3190,4035,5438,3386,5495,5891,3598
"RAB3IL1",38,41,36,73,52,36,35,16,47,60,39
"AC012485.1",0,0,0,0,0,0,0,0,0,0,0
"OR4S2",0,0,0,0,0,0,0,0,0,0,0
"CT47A12",0,0,0,0,0,0,0,0,0,0,0
"GXYLT1",2643,2890,2188,2561,1645,2560,2406,1687,2621,1977,1717
"OPN1SW",1,0,0,0,0,0,0,0,0,0,0
"MS4A6A",0,0,0,0,0,0,1,0,0,0,0
"ANKRD20A3",1,2,0,0,1,3,1,2,2,0,2
"ATF7",1249,1295,1384,1429,1130,1119,1460,892,1310,1457,918
"STK40",3701,4128,4184,4364,4457,3189,4430,3102,4105,5164,2918
"ARC",2,0,2,5,4,3,2,1,3,5,0
"ADAR",7560,8188,9745,8237,7272,6750,9792,6358,8222,10242,5959
"EHMT2",4388,4596,4964,4183,4233,3283,5136,3068,3868,5004,2742
"NPNT",190,238,238,267,190,217,293,184,389,576,361
"GPN3",919,1059,953,1027,708,922,976,744,1033,922,657
"TMEM216",534,552,524,564,418,397,503,422,533,539,384
"PQLC3",42,51,51,44,40,73,41,68,88,57,78
"RGS8",0,0,0,0,0,0,1,0,0,0,0
"TUBGCP5",1455,2036,1736,1902,1197,1616,1820,1503,1900,1679,1467
"TSSK2",0,0,0,1,0,0,1,0,1,0,0
"ADAMTS18",0,0,0,0,0,0,0,0,0,0,0
"BRK1",4140,4344,3669,4329,3434,4062,4018,3399,5184,4585,3433
"EIF2D",1781,1961,1892,1885,1527,1539,2181,1552,1742,2040,1223
"ANXA2R",13,5,1,2,3,13,1,7,4,4,2
"UBTD2",618,692,718,609,525,690,709,568,877,720,490
"SLC6A16",11,4,11,8,10,6,8,6,9,10,6
"PIAS4",1169,1278,1196,1174,1230,948,1267,839,1119,1337,835
"TMEM19",1144,1287,1098,1159,776,1178,1107,927,1355,1034,816
"USP17L19",0,0,0,0,0,0,0,0,0,0,0
"STRA6",1316,1894,1303,2295,1898,1243,1338,1528,2596,3138,2148
"SPRR4",0,0,0,0,0,0,0,0,0,0,0
"AC020629.1",0,0,0,0,0,0,0,0,0,0,0
"PRR5",247,277,269,317,319,157,270,210,304,309,205
"INHBA",6483,6495,4666,7894,4521,5251,7021,4805,8837,8653,7891
"FCRL5",0,0,0,0,0,0,0,0,0,0,0
"FAM193A",1037,988,908,1036,919,938,992,731,1143,1114,823
"CACNA1A",0,0,0,1,0,0,0,0,1,0,0
"FAM26D",0,0,0,1,0,0,0,0,0,0,0
"HSPB11",1177,1287,845,1057,506,1296,929,983,1435,995,874
"PPEF2",0,0,0,0,0,0,0,0,0,0,1
"DVL2",2204,2370,2736,2556,2929,2177,2628,2226,2636,2622,1831
"FAM161A",394,372,404,308,257,335,439,262,355,362,252
"OR51B6",0,0,0,0,0,0,0,0,0,0,0
"BMS1",4223,5280,5179,6051,4059,4201,5477,3527,6052,6413,4357
"AKTIP",595,698,681,676,522,633,695,511,721,745,502
"DCUN1D4",719,747,636,648,534,771,809,524,759,604,495
"PNPLA2",1648,1987,1889,2068,2429,1468,1689,1814,1889,2276,1542
"ULK1",955,892,1020,682,1051,884,905,935,919,907,696
"FUNDC2",1788,2021,1436,1978,1148,1745,1653,1595,2074,1564,1398
"FAM50A",2570,2866,3028,2949,2758,2919,3264,2354,3354,3904,2367
"GBAS",3481,3751,3391,3764,2527,3865,3221,3217,4531,3085,2829
"C2ORF15",108,132,126,147,102,110,99,117,147,198,131
"ZNF623",862,821,1002,796,686,867,1029,720,969,1036,704
"SSTR3",0,0,0,0,0,1,1,0,0,0,1
"GCSAML",0,0,0,0,0,0,0,0,0,0,0
"GPR179",3,0,0,0,1,0,0,0,0,1,0
"RAB31",1662,1811,2005,1695,1344,1830,1975,1596,1639,1772,1041
"TLR1",16,16,22,22,16,29,22,32,71,74,53
"DEF8",1391,1415,1288,1219,1142,1052,1296,1091,1362,1370,1017
"RDX",5025,5739,5767,5824,4706,5303,6026,4470,5810,6218,4314
"TMEM251",155,152,140,148,112,155,153,126,223,178,106
"FRAT1",119,115,143,103,119,140,140,125,145,140,81
"PAGE5",0,0,0,0,0,0,0,0,0,1,1
"UNC93B1",1520,1841,1500,1570,1676,1277,1514,1367,1712,1529,1156
"GSTT1",125,155,139,114,121,151,142,117,181,163,101
"PLD6",401,439,367,811,552,313,480,336,787,723,547
"MAPK13",1603,1856,2171,1569,1716,1684,2271,1799,1837,2296,1449
"FAM24A",0,0,0,0,0,0,0,0,0,0,0
"SYNGR1",472,405,427,395,398,474,380,433,477,397,314
"CXorf22",1,0,1,0,0,0,0,0,1,1,0
"CYLD",1227,1305,1187,955,600,1138,1325,971,1076,1170,809
"MDK",83,113,129,281,287,135,78,156,407,435,361
"PRED57",0,0,0,0,0,0,0,0,0,0,0
"FTMT",0,0,0,0,0,0,0,0,0,0,0
"IFT88",184,260,286,247,207,280,272,215,299,276,188
"AL137798.1",0,0,0,0,0,0,0,0,0,0,0
"PPP2R2D",1270,1433,1466,1480,1243,1285,1555,1100,1751,1660,1199
"GAGE10",0,0,0,0,0,0,0,0,0,0,0
"C1orf145",6,6,3,7,3,8,5,5,11,11,10
"SAC3D1",700,804,751,809,1163,525,850,567,696,811,516
"PRSS1",0,0,0,0,0,0,0,0,0,0,0
"GALNT9",1,0,2,0,1,0,1,0,6,2,2
"CTDP1",1287,1434,1460,1604,1781,993,1527,1113,1527,1862,1203
"TMX1",4142,4736,3557,4657,3404,3975,3672,3112,4788,3885,3141
"OR12D3",0,0,0,0,0,0,0,0,0,0,0
"CLDN7",9310,10644,8850,11700,8558,8224,9600,8544,13330,12876,9469
"KRT28",0,0,0,0,0,0,0,0,0,0,0
"KLRC3",4,2,1,2,0,2,2,2,3,0,0
"MGAM",2,4,1,3,3,3,0,1,6,2,1
"PARP6",3004,3203,2929,2774,1948,3075,3106,2478,3246,3383,2394
"CTAGE1",10,11,5,7,2,9,6,2,11,4,2
"TMEM81",89,76,99,64,57,86,74,65,94,84,66
"CEP57L1",312,297,311,166,160,338,325,273,213,183,165
"ID4",75,129,48,150,91,50,51,36,76,70,47
"API5",6647,7600,6946,8012,5387,6633,7678,5469,8749,8477,5641
"AC022532.1",2,1,1,2,1,6,3,6,1,4,3
"MAGEB16",0,0,0,0,0,0,0,0,0,0,0
"EGFL7",26,27,27,46,75,28,40,27,77,63,49
"TSPYL1",3855,3973,4565,3996,4320,3537,4951,3397,4314,5131,3018
"LUZP6",0,0,0,0,0,0,0,0,0,0,0
"TRIM50",0,0,0,0,0,0,0,0,0,1,0
"KANSL1",2116,2237,2220,2201,1932,1974,2138,1723,2353,2454,1649
"CA7",0,0,0,0,0,0,0,0,0,0,0
"POLR2H",2445,2499,2142,2307,1798,2223,2317,1842,2753,2366,1680
"PRDM4",1547,1738,1801,1645,1471,1498,1947,1383,1999,2141,1537
"HERC4",2863,2653,3333,2281,1909,3116,3474,2452,3296,3500,2225
"KMO",56,44,28,91,19,30,29,27,130,89,99
"GCHFR",51,59,60,87,80,86,36,62,96,80,51
"RCHY1",1061,1173,854,1085,657,940,933,774,1246,952,791
"NPW",21,16,16,9,8,8,23,11,17,15,7
"TUBD1",359,382,333,352,230,315,347,245,394,328,211
"CTB-78H18.1",0,0,0,0,0,0,0,0,0,0,0
"ZNF577",131,119,148,84,103,133,135,92,113,127,85
"CRB1",3,1,5,2,2,6,2,1,3,3,2
"OR52A1",0,0,0,0,0,0,0,0,0,0,0
"LHPP",82,66,130,82,112,105,111,115,86,79,64
"MKNK2",4215,4162,5014,4344,5521,3682,4944,3841,4631,5464,3165
"IDI2",0,1,1,1,3,0,1,1,0,0,1
"KLHDC7B",409,432,446,898,706,423,385,515,1169,1136,1031
"MAP3K3",1082,1028,1090,1066,996,907,1272,940,1166,1263,746
"TRMT13",858,864,747,667,563,791,817,522,819,790,508
"STRIP2",1401,1504,1441,1300,1037,1536,1627,1276,1941,2514,1802
"DEFB107A",0,0,0,0,0,0,0,0,0,0,0
"CLOCK",1358,1550,1702,1614,1204,1544,1793,1175,1862,1957,1215
"SPDYE4",0,0,0,0,0,0,0,0,0,0,0
"C12orf76",207,191,183,124,130,220,195,156,172,178,117
"SHCBP1",1357,1442,1457,1528,1096,1330,1608,1110,1805,1814,1218
"RAX",0,2,0,2,0,0,0,2,0,4,0
"RECQL5",934,953,929,753,737,907,1015,865,891,1041,772
"ALDH1B1",1137,1267,1355,1304,1185,882,1443,963,1199,1374,895
"KRT18",24696,27078,25593,31732,27448,21318,29976,21037,36412,43767,25675
"MATN3",2,1,3,3,4,1,1,2,4,4,1
"AMMECR1L",1732,1759,1860,1742,1565,1625,2068,1277,2048,2262,1397
"AL354898.1",0,0,0,0,0,0,0,0,0,0,0
"POMGNT1",2832,3239,2853,2921,2218,2368,3183,2505,2865,3109,2090
"FCGRT",0,0,0,0,1,0,0,0,1,0,0
"FAM132B",85,144,85,167,144,101,89,120,138,111,99
"BLOC1S5",726,670,849,583,535,772,814,657,752,710,490
"CRISP1",0,0,0,0,0,0,0,0,0,0,0
"RAP2C",1937,2294,1858,1932,1707,1823,1917,1450,2076,1886,1456
"SMCHD1",6173,7473,7508,7531,4709,6849,8478,5103,7830,8399,5202
"SLC2A11",228,175,185,146,119,190,186,181,174,187,167
"POLR3B",1109,1351,1250,1362,808,990,1490,804,1284,1424,828
"CRYZ",1607,1721,1662,1445,1187,1684,1702,1340,1777,1573,1138
"KLHL18",1289,1334,1442,1427,1379,1025,1570,1011,1451,1767,1006
"AL049747.1",2,4,0,0,0,0,1,0,0,1,1
"ARID3B",354,389,450,464,464,336,546,367,565,720,453
"LRRC4",0,0,0,0,0,0,0,0,0,0,0
"OFD1",1626,1824,1763,1605,1182,1685,1862,1520,1731,1711,1497
"HIST1H2AE",32,49,22,57,19,14,21,13,38,44,23
"UROS",1630,1729,1647,1789,1474,1680,1787,1417,2002,1829,1342
"PRICKLE4",430,283,390,202,264,447,300,291,325,316,210
"DOCK11",380,398,599,255,231,572,532,485,320,298,184
"INTS9",590,749,764,595,580,535,776,529,652,768,428
"SLC4A2",7392,9375,7236,10418,8236,6135,7851,5765,8869,9161,6419
"XPC",2173,2233,2452,1954,1918,1990,2541,1869,1972,2187,1573
"C9orf9",65,77,98,67,76,61,83,69,71,85,35
"PLCXD1",0,0,0,0,0,1,0,0,0,0,0
"PHB",6658,7091,6421,6997,5872,5525,7280,4855,7311,7803,4744
"PRKX",1423,1249,1809,1340,1586,1342,1898,1210,1551,2040,1303
"CR769776.1",2,1,1,1,0,3,3,2,0,0,3
"KRT25",0,0,0,0,0,0,0,0,0,0,0
"HNMT",32,26,30,34,28,51,30,25,57,46,29
"SNX6",2035,2260,2023,2208,1433,2126,2199,1740,2525,2269,1669
"KHDRBS2",0,0,2,0,1,1,0,0,0,0,0
"NGEF",580,544,778,695,880,611,688,640,863,915,662
"C17orf67",125,126,138,133,157,110,137,119,197,212,113
"DEFB127",0,0,0,0,0,0,0,0,0,0,0
"CD82",60,37,60,41,40,54,61,64,66,122,59
"ARNT2",8,12,16,13,11,18,12,8,9,20,6
"MAP9",2363,2574,2649,1893,1522,2316,2740,1810,1906,2094,1376
"SELP",0,0,0,0,0,0,0,0,0,0,0
"TCEAL1",296,320,214,344,206,303,210,280,346,268,294
"CLK2",1414,1264,1379,964,910,1389,1220,958,1313,1127,821
"LZIC",1684,1836,1789,1950,1378,1585,2013,1172,2030,2288,1423
"PCYOX1L",484,406,563,324,405,435,512,492,404,390,299
"FBXO6",69,55,101,69,101,78,84,92,105,76,76
"BOLA1",143,121,128,118,134,116,158,145,144,138,111
"C4orf32",579,610,641,487,595,604,686,459,520,532,311
"NXPH2",0,0,0,0,0,0,0,0,0,0,0
"RP11-542P2.1",0,0,0,1,0,0,0,0,0,0,0
"KRTAP4-9",0,0,0,0,0,0,0,0,0,0,0
"ZNF319",489,487,509,416,392,418,470,402,499,532,273
"ORM1",0,0,0,0,0,0,0,0,0,0,0
"CLIP2",140,107,188,183,264,176,146,197,262,301,202
"LMAN2",3754,4105,3568,4241,3175,3599,3899,3160,4079,4290,2809
"STRAP",17881,20245,19892,22381,17135,17157,21565,14811,23471,23631,15069
"SLAMF7",0,0,0,0,0,0,0,0,0,0,0
"ESX1",2,5,3,4,1,3,3,0,3,3,1
"ACE2",9,7,9,5,8,5,6,10,4,6,6
"VNN2",0,0,0,0,0,0,0,0,0,0,0
"MMP11",27,18,44,20,29,34,34,34,30,38,28
"DNAL4",132,122,183,123,150,140,143,145,121,114,75
"TMEM236",2,0,1,2,2,1,2,1,3,1,3
"C9orf84",21,24,20,20,3,24,16,27,20,13,20
"SULT2A1",0,0,0,0,0,0,0,0,0,0,0
"LANCL1",2141,2258,2648,1688,1655,2500,2584,2013,2124,1973,1310
"CEP57",1980,2175,2370,2267,1534,2285,2465,1930,2534,2553,1693
"FCN2",0,0,0,0,0,0,0,0,0,0,0
"COMMD9",629,829,665,650,510,572,694,549,637,636,404
"MRPL33",1107,1370,879,1524,663,1257,898,931,1522,1062,1022
"TACR3",0,0,0,0,0,0,0,0,0,0,0
"DEFA6",0,0,0,0,0,0,0,0,0,0,0
"PGLYRP2",0,0,0,0,0,0,0,0,0,0,0
"ABLIM1",3577,3778,4607,3494,3503,3366,4935,2911,3406,4660,2317
"SNX11",208,252,225,218,180,188,250,151,256,283,172
"GPR110",25,35,24,50,34,23,40,39,105,251,162
"GPR161",138,117,152,141,135,155,183,141,173,137,98
"PLA2G12A",1213,1327,1382,1192,1005,1125,1344,1068,1310,1182,844
"LL22NC03-75H12.2",0,0,0,0,0,0,0,0,0,0,0
"CPPED1",3,5,2,3,0,3,3,9,8,9,5
"INSL3",0,0,0,0,0,1,0,0,0,1,0
"DHH",0,0,0,0,0,1,2,0,1,1,0
"DPRX",0,0,0,0,0,0,0,0,0,0,0
"AC009977.1",0,0,0,0,0,0,0,0,0,0,0
"ZNF721",1593,1668,1550,1706,959,1514,1608,1078,1822,1649,1184
"CRISP3",3,4,10,0,1,5,5,3,4,4,0
"B4GALT3",1110,1082,1169,1183,1099,830,1125,842,1163,1322,821
"YBX2",2,2,7,0,5,4,1,2,4,3,2
"MMRN1",0,0,0,0,0,0,0,0,0,0,0
"CXCR1",44,32,71,22,30,84,49,50,39,21,13
"NLRC4",2,0,1,1,0,0,0,0,0,0,0
"SPTLC3",1489,1315,1738,1253,1252,1686,1511,1331,1577,1244,907
"TTYH2",66,80,75,116,91,67,81,62,91,101,89
"TBC1D3",25,17,16,22,7,14,11,13,20,14,16
"GGA2",2887,3323,3018,3468,2724,2675,3236,2530,3709,3967,2801
"DOCK7",1859,2400,2476,2329,1483,2250,2850,1911,2703,2766,1714
"ERICH1",862,1010,1159,1012,916,989,1163,812,1071,1207,818
"TMIE",4,2,2,1,1,3,3,5,3,1,1
"SATL1",0,2,0,0,0,0,0,1,1,0,1
"RAB20",299,331,353,349,294,325,313,293,331,357,228
"NBN",3910,4728,4020,4408,2609,3603,4860,3029,4858,4670,3169
"ODF4",0,0,0,0,0,0,0,0,0,0,0
"TNFRSF17",0,1,0,0,0,0,1,0,0,0,0
"KIAA1737",891,899,857,763,657,781,951,572,801,858,491
"OR5I1",0,0,0,0,0,0,0,0,0,0,0
"DUX4",0,0,0,0,0,0,0,0,0,0,0
"PURB",3655,3870,3780,3526,2556,3954,3901,2471,3711,3716,2685
"GOLGA6A",0,0,1,0,0,1,0,0,0,0,0
"TSPY2",0,0,0,0,0,0,0,0,0,0,0
"WWOX",294,294,306,300,276,256,312,214,325,335,223
"ADAM32",28,17,17,14,9,12,12,9,22,13,19
"PSMB8",1361,1789,1689,1691,1392,1313,1828,1452,1784,2154,1323
"GOSR1",2402,2665,2754,2735,2221,2102,2846,1909,2805,3175,1937
"OTC",0,1,2,1,2,1,3,1,0,2,3
"PAK1",752,852,1210,825,1006,917,1213,926,958,1197,741
"FBXO28",3749,4281,3962,4399,3061,3300,4532,2911,4924,4864,3010
"COL18A1",274,286,291,427,461,287,242,268,391,325,277
"RXFP3",0,0,0,0,0,0,0,0,0,0,0
"FBP2",0,0,0,0,0,0,1,1,0,0,0
"TBCE",1646,1997,2001,2071,1502,1901,2212,1690,2248,2322,1570
"C2orf69",907,956,938,973,909,909,964,624,1339,1078,788
"C3orf80",44,52,26,56,41,26,39,27,39,24,33
"VIPR2",4,2,2,0,1,1,1,2,0,0,1
"OPRL1",3,6,8,2,4,8,4,8,1,6,6
"SLC13A4",0,0,0,0,0,1,0,0,0,0,0
"GPRC5B",2,0,0,0,0,0,0,0,0,0,1
"NKG2-E",0,0,0,0,0,0,0,0,0,0,0
"OR2A7",6,3,5,2,6,3,4,7,9,8,11
"COL4A6",928,948,1141,1112,935,1005,1134,902,1435,1606,993
"AL391152.1",1,1,0,0,0,1,1,0,2,0,0
"CDC14A",344,296,374,290,274,334,385,273,343,411,245
"AC022400.2",7,6,11,6,7,8,5,7,7,5,5
"FZD6",1926,2752,1795,2382,1427,2367,2039,1844,2560,1817,1715
"FRG2C",1,0,0,0,0,0,1,0,0,0,0
"DENND2A",1,0,2,2,3,1,0,0,2,1,0
"KCNC2",0,0,0,0,0,0,0,0,0,0,0
"RUFY2",536,616,606,596,459,581,639,492,727,677,559
"LRBA",3284,3882,3950,3970,2813,4551,4295,3323,4700,4514,3140
"EPHB6",256,207,190,156,168,196,156,180,131,138,80
"ERBB2IP",4585,5721,5707,7134,4553,5603,6228,4822,8236,8104,6134
"CES5A",0,0,0,0,0,0,0,0,0,0,0
"PRR20E",0,0,0,0,0,0,0,0,0,0,0
"BZW1",12725,14099,12617,15581,9714,12730,14005,10523,17071,15651,10924
"STXBP3",1754,1962,1814,1857,1229,1790,2035,1434,2297,2143,1537
"OSCAR",0,0,0,0,0,1,1,1,5,2,2
"PSMD2",29248,31329,28857,32078,24962,24194,34571,22543,35136,40890,24486
"PRM1",0,0,0,0,0,0,0,0,0,0,0
"CT47A5",0,0,0,0,0,0,0,0,0,0,0
"NLRP12",0,0,0,0,0,0,0,0,0,0,0
"APLP1",14,16,12,24,19,19,8,15,23,34,27
"RNASE4",0,0,0,0,0,0,0,1,0,0,0
"UBE3C",7632,8995,9289,9320,8491,7344,10387,6913,10299,12203,7089
"PTBP3",10241,12194,11726,11148,9836,11039,12599,8747,12654,13230,8836
"CARF",234,187,228,159,115,268,227,232,210,218,162
"NDOR1",1470,1809,1442,1420,1313,1226,1435,1318,1475,1438,1194
"HAPLN4",0,0,0,0,1,0,0,0,1,0,0
"CPEB1",0,0,0,0,0,0,0,0,0,0,0
"FHOD1",5421,4755,5202,4545,5298,3833,5389,3809,5116,5536,3962
"PCDHA9",2,1,0,0,0,1,0,0,2,1,1
"VPS4B",4759,5433,5452,5131,3965,5145,6106,4239,6336,6776,4195
"SKOR2",0,0,0,0,0,0,0,0,0,0,0
"OR2W1",0,0,0,0,0,0,0,0,0,0,0
"RTN4RL2",64,91,129,132,344,89,84,129,191,198,144
"PIGF",559,533,516,503,286,498,485,426,545,466,387
"AC025287.1",0,0,0,0,0,0,0,0,0,0,0
"RHOB",1137,1116,1172,1374,1412,1044,1235,1031,1593,1538,906
"SAMD1",2818,2926,3317,3192,3978,2179,3364,2263,2895,3395,1946
"MAP1LC3B2",118,101,107,109,48,98,117,86,148,125,93
"DENND4A",587,619,723,629,541,617,787,548,784,970,618
"ANKRD65",0,0,0,0,0,0,0,0,1,0,1
"BRIP1",879,1320,966,1235,627,1122,1067,863,1300,1088,886
"PDCD6IP",4858,5944,6449,6111,4969,5828,6704,4816,7655,8312,5057
"ZNF346",707,716,584,662,515,562,742,501,660,650,420
"ZNF689",674,917,831,958,715,621,892,693,925,937,584
"ZNF417",366,344,336,294,203,360,328,263,314,337,305
"VNN3",0,0,0,0,0,0,0,0,0,0,0
"SNX25",1312,1168,1472,1288,1022,1330,1586,1166,1720,1723,1167
"OMD",0,0,0,0,0,5,0,0,0,0,0
"SMARCA5",7786,8988,9677,9903,7226,8024,10640,6479,9834,11165,6593
"SMIM4",157,143,92,105,67,140,121,106,144,95,117
"MYT1",2,0,0,0,0,0,0,0,0,1,0
"ARHGDIB",2053,2331,2232,2333,1917,2178,2462,2024,2577,2794,1878
"ANKRD28",4318,5145,5015,4757,3401,4903,5382,3886,5391,5580,3836
"AC079602.1",0,0,0,0,0,0,0,0,0,0,0
"TM9SF3",7640,8643,7172,7844,6291,8285,7816,6131,9202,7175,5631
"FAM195A",692,769,737,783,819,605,689,667,841,756,531
"FUT6",3,0,0,2,2,1,1,0,1,1,2
"ZFP36L1",2964,3028,3024,3547,3084,2417,3374,2083,3514,4283,2496
"LRRTM1",0,0,0,0,0,0,0,0,0,0,0
"PCID2",1505,1578,1592,1563,1183,1518,1712,1164,1767,1648,1113
"CALCRL",1,2,4,2,2,0,1,5,4,2,1
"ELOVL4",350,382,298,385,259,443,350,308,560,386,306
"CEP19",312,242,284,222,188,262,339,199,276,263,132
"MTRF1L",1067,1259,1165,1270,997,1142,1367,889,1434,1523,914
"KRTAP10-5",0,0,0,0,0,0,0,0,0,0,0
"SIRPD",0,0,0,1,1,1,1,1,0,0,0
"PLEKHA5",2133,2502,2591,2488,1679,2467,2608,2220,2779,2736,2094
"DHRS7",1553,1489,1473,1706,1383,1782,1676,1519,2350,2000,1537
"UBE2R2",1679,1903,2080,2098,1815,1767,2374,1572,2340,2743,1736
"ZNF483",326,368,362,352,242,424,337,261,375,331,285
"BOK",477,465,541,485,527,350,549,436,533,567,364
"ARFGAP1",3688,3828,3698,3636,3625,2880,3681,2903,3908,4256,2922
"CDH18",0,0,0,0,0,0,0,1,0,1,0
"SPATA16",0,0,0,0,0,0,0,0,0,0,0
"OASL",94,149,101,357,189,104,115,112,517,466,390
"TOLLIP",934,992,1158,1060,1117,808,1131,840,1092,1450,776
"LSM3",4174,4320,3309,4375,2464,3780,3670,2916,4119,3899,2701
"ATRAID",2006,2305,1787,2159,1452,2245,1879,1997,2465,1736,1552
"DCD",0,0,0,0,0,0,0,0,0,0,0
"GSTO2",851,999,958,1167,919,881,875,787,1260,1252,986
"SERPINA1",102,138,153,110,111,188,141,142,109,89,61
"OR10A2",0,0,0,0,0,0,0,0,0,0,0
"CTAG1B",0,0,0,0,0,0,0,0,0,0,0
"SMIM21",0,0,0,0,0,0,0,0,0,0,0
"PCNX",1694,2140,2002,2051,1289,2121,1913,1558,2132,1867,1354
"UBA52",9544,10550,8475,10617,8694,7817,10200,7065,11239,11368,7074
"TFAP2D",0,0,0,0,0,0,0,0,0,0,0
"SLURP1",0,0,0,0,0,0,0,0,0,0,0
"PCDH8",0,0,0,0,0,0,0,0,0,0,0
"GALNT18",544,581,742,680,676,505,748,508,591,764,442
"RBM19",1617,1726,1632,1756,1477,1171,1859,967,1587,2175,1238
"FBXL6",848,849,706,699,734,504,736,596,820,794,594
"EBLN1",3,4,1,9,0,3,6,2,5,2,5
"MTA2",9003,10202,9632,10809,8332,7907,10272,7199,10443,11438,7557
"CDX1",0,0,0,0,0,0,0,0,0,0,0
"MON1A",491,434,420,393,439,278,494,273,422,508,255
"SMIM18",0,0,0,0,0,0,0,0,0,0,0
"NCAPD2",17031,18300,20111,18105,16294,15127,20076,14188,18678,21614,12780
"TMEM240",20,21,20,16,17,12,18,12,17,19,13
"PPIP5K2",2321,2565,2481,2299,1571,2348,2820,1790,2666,2564,1888
"MPL",12,11,13,19,13,10,7,12,12,20,6
"DDT",789,912,765,917,698,725,713,707,1125,892,650
"TSG101",838,898,956,930,627,783,950,725,996,1118,718
"ZBTB7B",1960,2108,2231,2213,1921,1814,2070,1528,2098,2309,1366
"OR11L1",0,0,0,0,0,0,0,0,0,0,0
"CLDN16",4,4,6,2,3,2,2,6,4,2,4
"CASS4",1,1,4,4,0,1,0,4,0,0,2
"ZFHX3",1289,1538,1697,1750,1306,1712,1552,1068,1764,2081,1335
"OBSL1",2611,2786,2690,2123,1990,2071,2549,2118,2164,2201,1411
"CYP2D6",12,18,14,24,12,11,16,18,20,18,13
"FMNL2",3236,3119,4166,3168,2944,3679,4372,2940,3921,4246,2855
"CPB1",0,0,0,0,0,1,0,0,0,0,2
"CEP85",2583,2508,2734,2533,2335,2436,3005,2097,2898,3166,2140
"ACAD10",743,656,660,597,495,704,672,617,714,707,529
"ALDH1L1",0,0,0,0,0,0,0,0,0,0,0
"VAMP4",120,115,127,75,82,140,123,96,126,92,98
"FHL5",0,0,0,0,0,0,0,0,0,0,0
"SNRPC",4882,6028,4618,6126,4215,4230,4891,3920,5074,5269,3960
"CYP2C9",0,0,0,0,0,0,0,0,0,0,0
"FGF18",2,7,3,8,1,1,2,2,5,2,4
"OR2A12",0,0,0,0,0,0,0,0,0,0,0
"SPTSSB",29,25,28,22,16,29,21,9,36,34,30
"TESK1",441,438,439,361,451,344,436,317,430,426,285
"ENOPH1",2272,2610,2415,2722,1997,2116,2864,1767,2768,3010,1821
"ZNF780A",493,492,510,440,304,564,492,336,523,482,350
"OR10H3",0,0,0,0,0,0,0,0,0,0,0
"SPAG5",3379,3410,3559,3216,2408,2734,3899,2592,3546,3955,2514
"RXFP2",0,0,0,0,0,0,0,0,0,0,0
"UFSP2",1401,1379,1521,1180,993,1374,1747,1177,1333,1466,908
"STAMBPL1",851,798,927,789,694,758,1124,644,1016,1126,640
"LINGO3",0,0,0,0,0,0,0,0,0,0,0
"RAP1GDS1",1366,1510,1648,1630,1183,1433,1794,1204,1849,2016,1109
"DIS3",3551,4224,4147,4461,2812,3715,4634,3001,4541,4940,3052
"NRARP",2244,2210,2627,3023,3473,2151,2691,1891,2855,2793,1948
"TIMM23B",85,106,58,107,66,73,94,60,102,113,42
"FARS2",482,565,535,529,524,414,601,348,612,665,360
"MYH14",495,449,676,622,908,545,620,465,800,1279,651
"WDR82",3264,3534,3693,3727,3164,2976,4005,2599,3719,4061,2383
"FBXW5",3242,3728,3270,3820,3736,2438,3558,2444,3923,3845,2338
"AMZ1",52,73,68,155,104,63,92,56,173,253,146
"NBPF14",396,353,375,285,232,442,414,293,454,377,342
"ERC1",3281,3934,4319,4077,3156,3837,4230,3030,4032,4710,3168
"CCDC172",0,0,0,0,0,0,0,0,0,0,0
"NUP153",6749,8492,7344,8687,5587,6140,8065,5545,8311,8588,5680
"EGR2",30,22,32,56,73,37,35,11,69,87,43
"HEPH",0,0,0,0,0,0,0,0,0,0,0
"PCDH19",3,0,0,3,1,1,0,1,1,2,1
"NELL1",0,0,0,0,0,0,0,0,0,0,0
"DYNC2H1",1475,1702,1429,1539,805,1965,1574,1116,1604,1419,933
"FBXO5",1739,2217,1921,2567,1581,1754,2073,1393,2539,2360,1606
"PAQR6",83,86,70,41,49,85,53,83,75,92,88
"ECI2",1590,1683,1783,1413,1155,1762,1845,1464,1572,1568,1050
"CILP2",92,112,88,132,125,74,105,82,145,213,113
"GAB3",4,2,4,4,0,4,1,0,1,2,0
"MON2",1060,1346,1304,1195,935,1254,1437,991,1537,1558,997
"CYP27B1",865,777,987,921,1023,755,1169,606,1103,1400,799
"FABP9",0,0,0,0,0,0,0,0,0,0,0
"IL17RA",743,756,727,888,754,650,781,678,1140,1046,765
"HINT1",4479,4894,3130,4690,2310,3843,3442,3496,5411,3767,3526
"IL3",0,0,0,0,0,0,0,0,0,0,0
"HS3ST3A1",63,72,89,68,101,43,89,64,49,67,44
"SYNE1",178,182,180,149,77,205,183,147,184,141,114
"SLC6A1",0,0,0,0,0,0,0,0,0,0,0
"OR6B3",0,0,0,0,0,0,0,0,0,0,0
"ST6GALNAC2",125,120,151,157,141,132,138,177,231,218,185
"PHLDA2",1470,1458,1663,1883,2861,1197,1920,1280,1866,2448,1231
"PCDHGA7",2,2,0,0,0,1,1,0,2,1,1
"UBXN10",0,0,0,0,0,0,0,0,0,0,0
"VSTM5",0,0,0,0,0,0,0,0,0,0,0
"ACSL4",3756,4213,5433,3904,3997,4667,5721,3905,4916,5550,3432
"PRODH",0,0,0,0,2,1,0,1,1,0,0
"ICA1",406,448,644,443,471,515,543,480,582,667,420
"ZSCAN5D",0,0,0,0,0,0,0,0,0,0,0
"NUP93",2888,3189,3330,2973,2572,2635,3651,2395,3480,3753,2151
"PANX1",740,804,799,818,572,772,892,639,942,832,659
"CCDC141",0,0,2,0,0,1,2,3,0,0,0
"KDELR1",7586,8350,7546,8434,7251,6833,7387,6954,7607,7344,5961
"AP4S1",186,226,170,211,109,187,179,115,236,170,119
"IGFBP4",349,384,350,640,503,299,315,256,611,528,356
"SMIM11",415,474,420,487,411,414,445,319,516,452,328
"LIN7C",1510,1566,1380,1509,1262,1435,1476,1046,1731,1701,1189
"RIMBP2",0,0,0,0,0,0,0,0,0,0,0
"POLR2C",2711,3503,2652,3640,2037,2485,3147,2222,3547,3470,2288
"FPR2",0,0,0,1,0,0,0,0,0,0,0
"PRRT2",32,29,46,44,75,43,24,44,65,69,43
"NMUR2",0,0,0,0,0,0,0,1,0,0,0
"ZNF788",0,0,0,0,0,0,0,0,0,0,0
"CDH8",0,0,0,0,0,0,0,0,0,0,0
"LIN54",985,1034,971,1006,650,1116,1069,764,1184,1083,776
"POTEJ",0,1,1,0,0,0,3,0,1,1,0
"RP11-433C9.2",0,0,0,0,0,0,0,0,0,0,0
"TEKT1",0,0,0,0,0,0,1,0,0,0,0
"LCLAT1",835,881,860,894,627,931,802,681,1074,744,649
"RAP2A",1668,1833,1914,1550,1468,1862,2129,1360,2041,1893,1261
"FABP7",0,0,0,0,0,0,0,0,0,1,0
"RUNDC1",949,989,1052,1102,974,900,1165,719,1315,1422,859
"AIP",1319,1442,1588,1734,1591,1277,1732,1114,1644,2077,1179
"ALG11",225,266,195,248,173,223,223,165,253,222,146
"AKIRIN2",1368,1424,1606,1624,1672,1325,1555,1234,1904,1986,1193
"LRIG2",844,979,723,869,455,956,711,648,866,640,667
"AC079612.1",0,0,0,0,0,0,0,0,0,0,0
"NPIPB7",6,2,2,1,2,5,2,1,2,0,6
"RP11-408E5.4",0,0,0,0,0,0,0,0,0,0,0
"ELAVL1",5348,6196,6488,6284,5515,4981,6982,4546,6542,7408,4269
"OSTM1",583,625,517,556,454,566,524,427,694,532,452
"ATXN7L1",132,147,131,102,69,129,132,115,139,132,88
"AKAP14",1,0,0,0,0,1,0,0,0,0,0
"NECAB2",1,2,0,0,1,1,2,1,0,1,0
"RP11-503N18.3",0,0,0,0,0,0,0,0,0,0,0
"ANKRD34A",105,81,143,88,157,104,106,92,88,116,71
"MYH11",4,2,2,5,1,0,6,1,3,4,2
"ZDHHC8",1958,2037,1935,2082,2307,1663,1850,1638,2244,2036,1665
"THRSP",0,0,0,0,0,0,0,0,0,1,1
"ZNF488",44,32,75,31,72,43,45,50,47,53,25
"CA6",2,0,1,2,2,0,1,2,3,2,3
"ZNF430",369,478,393,465,291,417,454,307,511,501,406
"TSSC1",1458,1731,1667,1688,1299,1384,1780,1330,1809,1916,1245
"RHOG",1047,1299,1212,1417,1363,904,1334,965,1431,1622,954
"COBLL1",313,319,356,272,225,329,401,308,280,319,233
"DSC2",3735,4192,3350,4646,3359,4375,3927,3652,6579,6470,4991
"DEFB119",0,0,0,0,0,0,0,0,0,0,0
"RAPGEF4",2,1,4,2,4,5,0,4,9,5,6
"RP11-1035H13.3",0,0,0,0,0,0,0,0,0,0,0
"RP11-17M16.1",10,8,11,10,5,11,14,9,12,14,9
"NOXA1",354,353,433,300,416,468,297,555,526,409,563
"OR2T10",0,0,0,0,0,0,0,0,0,0,0
"C22orf29",971,1153,1022,1130,947,768,1099,726,1086,1317,833
"TSSK6",79,96,98,104,91,70,85,81,101,94,83
"TRIM31",1,3,1,4,2,0,0,1,1,9,6
"TOP2B",11000,12557,14508,12603,9239,12457,14851,10080,12865,14040,9191
"GRTP1",98,92,130,105,140,114,95,107,86,120,74
"KCNK13",1,3,2,0,4,1,1,2,7,1,4
"C14orf23",4,2,1,7,2,2,3,5,1,5,3
"KRTAP9-8",0,0,0,0,0,0,0,0,0,0,0
"PCGF6",509,714,614,746,494,480,691,421,702,804,470
"PPP1R9B",3296,3319,4159,3465,4528,2913,3823,3097,3290,4487,2738
"PIGQ",646,671,574,678,656,516,528,579,675,612,545
"OR6C75",0,0,0,0,0,0,0,0,0,0,0
"SP7",0,0,0,0,0,0,0,0,0,0,0
"NOC3L",2602,2603,2986,2970,1881,2316,3424,1911,2984,3528,2154
"TMEM51",319,317,317,410,361,310,417,337,539,510,375
"RTN4RL1",631,590,633,713,957,545,581,519,792,638,504
"PRPF38A",5225,5759,5614,6043,4179,4526,6229,3747,5565,5931,3763
"KRI1",1499,1524,1428,1314,1240,1261,1618,1097,1359,1406,1258
"TACC3",6886,7081,6930,7582,6564,5016,7208,5112,7479,8747,5473
"TFG",5109,5529,5548,5592,4952,5195,6282,4450,6732,6915,4376
"BST1",16,16,15,7,7,10,9,17,9,11,9
"TBCA",3741,4271,3761,4507,3587,4049,3793,3448,4415,4117,3257
"IL9",0,0,0,0,0,0,0,0,0,0,0
"DHRS13",179,210,167,230,227,145,169,147,244,184,150
"PROP1",0,1,0,0,0,0,0,0,0,0,0
"RLTPR",293,229,324,389,539,214,304,242,408,458,267
"WDSUB1",391,396,402,381,291,370,435,358,483,502,282
"THAP4",1176,1432,1425,1508,1405,940,1446,1050,1356,1415,921
"CDCA3",2792,2958,2470,2928,2129,2050,2727,2099,2868,2927,2221
"ANAPC1",5332,6215,6472,6366,4757,5573,6612,4803,6663,6944,4594
"DENND4C",3851,4085,4712,3760,3089,4987,4836,3863,5690,5424,3743
"ALOX12B",20,9,13,25,29,18,20,17,24,25,25
"CASP10",11,6,20,15,7,11,22,13,22,30,23
"GMPR2",1340,1524,1473,1387,1133,1404,1584,1339,1749,1747,1133
"PCDHGA12",0,1,0,2,0,2,1,3,0,0,1
"BRAP",1101,1330,1212,1346,951,1124,1378,908,1531,1588,1007
"COL16A1",3001,3018,2461,2709,2143,2610,2628,2527,2829,2975,2707
"OPRD1",0,1,0,0,0,1,0,0,1,0,0
"DGAT2",383,488,526,500,505,411,535,500,606,796,450
"CAPZA2",2930,3280,2147,2951,1597,3115,2170,2448,3867,2437,2333
"VWA8",1357,1535,1711,1520,1116,1771,1750,1434,1713,1665,1230
"ZEB1",9,7,8,5,3,11,9,5,10,14,8
"SSSCA1",932,1081,784,1038,742,717,953,661,971,974,670
"CD164L2",11,6,10,6,7,18,11,13,10,3,7
"GLI2",0,3,0,0,1,2,1,2,2,1,2
"ZNF124",279,333,289,360,211,241,335,196,348,345,232
"ZNF180",369,453,348,464,244,347,460,321,528,505,376
"TAF9B",458,507,416,420,304,420,488,355,411,355,270
"SLC23A2",2094,2518,2135,2155,1702,2099,2139,1866,2176,1799,1555
"NFU1",946,1004,931,1060,639,916,979,828,1243,1148,799
"GGT5",54,58,39,64,84,44,28,58,80,40,40
"CCND3",4330,4660,4430,4626,4768,3395,4401,3563,4595,5033,3099
"RGL4",2,0,0,0,0,1,0,1,0,0,0
"FOXD4L2",1,0,0,0,0,0,1,0,1,0,0
"DPY30",970,1126,835,1094,658,1110,915,830,1284,884,789
"ACOT2",245,351,236,357,324,218,275,220,418,417,279
"ZNF592",2512,3150,2890,3515,2705,2202,3015,2081,3120,3908,2239
"INMT",0,0,0,0,0,0,0,0,0,0,0
"CEBPA",161,157,161,289,262,149,176,129,236,268,148
"LTBR",6046,7495,6556,7865,6103,5196,6886,5416,7058,7294,5230
"UTRN",1570,1882,1699,1873,968,2365,1727,1560,2014,1660,1388
"SBSPON",5,2,1,2,2,0,4,3,6,2,0
"FOXA2",0,0,0,0,0,0,0,0,0,0,0
"MTFR1L",897,903,1064,830,806,1063,1060,923,1075,1162,752
"FDPS",9734,10545,13296,9692,10166,12718,13481,11197,14204,13461,9858
"NEK2",1843,1815,1711,1694,1182,1602,1876,1447,1916,1700,1349
"RBPMS2",32,27,32,47,59,25,27,38,27,39,22
"SLC12A1",0,0,0,0,0,0,0,0,0,0,0
"CAPN12",9,2,2,0,6,1,5,3,1,1,2
"PSME3",9478,11126,10397,12005,8988,8002,11675,7763,11832,13434,8446
"KLK8",0,0,0,0,0,0,0,0,0,0,0
"ZNHIT6",3578,3611,3821,3587,2894,3362,4359,2386,3613,3967,2671
"THSD7A",1,4,6,1,2,5,0,6,4,2,0
"GDPGP1",101,82,96,67,74,77,108,74,93,150,60
"EIF1AX",9844,11514,8356,11234,7743,8764,9549,6898,11368,9149,7172
"SUMO1",4215,4732,4343,4613,3577,4910,4945,3622,5489,5000,3371
"F2RL2",0,0,0,0,0,0,0,0,0,0,0
"CHST15",902,724,1020,1069,1019,906,961,838,1532,1415,1066
"RP11-58C22.1",0,0,0,0,0,0,0,0,0,0,0
"OR5J2",0,0,0,0,0,0,0,0,0,0,0
"APOL4",0,0,0,1,0,0,0,0,0,0,0
"KIAA0430",1472,1591,1827,1459,1142,1456,1853,1190,1497,1927,1099
"SNX10",433,464,415,360,296,518,394,461,536,430,402
"FAM46A",1485,1531,1728,1495,1372,1544,1398,1133,1664,1280,1095
"GPR89A",113,160,113,121,67,99,122,105,152,122,112
"VWA5B2",9,12,7,33,39,16,13,21,61,87,58
"EBF3",0,0,0,0,0,0,0,0,0,0,0
"PARK2",5,3,4,3,4,12,8,15,8,3,5
"RP11-131H24.4",0,0,0,0,0,0,0,0,0,0,0
"NAALAD2",7,0,1,1,1,5,0,1,1,0,1
"RNF215",267,286,268,252,219,287,255,237,246,242,219
"PALM2",422,399,525,448,457,400,663,310,456,590,313
"RAB11FIP1",1377,1762,1777,2122,1678,1438,1875,1437,2172,2636,1649
"MID1",2021,2140,2298,2050,1682,2216,2400,1751,2858,2865,1854
"MYADML2",1,2,0,1,0,2,0,2,1,0,1
"NRP1",2153,2713,2044,2656,1514,2249,2499,2109,3200,2886,2355
"ERBB3",1603,1470,1675,1599,1458,1690,1629,1548,1982,2069,1694
"N4BP1",1255,1339,1549,1472,1255,1363,1500,1146,1750,1804,1201
"ODF3L2",1,0,2,0,0,0,0,1,0,1,0
"ADCY8",0,0,0,0,0,0,1,0,0,0,0
"GPSM1",6,11,15,18,14,16,22,12,20,40,25
"C1orf50",260,260,221,229,154,214,278,182,260,283,164
"AL589739.1",0,0,0,0,0,0,0,0,0,0,0
"TNFSF18",4,5,1,1,0,0,2,6,4,5,6
"DMRT1",0,0,0,0,0,0,0,0,0,0,0
"DCDC2",2,6,6,4,3,4,4,4,7,1,6
"FBXO11",3361,3592,4043,3876,2941,3955,4465,3164,4970,5106,3352
"AL136115.1",0,0,0,0,0,0,0,0,0,0,0
"INTS4",898,994,935,832,735,863,1150,732,958,1093,626
"CLMP",1688,2115,2084,2247,1644,2032,2251,1811,2548,2649,1857
"ADRM1",5275,6351,4868,7125,6235,3615,5873,3955,6621,7534,4454
"CTBS",295,336,355,346,321,415,354,382,502,422,337
"C7orf49",857,976,875,1023,726,727,992,708,990,1186,811
"ACOT4",48,50,56,103,70,48,68,62,123,139,79
"RP11-345J4.3",0,0,2,0,1,0,1,3,2,0,0
"ZNFX1",2051,2345,2243,2688,1803,1711,2627,1377,3001,3867,2133
"TAC1",0,0,0,0,0,0,0,0,0,0,0
"OR2A5",0,0,0,0,0,0,0,0,0,0,0
"PPP1CB",8556,9869,9063,8965,7662,9179,9253,6645,9967,9452,6819
"FKRP",294,417,265,353,320,266,279,231,342,357,267
"CCDC102B",28,19,55,19,29,28,39,29,26,25,16
"ALG1L",0,0,0,2,0,0,1,0,0,0,0
"GOLGA6B",1,0,0,0,0,0,0,0,2,0,0
"RASGEF1A",4,0,6,3,5,6,9,7,9,13,8
"METTL22",305,283,216,254,187,208,240,204,266,252,221
"FXYD2",0,0,0,0,0,0,0,0,0,0,0
"RNMTL1",1382,1509,1391,1562,1235,1033,1577,929,1543,1657,1032
"SERPINI1",80,93,102,89,62,114,89,85,107,112,72
"RHBDF2",865,815,1047,851,1136,673,988,791,888,1133,659
"STXBP6",0,2,0,1,0,0,0,0,0,0,0
"SPPL3",1339,1547,1476,1569,1556,1301,1446,1344,1588,1499,1159
"YWHAZ",46546,51668,49434,50112,39030,45050,54680,39744,57996,59412,40513
"APOL1",4,6,3,4,4,5,6,7,4,9,7
"POMT2",878,1037,940,953,810,928,1008,766,1067,982,744
"ACBD7",61,64,57,59,39,72,67,59,64,70,51
"FAM124B",0,0,1,0,1,1,1,0,0,0,0
"TMEM241",881,876,1032,825,1021,776,1082,843,927,1124,731
"ZCCHC17",2795,3073,2870,3133,1942,2716,2883,2463,2856,2871,2259
"SLC16A11",0,3,2,1,6,2,2,3,3,2,3
"CAMK1D",174,191,255,245,279,190,198,149,254,248,125
"SLC10A1",0,0,0,0,0,0,0,0,0,0,0
"TRIM44",5865,6859,7068,7527,6002,5530,7386,4828,6980,7780,5204
"DES",0,0,0,0,0,1,0,0,0,3,1
"TOR2A",209,238,236,233,267,178,208,220,249,239,215
"VSTM1",0,0,0,0,0,0,0,0,0,0,0
"CDY2B",0,0,0,0,0,0,0,0,0,0,0
"SMIM5",0,0,0,1,0,0,0,0,3,1,0
"TBX6",154,90,125,133,191,136,108,108,190,229,154
"PPP1R10",4739,4934,5623,4905,4122,3771,5829,4561,4841,6773,4184
"SHANK2",19,22,29,27,31,27,25,24,29,40,21
"TMEM154",2581,2650,3083,2429,2282,2894,3388,3174,4040,3845,3263
"HLA-DRB5",0,0,0,0,0,0,0,0,0,0,0
"ALDH7A1",3178,3298,3811,3078,2982,3446,3733,3022,3657,3519,2359
"MAEA",3676,3820,3740,3929,3356,2875,4274,2541,4304,4843,2708
"NPIPB11",112,112,92,75,84,108,120,79,105,87,73
"ABHD1",1,1,0,0,0,1,1,0,0,1,0
"SKAP1",0,0,1,0,0,0,0,0,0,0,0
"TBRG4",3525,3971,4090,4258,4155,3086,4468,2927,4293,5174,2880
"POU3F3",0,0,0,0,0,0,0,0,1,0,0
"COL17A1",44,52,61,43,46,53,69,48,71,88,54
"TIMM13",2602,3087,2670,3107,3006,1993,2796,1983,2846,2860,1842
"FAM76B",499,637,464,492,370,572,455,412,535,422,354
"GPR101",0,0,0,0,0,0,0,0,0,0,0
"ANLN",6584,7767,6448,8373,4647,6656,7423,5629,9410,8703,6433
"IGFBP6",512,705,521,1137,857,526,516,695,1318,1526,1129
"PNRC1",570,490,643,458,633,711,607,519,735,583,445
"NCR3LG1",342,379,577,906,611,565,542,446,1126,939,760
"AIFM1",4749,5074,5610,4522,4016,4413,5777,3815,4718,5725,3099
"COL27A1",557,514,357,548,420,304,406,319,446,545,467
"SRP54",2321,2549,2808,2433,1716,2515,3122,2136,2829,3092,1932
"RP5-850E9.3",0,0,0,0,0,0,0,0,0,0,0
"METTL8",972,1177,1186,1344,972,966,1212,841,1297,1393,871
"THSD4",1138,1353,1671,1358,1178,1697,1508,1398,1673,1502,1190
"TBC1D8B",103,78,161,59,65,112,112,112,112,151,83
"BET1",769,815,666,694,513,782,620,667,808,678,552
"PRR4",41,57,48,62,38,51,50,48,62,51,36
"TCF3",5657,6479,6735,7278,8346,4898,6725,4599,6295,6984,4357
"SNPH",39,33,54,27,47,49,32,39,36,54,23
"CCL17",0,0,0,0,0,0,0,0,0,0,0
"PARD3",2013,2317,2539,2635,2030,2142,2737,1904,2995,3350,2212
"HOXB3",0,0,0,0,0,0,0,0,0,0,0
"LY6D",0,0,0,0,0,0,0,0,0,1,1
"HCAR3",1,4,0,3,0,1,1,2,2,4,0
"CYP26B1",332,390,475,430,453,460,499,389,521,569,400
"RP11-343C2.9",0,0,0,0,0,0,0,0,0,0,0
"PCGF3",2204,2606,2357,2520,2127,2123,2558,1814,2810,2860,2001
"TOX3",0,0,0,0,0,0,0,0,0,0,0
"MMP21",1,2,1,0,1,1,1,0,2,1,0
"EFR3A",3806,4391,4709,4178,3508,4142,5089,3212,4964,5505,3198
"PTS",631,675,424,666,314,582,488,474,683,600,494
"AC007375.1",0,0,0,0,0,0,0,0,0,0,0
"ACVR2A",398,479,369,475,268,416,388,298,525,389,314
"HECTD2",231,234,237,176,140,196,249,155,208,191,136
"TCEB3CL2",0,0,0,0,0,0,0,0,0,0,0
"ZNF624",62,47,62,58,36,58,59,43,62,50,46
"PYY",2,0,3,3,7,4,1,4,2,4,5
"GEMIN2",799,787,587,729,385,675,594,565,778,538,504
"TRIM13",703,752,561,728,470,669,683,510,760,683,546
"CUL2",2611,2939,3025,3075,2019,2778,3483,2136,3404,3538,2246
"PRAMEF8",0,0,0,0,0,0,0,0,0,0,0
"RIPPLY3",3,7,6,9,7,6,8,5,18,11,11
"POLH",650,541,648,539,532,582,763,434,809,794,494
"GPR123",0,0,0,0,0,0,0,0,0,0,0
"PDZRN4",0,0,0,0,0,0,0,0,0,0,0
"TXNDC12",2784,2974,2403,2525,1580,2563,2713,2220,2618,2264,1631
"VDAC1",11257,12154,13395,12909,10799,11080,14882,9768,14488,16643,9934
"AZI1",507,501,429,352,472,400,455,369,413,411,295
"SLC30A2",0,0,0,1,1,1,0,0,0,2,0
"SLC37A2",113,120,143,90,108,144,186,164,155,226,144
"GRPEL2",1584,1889,1576,2001,1366,1542,1790,1345,2018,1786,1393
"PTPN20B",24,23,22,15,19,32,13,13,23,17,9
"PEX11A",331,306,361,254,201,373,329,338,281,239,200
"KBTBD8",253,213,154,163,69,149,221,116,185,158,113
"SCAND3",292,328,263,232,170,306,355,220,227,258,203
"SRMS",266,203,225,250,309,221,244,195,317,387,219
"HIGD1A",4318,4695,3156,4996,2512,4962,3377,3896,6469,4268,4298
"SERPINB9",37,44,62,46,46,39,61,38,57,82,63
"BAP1",1960,2166,2327,2040,1983,1758,2372,1724,2034,2265,1430
"ARL8A",894,944,1147,1095,1202,1063,1154,1052,1352,1424,939
"C19orf43",3153,4042,3426,4367,4095,2703,3855,2643,3909,4613,2800
"STXBP1",578,591,1110,512,950,720,1092,723,804,1197,565
"AL035406.1",0,0,0,0,0,1,1,0,0,0,0
"GREM1",65,97,75,162,65,71,77,82,176,147,151
"TMEM145",12,10,15,17,12,14,17,8,12,4,13
"SRA1",738,821,667,811,575,609,732,651,798,879,649
"MSH2",5537,6345,6312,6240,4127,5316,6866,4192,6194,6542,4030
"RING1",1151,1355,1199,1184,1052,1009,1234,852,1193,1394,850
"PHF23",2669,2878,2706,2831,2169,2336,2822,1764,2620,2951,1832
"XAGE2",0,0,0,0,0,0,0,0,0,0,0
"AP5M1",2061,2105,2290,1986,1714,2016,2276,1664,2401,2386,1582
"SLC25A6",0,0,0,0,0,0,0,0,0,0,0
"AC013469.1",0,0,0,0,0,0,0,0,0,0,0
"MTRNR2L5",0,0,0,0,0,0,0,0,0,0,0
"PLCXD2",20,22,22,18,12,19,23,13,24,35,23
"FAM124A",25,30,53,49,47,23,40,34,33,55,19
"ANO4",1,0,1,0,0,0,0,0,0,0,1
"NID2",2345,2661,2370,2275,1660,2859,2863,2194,3105,3029,2111
"RP11-62N21.1",0,0,0,0,0,0,0,0,0,0,0
"EFNA2",0,2,1,3,0,0,0,0,0,2,1
"DDO",0,0,1,1,2,1,3,1,1,3,0
"CROCC",336,412,476,328,599,350,440,339,352,461,292
"MYH1",0,0,0,0,0,0,0,0,0,0,0
"SST",0,0,0,0,0,0,0,0,0,0,0
"MAGEA1",0,0,0,0,0,0,0,0,0,0,0
"SELV",1,0,0,0,1,0,0,0,0,0,0
"FAM175B",938,931,929,983,711,802,1044,684,1007,1110,735
"NAV3",219,276,249,298,168,210,431,260,412,633,439
"AQP7",0,0,0,0,0,0,2,0,1,1,0
"MUC7",4,12,6,4,1,2,12,2,2,7,10
"PTRH1",296,228,245,199,286,188,251,215,252,326,183
"NOTUM",0,2,2,0,1,3,2,1,1,1,3
"SLC1A1",137,108,162,131,156,194,213,150,168,186,128
"HEBP1",1332,1561,1537,1431,1245,1201,1660,1146,1640,1718,1068
"DNAJB6",5064,4736,4705,5509,4564,4447,5445,3790,6313,6692,4333
"CAMTA2",2400,2588,3049,2401,2923,2378,2922,2385,2677,3305,2201
"SEMA3E",0,0,0,0,0,0,0,0,0,0,0
"ADAMTS3",92,86,101,66,39,108,98,70,79,39,50
"EEF2",79700,93950,92009,102582,92605,70594,97876,68569,96999,117078,67597
"FZD4",558,527,593,573,477,645,566,514,655,479,419
"KLF11",388,417,464,659,643,422,522,405,811,813,575
"DCAF8L1",0,0,0,0,0,0,0,0,0,0,0
"SLC25A47",0,1,0,0,0,0,0,0,1,0,0
"OR7A10",0,0,0,0,0,0,0,0,0,0,0
"SCIMP",0,0,0,0,0,0,0,0,0,0,0
"SRCAP",10856,13668,12923,15432,13562,9706,13225,8025,12231,15551,9407
"RP11-455G16.1",5,8,7,9,2,8,5,2,10,11,11
"CLK1",1311,1584,1178,1581,714,1737,1132,901,1647,1266,1042
"IFRD1",1679,2110,1643,2454,1541,1428,2186,1249,2822,2893,1886
"OR52I1",0,0,0,0,0,0,0,0,0,0,0
"ADAP1",387,407,510,452,552,340,452,357,468,578,331
"COMT",3579,3979,3579,4751,4367,3203,3949,2873,4888,5367,3146
"CLPS",1,0,0,0,0,0,0,0,0,0,0
"TMCO5A",2,2,3,2,2,3,2,4,2,2,1
"CYB5D1",1926,2048,1955,1949,1602,1678,2125,1381,2143,2351,1543
"STUB1",2794,3255,3079,3563,3372,2291,3174,2213,3196,3537,2279
"FKBP9",2627,3017,2949,2920,2262,2825,2976,2664,3451,3243,2302
"PPP2R5D",2255,2359,2714,2259,2164,2036,2619,1874,2090,2311,1528
"HEATR3",989,1266,1211,1321,849,1053,1232,793,1356,1464,829
"SHB",468,512,538,679,700,377,597,458,631,793,439
"VIPR1",4,3,5,6,4,3,2,5,1,7,4
"SLITRK2",0,0,0,0,0,0,0,0,0,0,0
"METTL21C",0,0,0,0,0,0,0,0,0,0,0
"CTC-236F12.4",3,3,3,3,1,3,1,2,0,2,1
"RHBDF1",1070,1064,1164,909,1136,1098,989,1149,1224,1291,1054
"SLC36A4",1185,1361,1286,1414,1000,1300,1124,992,1642,1170,898
"COL21A1",4,5,4,1,2,5,3,7,1,3,4
"IL10RB",390,375,378,374,256,341,388,371,461,388,360
"AKR7L",9,23,7,12,4,17,14,16,14,3,13
"CIITA",13,11,29,33,67,25,18,10,49,52,25
"CSN2",0,0,0,0,0,0,0,0,0,0,0
"TMEM249",15,18,14,9,14,8,8,12,13,14,13
"AP3M2",2214,2125,2478,2036,1600,2083,2709,1797,2227,2807,1678
"ACOT7",2852,3009,3287,2923,3041,2407,3638,2370,3207,3979,2052
"AP002884.3",0,0,0,0,0,0,0,0,0,0,0
"TM2D3",484,469,418,430,392,478,434,424,488,406,314
"ULK3",1272,1394,1454,1383,1421,1168,1398,1133,1575,1726,1351
"CD22",9,7,1,9,5,7,6,2,8,8,6
"HSD17B7",1412,1375,1505,1382,1077,1377,1748,1315,1825,1497,1055
"TLR5",12,26,44,13,31,24,33,36,21,16,13
"C12orf52",1596,1763,1687,1973,1904,1303,1781,1320,1716,1961,1200
"DISP1",244,216,297,121,139,286,295,215,165,184,112
"GLRX5",1620,1819,1708,1894,1815,1538,1805,1338,1992,1880,1230
"HSPH1",16017,11085,14254,12669,10480,11034,17227,8432,15558,19821,9711
"GLI4",28,36,22,29,36,30,35,23,33,35,26
"ZP1",0,0,0,0,0,0,0,1,0,0,0
"MRPS2",3941,4945,4612,5018,4848,3344,5000,3390,4736,5186,3086
"SH3GL3",9,7,7,5,8,5,6,8,3,6,1
"ERN1",386,415,437,441,342,423,425,366,450,467,402
"AL138847.1",0,0,0,0,0,0,0,0,0,0,0
"KRT76",0,0,0,0,0,0,0,0,0,0,0
"URB1",1738,1915,1963,2054,1657,1506,2131,1329,2057,2400,1361
"OR8D1",0,0,0,0,0,0,0,0,0,0,0
"HRG",25,27,20,26,6,17,36,24,17,20,8
"PLK3",1020,891,933,780,699,741,1002,650,976,1120,825
"CCL28",0,0,0,1,0,0,0,0,0,1,3
"LPAR4",0,0,0,0,0,0,0,0,0,0,0
"VDR",2558,2713,2959,2304,2109,2060,3087,2058,1808,2222,1458
"EPB41",3780,3919,5014,3841,3544,3835,4886,3373,3822,4481,2844
"DEPTOR",80,63,127,58,116,73,136,84,56,90,46
"RGS5",61,49,59,62,36,63,64,42,41,39,26
"HYAL3",338,357,367,400,381,264,414,257,409,499,285
"ANKRD6",49,67,58,60,63,45,45,54,53,49,45
"PRKAA1",1614,1969,1601,1804,1386,1661,1934,1276,1979,2133,1343
"RPS6KA5",93,92,114,104,75,115,141,91,108,121,82
"BTN3A2",958,852,1245,642,764,891,1283,775,708,882,521
"PDGFC",973,1277,1012,1038,630,1183,1141,883,1056,844,644
"FAM129B",11165,12433,13126,13173,15077,9405,14356,9960,13813,17859,10596
"TMEM139",147,200,211,212,213,212,188,181,304,308,259
"DTX4",1741,1781,2004,1716,1817,1616,1823,1595,1865,2172,1407
"USF2",2835,3514,2943,3536,3241,2416,3233,2159,3181,3428,2237
"PTDSS1",10521,12150,9120,12420,8774,8292,10641,7399,11867,11162,7480
"NLRX1",481,673,674,552,679,478,656,568,637,610,382
"CAPG",4704,5135,5758,5076,4739,5041,6016,4680,6443,7766,4577
"SARS",4915,5768,5364,5702,4730,4983,6209,4321,6477,6877,4395
"PREP",2226,2560,2723,2755,2107,2252,2940,1917,3166,3409,1994
"CAND2",2,3,2,2,3,5,1,1,0,3,3
"CLASP2",2083,2313,2407,2279,1770,1985,2856,1633,2548,2911,1711
"AL627309.1",123,161,136,168,185,171,150,133,229,218,245
"ZC3H12D",61,51,71,58,66,50,32,72,74,56,54
"CC2D2B",0,0,0,0,0,0,0,0,0,0,0
"MPC2",771,814,722,764,565,796,745,676,988,792,514
"TAS2R10",0,0,2,0,0,5,1,2,5,0,0
"MCU",1259,1376,1570,1439,1200,1216,1614,1147,1600,1724,1195
"TIPARP",1412,1734,1555,1645,1035,1503,1875,1169,1901,2047,1098
"SH3BGR",77,70,69,72,60,71,78,58,53,98,49
"SMG7",5559,6669,7071,6957,5595,5265,7322,4759,6748,8333,4907
"ARHGEF25",338,336,441,273,439,392,380,348,345,301,242
"SORL1",28,29,44,52,27,32,29,33,68,70,52
"SENP5",2817,2659,2897,2693,1984,2541,3165,2105,3102,3522,2156
"DCLK3",0,0,0,0,0,0,0,0,4,0,0
"MPO",1,0,0,0,0,1,3,0,1,2,2
"KLHL1",0,0,0,0,0,0,0,0,1,0,0
"ZNF267",691,824,740,815,563,724,820,655,968,967,805
"OR6C65",0,0,0,0,0,0,0,0,0,0,0
"AL021546.6",0,0,0,0,0,0,0,0,0,0,0
"SLC2A1",5286,7744,5862,7939,6892,5781,6680,6865,9365,8663,6655
"C14orf144",0,0,0,0,0,0,0,0,0,0,0
"AK4",3610,4522,4674,4610,3463,4294,4849,3552,5043,4654,3128
"RPS6KC1",613,626,636,576,435,586,710,494,723,781,516
"FCER2",0,0,0,0,0,0,0,0,0,0,0
"GNAS",10493,11229,12443,12096,12374,11591,13429,9914,15553,14897,9655
"TNR",0,0,0,0,0,0,0,0,0,0,0
"FAM104A",993,1174,1009,1252,956,1040,1166,836,1352,1389,972
"CIDEA",3,4,1,0,0,2,1,0,1,5,1
"HAS1",0,0,0,0,2,0,0,0,0,0,0
"FIP1L1",1301,1475,1470,1691,1297,1127,1619,1038,1473,1680,1227
"TRIM46",70,55,64,90,110,90,66,59,146,137,123
"PARPBP",949,980,1056,955,668,1075,930,845,1166,800,664
"TMEM50B",504,446,362,335,246,488,360,392,489,371,339
"ABCC1",3397,3790,3629,4174,3314,3333,3735,3135,4378,4192,3227
"SDC1",3469,4036,3537,4958,4046,3312,3727,3304,5252,4706,3522
"MRPS31",906,965,1062,958,699,784,1121,699,937,1022,689
"C9orf172",18,26,23,15,27,9,18,9,7,19,17
"PPP1R1A",0,0,0,0,0,0,0,0,0,0,0
"WBP5",442,512,638,503,488,592,545,493,606,555,440
"PRMT3",1080,1295,1092,1221,829,1010,1160,884,1257,1035,852
"MGAT1",2207,2525,2215,2734,2354,1881,2340,1926,2387,2609,1791
"PPP2R3B",0,0,0,0,0,0,0,0,0,0,0
"C3AR1",5,10,16,11,22,16,19,18,32,30,26
"ARIH2",4463,5309,5188,5142,4241,4224,5416,3761,5462,5913,3869
"KDM2B",1909,2058,2328,2146,2271,1815,2418,1731,2187,2657,1614
"PHF16",1739,1628,2089,1837,1552,1586,2110,1327,1844,2061,1205
"TMEM163",0,0,0,0,0,0,0,0,0,0,0
"SMPD3",1,4,1,6,4,2,2,1,3,5,2
"MTX1",811,967,829,844,709,764,857,668,935,917,599
"TMEM126A",612,707,443,691,254,629,490,537,762,477,521
"OR2T1",0,0,0,0,0,0,0,0,0,0,0
"ENO2",1069,1148,1482,1658,1990,1428,1311,1254,2681,2523,1671
"ZNF510",827,711,881,682,485,893,909,681,884,882,564
"UPP1",1826,2140,1889,2320,2010,1567,2139,1588,2566,2872,1677
"CCDC17",79,70,59,70,41,70,60,57,86,60,78
"C9orf173",1,4,0,0,0,2,5,2,3,1,0
"NRCAM",136,127,167,144,125,190,162,184,237,217,185
"BEX1",0,0,0,0,0,0,0,0,0,0,0
"RCC2",21943,22867,24153,22023,22537,18064,25163,16491,22423,25289,14765
"STOX1",38,38,35,35,27,32,51,23,51,34,33
"ANAPC13",959,1198,1039,1070,647,961,1206,871,1129,1147,752
"MAVS",3487,3531,3812,3081,3230,3016,3922,2629,3295,4551,2512
"GPS2",2211,2407,2017,2639,2748,1776,2363,1577,2706,2971,1886
"MYH13",0,0,0,0,0,0,0,0,0,0,0
"RP11-770J1.5",0,0,3,3,1,2,0,2,1,3,2
"ZNF213",364,409,393,394,460,217,378,339,370,400,235
"WEE1",2163,2087,1915,1950,1613,1942,2041,1454,2151,2070,1447
"LAT",114,73,68,47,47,75,87,50,69,72,81
"UBE2W",1164,1274,1106,1083,804,1259,1210,919,1374,1061,855
"KRBA2",166,145,204,127,103,189,182,145,151,172,100
"SAV1",2513,2918,3042,3168,2669,2840,3222,2512,3653,3878,2642
"DHX57",1421,1591,1575,1372,971,1421,1781,1136,1479,1567,952
"MYZAP",0,0,0,0,0,0,0,0,0,0,1
"POTEC",0,0,0,0,0,0,0,0,0,0,0
"GATA1",0,1,0,0,0,0,0,0,0,1,0
"CABP7",0,0,1,0,0,1,0,0,0,2,0
"COL6A5",0,0,0,0,0,1,0,0,0,0,0
"UGT1A8",0,1,0,0,0,0,0,0,0,0,0
"TEX22",25,22,29,29,20,9,25,18,18,23,26
"CKAP2L",1684,1684,1855,1548,917,1666,2029,1525,1660,1682,1395
"ZNF212",533,698,655,653,519,524,613,492,698,731,513
"PCDH11X",1,0,0,0,0,0,1,0,0,0,0
"CLCA1",0,0,0,0,0,0,0,0,0,0,0
"CDC5L",4672,5267,5260,5715,3736,4723,5870,3735,5528,6260,3849
"CACNA2D3",0,2,0,0,1,0,0,0,1,2,1
"ARHGEF9",604,670,916,695,655,802,860,772,935,998,817
"VAX2",110,93,129,103,128,125,107,95,117,101,83
"INPPL1",4958,5285,5461,4972,4567,4890,5265,4485,5605,5920,4329
"AC135048.1",3,2,1,0,2,2,1,2,1,4,0
"ENGASE",857,572,644,347,519,556,632,536,533,549,371
"SSU72",4310,4962,4925,5332,5204,3935,5546,3757,5536,6030,3615
"CLTA",2236,2589,2165,2876,2529,1956,2550,2037,2915,3002,1986
"SCAND1",716,778,738,830,967,616,716,627,917,920,571
"TSPAN12",184,155,154,146,122,148,166,135,172,242,121
"TAS1R2",0,0,0,0,0,0,0,0,0,0,0
"MTRF1",336,316,339,194,174,370,308,258,317,276,193
"CTD-2521M24.10",0,0,0,0,0,0,0,0,0,0,0
"POTEG",4,9,8,9,8,5,10,8,19,15,7
"HSF4",471,446,460,332,337,431,440,502,430,477,501
"PI16",0,0,1,1,0,0,0,1,0,2,2
"GAMT",220,227,259,377,412,236,262,225,496,390,237
"L3MBTL2",1303,1578,1455,1265,1172,1000,1663,964,1283,1779,926
"CREB3L2",804,743,1027,751,822,898,887,829,848,871,705
"DBX1",0,0,0,0,0,0,0,0,0,0,0
"DNASE2",1085,1382,1237,1501,1318,1323,1226,1229,1752,1550,1216
"PVALB",0,0,0,0,0,0,0,0,0,0,0
"AC084121.16",0,0,0,0,0,0,0,0,0,0,0
"ORMDL2",701,812,585,831,493,732,728,709,1014,916,667
"CHAF1A",3295,3964,3582,4148,3619,2819,4019,2658,3905,4356,2982
"NAT1",63,81,58,83,44,76,71,62,77,92,64
"AC040160.1",0,0,0,0,0,0,0,0,0,0,0
"NKX2-8",49,40,78,32,78,53,52,42,53,79,25
"SPAST",736,849,720,679,476,728,744,589,722,599,462
"DRAXIN",0,0,3,0,1,2,0,1,0,1,0
"S100A12",0,0,0,0,0,0,0,0,0,0,0
"RAD51C",863,907,872,838,570,718,1036,603,837,845,546
"CLNK",0,0,0,0,0,0,0,1,0,0,0
"CACYBP",5731,5945,5802,6592,5187,5134,6484,4215,6634,7018,4382
"TPPP2",0,0,0,0,0,0,0,0,0,0,0
"ACBD4",447,336,385,317,344,449,345,340,432,425,359
"PRKAR2B",197,256,207,177,151,226,208,173,192,234,131
"SPTBN2",4072,4331,4615,4624,4556,3568,4630,3302,4511,5283,3315
"RGN",0,0,0,0,0,0,0,1,0,0,0
"CCDC79",74,63,55,69,34,64,72,54,70,66,55
"SSX3",0,0,0,0,0,0,0,0,0,0,0
"IPO9",4663,5707,5127,5633,4146,4534,5593,3928,6108,6691,4185
"ZNF792",32,25,24,23,18,20,31,36,31,32,20
"PLG",0,0,0,0,0,0,0,0,0,0,1
"OGFOD3",1219,1711,1503,1692,1382,1207,1534,1198,1528,1505,881
"AC110771.1",4,5,11,1,6,7,5,8,7,5,3
"DUSP19",63,57,83,30,49,88,69,42,34,36,18
"CCL13",0,0,0,0,0,0,0,0,0,0,0
"PTPRD",1,0,1,1,0,0,0,0,0,0,0
"ADAMTS15",19,10,6,16,4,5,6,10,16,9,7
"FAM229B",72,87,63,50,20,82,66,67,65,34,39
"C9orf40",1289,1454,1348,1226,1230,1022,1421,874,1284,1265,748
"GIF",0,0,0,0,0,0,0,0,0,0,0
"PTK2B",1007,880,1069,842,926,844,1130,832,995,1278,760
"AC006946.15",0,0,0,0,0,0,0,0,0,0,0
"SLC25A33",736,806,725,901,589,601,853,557,863,858,562
"STAP2",597,611,696,694,685,570,745,589,821,1141,635
"GSTZ1",225,274,244,200,154,215,273,210,237,280,164
"GZMM",0,0,1,1,0,1,0,0,1,3,1
"SRSF7",7396,7250,6613,7243,5159,5725,7349,4843,7650,7911,5045
"STXBP5",1057,1173,1173,1121,880,1055,1409,906,1284,1346,868
"OR8D4",0,0,0,0,0,0,0,0,0,0,0
"DLX2",63,65,44,79,55,39,60,32,54,79,39
"PIRT",0,0,0,0,0,0,0,0,0,0,0
"KLHL5",2803,3177,3144,3290,2348,3093,3480,2696,4244,4313,2866
"FBXO16",111,80,101,78,56,115,94,113,80,68,57
"JOSD2",295,276,262,251,276,173,252,195,289,331,181
"ATP13A1",2603,2812,2178,2710,2458,2073,2318,1978,2751,2683,1903
"BAG5",2907,3191,3121,3286,2535,2654,3431,2292,3404,3665,2434
"C9orf57",0,1,0,0,0,0,0,0,0,0,1
"IKBKG",706,785,805,862,858,579,838,602,909,1207,708
"TLK1",1732,2006,1980,1934,1508,1876,1999,1579,2093,2102,1483
"ZMYND10",10,7,7,4,4,9,2,3,5,5,5
"ENO4",6,5,2,4,1,3,4,4,1,9,2
"ASTE1",236,225,208,220,132,187,242,181,213,216,144
"C6orf47",1362,1549,1517,1492,1323,1225,1690,1335,1591,1823,1202
"SULF2",2564,2630,2754,2078,1976,2665,2914,2065,1920,2032,1333
"C16orf89",0,0,0,0,0,0,0,1,0,0,0
"IL1B",275,230,722,301,447,498,958,596,488,1015,590
"RNF8",1567,1583,1902,1692,1435,1547,2022,1289,2034,2061,1271
"FAM107A",0,0,0,0,0,0,0,0,1,0,0
"GALNT4",9,12,7,10,10,17,10,7,18,11,10
"MUC3A",0,0,0,0,1,0,0,0,0,0,0
"ARHGAP30",9,5,1,15,7,7,5,4,14,13,19
"SETD8",3430,3679,3648,3662,2816,2746,4005,2547,3356,3784,2434
"TMOD4",31,14,15,16,9,14,20,12,13,11,13
"NDUFB3",1200,1257,699,1201,608,1179,730,951,1310,945,848
"DNAH10",0,4,3,1,2,2,3,2,3,2,2
"GPM6A",5,2,15,6,8,5,2,4,2,2,3
"ZNF613",117,123,125,112,71,92,133,87,123,128,93
"PDIA3",17187,18004,16642,18737,12357,17118,18407,14686,21457,20894,14389
"ATXN10",2798,3238,3236,3169,2263,2738,3248,2537,3450,2947,2217
"RP11-382J12.1",2,0,3,4,3,0,2,2,0,0,3
"EPB41L5",1075,1182,1327,1242,889,1201,1404,1003,1511,1683,1095
"RFNG",980,1033,886,816,901,835,985,816,881,795,630
"CCDC152",0,0,1,0,0,0,0,0,0,0,0
"PPP1R1C",0,1,0,1,0,0,1,1,1,2,0
"ABHD12B",0,0,0,0,0,0,0,0,0,0,1
"ZNF85",222,235,164,200,127,165,184,167,228,222,154
"TMEM31",3,2,1,1,1,2,2,3,2,2,2
"INTS12",556,670,595,624,424,537,685,480,721,742,490
"ROBO2",1,1,0,0,0,1,0,0,1,0,0
"ZNF727",5,4,3,6,3,1,0,3,4,3,4
"SLC10A4",0,4,0,1,1,0,0,0,0,0,0
"SLC9B2",420,444,536,492,458,458,562,402,447,467,341
"RP11-1021N1.1",0,0,0,0,0,0,0,0,0,0,0
"NSUN7",76,91,148,92,115,104,114,111,146,114,86
"FAM181B",3,1,2,2,0,2,5,1,1,4,1
"PLB1",19,33,22,18,13,26,25,33,17,28,20
"PAQR4",2548,2926,2723,3223,3275,2102,2733,2400,3194,3009,2383
"CSNK2B-LY6G5B-1181",0,0,0,0,0,0,0,0,0,0,0
"UTP18",3025,3735,3749,4095,2710,3229,4035,2712,4115,4334,2847
"CACNB4",50,32,70,43,68,69,79,58,88,102,77
"ARHGAP40",384,412,355,259,217,395,354,394,393,368,387
"FUT2",106,91,132,113,131,174,103,168,224,229,143
"GBA",1569,1795,1444,1862,1270,1379,1554,1304,1996,2250,1404
"CKAP2",5168,5415,5227,5432,3658,4828,5667,4027,5864,5684,3839
"CYP2C18",0,0,0,1,0,0,0,0,0,0,0
"PDCD5",2615,2950,2638,3169,2271,2295,2936,2056,3050,3289,2137
"TP53BP2",2608,2869,2996,3222,2310,2632,3313,2411,3540,4026,2619
"LETM1",6274,6947,7059,7148,7521,5289,7304,4958,7307,8750,5359
"SLFN13",0,3,3,4,0,0,3,1,1,4,1
"HLA-DQB2",0,0,0,0,0,0,0,0,0,0,0
"COMMD7",1006,1163,937,1053,709,1061,997,1021,1343,1130,839
"DDX54",4344,5303,5452,5608,6310,3641,5728,3619,4911,6389,3600
"TRIM56",1419,1409,1616,1417,1445,1141,1656,1032,1392,1914,1174
"CTB-133G6.1",0,0,0,0,0,1,0,0,0,0,0
"NBPF1",1418,1604,1295,1456,947,1382,1449,1064,1732,1614,1153
"SLC13A1",0,0,1,0,0,0,0,0,0,0,0
"TRIQK",441,470,549,436,372,599,527,474,659,514,464
"RDH11",3760,4324,3827,4373,2830,4219,3977,3852,5081,3983,3774
"SDR42E1",0,0,0,0,0,0,0,0,0,1,0
"STAR",1,0,0,0,0,1,1,0,0,0,1
"S100PBP",1379,1374,1497,1223,1004,1505,1500,1019,1492,1245,911
"COMMD3",175,181,140,116,53,156,137,157,193,151,113
"DUOXA2",0,0,0,0,0,0,0,0,0,0,0
"ATP6V0A1",1896,1803,1937,1942,1700,1862,2022,1516,2225,2590,1642
"MOB3A",1102,930,1355,856,1242,1069,1297,998,1069,1104,684
"DDX20",1585,1899,1694,1994,1272,1523,1980,1338,1898,1916,1405
"NR1H4",0,0,0,0,0,0,0,0,0,1,2
"PRDM2",1402,1526,1527,1589,1268,1433,1608,1088,1853,1912,1387
"ANKRD60",0,0,0,0,0,0,0,0,0,0,0
"DEFB128",0,0,0,0,0,0,0,0,0,0,0
"KRTAP6-2",0,0,0,0,0,0,0,0,0,0,0
"NDNL2",691,724,659,735,652,644,788,574,843,789,504
"KPNA4",6791,7911,7577,8534,6162,6847,9090,5505,9716,10281,6576
"PNLIPRP3",847,900,868,536,326,1115,1055,874,733,701,495
"ZNF850",354,318,258,304,173,244,339,232,327,308,267
"RNF185",1063,1181,1074,1199,779,959,1136,896,1200,1214,841
"RSRC2",2959,3473,3519,3678,2906,3493,3530,2537,3571,3843,2583
"IQGAP2",11,11,18,5,10,9,11,4,5,5,2
"C9orf41",2861,3267,3090,3109,2806,2520,3675,2044,3285,3642,2214
"KCNH3",9,8,4,10,4,2,3,5,14,13,7
"MMP14",340,414,374,524,368,468,350,433,625,611,541
"ICA1L",172,158,134,150,74,153,150,115,158,121,109
"UCN3",0,0,0,0,0,0,0,0,0,0,0
"WNT3",425,509,498,524,397,446,501,449,479,420,357
"NUP50",4789,5436,4977,5733,4085,4285,5647,3456,6042,6238,3980
"SLC35B4",699,704,727,569,462,683,709,595,650,511,487
"MOBP",0,0,0,0,0,0,0,0,0,1,0
"PLA2R1",37,36,48,20,19,61,25,43,38,23,27
"DSEL",940,1031,781,1192,574,875,878,721,1070,823,700
"SLC16A7",443,564,564,429,357,531,541,432,435,417,333
"MRPS15",4595,5322,4035,5432,3419,4137,4619,3947,5830,5037,3951
"PRL",0,0,0,0,0,0,0,0,0,0,0
"SCN1A",0,0,1,0,0,1,0,0,1,0,1
"KCNU1",0,0,0,0,0,0,0,0,0,0,0
"ULBP1",23,28,17,21,26,32,30,29,19,31,22
"C1orf52",785,793,678,859,646,712,760,578,849,757,603
"VCAN",250,386,324,461,247,325,336,264,448,389,289
"SAMHD1",898,983,1033,883,678,808,1176,612,930,1338,572
"SERPINC1",2,3,3,2,0,3,4,2,1,2,3
"MC3R",0,0,0,0,0,0,0,0,0,0,0
"ELTD1",0,0,0,0,0,0,1,0,0,0,0
"AC011484.1",0,0,0,0,0,0,0,0,0,0,0
"TPH2",0,0,0,0,0,0,1,0,0,0,0
"GAS2",7,6,13,3,5,5,5,4,2,8,1
"SS18L1",1945,1709,1865,1478,1446,2006,1902,1273,2148,1935,1383
"BTBD11",0,0,0,0,0,0,0,0,0,1,0
"C8orf58",109,154,129,129,129,100,126,119,163,150,138
"AVEN",755,886,836,893,661,716,1092,635,988,1205,669
"ART5",0,0,0,0,0,0,0,0,0,0,0
"OMA1",286,297,445,280,275,360,431,319,290,345,200
"ZNF462",1300,1346,1361,1520,1095,1272,1480,997,1443,1577,1141
"TSTD2",1037,1119,1063,992,785,984,1173,887,1104,1314,904
"OR1L4",0,0,0,0,0,0,0,0,0,0,0
"PIGL",222,271,166,243,132,205,160,231,249,181,186
"HOXD11",21,15,16,39,30,25,13,9,21,20,17
"UBN1",3034,3304,3636,3356,3005,2723,3599,2466,3310,4094,2430
"PPIL4",2567,2627,3004,2761,2025,2652,3180,2013,2791,3325,2101
"ATL1",270,291,271,278,195,326,316,292,412,402,250
"STXBP4",274,284,303,217,146,288,296,211,306,246,129
"KLHL34",12,15,16,27,20,4,23,10,27,27,18
"SLC39A10",1817,1683,1558,1399,1148,1641,1652,1343,1624,1273,1080
"LDLRAD3",2232,2640,2659,2897,2515,2452,2428,1878,2765,2102,1673
"CCNH",1476,1836,1887,2030,1398,1788,2043,1547,2307,2287,1568
"PCDHB17",0,0,0,0,0,0,0,0,0,0,0
"CCDC166",0,0,1,1,3,0,0,0,0,1,2
"TAF1D",1888,2150,1582,1933,1041,1976,1676,1513,2182,1756,1847
"RBFOX2",2742,2964,3172,3095,2708,2938,3194,2556,3509,3437,2329
"PPAP2C",1603,1888,1718,2248,2022,1635,1628,1645,2279,2089,1457
"DARC",0,0,0,0,0,0,0,0,0,0,0
"SHISA3",3,0,7,3,5,2,1,0,2,0,0
"GAGE12C",0,0,0,0,0,0,0,0,0,0,0
"C8orf12",0,0,0,0,0,0,0,0,0,0,0
"MED27",1184,1375,1178,1343,980,970,1375,987,1443,1478,1047
"LCE2D",0,0,0,0,0,0,0,0,0,0,0
"CARS",1968,2667,2457,2573,2099,2077,2589,1952,2723,2914,1872
"RP11-1105G2.3",4,21,1,10,7,9,9,6,7,6,16
"CREB3L1",2,6,6,6,2,5,3,8,1,6,5
"SEC14L4",21,24,40,24,21,24,34,24,31,37,20
"C6orf136",919,1055,1071,1117,1013,804,1038,820,1023,1201,843
"NT5C1A",1,0,1,0,1,4,6,3,1,0,1
"POLD1",2318,2759,2592,2601,2743,1864,2580,1782,2440,2657,1685
"GOLGA1",910,999,1002,805,616,900,932,850,838,746,665
"ELFN2",288,237,359,432,504,286,296,323,573,813,533
"GFPT2",1127,936,1242,1235,1267,901,1557,850,1799,2612,1324
"MAPRE2",662,747,717,515,434,598,965,570,539,833,420
"DNAJB8",0,0,0,0,0,0,0,0,0,0,0
"RP11-176H8.1",0,0,2,0,0,0,0,0,0,0,0
"POU6F2",1,7,4,1,2,2,1,0,6,4,1
"XYLB",475,538,609,481,481,413,674,375,440,642,373
"IMPA2",1815,1905,2100,1723,1852,1712,2099,1572,1909,1974,1205
"ZFP3",111,105,113,113,106,122,106,79,178,130,111
"ZDHHC14",323,367,394,348,394,303,476,306,323,438,227
"FBXO4",183,203,159,202,123,167,158,178,219,194,162
"FETUB",2,2,2,8,6,7,4,7,5,10,6
"GSX1",0,0,0,0,0,0,0,0,0,0,0
"PSMB6",4282,4404,3859,4380,2968,3372,4505,3063,4401,4868,3006
"TNKS2",2444,2566,2575,2484,2126,2648,2797,1961,3147,3085,2211
"U2AF1",4701,5537,4323,5325,4170,4548,5168,3232,5784,5555,3945
"PNRC2",4813,5091,4343,5245,3053,4428,4591,3636,5241,4723,3685
"CUZD1",73,65,41,57,38,62,58,44,68,65,61
"FRG1B",524,510,616,484,436,545,562,478,446,473,363
"SYT17",73,59,98,66,97,117,79,92,110,111,77
"AP000322.54",0,0,0,0,0,0,0,0,0,0,0
"AC011897.1",9,10,27,8,19,12,23,17,22,17,11
"PLA2G4A",150,195,382,156,156,276,333,256,227,192,115
"B3GNT2",1030,1095,953,1155,915,1083,1099,877,1503,1151,915
"PGM2",1701,1876,2113,1668,1442,1571,2398,1413,1974,2472,1414
"KLF13",2014,1811,2527,2440,2793,2076,2344,1850,2852,3134,1896
"VAMP5",10,21,24,14,8,11,22,34,15,17,15
"ZNF500",422,419,378,355,331,313,376,304,393,362,263
"ITGA7",34,29,40,24,35,32,34,27,42,22,20
"LYPLA1",3277,3961,2761,3415,2582,3333,2826,2616,4037,2873,2553
"COX6A1",683,693,554,619,285,567,686,581,972,634,509
"ZNF639",1461,1800,1519,1858,1191,1439,1704,1297,1985,1604,1303
"PTPRN2",4,9,14,12,23,13,19,10,14,38,15
"RENBP",1,4,1,0,2,0,1,0,0,4,3
"MARK4",514,520,689,530,617,542,626,581,466,555,413
"TENM2",20,28,27,17,21,44,19,22,11,10,5
"SLC35D3",1,1,0,7,4,2,2,2,2,0,1
"GADL1",2,2,0,0,0,4,1,3,1,0,4
"SBDS",8322,9149,8474,10155,6808,7446,9812,6216,11078,12399,7602
"CHORDC1",5456,3778,4684,3786,3700,4063,5554,2670,4514,5471,2825
"AL590560.1",1,1,1,1,0,0,0,0,0,1,1
"AC011366.3",0,0,0,0,0,0,1,0,0,1,0
"XPO5",6613,7938,7636,7976,6085,6260,9089,5521,8558,9726,5666
"SBSN",24,18,8,28,19,10,12,10,33,50,28
"ZNF558",527,471,555,405,331,492,557,485,479,430,348
"SAMD5",219,192,241,135,131,179,278,122,106,151,91
"ITPRIPL1",0,0,0,0,0,0,0,0,0,0,0
"PGPEP1L",2,1,1,0,0,1,1,0,2,0,2
"REEP1",9,8,13,8,17,11,11,14,31,31,9
"METTL25",80,133,125,124,75,91,118,79,143,126,87
"NHP2L1",3568,3887,3780,4046,3902,3015,4139,2793,4270,4298,2582
"THBS2",0,0,0,0,0,0,0,1,0,0,0
"P2RY11",111,178,122,159,142,131,121,86,122,149,97
"CFP",23,21,15,15,12,21,15,12,16,15,16
"NUP62",2697,3100,2873,3275,3463,2091,3070,2206,3220,3762,2410
"TMEM130",0,0,1,0,0,1,0,1,0,1,0
"APOD",0,0,0,2,0,0,0,0,0,1,0
"NAALADL1",1,0,0,0,0,2,0,0,0,2,0
"KIAA1522",6748,6924,7485,7057,7577,6247,6940,6376,7608,8175,5851
"DHRS9",11,3,6,6,6,11,13,15,25,32,31
"MS4A2",0,0,0,0,0,0,0,0,0,0,0
"SH3BGRL3",2666,3314,2949,4045,3702,2387,3662,2678,5086,6458,3718
"NDUFC2",147,158,89,152,66,138,163,88,216,132,86
"RNF13",2491,2790,2187,2764,1865,2733,2568,2310,3365,2615,2039
"SGSM1",3,1,2,3,2,1,2,1,2,2,2
"HDGF",30797,34241,35881,36153,31625,28522,37309,26243,31770,36010,25634
"AL596220.1",0,0,0,0,0,0,0,0,0,0,0
"C10orf128",0,0,0,0,0,0,0,0,0,0,0
"FAM65A",3240,3815,4824,4886,5752,3144,4381,3493,4907,5608,4117
"PTGIR",0,0,0,0,0,0,0,0,0,0,0
"SLC25A18",229,234,293,313,310,222,253,214,300,328,224
"KCNG2",0,0,0,0,0,0,0,0,0,0,0
"DNAJC24",263,262,246,188,131,272,293,172,236,208,174
"RAB3C",53,46,60,27,17,33,59,31,29,33,13
"TRIM14",1822,1784,2372,1368,1859,1391,2324,1371,1426,2058,1149
"C4orf6",0,0,0,0,0,0,0,0,0,0,0
"ZNF517",38,49,56,40,34,35,44,42,32,46,38
"CSTF2",1124,1327,1312,1452,1154,922,1655,844,1394,1852,997
"ZMYM5",341,370,321,339,236,411,387,309,479,427,357
"GRP",0,0,0,0,0,0,0,0,0,0,0
"TTC17",1940,2147,2015,2224,1366,2014,2147,1685,2346,2542,1660
"MUC19",1,0,1,0,0,0,0,0,2,0,1
"AP000695.1",0,0,1,1,2,1,1,1,1,5,1
"GPR61",0,2,0,0,0,0,0,0,0,0,0
"USP39",3490,3988,4226,4153,3332,3465,4383,3207,4552,4893,3031
"UBB",22125,22592,20444,22129,19159,18319,22890,15498,22834,26449,15217
"OR2Y1",0,0,0,0,0,0,0,0,0,0,0
"WNT11",42,58,71,103,144,63,53,70,146,138,92
"PIH1",0,0,0,0,0,0,0,0,0,0,0
"RNF219",1259,1502,1438,1455,1029,1267,1523,1035,1606,1620,1008
"DEXI",540,657,669,613,783,443,708,461,616,679,420
"GABRQ",0,0,0,0,0,0,0,0,0,0,0
"RTCB",3070,3628,3415,3649,2985,2683,3904,2336,3922,4070,2628
"DSCR8",0,5,1,1,2,2,0,3,11,1,1
"SH2D1B",1,0,0,1,0,0,0,0,0,2,1
"PTPN18",851,974,1051,929,967,862,1128,805,1006,1228,833
"OPN1MW",0,0,0,0,0,0,0,0,0,0,0
"LSAMP",0,0,0,1,0,0,0,0,0,0,0
"PRIMPOL",978,1080,1066,1006,711,903,1139,783,1073,1104,731
"AC073343.1",0,0,2,0,1,1,0,0,5,1,0
"LCE2C",0,0,0,0,0,0,0,0,0,0,0
"CTD-2207O23.12",0,0,0,0,0,0,0,0,0,0,0
"ZNF416",198,173,169,165,102,170,203,130,204,200,162
"FNBP4",3944,4781,3773,4496,2514,4079,3927,3500,4555,4110,3977
"VCY1B",0,0,0,0,0,0,0,0,0,0,0
"CAPN9",0,1,0,0,0,0,0,0,0,0,0
"ZNF454",0,0,0,0,0,0,0,0,0,0,0
"PPP5D1",3,6,2,4,6,2,2,5,6,6,9
"B3GNT1",710,565,698,504,571,634,640,601,511,393,280
"AKR1B1",5906,6350,7054,6066,5407,6336,8114,5846,8498,11936,6376
"NR2F1",680,593,974,617,970,803,799,600,605,552,380
"ANO9",499,479,521,362,407,598,517,587,693,515,674
"NT5C",536,673,565,711,722,440,552,579,746,625,522
"AC021860.1",4,3,2,1,2,1,1,4,2,0,3
"OR1L6",0,0,0,0,0,0,0,0,0,0,0
"RTEL1",1261,1418,1146,1082,1022,1080,1088,1063,1091,812,992
"QSOX2",2859,3074,2918,3236,2728,2426,3001,2369,2995,3037,2265
"CNOT3",2230,2736,2619,2808,2836,1948,2475,1875,2616,2876,1874
"CCNY",2320,2867,2877,2816,2902,2430,2888,2124,2949,3023,2042
"RPS20",15964,16767,8071,16192,5651,14330,8937,11398,18225,9874,11762
"PSKH2",0,0,0,0,0,0,0,0,0,0,0
"GEM",63,74,56,115,87,72,86,49,139,162,83
"RDM1",45,36,47,44,34,31,40,35,34,49,24
"YPEL4",0,0,2,2,2,7,2,1,0,3,1
"SPRR2E",0,0,1,0,1,0,2,0,1,5,1
"DPH3",1251,1395,1145,1419,742,1203,1202,868,1652,1383,1034
"ZNF586",318,321,320,345,188,320,347,264,383,331,259
"CCDC68",302,403,398,360,200,410,418,304,355,347,293
"PER3",49,73,67,87,84,52,80,42,66,80,51
"SAMM50",2290,2637,2383,2530,2065,1946,2538,1829,2583,2741,1723
"RIN3",739,795,751,958,925,527,758,614,911,1083,671
"TMEM201",2456,3036,2177,3301,2824,1724,2514,1809,2657,2780,2019
"EDIL3",179,208,111,192,106,150,101,89,94,47,35
"ZNF107",832,810,734,775,441,791,732,562,803,727,637
"MALSU1",599,643,583,575,420,530,621,456,667,584,466
"NANOGNB",0,0,0,0,0,0,0,0,0,0,0
"RP11-1C1.5",0,0,0,0,0,0,0,0,0,0,0
"E4F1",663,822,564,747,699,583,694,558,789,791,582
"PPP1R42",0,1,0,0,0,0,0,0,0,1,0
"PAPL",307,253,325,325,359,298,446,353,533,656,352
"SPARC",9,12,10,10,7,8,5,18,10,4,4
"ZNF138",338,328,272,318,178,339,299,228,353,221,232
"C1orf189",2,1,0,2,1,1,1,3,1,2,3
"RP11-1026M7.2",0,0,0,0,0,0,0,0,0,0,0
"ATG14",867,1132,738,885,559,835,861,708,975,856,666
"RAC2",1331,1362,1761,1337,1959,1373,1846,1435,1892,2195,1249
"FRMPD3",1,2,1,1,0,0,1,1,1,0,0
"ZNF503",155,142,158,180,196,128,186,106,206,247,121
"GABRP",3,2,6,1,1,1,3,10,0,2,0
"TBX1",0,0,0,2,0,0,0,0,0,0,0
"CPED1",1,1,1,2,4,5,0,6,1,5,1
"EIF2S1",5642,6891,6367,7303,4543,5803,7178,4869,7928,7872,5192
"TWISTNB",1603,1702,1801,1778,1578,1483,1770,1333,1773,1618,1346
"CLN3",1425,1488,1571,1589,1810,1623,1472,1544,2129,1887,1269
"RP11-1055B8.7",556,539,815,579,930,683,710,636,671,722,465
"TTC5",548,632,644,463,422,514,670,483,461,529,325
"OR13C8",0,0,0,0,0,0,0,0,0,0,0
"IL27RA",1339,1392,1257,1500,1188,888,1394,940,1490,1594,1101
"FAM102A",534,546,517,548,548,470,502,395,590,728,392
"ADHFE1",9,3,6,6,7,10,5,8,8,2,2
"NEFH",0,0,0,0,0,0,0,2,0,0,0
"ZNF197",518,498,516,500,370,511,587,411,552,642,420
"CAV3",0,0,0,1,0,0,0,0,0,0,1
"MSL2",1870,2123,2046,2115,1602,1847,2170,1341,2219,2235,1451
"FAM20C",2038,2295,2856,1829,2340,1977,2820,2233,1939,2221,1417
"SIVA1",1137,1377,811,1306,711,839,907,878,1342,971,810
"PIFO",2,1,0,0,2,0,0,1,0,0,0
"VGLL2",5,3,3,11,7,6,4,6,9,4,1
"HTR5A-AS1",0,0,0,0,0,0,0,0,0,0,0
"RNF24",582,527,789,516,651,832,623,646,784,696,474
"PRSS23",512,676,452,926,482,446,531,577,1233,1112,938
"SIGLECL1",0,0,0,0,0,0,0,0,0,0,0
"NR1I2",0,0,0,0,0,0,0,0,0,0,0
"B9D2",54,71,46,56,42,48,48,41,42,59,26
"BTN3A3",184,135,259,102,157,185,243,183,169,185,90
"PTGDR",0,0,0,0,0,0,0,0,0,0,0
"PJA2",974,965,1095,751,778,1221,1102,951,1036,997,686
"CHRNA4",0,0,0,0,0,0,0,0,0,0,0
"SCN7A",0,0,0,0,0,0,0,0,0,0,1
"AC002310.13",0,0,0,0,0,0,0,0,0,0,0
"BTF3L4",3194,3746,2929,3823,2301,3246,2901,2733,3922,2882,2515
"MAGEE2",0,0,0,0,0,0,0,0,0,0,0
"B9D1",235,192,151,148,107,206,166,209,239,149,142
"OR13A1",0,0,0,0,0,0,0,0,0,0,0
"AL133481.1",0,0,0,0,0,0,0,0,0,0,0
"TCN1",2,13,13,14,16,19,18,13,19,23,17
"FCAR",0,0,0,0,0,0,0,0,0,0,0
"PATE3",0,0,0,0,0,0,0,0,0,0,0
"IFT20",357,365,301,370,217,356,314,316,419,296,263
"AKR1CL1",4,0,6,1,2,2,9,1,4,2,7
"KRBA1",413,439,385,358,374,326,378,309,339,378,278
"MATN4",15,10,7,8,6,10,5,8,7,12,2
"SSR4",4478,4853,3352,4817,2678,3802,3786,3241,5155,4378,3224
"BX088651.1",1,1,0,0,0,1,0,0,0,0,0
"AC138969.4",107,79,65,79,53,89,82,60,84,89,54
"OST4",1581,1674,1290,1446,1192,1528,1468,1283,1738,1703,1152
"KRTAP19-5",0,1,0,0,0,0,0,0,0,0,0
"VPS28",420,446,454,418,352,403,466,433,584,543,408
"AP1S1",4681,4997,5989,4809,4854,4776,5746,4486,4688,5381,3402
"ATR",4018,4500,4604,4359,2829,4319,4814,3396,4733,4627,3102
"ZNF66",109,146,117,136,89,110,109,81,124,125,105
"FRAT2",1154,1129,1360,1398,1466,1125,1288,976,1419,1364,894
"ERICH2",20,23,26,26,9,21,28,16,28,26,15
"CCDC92",167,213,229,249,279,244,177,203,344,261,223
"TBR1",1,0,1,3,0,4,2,1,1,1,0
"MAPRE3",227,166,235,210,219,212,242,207,286,480,244
"CDK5RAP2",3224,3682,3651,3828,2669,3316,3756,2882,4012,4354,3237
"SPON2",29,19,27,15,41,38,17,20,41,35,18
"ARL2BP",1748,1873,1774,1518,1117,1621,1671,1515,1722,1440,1043
"TREML4",1,1,0,0,0,0,0,0,0,0,0
"LIMD1",2210,2244,2416,2045,1941,2208,2633,1872,2379,2675,1697
"NOTCH4",26,41,31,51,42,33,34,32,46,61,36
"NOS1",0,0,0,1,0,0,0,1,0,0,0
"KLK10",0,0,1,2,0,0,0,0,1,2,1
"CCDC50",4295,4993,4774,4517,4014,4854,5398,3997,5294,5627,4080
"GXYLT2",290,342,494,269,312,457,453,339,306,286,217
"SMOC1",4712,5153,6683,4539,4751,7092,6135,5399,5130,5036,3257
"C18orf8",1406,1411,1617,1385,1211,1279,1814,1101,1443,1886,1024
"OVOL1",296,267,268,479,384,173,321,189,551,760,342
"SKOR1",1,4,3,1,3,1,4,6,3,3,2
"SLC7A6OS",1244,1203,1222,1130,904,1107,1319,905,1213,1355,977
"CCL4L1",1,0,0,0,0,0,1,0,0,0,0
"CPA6",0,0,0,0,0,0,0,0,0,0,0
"CEP170",2371,2481,2829,2367,1728,2798,3186,2005,2904,3010,1824
"NPBWR1",24,36,29,96,69,15,38,29,83,105,50
"RDH13",515,560,592,581,709,379,624,425,583,668,403
"KRTAP19-3",0,0,0,0,0,0,0,0,0,0,0
"FAM86B2",32,37,45,45,34,25,41,34,38,48,32
"KLHDC10",2163,2188,2664,2239,2036,2247,2825,1967,2695,2674,1875
"HMCES",2529,2842,2856,2953,2424,2326,3060,2216,2945,3327,2215
"GYG1",1983,2259,1774,2012,1191,1784,2139,1526,2212,2020,1362
"SP8",65,73,83,83,137,76,75,56,75,99,53
"MYCBP",930,1019,935,869,655,815,972,759,959,962,625
"TMEM99",342,378,335,348,273,270,355,293,379,426,271
"TMBIM1",3819,4318,4756,4570,4823,4473,5117,4615,6770,7720,4971
"COA6",1496,1815,1238,1542,1147,1427,1362,1209,1714,1282,1055
"PITPNA",4447,5240,5205,5472,4759,4587,5608,4202,5655,6127,4172
"SLC6A17",30,40,41,67,71,42,51,51,104,117,82
"CGNL1",2,2,0,0,1,0,0,1,1,0,1
"B4GALT1",3879,5031,4517,5124,4083,4376,4408,3965,4921,4828,3508
"ATP7B",233,188,243,145,177,220,194,175,163,154,120
"BSPRY",418,435,531,521,640,411,587,467,694,992,544
"TDRKH",527,521,860,535,619,583,804,579,663,936,480
"WFS1",427,420,381,390,513,299,339,385,489,431,350
"MCTS1",1316,1511,1188,1490,827,1359,1343,1139,1644,1425,1070
"CTC1",1093,1133,1127,988,1103,874,1195,757,1139,1529,874
"GPR78",0,0,0,0,0,0,0,0,0,0,0
"MBD3L5",0,0,0,0,0,0,0,0,0,0,0
"CYP27A1",9,7,3,7,4,4,3,5,6,3,1
"SPESP1",0,0,0,0,0,0,0,0,0,0,0
"NTHL1",541,559,624,477,559,414,651,458,501,573,342
"SYCE1L",21,23,22,23,22,23,15,21,22,18,22
"NCR3",0,2,2,1,1,1,0,0,0,0,1
"COL10A1",0,0,0,0,0,0,0,0,0,0,0
"PBX3",365,403,446,412,310,323,478,276,485,474,252
"TMEM92",9,11,26,5,12,22,9,16,9,6,7
"PRR13",921,1015,974,1229,1153,851,1181,914,1463,1656,1127
"C2orf80",0,0,0,0,0,0,0,1,0,0,0
"AL035681.1",0,0,0,2,0,0,0,0,1,0,0
"EGR3",178,195,213,317,359,169,219,162,327,344,181
"MIOX",1,0,2,2,0,0,1,1,2,0,1
"METRN",1182,1262,1237,1269,1882,1071,1234,1036,1322,1400,861
"YIPF4",1516,1557,1420,1386,1204,1716,1585,1168,1820,1495,1164
"TMED1",435,553,418,578,376,356,461,354,597,582,364
"HIST1H1B",36,60,21,83,19,5,18,12,37,41,20
"SERPINB4",74,89,112,88,81,84,92,127,153,206,118
"HSFY2",0,0,0,0,0,0,0,0,0,0,0
"SZT2",1528,1685,1544,1216,1163,1465,1639,1186,1396,1563,1146
"C3orf62",163,204,173,153,120,184,191,117,215,169,157
"KCNC1",6,2,3,8,1,1,4,3,4,5,5
"TDGF1",0,0,0,0,0,0,0,0,0,0,0
"CRLF3",736,838,826,952,738,799,972,660,1076,1048,677
"GZMK",0,0,0,0,0,0,0,0,0,0,0
"CRNN",2,0,0,0,0,0,0,0,0,0,0
"PRR21",0,0,0,0,0,0,0,0,0,0,0
"TBC1D17",789,874,881,847,894,776,827,752,882,897,680
"MUC17",0,0,0,0,0,0,0,0,0,0,0
"ASCL2",0,0,0,0,0,0,0,0,0,0,0
"RAB19",9,9,22,4,8,7,19,7,11,8,1
"CGB8",0,1,0,5,1,0,2,0,5,6,3
"RNF217",851,948,796,770,673,1077,878,653,1029,876,620
"GPR176",447,505,503,499,346,514,590,524,593,586,463
"CMAS",5530,5987,5964,5978,4162,5369,6927,5038,7003,8162,5212
"CDIPT",2093,2260,2377,2138,2375,1797,2359,1922,2058,2513,1397
"MELK",1718,1860,1832,2056,1424,1797,2088,1515,2439,2325,1638
"IRF2BP1",827,1058,983,1091,1299,630,1005,714,985,1160,652
"APOA2",0,0,0,0,0,0,0,0,1,0,0
"SLC35F2",2675,3024,2513,3130,2110,2540,2715,2092,3170,2900,1988
"HTR3E",1,0,0,0,0,0,0,0,0,0,0
"MED9",443,542,479,510,476,411,521,467,449,517,331
"TTLL7",155,158,167,128,78,193,205,151,182,181,125
"GNAT3",0,0,0,0,0,0,0,0,0,0,0
"PLEKHB2",4671,5049,5550,5321,4589,4317,5897,4144,5968,7106,4205
"FAM160A2",937,979,1012,919,884,836,913,787,954,1022,817
"MTHFSD",498,466,513,474,447,402,507,371,442,529,326
"SKIV2L2",5650,6529,6956,6867,4995,5634,7608,4605,6934,8110,4746
"SLC26A2",4187,5263,4465,4551,2570,6045,3746,4111,4577,2733,2650
"FAM198B",4,5,2,8,9,4,0,2,15,5,8
"RFX1",601,584,622,555,737,513,585,409,600,667,409
"FILIP1L",0,0,1,0,0,0,0,0,0,0,0
"GNPNAT1",6382,7291,6410,7262,5193,6370,6839,4752,8101,7069,4994
"POLR2G",2668,2786,2115,2441,1502,2400,2461,2101,2665,2302,1750
"BIRC5",5291,5957,5002,6517,4679,4437,4969,4130,5913,5193,4086
"C5orf58",0,0,0,0,0,0,0,0,0,0,0
"MCM3AP",3829,4473,4431,4372,3621,3498,4592,3277,4432,4853,3059
"HECA",1166,1280,1613,1302,1455,1555,1664,1273,1670,1711,1215
"EXD1",2,0,5,2,4,3,0,6,3,10,4
"CYP4F12",5,1,5,2,3,2,9,5,5,21,10
"REL",1067,1209,1106,1162,857,1241,1103,961,1380,1181,1053
"ZNF71",220,240,214,201,208,204,236,189,229,267,141
"RNF186",0,0,0,0,0,0,0,0,0,0,0
"GUK1",3812,4116,3755,3972,3780,3319,3817,3189,4540,4642,3061
"UTS2B",0,2,3,0,1,2,0,2,1,3,2
"KIAA0391",1416,1491,1696,1241,1130,1511,1702,1225,1487,1687,978
"RP11-332O19.5",29,34,13,16,17,21,26,22,37,29,14
"ZNF765",378,357,331,391,186,290,398,282,405,436,317
"BMP1",1513,1741,1482,1613,1223,1425,1426,1373,2005,2116,1635
"CCAR2",5600,6664,6219,6301,5932,4701,6552,4350,5806,6783,3944
"MBL2",0,0,0,0,0,0,0,0,0,0,0
"GATA6",347,368,325,405,402,286,378,258,452,447,326
"POPDC2",15,17,3,14,5,8,3,8,15,16,17
"OR2J1",0,0,0,0,0,0,0,0,0,0,0
"ATXN7",1311,1521,1432,1422,1023,1332,1554,1030,1469,1532,1091
"ZNRF4",0,0,0,0,0,0,0,0,0,0,0
"FKBP6",0,0,0,0,0,0,0,0,0,0,0
"AC069368.3",0,0,0,0,0,0,0,0,0,0,0
"SLC2A6",282,427,349,621,546,366,371,381,893,745,567
"NBAS",592,750,751,742,528,703,796,599,784,933,511
"HPCA",1,1,3,2,2,3,0,2,2,3,2
"DPM1",2611,3115,2238,3171,1709,2743,2692,2216,3607,3035,2328
"P2RY10",0,0,0,0,0,0,0,0,0,0,0
"CYP4F22",0,0,0,0,0,0,0,0,0,0,0
"ZNF18",206,237,241,204,132,184,215,196,212,222,162
"MFGE8",602,570,727,576,651,781,521,560,665,509,406
"SESTD1",1332,1615,1827,1263,1100,1696,1887,1412,1662,1611,1211
"CTIF",617,499,747,481,633,627,624,715,510,552,467
"ABCC2",287,317,289,330,222,388,314,314,561,499,497
"FTSJ1",2770,3162,2927,3443,2947,2450,3323,2284,3594,4081,2445
"OR5P3",0,0,0,0,1,0,0,0,0,0,0
"CNNM2",204,200,263,173,183,267,254,210,192,155,113
"PROSC",2217,2361,2448,2220,1873,1931,2836,1683,2650,2908,1574
"CEP89",512,626,594,556,472,485,654,432,485,627,429
"GLB1L",82,89,88,72,70,94,69,91,98,80,55
"SOX8",0,0,0,0,0,0,0,0,0,0,0
"ADCY5",0,1,1,1,0,0,1,0,0,0,0
"TNNT1",673,774,936,898,1042,922,911,845,1259,1160,840
"RHBG",2,2,1,0,2,1,1,2,0,1,0
"PI15",4,7,1,3,1,6,3,4,2,1,8
"AGAP10",18,12,14,10,9,8,19,9,19,10,10
"SPOCK1",685,748,899,1084,889,751,853,670,1252,1763,864
"ZNF217",2665,2547,2759,2780,2483,2904,2701,2173,3489,3316,2155
"CES2",2715,3074,3082,2803,2537,2482,2994,2737,2818,3205,2375
"RUVBL1",5041,5714,5567,6035,4780,4266,6276,3911,5816,6809,3978
"SLC9C1",0,0,0,0,0,0,0,0,0,0,0
"SARS2",46,51,25,42,36,30,33,21,33,34,28
"CSF1R",35,46,29,71,47,35,30,34,71,127,54
"JPH4",0,0,0,0,0,0,0,0,0,0,0
"CCDC108",0,0,0,0,0,0,2,0,0,0,0
"KIAA0825",43,35,25,30,18,38,35,30,39,37,33
"SOCS5",1064,1157,1080,1135,794,1036,1045,756,1242,1055,771
"AL441883.1",46,46,35,25,20,16,26,18,29,23,20
"KRT26",0,0,0,0,0,0,0,0,0,0,0
"USP32",1870,2071,2417,1913,1612,2217,2562,1873,2372,2805,1689
"HEPACAM2",0,1,0,0,0,1,0,0,0,1,0
"ZNF782",419,408,398,343,211,313,431,312,333,470,286
"PIP5KL1",358,291,367,267,320,390,330,370,420,414,323
"FAM110B",16,28,16,25,9,19,24,5,16,16,16
"CHKA",641,733,875,881,776,752,789,592,903,1006,568
"APP",12287,13610,13322,14297,12161,14072,14380,11852,17520,17043,12646
"COLGALT1",4690,5556,4906,5700,4775,4095,5098,3983,5889,5965,3981
"TXNDC5",8886,10269,9055,10511,7410,7803,10141,7439,10837,10286,7197
"NOXRED1",9,5,3,3,2,5,2,4,3,6,3
"HMMR",5618,5606,5363,6317,4101,5266,5578,4699,7071,5897,4832
"ARMC12",45,36,31,22,23,47,35,32,39,23,22
"SPINK8",0,0,0,0,0,0,0,0,0,0,0
"DRG2",1100,1393,1272,1366,1106,995,1402,963,1300,1504,931
"FASTKD5",1121,1229,1231,1358,948,919,1348,906,1422,1415,927
"KRR1",3199,3748,3527,4044,2463,3250,3753,2689,4125,3904,2950
"PRSS46",0,0,0,0,0,0,0,0,0,0,0
"URGCP-MRPS24",0,0,0,0,0,0,0,0,0,0,0
"CSMD3",8,5,10,3,1,2,5,7,9,15,13
"RGS11",6,6,14,9,16,8,9,11,21,22,15
"FAU",9643,11512,8138,11723,9159,7076,8775,7439,10387,9950,7034
"CYP4Z1",37,25,19,19,22,28,27,18,36,13,21
"ERO1L",6924,8438,7912,8664,6713,8482,8359,6943,10894,8743,7087
"PPP2CA",4843,5537,4957,5265,3988,4631,5801,3843,6346,5825,4168
"CLEC3A",2,0,0,0,0,0,0,0,0,0,0
"SYCE1",0,0,0,0,0,0,0,0,0,0,0
"PRAMEF18",0,0,0,0,0,0,0,0,0,0,0
"PABPN1L",0,0,0,0,0,0,0,0,0,1,0
"ZNF695",688,615,586,567,429,532,612,421,697,634,406
"ZNF616",426,299,408,290,220,330,418,245,374,374,244
"NKX1-1",0,0,0,0,0,0,0,0,0,0,0
"BACE1",848,881,862,892,682,809,847,698,895,983,631
"PRKDC",26045,35701,30057,38227,19682,35988,34211,21651,35919,34623,23591
"SPTA1",0,0,0,1,0,0,0,0,1,0,0
"BPY2",0,0,0,0,0,0,0,0,0,0,0
"NHEJ1",520,677,505,697,489,412,581,352,627,725,397
"SEC14L2",334,367,330,262,226,287,410,274,333,456,259
"GLYATL3",0,0,1,0,0,1,0,1,1,0,0
"PPM1E",22,33,33,32,38,33,46,22,29,20,21
"CHRM1",0,0,0,0,0,0,0,0,0,0,0
"SQRDL",230,260,266,228,186,249,344,273,377,413,300
"KLHL2",1541,1502,1786,1419,1503,1595,2107,1215,2084,2309,1382
"OR6A2",1,0,2,1,0,3,0,2,1,3,1
"FAM102B",777,669,882,633,582,912,729,669,856,674,500
"IDS",4009,4272,4560,6470,5997,4789,4872,4183,8504,10091,6209
"CENPT",1529,1477,1122,1018,767,1152,1183,991,1151,1030,1002
"SPECC1",1156,1574,1229,1557,933,1134,1213,975,1380,1300,959
"TCOF1",11593,13259,13348,14533,13011,8791,14646,8802,12153,16052,10650
"CLEC4D",0,0,0,0,0,0,0,0,0,0,0
"LAS1L",3667,4293,4315,4537,3786,3085,4646,2887,3963,5104,2838
"SALL4",8,11,22,13,8,10,6,13,18,7,20
"HEMGN",0,0,0,0,0,0,0,0,0,0,0
"PHF13",951,1132,1108,1184,1049,1023,1077,890,1138,1040,697
"NKX2-4",0,0,0,0,0,0,0,0,0,0,0
"SCN9A",20,23,29,23,27,35,26,20,36,27,20
"C2orf91",0,0,0,0,0,0,0,0,0,0,0
"EIF2B2",1252,1342,1267,1266,999,963,1525,866,1362,1568,811
"ZIC2",237,225,305,257,389,252,299,207,268,276,203
"PPP1R3F",170,140,174,165,183,159,175,105,182,233,134
"ARMCX1",0,0,0,0,0,0,0,0,0,0,0
"PTBP2",624,767,514,611,403,730,517,492,697,521,465
"TM4SF18",0,0,0,0,0,0,1,0,0,0,0
"SOX2",1,0,0,0,0,1,0,0,0,2,3
"STAB2",0,0,3,0,0,0,1,0,0,0,0
"AVPR2",18,14,13,12,18,10,6,9,9,8,14
"SMC4",19901,21652,22074,22366,13827,20655,22625,15259,23345,23527,15581
"PDS5B",1908,2018,2272,2162,1501,2109,2306,1614,2438,2399,1775
"CHFR",674,843,789,897,706,772,855,734,1049,1148,754
"AQR",5530,6536,6832,6539,4318,5320,7530,4899,6640,7966,4717
"AC009041.2",0,0,0,0,0,0,0,0,0,0,0
"SOGA1",5088,4705,6025,5370,5730,4755,5532,3658,5531,5985,3648
"OR9A4",0,0,0,0,0,0,0,0,0,0,0
"SMIM6",0,0,0,0,0,0,0,0,0,0,0
"CCL16",0,0,0,0,0,0,0,0,0,0,0
"UBXN4",5345,5738,5836,5609,4052,5793,5843,5025,6519,6321,4958
"CDH13",2086,2139,2107,2065,1504,2410,2339,2193,2939,2254,1963
"ZFHX4",119,184,156,138,68,181,165,96,116,82,56
"RP11-497E19.2",0,2,0,0,0,0,0,0,0,0,0
"SLC25A45",272,281,258,392,357,259,262,245,419,449,376
"MEX3C",3066,3662,4005,3740,3015,3783,4295,3076,4590,4169,3000
"AC073063.1",1,0,1,2,0,0,0,0,1,0,1
"DMC1",1,5,0,7,6,5,11,2,5,9,7
"FLNA",97668,118143,98420,140789,103257,84058,112374,80110,126257,143101,93508
"MUC15",0,0,2,1,1,0,0,2,0,0,0
"GOPC",3596,3679,4142,3251,2936,3752,4447,2768,3974,4177,2656
"HSDL2",3103,3549,3616,3479,2726,3430,3894,2632,3765,3964,2514
"CLCNKA",0,2,1,1,2,0,1,0,1,0,2
"DSP",11696,13978,12726,15628,9393,14316,13483,9547,16129,16660,11910
"ZYG11B",1822,1866,2127,1460,1182,2082,1892,1479,1704,1406,1079
"RCBTB2",179,208,143,165,77,127,197,87,159,187,89
"AL645730.2",0,0,0,0,0,0,0,0,0,0,0
"STAU1",8352,9459,9605,9521,8775,7846,10491,6971,9904,11603,7068
"USP51",0,0,0,0,0,0,0,0,0,0,0
"HSD11B2",199,226,187,214,220,153,163,154,252,242,177
"OR51Q1",0,0,0,0,0,0,0,0,0,0,0
"EIF3CL",990,1075,1020,977,906,860,1424,739,1328,1469,762
"FNTB",224,260,281,245,206,189,310,173,262,307,159
"RP11-404L6.2",0,0,0,0,0,0,0,0,0,0,0
"NDEL1",1716,1784,1828,1843,1634,1835,1927,1384,2264,2214,1596
"TRIM60",0,0,0,0,0,0,0,0,0,0,0
"LTN1",2005,2123,2381,2182,1647,2408,2596,1760,2706,2599,1738
"PAPOLB",0,0,0,0,0,0,0,0,0,0,0
"ISG20",40,53,45,119,85,45,64,36,234,281,143
"CAPN15",2733,2921,2721,2937,3507,1841,2731,1993,2677,3109,2071
"DOK6",3,3,8,9,4,12,11,11,6,3,2
"C19orf57",157,160,194,366,264,149,195,137,313,423,251
"AC093677.1",6,9,1,6,0,6,8,2,6,5,4
"PTPLAD2",1,1,0,0,0,1,1,0,0,0,1
"TMEM164",1505,1754,1818,1631,1467,1365,1847,1281,1507,1791,1167
"CLDN10",1,2,0,0,0,0,0,1,0,0,0
"HTR1D",162,136,193,213,225,187,215,162,370,444,277
"SERAC1",402,445,464,393,332,427,505,339,500,526,334
"GOLGA6C",0,0,0,0,0,0,0,0,0,0,0
"ZNF254",96,122,98,134,63,116,105,92,112,119,92
"NUP133",3605,4187,4396,3638,2647,3528,4635,3206,3821,3944,2487
"TFAP2B",0,0,0,0,0,0,0,0,0,0,0
"TMEM256",99,98,100,97,48,91,88,128,105,93,64
"MICAL3",2860,3246,3170,3431,2933,2759,3354,2281,3475,3902,2481
"PPP1R12A",2494,2886,2945,3025,2263,2538,2969,2113,3118,3427,2461
"PTGES3L",17,16,16,25,13,22,15,14,30,16,20
"PDE6G",5,2,4,4,4,3,5,2,8,4,6
"STS",629,718,661,762,584,699,630,499,1185,1028,704
"CHRNA3",0,0,1,0,0,0,0,0,0,0,0
"VCX3A",0,0,0,0,0,0,0,0,0,0,0
"AC005481.5",0,0,0,0,0,0,0,0,0,0,0
"TGFBR3L",56,63,79,88,114,44,67,49,83,85,60
"RPS18",33400,35159,19107,36416,15017,32353,21802,27632,41546,24157,27058
"C10orf11",0,0,0,0,0,0,0,0,1,0,0
"OR10P1",0,0,0,0,0,0,0,0,0,0,0
"BHLHE22",2,1,0,0,0,0,1,0,2,0,1
"AGPAT5",3150,3671,3089,3742,2351,3158,3332,2562,4065,3461,2552
"WHSC1L1",4057,4359,4358,4118,2904,4291,4753,3345,4525,4841,3337
"WDR83OS",676,801,642,675,558,494,754,610,747,663,472
"PLEKHH1",271,239,276,182,179,240,319,199,249,254,196
"CADM2",0,1,0,2,2,1,0,1,1,1,0
"RAB32",1538,1697,1276,1822,881,1431,1369,1483,2043,1514,1279
"C21orf2",104,124,117,137,130,75,101,99,133,159,70
"ATG4C",452,425,516,395,417,377,561,376,438,446,268
"HTR3B",0,0,0,0,0,0,0,0,0,0,0
"RARRES2",0,0,0,0,0,0,0,0,0,0,0
"C1orf233",497,661,695,1282,2033,511,626,615,1379,1227,830
"APOBEC4",0,0,0,0,0,0,0,0,0,0,0
"SFRP5",0,2,0,0,1,1,0,0,0,3,0
"RPS27L",324,335,230,335,149,320,217,282,385,298,278
"C9orf72",0,0,0,0,0,0,0,0,0,0,0
"ILF2",9937,11143,10635,11501,8007,8661,11494,8166,11802,12401,7973
"ADSS",5135,5572,6317,5609,5048,5458,6373,4710,6674,7063,4516
"FAM126B",660,661,534,555,332,604,527,398,641,540,465
"TIGIT",0,0,0,0,0,0,0,0,0,0,0
"ZNF614",265,222,190,217,126,231,190,184,244,212,183
"AHDC1",1117,977,1423,851,1350,1208,1115,929,1063,1121,687
"FOXD4",16,22,17,22,8,15,22,17,23,17,16
"POU3F2",5,1,1,1,2,1,2,0,2,7,1
"TNKS1BP1",8579,9330,8950,9518,8753,8519,8694,7239,9952,9822,7189
"ELF2",789,856,876,852,653,774,1030,704,957,892,658
"MAP1LC3A",47,75,70,67,60,76,60,49,60,68,51
"WFDC13",0,0,0,0,1,1,0,0,0,0,0
"SAP18",3727,4243,3551,4358,2349,3636,4028,2933,4426,4295,3042
"KIAA1462",60,65,78,69,75,64,91,62,68,75,57
"MPP6",1142,1219,1322,1187,955,1016,1565,861,1258,1419,887
"GTF3C5",3394,4069,3536,4246,3177,2716,3775,2660,3736,4240,2712
"TTN",1,2,3,1,1,3,2,1,2,2,3
"NRBP1",2518,2789,2827,2822,2598,2338,3051,2202,3155,3764,2278
"CD79B",0,0,0,0,0,0,0,0,0,0,0
"OSBPL5",947,936,1448,887,1546,1031,1197,997,988,1060,683
"NCEH1",1205,1347,965,1492,741,1155,1239,994,1905,1629,1323
"HCAR1",0,0,0,0,0,0,0,0,0,0,0
"FANCC",619,818,772,738,527,530,851,574,698,808,479
"PIK3R5",9,6,14,13,19,11,12,10,7,19,6
"C1orf227",1,1,2,0,0,5,2,2,3,5,0
"PPARGC1B",648,772,822,794,726,915,792,617,888,821,548
"ASXL1",4869,5878,5132,5670,4224,4918,5373,4206,6070,5801,4253
"PGAM1",7941,8722,8901,10183,8599,7397,9007,6983,10625,10269,6989
"COMMD3-BMI1",0,0,0,0,0,0,0,0,0,0,0
"RPS6KA3",4758,5517,6023,6470,4912,5822,6453,4693,8151,8178,5469
"HDAC3",2488,3040,2674,2809,2099,2488,2782,2264,2947,2837,1993
"NELFB",3571,4119,4151,4186,4736,2988,4394,2996,3797,4391,2572
"PCDHB3",0,2,0,1,2,2,5,2,1,1,1
"KPNA7",24,47,20,39,21,26,52,53,61,120,75
"PROC",3,1,0,5,3,2,0,1,1,3,1
"CHID1",1612,1778,1680,1758,1653,1471,1793,1351,1744,1863,1164
"UPK3B",24,28,32,35,29,30,17,40,30,53,39
"ABRACL",1380,1657,1175,1728,885,1787,1146,1509,2393,1609,1520
"FRMD7",0,1,1,0,0,1,0,0,3,0,0
"GORASP1",1016,1178,1116,1040,976,993,1168,917,1141,1193,759
"IMP3",1879,2084,1833,2008,1957,1435,2093,1505,2049,2043,1332
"PLA2G4B",44,28,19,22,16,37,23,22,23,17,17
"ATP6V1G2",14,7,14,16,18,9,5,10,14,18,13
"WDR25",189,204,196,194,190,167,217,159,191,231,136
"RP11-169F17.1",0,0,0,0,0,0,0,0,0,0,0
"PRKD1",167,145,183,99,111,156,210,155,121,92,66
"ZNF683",0,0,0,0,1,0,0,0,0,0,0
"SLC32A1",0,0,0,0,0,0,0,0,0,0,0
"STK19",305,311,258,249,220,249,269,279,292,247,228
"RCAN3",804,1114,1173,874,808,1237,1207,942,1066,1054,727
"OR4K5",0,0,0,0,0,0,0,0,0,0,0
"CTD-2410N18.5",0,0,0,0,0,0,0,0,0,0,0
"NPIPA2",2,1,3,0,0,1,2,3,0,2,0
"PABPC1",69528,79190,77510,85686,76091,65033,85965,58359,88839,96038,66253
"C11orf31",1563,1795,1298,1669,1098,1258,1390,1187,1703,1509,1155
"ABHD12",1396,1549,1384,1533,1260,1314,1420,1278,1724,1552,1175
"RP11-113D6.10",0,0,0,0,0,2,0,1,1,0,2
"CLEC18B",5,5,1,2,0,2,2,5,1,4,1
"COG3",807,854,853,866,592,894,946,729,1168,1114,719
"PCSK1N",65,56,66,112,181,47,51,59,87,112,57
"RANBP2",7285,8522,7043,9108,4296,8035,7826,5762,9782,8610,6622
"LMOD2",0,0,0,0,0,0,0,0,0,0,0
"GAS7",0,1,3,1,0,2,1,0,2,1,1
"FLAD1",1258,1300,1248,1281,1057,959,1268,1081,1299,1462,1050
"PPT1",6443,7467,6102,7809,4807,6174,6568,5345,7706,6514,4584
"NAGA",422,524,522,512,469,442,514,461,582,551,429
"SPRR2A",0,0,0,0,0,0,0,0,3,5,1
"MT1B",0,0,0,0,0,0,0,0,0,0,0
"MATN1",1,4,1,3,4,1,4,1,10,5,3
"RANGAP1",9925,11173,10225,10789,9895,7614,11430,7166,10733,13024,7434
"RASSF4",2,5,7,4,10,7,7,12,16,21,12
"PTK2",4388,5121,5658,5103,4095,4711,6128,4138,5763,7100,4018
"KIAA1279",1582,1631,2010,1644,1429,1612,1910,1461,1886,2153,1239
"WBP1L",712,757,735,723,697,720,782,636,876,948,613
"C22orf43",12,3,4,4,4,10,7,6,10,10,9
"REEP5",3348,3853,3014,4058,2284,3328,3510,2898,4379,3759,3093
"PDCD1LG2",68,82,63,90,36,67,84,82,109,108,89
"DAZAP2",5163,6018,6110,6224,4929,5364,6368,5033,6959,7057,4933
"WBP2NL",8,6,10,5,8,7,11,17,8,11,12
"LRP3",447,536,526,559,851,358,476,369,626,568,287
"USP17L17",0,0,0,0,0,0,0,0,0,0,0
"TMEM9B",901,941,819,908,701,835,931,749,1058,970,756
"RP4-583P15.14",0,0,0,0,0,0,0,0,0,0,0
"GLCCI1",151,180,177,121,142,207,216,129,134,144,119
"GINS2",1431,1836,1059,1858,896,1174,1210,1157,1912,1328,1214
"MTERF",499,514,469,539,287,481,574,394,556,540,370
"CFHR5",0,0,0,0,0,0,0,0,0,0,0
"EIF2A",7219,8651,8625,9442,5944,8031,8967,6823,9997,9569,6865
"CHIA",0,0,0,0,0,0,0,0,0,0,0
"ABL1",3663,4406,4337,4785,4344,3344,4477,3371,4439,5170,3173
"CD33",0,1,0,0,0,0,0,0,0,0,0
"COX7A2L",2772,3141,2546,3041,2268,2901,2571,2440,3492,2905,2302
"EPRS",17569,20600,22688,21110,15027,18406,24132,15805,23433,27016,15969
"ELF1",1930,2284,2201,2280,1663,2061,2382,1784,2738,2949,1847
"NCKAP1L",2,0,2,1,1,1,5,3,1,0,2
"CTSS",4,8,10,16,7,18,8,15,41,36,30
"ZNF821",41,49,56,39,46,58,54,52,69,33,37
"MFRP",0,0,0,0,0,0,0,0,0,0,0
"WFDC8",0,0,0,0,0,0,0,0,0,0,0
"PPP1R14B",5878,6778,5798,7629,8392,4585,6889,4935,6953,7880,4870
"OLIG3",0,0,0,0,0,0,0,0,0,0,0
"GSTM3",16,11,18,22,17,17,10,16,23,28,11
"MT-ND4",335019,320869,251010,291403,193926,313837,234788,318709,404214,215262,369442
"CAMSAP3",745,707,728,793,909,588,745,524,834,826,571
"NDUFS4",974,1207,856,1118,637,1006,945,891,1297,1016,799
"OR2M4",0,0,0,0,0,0,0,0,0,0,0
"CCDC80",255,365,275,419,221,225,264,298,389,455,411
"BTBD1",4129,4651,4302,4604,3650,4122,4672,3419,5313,5103,3579
"S100A1",6,3,4,0,1,4,0,6,1,1,1
"HDGFRP2",2466,2910,3147,2747,3450,2233,3048,2260,2678,2834,2089
"CLASP1",3509,3613,3985,3561,3079,3688,4163,2999,4220,4764,3074
"C1orf101",21,11,17,13,9,17,13,18,28,10,17
"GJD3",0,2,0,0,1,0,0,0,1,3,2
"CYP4V2",380,454,452,370,357,439,451,375,438,417,324
"ATP8B3",107,81,106,94,126,99,77,84,150,76,98
"PTPRZ1",1,7,8,6,4,3,7,2,7,10,4
"RP1",2,7,6,12,8,4,10,9,14,16,16
"FAM81A",142,137,185,160,173,164,206,134,189,200,118
"MYEF2",196,166,203,239,194,177,198,142,237,316,166
"SPANXA2",0,0,0,1,0,0,0,0,0,0,0
"C6orf1",501,474,530,518,552,375,493,520,557,667,371
"TCEB3C",0,0,0,0,0,0,0,0,0,0,0
"AC004817.1",0,0,0,0,0,0,0,0,0,0,0
"AC000003.2",0,0,0,0,0,0,0,0,0,0,0
"C1orf109",1477,1713,1399,1650,1108,1279,1649,1126,1620,1674,1048
"CCDC112",288,335,435,315,311,357,449,302,311,418,276
"SLC6A13",1,0,0,0,0,2,0,1,0,1,1
"DKK4",0,0,0,0,0,0,1,0,0,0,0
"DPF2",2819,2861,2950,2914,2488,2263,3263,2125,3127,3626,2261
"MYLIP",647,713,684,673,604,668,630,653,760,651,552
"DIRC1",0,0,0,0,0,0,0,0,0,0,0
"MEX3D",1025,1214,1243,1387,1810,872,1268,781,1293,1448,849
"KIAA1456",10,2,6,1,3,8,9,4,4,7,4
"MYO9B",2220,2615,2995,2727,2792,2256,3172,2175,2971,3644,2126
"ZNF461",83,114,93,82,55,85,104,72,103,94,82
"AZI2",1836,2144,2007,1805,1297,2188,2115,1671,2090,1877,1447
"ATP2C1",4612,5034,4902,5052,3721,4937,5528,4310,6449,6218,4232
"ADAMTSL1",10,10,1,1,1,5,0,4,3,1,2
"TCEB2",1823,2143,1599,2045,1199,1601,1799,1381,2289,1978,1324
"CBY1",426,452,539,443,419,434,586,356,459,519,306
"HSPA5",34736,30307,27037,32849,20677,28368,32742,22627,39189,38831,25045
"C4orf33",248,280,199,202,119,304,236,264,277,206,213
"ZFAND3",2472,3081,3025,2999,2654,2785,3448,2305,3312,4290,2288
"PANK1",716,724,854,741,792,858,850,474,831,785,446
"ATIC",6317,6589,6654,6682,5380,5364,7426,4863,7756,8452,4933
"ZSCAN12",281,366,245,300,161,243,317,267,304,297,233
"MLNR",2,2,1,2,4,1,1,2,2,0,0
"AC010368.2",0,0,0,0,0,0,0,0,0,0,0
"MRC1",0,0,0,1,0,0,0,0,0,0,0
"AC104472.1",0,0,0,2,0,0,0,0,1,0,1
"KRTAP4-16P",0,0,0,0,0,0,0,0,0,0,0
"OR52E6",0,0,0,0,0,0,0,0,0,0,0
"DSC1",3,2,2,0,0,3,0,1,1,1,1
"FAM101B",30,34,27,80,63,29,31,20,81,61,49
"OTUD6A",0,0,0,0,0,0,0,0,0,0,0
"MIER1",1037,1120,956,1069,804,1147,995,836,1233,969,830
"CBX5",11255,11687,14304,11024,10021,11224,13274,9592,11874,13485,8282
"WDR59",1193,1206,1211,961,902,1229,1155,1006,1138,1035,771
"EVX1",0,0,0,0,0,0,0,0,0,0,0
"CTD-2132N18.3",0,0,0,0,0,0,0,0,0,0,0
"APPL1",1402,1517,1679,1401,1211,1575,1650,1196,1438,1402,977
"PRH1",55,67,50,92,43,60,64,52,64,65,52
"TGM6",0,0,0,0,0,0,0,0,0,0,0
"RAPSN",3,2,1,4,2,2,0,5,1,6,6
"SEC11A",4093,4793,3670,4705,3195,4541,3858,3621,5072,3985,3186
"LGR5",1,2,0,2,0,0,0,1,0,0,0
"GML",0,0,0,0,0,0,0,0,0,0,0
"CDK8",1128,1235,1177,1269,1040,1040,1383,770,1299,1394,841
"RNF19B",795,879,852,1089,969,741,995,669,1253,1372,859
"TMPRSS2",0,0,0,0,0,0,0,0,1,1,1
"KRTAP2-3",1,3,0,3,2,0,0,1,2,5,1
"PTPRH",11,20,15,30,14,13,19,15,18,29,30
"ABHD5",861,852,764,893,628,714,944,638,1146,1193,741
"UGDH",1624,1700,1832,1463,1426,1613,2179,1313,1965,2395,1380
"LRCH4",1024,1150,1166,1018,1406,861,1162,948,1067,1300,903
"LRP4",7,16,14,12,20,11,4,4,3,13,7
"HTRA2",912,942,944,756,822,727,1101,651,825,1114,604
"IGFBPL1",0,0,0,0,0,0,0,0,0,0,0
"C2orf43",637,629,713,694,568,611,808,526,847,1003,523
"DENND1A",1969,2250,2749,2344,2466,2191,2734,2182,2800,2972,1933
"ATP5J2",916,1044,709,1055,585,833,888,823,1219,844,780
"GNG5P2",11,11,8,13,1,9,13,1,16,8,4
"TCEA2",1642,1738,1779,1586,1690,1489,1540,1555,1646,1647,1282
"RRAS2",1692,1854,1919,1860,1597,1787,2000,1440,2155,2076,1333
"RGS16",82,43,61,114,98,39,81,37,133,187,114
"ROS1",840,1075,1384,1731,1278,1369,1514,1036,2498,3093,1767
"TFEB",317,269,315,286,398,254,309,242,298,276,195
"SLC5A10",2,1,6,1,1,3,1,1,4,1,1
"NDST3",10,12,14,10,5,11,11,10,14,10,4
"KCNMB3",135,145,118,111,68,120,152,110,153,145,114
"ESF1",8831,8834,10033,9996,6885,8117,11047,6659,9384,10927,7847
"TMEM229A",0,0,0,0,0,0,1,2,0,0,0
"HYAL2",666,752,644,735,683,524,757,575,826,792,487
"DIO1",0,1,0,0,2,1,2,0,1,3,1
"SLC25A44",1584,1769,1646,1860,1428,1442,1636,1275,1808,1880,1415
"LRRC28",199,235,257,166,143,231,242,186,233,187,118
"PFDN2",1465,1769,1739,1932,1834,1451,2024,1262,1865,2154,1286
"HDGFL1",0,0,0,0,0,0,0,0,0,0,0
"TMEM159",298,282,342,294,364,336,340,349,420,404,328
"AC107021.1",0,0,0,0,0,0,0,0,0,0,0
"CCDC116",1,5,1,3,0,2,3,6,5,0,4
"CDC42EP2",862,864,976,868,913,681,1030,662,959,1108,593
"AC007956.1",1,0,0,1,0,0,0,0,0,0,0
"UBE2D4",290,356,361,440,341,311,406,282,477,587,325
"KBTBD6",898,955,1032,706,811,941,917,573,738,692,412
"TOR1AIP2",1901,1649,1701,1468,1320,1872,1739,1195,2077,1886,1232
"CUL5",2210,2698,2683,2594,1803,2545,2786,1813,2762,2790,1812
"PRF1",0,0,0,0,0,0,0,0,0,0,0
"PPIA",44112,48893,40037,50011,31239,43782,44792,37542,55170,46623,36698
"ACTL6A",4984,5515,5093,6160,4363,4611,5781,4009,6235,6658,4410
"RNF144A",0,0,0,0,0,1,0,0,0,0,0
"TRIM64B",0,0,0,0,0,0,0,0,0,0,0
"DMTN",324,413,426,508,528,390,412,430,609,680,543
"CDH23",2,5,2,0,1,1,2,2,3,1,2
"DNTTIP2",5248,5859,5365,6730,3678,4695,6351,4263,6932,7204,5009
"ERCC2",1152,1356,1318,1167,1332,1042,1466,966,1169,1427,893
"SLC4A1AP",1451,1667,1812,1512,1191,1384,1868,1327,1510,1902,1198
"TMEM199",1051,1316,1002,1393,859,935,1235,890,1311,1297,914
"AMDHD2",526,556,404,413,327,439,361,417,395,337,395
"TRAM1",7113,8151,5934,7627,6356,7530,6421,5596,9222,6796,5413
"TRAF6",400,539,422,527,358,445,484,370,587,557,407
"MLLT3",272,239,368,212,206,317,320,216,216,280,119
"NSUN4",867,1016,1012,1075,1003,801,1168,774,1168,1270,807
"CTNNA1",10520,11951,12861,12014,10113,10957,13542,9276,13733,15512,9049
"COMMD5",281,249,234,279,230,189,254,179,282,282,185
"DDX23",4921,5168,5369,5055,4535,4472,5664,3881,5552,6564,4161
"HOXC9",239,263,270,272,225,250,226,195,224,244,208
"PABPC4L",431,388,446,255,405,456,388,315,320,245,195
"SLC35E4",189,155,173,170,197,114,192,121,166,161,117
"WDR61",1433,1588,1083,1485,853,1373,1256,1283,1845,1292,1155
"AC079354.1",0,0,0,0,0,0,0,0,0,0,0
"ATP1A4",0,0,0,1,0,0,0,0,0,0,0
"SDCBP",4148,4249,5086,3767,3375,4934,5499,3990,5378,5633,3453
"TPD52",3653,4172,4139,4109,3688,3846,4648,3226,4815,4933,3562
"SNRPE",2909,3201,2369,3287,1876,2805,2593,2236,3365,2495,1999
"CD209",0,0,0,0,0,0,0,0,0,0,0
"CASKIN1",11,16,9,27,12,22,19,7,25,22,14
"RARRES1",71,137,82,164,87,113,105,155,226,489,296
"RNPS1",7095,8153,8330,8903,8337,6215,8270,6522,8033,9105,6299
"EOMES",93,64,73,61,93,92,84,63,88,89,54
"RBP2",0,0,0,0,0,0,0,0,0,0,0
"AC112721.1",397,354,424,376,279,390,476,350,512,531,298
"GTF2IRD1",1500,1624,1849,1531,1684,1663,1633,1522,1883,1858,1353
"ZNF354A",733,772,881,871,563,727,807,651,870,798,628
"DHX34",1916,1702,1714,1562,1713,1241,1774,1149,1650,2075,1205
"COPZ2",3,3,0,3,0,1,1,0,2,2,1
"RNF113A",253,282,278,320,231,242,298,237,304,350,211
"TGFB1I1",51,67,75,99,104,60,59,74,138,124,108
"ZNF597",153,121,139,140,103,146,182,117,159,146,97
"PBX2",4531,5033,5503,4509,4652,4717,5055,4024,4594,4662,3961
"C6orf118",2,4,1,1,0,5,3,0,1,7,2
"KLHL11",274,305,266,332,241,253,350,207,370,331,197
"B4GALNT4",1216,1394,1335,1421,1528,1090,1229,1027,1360,1327,1060
"AIG1",1839,1990,2014,1667,1379,2377,1885,2110,2024,1635,1254
"CMIP",1883,2128,2493,2457,2650,1747,2685,1888,2477,3379,2157
"HAPLN3",65,107,84,91,101,77,92,83,77,71,58
"ERLIN2",1631,1908,1782,1742,1230,1548,2000,1605,1654,1808,1223
"AC129492.6",201,142,194,177,255,143,187,142,197,207,159
"BCL2L12",1184,1235,1012,1348,939,781,1126,883,1177,1275,848
"CTNND1",19073,21230,22868,24219,19542,18593,24110,17039,26401,32640,20019
"NPLOC4",10685,12934,11493,12988,10893,10256,12170,9568,14245,14957,10191
"NFKB1",2294,2661,2709,2870,2274,2279,3244,1911,3177,3676,2063
"OR1M1",0,0,0,0,0,0,0,0,0,0,0
"MAP2K5",471,487,627,427,502,498,614,456,444,521,277
"NEU4",0,1,1,0,0,1,0,0,0,0,0
"SLC6A14",8,3,7,5,4,4,4,4,8,18,8
"OR4F5",0,0,0,0,0,0,0,0,0,0,0
"BCS1L",1352,1329,1171,1129,830,954,1366,876,1204,1301,891
"PTAR1",2681,2858,2351,2139,1516,2845,2690,1856,2552,2058,1820
"PRKCB",0,0,0,0,0,0,0,0,0,0,0
"TOMM22",3437,4241,3056,4328,3118,3043,3582,2734,4065,3722,2810
"OR8K1",0,0,0,0,0,0,0,0,0,0,0
"FRMD5",108,109,104,128,92,115,123,93,185,200,133
"EIF4A3",3783,4055,3901,4556,3430,3178,4281,2897,4582,4885,3069
"KAZN",243,259,278,340,394,208,310,232,340,412,239
"ZNF562",1855,1829,1845,1895,1195,1575,1998,1413,2113,2319,1577
"CXorf67",0,0,0,0,0,0,0,0,0,0,0
"VAT1L",0,1,1,0,1,1,0,2,0,1,1
"NISCH",612,663,573,542,478,554,587,471,644,611,480
"MAP2",174,163,189,166,117,143,170,114,210,250,141
"RPF1",2180,2473,2310,2699,1808,1927,2670,1663,2523,3016,1749
"MACROD1",270,232,351,263,354,308,248,326,330,293,215
"ZDHHC22",0,0,0,0,0,0,0,0,0,0,0
"RPL18",15534,16535,13081,17020,12756,12715,15391,11819,18139,16945,11734
"SSH3",2565,2832,2786,2548,2425,2428,2566,2323,3002,3109,2242
"PPA1",7100,7876,7390,8777,6326,7122,8081,6024,9780,9111,6191
"CKB",4,11,6,13,6,6,9,6,15,12,9
"KIF20B",3623,4234,4380,4134,2549,4007,4260,3087,4206,3931,3129
"CPT2",1955,2200,2502,2244,2011,1992,2473,2034,2515,2552,1721
"DIO3",0,0,0,0,0,0,0,0,0,0,0
"ARHGAP19",736,802,722,806,662,559,761,609,780,795,636
"PHOSPHO2",58,55,42,55,26,39,52,38,43,33,40
"FAM3B",0,0,1,0,0,0,0,0,0,0,0
"BIRC8",0,0,0,0,0,0,0,0,0,0,0
"AC093157.1",0,2,3,1,0,0,1,0,1,0,0
"AC099552.4",0,0,0,0,0,0,0,0,0,0,0
"CCDC169",6,8,7,4,6,4,8,3,2,8,11
"TBC1D19",121,130,147,83,76,126,133,113,128,128,73
"ADAP2",25,32,30,30,14,36,35,25,44,63,31
"GCNT1",834,1047,1214,938,803,1103,1124,1017,1072,1036,851
"CYTL1",0,0,0,0,0,0,0,0,0,0,0
"ZNF814",356,363,335,306,217,308,393,267,354,303,288
"KCNK9",0,0,0,1,0,0,0,2,0,1,0
"FAM136A",4240,5019,4033,5630,3385,3804,4783,3198,5557,5290,3574
"APMAP",3839,4309,3738,4244,3624,3514,4034,3199,4532,4391,2922
"PRR20D",0,0,0,0,0,0,0,0,0,0,0
"KLK9",0,0,0,0,0,0,0,0,0,0,0
"SLC2A5",37,73,54,51,23,56,40,38,51,46,37
"PCGF2",1764,1684,1973,1815,1900,1535,1849,1566,1956,2034,1510
"APOLD1",435,350,444,490,452,423,479,397,670,740,536
"COPRS",985,1258,1071,1350,888,857,1154,813,1366,1272,841
"ZNF41",838,719,871,768,544,686,875,568,821,978,567
"CD83",103,112,121,150,73,95,138,118,121,148,98
"CTSC",7223,7916,6039,9234,6526,6115,6906,5116,10595,8874,6504
"PDHA1",7402,7855,8346,7515,7126,6586,9312,5814,8301,9396,5372
"GABRA2",1380,1575,1551,1046,669,1509,1611,1027,1084,773,572
"RP11-793H13.10",0,0,0,0,0,0,0,0,0,0,0
"ABCB1",1,0,0,0,0,2,0,1,0,0,0
"MEOX1",2,3,1,3,3,8,2,1,8,1,8
"PCDHGC5",1,0,1,3,2,1,0,4,1,5,2
"ANO3",0,0,0,0,0,0,0,0,0,0,0
"NFATC2",73,71,80,93,75,56,52,43,115,122,74
"CNST",1009,932,959,866,686,942,1203,692,1049,1010,719
"MACROD2",51,60,59,59,59,60,67,41,34,81,43
"CRIPT",824,938,647,769,358,875,702,650,761,586,542
"C14orf177",0,0,0,0,0,0,0,0,0,0,0
"RP1-228P16.5",0,0,0,0,0,0,0,0,0,0,0
"GPR15",0,0,0,0,0,0,0,0,0,0,0
"MOSPD3",188,176,221,183,178,209,195,203,138,167,127
"AP001888.1",0,0,0,0,0,0,0,0,0,0,0
"JTB",3879,4496,3167,4736,2476,3084,3631,3259,4719,4266,3125
"ZNF652",626,725,836,572,469,764,738,526,605,577,434
"INCENP",3990,4535,4737,4543,5414,3639,4722,3471,4610,5156,3489
"ACSM2B",0,0,0,0,0,0,0,0,0,0,0
"PTPRE",491,483,553,390,378,641,616,523,555,541,394
"EXOSC8",1655,1895,1618,1952,1216,1639,1763,1367,2259,1927,1449
"RAB7A",8715,9832,10669,10351,10496,8605,11617,8093,11101,13308,7727
"PRDM13",87,96,98,125,138,67,110,68,90,110,80
"RTN1",2,0,1,2,2,2,1,2,1,5,1
"H1FX",1570,1735,1924,1871,2070,1313,1781,1445,1687,1678,1152
"GRAP2",3,5,5,1,2,4,7,8,3,3,0
"ATAT1",504,478,464,325,331,479,453,370,380,392,330
"SSR3",10441,12064,8859,12603,6277,11015,9436,8907,13481,10031,8646
"ESRRA",3105,3595,3596,3674,4214,2678,3739,2777,3433,4358,2483
"KRTAP10-12",0,0,0,0,0,0,0,0,0,0,0
"PCCA",349,314,411,220,256,420,375,308,323,274,158
"EBF4",0,0,0,0,0,0,0,0,0,1,0
"ANKRD32",795,764,897,806,639,699,941,512,904,1025,628
"RP11-122A3.2",8,2,8,5,8,8,6,4,17,8,7
"PPP2R2B",0,0,0,0,0,0,0,0,0,0,0
"HSPA6",33,13,25,6,24,12,24,17,35,47,21
"ZNF280D",313,326,277,289,177,308,308,217,338,299,247
"DLEU1",485,458,377,475,235,438,360,305,555,370,315
"RORC",111,63,152,60,129,155,110,145,92,96,68
"PLXNA4",0,1,0,0,1,0,0,0,1,0,0
"IFFO2",2193,2228,2783,2529,2695,1970,2765,1840,2391,2931,1938
"THAP3",264,282,273,255,221,208,303,181,246,288,182
"CTC-360G5.1",7,8,5,2,4,7,4,1,9,5,4
"BAK1",1879,2024,1774,2136,1514,1449,1922,1428,1880,2093,1386
"TMEM2",960,1322,1013,1533,806,1082,1197,876,1527,1438,1001
"C1orf85",398,378,353,393,377,364,358,385,416,425,260
"C7orf55-LUC7L2",542,695,627,634,597,543,705,454,637,710,444
"RHBDD1",866,838,1040,642,614,829,947,781,763,809,454
"MDFIC",1563,1636,1861,1303,1547,1623,1884,1256,1436,1535,988
"FUCA2",6809,7056,5638,7813,4769,6038,6540,5814,8747,7526,5931
"CAPNS2",3,6,5,8,3,4,0,2,7,4,6
"ZNF706",1378,1358,1404,1268,1336,1224,1462,1187,1739,1698,1110
"CADM1",0,0,0,0,0,0,0,0,0,0,0
"PIWIL3",0,0,0,0,0,0,0,0,0,0,0
"TGIF2",828,779,1007,850,1163,789,973,733,938,1107,726
"RNF138",2101,2649,1932,2242,1880,2016,2123,1427,2361,2045,1515
"RAB7L1",1114,1051,1374,1001,984,1218,1416,1015,1318,1324,808
"AC027763.2",146,157,151,112,71,161,127,142,132,127,133
"PPT2",979,1001,955,763,797,846,875,810,839,724,631
"SIAH2",1743,1810,1907,1843,1845,1514,2194,1306,2158,2162,1170
"BTRC",950,863,1088,746,694,903,1089,776,973,1082,651
"CHODL",3,2,0,1,3,2,2,0,3,0,1
"ENTPD1",5,4,2,1,2,4,2,2,3,2,0
"RP11-268J15.5",200,162,139,110,96,157,162,131,164,215,148
"TMEM230",1459,1740,1809,1700,1475,1650,1941,1616,1947,2203,1349
"OR52B2",0,0,0,0,0,0,0,0,0,0,0
"MCOLN1",388,403,355,354,374,326,365,273,361,317,240
"CLCN3",5800,6286,6193,5983,4638,6289,6306,5326,7309,6616,4875
"ALDH1A2",0,1,0,2,0,3,1,2,0,1,0
"BBS9",159,229,271,92,82,237,248,178,116,131,67
"SEMA3F",837,780,882,734,762,917,842,867,762,690,500
"SIGLEC14",0,0,0,0,0,0,0,0,0,0,0
"MRPL44",1439,1558,1614,1566,1258,1261,1727,1202,1626,1628,1060
"RASA3",411,406,574,404,480,429,535,420,376,481,295
"WFDC1",0,0,0,0,0,0,0,0,0,0,0
"NEMF",3609,3620,3905,3511,2480,3784,4387,2748,4010,4217,2816
"WDR6",4027,5050,4486,5152,4925,3943,4595,3723,5625,5663,3931
"MSTO1",1119,1295,1053,1076,931,823,1174,830,1135,1228,767
"ZNF300",677,804,659,746,395,727,633,572,842,683,704
"AL160274.1",0,0,0,0,0,0,0,0,0,0,0
"AARSD1",3,7,0,9,1,5,3,2,4,0,0
"PI4K2A",2950,2944,3420,2865,2927,2716,3738,2534,3583,4259,2361
"MTRNR2L9",35,32,20,43,6,75,35,30,90,33,44
"GALE",3280,4561,4222,4553,3930,3451,4474,3430,4851,5551,3342
"EFHC2",14,16,12,9,9,15,8,11,9,5,6
"TPH1",6,17,5,9,3,3,4,7,7,3,5
"ZNF667",250,251,281,251,185,220,288,196,244,283,193
"TMCO2",0,0,1,0,0,0,0,1,0,0,0
"ROBO1",2336,2739,2788,2848,2190,2694,2923,2103,3289,3057,2147
"UTP14A",3021,3499,3674,3886,2979,2861,4064,2380,3541,4079,2711
"LCE1A",0,0,0,0,0,0,0,0,0,0,0
"PDIA6",16518,16769,15324,17273,13362,16273,16534,13471,19571,17673,12375
"ZNF395",1858,2163,2755,2067,2442,2136,2209,2018,2274,2151,1490
"SOX14",0,0,0,0,0,0,0,0,0,0,0
"KIAA0754",611,749,884,823,645,896,934,645,847,873,646
"BRAT1",1172,1291,1239,1207,1395,896,1244,964,1073,1249,731
"FAM122C",35,40,45,24,44,77,50,49,41,46,45
"PINK1",2794,2965,3362,3027,3522,2837,3556,2487,3661,4616,2319
"CSF3R",1,0,0,0,0,1,0,1,0,0,0
"GSTO1",3486,3639,2174,3669,1355,3198,2421,2942,4210,2749,2771
"NMD3",3647,3627,3606,3835,2678,3444,4033,2833,4632,4683,3117
"UHMK1",5101,5364,5659,5086,4239,5104,5959,3853,5884,5806,3937
"TMEM161B",714,887,747,847,583,866,801,725,954,826,679
"HENMT1",1393,1502,1294,1720,1176,1113,1395,946,1836,1725,1286
"ZNF784",76,72,76,56,86,55,68,48,59,87,51
"CEMP1",4,1,0,0,0,2,4,0,3,1,0
"L47234.1",0,0,0,0,0,0,0,0,0,0,0
"KIAA1143",1556,1772,1848,1567,1254,1730,1760,1533,1647,1566,1132
"PIGO",750,866,818,874,906,645,734,660,784,860,550
"AP001350.1",0,0,0,0,0,0,0,0,0,0,0
"FANCL",924,926,1028,974,766,878,1201,692,1020,1228,693
"CENPBD1",242,236,287,278,274,186,278,214,309,381,192
"NDUFA13",191,195,195,159,162,173,156,139,249,206,210
"TTC14",1633,1640,1403,1423,815,1643,1526,1162,1636,1631,1322
"ZNF273",244,261,220,261,183,256,218,198,276,217,135
"RPS8",41081,45436,33790,48448,26797,38833,35757,36429,49704,38871,35222
"CYB561",2739,3239,2842,3374,2760,2640,2744,2527,3552,3145,2381
"AHCYL1",8365,9005,10779,8712,8557,8626,10840,7933,9348,10655,6663
"WASH4P",551,557,572,528,586,506,499,502,636,625,561
"LY6H",0,0,0,0,0,0,0,0,0,0,0
"CD300E",0,0,0,0,0,0,0,0,0,0,0
"RRAGC",1682,1787,1748,1672,1090,1878,1790,1472,2163,1985,1403
"NDUFAF7",842,821,868,719,667,767,928,660,828,921,664
"NCKAP1",9826,11445,11742,11290,8273,10944,13161,8813,13289,14064,8717
"TMEM144",214,322,340,257,212,322,270,319,385,347,257
"SERPINA10",0,0,0,0,0,0,0,0,0,0,0
"KIAA1211",65,53,106,59,65,67,85,63,37,78,36
"ART4",0,3,2,6,2,1,1,2,3,1,2
"ATP2A2",16162,17799,16015,17326,13021,16869,17671,13682,20394,18183,13124
"RP11-371E8.4",0,0,0,0,0,0,0,0,0,0,0
"SPIN4",1603,1781,1770,1365,1818,1649,1777,1237,1706,1660,1115
"CEP72",239,282,242,302,222,206,303,174,355,377,253
"VGLL3",502,722,525,815,545,548,694,453,959,1326,826
"AC108868.1",0,0,0,0,0,0,0,0,0,0,0
"B3GAT3",1018,935,1012,1026,1168,811,981,880,1004,1114,768
"TTC22",463,430,665,491,772,440,623,461,536,788,377
"UBE2L6",418,473,543,451,516,515,537,423,443,554,353
"KATNAL2",88,85,93,93,80,85,84,65,106,82,76
"NTN1",9,9,11,28,34,20,13,14,21,22,8
"ZFAT",340,369,413,407,370,351,421,260,426,500,269
"FPGS",2146,2479,2119,2305,2383,1807,2135,2066,2400,2281,1751
"RPS12",14320,15531,8303,15355,7103,11562,8644,10554,17061,9720,10862
"PRRG2",151,176,148,157,135,167,140,121,136,156,110
"NOD1",215,215,233,202,187,243,210,173,217,249,201
"FSIP1",30,30,36,42,21,44,22,30,26,37,22
"GOLIM4",1758,1976,1815,1809,1346,1577,1807,1325,1688,1570,1183
"C15orf26",1,3,2,1,2,0,3,1,6,1,1
"PCDHGA1",1,0,0,2,3,4,6,9,3,1,5
"TP53TG5",0,0,0,0,0,0,0,0,0,0,0
"TMEM133",22,31,13,26,18,15,24,25,30,30,18
"LLPH",550,599,524,675,448,446,693,399,792,638,508
"RHNO1",1518,1779,1712,1750,1321,1461,1697,1542,1770,1746,1289
"TRMT2A",1208,1222,1143,1107,1197,911,1260,839,1212,1350,809
"UHRF1BP1",2237,2599,2659,2709,2030,2340,2638,2005,2741,2853,1887
"UTP15",1981,2157,2111,2202,1632,1619,2435,1473,2355,2524,1642
"RRAS",451,492,610,536,635,477,524,567,691,764,487
"AC005549.3",0,0,0,0,0,0,0,0,0,0,0
"HES7",1637,1250,1610,1472,2061,1173,1563,1218,1443,1874,1189
"AC007557.1",0,0,0,0,0,0,0,0,0,0,0
"ETNK1",3776,4141,3682,3442,3039,4373,3864,2604,4382,3232,2418
"FAM3D",0,0,0,0,0,0,0,0,0,0,0
"VRK2",1565,1990,1696,1774,1098,1499,1934,1367,1896,1894,1362
"MYD88",1114,1220,1273,1234,1042,1017,1469,1068,1733,2159,1251
"TM4SF4",0,0,0,0,0,0,0,0,0,0,0
"FOXF1",0,0,1,0,0,0,0,0,0,1,1
"USB1",4777,5534,5859,5719,5818,4190,5920,4328,5479,6648,4504
"KDR",0,0,2,0,0,1,0,0,0,4,0
"TRIM16",778,730,688,851,730,552,933,608,1007,1418,820
"CCDC54",0,0,0,0,0,0,0,0,0,0,0
"SPINT4",0,0,0,0,0,0,0,0,0,0,0
"RCOR1",3901,3838,4365,3899,3642,3767,4952,3162,4700,5125,3061
"LSM10",882,947,730,892,694,727,806,644,929,869,558
"RBBP5",1975,2137,2253,2141,1796,1836,2390,1529,2404,2556,1518
"AL353608.1",0,0,0,0,0,0,0,0,0,0,0
"TRAP1",7027,7778,7921,8008,8175,6002,8791,5567,8253,9394,5124
"ZNF839",575,513,578,397,392,483,517,501,468,458,424
"TBC1D21",0,0,0,0,0,0,0,0,0,0,0
"LRP8",4551,5072,5058,4364,3851,5247,5095,4561,5561,4575,4207
"TEX13A",0,0,0,0,1,1,0,0,0,0,0
"FAM103A1",451,472,350,547,279,461,433,360,594,570,385
"GJC3",12,10,8,4,2,9,7,4,11,6,4
"FCRLB",74,91,68,85,104,40,83,85,115,129,84
"PCBP3",10,5,16,11,14,14,12,9,12,10,13
"HIP1",1522,1393,2176,1537,1622,1439,1880,1334,1414,2086,1125
"TMEM110-MUSTN1",0,0,0,0,0,0,0,0,0,0,0
"C21orf88",0,0,0,0,0,0,0,0,0,0,0
"CDH24",543,566,585,513,638,516,538,481,527,499,402
"EPAS1",9331,10972,12479,11555,11838,9705,11531,8172,11414,11753,7125
"WDR49",1,0,0,1,0,5,3,1,2,0,3
"PACRGL",375,452,401,406,286,364,398,340,389,327,272
"RP11-187E13.1",1,0,2,1,0,2,2,1,2,0,1
"POFUT1",3481,4610,3606,5017,3318,3228,3805,3126,4264,4018,2977
"GNG3",3,2,3,9,15,8,3,6,9,19,7
"SLC39A2",1,2,0,2,4,0,7,4,6,10,5
"PIK3CD",1436,1553,1671,1443,1409,1384,1841,1359,1713,1990,1215
"AC011239.1",1,0,0,0,0,0,0,0,0,0,0
"SFTPB",1,0,0,0,1,1,1,1,1,1,0
"MCM8",2423,2623,2839,2553,1800,2392,3175,1965,2647,3082,1967
"SPINK2",0,0,0,1,0,0,0,0,0,0,0
"FOLR1",2,4,4,4,10,2,2,3,2,5,3
"ZWILCH",3018,3530,3384,3922,2553,2917,3862,2291,4020,4206,2588
"ZNF250",145,149,170,154,106,171,157,138,179,186,105
"GUCA1A",0,0,1,0,0,0,0,2,0,0,0
"IL4",0,0,0,0,0,0,0,0,0,0,0
"SUV39H1",1577,1890,1763,1640,1440,1266,1789,1366,1476,1741,1159
"EXTL1",0,0,0,0,0,0,1,0,1,2,4
"CXCR5",3,2,1,5,2,2,1,2,5,4,1
"HPN",0,0,0,0,0,0,0,0,0,0,0
"SRF",2562,2829,3131,3092,3295,2120,3325,2145,2643,3425,1993
"NKAIN3",0,0,3,0,2,0,0,0,0,1,0
"F2R",26,26,32,17,21,46,17,32,25,13,15
"RBBP9",1428,1624,1732,1320,978,1549,1659,1397,1449,1277,1050
"GPX2",1,3,1,3,0,0,2,4,0,6,5
"TAAR5",0,0,0,0,0,0,0,0,0,0,0
"GPR87",640,746,461,791,349,707,536,635,1167,783,814
"RNF112",7,3,5,5,9,10,12,18,10,8,12
"KAL1",3,11,2,14,6,4,4,3,15,14,11
"APCDD1",0,0,0,0,0,0,0,0,0,0,0
"KLHDC9",18,12,16,9,19,20,18,27,28,14,21
"FXR1",7338,7057,8469,7092,6036,7228,8951,5726,8392,9294,5352
"ATMIN",3256,3302,3422,3595,2647,2888,3653,2462,4160,4287,2667
"PPCS",1412,1726,1754,1634,1361,1371,1894,1491,1843,1951,1309
"RP1-241P17.4",128,123,100,115,91,125,138,105,170,132,113
"SLC35A4",2171,2289,2602,2191,2598,1783,2572,1870,2184,2715,1565
"NPAP1",0,0,1,0,0,0,0,0,0,0,0
"KANK1",1473,1630,1819,1699,1778,1676,1959,1387,2195,2472,1474
"ENG",947,1051,1015,1310,1397,891,970,944,1340,1387,968
"PPP2R3C",753,964,685,966,553,716,819,665,989,954,714
"AL138764.1",0,0,0,0,0,0,0,0,0,0,0
"GPRIN1",800,912,911,1269,1044,553,994,717,1062,1237,882
"KRT24",0,0,0,0,0,0,0,0,0,0,0
"RASSF7",514,723,546,721,643,416,537,449,658,658,521
"MT-CO3",134844,152594,99186,138923,79242,158578,92490,136481,175928,82750,160935
"BOLA2B",13,18,11,21,9,17,14,9,8,9,11
"VWC2",0,0,0,0,0,0,0,0,0,0,0
"MT-CYB",83325,87920,55613,72077,45385,88399,53752,73652,101325,46483,77783
"ANAPC2",1638,1693,1454,1449,1304,1285,1592,1241,1472,1687,1126
"EFHD1",24,21,19,53,50,34,19,20,47,41,22
"CLU",97,90,87,98,102,93,96,56,123,172,92
"KCNG3",38,46,41,39,66,47,35,23,59,49,41
"KANK3",2,1,3,2,4,5,3,2,9,6,1
"MCTP2",1068,1185,1501,899,898,1562,1370,1293,1257,1088,771
"FAM49A",1,5,0,3,3,0,4,3,2,7,4
"C3orf38",669,760,599,715,515,643,643,518,916,775,562
"ACSM1",0,0,0,0,0,0,0,0,0,0,0
"SIGLEC11",1,0,0,0,0,0,0,0,0,1,0
"ARID4A",1007,1119,1385,1092,971,1555,1435,1053,1437,1432,1125
"TRAM2",1545,1974,1646,2169,1418,1408,1735,1315,2219,2340,1563
"MTFMT",855,970,978,964,828,756,992,786,1058,1032,686
"LCA10",12,10,6,17,3,7,13,7,14,7,8
"CCDC125",341,344,331,260,222,328,371,281,293,339,264
"CRYBA4",0,0,0,0,0,0,0,0,0,0,0
"NOP56",13744,15869,11392,17260,9944,9777,13342,9305,14906,14899,12595
"FCAMR",1,0,0,0,0,0,0,0,0,0,0
"TSPAN10",88,112,90,120,138,79,87,82,149,156,98
"HEATR5A",1034,1096,1308,1020,864,1015,1481,811,1191,1595,831
"METTL17",2588,2623,2312,2394,1931,2267,2477,2067,2749,2517,1882
"SPATA5L1",583,660,648,685,660,526,816,452,675,874,489
"CLEC2D",64,53,60,26,27,76,52,55,52,24,45
"OR10A5",0,0,0,0,0,0,0,0,0,0,0
"NPAT",1032,1158,1087,1106,704,1138,1213,874,1299,1197,832
"BIRC2",2109,2154,1752,1956,1268,2014,2048,1568,2416,2103,1530
"RPL13A",31960,36536,29307,39239,28501,28763,30430,27299,35158,33262,26100
"TRIM59",680,709,669,689,497,572,655,515,774,622,529
"ANO2",0,0,0,1,0,0,0,0,0,0,0
"REXO1",1901,2285,2276,2700,2795,1464,2290,1748,2332,2938,2143
"CDY2A",0,0,0,0,0,0,0,0,0,0,0
"ARHGAP25",6,13,6,8,2,12,10,6,6,8,5
"XIRP1",0,0,0,0,0,0,0,0,0,0,1
"PDE4B",1496,1648,1598,1566,1140,1816,1394,1371,1669,1260,1011
"ZIM3",0,0,0,0,0,1,0,0,0,0,0
"E2F4",6625,7469,7365,7542,7839,5477,7592,5243,7222,8219,5216
"PPP1R16A",896,816,914,923,1193,679,817,745,919,1010,734
"TCF24",2,2,1,3,2,0,0,3,1,2,2
"TENM1",2,0,0,1,0,3,1,0,0,0,1
"ARHGDIG",4,1,7,3,8,11,4,9,8,18,14
"OR10G6",0,0,0,0,0,0,0,0,0,0,0
"REPS2",450,512,692,431,377,709,602,427,493,430,250
"NREP",160,176,218,162,141,247,223,213,224,191,159
"TNFSF8",0,0,0,0,0,0,0,0,0,0,0
"XRCC6BP1",144,200,147,139,116,134,149,143,180,114,113
"C11orf87",0,0,0,0,0,0,0,0,0,0,0
"RUNDC3A",17,14,13,22,23,12,20,18,28,67,37
"H2AFB1",0,0,0,0,0,0,0,0,0,0,0
"GTF3C6",1734,1998,1660,2646,1416,1424,1919,1207,2376,2639,1788
"TRPC4",0,0,0,0,0,0,0,0,0,1,0
"IFFO1",5,8,6,15,3,3,4,2,4,8,6
"ASCL1",0,0,0,0,0,0,0,0,0,0,0
"FLJ00388",0,0,0,0,0,0,0,0,0,0,0
"KLF1",1,3,4,11,3,3,3,2,13,6,9
"FAM84B",5436,6348,6977,7401,6684,5960,7281,5931,9483,11382,8107
"LRSAM1",672,756,918,738,841,686,873,666,844,1071,692
"GSTM2",7,5,5,3,3,9,3,10,6,5,8
"OSBPL6",493,531,668,574,491,492,721,440,602,741,400
"CCDC158",64,60,72,47,46,72,71,63,64,70,40
"NR1I3",0,0,0,0,0,0,0,0,0,0,0
"FAM184A",156,128,203,177,174,171,203,135,199,226,119
"CASP7",988,930,979,970,661,914,1098,791,1158,1324,823
"HRASLS",27,40,38,58,24,21,32,32,52,37,43
"ZNF705D",0,0,0,0,0,0,0,0,0,0,0
"TNIK",558,513,799,582,507,620,831,491,595,744,376
"AXL",3767,4341,3384,4240,3003,3322,3929,3320,4471,3502,3263
"KRTAP19-1",0,0,0,0,0,0,0,0,0,0,0
"GOLPH3",1726,1967,1962,2064,1786,1681,2087,1553,2319,2412,1500
"FMO1",0,0,0,0,0,0,0,0,0,0,0
"OR4C3",0,0,0,0,0,0,0,0,0,0,0
"ZNF335",1324,1556,1149,1547,1192,973,1258,917,1408,1618,1218
"C1orf210",317,239,425,284,332,416,307,387,373,387,247
"MARCH6",2707,2733,2494,2454,1913,2829,2575,2294,3085,2460,1990
"CCHCR1",1021,958,944,683,758,912,895,784,819,755,626
"AAED1",464,523,499,469,347,509,504,420,540,503,371
"GNG13",0,1,0,2,0,1,0,1,0,0,2
"TDRD5",93,94,153,95,113,90,144,68,138,197,101
"GTF2H1",1189,1210,1087,1168,757,1078,1229,909,1363,1359,887
"HLA-DPA1",0,0,0,0,0,0,0,0,0,3,0
"UNC13A",11,5,15,6,9,8,13,5,7,18,14
"OSMR",2053,2502,2283,2797,1758,2734,2663,2096,3995,3264,2468
"CYP3A4",0,0,0,0,0,0,0,0,0,1,0
"STK17B",731,803,865,742,658,998,858,680,945,724,661
"FAM179A",0,1,1,2,1,1,1,0,2,4,4
"CRHBP",0,0,0,0,0,0,0,0,0,0,0
"SFPQ",19233,22041,20967,21889,19990,18507,22524,13775,20814,19182,15023
"C8orf56",0,0,0,0,0,0,0,1,0,0,0
"ZNF547",58,47,42,45,18,33,42,24,46,26,35
"DHRS3",147,392,185,352,222,186,173,312,254,326,237
"HTRA4",1,0,0,0,1,0,1,0,1,3,1
"GNA13",2113,2462,2117,2042,1656,2136,2526,1613,2494,2158,1631
"PDZD9",0,0,1,0,1,1,0,1,1,4,0
"GHRH",0,0,0,0,0,0,0,0,0,0,0
"TM4SF5",0,0,0,0,0,0,0,0,0,0,0
"C8orf48",26,29,27,23,19,20,18,25,37,31,21
"PPM1J",51,40,66,44,82,48,77,60,76,58,78
"CCDC180",60,69,46,56,29,47,58,50,46,53,53
"PTPN21",486,516,520,380,307,461,543,376,423,491,308
"C21orf67",95,136,104,105,89,96,87,90,116,113,63
"AC112693.2",0,0,0,0,0,0,0,0,0,0,0
"TMEM202",0,1,0,0,0,0,0,0,0,0,0
"RUSC1",2195,2565,2355,2710,2696,1781,2589,1961,2839,2915,2007
"GRAMD1B",676,901,1133,940,809,832,1152,693,949,1290,704
"TMEM27",22,20,18,16,13,13,18,15,31,29,22
"YTHDF1",4672,5392,4810,5652,5058,4064,5457,3749,5845,6269,4045
"CEP128",659,775,710,717,479,691,888,536,792,1037,597
"IGFBP5",1,3,6,0,1,5,0,1,1,1,0
"TCP11",0,2,0,2,1,1,2,0,1,0,1
"SMPD4",4322,5260,4631,5626,4910,3586,4809,3539,5555,5871,3715
"VPS35",6621,7513,7479,7772,5255,6842,8088,5751,8686,8697,5691
"TMPRSS7",1,1,1,0,0,2,0,0,0,0,0
"ZNF584",474,453,456,453,353,419,472,358,494,562,343
"KPNA2",11798,13006,12162,14596,9589,9953,13971,9195,15612,16121,10108
"RHBDD2",1333,1315,1163,1252,1190,1157,1052,1261,1425,1116,911
"SAPCD2",5084,5364,5341,5536,5805,3308,5603,3550,4435,5435,2989
"RIT2",0,0,0,0,0,0,0,0,0,0,0
"ITGAE",642,733,311,599,205,593,363,534,724,386,403
"MRPL47",2711,2973,2183,3024,1539,2294,2445,2021,3007,2597,2036
"GPD2",7416,8314,7882,7658,5963,7056,8171,6024,8110,7924,5851
"TRIOBP",1184,1244,1264,1004,1087,1054,1243,1214,1227,1334,1006
"EIF2B4",1331,1465,1339,1339,1103,1110,1486,1008,1405,1601,994
"PIH1D1",1807,1963,1709,1927,1673,1664,1923,1413,2012,1931,1395
"TRPC6",0,0,0,0,0,0,0,0,0,0,0
"PHLDB2",3383,3191,3361,3609,2431,3200,3663,2558,4139,4377,3124
"DFNA5",94,135,170,96,137,193,206,176,154,213,110
"TOMM70A",7008,7894,8422,8058,5862,6972,8836,5654,8176,8764,5597
"HTR3C",0,0,0,0,0,0,0,0,0,0,0
"TRIM35",1038,1276,1157,1235,1002,896,1265,887,1290,1339,938
"ZNF530",229,237,167,191,111,164,199,117,240,198,169
"STAU2",1532,1634,2055,1477,1607,1862,2148,1501,1783,2072,1204
"CREB3L3",0,0,1,0,0,0,0,0,1,0,1
"CRY1",1261,1494,1257,1397,1149,1275,1448,1046,1565,1498,985
"GTF2IRD2",30,33,39,38,23,51,36,32,49,59,26
"AKR7A3",15,9,11,11,8,13,6,14,11,12,7
"PLEKHA2",3509,3878,4359,3463,2977,3601,3745,3203,3790,3561,2515
"SLC25A23",1508,1682,2489,1629,2380,1831,2039,1827,1963,2277,1598
"RP11-302B13.5",4,6,2,1,1,1,2,1,1,4,3
"ATG5",1283,1338,1447,1526,1015,1292,1396,1121,1725,1672,1085
"TOB2",3462,3827,3704,4226,3699,2884,3636,2126,3775,4093,2210
"MMP25",87,91,143,166,242,110,110,111,250,244,166
"ZNF567",348,315,299,334,176,289,311,288,434,332,292
"LPIN3",1347,1271,1402,1080,1116,1260,1223,1207,1419,1368,1372
"SLFN12L",2,3,0,1,0,0,0,1,2,1,1
"FKBP10",3681,3374,3213,3305,2652,2961,3096,2962,3555,3399,2983
"NMT1",7392,8709,8401,8778,7234,6442,9106,6220,8959,10027,6303
"RPL38",7826,8345,6373,8778,5060,7260,7202,5704,8720,7247,5857
"APOL2",687,670,657,559,488,585,781,536,724,904,614
"GJA4",1,1,1,1,2,1,3,0,0,1,0
"KRTAP12-4",0,0,0,0,0,0,0,0,0,0,0
"KRT16",243,189,211,244,316,108,320,118,534,1871,504
"AC007461.1",0,0,0,0,0,1,0,0,0,0,0
"FER1L6",0,0,0,0,0,1,2,0,1,0,1
"TMPRSS3",68,77,84,91,96,73,52,71,105,102,78
"GPR19",170,182,179,236,140,167,161,164,268,203,164
"C1orf127",2,5,9,6,8,7,7,9,22,25,23
"RWDD3",74,91,69,73,34,112,65,75,88,62,70
"HRASLS2",3,1,2,6,1,5,3,0,3,4,3
"PPY",0,0,0,0,0,0,0,0,0,0,0
"DOHH",485,521,498,659,728,392,580,321,478,714,303
"ZNF878",0,0,0,0,0,0,0,0,0,0,0
"C11orf70",32,31,38,26,21,35,28,27,33,27,23
"PTH",0,0,0,0,0,0,0,0,0,0,0
"MPHOSPH6",775,803,831,1027,760,747,850,635,888,808,727
"SLC1A7",0,0,0,0,0,0,0,0,0,0,0
"BICD2",2892,3319,2843,3389,2672,2940,2991,2485,4119,3428,2701
"CCR3",5,4,7,9,7,13,7,12,15,10,11
"DGAT1",410,432,453,346,444,393,396,418,449,415,279
"SCARA3",1,2,4,3,0,4,0,2,0,0,0
"SMIM10",0,0,0,0,0,0,0,0,0,0,0
"IL12RB2",0,0,0,0,0,0,0,0,0,0,0
"VTN",5,7,6,9,6,7,10,8,18,14,6
"ZNF691",578,469,467,384,313,438,484,359,436,459,308
"CR1L",0,0,0,0,0,0,0,0,0,0,0
"ANKDD1B",7,1,0,0,4,2,3,1,2,3,2
"RP11-108K14.8",0,0,0,0,0,1,0,0,1,1,0
"RP11-93B14.6",2,2,2,1,1,1,3,0,6,1,1
"ZNF645",0,0,0,0,0,0,0,0,0,0,0
"RPS27A",28561,32919,15822,32601,10371,24625,16648,23577,32936,16832,22830
"DNAAF1",8,6,2,1,0,4,7,0,4,5,1
"LPGAT1",2345,2663,2426,2336,1603,2452,2577,2040,2642,2276,1751
"PVRL2",667,737,797,881,759,657,673,727,971,1057,793
"FAM120B",1209,1252,1436,1215,1121,1191,1495,1084,1371,1472,994
"HAUS2",1608,2070,1741,2103,1481,1583,1967,1479,2688,2259,1762
"LIX1L",608,568,753,457,682,602,698,554,589,579,375
"MIA",37,35,26,76,38,32,27,25,142,100,99
"ERRFI1",6206,6312,6705,6936,6104,6602,6975,4821,8540,7714,4429
"PC",1372,1509,1969,1142,1518,1774,1409,1523,1327,1148,719
"RNF34",1660,1995,1556,1841,1226,1535,1868,1195,2153,2091,1398
"GCOM1",0,0,0,0,0,0,0,0,0,0,0
"ZNF396",21,16,16,15,12,17,22,22,16,11,10
"GSR",2428,2672,2829,2704,2683,2435,2690,2148,3012,3374,2180
"ADGB",0,0,0,0,0,0,0,0,0,0,0
"ALS2CR12",7,4,8,5,1,4,9,2,9,7,4
"OTUD6B",1529,1731,1614,1430,1462,1372,1841,1121,1500,1665,1098
"SELT",2577,2797,1728,2964,1380,2619,1754,1993,3555,2352,2237
"BHMT2",0,0,0,0,0,1,0,0,0,0,0
"GPT2",2382,2806,3031,2720,2774,2424,3146,2065,2698,2808,1564
"PPP4R4",6,3,14,8,4,11,8,8,7,5,0
"GHSR",0,0,0,0,0,0,0,0,0,0,0
"OGDH",5519,5662,6966,5377,5733,5346,7520,4909,6423,8159,4267
"MAK16",2949,3237,3634,3627,2868,2434,4017,2522,3571,4304,2807
"LRRC14",817,919,802,735,829,665,770,691,743,822,495
"ABCC6",1,1,1,0,0,0,0,0,0,1,1
"PTH1R",0,1,2,0,0,0,0,0,0,1,0
"CDKL2",3,2,2,1,0,2,0,1,6,2,0
"CXorf21",0,0,0,0,0,0,0,0,0,0,0
"PANK4",762,681,750,596,689,600,727,584,672,750,496
"TTC40",0,0,0,0,0,0,0,0,0,0,0
"DMKN",2680,3070,2546,3359,2444,2583,2725,2387,3809,3495,2846
"MORC2",2868,2970,3496,2926,2840,2581,3901,2306,3232,4005,2464
"TCERG1",5638,6780,6807,7215,5571,5963,6971,5158,6776,7248,5424
"CHN2",50,46,80,40,24,53,55,39,46,56,29
"MMP9",20,29,21,56,25,26,16,18,55,54,36
"ALS2CR11",0,0,0,0,0,0,0,0,0,0,1
"ABCA1",131,244,195,299,168,285,173,257,493,327,396
"OR1E2",0,0,0,0,0,0,0,0,0,0,0
"RBMY1B",0,0,0,0,0,0,0,0,0,0,0
"MUCL1",0,0,0,0,0,0,0,0,0,0,0
"BIVM",460,403,460,277,273,443,466,309,414,403,298
"AGR2",156,114,115,155,80,202,124,157,326,356,198
"CSNK2A3",120,130,136,140,113,109,151,124,137,149,95
"COL9A2",16,15,14,20,20,22,12,21,23,31,39
"RNF207",403,451,350,282,213,334,360,330,426,418,436
"SOCS3",104,108,82,179,137,80,117,114,172,233,192
"FSD1L",340,461,287,275,157,391,268,278,371,190,243
"CX3CL1",1,0,1,0,0,0,2,0,0,2,0
"TTLL5",1345,1437,1745,1423,1514,1541,1835,1243,1859,2044,1276
"SERPINI2",0,1,0,0,0,1,0,0,2,0,0
"AHSA2",3628,3069,3075,2140,1850,3646,3026,2909,3298,2923,2875
"TRIM25",6265,6724,7470,6945,6393,6024,8555,5399,7910,10246,5583
"ATXN1L",2003,2349,2307,2364,1814,1935,2255,1819,2375,2502,1779
"UPF2",2231,2571,2727,2951,1890,2214,2952,1845,2861,3474,2190
"MFSD3",325,271,332,313,454,294,272,268,378,309,201
"TLR7",0,0,0,0,0,0,0,0,0,0,0
"TAS2R9",0,0,0,1,0,0,0,0,0,0,0
"TTC30A",149,217,227,181,187,223,179,154,188,196,133
"RPS15",12808,14708,11370,15346,10690,11390,12670,10290,14782,14957,10269
"FOPNL",2191,2670,2167,2610,1622,2194,2501,2015,2904,2472,2058
"FKBP1A",4037,4656,4667,4708,4131,3917,5200,3573,4817,5317,3251
"MON1B",1839,2018,2170,2132,2036,1641,2163,1619,2029,2688,1619
"VARS2",2390,2788,2375,3007,2606,2106,2426,2125,3218,2898,2154
"PRDX2",4602,5066,4785,4910,4230,3715,5139,3662,4995,5491,3218
"DCBLD2",8230,10867,8206,10883,7576,8211,10659,7310,13442,13316,9280
"TMEM229B",0,0,0,0,0,0,0,0,2,0,0
"ACTL10",106,117,109,170,220,84,134,106,180,267,123
"EIF4E",2805,3163,2787,3136,2175,2677,3268,2112,3391,3275,2184
"TCF20",4129,4691,5187,5495,4510,4091,5538,3687,5245,6444,3971
"ELOVL6",3643,4143,4356,3984,2922,4719,4428,4262,5200,4595,3898
"GSTCD",1457,1499,1421,1417,985,1243,1412,1085,1578,1556,1017
"GADD45G",5,2,4,8,5,7,0,1,5,6,3
"DGUOK",1883,2157,1988,2081,1384,1862,2092,1672,2259,2308,1533
"CAMP",0,0,0,0,0,0,0,0,1,1,0
"CITED4",1168,1242,1525,1490,2787,1001,1397,1359,1408,1565,941
"NBPF16",17,25,26,18,21,23,29,16,19,28,21
"TOMM7",2810,3146,2368,3107,1691,2749,2585,2320,3256,2749,2162
"SIRT3",392,449,483,323,393,418,430,393,353,373,259
"TRIM28",11865,13816,12005,15378,13637,8346,13747,8585,14647,16907,9439
"TMC7",179,143,192,171,163,175,229,190,269,303,210
"OR4K13",0,0,0,0,0,0,0,0,0,0,0
"LAT2",53,44,46,52,46,53,41,48,69,80,70
"S100G",0,0,0,0,0,0,0,0,0,0,0
"HES4",231,267,187,377,481,151,216,213,482,456,298
"PPP3CC",303,362,332,367,253,294,368,287,396,387,326
"MSRA",414,487,475,526,415,397,511,406,545,558,364
"DMWD",893,1027,874,1017,995,711,918,608,857,1047,651
"CKMT1B",301,260,299,279,259,287,306,279,443,443,347
"INO80C",860,1140,1202,1279,1074,1291,1361,1081,1662,1543,1236
"TMEM231",423,436,563,412,467,455,452,523,418,381,312
"THBS3",299,235,337,116,175,399,270,301,257,214,209
"TSHZ3",0,0,0,0,0,0,0,0,0,0,0
"ACTL7B",0,0,0,0,0,2,0,3,0,1,0
"GPX5",0,0,0,0,0,0,0,0,0,0,0
"UBOX5",490,522,560,547,561,441,557,474,534,694,435
"AC136604.1",0,0,0,0,0,0,0,0,0,1,0
"ATG7",1509,1520,1669,1412,1298,1309,1891,1199,1665,1881,1173
"COPE",2212,2468,2221,2479,2324,1925,2386,1824,2645,2979,1758
"RPL36",8638,9461,6916,10097,7517,7360,7554,6653,10188,8611,6263
"PCDHGB2",10,19,18,16,7,18,23,23,24,25,15
"FAM188B",176,130,143,173,153,124,170,131,177,223,121
"C1orf229",50,41,63,30,55,52,36,47,58,47,36
"MVD",3174,3973,4842,3914,6128,3595,5175,3642,5192,5895,3399
"PRAMEF10",0,0,0,0,0,0,0,0,0,0,0
"PSPC1",1514,2191,1705,2135,1418,1535,1957,1381,2021,2011,1537
"CARD6",3,1,0,0,3,0,0,0,1,1,2
"SPRR1B",2,0,1,1,0,0,0,0,1,5,0
"SLC12A8",563,560,623,496,605,486,714,430,586,712,424
"TFDP1",10674,12446,11346,12885,9533,9517,12364,8196,12627,12952,8274
"TBC1D20",606,673,656,721,630,671,684,515,868,823,504
"BNC2",10,13,11,20,11,15,13,11,7,19,6
"FAM27B",4,8,8,11,17,7,10,6,9,13,11
"NFKBIE",454,441,440,554,470,309,513,361,595,643,450
"PAQR7",329,312,290,533,451,247,340,248,461,504,372
"SERPINF1",2,3,4,3,3,8,8,8,5,3,1
"PAFAH1B3",718,751,767,794,828,622,728,642,974,939,589
"SRSF1",13701,15305,14081,15019,12129,12767,16362,9492,15765,16439,10355
"MMGT1",2741,3276,2582,2980,2134,2891,2801,2277,3263,2377,2001
"SMURF1",1997,2453,2333,2647,2089,1983,2699,1963,2825,3518,2308
"CAMSAP2",2650,3031,2888,2606,1701,2686,3232,2071,2884,2880,2060
"PACS2",1026,1135,1384,1140,1416,1152,1313,1043,1301,1504,824
"TFIP11",981,1009,1014,998,720,748,1084,761,1089,1305,745
"DACH2",0,0,0,0,0,0,0,0,0,0,0
"NDUFAB1",3135,3456,2542,3515,2022,2760,2632,2382,3773,3003,2146
"ALPL",1,0,0,0,0,0,0,0,0,1,3
"MPND",197,244,225,208,225,192,244,223,211,269,148
"CERCAM",803,786,889,767,871,884,767,908,1129,1024,889
"CNBD1",0,0,0,0,0,0,0,0,0,0,0
"SNAP29",1586,1931,1823,1720,1338,1548,1852,1373,1720,1877,1322
"PDGFD",40,40,54,45,36,48,55,50,67,51,49
"OAS2",0,0,1,3,0,0,2,1,4,8,5
"RASGRP2",0,1,0,0,0,0,0,0,0,0,0
"C5orf27",0,2,0,1,1,3,0,5,1,2,1
"HOMER2",659,630,899,664,786,737,759,639,836,869,592
"FOXO6",137,134,200,271,301,147,151,181,263,266,184
"CYP4F31P",2,1,1,3,1,3,4,1,5,2,0
"RASSF8",2052,2544,2429,2150,1681,2295,2480,1733,2097,1785,1263
"UNC93A",0,0,0,0,0,0,0,0,0,0,0
"CDS2",2050,2305,2401,2205,1764,2609,2187,2220,2610,2141,1765
"CNOT8",1707,1793,1731,1595,1322,1797,1736,1586,1970,1613,1201
"SUV420H1",1986,2299,2121,2301,1492,1945,2311,1692,2334,2352,1613
"CCDC124",1517,1694,1712,1655,2034,1251,1857,1200,1558,1976,1149
"TASP1",1374,1694,1553,1694,1319,1430,1629,1261,1674,1792,1285
"MEPCE",3082,3833,3144,4187,3243,2332,3515,2115,3262,4151,2493
"PPP1R14A",0,0,0,0,0,0,0,0,0,0,0
"ZMYND12",17,21,21,11,10,8,19,13,33,24,17
"CTD-2600O9.1",3,1,0,3,2,2,1,3,1,4,5
"TCEANC2",483,448,485,341,344,509,576,465,439,444,280
"OCLN",851,904,933,1224,803,977,1022,998,1795,1909,1563
"HDAC4",751,845,995,895,1079,736,983,659,913,1036,556
"UBE2L3",4319,4854,4642,5209,3882,4398,5114,3446,5421,5577,3511
"TFPT",312,389,345,421,311,308,343,288,368,442,307
"MSN",23505,24985,29813,25265,24704,23706,29955,22085,26873,31711,19925
"GCN1L1",9205,11184,11032,11500,10250,8875,11742,7745,11469,13819,7927
"ZFAND4",45,65,64,67,57,49,66,40,73,77,48
"TRMT112",3990,4376,3912,4833,3784,3775,4598,3074,4856,5228,3040
"ZNF891",159,164,128,122,69,139,116,141,158,118,131
"C10orf54",211,289,207,357,273,171,179,232,348,461,317
"CD46",6502,7577,6304,7318,3814,7910,6411,6637,9129,6794,6421
"AC007431.1",0,0,0,0,0,0,0,0,0,0,0
"PID1",1928,2503,2604,1842,1863,2312,2429,1492,1519,1123,765
"NPIPB8",1,1,1,2,0,2,0,1,0,0,0
"POLR3A",2193,2536,2522,2569,1985,2112,2918,1916,2797,3239,2110
"SPTBN1",12064,13586,11158,14236,8292,12889,12111,10330,15080,13894,11462
"FCGR2A",0,0,0,0,0,0,0,1,0,0,0
"PLEKHG2",1275,1175,1343,1463,1428,1261,1132,1084,1705,1731,1187
"APOBEC3B",205,278,207,420,288,261,252,312,563,681,457
"WNT7B",310,265,226,396,311,196,323,217,364,467,280
"WSCD1",0,1,0,0,0,0,0,0,0,0,0
"MB",33,35,29,47,27,20,26,43,48,52,36
"INSM1",0,3,0,0,0,0,0,0,0,0,0
"SMLR1",0,0,0,0,0,0,0,0,0,0,0
"LMLN",983,932,984,712,707,975,851,771,877,753,559
"FMO2",0,0,0,0,0,0,0,0,0,0,0
"TMEM200B",1385,1470,1300,1613,1398,1198,1375,1197,1558,1489,1209
"PHF8",3257,3240,3809,3388,3262,2702,4057,2461,3508,4667,2674
"PDE4D",3445,3796,4242,3586,3063,4526,3636,2935,4123,3220,2299
"CYSLTR1",0,0,0,0,0,0,0,0,0,0,0
"NKPD1",0,3,1,1,1,2,1,2,2,2,5
"IL20RB",575,618,846,739,751,887,711,823,1261,1262,775
"TMEM185B",1571,1704,1387,2249,1966,1222,1561,1254,2074,2010,1476
"MRPL10",1328,1404,1388,1515,1470,1052,1501,1059,1484,1607,996
"RAB6A",6906,7606,8604,7821,7237,7652,8954,6367,9624,10173,6251
"YES1",8727,9635,10594,9711,7887,9538,10995,7617,10658,10791,7046
"MS4A3",0,0,0,0,0,0,0,0,0,0,0
"LST3",0,0,0,0,0,0,0,0,0,0,0
"SIM2",201,186,252,171,247,167,239,146,216,244,135
"COX7A2",3658,3799,2202,3565,1655,3508,2487,2903,4857,2787,2977
"ERVV-1",0,0,0,0,0,0,0,0,0,0,0
"AKAP9",2494,3009,1965,3035,1053,3282,2079,2163,3104,1928,2343
"IFI27",5,0,5,1,1,2,0,3,5,7,3
"ZNF195",969,966,762,947,571,892,858,698,1173,1021,936
"CREG1",1439,1620,1568,1566,1139,1732,1686,1492,1850,1584,1180
"AP001925.1",0,0,0,0,0,0,0,0,0,0,0
"ATP5A1",23933,25223,26279,25400,21593,22117,27758,19578,28402,28678,17975
"IQSEC2",392,356,467,398,438,361,421,377,409,444,338
"OR4A15",0,0,0,0,0,0,0,0,1,0,0
"C22orf24",3,5,2,5,2,3,1,6,4,6,6
"CDH22",0,0,0,0,0,0,0,0,0,0,0
"ABCA6",1,5,1,2,0,2,1,1,6,7,2
"RP11-192H23.4",172,156,111,109,67,151,137,87,150,103,143
"OR6K6",0,0,0,0,0,0,0,0,0,0,0
"PITPNM1",2370,2267,3116,2225,3323,2268,2746,2177,2722,3132,1690
"APOBEC3D",10,6,10,2,5,9,10,8,7,6,7
"DIS3L2",844,927,959,829,795,803,1031,694,942,1043,701
"NABP2",2753,3092,2996,3089,2533,2298,3048,2272,2800,3021,2132
"DEFB103B",0,0,0,0,0,0,0,0,0,0,0
"CALCOCO2",1351,1389,1736,1359,1223,1580,1773,1336,1761,2014,1395
"INO80",2464,3216,3098,3329,2460,2317,3254,2342,3043,3578,2467
"SLC25A15",1083,1228,1253,1214,1049,1004,1356,968,1218,1223,801
"BMP3",0,0,1,0,0,0,3,2,0,1,1
"ZNF525",1,1,2,0,1,2,3,4,5,6,2
"MFSD2B",8,9,11,14,7,7,6,14,12,17,16
"CYP3A5",0,0,0,0,0,0,0,0,0,0,0
"CD300LF",0,0,0,0,0,0,0,0,0,0,0
"SEC31A",3929,4517,4517,4614,3647,4225,4959,3515,5677,6410,3901
"FBXL18",667,724,751,606,813,528,848,474,678,950,431
"ID2",158,233,128,313,146,95,105,73,234,286,181
"GJB6",0,0,0,1,0,0,0,0,0,0,0
"C3orf36",0,0,0,0,0,0,0,0,0,0,0
"SLC7A2",630,751,684,761,537,635,614,481,603,380,392
"EIF6",5353,6198,4940,6317,4726,4106,6046,3988,6625,7261,4341
"TRPV2",8,10,9,9,13,10,8,15,6,8,7
"C5orf60",1,1,0,0,0,1,0,0,0,1,0
"IMPG2",13,8,6,5,1,5,3,9,6,1,2
"PIGS",1217,1429,1345,1166,1143,1016,1336,1102,1193,1144,898
"OR5M3",0,0,0,0,0,0,0,0,0,0,0
"USP6NL",713,891,788,874,642,720,918,657,942,986,703
"PROM1",3,3,4,2,2,3,2,6,6,5,7
"HAMP",0,1,0,2,0,0,0,0,0,0,0
"CHSY1",2590,2879,2668,3056,2616,2494,3031,2143,3152,2824,1998
"DAGLA",79,114,55,120,101,46,66,61,100,206,127
"HPS5",558,614,634,554,400,525,744,458,681,810,486
"ZNF468",472,474,455,486,298,432,558,389,625,596,495
"WNT6",31,8,13,8,20,16,8,11,18,1,2
"RNF125",429,405,558,381,507,530,629,406,511,659,407
"CCDC104",1698,1681,1658,1500,856,1643,1499,1498,1478,1254,1059
"MYH6",0,0,0,0,0,0,0,0,0,0,0
"DAPK1",425,273,506,347,493,461,507,337,653,807,434
"RNF213",3069,3713,4758,3863,3315,5011,4563,3038,4493,5472,3104
"DMP1",0,1,1,2,0,0,0,0,0,2,0
"DNAH12",6,4,4,1,0,1,7,2,2,2,1
"CASK",3148,3650,3966,3838,3397,3589,4190,3096,4589,5069,3247
"PNO1",3380,3901,2998,4200,2245,2860,3527,2456,4286,4019,2732
"ADRA1A",0,0,0,0,0,0,0,0,0,0,0
"FAM163A",0,0,0,0,0,0,0,0,0,1,0
"PIN1",1222,1363,1235,1139,917,1063,1263,1046,1096,1178,827
"GBP4",0,0,0,0,0,0,0,0,0,0,0
"C17orf58",293,376,306,262,246,266,404,281,339,258,221
"SLC39A13",899,826,851,682,800,696,918,766,883,924,681
"CD160",0,1,0,0,0,0,0,0,0,0,0
"RPS11",20074,20759,15679,21885,11557,18857,18083,15179,22147,19634,15383
"IGLL5",0,0,0,0,0,0,0,0,0,0,0
"RBM25",9444,12074,10953,12168,8148,9595,11423,7903,10158,11002,9926
"SIDT1",5,7,10,4,9,5,16,13,3,6,3
"CD79A",0,1,2,5,3,2,1,1,2,2,2
"IGF1",0,0,0,1,0,0,0,0,0,0,0
"NSMCE2",623,691,546,671,303,699,580,603,789,635,529
"UBD",0,0,0,0,0,0,0,0,0,0,0
"TBC1D10C",0,0,1,1,0,0,0,1,2,1,0
"PLAGL1",3,3,3,2,2,2,0,2,3,7,3
"PAX6",2,1,1,0,1,3,1,2,1,5,0
"ESRRB",0,0,0,0,0,0,0,0,0,0,0
"STX1B",48,57,54,66,63,66,50,73,80,66,107
"C20orf85",0,0,0,0,0,0,0,0,0,0,0
"SLFN11",0,0,0,1,0,0,0,0,0,0,0
"ANKRD30BL",0,0,0,0,0,0,0,0,0,0,0
"FBXO3",1338,1452,1417,1133,1134,1361,1509,1144,1325,1374,1005
"IL2RB",1,1,0,1,0,0,0,1,1,1,0
"FMR1",4470,4971,4783,4787,3867,4526,5467,3407,5201,5506,3715
"SP140",40,50,47,38,13,63,55,55,50,55,48
"RAB24",199,188,147,152,135,199,177,184,233,247,183
"KAT6B",979,1160,1135,1234,888,958,1210,762,1122,1295,831
"PSORS1C2",1,2,2,2,3,3,3,5,6,5,8
"GADD45GIP1",1138,1442,1024,1466,2171,879,1185,832,1300,1473,793
"OR6K3",0,0,0,0,0,0,0,0,0,0,0
"RABGEF1",2,6,1,3,4,2,3,5,12,2,2
"BCKDHA",3,1,2,2,4,6,5,0,1,4,2
"LIG3",1445,1601,1860,1512,1582,1274,2018,1120,1593,1910,1036
"AC007421.1",0,0,0,0,0,0,0,0,0,0,0
"TMEM117",137,109,165,143,141,197,153,178,210,199,158
"HLA-DMA",23,40,23,30,23,31,25,23,30,17,29
"KNDC1",2,0,0,0,0,0,0,0,0,0,0
"NAA60",1185,1339,1400,1319,1366,965,1336,1019,1314,1483,977
"TXNDC17",2203,2546,1477,2572,1097,1755,1725,1520,2823,2126,1638
"CDK5",608,682,641,553,511,614,725,536,657,697,387
"RPS6KA2",593,683,910,543,650,795,704,660,468,552,314
"PHF21B",0,0,0,1,2,1,2,1,4,3,3
"GNB1L",159,217,218,221,291,149,256,179,249,299,159
"NUMBL",404,527,465,578,663,398,449,397,536,581,439
"PDZD3",1,0,0,0,1,0,0,1,0,1,1
"DAB1",0,0,1,0,0,0,0,0,0,0,0
"CDKN1B",1570,1831,1457,1673,1430,1711,1410,1129,1782,1376,996
"GPR132",0,1,0,1,0,0,1,0,0,2,0
"ARHGAP12",1037,1107,1282,1090,887,1276,1361,997,1568,1461,1023
"NDUFB2",559,615,495,494,428,555,601,452,593,621,406
"SULT2B1",41,43,46,68,81,39,52,43,91,234,80
"PAPPA-AS1",2,0,1,4,1,3,1,4,0,1,4
"IFNA17",0,0,0,0,0,0,0,0,0,0,0
"FAM19A2",9,9,6,6,3,9,7,10,8,10,5
"PAK7",1,2,0,0,2,0,2,2,1,0,1
"EXD2",1274,1338,1326,1293,1067,1240,1411,1102,1566,1409,956
"ZNF14",171,168,171,146,82,127,170,146,171,188,123
"ZNF345",107,81,77,60,58,101,90,78,84,80,76
"COL15A1",36,59,46,95,32,34,58,36,74,97,37
"GTSF1",0,0,0,0,0,1,0,0,0,0,0
"GCLM",4249,5093,4195,4781,3701,3880,5082,3275,5247,5790,3523
"ST14",1620,1848,1687,2182,2018,1434,1823,1433,2326,2560,1539
"RNASE9",0,0,0,0,0,0,0,0,0,0,0
"SSH1",1912,1960,2374,2008,2075,1988,2414,1683,2403,2696,1773
"DGKE",1572,1625,1188,1425,940,1622,1319,1109,1804,1223,1200
"AC005082.1",8,6,7,3,6,8,3,2,5,4,4
"MAGEA11",0,0,0,0,0,0,0,0,0,0,0
"GATSL3",8,9,10,4,8,11,7,6,10,7,7
"DCPS",565,671,593,584,491,452,665,446,539,653,362
"ALB",0,1,1,0,0,1,0,1,1,0,1
"MNDA",0,0,0,0,0,0,0,0,0,0,0
"FGF12",35,37,59,37,28,45,49,56,40,40,23
"ACOT8",530,650,668,470,576,513,687,524,602,644,355
"ING5",554,616,541,566,436,395,598,364,484,561,377
"C6orf123",0,0,0,0,0,0,0,0,0,0,0
"POU5F1",0,1,2,0,0,0,0,0,3,2,1
"ALG13",525,697,540,683,450,548,684,474,721,790,530
"OR51T1",0,0,0,0,0,0,0,0,0,0,0
"MEP1B",2,3,0,1,1,2,1,1,2,1,2
"SYNGR3",36,33,24,64,30,18,27,29,61,69,51
"GGT6",0,0,0,1,0,0,0,0,1,0,0
"ASCL3",0,0,0,0,0,0,0,0,0,0,0
"CTB-186H2.3",0,0,0,0,0,0,0,0,0,0,0
"PARVB",877,894,1039,1114,1142,927,923,804,1340,1129,847
"CTB-134H23.2",3,3,1,2,0,7,3,4,4,4,4
"SIGLEC12",0,0,0,0,0,0,0,0,0,0,0
"TH",0,0,0,0,1,0,0,0,0,0,0
"KCNK5",599,619,600,730,689,644,589,503,774,637,553
"RNF144B",98,122,117,101,74,152,128,102,175,236,119
"RNF2",769,887,879,821,760,872,1008,681,1047,969,651
"VAV3",258,233,304,157,145,421,235,230,267,175,115
"SAP25",68,52,46,39,46,30,38,36,33,37,48
"MTHFD2L",719,663,571,664,367,754,563,525,783,548,465
"CCDC86",2935,3393,3022,3950,3117,2006,3888,1979,3250,4485,2265
"RFXAP",172,173,192,156,129,185,208,156,164,169,128
"PLEKHB1",114,115,163,158,208,179,150,137,280,354,167
"C2",11,6,8,2,3,3,6,4,11,7,7
"ABLIM3",4528,4235,5704,3549,4158,4001,5165,3742,3418,4442,2654
"ZNF665",0,0,0,0,0,0,0,0,0,0,0
"MICA",1514,1796,1458,1847,1395,1442,1686,1412,2113,1834,1397
"C5orf47",0,0,0,0,0,1,1,0,0,1,0
"AHCY",10201,12072,11335,11976,10065,9270,12770,8418,12179,13696,7570
"GATS",11,17,15,16,13,16,27,17,18,26,14
"TMSB4X",6539,7755,6052,8501,4747,10465,5952,7666,14142,10519,8993
"TRIM4",844,685,916,737,750,830,862,672,972,1180,754
"DEFB116",0,0,0,0,0,0,0,0,0,0,0
"JAKMIP2",0,0,0,1,1,0,1,1,0,0,1
"AC093802.1",0,0,0,0,0,0,0,0,0,0,0
"NPFF",9,6,7,3,2,10,2,5,5,2,5
"GK5",634,845,879,691,599,719,856,687,859,787,651
"RP11-463J10.2",0,0,0,0,0,0,0,0,0,0,0
"CTC-429P9.4",0,0,0,0,0,0,0,0,0,0,0
"ZRANB2",4078,3872,3667,3468,2604,3332,4023,2683,3745,3929,2977
"MEIG1",14,13,13,15,13,14,9,10,10,11,12
"DGKQ",860,843,840,744,795,752,806,810,858,855,631
"NKAIN2",0,1,0,2,0,1,0,0,0,1,0
"AIF1L",1123,1243,1318,1707,1377,1143,1448,923,1478,1752,937
"ENPP5",151,112,114,84,54,157,125,125,135,101,73
"MIEF1",3161,3515,3679,3577,3143,2589,3833,2535,3530,3973,2473
"HMGCS1",6645,9368,13420,8857,9466,11515,13830,10319,11992,12397,8919
"SCNM1",886,1090,868,1028,690,793,982,709,1000,964,766
"PIK3AP1",6,3,8,6,3,5,2,2,3,1,2
"TNFSF15",143,139,104,229,132,165,156,122,385,393,315
"LGI3",0,0,3,1,0,0,1,1,0,4,1
"CTAG2",0,0,0,0,0,0,0,0,0,0,1
"PRR5L",30,36,31,36,29,39,28,30,36,44,11
"IYD",0,0,0,1,0,0,0,0,0,0,0
"SLC34A3",64,31,25,33,33,23,37,24,38,70,54
"DUSP26",0,0,0,0,0,0,0,0,0,0,0
"VPS45",800,885,975,750,560,823,964,683,903,885,557
"COG4",1200,1242,1402,1098,971,1157,1470,995,1263,1487,879
"DENND2D",4,2,3,0,1,2,1,3,1,6,1
"GGT1",9,16,12,18,15,12,6,11,24,48,14
"CPO",5,2,1,2,2,5,0,0,1,2,2
"ZNF519",167,156,152,110,91,148,149,121,143,114,86
"TBC1D3H",1,1,1,1,0,0,0,0,0,0,1
"CPEB4",282,279,312,211,218,363,360,292,331,464,280
"OR5V1",0,0,0,0,0,0,0,0,0,0,0
"GOLGA7B",803,862,944,1004,882,846,981,805,1073,1416,887
"CA4",0,0,0,0,0,0,0,0,0,0,0
"PEX5L",2,2,1,0,4,3,0,2,0,0,0
"USP31",2849,3419,3328,3557,2743,2819,3693,2146,3571,4273,2500
"LGALS7B",3,3,1,0,3,3,1,5,0,0,2
"UBC",36248,42371,44440,43300,36424,37793,50973,33800,52965,65109,37425
"MXRA5",0,0,0,0,0,0,0,0,0,0,0
"ABCF1",6976,8299,8386,8908,7309,6329,9018,5493,7822,9919,6285
"RAB36",1,0,1,0,0,0,0,0,0,0,0
"CPSF7",7184,8808,7239,8776,5994,6429,7380,5721,8170,8564,6157
"TMEM151B",0,0,0,0,0,0,2,0,0,1,0
"CUL4B",2960,3225,3428,2844,2097,3247,3442,2465,3389,3154,2115
"TMPRSS5",17,24,20,11,25,15,12,19,16,17,9
"KCNJ1",0,0,0,0,0,0,0,0,0,1,0
"NXT2",499,573,464,456,344,483,451,383,562,540,349
"MTIF2",3449,4087,4608,4170,3004,3376,4776,3166,3677,4530,2837
"SPATA31A2",0,3,0,0,0,0,0,0,0,0,0
"PSMG3",1379,1654,1147,1731,1216,1032,1280,1118,1496,1427,1092
"WNT7A",0,0,1,0,0,0,0,0,0,0,0
"CPNE5",23,22,20,27,24,24,34,30,43,23,29
"TP53TG3C",0,0,0,0,0,0,0,0,0,0,0
"POLR3E",3064,2980,3304,2861,3018,2345,3890,2104,3047,4291,2158
"PRY",0,0,0,0,0,0,0,0,0,0,0
"PSMB10",415,542,428,512,475,379,564,354,553,692,385
"MBLAC1",41,64,40,58,63,35,34,40,59,58,40
"TMEM194B",394,461,446,369,335,459,443,432,503,383,305
"CDKN3",2792,2895,1946,3049,1643,2542,1931,2365,3654,2315,2546
"CYP1A1",52,81,119,79,79,85,93,143,110,171,121
"CCNE2",1359,1936,1195,2086,1054,1244,1521,1090,2059,1771,1414
"TMEM63C",22,12,31,16,25,12,19,19,27,33,21
"STARD9",111,143,191,167,125,175,126,95,153,155,138
"ZACN",4,1,0,1,0,5,4,1,3,2,2
"GPR85",6,1,1,4,1,5,1,0,4,2,0
"KIAA0196",2434,2806,3019,2869,2005,2639,3238,2309,3252,3459,2263
"ZNF474",3,8,3,2,2,5,8,4,0,4,0
"AC006156.1",0,0,0,0,0,0,0,0,0,0,0
"RGS9",0,0,0,0,1,2,0,0,1,0,0
"AKR1D1",11,11,10,10,2,9,13,15,7,9,6
"IWS1",2226,2311,2641,2573,2072,1985,2923,1915,2504,3291,2082
"IGSF8",1063,1395,1332,1518,1802,1104,1319,1240,1456,1359,997
"GALNT8",1,0,0,0,0,0,0,1,0,0,1
"PAX7",0,0,0,0,0,0,0,0,0,0,0
"COX5A",4319,4879,4369,4976,3998,4201,4514,3901,6018,5267,3741
"PDPR",1803,2360,1743,2277,1464,1717,1822,1490,2085,1794,1636
"DCLK1",129,110,124,213,213,103,173,105,282,404,169
"TAS2R19",6,10,6,7,2,8,10,4,14,7,10
"KLK7",0,0,0,1,0,0,1,0,0,4,0
"TMEM170A",1121,1335,1170,1167,934,1080,1273,792,1285,1181,806
"FANK1",50,44,39,33,25,41,44,47,42,55,27
"RPRD1A",4303,4275,4925,4160,3934,4612,5023,3491,5195,5094,3096
"DGKZ",2727,3228,2792,3390,3276,2093,2874,2081,3153,3544,2117
"CD37",0,0,1,0,0,0,0,1,0,1,0
"PIK3R2",2540,2788,3409,2655,3799,2327,3099,2533,2541,3128,2072
"LIG1",2711,3365,2541,3291,2355,2385,2547,2342,2932,2727,2481
"ZNF296",158,144,156,204,223,67,160,108,163,212,107
"SERPINA11",0,0,0,0,0,0,0,0,0,0,0
"ALDH1A1",157,180,149,181,138,158,182,140,159,164,107
"MT1A",0,0,0,0,0,0,0,0,0,0,0
"KLHL6",0,2,0,0,0,0,0,0,0,0,0
"GPM6B",302,295,290,264,267,327,203,193,258,170,113
"GSC",0,0,0,0,1,1,0,0,0,0,0
"RASSF5",222,264,300,294,273,301,295,265,363,381,270
"PLXNB3",99,104,97,120,146,121,136,135,172,207,173
"IQCJ-SCHIP1",255,341,209,353,233,223,283,198,315,317,198
"NUDT5",3567,3943,3790,3789,2711,3665,4259,3067,4674,4220,2862
"ZNF516",441,412,760,367,709,700,665,544,647,679,401
"PRCD",21,32,33,41,37,32,26,29,53,58,28
"DNAJC6",305,294,358,294,308,295,404,259,369,431,293
"KIAA1467",763,725,757,568,495,730,742,579,622,554,426
"FAM167B",21,11,12,8,23,34,20,18,30,38,33
"SCGB1D1",0,0,0,0,1,0,0,0,0,0,0
"DCAF6",1812,2010,2369,2181,1860,2290,2378,1745,2788,2755,1715
"GNE",1305,1351,1945,1565,1646,2146,2104,1481,2773,2994,1810
"SQSTM1",16046,17566,15609,18305,15779,14216,17617,13111,19723,24400,13150
"SERPIND1",18,27,11,16,15,22,20,10,15,37,13
"ELAVL2",0,0,0,0,0,0,0,0,0,0,0
"CCDC57",1234,1347,1034,839,718,1334,973,1077,967,791,833
"GLDN",0,0,0,0,0,0,0,0,0,0,0
"CLN6",1878,2175,1508,2288,1643,1313,1660,1287,1878,1715,1402
"RGPD1",18,32,15,19,12,26,34,5,24,31,22
"PDE6H",0,0,0,2,0,0,0,0,2,0,0
"OR51B2",0,0,0,1,0,0,1,0,0,0,0
"MTRNR2L3",0,0,0,0,0,0,0,0,0,0,0
"KRTAP12-3",0,0,0,0,0,0,0,0,0,0,0
"CPN1",0,0,0,0,0,0,0,0,0,0,0
"PDGFA",174,149,168,201,202,173,206,165,269,243,193
"AC017104.2",0,0,0,0,0,0,0,0,0,0,0
"SRSF9",6331,7149,6933,7051,6397,5564,7185,5196,7362,7806,5098
"CD59",4387,4781,3566,5523,3023,4263,4324,3761,6786,6437,4635
"IARS",18027,20767,22649,21073,15781,20694,24476,17287,24522,25700,15810
"CLEC1B",0,0,0,0,0,0,0,0,0,0,0
"SELL",11,16,12,9,10,16,16,10,11,13,4
"WDHD1",3119,3225,3765,3230,2635,3280,4118,2751,3681,4042,2517
"SERINC3",5345,5820,5493,5570,4696,6046,5928,4976,6886,6643,4769
"OR2T29",0,0,0,0,0,0,0,0,0,0,0
"TMEM14C",3154,3454,2186,3338,1762,2994,2310,2778,3931,2519,2531
"KRTDAP",0,0,0,0,1,2,1,2,0,0,1
"SYBU",398,445,446,526,475,389,490,322,534,565,362
"OR5R1",0,0,0,0,0,0,0,0,0,0,0
"C18orf21",501,550,517,508,382,467,522,416,565,502,418
"PPP2R2C",656,705,876,793,810,753,920,703,1133,1501,808
"JKAMP",1414,1476,1067,1439,832,1436,1122,1312,1748,1210,1224
"ADPGK",1863,2123,1718,2080,1401,1677,1862,1570,2261,2005,1651
"EXOC7",2551,2852,2645,2620,2177,2164,2946,1903,2781,3359,1900
"MUC16",1,3,2,5,2,4,3,3,12,62,14
"ACVR1C",19,21,38,10,25,52,50,26,35,59,37
"SSB",8624,9357,11142,10310,7996,8958,11448,7162,9305,10908,7171
"CPA4",43,51,9,48,19,24,27,22,58,49,42
"ZNF587",868,870,802,756,516,917,847,772,981,928,800
"SELM",56,68,31,76,53,49,36,32,109,81,62
"POU3F1",4,1,1,4,1,0,0,3,0,6,2
"GATM",109,125,155,242,220,139,149,120,285,322,183
"BCL7B",1414,2062,1419,2355,1643,1156,1652,1187,2036,2050,1442
"SLC38A9",588,645,552,568,381,582,606,536,634,566,479
"COL1A1",1620,1290,1712,1132,1770,1446,1287,1215,1293,1377,949
"KIAA1524",3793,4277,4020,4872,2923,3737,4534,2943,4888,4815,3440
"IL21R",38,27,105,33,78,91,54,60,45,26,18
"KRTAP22-1",0,0,0,0,0,0,0,0,0,0,0
"ARHGEF4",1622,1527,1648,1305,1305,1688,1625,1579,1631,1419,1203
"SLC7A4",0,0,0,0,0,0,0,1,0,0,0
"DHRS7C",0,0,0,0,0,0,0,0,0,0,0
"PEX1",1087,1014,1507,964,932,1231,1513,1023,1171,1404,834
"DAAM2",0,0,0,0,0,0,0,0,0,0,0
"RINL",73,67,102,85,80,66,94,62,84,99,72
"POLR1C",1984,2163,1920,2273,1518,1729,2097,1386,2396,2349,1619
"RRAGA",4732,5398,6031,5380,5013,4634,6240,4483,6108,7119,3803
"SORD",1955,2198,2298,2422,2226,1758,2683,1730,2757,3335,1865
"SLC24A2",1,0,0,0,0,0,0,0,1,0,0
"OOSP1",0,1,1,0,0,0,0,0,0,0,0
"SLC25A1",11755,13501,15773,14310,17433,11696,14757,12937,15497,15803,10391
"SPINK4",5,3,6,5,6,3,6,1,7,11,9
"ATXN2L",12493,14279,13933,14385,13829,10545,14188,10752,13201,16346,11263
"AL139080.1",0,0,0,0,0,0,0,0,0,0,0
"FUOM",57,54,70,109,125,86,70,86,156,115,95
"ZBTB6",939,1034,878,887,674,996,865,616,1030,898,675
"UPK3A",0,0,0,0,0,0,0,0,0,0,0
"CNIH1",3931,4521,2711,4233,2133,4345,2813,3127,5059,2669,2804
"KLB",1,1,0,0,0,0,0,0,0,0,0
"FAM183B",0,0,0,0,0,0,0,0,0,0,0
"RPL30",19794,20915,16899,21208,15664,18190,18464,15241,23394,20338,14984
"GOLGA6L4",39,52,45,23,30,55,45,50,52,31,66
"CLTB",2098,2471,1975,2987,2761,1605,2433,1666,3067,4100,2371
"SOX21",1,0,0,0,0,1,1,1,4,1,1
"TPPP3",2,4,3,4,4,4,4,7,7,8,6
"APOC3",0,0,0,0,0,0,0,0,0,0,0
"C19orf73",29,27,17,21,34,13,21,14,29,30,16
"LRRC73",32,37,43,31,92,25,35,34,42,44,22
"MEGF8",1539,1596,1666,1672,1944,1451,1383,1311,1482,1475,1077
"RSPH1",4,1,1,1,1,0,5,1,0,3,2
"AC008443.1",250,254,184,172,82,286,205,241,231,191,262
"OPCML",0,0,0,0,0,0,0,0,0,0,0
"MET",3618,4207,2956,5055,2274,3718,3691,3013,6115,5005,4103
"CCL21",0,0,0,0,0,0,0,0,0,0,0
"C15orf56",21,24,18,23,19,18,29,26,18,18,23
"HOXA2",10,22,15,15,8,17,12,13,16,12,8
"ELAC2",5092,5841,5344,5787,4539,4070,6006,3820,5532,6317,3688
"KLK6",2,2,4,2,3,1,6,1,5,2,4
"CA14",17,19,29,11,14,18,10,25,15,20,17
"MARCH5",1728,2071,1768,1898,1571,1688,1883,1622,2243,2026,1440
"TIMM8B",1285,1447,742,1358,603,1057,1009,942,1446,1150,960
"EXOC6B",1928,2047,2641,1909,1627,2052,2665,1726,2219,2994,1578
"POLE",4343,5749,4669,5427,3954,4595,4899,3834,5576,5419,4294
"CTH",149,167,205,116,140,165,201,142,191,191,100
"UBR2",2499,2403,2359,2253,1545,2501,2534,1833,2698,2673,1769
"PSMA7",16158,17299,13105,16912,11004,12970,14911,11809,18253,16392,11430
"RHD",0,1,0,0,0,0,0,1,0,1,0
"NCOA1",448,538,564,529,365,555,609,431,493,539,379
"PITX3",1,4,2,8,4,1,1,5,7,6,6
"RSPH10B2",3,1,2,2,3,1,4,1,4,4,1
"TNFRSF12A",4282,5768,3942,5809,4356,3365,4579,3585,5179,5067,3656
"NPTX2",3,2,10,2,8,7,3,3,1,3,2
"MS4A10",0,0,0,0,0,0,0,0,0,0,0
"TBC1D5",4574,5725,6979,5439,4752,5314,6777,4918,5504,6715,3786
"MAP3K6",990,1168,1196,1110,1334,958,1167,961,1303,1418,1042
"GIPC1",3913,4770,4532,5451,5023,3497,4758,4043,5581,6640,4499
"ERP29",3598,3978,3362,4026,3037,3429,3643,2756,3836,3992,2589
"CBLN3",57,73,90,97,78,72,71,55,71,98,64
"SAA4",0,0,0,0,0,0,0,1,1,0,1
"CDH5",2,6,1,7,0,1,0,1,7,8,11
"C14orf166B",0,0,0,0,0,0,0,0,0,0,0
"C1orf159",366,444,328,388,380,307,338,327,380,349,270
"SMARCA4",6603,7878,8467,8251,8813,5990,8622,5658,7197,8954,5840
"IRGM",0,1,0,0,0,1,0,0,0,0,0
"PEX26",2588,3048,2898,2914,2579,2209,3253,2047,2795,3571,1956
"SLC39A4",232,273,294,472,547,228,309,244,478,507,314
"GRK6",1751,1916,2083,1846,1980,1487,1946,1514,1760,2055,1274
"BLM",2035,2210,2464,2176,1587,2015,2659,1734,2447,2580,1693
"HID1",90,78,94,104,114,99,105,87,144,215,133
"MYO15A",4,7,10,12,8,18,11,13,19,20,18
"RC3H2",4885,5932,5591,5668,3767,5222,6024,3917,6337,6198,4409
"AP1G1",4083,4859,5012,5102,3502,4168,5187,3575,5673,5962,3699
"C5orf48",0,0,0,0,0,0,0,0,1,1,0
"ORC5",1021,1309,1010,1399,826,902,1227,894,1456,1314,950
"KBTBD4",547,568,565,630,480,472,610,430,657,699,431
"OR4C46",0,0,0,0,0,0,0,0,0,0,0
"FOXR1",0,0,0,0,0,0,0,0,0,0,0
"SYNE4",394,362,452,464,522,363,416,362,525,569,408
"ITGA1",319,422,579,270,262,632,567,550,492,362,331
"SEC24B",1630,1850,1890,1846,1383,1756,2023,1374,2023,2150,1282
"INTS6",1814,1921,1929,1989,1347,1719,2175,1283,2040,2167,1241
"ANKRD23",84,81,70,58,46,90,74,93,92,48,86
"MVK",1299,1559,1770,1603,1793,1261,1875,1188,1586,1738,1035
"UFC1",948,1128,953,1026,660,939,1228,848,1190,1359,802
"RP6-24A23.6",0,1,0,0,0,0,0,0,0,0,0
"PYURF",1681,1930,1539,1854,1307,1506,1732,1399,2132,1843,1281
"ZNF200",744,733,722,640,396,562,803,541,647,694,539
"FAM47E-STBD1",35,46,43,38,28,36,31,29,38,47,36
"PP13439",2,6,13,5,4,22,7,11,19,15,10
"AL133262.1",0,0,0,0,0,0,0,0,0,0,0
"EPB41L4A",65,84,102,81,80,99,52,84,92,115,75
"CHI3L1",52,34,44,20,39,67,34,34,34,25,31
"FAM46D",0,0,0,0,0,0,0,0,0,0,0
"BCAS2",2152,2644,1942,2554,1560,1892,2307,1521,2508,2498,1660
"ARL17A",126,120,128,92,118,124,123,92,94,111,115
"ASMTL",0,0,0,0,0,0,0,0,0,0,0
"LAPTM4A",3505,3634,3165,3462,2795,3578,3393,2962,4477,3863,2897
"DSG1",1,0,0,0,0,0,0,0,0,0,0
"MIP",12,3,9,9,3,7,13,2,8,14,9
"SLC3A2",10800,12836,8145,13967,8919,8170,10746,7554,14177,15996,9022
"CAGE1",58,55,67,58,39,59,59,37,75,76,59
"NCK2",833,845,929,831,929,749,945,705,950,963,532
"TMEM169",42,45,65,59,59,90,49,72,86,80,58
"IFI30",1055,1011,923,1303,1187,829,1071,837,1373,1505,885
"GAGE2C",0,0,0,0,0,0,0,0,0,0,0
"AL354808.2",0,0,0,0,0,0,0,0,0,0,0
"IL36G",1,1,1,0,0,1,1,1,1,6,6
"GAD1",55,53,54,58,48,48,62,62,92,95,78
"WDR45B",6063,7663,6594,8796,6440,5619,7310,5385,8316,8477,5923
"CCDC12",921,1109,972,1107,971,840,1044,749,913,1091,731
"TMED7-TICAM2",0,0,0,0,0,0,0,0,0,0,0
"GPSM2",4067,3997,4725,3944,3244,4040,4789,3378,4747,4895,3074
"C1orf180",2,1,1,0,1,1,1,0,1,0,1
"PIWIL4",0,2,1,0,1,6,2,2,0,0,0
"F8",207,231,259,284,232,294,258,227,356,321,241
"PROKR2",0,0,0,0,0,0,0,0,0,0,0
"CWC15",1240,1583,1272,1661,956,1310,1319,1192,1359,1376,1152
"AVPR1B",0,0,0,0,1,0,0,0,0,0,0
"RP11-347C12.1",62,44,45,46,34,42,40,24,54,40,44
"PPP2R5C",4139,4234,4701,4097,3296,4205,4784,3680,4445,4537,3125
"CRYBB1",0,0,0,0,0,0,0,0,0,0,0
"FBXO8",612,674,736,638,641,742,787,629,794,782,509
"SAFB",6350,6962,7131,7190,6438,5848,7145,4632,7008,7455,4793
"AFTPH",1629,1582,1762,1601,1369,1691,1970,1261,2110,2273,1386
"PHLDB1",962,972,1011,900,989,892,995,757,1061,1201,734
"MORC3",731,799,734,835,532,785,839,577,997,942,694
"MCUR1",2120,2485,2322,2483,1868,2045,2621,1843,2617,2738,1784
"SRGAP1",1361,1688,1580,1782,1294,1430,1830,1170,1806,2267,1493
"NVL",2413,2837,2745,2717,1923,2382,3119,2002,2936,3298,2003
"PTMS",13007,14018,17458,16351,26254,13996,15022,12763,16867,18615,14972
"PRMT5",5352,5764,5575,5775,4654,4273,6472,4006,5757,6758,4027
"NAAA",595,568,594,586,508,555,586,479,673,619,448
"CCDC163P",86,79,67,71,55,65,78,72,61,60,46
"AIM1L",353,335,363,447,471,288,393,379,580,821,555
"NSMCE1",1464,1625,1737,1509,1267,1492,1933,1332,1578,1849,1108
"MC4R",0,1,0,0,0,0,0,0,0,0,0
"PLEKHA6",1807,2004,1715,1907,1557,1549,1749,1454,1701,1941,1459
"SRM",5963,7079,5521,7123,7545,3792,6703,3992,6493,7393,4299
"CD48",0,0,0,0,0,0,0,0,0,0,0
"CRYBA2",16,24,10,41,36,10,13,19,69,73,37
"SLC25A10",2120,2566,2232,2781,2654,1756,2285,1933,2559,2955,1635
"C12orf5",570,576,530,643,471,427,714,425,740,774,486
"CTBP1",5459,6201,6405,5918,6094,4798,6087,4708,5789,6147,3836
"ARID2",1729,2067,2003,1945,1335,1911,2039,1452,2096,2048,1366
"DROSHA",2475,2667,2875,2515,2111,2265,2913,2076,2567,3112,2024
"TYR",1,0,0,0,0,0,0,0,0,0,0
"HBS1L",3478,4000,3937,4022,3158,3671,4338,2915,4782,4847,3065
"SRRM1",10700,13364,12635,13622,10711,10832,12558,9983,12380,14132,11371
"TACC2",1433,1445,1770,1652,1666,1250,1717,1255,1559,1977,1270
"DKK3",3,2,1,1,0,1,5,2,1,3,1
"C22orf46",1892,2211,1835,2066,1321,1837,1966,1610,1947,2006,1770
"DEFB131",0,0,0,0,0,0,0,0,0,0,0
"DSCC1",1675,2003,1869,1999,1452,1610,2081,1306,2111,2225,1409
"SLC7A13",0,0,0,0,0,0,0,0,0,0,0
"SPAG8",4,3,3,0,0,6,6,5,4,4,3
"RUNDC3B",6,8,16,6,11,16,14,6,9,12,3
"FKSG63",0,0,0,0,0,2,0,1,0,0,0
"PNP",4196,4581,4253,4546,3319,4125,5075,3441,5613,5599,3583
"C10orf112",0,0,0,0,0,0,0,0,0,0,0
"FXN",1059,1233,984,1257,959,799,1281,774,1259,1306,831
"VANGL2",426,475,531,381,461,581,337,534,469,393,374
"EFCAB9",0,0,0,0,0,0,0,0,0,0,0
"SLC25A24",3242,4034,3861,3694,3140,3676,4248,2981,4678,4669,3089
"PAPD4",1094,1282,1275,1203,1034,1305,1353,1046,1661,1470,1053
"ZNF677",0,0,0,0,0,0,0,0,0,0,0
"ZNF836",31,42,36,20,22,27,36,35,32,28,10
"FAM149A",3,6,2,4,1,6,5,3,3,4,3
"NDUFA3",339,407,379,402,323,344,355,316,441,418,283
"MYSM1",1266,1666,1233,1429,831,1572,1258,1132,1578,1336,1230
"NPHP3",382,427,408,302,225,474,420,336,437,386,343
"RP11-247C2.2",0,0,1,0,0,0,0,1,0,0,0
"ETFB",2102,2248,2346,1891,2170,1839,2463,1862,2146,2466,1568
"FNIP1",802,1119,928,995,656,1097,940,956,1288,1176,857
"EPHA7",34,30,37,25,23,23,48,25,26,21,11
"KCTD7",305,274,322,186,210,278,284,272,196,290,189
"MPV17L",5,1,0,6,2,1,1,2,4,2,4
"BEST3",9,13,4,17,9,3,8,6,15,22,20
"LEP",0,0,0,0,0,0,0,0,0,0,0
"LHFP",193,230,212,190,118,162,213,157,210,204,140
"SNAP47",1822,1750,1743,1762,1564,1371,1950,1370,1954,2022,1199
"CCDC179",0,0,0,0,0,0,0,0,0,0,0
"DACH1",2,5,2,0,1,5,3,9,0,1,2
"HYDIN",5,6,2,4,3,8,2,6,1,2,8
"PLAU",1958,2161,1300,3461,1568,1429,2378,1793,5021,5531,4325
"CUL4A",4159,4856,4955,5146,4371,4338,5251,3318,5578,6004,3479
"TMEM102",422,360,546,347,487,427,555,429,460,612,341
"TRIM39-RPP21",0,0,0,0,0,0,0,0,0,0,0
"KLRB1",0,0,0,0,0,0,0,0,0,0,0
"CEACAM7",0,0,0,0,0,0,0,0,0,0,0
"PARVG",0,0,0,0,0,0,2,0,0,0,0
"DAZ4",0,0,0,0,0,0,0,0,0,0,0
"NPR1",198,197,311,301,435,318,302,345,488,399,396
"C11orf63",132,100,136,100,91,128,135,113,137,146,92
"FSBP",0,0,0,0,0,2,0,0,0,0,0
"NFIB",11857,13298,15016,11441,10549,15615,12776,10201,11910,9286,7565
"ANKRD16",263,345,282,319,281,223,350,218,295,332,211
"SNX30",1963,2368,2640,2006,1979,2460,2862,1969,2407,2593,1708
"RRAGD",101,104,168,140,155,182,149,158,217,226,111
"JMJD7-PLA2G4B",0,0,0,0,0,0,0,0,0,0,0
"HDHD2",1092,1146,1103,888,850,968,1229,754,1004,1111,642
"NLGN1",59,53,43,71,43,63,56,66,46,48,52
"KIN",639,630,652,604,427,576,710,511,752,762,545
"AC104057.1",0,0,0,0,0,0,0,0,0,0,0
"CDK11B",1290,1384,1415,1354,1309,1094,1513,984,1360,1585,988
"NXPH3",4,3,2,4,5,10,4,3,6,6,3
"DCLRE1A",1200,1195,1243,1112,725,1237,1395,1067,1339,1290,924
"FATE1",0,0,0,0,0,0,0,0,0,0,0
"DAO",0,1,0,0,0,0,0,0,0,0,0
"AIRE",0,0,0,0,0,0,0,0,0,0,0
"ZFR",3719,3957,3907,3969,3138,3301,4462,2663,4245,4501,2872
"FKBP3",4113,4264,3898,4090,2663,4241,4309,3617,4324,4020,3268
"CYB5RL",210,210,216,155,137,195,219,149,180,203,115
"ANKRD7",1,1,0,1,0,1,0,0,3,0,2
"FNTA",1374,1600,1393,1794,989,1489,1718,1188,1964,1894,1292
"HIST1H2AK",9,9,5,5,2,3,8,8,12,10,6
"MAST2",3665,3462,4200,3704,3894,3212,4583,3067,4194,5676,3036
"CELF4",0,0,0,0,0,0,0,0,0,0,0
"KIAA0586",1500,1548,1891,1592,1164,1624,1844,1345,1977,1963,1352
"RTFDC1",4381,4942,4641,4919,4241,4072,5374,3751,5028,5621,3471
"DEFB114",0,0,0,0,0,0,0,0,0,0,0
"DDA1",1914,2244,2198,2473,2374,1817,2296,1887,2447,2758,1913
"RPL35A",21810,23745,18326,23862,14836,20888,20943,16567,26864,21717,16398
"PHACTR1",0,0,0,0,0,0,0,0,1,0,0
"SERP2",0,0,0,0,0,0,0,0,0,0,0
"ADAT3",53,60,46,74,97,49,54,39,71,55,39
"NUDT6",143,158,158,149,111,158,159,141,161,96,106
"CDC42SE1",3409,3526,3448,3735,2580,2826,3693,2687,4392,4713,3000
"ANKS6",1313,1442,1645,1672,1718,1219,1598,1248,1742,2033,1392
"INHA",66,57,55,42,49,82,38,67,71,71,74
"CIRBP",2952,3702,2495,3605,2746,3210,2404,3221,4166,3041,3437
"FRMD4B",170,171,187,133,129,262,183,201,167,207,176
"AK9",128,134,183,101,100,188,182,133,129,165,100
"RGS19",478,515,465,496,560,368,535,417,504,595,330
"MRPL4",2706,3140,2866,3050,3366,2005,2904,2177,2790,3089,1891
"FBLIM1",1789,1847,2202,1922,1950,1906,2089,1953,2281,2595,1815
"HES1",746,828,857,873,863,920,778,664,938,826,610
"EEF1B2",10188,11433,7955,11399,6390,9373,9139,8415,12113,9431,8162
"C12orf74",0,0,0,0,0,0,0,0,0,0,0
"RHOJ",0,0,0,0,0,0,0,0,0,0,0
"ISM2",0,2,1,0,1,0,1,2,2,2,2
"IRAK2",124,140,129,117,91,107,161,119,165,202,134
"AC011500.1",0,0,0,0,0,0,0,1,0,1,0
"DDX42",4812,5770,5198,5891,4393,4685,5668,4399,6309,7436,5044
"AL133373.1",0,0,1,0,0,0,0,0,0,0,0
"KIF2A",1900,2068,2269,2237,1682,2082,2433,1668,2541,2563,1642
"KLLN",39,58,71,54,50,50,55,39,53,62,35
"SERPINE3",0,1,0,1,0,0,0,0,1,0,0
"KLK14",2,5,2,4,4,2,0,0,6,8,2
"PRAMEF1",1,0,0,0,0,0,0,0,0,0,0
"ANKRD62",0,0,0,0,0,0,0,0,0,0,1
"APOC2",0,0,0,0,0,1,0,0,0,0,0
"ZNF783",1125,1229,1148,1687,1357,956,1202,958,1348,1630,1251
"FLJ45079",0,0,0,0,0,0,0,0,0,0,0
"MAGED1",0,0,0,0,1,0,0,0,0,1,0
"PIGN",1135,1219,1393,1227,1006,1322,1287,1065,1398,1458,955
"CUX1",1486,1862,1970,1987,1721,1633,1869,1360,1810,2186,1305
"PHACTR2",1215,1443,1329,1358,861,1233,1386,919,1235,1138,967
"FCRL4",0,0,0,0,0,0,0,0,0,0,0
"NEK5",8,7,17,14,10,12,17,13,14,11,9
"EDDM3B",0,0,0,0,0,0,0,0,0,0,0
"ZNF268",607,629,571,567,286,448,665,406,574,652,441
"ARHGEF3",196,201,268,194,211,208,233,202,270,298,227
"FGF14",4,6,4,6,2,3,2,2,4,4,2
"SRPK2",1462,1580,1770,1526,1423,1605,1688,1421,1800,1719,1243
"LRRC58",7466,9169,7684,8150,5859,7314,8470,5359,8680,7572,5688
"AC023590.1",0,0,0,0,0,0,0,0,0,0,0
"ARSD",0,0,0,0,0,0,1,0,0,0,0
"PRG2",4,7,3,9,3,7,2,5,9,1,6
"SLC22A23",301,299,329,281,302,349,322,319,256,250,174
"RBM3",11438,12387,6430,12183,5485,8706,6834,9361,12371,7900,10385
"C3orf72",11,4,15,15,17,14,16,4,28,25,16
"C7orf43",569,618,478,507,474,509,519,438,701,701,602
"SHMT2",6001,6901,6962,6744,6630,5700,7095,5463,7308,7534,4800
"CLDN17",0,0,0,0,0,1,0,0,0,0,0
"SAMD10",503,418,551,433,598,363,516,380,447,644,372
"INSIG1",6376,8019,9563,8942,9299,10785,9183,8826,11900,9359,7299
"SGK3",94,78,94,98,43,81,94,64,86,99,66
"RP11-998D10.1",0,0,0,0,0,0,0,0,0,0,0
"CYCS",11537,13829,10388,15276,8217,12354,11267,8960,14949,12615,10162
"SLC16A1",9007,10279,7947,10605,7093,8821,8853,7097,11647,9209,7801
"IRX6",0,0,0,1,0,2,0,1,0,0,0
"CDKL3",59,49,39,47,40,58,46,32,60,32,53
"CCS",425,376,332,287,309,353,407,283,367,355,293
"IL27",1,0,0,0,1,0,0,2,0,0,0
"C15orf39",1658,1720,1728,2229,2332,1374,1926,1506,2175,2721,1613
"KIR2DL3",0,0,0,0,0,0,0,0,0,0,0
"WNT3A",0,0,0,0,0,0,0,0,0,0,0
"WDR12",2750,3354,3447,3314,2442,2843,3806,2531,3481,3751,2385
"ANTXR2",1483,1296,1586,1035,869,1430,2225,1366,1536,1826,1262
"FKBPL",390,387,360,339,293,316,400,254,373,395,234
"AC121757.1",6,9,10,7,1,7,10,9,16,15,7
"PLXDC2",300,388,460,308,275,430,304,275,239,207,114
"ZNF25",133,146,172,191,132,147,147,137,175,117,150
"DTNBP1",339,371,317,402,327,277,370,273,434,480,351
"TPRG1",21,20,17,22,10,29,10,26,20,18,13
"DCAF8",3253,3628,3364,3365,2614,3310,3402,3033,3561,3491,2653
"OGT",8027,7808,7681,6782,5080,8735,7766,6282,9930,9693,7372
"PCDH18",0,0,0,0,0,0,0,0,0,0,0
"ETS1",2826,3823,3199,4172,2670,3219,4047,2774,4504,5086,3431
"PARP9",600,730,847,548,485,628,851,666,638,854,527
"C9orf37",262,316,258,268,207,251,304,213,241,269,229
"AL360181.1",0,0,0,0,0,1,0,0,0,0,0
"RNF135",348,394,411,443,371,342,435,324,433,438,302
"HOXC8",199,227,280,290,329,196,261,194,267,237,216
"GOLGA8B",1399,1291,1121,866,612,1560,1068,1194,1455,923,1194
"MED12",1689,1844,2026,1641,1640,1554,2059,1308,1546,1966,1138
"PINX1",290,340,295,412,294,173,296,178,356,312,235
"AL162389.1",0,0,0,0,0,0,0,0,0,0,0
"EDN3",0,0,0,0,0,0,0,0,0,0,0
"KCNA3",0,0,0,0,0,0,0,0,0,0,0
"RNF223",56,109,63,137,124,50,78,39,110,166,114
"TOR4A",2263,2225,2062,2314,2535,1701,2139,1839,2324,2268,1731
"MUTYH",1337,1392,1388,1185,1353,1095,1418,968,1258,1355,918
"TEX36",0,8,1,6,2,2,9,2,8,8,6
"NDUFA2",1072,1112,844,1101,639,1007,917,837,1155,943,776
"ZNF157",17,20,19,67,45,25,20,15,77,90,56
"CPSF1",2673,2923,2930,2541,2756,2299,3064,2056,2753,3077,1766
"HSPB2",1,0,0,0,1,0,0,0,0,0,0
"FIGNL1",715,734,630,698,519,561,722,456,834,796,516
"OR1A1",0,0,0,0,0,0,0,0,0,0,0
"TAPBPL",131,112,102,128,96,108,115,78,180,161,119
"FAM19A1",0,0,0,0,0,1,0,0,0,0,0
"TUBB6",2991,3562,3238,4044,3463,2536,3584,2420,4445,4748,2797
"PAGE3",0,0,0,0,0,0,0,0,0,0,0
"TRIM3",214,200,215,157,199,190,207,173,224,198,160
"PABPC1L",1221,1027,1018,600,681,1225,1092,961,1005,950,995
"PLEKHG7",0,1,0,0,0,0,1,0,0,0,0
"TEX35",3,0,0,0,0,0,0,0,0,0,0
"KRT79",2,0,6,1,4,7,5,7,9,0,0
"TRIM49",1,1,1,1,0,0,0,1,0,0,1
"GSG2",1120,1218,1238,1354,1018,1041,1307,816,1305,1448,888
"C1orf87",0,0,0,0,0,0,0,0,0,0,0
"SLC13A5",0,0,0,0,0,0,0,0,0,0,0
"NUFIP2",6759,7319,6894,6741,4861,7524,7555,4704,7849,6781,4944
"STAC",484,494,558,605,539,433,603,358,592,678,350
"RGS7BP",0,0,1,0,0,0,0,0,0,0,0
"CTB-102L5.4",0,0,0,0,0,0,0,0,0,0,0
"TTC7B",134,149,184,136,156,167,166,126,147,102,81
"WDR11",1581,1858,2164,1631,1299,1786,2031,1488,2176,2116,1441
"C1QL3",0,0,0,0,0,0,0,0,0,1,0
"TUBGCP6",1395,1274,1215,925,943,1231,1149,1190,1310,1155,1131
"DRAM1",345,510,403,495,367,410,444,379,581,456,392
"PNMA6A",0,0,0,0,0,0,0,0,0,0,0
"PBX4",51,56,50,62,40,41,40,48,66,68,87
"REG3G",0,0,0,0,0,0,0,0,0,0,0
"TPM4",18561,21727,20992,24783,21325,18068,25245,17832,27489,34090,21867
"CRYGD",0,0,0,0,0,0,0,0,0,0,0
"SLC29A4",2,4,6,4,5,4,3,10,4,8,2
"C3orf18",74,70,90,66,112,92,66,93,100,92,68
"AC007952.5",3,4,3,2,4,3,3,4,3,4,5
"GET4",1116,1286,1204,1314,1231,1049,1319,1001,1435,1462,941
"MTERFD1",1106,1104,1274,1061,879,1020,1319,948,1337,1301,868
"MGST2",551,582,523,545,479,542,589,560,780,681,477
"CCSER2",1463,1678,1964,1758,1473,1775,1965,1381,2010,1973,1433
"EPDR1",446,480,424,444,409,391,544,400,562,574,351
"CA12",78,97,143,94,126,96,126,99,90,97,49
"FSCN3",5,0,3,2,0,0,1,4,2,2,2
"SPINK13",0,3,0,0,0,2,0,0,3,6,5
"TFB1M",492,542,606,507,446,470,563,543,515,539,425
"MRPL28",1668,1915,1759,2136,1927,1338,1910,1307,1925,2131,1382
"MS4A4A",0,0,0,0,1,0,0,0,0,0,0
"FCRL6",2,0,0,0,0,1,0,1,0,0,1
"CLDN1",1654,1495,1114,2431,1450,1473,1348,1074,3185,2483,1945
"ARVCF",168,122,187,121,206,167,156,164,196,192,141
"ZNF134",475,507,498,434,360,430,585,458,542,501,464
"MNAT1",1876,2156,1746,2072,1157,2158,1772,1688,2263,1724,1594
"UPP2",1,1,2,0,0,2,1,1,1,3,1
"POLR2K",1857,1961,1576,2030,1217,1803,1788,1451,2188,1868,1442
"OR6T1",1,0,0,0,0,0,0,0,0,0,0
"PA2G4",10236,12489,11832,13997,10702,8526,13123,8534,12351,13791,9825
"NPY5R",0,0,0,0,0,0,1,0,0,0,0
"GRIK3",0,0,0,0,0,0,0,0,0,0,0
"PRMT10",262,192,222,209,142,204,217,170,279,236,157
"CETP",0,0,0,0,0,0,0,0,0,0,0
"TMEM215",0,0,0,0,0,0,0,0,0,0,1
"PODN",0,0,0,0,0,0,0,0,0,0,0
"TNFAIP8L1",786,700,896,814,881,695,848,726,943,954,703
"LAMB3",23213,25048,18739,30335,21272,18260,28266,19860,39501,52320,30562
"CMBL",625,681,841,539,632,745,834,562,632,721,399
"APOBEC2",1,0,0,0,0,0,0,0,0,0,0
"ENPP1",108,112,110,80,52,119,110,89,52,50,48
"THAP1",651,710,600,678,512,521,688,420,697,750,459
"NPHP4",563,520,653,428,531,446,605,444,466,478,331
"DHFR",5583,6188,5913,6118,4161,4794,6608,4250,5544,6726,4190
"GADD45B",304,351,308,432,318,240,314,316,439,424,417
"CTC-512J12.6",0,0,0,0,0,0,0,0,0,0,0
"FAM173B",290,221,213,242,173,219,232,133,247,259,155
"TMEM248",7755,8847,8155,9250,7003,7413,8521,6802,9480,8813,6493
"CTD-2140B24.4",0,0,0,0,0,0,0,0,0,0,0
"AC131971.1",0,0,0,0,0,1,0,0,0,0,0
"COL5A3",8,10,14,13,6,7,14,3,14,18,15
"F11R",4654,5753,5194,5763,3901,5033,5453,4704,6533,6608,4766
"KCNC3",45,43,22,90,65,33,21,11,83,100,61
"RDH8",0,0,0,0,0,0,0,0,0,0,0
"LCN9",0,0,0,0,0,0,0,0,0,0,0
"AC010877.1",0,0,0,0,0,0,0,0,0,0,0
"ADAM21",1,1,1,3,1,2,1,0,5,8,2
"CDCP2",0,0,0,0,0,0,3,0,1,0,1
"DLX5",13,9,7,16,18,12,9,11,13,12,3
"DPH1",1005,1104,1010,1048,1027,786,1093,725,962,1014,659
"EEFSEC",478,570,656,575,623,472,601,438,514,650,388
"PCTP",657,745,835,742,568,724,806,690,720,880,559
"OR7C1",0,0,0,0,0,0,0,0,2,0,0
"WNT10B",31,23,64,40,93,40,46,34,58,45,24
"PRSS21",0,0,0,0,0,0,0,0,0,0,0
"RP1L1",1,2,0,3,1,1,1,3,1,3,1
"ZBTB26",741,702,639,661,402,688,673,521,747,738,476
"C2CD4B",0,0,0,0,0,0,0,0,0,0,0
"TNNI2",4,6,3,8,2,4,2,6,7,4,3
"TAS2R1",0,0,0,0,0,0,0,0,0,0,0
"PRAMEF7",0,0,0,0,0,0,0,0,0,0,0
"MATK",925,959,1003,1131,1301,706,945,687,1052,1147,799
"ASB16",1,1,1,3,2,2,3,2,2,2,0
"UBXN2B",1140,1122,1249,1060,955,1125,1289,909,1223,1290,723
"RAPGEF6",363,421,308,374,281,352,376,216,428,291,292
"CKMT2",0,0,0,0,0,0,0,0,0,0,0
"TECTB",0,0,0,0,0,0,0,0,0,0,0
"CLCN5",188,159,211,156,129,229,211,185,238,221,161
"TTC1",2234,2599,2224,2755,1666,2188,2602,1780,2683,2813,2058
"PDK3",812,942,1318,923,915,1075,1266,1077,1165,1161,786
"TMIGD1",0,0,0,0,0,0,0,0,0,0,0
"MISP",65,82,87,67,68,63,98,72,114,137,88
"FAM98C",178,176,201,204,165,165,177,141,192,218,138
"NLRP8",0,0,0,0,0,0,0,0,0,0,0
"WRNIP1",3990,4575,4884,4778,4523,3591,5369,3260,4851,5811,3139
"LSM1",952,1081,770,1152,563,734,815,681,1076,985,764
"RABIF",553,626,603,670,531,527,721,431,846,867,499
"RFC3",3066,3762,3158,3832,2636,2776,3564,2259,3926,3511,2493
"EMB",973,1241,1059,1191,895,1085,1239,922,1481,1280,991
"MYOM1",61,39,105,31,55,80,79,103,50,56,39
"COPS6",3226,3455,3324,3519,3353,3046,3915,2589,4059,4614,2680
"NUDT15",2504,2840,2618,3015,2144,2324,2709,2022,3133,3005,2008
"VEZF1",1860,1861,1968,1676,1372,1871,1968,1398,2121,1858,1369
"TRIAP1",1219,1241,1076,1296,721,978,1325,852,1383,1259,809
"CRX",0,0,0,0,0,0,0,0,0,0,0
"KLHL8",1398,1517,1603,1494,1408,1413,1770,1127,1572,1605,1161
"ABCD4",545,570,436,432,342,540,465,428,468,412,343
"LCP1",192,249,265,224,178,273,305,377,348,430,374
"RP11-94B19.4",0,0,0,0,0,0,0,0,0,0,0
"CCDC71",635,613,667,707,647,446,699,517,799,866,606
"SLC4A4",23,45,15,27,7,25,39,32,24,30,18
"LDB2",0,1,0,0,1,1,1,0,0,1,0
"AAGAB",1904,2077,2066,2030,1450,2039,2378,1745,2234,2286,1572
"GDF3",0,0,0,0,0,0,0,0,0,0,0
"GLTSCR1L",628,630,753,609,587,690,746,559,736,670,466
"RAN",20344,23939,19809,24414,16313,19034,22700,15936,26186,23786,16848
"AGO2",2777,2913,3071,3281,2881,2263,3588,1815,3249,4178,2110
"SCPEP1",1389,1411,1437,1374,1065,1574,1452,1543,1665,1535,1192
"EMC4",4022,4410,3551,4460,2880,3666,4014,3380,4852,4381,3227
"P2RY14",0,0,0,0,0,0,1,0,1,0,0
"TIMMDC1",4654,5166,4621,5229,3843,4471,5257,4111,5836,6224,3971
"PLXNA3",1103,823,966,1230,1418,1129,972,824,2144,2028,1485
"POP1",1923,2154,1751,2455,1533,1316,1985,1110,2372,2414,1625
"KIAA1549L",7,13,2,11,2,4,5,8,14,25,5
"LCE1C",0,0,0,0,0,0,0,0,0,0,0
"SIX3",0,0,0,0,0,0,1,0,0,0,0
"TPM1",507,562,536,609,430,446,696,438,593,803,466
"LRRC71",0,0,0,0,0,0,0,0,0,0,0
"BCL2L2-PABPN1",0,3,2,1,1,3,2,4,3,1,3
"GRIN2A",0,0,0,0,0,1,0,0,0,0,0
"FGF16",0,0,0,0,0,0,0,0,0,0,0
"POMP",3720,4004,2574,3991,1828,3677,3187,2881,5059,3607,2854
"THNSL2",719,721,936,621,761,818,811,838,929,1041,669
"OR1N1",0,0,0,0,0,0,0,0,0,0,0
"GAB2",236,188,295,241,327,338,344,335,454,520,379
"AMER3",0,0,0,0,0,0,0,0,0,0,0
"BEND7",81,71,107,85,59,94,108,69,70,84,57
"NCOA2",1170,1250,1282,1015,870,1154,1343,977,1162,1253,877
"DYDC2",0,0,0,0,0,0,0,0,0,0,0
"EIF4E1B",0,0,0,0,0,0,0,0,1,0,0
"TGM5",3,1,0,4,3,4,2,2,3,6,6
"AP000889.3",1,0,0,0,1,1,0,0,1,0,3
"CDK12",6155,7773,7379,7628,5129,5654,7714,4896,6433,7556,4898
"MAP2K6",247,303,337,221,182,414,241,288,262,223,171
"CTSD",4923,5456,4970,5934,6014,4217,4789,4718,6090,6982,4415
"AGAP2",30,30,32,35,52,33,32,47,81,93,48
"NPIPA1",170,173,168,121,100,181,151,104,147,139,143
"CSNK1G1",592,583,653,623,447,526,697,488,662,699,487
"ABHD16B",1,5,3,2,0,3,3,1,1,2,0
"PROK1",0,0,0,0,0,0,0,0,0,0,0
"LYPD4",0,0,0,0,0,0,0,0,0,0,0
"DSE",2944,3747,3320,3429,2545,3663,3551,2988,3896,3265,2619
"CKS1B",2929,3128,2398,3197,1939,2939,2661,2502,3792,2651,2442
"RP11-187E13.2",0,0,2,0,0,2,0,0,0,1,0
"ACTB",145045,170905,163465,184303,177806,118502,183240,119111,179306,224511,139254
"RANBP3L",0,0,0,0,0,0,0,0,0,0,0
"SLC13A2",0,0,0,0,0,0,0,0,0,0,0
"MMP15",1150,1139,1607,1908,2671,1142,1488,1302,2267,2692,1735
"BMP6",55,55,74,167,116,44,106,57,163,260,117
"TMEM170B",620,590,796,452,606,856,719,610,561,375,308
"ZFX",2774,3144,2689,2931,1866,2720,2936,2050,3208,2987,1988
"MYH15",786,828,837,919,754,768,1158,542,1360,1694,831
"UBE2D1",750,702,726,603,814,684,749,556,747,678,448
"SCAP",2778,3184,2917,3175,3254,2398,2862,2191,3063,3124,1874
"RAB40AL",2,2,0,1,0,2,2,1,2,1,1
"RHBDD3",483,507,392,460,409,375,380,384,491,436,399
"MTF1",1757,1833,1845,1819,1497,1496,1933,1087,1995,2203,1401
"XAGE1B",0,0,0,0,0,0,0,0,0,0,0
"GTF3A",4696,5193,4158,5774,3292,3984,4532,3617,5361,4848,3510
"PLGLB1",1,1,0,0,0,3,1,0,0,1,1
"PELI2",10,6,15,5,5,12,14,7,2,8,3
"VPS13C",543,600,596,430,320,926,633,522,594,558,406
"CLINT1",3655,3938,3913,3979,2972,3554,4391,2775,4395,4748,3010
"CREG2",164,219,194,221,209,254,207,298,297,316,236
"PPIB",10977,11363,9325,10895,7596,9804,10464,8422,11811,10264,7624
"HSD17B6",138,144,167,196,172,141,145,150,213,210,132
"LRCH3",2304,2309,2642,2154,1952,2451,2863,1884,2742,2992,1840
"XPOT",9543,10719,11770,10457,8578,10776,12495,8516,11673,11820,7320
"UNCX",0,0,0,0,0,0,0,0,0,0,0
"ISCU",1060,1042,981,916,899,886,1144,849,1059,1116,665
"CBX8",636,658,657,852,698,554,736,450,857,973,681
"SULT1C3",0,0,0,0,0,0,0,0,0,0,0
"ADAD1",1,0,0,0,0,0,0,0,0,0,0
"AP001816.1",82,70,76,77,72,96,70,74,105,99,53
"GJC1",1925,2012,1817,2274,1418,2223,1821,1404,2595,1780,1553
"RTTN",1365,1381,1502,1115,914,1321,1606,1161,1362,1575,932
"ITSN2",1157,1104,1212,997,860,1215,1316,1057,1286,1392,1085
"SCNN1B",2,4,4,1,7,2,0,2,5,4,10
"C5orf24",2007,2116,2057,1706,1837,2016,2130,1453,2117,1994,1300
"LYG1",76,43,49,36,27,62,59,56,65,38,50
"SEC14L5",1,0,4,0,0,1,1,2,3,3,0
"DNAJB2",673,711,572,704,689,513,735,504,779,1044,579
"PKDREJ",3,1,0,0,1,0,0,1,0,0,0
"IQCA1",0,0,0,0,0,0,0,0,0,0,0
"SUCO",1064,1236,935,1269,630,1147,1129,947,1504,1350,1078
"HARS2",1426,1446,1637,1440,1215,1285,1637,1268,1628,1806,1133
"ST5",1169,1220,1340,1361,1366,1166,1185,1045,1425,1538,1128
"UROC1",0,0,0,0,0,0,0,0,0,0,0
"PPIAL4B",0,0,0,0,0,0,0,0,0,0,0
"AUH",648,638,734,597,589,760,722,600,698,664,470
"CGB",0,0,0,0,1,0,0,0,0,1,0
"RPS3A",35839,36803,17132,38568,10676,36115,18772,30678,44483,20397,29554
"CNGA1",4,13,15,17,10,9,14,16,18,9,12
"BOD1L2",0,0,0,0,0,0,0,0,0,0,0
"FERMT2",3777,4177,3821,3868,2799,3505,3955,2738,4029,3707,2412
"ZNF777",821,1013,1002,1153,1133,717,1044,749,999,1172,665
"PGS1",524,487,535,489,509,449,559,404,542,602,352
"YPEL2",30,22,44,18,19,38,28,25,22,28,17
"A1CF",0,0,2,0,0,2,2,1,3,2,0
"NCAPG2",6357,7091,6740,6974,5150,6459,7540,5598,7985,7746,5284
"KRT20",0,0,0,0,0,0,0,0,0,0,0
"OGN",0,1,0,0,0,0,0,0,0,1,0
"FGD1",2010,2196,2601,2232,2621,1688,2530,1880,2187,2772,1725
"DEFB134",0,0,1,0,0,0,2,0,1,0,1
"TTC13",2253,2088,2223,2028,1595,2976,2151,2190,3258,2180,1941
"NQO1",7123,7430,6737,6706,4977,5779,8409,5343,7547,9607,5360
"TRAPPC11",2175,2350,2577,2017,1615,2282,2874,1981,2350,2734,1743
"GAR1",1409,1442,1387,1312,1031,1520,1653,848,1466,1539,918
"C11orf1",423,484,487,483,335,439,519,413,540,475,388
"TERF2IP",1323,1469,1692,1571,1457,1292,1751,1175,1744,2131,1219
"PACRG",3,0,2,1,2,2,1,2,0,0,2
"MFSD12",2864,3392,2669,3450,3029,2322,2926,2293,3315,3651,2320
"OSER1",2228,2135,1820,1718,1070,2225,1892,1673,2543,1942,1633
"DAD1",1489,1668,1338,1610,1239,1469,1466,1270,1623,1555,1050
"OR5M9",0,0,0,0,0,0,0,0,0,0,0
"AQP1",130,96,98,91,88,116,98,110,99,102,49
"CRYGS",26,12,8,5,0,12,4,12,11,6,7
"NOMO3",306,383,313,364,236,315,363,258,439,381,263
"VGF",1812,1696,2008,2537,3611,1612,1731,1573,2238,2338,1533
"ERAS",4,2,0,1,0,1,4,4,1,0,3
"CNNM4",766,818,824,905,740,704,830,711,953,1011,703
"OR52B1P",0,0,0,0,0,0,0,0,0,0,0
"RP11-166B2.1",26,24,35,11,9,16,15,20,21,16,20
"PKD1L2",16,12,9,8,4,17,14,24,6,18,20
"SNIP1",1206,1343,1293,1357,1038,1275,1365,1012,1485,1579,1050
"C1orf172",737,800,822,898,893,583,900,640,835,1055,603
"SENP2",1747,1880,1933,1732,1239,1754,2130,1686,2025,2153,1477
"EVA1B",79,60,54,66,85,59,55,63,78,63,43
"TEX38",3,1,1,0,0,1,3,2,0,1,0
"FAM217B",872,1016,870,898,585,727,911,670,896,839,658
"LRRC16B",15,13,21,24,23,22,10,20,31,31,25
"ZNF816",135,111,98,100,63,100,138,113,154,169,119
"SUOX",311,263,292,167,217,263,320,283,225,282,212
"GTF2I",9471,10090,11253,9715,6526,10118,11548,7778,10824,12082,7258
"RP11-379H8.1",0,0,0,0,0,0,0,0,0,0,0
"UBE2QL1",0,0,0,0,0,0,0,0,0,0,0
"TDP2",2028,2107,2105,1962,1413,2005,2336,1630,2353,2536,1609
"KRT6B",2897,3465,4166,4130,5118,2665,4989,2636,5016,9345,3591
"USP16",2428,3244,2662,3293,1760,2589,2975,2206,3149,3100,2489
"LENG9",86,86,152,211,231,88,128,97,169,245,119
"TPR",9933,11538,11275,11769,7205,11675,12386,8552,12139,13374,9363
"KCTD17",327,325,355,266,351,266,312,282,226,249,205
"KRT73",0,0,0,0,0,0,0,0,0,0,0
"LTK",5,2,1,1,0,9,8,3,5,9,5
"FOXRED2",1654,2049,1931,2621,2341,1455,1873,1352,2241,2455,1576
"EIF3F",4173,4732,4464,4803,3656,4050,4777,3538,5050,4969,3243
"PALLD",2749,3036,3742,2717,2514,3683,3740,2997,3500,3849,2496
"ECHS1",3316,3619,3339,3526,2589,2910,3771,2651,3625,3829,2368
"MESP2",30,24,43,48,75,28,30,38,66,76,36
"SPARCL1",0,0,0,0,0,0,0,0,0,0,0
"MFHAS1",1114,1311,1381,1420,1209,1121,1483,886,1522,1598,944
"MPZL3",436,410,406,291,282,440,409,378,394,415,277
"BEX4",0,0,1,0,0,1,1,0,0,1,0
"TBCK",329,262,446,253,286,331,494,284,306,455,181
"TMEM55A",208,202,232,124,181,216,212,202,208,201,141
"B3GALT1",6,12,13,12,8,13,12,10,8,7,3
"RP11-65D24.2",0,0,0,0,0,0,0,0,0,0,0
"MTDH",14090,15792,13228,15654,10682,12817,13943,11445,15620,13282,11445
"TMEM134",499,580,578,556,710,576,570,648,603,589,433
"ARMCX2",0,0,0,0,0,0,0,0,0,0,0
"SUN3",2,2,1,0,3,0,3,3,4,1,8
"TCEAL5",0,0,0,0,1,2,0,0,1,2,1
"MRPL32",1295,1616,1064,1701,879,1213,1178,1038,1626,1254,1051
"MAP4K1",27,34,31,25,30,31,25,30,32,41,31
"ZNF431",473,473,385,425,249,511,436,327,530,495,427
"SNED1",50,56,54,41,49,66,46,43,35,25,18
"FUT7",16,6,15,6,6,13,11,15,2,4,0
"TMEM88",11,18,13,4,5,14,17,5,8,8,7
"EFCAB10",0,0,0,0,0,0,0,0,0,0,0
"IGFBP7",0,2,0,2,2,0,0,1,3,0,0
"MED29",1321,1612,1445,1615,1301,1035,1483,1166,1411,1628,1081
"USP17L27",0,0,0,0,0,0,0,0,0,0,0
"SIRT2",581,620,665,480,513,579,617,592,546,610,437
"AC007773.3",0,0,0,0,0,0,0,0,0,0,0
"PCDHB16",0,1,0,1,1,1,0,1,1,1,0
"ADCYAP1R1",0,0,0,0,0,0,0,0,0,0,0
"FRMPD1",0,0,0,0,0,0,0,0,0,1,0
"PIGR",1,0,0,1,0,2,2,2,1,4,0
"RP11-625H11.1",0,0,0,0,0,0,0,0,0,0,0
"DKFZP434H0512",0,0,0,0,0,0,0,0,0,0,0
"GAGE2D",0,0,0,0,0,0,0,0,0,0,0
"TUBB4B",25622,29493,26978,31599,29485,20494,30423,19250,32626,36213,20127
"RGL2",2026,1925,2342,1801,1845,2115,2097,2000,2107,2297,1560
"CNRIP1",198,178,195,165,160,202,184,148,144,122,90
"MSH3",1231,1551,1789,1535,1125,1468,1827,1240,1656,1833,1175
"ZNF703",73,101,76,111,113,60,70,55,113,127,89
"DPM2",1276,1516,1360,1309,1501,1129,1452,1120,1395,1668,1073
"ADSL",3638,3965,3499,3776,2816,3050,3896,2678,4283,3950,2480
"MAPK15",22,18,21,27,24,17,21,22,37,34,36
"RBM6",3399,3455,3509,3282,2230,3102,3667,2394,3260,3609,2697
"NPM1",55098,62813,52151,66827,42217,46563,59027,40505,60971,59164,42996
"SLC35F6",1400,1762,1425,1913,1447,1261,1584,1242,2057,2032,1366
"PDE10A",1677,1733,1894,1610,1569,1627,1987,1227,1817,1771,1236
"AMY1B",0,0,0,0,0,0,0,0,0,0,0
"HRH4",2,2,1,3,0,1,1,4,2,1,4
"DNM1",2371,2161,2499,1917,2135,2706,2188,2168,2404,2041,1904
"SSBP3",392,354,422,327,355,290,390,259,293,382,221
"TM6SF1",1,0,0,0,1,0,0,0,0,1,1
"GRID2",0,0,0,2,0,0,0,1,0,0,0
"CDK11A",1611,1679,1826,1529,1531,1496,1820,1280,1568,1897,1340
"C15orf59",0,1,0,0,0,2,0,0,1,0,0
"TOB1",1063,1191,1044,1113,1116,1171,987,801,1127,1059,699
"EIF3I",13848,15285,13168,15818,10683,11857,15214,10557,16525,17562,10930
"DUSP21",0,0,0,0,0,0,0,0,0,0,0
"HIST1H4C",32,38,22,40,16,25,17,21,49,33,21
"VSIG10L",52,36,45,48,67,37,33,37,58,66,36
"PPP1R32",13,7,14,11,8,11,9,16,12,11,8
"COLGALT2",29,33,40,35,29,25,36,24,19,33,25
"KRTAP9-7",0,0,0,0,0,0,0,0,0,0,0
"OR10A7",0,0,0,0,0,0,0,0,0,0,0
"RP11-817J15.3",0,0,0,0,0,0,0,0,0,0,0
"ZNF705G",0,0,0,0,0,0,0,0,0,0,0
"STX1A",579,546,462,546,440,425,602,382,647,758,494
"PAPD5",1274,1362,1283,1269,1163,1249,1504,808,1451,1333,925
"BCAS3",128,162,208,94,99,170,190,143,122,146,85
"COX6B2",53,38,63,63,65,114,48,109,132,134,143
"KIF23",4232,4951,4420,5181,3006,4074,4764,3554,5663,5389,3989
"RBM39",10379,10607,10675,10354,8398,11094,10738,7999,11557,11305,8656
"PARK7",8742,9412,8121,8887,6350,8306,9297,6923,10118,9352,6402
"FUT8",444,415,494,330,220,373,506,384,416,416,235
"RP11-598P20.5",0,0,0,0,0,0,0,0,0,0,0
"ZNF76",764,826,742,644,576,763,638,778,789,677,610
"COPZ1",4953,5670,5742,6025,5660,4647,6083,4631,6153,6990,4339
"CHPT1",1342,1389,1503,1326,1337,1345,1432,1193,1306,987,777
"GOLGA8K",0,1,1,0,0,1,0,0,0,0,0
"CTAGE8",1,2,4,1,1,6,3,1,5,4,4
"MBP",1951,1990,2279,2350,2157,1842,2521,1742,2592,2847,1933
"AC003002.6",0,0,0,0,0,0,0,0,0,0,0
"LRRC15",2,1,0,0,1,1,0,0,1,0,1
"AC012360.1",0,0,0,0,0,0,0,0,0,0,0
"CENPM",435,536,415,486,421,324,459,352,482,492,296
"DCHS1",4,6,3,9,3,2,2,4,9,3,5
"ISOC2",814,938,785,1056,775,675,837,764,939,879,636
"G6PD",10095,10558,12475,6971,8430,9152,13653,9025,7539,9282,5267
"C1orf105",0,0,0,0,0,0,0,0,0,0,0
"OPHN1",637,606,881,596,582,757,816,717,770,1001,642
"TMEM217",16,13,13,20,4,12,11,7,24,17,9
"PPP2R2A",3458,3897,4000,4583,3269,3535,4493,3021,4783,5043,3192
"LRRC41",3153,3232,3665,3158,3606,2699,3680,2533,3195,4354,2255
"KMT2B",2629,2948,2714,3054,2770,2183,2767,2009,2745,3179,2267
"MYL12A",9471,10185,10391,10569,7429,11096,11599,9211,13541,11863,8814
"KLHDC4",1314,1524,1507,1287,1254,1330,1528,1153,1461,1704,1186
"GAL3ST3",0,0,0,0,0,0,0,0,1,0,0
"OLFML1",0,0,0,0,0,0,0,0,0,0,0
"ANKRD11",4812,6411,5586,7212,5158,4973,6053,4149,5723,6806,4962
"LUC7L2",0,0,0,0,0,0,0,0,0,0,0
"FAM188B2",0,0,0,0,0,0,0,1,0,0,0
"ZNF736",595,697,528,548,400,570,529,449,658,476,470
"OR7C2",0,0,0,0,0,0,0,0,0,0,0
"OR56A3",0,0,0,0,0,0,0,0,0,0,0
"CCBE1",462,604,477,636,430,405,627,454,763,805,601
"TSHZ1",1042,769,1374,712,1130,1004,1146,885,944,865,635
"PSMD13",4840,5309,4466,5317,3662,4506,5071,4075,6351,5779,4175
"MROH6",1244,1323,1122,1329,1512,829,1205,939,1450,1604,1208
"MCM9",702,918,742,898,524,675,860,598,811,829,595
"KCNAB3",113,181,90,92,53,119,103,89,104,102,117
"UBR4",10718,13465,12104,14203,8668,14311,13649,8549,13252,15035,9658
"ALDH16A1",938,1103,867,1188,928,705,954,817,983,1118,830
"IGDCC3",0,0,0,0,0,0,0,1,0,0,0
"SEPT5",4,7,4,10,14,2,3,9,11,11,5
"AC007952.6",0,0,0,0,1,0,0,0,0,0,0
"PTPN3",1844,1772,2529,1749,1816,2162,2521,1938,2483,2849,1661
"P2RY12",0,0,0,0,0,0,0,0,0,0,0
"AMBN",0,0,0,1,0,0,0,0,0,2,0
"ARRB2",2319,2499,2524,2637,2571,2186,2754,2089,2826,3066,2483
"C2orf62",0,0,1,0,0,3,0,2,0,1,0
"COL24A1",2,3,5,6,0,7,4,4,3,4,5
"CLIC6",0,0,0,0,0,0,0,0,0,1,0
"SLC9C2",0,0,0,0,0,0,0,0,2,0,1
"CSNK1G3",1414,1522,1724,1553,1357,1574,1766,1228,1826,1803,1135
"IL1RAPL1",0,1,1,8,2,1,3,0,5,12,11
"PPAPDC2",443,442,463,361,357,416,509,429,412,418,321
"PRICKLE2",42,65,69,60,52,89,54,60,101,111,78
"MED30",695,665,590,635,431,593,625,481,705,618,420
"PTCH1",385,394,468,388,463,549,396,363,545,459,327
"ADRA1B",290,448,287,496,345,289,371,326,473,577,340
"ATP11C",2984,3541,3453,3802,2587,3461,3491,2883,3919,3313,2716
"RUNX3",3281,3530,3848,4176,4051,2675,4072,2747,3834,4773,2806
"PHACTR4",3270,3570,3693,3785,2940,3351,3532,2687,3853,3989,2682
"FECH",2803,3143,2813,2231,1761,2550,2886,2423,2319,2449,1639
"MANEAL",1952,2101,1858,2721,2512,1591,2051,1528,2604,2674,1638
"BX842679.1",0,0,0,0,0,0,0,0,0,0,0
"MAPKAPK5",1215,1277,1220,1370,964,1094,1352,1165,1452,1514,1177
"AL445665.1",0,5,2,5,0,1,2,0,1,3,0
"G3BP1",12256,13959,14060,13803,11128,11701,15833,9559,14654,16141,9779
"FBXO25",960,1036,1182,1141,917,1112,1271,922,1390,1338,861
"ABCC4",533,677,557,865,503,518,622,505,924,748,634
"C19orf35",0,0,0,0,0,0,0,0,0,0,0
"RNF103-CHMP3",0,0,0,0,0,0,0,0,0,0,0
"CTXN2",0,0,0,0,0,0,0,0,0,0,0
"LRRC32",0,0,0,0,0,0,2,0,0,0,0
"SYNDIG1L",0,0,1,1,0,0,0,0,0,1,0
"PML",1502,1348,1721,1108,1599,1353,1620,1237,1357,1611,1054
"HRCT1",65,93,93,137,116,82,80,77,121,103,105
"LAMA4",1089,1317,1201,1201,799,1047,1294,1039,1350,1907,1216
"EVC",1,0,1,0,1,0,1,0,0,0,0
"GRIK1-AS2",0,0,0,1,0,0,0,0,1,0,0
"BSG",15465,17149,14305,17746,15314,13512,14977,12718,17913,16783,12110
"MC2R",0,0,0,0,0,0,0,0,0,0,0
"NINJ2",60,71,66,79,53,47,51,51,83,72,56
"SYMPK",2793,3134,3148,3388,2911,2520,3297,2280,3041,3621,2108
"DENND3",547,531,711,430,447,759,476,635,554,463,477
"SCGB1A1",0,0,0,1,0,0,0,0,1,0,0
"SKP2",1926,1940,1915,1727,1546,1562,1996,1316,1841,1708,1095
"POGZ",2062,2057,2267,1894,1566,2277,2243,1613,2313,2269,1540
"MRTO4",6013,7582,5796,8516,5399,4841,6940,4480,7623,7758,5507
"COLQ",12,15,11,11,7,17,8,16,15,13,15
"DIAPH1",14653,17797,14025,19806,12686,13923,15253,13194,19029,18214,14681
"SRSF5",4539,7101,4994,5959,3786,4866,5403,4322,5138,5890,4593
"NAT10",6752,7538,7695,7577,6589,5308,8377,4675,7085,9083,4891
"IPO4",3477,3851,3588,4020,3947,2265,3896,2353,3513,4091,2315
"RP11-944C7.1",1,1,0,0,0,0,0,0,0,0,0
"BTK",0,0,2,0,0,0,0,0,1,0,0
"CALCR",0,0,0,0,0,0,0,0,0,0,0
"CWC27",1565,1737,1834,1834,1359,1488,1962,1347,1643,2008,1282
"TBC1D12",295,333,372,298,286,362,394,273,382,407,287
"HINFP",479,462,425,340,277,437,425,294,467,502,300
"ZNF615",216,198,205,155,116,231,203,154,184,213,136
"FAM184B",1,2,0,0,1,2,1,0,0,0,1
"DAZL",0,0,0,1,0,0,0,0,1,0,0
"TRIM34",0,0,0,0,0,0,0,0,0,0,0
"AC005358.1",0,0,0,0,0,0,0,0,0,0,0
"KCNMA1",1,2,2,0,1,1,5,4,1,0,1
"TGFBRAP1",1627,2032,2009,2123,1701,1501,2263,1433,2150,2539,1344
"MRPS17",1541,1700,1449,1758,1173,1366,1722,1151,1829,1816,1250
"SLC5A6",1973,2408,1872,2397,1941,1555,2228,1560,2435,2431,1757
"ZNF408",455,537,420,510,450,343,542,366,525,602,372
"LHX2",2,0,2,0,1,1,1,0,2,2,1
"ZNF451",2100,2432,2324,2257,1591,2390,2445,1898,2614,2513,1746
"NSA2",7331,8172,7306,8829,5157,6373,7928,6291,8312,8302,6561
"PLK1",7811,8446,7759,9751,8274,5750,8242,5941,9614,9781,6335
"ITGB1BP2",81,47,45,25,25,71,61,29,63,63,33
"LRFN4",1581,1908,1669,2052,2764,1156,1700,1357,1850,1928,1253
"PPHLN1",3983,4414,4531,4121,3258,4209,4655,3578,5037,4929,3551
"WDR7",923,1126,1169,953,680,1021,1206,825,1082,1107,719
"TMEM11",938,1000,989,1068,1038,768,1108,704,1032,1302,692
"ZG16B",10,5,11,14,18,13,16,10,22,16,15
"EN1",609,533,688,494,649,603,579,533,522,576,392
"UBAP1",1082,1140,1209,1240,972,1083,1295,911,1406,1820,1029
"ARPC5",7019,7551,5971,7642,4632,7469,6098,5905,9813,7534,6209
"DBR1",1016,1281,1074,1259,958,907,1292,926,1305,1394,922
"hsa-mir-1199",10,4,15,9,15,14,7,11,12,24,17
"CMYA5",50,59,58,34,26,74,45,33,47,31,41
"RNASEK-C17orf49",0,0,0,0,0,0,0,0,0,0,0
"LIN28A",1,0,0,1,1,0,1,1,0,0,0
"WNK1",14004,16228,16918,16766,12443,15951,17655,11752,17169,18715,11439
"LBR",9971,9844,8804,8904,7286,9470,8810,8215,10699,7652,6882
"CABYR",173,168,187,189,153,142,176,169,254,272,189
"SLC16A10",57,44,58,49,41,39,59,49,66,32,35
"NPB",7,9,7,14,18,4,15,11,9,21,8
"PSMA5",5552,6166,4252,6223,3298,5292,4824,4601,6650,5193,4527
"NIPAL3",2461,2122,2941,2074,2297,2460,2744,2205,2683,3111,1930
"PRRX1",1,2,5,2,4,3,1,0,1,2,0
"DDAH1",1802,1593,1844,1769,1785,1606,2065,1248,1637,1859,947
"MYO6",2939,3288,3990,3258,2924,3699,4213,2997,4412,4860,3324
"REC8",80,68,58,47,36,53,55,40,54,56,44
"FOXJ2",1290,1513,1655,1392,1243,1344,1685,1215,1286,1330,1010
"ADIPOQ",0,0,0,0,0,0,0,0,0,0,0
"C21orf37",0,1,0,0,0,0,0,0,0,0,0
"MED14",4472,4677,5489,4824,4059,4699,5695,3884,5470,5758,3661
"DEFA1",0,0,0,0,0,0,0,0,0,0,0
"PSMA2",4725,5060,4223,5167,3010,4742,4893,3856,6329,5284,3963
"ENTPD5",498,555,590,418,385,519,623,455,510,494,368
"GOLGB1",4093,5358,4224,5474,2306,6208,4221,4473,5652,4414,4759
"GCDH",614,596,657,573,585,490,679,451,623,714,405
"EIF5",11357,16053,12353,18379,9741,9919,15024,9622,16859,17091,13351
"MARCH9",619,519,751,547,725,668,683,543,803,644,512
"COL4A2",6135,7507,6098,8737,6179,5541,6277,5803,7257,6826,5319
"CNKSR2",306,317,328,410,258,277,395,195,353,384,223
"COL12A1",3875,5377,3153,6012,2370,4480,3470,2804,4803,3102,3072
"DRP2",32,21,15,18,12,44,18,11,26,18,23
"NAT14",387,359,418,378,365,427,357,425,365,284,270
"OR5H2",1,0,2,3,0,1,0,0,0,0,0
"EXTL2",724,771,709,589,391,859,691,550,692,474,429
"WDR53",836,936,863,905,675,803,981,690,926,1010,652
"KIAA0895L",914,832,922,618,784,828,812,734,699,678,621
"SRRM5",10,15,7,8,11,7,13,6,7,16,9
"POLR2D",1473,1553,1585,1643,1297,1369,1783,1193,1748,1857,1183
"FAM118B",370,404,339,465,280,378,392,279,487,468,295
"RPS4Y2",0,0,0,0,0,0,0,0,0,0,0
"PIP5K1C",1350,1198,1605,1248,1845,1168,1571,1091,1424,1915,998
"MTG2",2223,2727,2350,2835,2605,1662,2558,1674,2501,3003,1852
"AAMP",4338,4996,4641,4708,4184,3633,5083,3409,4528,4975,3235
"PGLYRP1",0,0,0,0,0,0,0,0,0,0,0
"SLC16A14",328,256,330,270,277,235,301,324,304,298,257
"GLYATL1",0,0,0,0,0,2,1,2,3,3,0
"MOSPD2",1256,1152,1574,984,943,1384,1633,1150,1385,1419,978
"AC007204.1",0,0,0,0,0,0,0,0,0,0,0
"SPATA21",0,1,0,0,0,0,0,0,0,0,1
"ECHDC2",353,289,310,267,241,372,329,326,425,339,370
"TAOK3",1237,1342,1677,1227,1207,1347,1752,1189,1462,1836,1278
"TGM1",225,265,162,203,166,180,189,179,241,234,185
"C16orf54",0,0,0,0,1,0,1,0,2,0,0
"CCZ1B",1046,1146,1144,1182,848,929,1253,844,1395,1551,931
"SLC16A2",88,96,80,128,96,115,96,84,172,183,129
"CDPF1",172,160,163,117,147,128,131,139,131,142,106
"METTL2A",808,788,829,800,695,682,844,625,951,934,661
"SLC9B1P1",0,0,0,0,0,0,0,0,0,0,0
"LZTS3",146,140,208,183,262,149,163,160,194,264,125
"ZBTB16",141,167,237,152,190,221,146,162,121,66,56
"ZNF28",550,577,651,540,382,483,689,393,649,799,470
"DDIT4",22932,26424,28202,19680,22902,24923,23530,19773,19422,16225,10133
"FLJ30594",0,0,0,0,0,0,0,0,0,0,0
"FRZB",2,4,1,5,0,1,4,2,6,0,2
"GPR113",2,8,6,8,3,7,3,4,5,5,4
"PGR",1,1,2,1,0,0,1,0,0,0,1
"TLE4",782,948,879,839,754,837,999,665,820,857,566
"CATX-2",0,0,0,0,0,0,0,0,0,0,0
"DKK2",0,1,0,0,0,0,1,0,0,0,0
"VIT",0,0,0,0,0,0,0,0,0,0,0
"EEF2K",1807,2079,2324,1966,2082,1712,2264,1546,2024,2366,1524
"HERPUD1",975,768,759,1024,755,982,979,690,1566,1397,889
"SPATA6",0,0,1,0,0,1,1,3,0,0,1
"DCK",2019,2276,1719,2072,1366,1972,1781,1599,2364,1903,1456
"TESPA1",0,0,0,0,0,0,0,0,0,0,0
"FLRT2",43,46,45,52,27,76,67,30,54,32,19
"FAM45A",717,814,1100,840,791,1028,1024,900,1153,1110,769
"COQ10A",267,227,238,265,213,229,222,178,275,302,184
"NARG2",901,962,966,832,599,896,1097,747,1003,1013,658
"ZNF630",54,46,62,24,41,47,47,48,44,36,27
"TYW3",2474,2731,2674,3020,2018,2325,3158,1744,2890,3269,1919
"CASP12",0,0,0,0,0,0,0,0,0,0,0
"PRB4",0,0,0,0,0,0,0,0,0,0,0
"GPBP1L1",4975,5174,6042,5142,4719,5235,6056,4551,6042,6781,4408
"C2CD4C",1,3,1,6,5,1,2,5,20,8,3
"NDRG1",1749,2044,3645,2133,3708,3947,2764,3112,3705,3573,1918
"LINGO1",0,0,0,0,1,0,0,0,1,1,0
"DGKA",937,733,1045,616,803,1206,1052,856,1325,1549,1016
"MAGEC1",0,1,0,0,0,0,0,0,0,1,0
"GPR31",0,0,0,0,0,0,0,0,0,0,0
"AOAH",3,5,1,5,3,2,1,6,6,11,4
"COA5",661,629,589,595,359,691,593,506,680,566,460
"RTCA",2148,2515,2519,2478,2008,1919,2851,1815,2807,3256,1945
"KRT8",24938,25529,26758,33192,34474,20630,28286,21176,37024,49158,27739
"FAM127B",1681,2030,2090,2160,2667,1530,2138,1596,2273,2566,1521
"DNAAF2",1205,1264,1045,1381,1199,1057,1193,905,1444,1222,871
"PRKAR1A",7424,8288,9328,7484,8059,7756,9288,6210,8206,9012,5533
"CXorf24",264,272,275,206,211,238,258,222,232,249,148
"KLHL4",0,0,0,0,0,0,0,0,0,2,0
"SETBP1",420,545,487,592,417,510,522,322,556,693,400
"CCL3L1",0,0,0,0,0,0,0,0,0,0,0
"ZNF132",0,0,0,0,0,0,0,0,0,0,1
"NT5DC3",850,955,992,1092,1000,1016,985,816,1146,1028,954
"ZCCHC14",3666,3561,3600,3584,3162,3491,3922,2546,3763,3659,2393
"SIK3",915,1046,942,1079,929,762,1061,700,1134,1375,810
"ATP13A2",1217,1335,1283,1352,1410,1091,1216,1084,1567,1684,1109
"AKR1C4",0,0,0,0,0,0,0,0,0,0,0
"MS4A8",0,0,0,0,0,0,0,0,0,0,0
"GRIA4",1,0,0,0,0,0,0,0,0,1,0
"CCSER1",95,109,153,80,84,109,138,104,75,123,67
"FKSG61",0,0,0,0,0,0,0,0,0,0,0
"AC138517.1",0,0,0,0,1,0,0,0,0,0,0
"USP24",6227,7706,7420,7373,4908,7504,8146,5447,8223,8134,5370
"RHOF",4983,5308,5878,5257,5181,4444,6126,4968,5925,7458,4736
"NEK4",676,776,769,715,590,689,795,580,800,793,551
"AMN",63,70,73,113,137,61,62,74,108,85,90
"AP2A2",1991,2046,2390,2031,2249,1916,2435,1661,2454,2611,1403
"TWF2",205,237,238,262,267,185,245,223,320,362,206
"TAS2R42",0,0,0,0,0,0,0,0,0,0,0
"SRBD1",1127,1552,1538,1654,1111,1072,1653,1034,1475,1822,1158
"DNMBP",1125,1341,1334,1369,1051,1331,1555,1250,1669,1815,1369
"PRAMEF26",0,0,0,0,0,0,0,0,0,0,0
"SLC39A6",6661,7163,7168,7414,5569,7136,7479,5677,8095,7210,5019
"AP000350.4",46,35,42,31,26,37,41,41,59,48,23
"PDCD10",2304,2517,1726,2688,1150,2424,1742,2043,3118,1868,1969
"KCND2",3,1,1,0,1,1,1,1,1,1,1
"KIAA1009",349,330,380,306,196,377,376,264,292,322,219
"ARL17B",179,131,209,150,124,158,173,128,164,168,138
"S100A5",65,84,87,51,54,105,95,93,101,73,56
"CCDC89",0,0,1,2,0,1,0,1,1,0,0
"GPATCH2",1158,1337,1243,1207,946,1166,1399,925,1242,1254,878
"TINAGL1",3313,3957,3525,4627,4232,2432,4177,3108,4202,5495,3752
"METTL9",3329,3643,3345,3599,2594,3382,3566,2983,4229,3783,2607
"KIFAP3",1207,1244,1557,1069,909,1253,1635,1107,1457,1639,821
"RORA",0,0,1,0,1,0,0,0,2,0,0
"ITGA4",8,14,13,16,9,10,12,8,20,22,10
"AP5Z1",577,786,550,754,628,513,619,552,820,876,650
"IQCB1",1404,1585,1479,1709,1077,1532,1750,1233,2013,2022,1504
"L3HYPDH",468,565,414,505,323,435,507,398,552,567,383
"OR7D4",0,0,0,0,0,0,0,0,0,0,0
"CTU1",131,138,151,132,207,88,142,76,115,205,73
"NEUROD6",0,0,0,0,0,0,0,0,0,0,0
"TSPAN5",859,776,892,748,765,752,1026,858,930,970,676
"CDC37",6533,7064,6386,7524,6904,5631,7388,5037,8020,9397,6076
"CD55",4129,4783,4139,6170,3901,4445,4674,3537,7034,6601,4450
"CLN5",286,346,314,292,180,328,305,289,344,284,228
"HNRNPA1",48365,52349,49523,53076,45278,44096,51642,37694,53601,55238,37865
"EAF2",59,75,43,56,38,51,62,61,83,73,60
"NUDT12",0,0,0,0,0,0,0,0,0,0,0
"NME5",0,0,4,0,2,2,0,2,2,3,0
"COG7",838,964,1001,781,813,910,1109,842,971,1114,683
"SLC30A9",3762,4229,4020,3800,3118,3925,4055,3402,4393,4155,2846
"B3GAT1",0,0,0,0,0,0,0,0,0,0,0
"NPIPA8",991,990,866,972,1065,867,1020,835,1058,1112,731
"AGL",1881,2275,2404,2007,1596,2235,2527,1635,2114,2212,1465
"TTC9B",1,7,0,5,4,3,2,2,3,1,2
"NAPB",718,618,598,443,454,778,665,472,693,599,483
"NR3C2",14,16,33,13,19,27,30,20,20,30,13
"EXOSC10",4094,4818,4618,4561,3608,3729,5213,3082,4911,5468,3523
"KCNE2",0,0,0,0,1,0,0,1,0,0,0
"RPRD2",2632,3019,2986,3098,2427,2448,3141,2143,3037,3419,2273
"TBC1D3C",0,0,0,0,0,0,0,0,0,0,0
"CDYL2",4,0,0,1,2,0,0,0,0,2,1
"GABARAPL1",742,680,730,682,562,933,758,679,844,952,591
"GPR125",2494,2777,2580,2979,2309,2569,2942,2155,3185,3010,2104
"SLC22A18AS",66,55,66,86,90,76,56,58,85,123,67
"NFKBIB",667,798,668,770,663,547,749,471,631,849,460
"LMTK2",1620,1880,1453,1969,1316,1629,1569,1438,2238,1789,1543
"GYPE",0,0,0,0,0,0,0,0,0,0,0
"BAI1",0,0,0,0,1,0,0,0,0,0,0
"ACAP1",18,16,19,19,31,27,28,22,43,18,37
"ST20-MTHFS",0,0,0,0,0,0,0,0,0,0,0
"CLSPN",3045,3880,3435,4513,2417,2988,3970,2441,4031,4637,3161
"AC004381.6",355,356,327,357,268,327,347,356,414,399,357
"KRT78",17,12,16,8,13,13,8,6,11,17,8
"KIFC2",592,599,661,590,802,699,593,625,911,722,707
"NOD2",14,11,23,9,13,13,11,12,14,33,9
"CARD9",52,41,29,48,37,22,49,11,50,57,28
"IL4R",1421,1607,1449,1867,1446,1304,1660,1473,2112,2612,2022
"SH3BGRL",541,620,686,534,502,753,615,609,698,543,402
"ZFP82",350,352,408,342,244,335,397,284,418,380,276
"SLC35F1",60,60,77,65,90,46,81,41,60,70,32
"VTA1",3067,3532,3477,3706,2907,3265,4057,2615,4054,3966,2584
"XAGE1A",0,0,0,0,0,0,0,0,0,0,0
"ENC1",863,908,727,1202,693,751,979,662,1337,1346,1030
"THTPA",267,211,265,216,225,218,272,197,242,280,151
"CDK15",2,2,6,5,4,6,10,13,5,27,22
"OR8K3",0,0,0,0,0,0,0,0,0,0,0
"ALDH9A1",1848,2002,1951,1895,1532,1665,2118,1535,2076,2029,1371
"HSD17B8",212,194,257,191,190,211,204,249,293,254,190
"AC010327.2",5,8,4,4,2,3,9,2,3,3,0
"PDZK1",4,10,4,3,6,6,7,5,5,5,7
"SGPP1",404,508,389,313,458,544,499,385,503,316,275
"OIT3",0,0,0,0,0,0,0,0,0,0,0
"SIRT7",1518,1411,1309,1439,1323,1093,1460,1152,1748,1937,1320
"XAB2",1718,1710,1876,1654,1741,1450,1959,1291,1718,2148,1227
"KIAA1161",286,254,360,284,351,331,313,307,387,339,260
"RIMS3",60,71,129,92,131,106,94,147,131,167,138
"TMX4",1579,2106,1656,1751,1077,1791,1664,1521,1928,1489,1256
"LAIR2",0,0,0,0,0,0,0,0,0,0,0
"WNT8A",0,0,0,0,0,0,0,0,0,0,0
"PEX3",1030,1172,1020,1038,745,994,1139,954,1131,906,807
"LRRC43",0,0,0,0,0,1,1,0,0,0,0
"GLRB",0,1,0,0,1,0,0,0,0,0,0
"TXNRD1",9720,11239,10418,12800,9316,8157,12411,7597,12060,17742,9101
"SLC5A11",0,1,2,0,1,0,1,1,1,1,3
"FAM174B",36,46,46,68,62,32,41,27,66,69,49
"GTF2H2C",814,804,769,867,548,712,769,667,1082,1033,701
"IL37",9,5,3,16,3,11,6,12,17,20,11
"CATSPER2",1,0,1,1,1,5,5,0,5,2,1
"COX10",724,812,900,897,822,735,931,720,816,976,579
"MAGEB18",0,0,0,0,0,0,0,0,0,0,0
"AMPD1",1,1,0,0,0,2,1,1,0,3,0
"CCDC66",480,471,469,502,340,507,536,373,501,520,424
"CHST1",0,0,0,0,0,0,0,1,0,1,0
"ITGA11",0,1,0,0,0,0,0,0,1,0,0
"KIF12",0,0,0,0,0,0,0,0,0,0,0
"TRAPPC1",2330,2797,2725,2512,2270,2201,2749,2209,2581,3061,1952
"LRP2",0,0,0,0,0,0,1,0,0,0,0
"WNK4",124,99,108,76,86,73,142,91,103,113,82
"SLC2A8",32,44,37,25,40,31,28,35,41,15,24
"OPLAH",253,315,347,305,492,328,327,362,407,361,316
"DCTD",6800,7856,7343,7380,6133,6558,7961,5939,8115,8531,5460
"IDH1",9147,10300,11369,9735,7684,10829,11429,9252,13481,13594,9168
"C20orf62",1,0,0,0,0,0,1,0,0,0,0
"ADAM19",1446,1635,1777,2234,1684,1302,2439,1540,2793,4039,2466
"B4GALT2",2671,3283,3193,3255,3514,2384,3249,2677,3151,3093,2157
"ROPN1B",0,1,0,0,0,0,0,0,0,1,0
"GLYAT",0,0,0,0,0,0,0,0,0,0,0
"UPRT",229,257,285,235,263,221,326,225,307,306,188
"OR56A1",0,0,0,0,0,0,0,0,0,0,0
"PRDX1",28869,30643,28254,31000,23035,25818,32515,21970,34128,34694,22059
"IQSEC3",0,0,0,0,0,0,0,0,0,0,0
"UBP1",4106,4550,4387,4796,4019,3941,4813,3302,5062,5233,3548
"DNAI2",0,1,0,0,0,0,0,0,0,0,0
"THG1L",557,711,557,776,464,521,703,448,679,732,472
"SFT2D2",1927,2328,1875,2294,1640,1873,1741,1421,2126,2099,1683
"IRF7",205,206,252,421,495,155,234,255,345,456,301
"POLG",4851,5009,5322,4962,5168,4299,5608,3842,5427,6182,3692
"NAV1",1668,1591,2318,2093,2193,1899,2110,1911,2752,3257,2313
"CABP2",0,0,0,0,0,0,0,0,0,0,0
"SCFD2",228,291,342,223,238,252,369,215,246,332,196
"KRTAP4-3",0,0,0,0,0,0,0,0,0,0,0
"OR8H3",0,0,0,0,0,0,0,0,0,0,0
"AGRN",8199,9257,7208,8960,8675,6381,7236,6904,8618,7709,6694
"PCDHA13",0,0,0,0,1,0,0,0,0,0,0
"MERTK",16,15,16,14,21,13,20,9,22,19,9
"MED26",355,470,376,494,463,302,448,319,497,524,337
"COG8",759,797,819,712,622,800,824,575,786,783,545
"CEACAM8",0,0,0,0,0,0,0,0,0,0,0
"C5orf28",147,153,89,157,98,122,111,97,219,125,124
"PIGU",992,1185,1088,1054,1045,928,1065,890,1017,1012,761
"PHKA1",3600,4081,4867,3625,2968,3977,5381,3213,4389,5304,2901
"SNURF",11,7,1,4,12,10,4,0,3,6,5
"KIAA0930",2127,2307,2846,2390,2567,2130,2693,1970,2680,3066,1750
"PGF",35,17,46,44,33,39,24,27,34,35,38
"NCS1",1438,1748,2038,2094,2480,1391,2292,1465,1833,2384,1385
"RCCD1",1464,1450,1515,1413,1452,1525,1441,1523,1630,1457,1315
"CCDC73",32,16,17,5,7,10,11,8,20,18,18
"OR6N2",0,0,0,0,0,0,0,0,0,0,0
"FAM96B",2032,2132,1874,2241,1878,1783,2040,1651,2493,2640,1539
"IL12A",41,22,30,23,29,29,42,30,24,35,21
"PSMG2",2587,2829,2520,2922,1719,2451,2629,2278,3185,2662,2029
"ZNF425",92,83,109,109,104,91,134,82,145,195,95
"PLSCR2",1,1,1,0,0,2,1,1,1,2,0
"OR1D2",0,0,0,0,0,0,0,0,0,0,0
"ALS2",1062,1108,1393,1003,946,1298,1484,949,1309,1476,936
"SLC52A1",0,0,0,1,0,0,0,0,0,1,1
"TRPV1",6,3,5,1,0,4,2,4,3,3,1
"CDHR5",0,0,0,0,0,0,0,0,0,0,0
"ZMAT3",858,787,1047,619,705,951,1054,764,843,847,598
"PFKP",8254,10196,10619,11144,11996,8665,11674,8384,12822,14537,8162
"ATP1A3",2,0,0,5,2,0,0,0,0,1,2
"C1orf51",34,23,32,23,30,34,36,33,36,17,15
"PPP1R21",1299,1338,1440,1326,923,1519,1594,1183,1626,1796,1205
"NARS2",1137,1264,1446,1203,1041,1211,1576,997,1275,1351,890
"C12orf66",549,566,633,541,461,544,657,523,588,561,376
"TEX28P2",0,0,0,0,0,0,0,0,0,0,0
"DLX1",365,335,351,376,360,271,346,271,352,451,269
"CCT2",13561,15159,14769,15533,10818,12079,17265,10369,17153,17979,11068
"CCNG2",1040,1059,1365,896,960,1912,1216,1134,1540,1184,776
"SLC35F4",1,0,0,1,1,3,0,0,1,0,2
"HTR1A",0,0,0,0,0,0,0,0,0,0,0
"LCE3B",0,0,0,0,0,0,0,0,0,0,0
"JAK3",7,6,19,8,9,12,9,18,11,12,14
"ADAMTSL4-AS1",2,1,1,0,2,6,1,5,4,2,1
"LTBP3",6937,7771,6786,7188,7682,6385,6306,6165,7559,7881,5733
"SIGIRR",426,429,442,476,516,460,423,437,602,561,455
"HDAC9",292,364,284,438,232,395,409,342,622,732,507
"ELMOD3",617,470,563,325,338,557,519,386,529,486,374
"KLRF2",0,0,0,0,0,0,0,0,0,0,0
"FCGR2B",0,0,0,0,0,0,0,0,1,0,0
"ZNF527",130,131,116,88,59,109,142,85,87,94,68
"TNRC6A",3907,4615,3864,4198,2767,3801,4060,2703,4335,4077,3022
"ZNF629",1576,1983,1950,1984,1604,1587,1798,1382,1904,1845,1302
"ZNF259",1964,2144,2097,2439,1808,1539,2463,1486,2329,2848,1757
"SPSB2",522,517,612,569,603,393,523,461,594,775,397
"PRR9",0,0,0,0,0,0,0,0,0,0,0
"CHRNA9",164,206,221,167,190,212,199,156,244,212,135
"ATPAF1",2020,2187,2138,1947,1357,1776,2338,1699,2080,2080,1355
"PACSIN1",8,7,14,20,17,11,7,7,19,19,15
"C19orf66",265,261,311,167,206,277,294,277,224,275,210
"C1orf21",390,379,501,332,376,451,403,414,406,325,293
"CCDC77",1396,1228,1732,1208,1330,1467,1690,1080,1517,1773,1002
"RP11-286N22.8",8,3,3,12,0,10,9,7,4,8,4
"GPX3",0,0,0,0,0,0,0,0,0,1,0
"ABCC8",0,0,0,0,1,0,1,0,0,0,0
"FKBP2",2150,2107,1827,2190,2140,1789,2101,1573,2118,2574,1668
"FCGR1B",0,0,0,0,0,0,0,0,0,0,0
"CFHR2",0,0,0,0,0,0,0,0,0,0,0
"SPANXN3",0,0,0,0,0,0,0,0,0,0,0
"KIAA1191",3827,4349,4601,4425,3782,3792,4684,3762,5005,5075,3656
"C10orf95",45,51,43,51,40,41,39,52,60,62,30
"RPUSD3",1520,1522,1734,1453,1480,1290,1644,1424,1548,1626,1160
"FRAS1",1381,1739,1367,1749,955,1858,1526,1120,1674,1451,1004
"POP4",1641,1973,1594,1827,1230,1460,1824,1372,1987,1965,1374
"CRLF1",0,0,1,0,3,0,0,0,1,2,1
"SNRNP200",14181,16376,16651,16132,13310,13314,17837,11856,16777,19233,11483
"KIF11",4819,6116,5988,6448,4205,5101,6134,4430,6511,6569,4574
"TMEM18",1028,1550,904,1651,864,968,1023,976,1539,1144,1046
"ATP6V1A",4388,4393,5500,3990,3623,4630,5454,3824,4953,6202,3424
"GGPS1",3531,3904,4986,3908,3602,4460,5216,3701,5280,5308,3587
"NKX6-2",0,0,0,0,0,0,0,0,0,0,0
"C17orf103",87,46,90,49,97,80,73,82,74,108,60
"UCN2",169,154,84,142,59,104,81,100,192,142,126
"VASP",5839,6350,6819,7544,6203,4745,7065,5429,7226,8577,5837
"RAB1B",7279,8392,8391,8429,10254,6530,8463,6862,8343,9649,5766
"C20orf166",0,0,0,0,0,0,0,0,0,0,0
"RRH",2,4,10,7,3,8,8,2,6,3,3
"RP11-297M9.1",0,0,0,0,0,0,0,0,0,0,0
"RPS6KB2",2482,2847,2383,2633,2154,2131,2622,2060,2837,2785,2089
"NFIX",4616,5559,6315,5920,6675,4134,6039,4637,4960,6437,4575
"RP11-105C20.2",1,0,1,1,0,0,2,0,1,0,0
"ATP5G1",1398,1289,1121,1203,946,1172,1150,1110,1361,1129,909
"USP1",4623,5891,5009,6824,3688,4735,5415,4116,6215,5671,4306
"LCE6A",0,0,0,0,0,0,0,0,0,0,0
"TMEM206",323,329,289,335,236,299,357,229,400,346,268
"CCL15",0,0,0,0,0,0,0,0,0,0,0
"AC015989.1",0,0,0,0,0,0,0,0,0,0,0
"REXO2",1864,2082,2134,1923,1676,1847,2327,1550,2253,2220,1378
"BPIFB4",0,0,0,0,0,0,0,0,0,0,0
"IBTK",3142,3517,3923,3353,2679,3742,3945,3096,4251,4098,2953
"PHGDH",3932,4532,5034,4846,5361,4721,4616,4293,5285,5134,3032
"TMEM67",212,228,174,164,84,225,193,150,133,99,72
"RP11-89K11.1",0,0,0,0,0,0,0,0,0,0,0
"ZNF460",153,200,163,161,112,198,151,100,202,202,135
"MPPED2",0,0,0,0,0,0,0,0,0,1,0
"IDH3B",4640,5053,4846,4948,4915,4163,5329,3796,5613,5893,3558
"NOL9",2043,2332,1930,2246,1626,1695,2267,1290,2085,2542,1515
"FAM129A",266,331,379,456,336,464,457,473,764,849,627
"KIAA1328",165,193,180,115,72,228,184,137,133,137,81
"IGF2",0,1,0,0,0,0,0,0,0,0,0
"ADAMTS4",30,21,25,21,27,29,34,23,37,35,27
"NCKAP5",0,0,0,0,0,1,0,0,0,0,0
"MRAS",38,49,55,34,40,45,32,37,40,42,23
"VSX2",0,0,0,1,0,0,0,0,2,0,1
"RNF115",1158,1313,1133,1179,916,1157,1205,931,1381,1281,925
"SEMA4C",1339,1567,1343,1337,1087,1392,1225,1231,1440,1113,963
"ZNF189",791,772,733,774,515,693,801,587,911,904,592
"HIGD1C",0,0,0,0,0,0,0,0,0,0,0
"NEUROG2",0,0,0,0,0,0,0,0,1,0,0
"ZNF700",142,166,140,171,67,167,161,143,197,133,161
"EXD3",788,642,935,586,867,754,872,749,775,868,636
"RGS21",0,0,0,0,0,0,0,0,0,0,0
"FBF1",526,525,571,449,492,504,523,476,495,500,355
"NAT2",6,0,4,3,5,2,3,3,8,5,3
"MDH2",6731,7526,7765,7786,8637,6219,8156,5918,8215,8751,5129
"OR6C1",0,0,0,0,0,0,0,0,0,0,0
"C19orf38",13,6,7,5,10,9,14,8,5,20,10
"TECR",3159,3456,3228,3477,4289,3100,3195,2951,3752,3491,2403
"TPD52L2",10667,10575,10828,11014,9500,8293,12367,7896,11513,13672,8140
"IDO1",0,0,0,0,0,0,0,2,0,1,0
"CDC42BPG",1243,1220,1224,1060,1161,1304,1100,971,1262,1527,987
"GAPDHS",2,1,0,0,1,4,2,0,2,0,3
"IFITM3",1912,2235,2162,2409,2250,2072,2445,1887,2905,3719,2425
"RP11-467N20.5",0,0,0,0,0,0,0,0,0,0,0
"FXR2",4316,4714,4897,4996,4532,3675,5539,3490,4871,6225,3844
"MAPK3",1363,1641,1788,1330,1699,1494,1715,1637,1567,1626,1238
"SPINT1",4766,5710,5309,5839,5317,4722,5480,5059,6422,6665,4880
"CTRB1",0,0,0,0,0,0,0,0,0,0,0
"KRT71",0,0,0,0,0,0,0,0,0,0,0
"SMAD4",3071,3527,3503,3220,2829,3321,3588,2590,3736,3448,2337
"EXOC3L1",19,7,17,36,74,20,16,15,43,31,39
"CBWD5",995,1070,1068,1013,899,1172,1051,830,1179,1171,799
"HES3",1,0,0,0,0,0,0,0,0,0,0
"DHRS1",313,353,390,245,296,349,392,365,397,427,364
"NEU1",1545,1757,1511,1700,1376,1779,1724,1565,2172,2063,1335
"NAIP",29,31,27,13,18,39,21,18,42,31,17
"VCX",0,0,0,0,0,0,0,0,0,0,0
"MBOAT4",5,5,1,1,3,0,1,2,1,0,2
"NUDT17",124,125,143,159,154,112,141,146,163,166,138
"HLA-E",2237,2633,2165,2941,2141,2099,2348,2292,3140,3148,2566
"BACE2",462,512,598,558,568,545,643,497,681,660,395
"FAN1",2735,2787,2576,2132,1425,2959,2638,2138,2738,2498,2132
"WDFY2",585,661,751,554,543,577,773,503,641,702,442
"EIF3H",7810,8620,8333,9397,6101,8107,9605,6809,9925,10800,6679
"OR5D14",0,0,0,0,0,0,0,0,0,0,0
"HSFX2",0,0,2,0,0,1,0,0,1,0,0
"HSPA2",167,181,234,210,230,182,189,162,231,259,148
"TAS2R30",0,0,0,0,2,2,0,0,0,0,1
"SDCBP2",71,74,72,92,65,74,98,84,134,224,96
"PIK3CB",2533,2673,2968,2289,1875,2753,3307,2239,3076,3355,2131
"POMZP3",209,278,270,276,256,211,267,219,267,327,189
"PATL2",7,5,6,6,2,11,7,5,16,4,5
"YLPM1",4402,5301,5537,5250,4019,4860,5613,3988,4633,5118,3578
"ETV7",1,2,1,1,1,1,0,1,0,0,0
"C4orf27",1196,1363,1132,1257,738,1156,1264,1019,1289,1135,786
"AC022431.2",0,0,0,1,0,0,1,0,0,0,0
"ZCCHC4",402,378,417,396,328,316,469,297,383,431,253
"EPHA1",478,523,536,449,431,482,497,486,536,501,391
"ZNF776",454,470,438,398,263,418,494,338,407,388,319
"ZNF99",0,0,0,0,0,0,0,0,0,0,0
"MEIS1",263,215,307,205,223,259,286,211,254,283,143
"SP100",1288,1577,1532,1304,836,1437,1882,1256,1558,1795,1172
"SERPINA7",0,0,0,0,0,0,0,0,0,0,0
"CFL1",30855,36752,33469,37613,33865,23784,35648,26340,33085,38407,25451
"SYNDIG1",0,0,0,0,0,0,0,0,0,0,0
"GLP1R",0,0,1,0,0,0,0,0,0,0,0
"POLR2B",3900,4648,4612,4694,3202,4194,5074,3550,5457,5430,3627
"CDRT1",7,3,3,3,3,4,7,2,5,3,5
"RIIAD1",0,0,0,0,0,0,0,0,0,0,0
"HNRNPM",15426,17344,16128,17392,15506,13467,17862,11089,16262,19067,11766
"AL590822.2",3,5,2,2,1,2,0,3,6,3,2
"TMEFF1",0,0,0,1,4,1,2,1,2,1,1
"TMCC3",54,71,74,107,71,97,128,96,191,276,184
"PRADC1",359,392,287,388,294,287,323,301,376,375,242
"C6orf226",59,94,63,88,98,83,63,92,128,90,58
"CELSR3",509,505,540,752,694,534,557,473,876,811,554
"DNAJC10",5019,6028,5379,5189,3563,5395,6101,4233,6000,5721,4064
"GRIN1",1,0,0,2,0,0,1,0,0,5,0
"TMEM17",142,151,154,131,99,150,137,152,155,143,124
"NKX2-3",0,0,0,0,0,0,0,0,0,1,0
"ACTR8",590,665,643,632,449,544,715,472,706,764,513
"FAM86C1",365,419,450,378,413,286,455,350,432,409,315
"APC",1175,1418,1208,1391,732,1391,1299,994,1457,1426,1101
"GDAP1",1464,1747,1471,1722,1041,1293,1723,1185,1833,1887,1276
"PECR",223,235,284,237,190,287,304,252,324,292,187
"SNCA",0,0,1,4,2,0,1,4,3,12,4
"DKFZP667F0711",0,1,0,0,0,0,0,0,1,0,1
"RNF39",85,78,99,81,96,99,95,61,106,84,54
"MRPL39",1606,1853,1447,1854,955,1511,1530,1258,1984,1602,1220
"TRIM21",198,178,225,192,209,151,262,171,222,307,191
"CTB-96E2.2",0,0,0,0,0,0,0,0,0,0,0
"CCL11",0,0,0,0,0,0,0,0,0,0,0
"TSHB",0,0,0,0,0,0,0,0,0,0,0
"MUSK",0,1,0,1,0,2,0,0,0,0,0
"NEURL2",29,39,26,29,29,34,27,21,38,26,11
"OR6Y1",0,0,0,0,0,0,0,0,0,0,0
"TSNAX",3486,4296,3245,3832,2744,3723,3434,2961,4303,3177,2822
"ACP1",3971,4696,4041,4888,3294,4179,4485,3429,5404,4822,3396
"CCDC149",110,140,172,167,172,139,189,110,214,237,131
"KHDRBS1",7811,9627,9203,9982,7617,7590,9995,7070,9591,11014,6835
"LFNG",115,118,89,122,115,78,87,86,165,155,87
"ZNF607",395,402,416,360,254,352,414,273,431,412,247
"OR4P4",0,0,0,0,0,0,0,0,0,0,0
"ARHGAP18",1203,1287,1410,1322,1039,1385,1591,1141,1545,1538,1163
"LMF1",3,6,14,4,13,4,5,11,7,7,7
"KCTD2",846,970,957,901,743,724,891,686,805,999,521
"CTNNB1",11950,13604,13369,14231,11010,11654,14879,10558,16634,18228,10766
"ALDH3B2",368,405,620,485,879,526,385,531,604,544,355
"PCDH11Y",0,0,0,0,0,0,0,0,0,0,0
"CAPZA3",0,0,1,0,1,0,0,0,0,3,0
"ADAT1",1235,1370,1424,1117,1029,1148,1431,1025,1309,1507,916
"SCYL3",237,268,275,293,189,262,274,235,273,249,214
"CD163L1",8,14,9,10,5,16,22,14,10,11,8
"PSD4",515,580,591,564,467,488,609,539,630,797,579
"ZNF711",0,0,1,0,0,0,0,0,0,0,0
"DNAJC18",242,208,296,247,162,277,235,184,263,216,174
"OR9Q1",0,0,0,0,0,0,0,0,0,1,0
"TNNT2",1,2,1,2,1,3,0,2,6,4,6
"OR4K1",0,0,0,0,0,0,0,0,0,0,0
"PRPS1L1",2,2,0,0,0,2,0,1,1,2,1
"PAX3",0,0,0,0,1,0,0,0,0,0,0
"CYHR1",660,683,746,606,668,566,801,638,662,760,451
"LZTS1",0,0,0,0,0,0,0,0,0,0,0
"NUP62CL",26,16,7,13,12,15,10,22,24,16,15
"CDYL",1610,1744,1946,2047,1682,1718,2043,1501,2174,2357,1542
"SCUBE3",0,0,0,0,1,0,0,0,0,1,1
"CRAT",595,573,925,632,1042,807,903,898,964,1158,724
"SVIL",1293,1291,1359,1537,1172,1355,1542,1126,1841,2085,1405
"KRTAP2-1",0,0,0,0,0,0,0,0,0,0,0
"PLEKHJ1",841,1000,840,932,905,699,830,746,976,918,729
"TRIM7",129,106,217,232,361,147,207,194,536,578,339
"RNASEH2A",1925,2034,1846,1928,1834,1463,2145,1454,1973,2113,1223
"PF4",104,84,70,86,85,88,102,70,111,89,66
"IFI44",81,102,83,196,102,86,76,104,367,303,271
"PRMT6",2251,2573,2564,2286,2178,2042,2734,1868,2449,2587,1680
"SLCO1B3",0,0,0,0,0,0,0,0,0,0,0
"FAIM",649,698,564,728,446,542,711,466,751,720,479
"ZNF555",119,93,159,97,74,115,133,99,144,122,86
"SHANK3",391,470,632,567,920,442,690,453,608,976,455
"NUDT16",1231,1409,1319,1153,824,1041,1422,1020,962,1161,828
"BUB1B",4373,4551,4918,4779,3984,4208,5105,3683,5181,5710,3889
"AXIN2",1,2,1,1,2,0,0,2,0,0,0
"ANO6",3489,3640,3639,3972,2806,4249,3855,3639,5272,4537,3657
"FAM25B",0,0,0,0,0,0,0,0,0,0,0
"VPS13D",2506,2991,3263,2797,1866,3255,3337,2339,2802,3097,2143
"FOS",289,237,443,205,364,530,302,132,347,181,91
"YWHAE",36910,42051,39576,45399,35319,34202,42851,30189,43775,47159,30897
"BHMT",0,0,0,0,0,0,0,0,0,0,0
"KRTAP13-3",0,0,0,0,0,0,0,0,0,0,0
"DCLK2",27,25,19,17,17,23,26,24,30,16,8
"TP53INP2",364,404,537,461,569,428,470,494,637,814,534
"RBM42",1932,2492,2155,2387,2195,1469,2160,1661,2128,2508,1562
"KRTAP4-6",0,0,0,0,0,0,0,0,0,0,0
"HSPB1",6615,7263,7890,10487,13316,5480,8304,5788,10805,14906,7383
"KRTAP9-2",0,0,0,0,0,0,0,0,0,0,0
"XRN2",10683,13138,13399,13631,9530,11703,14380,9892,14603,15375,9977
"TWIST2",203,195,210,206,276,146,239,160,185,209,140
"TXNL4A",2349,2794,2550,2969,2218,2143,2815,2055,2954,2938,1995
"LUZP1",3091,3203,3276,3656,2577,2943,3632,2426,4013,4491,2831
"HIST1H3E",50,31,28,37,21,34,32,32,53,81,20
"TUSC1",0,0,0,0,0,0,0,0,0,0,0
"WDR90",1527,1748,1397,1339,1323,1356,1276,1293,1480,1123,1185
"FOXK2",8053,9293,9723,9762,9523,7549,10937,6579,10255,12004,6934
"OR5AC2",0,0,0,0,0,0,0,0,0,0,0
"ANXA4",1489,1603,1767,1507,1417,1826,1976,1541,2178,2353,1488
"UBR7",1366,1434,1414,1342,1038,1180,1572,1125,1480,1527,1001
"TP53TG3D",0,0,0,0,0,0,0,0,0,0,0
"BCL9",382,461,538,401,492,376,504,400,382,394,283
"RP11-521M14.2",0,0,0,0,0,0,0,0,0,0,0
"ARFRP1",1546,1730,1503,1529,1583,1276,1475,1401,1635,1273,1294
"CCL3L3",0,0,0,0,0,0,0,0,0,0,0
"AC019171.1",0,0,0,0,0,0,0,1,0,0,0
"UQCRQ",2384,2391,2059,2379,1756,2239,2152,1993,2825,2505,1681
"NDP",0,0,1,0,0,0,0,0,0,0,0
"PRAMEF14",0,0,0,0,0,0,0,0,0,0,0
"RSPRY1",791,747,812,678,611,834,884,670,943,903,630
"POT1",901,991,1116,921,671,980,1132,842,1102,1174,661
"PBX1",44,61,131,33,46,86,60,83,41,38,31
"MYO15B",3,5,5,1,3,6,3,6,6,8,10
"MBD3L1",0,0,0,0,2,0,0,0,0,0,1
"PTPRC",3,2,1,0,2,9,1,6,1,0,0
"DCAF13",3964,4190,4010,4169,2700,3783,4638,3078,4617,4726,2931
"OR9Q2",0,0,0,0,0,0,0,0,0,0,0
"ADAM8",2043,1966,2114,2023,2206,2085,2183,2085,2906,2816,2074
"MUC5B",3,4,1,10,5,1,1,0,19,28,13
"ARL6IP5",2227,2342,2152,2065,1610,2770,2163,2198,2908,2346,1893
"FMNL3",177,172,199,202,171,166,194,182,199,187,153
"CWC25",995,1164,1098,1054,901,925,1202,846,1184,1199,949
"INTS3",4642,4554,6173,4406,4847,4936,5786,4325,5036,5727,3540
"EIF5AL1",660,844,660,819,633,523,820,539,844,816,520
"TSC22D1",8807,7917,8752,6253,5510,7970,9208,6442,7509,7677,4420
"GMNN",2883,3350,2870,3543,2077,2865,2949,2502,3478,2939,2445
"FBXO22",1901,1890,1955,1892,1722,1702,2222,1505,2146,2241,1448
"RP11-867G23.8",7,13,13,8,13,15,8,6,11,10,5
"UPK1A",1,4,1,2,0,6,2,1,2,0,2
"TSPYL5",1394,1516,1520,1838,1605,1089,1554,1145,1612,1763,1220
"CDCP1",6686,7644,7312,8362,6650,7213,8658,6592,10559,10947,7702
"KRTAP5-7",2,0,0,0,0,0,0,0,0,0,0
"CD96",0,2,0,0,1,0,1,0,0,0,1
"SOGA3",30,38,27,39,27,24,30,42,30,47,28
"GPR124",9,7,4,5,10,5,5,4,10,5,4
"UPF3A",1679,1991,1886,1804,1412,1745,1886,1489,1766,1873,1610
"BMPR2",969,902,949,924,679,1017,991,814,1079,1001,754
"ZP2",0,0,0,0,0,0,0,0,0,0,0
"PSMB3",3822,4276,3358,4247,2301,3279,3988,2977,4624,4489,2998
"SYT14",1083,1183,1239,1343,968,1891,1363,1267,2550,2054,1725
"NPIPB9",11,13,7,6,1,6,11,11,9,11,9
"LOH12CR1",455,499,588,470,507,442,589,410,533,579,329
"OR6C76",0,0,0,0,0,0,0,0,0,0,0
"FCHO1",2,1,4,3,2,4,5,5,4,6,4
"SV2B",0,0,0,0,0,0,0,0,0,0,0
"MRPS36",676,877,742,892,546,807,774,621,1036,860,587
"RP11-865B13.1",0,0,0,0,0,0,0,0,0,0,0
"TRIM51",0,0,0,0,0,0,0,0,0,0,0
"DNAJC27",205,202,147,135,103,172,164,155,166,139,121
"KRTAP10-8",0,0,0,0,0,0,0,0,0,0,0
"REM1",0,0,0,0,0,0,0,0,0,0,0
"TMEM203",1422,1494,1527,1441,1635,1192,1597,1184,1561,1552,1015
"GPA33",1,2,6,6,0,1,0,5,4,4,8
"TSPAN15",134,181,195,179,189,177,174,241,301,351,247
"NOS1AP",36,32,43,27,48,38,46,41,37,48,35
"NOL7",3301,3792,3459,4122,2916,2681,3889,2555,3840,4435,2736
"LCOR",1014,1048,994,1020,683,1086,1050,748,1149,1056,738
"SOX10",0,0,0,0,1,0,0,0,0,0,0
"OLFM1",0,0,0,0,0,0,0,0,0,0,0
"H1F0",199,186,275,254,315,216,244,187,261,386,279
"DUSP16",790,696,1013,831,819,831,884,721,1134,1397,752
"CYTH2",1779,1617,1445,1369,1261,1634,1572,1335,1816,1694,1450
"STATH",0,0,0,0,0,0,0,0,0,0,0
"CCDC63",0,0,0,0,0,0,0,0,0,0,0
"SLC25A46",1733,2164,1679,1971,1306,1843,1864,1501,2204,2042,1493
"SNX2",1854,1943,2067,1880,1402,2018,2150,1700,1962,2175,1386
"LGALS3",4013,4295,3828,3448,2486,3847,3879,3684,3969,3558,2715
"DYNLRB1",2573,2854,2986,2980,2622,2558,3258,2314,3213,3723,2338
"KRTAP5-6",0,0,0,0,0,0,0,0,0,0,0
"VWA7",145,135,185,170,198,214,148,216,311,312,236
"DCSTAMP",0,1,0,0,0,0,0,0,0,0,0
"CDCA8",3785,4247,3855,4406,3061,2748,3945,2876,4318,4427,3005
"KIF20A",4576,4446,4678,4912,4107,3631,5027,3347,5460,5868,3635
"PPM1K",339,207,394,181,274,515,328,275,425,315,233
"TPSB2",0,0,0,0,0,0,0,0,0,0,0
"AKR1C2",75,42,80,26,45,60,129,83,25,106,41
"AL049829.1",32,38,27,27,7,14,23,11,21,18,18
"AGGF1",1499,1552,1748,1561,1233,1470,1881,1299,1676,1888,1115
"CPN2",0,0,0,0,0,0,0,0,0,0,0
"RP11-343C2.12",0,0,0,0,0,0,0,0,0,0,0
"JAZF1",255,186,281,179,175,292,272,194,244,180,139
"SH3TC1",182,162,167,223,194,145,189,166,249,332,200
"ALG12",501,526,571,509,480,493,524,403,551,442,343
"EDA2R",0,0,0,0,0,0,0,0,0,0,0
"ERP27",424,509,589,583,403,521,575,522,727,876,618
"RP11-422N16.3",0,3,2,2,0,3,0,2,1,0,0
"SLCO5A1",21,14,22,23,35,18,32,16,36,31,25
"ZC3HAV1L",210,256,234,186,235,218,236,147,218,272,187
"PHF20",2352,2223,2778,2372,2318,2352,2835,2119,2577,2695,2001
"DPY19L3",572,611,479,429,273,478,470,391,470,351,357
"UQCRH",6516,6946,4977,7311,4942,6456,5391,5135,7622,6149,5341
"RTKN",3160,3208,3330,3279,3569,2651,3428,2779,3487,3795,2707
"AC026369.1",0,0,0,0,0,0,0,0,0,0,0
"PTK6",601,520,571,572,586,547,651,501,725,1041,656
"ZCCHC10",547,539,446,514,337,461,425,353,578,422,351
"RPS29",8091,8523,3082,8152,1782,6614,3221,5916,9419,3793,5495
"LPAR5",210,207,245,187,240,237,240,222,292,355,252
"C4orf21",767,804,840,717,434,897,821,694,862,719,593
"CPXM1",0,0,0,0,0,0,0,0,0,1,0
"PPP2R5E",2276,2498,2526,2665,2085,2391,2907,1860,2933,3138,1780
"MB21D1",1670,2029,1859,2476,2000,1757,2366,1176,2807,3069,1792
"PSMD3",7287,8255,7514,8536,7002,6013,8246,5950,8357,9078,5531
"RUVBL2",4710,5178,4792,4781,4552,3730,5249,3460,4772,5441,3200
"MAFK",1129,1168,1192,1375,1598,866,1379,957,1368,1753,1146
"SNRPF",3709,3986,3069,3900,2348,3239,3562,2727,4126,3566,2595
"NEDD1",1810,1726,2123,1634,1490,1810,2272,1466,1984,2060,1281
"PRAM1",0,1,1,1,3,0,0,0,0,2,0
"YTHDC2",1780,2057,2088,1947,1435,1949,2243,1490,2216,2369,1595
"TBKBP1",99,112,145,123,160,144,114,82,136,131,99
"ATP5I",3009,3380,2218,3364,1778,2783,2494,2411,3377,2458,2264
"MAGOHB",591,756,505,649,321,646,552,482,767,583,453
"PIP4K2B",3496,3648,4166,3263,3192,3484,4128,2819,3514,3845,2226
"H2AFJ",3281,3239,3364,3415,3404,3113,3426,2734,3898,4260,2467
"VEGFA",5044,5586,5178,4722,4543,6326,5383,4677,5813,4837,3854
"EFTUD1",1862,1870,2257,1945,1497,1974,2492,1663,2345,2590,1575
"PRICKLE3",1501,1521,1718,1583,2097,1229,1819,1282,1728,2160,1354
"IPPK",1442,1645,1514,1657,1305,1279,1789,1113,1801,1939,1271
"LMAN1L",1,0,0,1,1,3,0,5,1,1,3
"SULT1A3",54,42,47,34,24,65,42,39,55,40,46
"SFN",12656,14356,15869,20007,21323,11300,17250,12718,21098,26550,17853
"FLJ00104",1710,1812,1467,1560,1330,1400,1598,1085,1632,1653,1308
"ACAT2",8769,9695,10591,9839,8035,11225,11244,10113,14806,12112,9423
"DRC1",1,2,0,1,0,1,0,0,0,0,3
"CRTC2",1216,1349,1309,1328,1229,1053,1348,1034,1387,1476,1139
"RAC1",9079,10096,9766,10598,8832,8362,10509,7691,11878,11850,8592
"AC096677.1",0,4,3,3,0,1,2,3,1,5,0
"NPY1R",16,15,13,15,9,23,15,12,21,19,8
"NLRP14",9,7,10,1,11,4,3,6,12,5,8
"PCDHA10",0,1,0,1,1,1,0,0,1,0,0
"PTN",0,0,0,0,0,0,0,0,0,0,0
"AVL9",2218,2673,2776,2592,2121,2541,2924,2162,2930,2968,2005
"GHDC",309,345,336,293,258,317,282,346,294,260,254
"ITFG1",1360,1512,1403,1411,982,1479,1311,1399,1558,1401,1088
"OR1G1",0,0,0,0,0,0,0,0,0,0,0
"OR1Q1",0,0,0,0,0,0,0,0,0,0,0
"ERVW-1",0,0,0,0,0,0,0,0,0,1,0
"NENF",774,827,609,807,573,613,718,637,910,706,535
"ABCC12",3,0,0,1,0,0,2,0,0,1,2
"TRIM49B",0,0,0,0,0,0,0,0,0,0,0
"KDM4E",0,0,0,0,0,0,0,0,0,0,0
"IGSF3",872,1029,900,1089,902,990,1020,886,1367,1490,1170
"TMEM247",0,0,0,0,0,0,0,0,0,0,0
"RPS23",26266,28039,21962,29050,19206,24864,23899,20442,30119,24818,20483
"PTPN23",1837,2098,1997,2221,2420,1543,2048,1635,2273,2607,1765
"MYO1A",0,1,1,2,0,1,1,0,0,0,3
"PDCD1",0,0,0,0,0,0,0,0,0,0,0
"GNG2",37,51,46,38,33,47,44,39,32,40,18
"GCLC",2520,2958,3035,2277,1920,2776,3149,2301,2414,2565,1642
"HLA-DOB",21,15,8,6,8,23,15,16,22,8,12
"TRIM11",3359,4134,3732,4537,4510,2898,3854,2906,4197,5038,3269
"MYO19",3203,3906,3521,4148,3407,2837,3878,2761,4388,4684,3103
"C4orf29",569,576,553,510,415,526,626,393,643,574,417
"C16orf45",9,11,16,22,16,16,13,20,17,24,15
"CDC42",10935,12533,11097,13490,8709,11343,12244,9771,14973,14370,10465
"FAM84A",53,54,82,79,113,54,67,54,98,139,111
"NCBP2",3935,4578,4435,4547,3796,4079,4914,3592,5092,5026,3529
"PDCD2",2130,2220,2168,2184,1890,1617,2550,1569,2363,2550,1533
"GABRA4",0,0,0,0,0,0,0,0,0,0,0
"AC174470.1",0,0,0,0,0,0,0,0,0,0,0
"SEPT10",2375,2575,2917,2832,2343,2879,2989,2422,3384,2900,2303
"C5orf51",1677,1641,1897,1558,1579,1718,1840,1411,1626,1585,1194
"PLCZ1",0,3,0,1,0,2,0,1,2,1,1
"MTFR1",1677,1993,2178,1975,1818,1926,2090,1625,2281,2262,1548
"CDNF",27,36,30,26,20,46,20,30,24,17,18
"TMEM105",12,7,6,22,5,10,6,9,15,11,11
"CCDC24",254,286,319,271,283,232,287,284,355,327,272
"KIF5C",69,83,90,147,95,69,86,57,116,114,71
"AP000295.9",0,0,0,0,0,0,0,0,0,0,0
"SMCO3",0,0,0,0,1,0,0,0,0,0,0
"ACHE",3,0,0,1,4,2,1,1,7,1,3
"CEACAM21",0,0,0,0,0,0,0,0,0,0,0
"CHAT",0,0,0,0,0,0,0,0,0,0,0
"ACMSD",0,0,0,1,0,1,0,0,0,0,0
"PSG3",0,0,0,0,0,0,0,0,0,0,0
"C14orf132",9,9,17,12,17,23,10,12,27,14,17
"HMHB1",0,0,0,0,0,0,0,0,0,0,0
"IMPDH1",2065,2437,2476,2474,2361,1554,2659,1955,2307,2869,1805
"ACOX2",444,456,480,473,535,415,507,344,574,457,281
"GALNT1",3219,3643,3741,3507,2462,3406,3867,2940,3749,3308,2375
"RNF133",3,2,3,0,1,0,4,1,4,1,4
"SHROOM1",448,437,454,380,481,296,491,339,400,483,348
"KIAA1217",629,662,709,514,426,814,636,670,767,693,644
"PRPF40A",14090,15772,17282,17066,12318,14393,18110,11791,16116,18453,12538
"RNF126",1543,2543,1747,2675,2104,1383,1873,1682,2276,2192,1717
"CLTC",16837,19604,19678,19825,12652,19535,21555,15085,23625,24094,15453
"RNF20",2744,3222,3272,2988,2177,2668,3597,2334,2885,3524,2342
"LRP12",983,1148,897,1061,706,1111,1069,912,1279,1131,809
"RNF111",547,621,582,665,481,513,668,423,673,714,409
"TJP2",5507,5899,6114,6502,4988,5116,6669,4877,8017,9883,6247
"FBN3",0,0,1,0,0,0,0,0,0,0,0
"ZNF626",439,418,380,415,268,361,397,261,410,415,312
"ACTR1A",3747,4271,4368,4449,4125,3399,4689,3156,5003,5712,3388
"TTC9",120,144,212,168,207,199,200,195,215,366,195
"SLC35G6",0,0,2,1,0,0,0,1,2,0,0
"KLRG1",12,17,24,6,7,7,12,10,17,10,12
"TMEM173",256,261,193,354,363,213,236,250,519,456,352
"ANG",6,9,12,6,3,9,6,12,20,7,8
"ASB8",652,703,641,533,426,552,689,524,631,692,468
"TIGD7",257,161,219,119,154,181,233,134,164,201,141
"DAZ1",0,0,0,0,0,0,0,0,0,0,0
"EYA2",1,1,0,0,0,0,0,1,0,0,0
"ALS2CL",490,389,467,216,280,440,498,466,445,622,528
"SLC30A4",185,166,185,115,121,245,213,159,185,158,139
"SHF",6,14,14,9,6,8,4,7,17,13,16
"HTATSF1",5390,5917,6063,5747,4018,4783,6375,4140,4800,6097,3951
"TMEM179B",757,894,676,1070,974,725,670,705,1146,971,686
"AC026202.1",0,1,0,5,0,1,1,0,2,0,1
"XKR3",1,1,0,2,1,0,2,0,2,0,1
"ZNF79",209,172,170,146,133,157,176,114,176,199,103
"IFNL3",0,0,0,0,0,0,0,0,0,0,0
"PARD6A",124,143,139,186,216,150,163,124,203,288,130
"SETDB1",1258,1390,1371,1194,1019,1270,1470,1051,1289,1441,961
"EEF1D",9175,10600,8726,9595,8713,7539,9751,6735,9500,9995,6976
"CD7",13,2,4,4,5,10,6,1,4,8,4
"COQ2",709,770,779,733,652,766,781,660,851,674,537
"CGB2",0,0,0,0,0,0,0,0,0,0,0
"ICOS",0,0,0,0,0,0,0,0,0,0,0
"AC115618.1",14,26,18,11,16,19,21,12,19,17,10
"ANGPTL7",0,0,0,0,0,0,0,0,0,0,0
"SAPCD1",0,0,0,0,0,0,0,0,0,0,0
"OR52A5",0,0,0,0,0,0,0,0,0,0,0
"ZNF768",1371,1474,1506,1528,1899,1198,1674,1066,1712,1847,1087
"TPCN2",458,490,398,462,413,395,380,390,517,447,371
"TOX",17,15,14,13,13,20,11,18,4,14,12
"TRIM37",1266,1502,1468,1432,1127,1452,1635,1239,1767,1787,1099
"BCAT1",8005,9964,8623,8595,5504,9535,9378,6753,8379,6532,4987
"PKHD1L1",0,0,0,0,1,0,0,0,0,0,0
"NLRC3",0,0,0,1,0,0,0,0,0,0,2
"VDAC3",8646,9193,7482,9380,5132,8109,8197,6906,11136,9423,6962
"BGN",229,148,171,146,210,188,126,124,83,110,60
"CCM2",1003,951,1168,1136,1451,780,1194,878,1333,1694,910
"COL26A1",1,0,0,0,1,0,0,1,0,0,0
"PNOC",0,0,0,0,0,0,0,0,0,0,0
"RP11-293M10.1",0,0,0,0,1,0,0,1,1,0,0
"AL162424.1",0,0,0,0,0,0,0,0,0,0,0
"ZNF17",118,123,109,126,64,115,133,96,140,136,79
"LGALS7",0,1,0,0,0,0,1,2,1,0,0
"CA8",46,27,33,16,13,41,56,36,24,30,18
"ADAMTS13",16,13,30,17,29,22,20,33,37,41,40
"ZBTB11",2023,2017,2125,2021,1494,1930,2331,1371,2302,2437,1487
"PDSS1",674,674,629,740,509,581,711,470,784,870,531
"CHRNA6",0,0,0,0,0,0,0,0,0,1,0
"ZNF24",5389,5399,5720,5196,4041,5401,5934,3853,5932,5704,3962
"AGER",264,261,244,164,143,206,193,221,237,141,203
"AL646016.1",0,0,0,0,0,0,0,0,0,0,0
"LIMK2",523,638,498,685,475,467,529,434,720,667,574
"TPD52L3",0,0,0,0,0,0,0,0,0,0,0
"PSPH",2519,2755,2497,2518,2116,2318,2752,1814,2756,2626,1584
"LDLRAP1",4033,4065,4183,3959,3748,3440,4524,3447,4372,5031,3287
"CCDC93",2122,2085,2072,1706,1441,2100,2324,1487,2395,2557,1692
"CLEC18C",0,0,0,0,0,0,0,0,1,0,0
"BMPR1B",284,334,266,280,215,346,291,149,325,228,185
"HYAL4",37,22,36,50,28,60,40,25,61,65,50
"POLR2E",4435,5534,4715,5722,4939,3713,4904,3560,4762,5199,3126
"NSUN5",1161,1267,1184,1385,1235,790,1249,838,1338,1503,910
"SPTSSA",1808,1959,1571,1423,1809,2066,1424,1311,1659,1175,962
"YPEL3",293,241,293,148,225,327,249,324,271,299,224
"UFSP1",153,146,152,137,160,98,179,121,160,174,76
"HNRNPF",11978,14138,13761,15082,12136,10853,15488,9911,15704,17250,10422
"KLK1",0,0,0,0,1,0,0,0,1,0,1
"HMGN4",2918,2713,3226,2688,2157,2735,3169,2568,2988,3147,2157
"CLN8",724,644,598,596,471,594,650,450,642,648,443
"RTN4",12121,13920,12720,15709,12443,12371,13982,10987,18253,16846,11677
"SERF1B",13,17,17,13,13,20,21,20,12,9,11
"UBXN7",5600,5436,7061,5061,4598,6332,6718,4757,6263,6203,4102
"COG6",638,755,774,615,530,760,913,671,829,876,605
"ASPH",7550,8517,8176,8155,7018,9145,8611,7822,9964,8385,7230
"PARP11",0,0,0,0,0,0,0,0,0,0,0
"BCL2L14",2,1,0,1,1,0,2,2,0,6,0
"SENP7",439,378,545,259,278,524,481,462,472,447,338
"CDIP1",182,203,200,250,273,174,201,117,230,262,129
"PROCR",248,253,344,314,336,305,341,337,374,468,250
"PCDHGA5",5,3,7,5,4,9,8,1,5,2,7
"ZNF787",958,1217,982,1395,1385,694,1157,765,1009,1391,780
"KRT39",0,0,0,0,0,0,0,0,0,0,0
"REPS1",2266,2702,2757,2871,2450,2133,3053,1988,2965,3458,2093
"ZNF507",1659,1830,1764,1737,1222,1759,1806,1243,1872,1780,1264
"AC073333.1",0,0,0,0,0,0,0,0,0,0,0
"C5AR1",45,47,42,51,50,66,30,42,69,43,40
"CCDC65",0,2,0,1,0,1,0,0,0,0,0
"ADAMTSL3",6,3,4,12,6,11,5,5,13,15,7
"LRP2BP",20,18,19,20,29,28,24,34,29,32,34
"TRMT10B",161,128,138,153,89,144,150,125,128,137,150
"KCTD10",1546,1864,1935,1994,1867,1694,2051,1655,2299,2578,1714
"TSSK3",12,3,9,4,5,9,2,11,5,5,5
"CXorf28",0,0,0,0,0,0,0,0,0,0,0
"FLG2",0,0,0,0,1,0,0,0,1,0,0
"MSRB2",275,297,359,259,225,354,330,321,315,295,218
"CITED2",918,982,967,1044,1248,993,1035,895,1394,1370,974
"PBOV1",0,0,0,0,0,0,0,0,0,0,0
"SLC4A9",4,0,0,0,0,0,0,0,1,4,2
"GNPTG",450,440,372,377,396,374,391,346,443,452,315
"ADAMTS5",1,2,1,3,0,1,0,0,0,0,0
"DNAJB4",806,543,728,481,439,827,736,419,718,600,350
"IL22RA2",50,32,23,29,17,50,17,40,12,4,10
"EXOSC1",884,1066,899,1005,722,900,1066,697,1036,1256,677
"CNPPD1",1245,1328,1211,1206,1112,989,1204,937,1145,1100,888
"KLF3",1245,1554,1532,1856,1302,1609,1619,1239,2322,2129,1430
"XRN1",1202,1369,1504,1165,930,1561,1484,1207,1453,1465,1138
"AC004076.7",16,19,17,7,9,19,17,16,24,15,14
"KCNH7",27,30,23,37,30,27,37,38,43,47,27
"PLAC8",41,25,22,29,14,35,16,19,65,31,24
"IL18",1959,2033,1857,2420,1280,2062,1842,1601,3006,2717,2007
"LSMD1",796,912,666,770,780,661,778,631,971,881,598
"CSTL1",1,0,0,0,0,0,0,1,0,0,0
"COL4A1",1813,2034,1893,2592,1710,1493,1929,1599,1975,1850,1507
"HSD17B11",224,219,202,118,103,260,222,182,178,138,116
"RNASET2",155,168,153,145,298,150,175,115,191,183,112
"ZFAND6",1925,2161,1927,2069,1727,2185,2045,1725,2409,2095,1726
"MRGPRX4",0,0,0,0,0,0,0,0,0,0,0
"PRKRIR",3595,4031,3884,4250,2705,3540,4221,2968,4595,4028,2884
"ZDHHC2",1031,1208,1354,1033,948,1254,1268,996,1367,1159,797
"ADH5",3974,4452,3852,4402,3077,3867,4351,3416,5110,4455,3254
"HSPB7",0,0,1,1,0,0,0,0,0,0,0
"CHGB",122,119,86,97,94,107,101,72,84,69,46
"WDR41",966,1125,1245,985,753,1254,1371,1028,1271,1315,832
"HS3ST2",0,0,0,0,0,0,0,0,0,0,0
"AC005008.2",0,0,0,0,0,0,0,0,0,0,0
"CEACAM19",72,97,67,104,60,94,82,77,133,103,89
"TRAF5",658,595,666,541,458,703,664,454,691,615,478
"SMYD2",1192,1344,1021,1290,699,1043,1186,901,1403,1160,893
"IRS1",1109,1312,1350,1336,1478,1085,1318,881,1296,1338,812
"C2CD2L",642,703,652,658,584,622,675,522,805,662,557
"EP400",3512,4574,4385,4932,3937,3859,4449,2985,4340,4875,3310
"ZNF106",3733,3981,4383,4050,2878,3884,4645,2838,4227,4624,3082
"EHF",124,148,158,212,111,227,189,151,352,442,356
"RPSAP58",1670,1918,1653,1902,1177,1355,1674,1358,1916,1826,1205
"KBTBD13",0,0,0,1,0,0,0,0,0,0,0
"SLC38A1",15474,18415,16919,19569,12830,19349,18616,14236,23333,19389,15217
"RP11-352D3.2",0,0,0,0,0,0,0,0,0,0,0
"RAB11FIP5",1729,1881,2051,2074,1959,1609,2139,1651,2182,2528,1681
"MYH10",4512,5396,5608,5220,4075,5300,5456,3967,5240,5089,3426
"FBXO46",872,768,838,694,789,766,795,659,824,873,584
"NCOR1",4992,5697,6697,5871,5003,5249,6663,4329,5568,6782,4455
"CTD-2228K2.5",730,863,699,941,765,692,839,697,806,840,602
"ZNF710",1418,1589,1758,1506,1707,1359,1792,1327,1635,2015,1236
"STH",0,0,0,0,0,0,0,0,1,0,0
"PRRC2B",14183,15348,19918,16060,17942,14720,18824,12601,15529,20348,11209
"YAF2",714,867,667,777,572,764,604,646,830,630,558
"INTU",383,395,444,331,295,396,412,262,318,333,172
"INTS1",3559,4122,4126,4154,4808,3178,3974,3037,4156,4572,2767
"ABI1",1582,1737,1708,1776,1463,1634,1846,1470,2115,2425,1579
"PDAP1",7361,8704,7766,8274,6909,6968,8389,5619,7764,8345,6284
"ART1",0,0,0,0,0,0,0,0,0,0,0
"TRPC7",0,0,0,0,0,0,0,0,0,0,0
"SARDH",0,0,1,0,0,0,0,0,0,0,0
"TMTC4",283,284,391,228,318,344,368,302,345,338,271
"C14orf64",203,207,276,215,216,210,272,176,325,398,213
"ACTA1",10,5,4,5,6,5,6,4,6,10,2
"ADORA2B",734,760,648,885,632,592,797,567,958,954,615
"EFCAB11",293,379,351,335,229,361,384,325,333,351,207
"PHB2",13306,15543,12379,16284,10172,11575,13105,11111,15534,14162,10618
"STAMBP",2731,3181,2939,3154,2177,2539,3053,2574,3346,3623,2663
"PPARG",1891,2179,2119,2154,1649,1833,2320,1687,2411,2982,1665
"TBATA",2,1,0,0,0,0,0,0,1,0,0
"OR4X2",0,0,0,0,0,0,0,0,0,0,0
"KRTAP4-7",0,0,0,0,0,0,0,0,0,0,0
"NT5C1B-RDH14",0,0,0,0,0,0,0,0,0,0,0
"PITRM1",5093,5672,5489,5573,4213,4391,6339,4014,6350,7910,4570
"ATRN",2595,2676,2566,2791,1934,2805,2586,2213,3167,2618,2186
"MRFAP1L1",2448,2674,2614,2703,2197,2316,2859,2017,2784,2730,1942
"PDLIM4",18,14,15,16,27,15,20,14,21,21,16
"KBTBD2",1399,1545,1508,1574,1073,1434,1693,1145,1810,1749,1210
"ADAMTS2",1,0,0,0,0,0,0,0,0,0,0
"AC026740.1",89,75,79,91,58,82,83,61,115,97,80
"MORN2",210,242,126,165,76,178,124,166,175,86,87
"AC026461.1",0,0,0,0,0,0,0,0,0,0,0
"TNIP1",4082,4597,5802,5009,5483,4094,5729,4887,5446,6882,4924
"HTN1",0,0,0,0,0,0,0,0,0,0,0
"POLR1A",5464,6549,6148,6987,5016,5370,6908,4060,6314,7628,4388
"RDH16",136,146,131,109,112,130,124,121,122,93,53
"PHLDB3",162,82,161,109,186,113,164,138,177,235,157
"PPP2R3A",1118,1434,1442,1485,979,1303,1571,1182,1716,1873,1265
"KLK11",0,0,0,0,0,0,0,0,0,0,0
"MYL4",2,0,1,0,0,2,0,0,2,0,0
"C14orf183",6,2,10,1,2,3,2,5,6,1,3
"ALG5",1261,1415,832,1432,578,1159,906,983,1516,1019,1018
"CCNF",2929,2962,2597,3188,2695,2049,2712,2018,3183,3149,2164
"MSC",76,133,59,103,74,54,73,55,60,76,73
"USP50",0,1,0,1,0,0,0,0,2,1,0
"AFMID",322,319,298,223,265,245,314,184,279,313,175
"TRPC4AP",3914,4255,4389,4149,3652,3817,4726,3583,5152,5408,3338
"SEC14L6",0,0,1,0,0,0,0,0,0,0,0
"KRTAP5-2",0,0,0,0,0,0,0,0,0,0,0
"MAGEA8",0,0,0,0,0,0,0,0,0,0,0
"CORT",3,7,1,1,2,5,1,4,2,6,5
"NKAIN1",4,2,2,5,8,1,2,3,2,9,4
"PLEKHD1",0,0,1,1,0,0,0,1,0,0,1
"KLHDC2",1292,1368,1424,1125,896,1386,1332,1265,1433,1173,940
"BRSK1",9,2,12,3,7,19,6,10,19,8,3
"COMTD1",382,446,396,387,475,303,333,356,403,341,356
"TMCO3",1759,2049,2097,2033,1697,1962,2154,1774,2350,2257,1590
"AP3S1",1413,1632,1392,1588,1203,1458,1546,1194,1851,1655,1202
"SNRPD3",4757,5300,4727,5404,4636,4601,5670,3707,5491,5920,3862
"NAT16",8,4,6,1,20,20,13,13,5,8,6
"FGFBP3",62,97,102,115,155,126,95,101,128,108,90
"EEF1E1",1993,2239,1643,2202,1202,2035,1679,1526,2469,1870,1599
"LILRB4",0,0,0,0,0,0,0,0,0,0,0
"HDAC8",1380,1291,1585,1230,1092,1412,1580,1087,1413,1413,890
"AC013468.1",0,3,0,0,1,0,0,0,0,0,4
"THNSL1",708,548,798,575,619,513,804,475,614,792,428
"ARL6IP1",6054,6329,4908,6442,3527,5084,5002,4721,7112,5092,4553
"OR10Z1",0,0,0,0,0,0,0,0,0,0,0
"BUB1",4370,4221,4599,4362,3137,3833,5022,3418,5089,5237,3442
"C4BPB",2,4,2,3,1,1,1,5,3,2,5
"SMCO1",0,1,0,0,1,2,0,0,1,0,1
"GDA",1483,1217,2075,1049,1323,1551,2281,1195,1177,1889,922
"SSNA1",1436,1792,1362,1926,1537,1197,1405,1165,1788,1757,1152
"FAM151A",0,0,0,0,0,0,2,1,2,1,0
"TRADD",492,455,498,392,534,354,501,401,443,667,379
"RNF130",485,503,547,492,372,583,539,452,653,598,361
"FCGR3A",0,0,0,0,0,0,0,0,0,0,0
"ZNF570",96,69,80,50,29,76,89,71,66,63,40
"PDE6D",406,451,509,413,334,459,461,482,501,489,313
"C9orf131",0,0,0,0,0,0,0,0,0,0,0
"STAM",1068,1117,1262,1143,942,1152,1430,1023,1407,1469,932
"MAB21L3",2,11,8,6,5,4,5,4,3,7,3
"CCL19",0,0,0,0,0,0,0,0,0,0,0
"CELA2A",0,0,0,0,0,0,0,0,0,0,0
"MAF",0,1,1,2,2,0,0,0,5,1,2
"CHD6",1824,1912,2155,1959,1442,2219,2007,1716,2126,1913,1598
"RALGAPA2",972,982,1496,785,911,1172,1447,929,924,1272,593
"ZNF471",39,33,51,18,16,43,42,27,41,23,22
"DDX60L",779,1002,978,874,565,990,1154,947,1355,1445,1062
"RPA4",6,7,2,7,4,3,6,2,11,5,6
"AMY1A",0,0,0,0,0,0,0,0,0,0,0
"LCMT2",744,767,753,797,635,563,849,535,833,932,560
"COX7C",6067,6026,4679,5816,3182,5573,5613,4624,6809,5889,4251
"SHPK",1191,1320,1387,1142,1289,1041,1464,1002,1373,1507,901
"PNPT1",5461,6524,5814,7046,4276,4847,6551,4346,7331,6751,4704
"AQP4",2,3,1,0,0,1,1,0,0,0,1
"AKNA",746,775,976,837,1007,675,852,701,809,981,705
"LRP5L",125,139,103,96,85,110,98,102,121,87,84
"BPNT1",2128,2287,2229,1949,1546,2137,2522,1772,2720,2820,1727
"GPR98",279,447,320,312,138,466,304,236,285,265,188
"ADCY3",2627,3012,2880,3238,2773,2620,2944,2560,3244,3043,2304
"SGK1",731,652,699,853,633,695,651,535,1050,1114,684
"BMP15",0,0,0,0,0,0,0,0,0,0,0
"AP4B1",658,703,650,657,420,620,684,529,842,780,618
"LRPAP1",1662,1778,1369,1754,1399,1445,1486,1268,1743,1743,1198
"CAPS",73,56,61,55,42,84,64,49,76,79,65
"CEACAM5",0,0,0,0,0,0,0,0,0,0,0
"BRD2",13087,15218,14212,15761,12693,11377,15450,10804,15501,17445,12602
"EQTN",0,0,0,0,0,0,0,0,0,0,0
"DEFB108B",0,0,0,0,0,0,0,0,0,0,0
"TRANK1",25,32,56,34,13,48,41,39,42,56,29
"C1orf222",0,0,0,1,0,0,1,0,0,0,0
"SMN1",745,834,877,862,615,700,866,659,876,875,652
"TRMU",1434,1532,1440,1535,1168,1250,1641,1040,1477,1558,1082
"RXFP1",0,0,0,0,0,1,1,1,0,0,0
"ZNF823",108,64,83,70,37,96,94,71,91,64,66
"CS",9474,10593,11111,10777,8459,8695,11562,8061,11263,12181,7909
"SPACA7",0,0,0,0,0,0,0,0,0,0,0
"LRRC17",2,4,5,0,1,3,0,4,0,2,3
"FTO",1106,1367,1677,1219,1116,1270,1593,1158,1187,1344,818
"CEP55",4485,4729,5314,5549,4288,4123,5479,4137,5944,6202,4456
"SMO",357,335,423,359,423,350,359,384,308,250,197
"HDLBP",8642,9872,10679,10318,8513,8590,11732,7581,11077,13506,7396
"PHC3",2593,2878,2567,2537,1698,3287,2680,1912,2893,2459,1931
"KRT34",31,26,58,28,30,50,62,87,48,80,49
"KRTAP10-11",0,0,0,0,0,0,0,0,0,0,0
"DOC2A",243,152,251,165,331,199,224,162,287,311,231
"CXorf48",0,0,0,0,0,0,0,0,0,0,0
"CYB5B",4892,5720,5728,5903,5093,5261,6277,4516,6893,6466,4364
"ATOH1",5,1,6,2,3,1,3,0,2,1,4
"MRPS26",1787,2007,1918,2112,2378,1400,2018,1441,2055,2052,1285
"TREML2",2,2,6,7,3,3,3,9,16,7,8
"ANKRD18B",95,131,147,115,109,112,130,95,138,148,115
"FAM109B",122,126,130,218,210,102,124,111,202,210,180
"PTTG1IP",4997,5617,4668,5610,4339,4941,5430,4353,6834,6347,4516
"ARGLU1",2764,2821,2681,2560,1911,2967,2805,2148,2821,2772,2273
"SCUBE1",1,1,0,0,0,0,1,0,0,0,0
"ZMAT1",0,0,0,0,0,0,0,0,0,0,0
"RIOK3",2102,2608,2115,2555,1506,2317,2455,2038,3328,3330,2375
"CREB3L4",270,323,294,216,239,286,291,297,267,268,196
"FSD2",2,0,0,0,0,1,0,0,0,0,0
"GTF2E2",1287,1369,1900,1628,1429,1317,1932,1334,1612,2066,1165
"PPM1L",256,248,248,211,192,279,232,202,228,258,157
"DMRTB1",0,0,0,0,0,0,0,0,0,0,0
"RUNX1T1",0,0,0,0,0,0,0,0,0,0,0
"AP3M1",2363,2499,2816,2446,2070,2342,3060,1995,2934,3364,1979
"FGD6",1395,1483,1465,1591,1077,1445,1866,1282,2150,2579,1714
"HMX1",0,0,0,0,0,0,0,0,0,0,0
"HLCS",1336,1608,1786,1491,1410,1519,1724,1376,1635,1748,1113
"KCNQ4",7,13,24,25,27,8,14,18,18,31,26
"UBE2H",4843,4640,6093,5091,5025,5153,5970,4712,6565,7756,4737
"WTIP",47,60,47,71,95,67,73,51,104,90,70
"AL160286.1",0,0,0,0,0,0,0,0,0,0,0
"BTBD17",0,0,0,0,0,0,0,0,0,0,0
"RGPD2",38,37,25,46,15,38,35,24,45,41,41
"CAMTA1",609,719,650,681,548,776,686,580,784,651,459
"HECTD4",1321,1368,1651,1415,1300,1671,1643,1086,1583,1874,1175
"MKNK1",1167,1219,1148,1022,937,1088,1301,992,1413,1460,999
"CLCNKB",0,0,0,0,0,0,0,0,3,0,0
"UBR5",5947,7065,6687,7068,4668,7040,7408,5283,7784,7752,5525
"EDC4",4280,4650,4447,4231,4585,3392,4476,3082,4611,4766,3139
"DUSP28",90,85,77,66,56,50,78,62,66,77,67
"HOXA6",25,29,37,26,24,27,37,20,26,25,11
"AL807752.1",26,45,39,37,36,27,27,30,46,38,32
"A3GALT2",0,0,2,0,1,1,0,0,2,0,1
"EFR3B",3,2,4,7,2,6,3,3,3,17,6
"CEACAM4",0,0,0,0,0,0,0,0,0,0,1
"ZNF208",0,0,0,0,0,0,0,0,1,0,0
"FNDC3A",2638,2891,3593,2758,2422,3413,3586,2594,3669,3748,2325
"CDC42BPA",5733,6117,6829,6290,4776,6411,7286,4862,7254,8020,5377
"HPCAL4",34,26,57,22,40,40,41,39,27,42,30
"PRR20A",0,0,0,0,0,0,0,0,0,0,0
"ANKRD10",2059,2172,1670,1660,1201,2309,1769,1515,2299,1757,1676
"C5orf64",0,0,0,0,0,0,0,0,0,0,0
"DDX49",1859,2070,1850,2034,1767,1266,2109,1325,2002,2537,1319
"COLEC11",1,0,0,1,0,0,0,1,1,1,0
"GPAM",712,805,676,621,452,641,772,533,716,657,500
"TCF19",2243,2854,2337,2768,1943,2002,2701,2102,2883,3253,2179
"OTUB2",246,293,270,369,272,254,297,257,505,590,339
"MLX",2596,2878,2883,2870,2279,2399,3173,2141,3237,3697,2069
"PSIP1",15281,17433,20296,17356,14547,17012,19323,14434,16733,16805,13150
"ORMDL3",683,677,699,696,617,726,773,622,706,835,567
"NCDN",1629,1847,1599,1836,1731,1153,1755,1100,1691,1934,1115
"PRRG3",0,0,0,0,0,0,0,0,0,1,0
"DLG2",17,12,15,9,15,21,19,19,15,19,9
"ALDOA",59337,68763,69814,75668,71685,55304,71810,55710,79824,86894,54578
"ZFR2",0,0,0,0,0,0,0,0,0,0,0
"CCDC155",0,0,0,0,0,0,0,0,1,0,0
"PSMD4",3239,3588,3343,3817,2712,2891,4010,2456,3794,4773,2671
"SBNO2",3628,4081,3771,3827,4356,2840,4076,2963,3958,4720,3023
"FCHSD1",225,217,245,214,199,260,229,259,221,279,249
"TEK",0,0,0,0,0,0,0,0,0,0,0
"PI4K2B",1324,1363,1364,1178,1056,1404,1172,1202,1683,1080,1059
"ETV1",717,564,886,373,492,809,848,677,550,529,402
"TYRP1",2,1,3,0,0,4,0,0,0,0,3
"DAP",1837,2243,2337,2031,1808,2215,2613,2124,2576,2446,1805
"QRICH2",56,51,42,31,23,43,50,20,54,37,25
"PRPF19",7901,9291,8884,9297,7540,6588,10071,6115,9409,10752,6001
"RP11-487E13.1",0,0,0,0,0,0,0,0,0,0,0
"DNASE1L3",2,2,7,2,1,4,1,2,1,2,0
"GAGE12H",0,0,0,0,0,0,0,0,0,0,0
"ACVR1B",600,685,640,624,536,614,627,599,643,493,491
"RCL1",729,853,756,903,675,615,934,558,896,876,598
"FTHL17",0,0,0,0,0,0,0,0,0,0,0
"TRMT44",370,352,341,294,273,259,408,230,387,441,261
"ZNF469",1,1,0,2,0,0,1,0,0,0,2
"PHF1",1083,1105,1164,1023,1059,1187,1074,1071,1202,1111,878
"TTC36",2,3,1,1,1,0,3,1,4,4,1
"TMEM123",7039,7757,7767,7606,6107,8468,7780,6351,9032,7344,5626
"ZNF419",305,231,213,189,135,250,270,193,221,273,200
"HIST1H4I",10,5,13,7,7,12,13,7,12,16,7
"SEMA3G",0,0,0,0,0,0,0,0,0,0,0
"PVR",2396,2972,2452,3619,2550,2121,2790,2192,3702,3609,2669
"PRSS45",1,0,0,0,0,0,0,0,0,0,1
"ACSL5",88,55,105,68,75,118,71,116,122,94,87
"COMMD8",309,318,150,275,112,262,191,225,267,179,185
"CALCB",2,3,1,3,2,0,1,3,6,3,9
"C1QTNF3",3,3,2,2,1,6,1,4,6,4,4
"FNDC7",3,3,2,0,0,2,0,0,2,3,0
"MYL10",0,0,0,0,0,0,0,0,0,0,0
"C4orf48",81,127,82,82,225,72,74,73,110,78,45
"ATP6V1C2",11,13,9,13,13,13,7,9,24,24,17
"ZNRF3",670,829,680,887,748,634,743,565,820,725,617
"ARTN",145,173,144,320,225,126,131,121,318,328,270
"ACKR4",1,0,1,0,2,0,0,0,1,0,1
"OR7D2",0,1,0,0,1,0,0,0,1,0,0
"CDKL4",0,1,0,2,1,1,1,1,2,2,3
"ALPK1",209,184,314,155,169,253,284,262,214,310,173
"GCNT6",0,0,0,0,1,0,0,0,1,0,0
"SURF2",868,1103,776,1209,966,579,899,615,995,1242,670
"ISY1-RAB43",0,0,0,0,0,0,0,0,0,0,0
"PURG",3,3,7,0,0,3,2,3,2,1,1
"AL353791.1",1,0,0,0,0,0,0,1,0,1,1
"C5orf56",10,8,6,7,3,10,8,4,6,13,14
"SEMA6B",460,469,463,685,1144,477,302,365,621,433,348
"SH3GL1",2210,2665,2529,2889,3133,1950,2512,1999,2675,3210,2085
"ARMC7",400,464,386,400,351,284,414,262,360,352,247
"PARP8",578,652,676,553,421,643,800,582,664,832,492
"ALG2",1375,1328,1253,1323,1131,1166,1441,1015,1608,1564,1082
"AC019206.1",0,0,0,0,0,0,0,0,0,0,0
"EXOC3L2",0,0,0,0,0,0,0,0,0,0,1
"CARHSP1",1451,1808,1454,1966,1327,1555,1532,1262,2111,1925,1254
"PRAMEF15",0,0,0,0,0,0,0,0,0,0,0
"SLMO1",336,367,326,411,341,339,365,331,479,398,321
"AAMDC",65,74,74,57,86,102,82,75,98,102,63
"BCAN",0,0,0,0,0,1,0,0,0,1,1
"VAMP8",2269,2393,1911,2192,1606,2313,2126,2121,2678,2504,2095
"ADH4",0,0,0,0,0,0,0,0,0,0,0
"OSTC",2078,2357,1360,2178,938,2122,1390,1690,2557,1506,1461
"FCN1",0,0,0,0,0,0,0,0,0,0,0
"CARKD",1095,1315,1141,1231,983,1052,1127,1028,1356,1375,1057
"TRAM1L1",68,121,79,59,51,73,57,86,69,51,36
"DNAJC21",1597,1908,1971,2005,1461,1699,2014,1485,1945,2165,1496
"ZNF280B",0,0,0,0,0,0,0,0,0,0,0
"ERAP2",1177,1401,1301,1040,696,1402,1478,1280,1272,1302,999
"TP53",8400,9551,10948,9770,10149,8046,10292,7910,9927,11013,6896
"ME2",3821,4185,4785,3866,3871,3697,5544,3283,4546,5477,2889
"FTSJ2",1482,1698,1575,1678,1282,1168,1706,1276,1692,1717,1141
"TMCO1",2739,3029,2320,2961,1597,2487,2521,2126,2821,2367,1818
"LRLE1",0,0,0,0,0,0,0,0,0,0,0
"AP001652.1",0,0,0,0,0,0,0,1,2,0,1
"ACPP",31,22,24,21,21,33,30,40,45,49,31
"FAM131A",695,726,904,734,905,777,847,655,846,952,631
"SLITRK3",1,0,1,0,0,0,0,0,0,0,0
"FBXL17",624,792,856,583,687,788,848,647,607,751,455
"DCP1A",669,859,747,851,585,639,850,546,762,885,556
"PSG2",0,0,0,0,0,0,0,0,0,0,0
"QPCT",2,0,1,0,0,1,1,1,2,0,0
"EDNRB",0,0,0,0,0,0,0,0,0,0,0
"GUCA1C",3,2,0,1,0,4,1,3,0,0,0
"KIF2B",0,0,0,0,0,0,0,0,0,0,0
"FAM131B",7,6,5,3,5,3,1,12,7,4,2
"GFRAL",0,0,0,0,0,0,0,0,0,0,0
"DUSP18",34,32,42,21,23,44,35,28,34,31,20
"HOXD10",6,11,11,12,8,9,5,17,13,9,7
"NCR1",0,0,0,0,0,0,0,0,0,0,0
"PARP15",0,0,0,0,0,0,1,1,1,1,0
"MTL5",361,441,482,476,549,373,393,348,438,429,350
"ELAC1",161,141,134,156,75,150,153,142,169,126,137
"SYT8",36,48,20,30,27,29,17,26,31,33,27
"MAPK9",3099,3541,3581,3417,2617,3475,3700,3030,4221,3946,2890
"RANBP10",1651,1716,1654,1624,1514,1275,1783,1169,1667,1970,1197
"ZNF511",1050,1292,1002,1388,1042,846,1042,844,1290,1120,818
"DEPDC7",155,175,164,270,135,134,172,111,257,226,146
"RP11-345J4.5",648,700,484,592,347,570,611,414,828,547,462
"DDTL",79,68,77,82,71,73,86,76,76,95,72
"TAF7L",3,5,0,2,1,1,2,1,5,5,5
"MCOLN3",910,922,690,615,351,1143,660,801,860,591,625
"SGSH",212,222,172,193,159,187,126,181,215,157,194
"KATNBL1",1680,1952,1331,1694,874,1736,1473,1369,2207,1633,1471
"PABPC1L2A",0,0,0,0,0,0,0,0,0,0,0
"TMEM184C",1325,1494,1503,1409,1042,1340,1682,1016,1484,1575,995
"MAGEA9B",0,0,0,0,0,0,0,0,0,0,0
"ENPP2",1,6,1,6,1,1,1,2,5,1,3
"ESRP2",4610,4828,4474,4668,4103,3267,4910,3331,4615,5599,3718
"NAIF1",372,382,408,407,441,346,430,291,447,488,324
"GALNTL6",0,0,0,0,0,0,2,1,1,0,0
"MECP2",3013,3646,4186,3728,3108,3160,3771,2712,3298,3813,2560
"CSNK1E",8009,8852,10121,8358,9286,8371,9804,8252,8636,9132,6848
"SYTL2",146,204,179,263,123,209,151,180,345,334,258
"SLC16A4",86,68,95,62,71,137,80,115,146,141,109
"OR10S1",2,0,0,0,0,3,1,0,0,0,0
"PET117",13,32,20,8,35,25,28,12,19,12,13
"NUBP2",1202,1395,1285,1420,1545,951,1192,998,1308,1360,868
"BATF",0,0,2,0,0,0,0,0,0,0,1
"BCL6",805,715,899,536,648,954,753,545,676,625,374
"UBE2Q1",2656,2848,2946,3214,2623,2269,3271,2228,3335,3714,2267
"DGCR8",1810,2314,1819,2197,1583,1588,2071,1405,2314,1976,1777
"FBXW7",1571,1933,1979,1930,1441,1702,1981,1510,2148,2225,1641
"PTCD1",150,138,115,151,118,115,121,112,168,154,95
"ARL15",121,135,191,109,126,169,164,127,150,148,87
"GPR156",11,13,10,15,11,10,14,12,7,6,9
"SLC29A1",3075,3342,2977,3797,3427,2816,3034,2333,3393,3224,2310
"KRTAP20-1",0,0,0,0,0,0,0,0,0,0,0
"ARHGAP29",16223,18347,19935,16857,13023,19391,20209,16066,20945,20138,15050
"MAPKAPK2",4089,4911,4949,5379,4561,3972,5193,3968,5398,6203,4053
"ARID3C",1,1,3,0,3,3,2,1,2,1,0
"C2orf76",113,121,86,100,54,92,83,97,148,95,99
"TCP11L2",157,151,250,87,111,295,182,181,145,190,101
"ETNPPL",2,3,2,0,1,1,3,2,1,4,1
"AC003102.1",0,0,0,0,0,0,0,0,0,0,0
"ADORA1",166,132,215,120,281,160,143,144,162,185,86
"LANCL2",1606,2294,1419,2342,1066,1280,1766,1139,1929,2020,1330
"PCDHGA11",1,3,1,2,2,4,5,3,5,5,3
"DNASE1",277,181,285,146,193,240,270,196,263,272,174
"GDF15",24,26,14,27,18,15,16,22,22,30,18
"PDE1B",0,0,0,0,0,0,0,0,0,0,0
"TBC1D3F",42,40,47,43,28,72,45,50,78,72,69
"SF3B14",2718,2868,2609,3115,1802,3166,2993,2530,4101,3543,2672
"SCOC",2000,2198,1614,1794,1141,2253,1549,1604,2157,1453,1268
"PKD2L2",1,0,0,0,0,0,1,1,0,0,0
"CADPS",0,0,0,0,0,0,0,0,0,0,0
"PGM1",3872,4212,5008,3630,3905,4094,5108,3800,4225,4337,2593
"OR1S1",0,0,0,0,0,0,0,0,0,0,0
"VLDLR",2,2,3,1,0,1,0,2,0,1,1
"AL450307.1",0,0,0,0,0,0,0,0,0,0,0
"SUGP2",4341,4113,4125,3274,2868,4179,4279,3418,4099,4101,3207
"ZNF226",336,275,267,214,140,262,282,257,264,247,212
"CERS6",1749,1911,2002,2133,1623,1905,2026,1595,2328,2086,1486
"C11orf73",995,1094,876,973,567,840,948,753,1161,1070,684
"RPA1",6522,7300,7683,7097,5843,6110,8427,5524,7744,9055,5205
"PLA2G4F",0,0,0,0,0,0,0,0,0,1,0
"FPGT",328,300,266,193,165,317,273,209,267,200,131
"TINAG",0,0,0,0,0,0,0,2,0,1,2
"RABGGTA",710,859,804,681,774,683,871,692,742,821,567
"MBNL2",1488,1285,1734,1116,1277,1681,1855,1274,1807,1987,1117
"OLR1",7,7,1,6,1,1,1,1,5,4,2
"KRT27",0,0,0,0,0,0,0,0,0,0,0
"HS3ST6",0,0,0,0,0,0,0,0,0,0,0
"TPSAB1",0,0,0,0,1,0,0,0,0,0,0
"EIF3D",5894,6673,7175,6974,6613,5254,8017,5194,7595,9139,5324
"CCT7",19581,21562,20925,22233,19757,16786,24765,14986,23503,28022,15512
"EDEM1",4813,5915,5895,6023,4760,5753,5710,5249,6845,6084,4753
"OR4K17",1,0,0,0,0,0,0,0,0,0,0
"C14orf142",381,381,284,315,161,343,279,268,374,267,222
"TMEM205",1352,1465,1340,1561,1587,1303,1338,1268,1571,1466,1110
"ARHGAP31",677,668,698,597,440,704,680,660,710,758,467
"FAM160B1",682,808,740,600,485,881,707,575,745,641,510
"RPS17L",0,0,0,0,0,0,0,0,0,0,0
"WDR62",1401,1494,1296,1469,1208,1091,1296,1111,1496,1426,1194
"DTX1",0,0,0,0,0,1,0,0,0,0,1
"DFFA",6108,6510,6711,6632,5331,6034,7175,4904,7478,8146,4998
"RNPEPL1",469,499,556,523,618,382,524,475,546,589,404
"MAP3K13",935,969,1117,1029,726,1056,1103,954,1222,1247,838
"ETFA",5086,5320,4890,5220,3867,5307,5273,4392,6531,5918,4147
"ZFYVE9",1524,1553,1740,1472,1114,1512,1870,1137,1638,1799,1091
"C6orf201",3,1,0,2,0,4,0,1,0,0,0
"AGTRAP",1901,2091,2016,1885,1911,1638,2052,1767,1936,2108,1232
"VCPKMT",417,419,324,373,241,369,328,299,424,354,318
"ZNF382",127,108,122,84,94,130,139,73,109,90,80
"FCRL3",0,0,0,0,0,0,0,0,0,0,0
"FERMT3",35,37,30,33,27,29,31,17,53,32,34
"UBE2I",5771,6653,6234,6805,5609,5574,6955,4969,6925,7302,4876
"ACR",0,0,0,0,0,2,0,0,3,1,1
"ZNF772",461,481,480,376,314,410,459,324,422,383,282
"IL7",64,62,60,43,31,68,94,66,55,69,39
"MAX",1930,1981,2159,2113,2054,1859,2318,1450,2173,2440,1471
"AGTPBP1",571,720,873,690,576,749,906,615,980,856,624
"TMEM187",90,44,115,53,91,81,89,116,74,94,41
"NOP9",3669,4032,4430,3925,3842,3271,4673,2836,4112,5394,2914
"SIRT4",11,1,6,2,1,3,11,3,3,6,4
"RNFT2",142,112,125,105,95,177,145,131,138,112,87
"SLC12A6",551,573,623,445,378,596,615,568,659,770,542
"PMM1",269,313,285,241,267,229,294,255,284,317,198
"FBXW8",455,511,644,432,544,535,656,472,534,569,369
"ALDH4A1",149,182,151,137,125,138,149,121,106,169,107
"CSAG1",0,0,0,0,0,1,1,0,0,2,0
"CYS1",0,1,2,2,3,2,1,4,5,4,3
"CTLA4",0,0,0,0,0,0,0,0,0,0,0
"OR10G3",0,0,0,0,0,0,0,0,0,0,0
"HCN3",669,565,621,483,597,716,556,536,723,588,552
"BTBD8",29,25,56,17,26,41,43,37,30,35,31
"AL117190.2",0,0,0,0,0,0,0,0,0,0,0
"UBALD1",1330,1503,1282,1326,1608,1001,1255,1092,1310,1317,1043
"PPP2R1B",1727,1835,1833,1783,1313,1499,1985,1404,1944,2072,1471
"PIN4",574,604,566,589,414,614,627,414,618,604,430
"SMPD2",344,356,312,356,313,259,352,246,375,394,294
"CHRNA2",0,0,0,0,0,0,0,0,0,0,0
"BCHE",0,0,0,0,0,0,0,0,0,0,0
"AC027307.3",25,30,12,27,19,22,15,13,24,15,12
"GDF1",0,0,0,0,0,0,0,0,0,0,0
"RP13-996F3.4",1,0,0,0,0,0,0,0,0,0,0
"NOTCH2NL",668,723,808,741,613,737,798,712,790,872,580
"CHRM3",266,275,348,380,327,440,277,231,439,243,213
"GNAI3",5624,6591,6228,6621,4985,6017,6871,4992,7677,7485,4881
"WDR65",15,23,28,18,14,30,20,32,16,27,15
"ZNF175",144,125,142,137,72,127,138,87,110,111,87
"IER3IP1",2410,2853,2011,2690,1616,2693,2281,2001,3091,2326,1867
"RAVER1",3464,4274,4166,4273,5259,2625,4142,2834,3431,4463,2425
"CYP2J2",30,28,29,35,23,26,28,12,27,55,20
"PPFIA1",4653,5163,5023,5305,4309,4609,5505,3772,5563,6200,3875
"SSBP2",177,123,168,118,149,185,162,149,176,145,114
"ZNF648",0,0,0,0,0,0,0,0,0,0,1
"SP4",506,597,536,466,383,464,568,313,474,401,261
"AC092687.4",0,0,0,0,0,0,0,0,0,0,0
"ANK1",124,93,138,119,128,99,112,93,109,119,80
"LOR",0,0,0,0,1,0,0,0,0,0,0
"GATAD1",1486,1890,1876,1711,1379,1672,1999,1404,1898,1773,1294
"REV3L",1422,1992,1783,1949,1015,1780,1734,1286,1776,1631,1340
"UBASH3B",2022,2614,2457,3243,2326,2012,3094,1735,3850,4413,2587
"CBWD1",1606,1654,1543,1612,1205,1701,1705,1294,1808,1704,1241
"PARP2",1401,1306,1593,1117,1054,1277,1597,1149,1538,1546,1061
"CYSLTR2",0,0,0,0,0,0,0,0,0,0,0
"WHAMM",896,920,959,884,721,880,1040,662,1017,969,721
"NTSR1",1678,1813,2127,1551,1907,1621,2242,1726,1645,1946,1245
"C1QBP",15999,18006,13943,17943,12211,13072,16178,11588,18255,16245,11211
"ZNF333",152,135,113,74,88,108,86,104,98,96,109
"OR14K1",0,0,0,1,0,0,0,0,0,0,0
"PGAM4",143,157,161,183,112,132,170,123,226,198,105
"XKR7",1,0,0,0,1,0,0,0,0,0,0
"KIAA2022",0,0,0,0,0,0,0,0,0,0,0
"IGF1R",2120,2621,2393,2920,2201,2435,2568,2046,3380,3587,2387
"WFDC6",4,0,1,0,0,0,0,2,0,1,1
"DEPDC5",598,652,719,558,572,609,655,564,621,716,447
"TAF4",1970,2154,2157,2122,2062,1704,2167,1493,2148,2349,1515
"CCDC33",47,79,57,48,31,52,48,58,52,81,52
"PSAP",7961,8351,8362,9019,7797,8488,8560,7726,11305,11809,7799
"CTB-167G5.5",0,0,0,0,0,0,0,0,0,0,0
"PCMTD1",1420,1336,1577,1043,1126,1881,1575,1186,1524,1386,1065
"BMPR1A",1244,1304,1092,1258,902,1414,1196,982,1569,1215,995
"TMX2",5174,6245,4880,6421,3983,5036,5409,4506,6670,5724,4417
"MAP1LC3B",3780,3773,3645,4041,3007,3806,4282,3408,5112,5217,3454
"DNAH14",857,1065,1095,971,702,960,1103,789,997,1017,761
"PLIN4",37,37,56,36,70,62,57,53,35,42,35
"IZUMO4",20,17,18,11,16,20,21,8,15,9,7
"IL18R1",18,28,31,32,17,20,34,25,31,57,24
"RP11-794P6.2",0,0,0,0,0,0,0,0,0,0,0
"C20orf78",0,0,0,0,0,0,0,0,0,0,0
"ELOVL5",6941,7064,7283,7802,6451,7792,7620,6463,10264,8304,6543
"PLCB2",97,139,149,212,253,85,137,125,186,184,179
"YAE1D1",289,326,253,265,170,316,226,218,343,264,209
"AP3D1",8679,10298,11314,10440,11084,8273,11405,7984,10648,12754,8342
"AC009802.1",0,0,0,0,0,0,0,0,0,0,0
"BSN",25,28,29,46,36,15,35,14,39,43,27
"CRADD",101,118,136,119,89,113,144,106,142,141,100
"INSRR",2,0,0,0,1,0,0,0,0,0,0
"FHIT",0,0,0,0,0,1,0,0,0,0,1
"GOLGA8J",0,0,0,0,0,0,1,0,0,0,0
"WSCD2",0,0,0,0,0,0,0,0,0,0,0
"THEMIS",0,0,0,0,0,0,0,0,0,0,0
"BRPF1",1808,2308,1945,2403,1825,1588,2061,1598,2221,2460,1764
"NIP7",6343,7930,6396,8318,5482,5287,7708,5037,7955,8162,5542
"SPRR2G",0,0,0,0,0,1,0,0,0,0,0
"AC106017.1",0,0,0,0,0,0,0,0,0,0,0
"TMPRSS15",0,0,0,0,0,0,0,0,0,0,0
"ZNF486",23,22,19,30,11,28,25,19,24,22,18
"KIAA0922",634,742,619,794,543,641,694,637,861,751,585
"OR7G2",0,0,0,0,0,0,0,0,0,0,0
"DMTF1",1270,1148,1159,1080,724,1265,1359,1055,1424,1438,1152
"CHCHD1",799,849,737,929,639,723,692,669,994,877,638
"CTD-2192J16.24",0,0,0,0,0,0,0,0,0,0,0
"STXBP2",1554,1790,1853,1651,1917,1610,1846,1541,2184,2505,1766
"RBKS",106,101,112,91,67,83,111,86,94,116,61
"COPB2",9651,10743,12212,11064,8560,11139,13343,9051,13539,15110,8944
"OR13J1",0,0,0,0,0,0,0,0,0,0,0
"CCND2",0,0,0,0,0,0,0,0,0,0,0
"ENTPD7",621,845,709,722,443,670,732,628,767,674,514
"ZNF225",95,83,98,66,44,124,103,77,93,62,48
"JMJD7",51,57,52,38,35,48,47,38,61,43,33
"GABPA",1672,1845,1780,1679,1473,1637,1830,1225,1868,1775,1106
"MLLT10",1464,1524,1548,1431,1164,1509,1589,1130,1657,1623,1095
"C16orf3",0,0,0,0,0,0,0,0,0,0,0
"FOXN1",0,0,0,0,0,0,0,0,1,4,1
"DOK7",8,19,1,25,6,17,10,14,32,35,28
"PSMD7",3761,3963,4157,4167,3312,3672,4227,3300,4453,4413,3282
"BARHL2",0,0,0,1,0,0,0,0,0,0,0
"KIF14",3694,3718,4058,3636,2340,3453,4074,2922,4109,3874,2862
"GJB3",3235,3848,3184,4674,3647,2892,3688,2759,4894,4948,3230
"DACT2",254,412,311,480,332,273,289,281,261,278,221
"FRRS1",547,525,594,551,366,713,610,612,764,667,571
"USP9Y",0,0,0,0,0,0,1,0,0,0,0
"PATE4",0,0,0,0,0,0,0,0,0,0,0
"GLTPD1",994,1099,1230,1360,1414,834,1187,961,1249,1315,899
"FZR1",1829,2069,1844,2111,1924,1439,1794,1462,2193,2216,1442
"FAM83A",1654,2145,2562,1945,2303,1863,2721,1902,2308,3446,1736
"DIO2",23,43,16,27,9,16,22,13,27,23,31
"ADAM33",0,0,0,0,0,0,0,0,0,1,0
"PRNT",0,0,0,0,0,0,0,0,0,0,0
"HSDL1",1365,1347,1505,1220,1235,1448,1528,1130,1530,1346,985
"NKIRAS1",464,527,503,542,419,473,568,347,654,674,453
"HOXC11",665,731,677,842,644,550,732,484,836,937,597
"IP6K1",1840,2124,2040,2050,1767,1564,2096,1429,1926,2122,1206
"PRPF4",5575,6056,5841,5993,4910,4761,6877,4253,6139,7203,4242
"KLF15",3,2,1,1,1,1,1,0,1,2,0
"SMOC2",0,1,0,0,0,1,0,0,0,1,0
"CFC1",0,0,0,0,0,0,0,0,0,0,0
"CYP4A22",0,0,1,0,1,1,0,3,2,0,1
"PGAP3",122,159,115,147,101,161,111,140,122,116,109
"PLAA",0,0,0,0,0,0,0,0,0,0,0
"BAHD1",1927,1861,2168,2067,2198,1628,2168,1550,2131,2478,1522
"SLC47A2",0,0,0,0,0,0,0,0,0,0,0
"KDELC1",347,351,325,255,187,283,357,245,322,239,145
"MTCH1",5390,6088,5842,6262,6234,4830,6300,4946,6666,7128,4649
"PRKCH",348,405,580,297,358,456,587,384,336,412,242
"LAMA5",8000,8126,7368,8098,8765,7248,7045,6685,8789,7964,6420
"CAV2",3183,3517,2998,2998,2843,2936,3098,2483,3750,2916,2524
"C1orf54",13,25,21,9,10,19,12,21,21,20,21
"PNLIPRP2",0,0,0,0,0,0,0,0,0,0,0
"FAM159B",0,0,0,0,0,0,0,0,0,0,0
"DEFB130",0,0,0,0,0,0,0,0,0,0,0
"CAMK2D",902,945,1259,783,973,1021,1088,852,848,898,573
"ITGB2",57,80,55,98,89,79,66,93,188,144,115
"PSMD6",4295,4824,4067,4882,3433,4152,4768,3659,5512,5350,3745
"NCBP2L",2,0,0,0,0,0,1,0,0,1,0
"TRERF1",902,824,1096,663,830,966,992,869,844,918,677
"ICK",1183,1280,1509,1007,957,1224,1423,1035,1167,1003,721
"CD244",0,0,0,0,0,0,0,0,0,0,0
"KIAA1432",2683,3177,3175,2995,2441,3196,3316,2498,3802,3532,2475
"NME1",1027,1096,760,1125,597,797,918,732,1119,985,726
"EPB41L4B",539,531,628,625,560,491,774,434,811,1119,570
"SASH1",433,487,631,312,391,564,540,454,337,349,260
"KCNE4",0,0,3,0,0,0,1,0,0,2,0
"CHMP6",394,537,344,503,427,330,431,338,494,494,339
"C19orf81",0,0,0,0,0,0,0,0,0,0,0
"SLITRK6",342,355,283,305,166,400,305,257,406,302,227
"TP73",0,0,1,3,1,0,1,0,1,1,0
"OR14A2",0,0,0,0,0,0,0,0,0,0,0
"ASCC1",1854,2246,2362,1906,1525,2058,2413,1956,2262,2436,1602
"HNRNPUL1",14161,16616,16726,17572,17287,12725,16495,12725,16673,17978,12814
"SIGMAR1",2306,2712,2741,3097,3061,2115,2591,2328,3043,2902,2252
"BBS4",156,169,138,176,99,174,166,172,177,143,139
"SIGLEC15",0,0,0,0,0,0,0,0,0,0,0
"OPN5",0,0,0,0,0,0,0,0,0,0,0
"SFT2D3",169,201,208,208,152,203,180,153,214,166,180
"AC090673.2",0,0,0,0,0,0,0,0,0,0,0
"GRK1",1,0,0,1,1,0,1,1,0,1,0
"RP11-362K2.2",0,0,0,0,0,0,0,0,0,0,0
"ACADL",10,10,19,4,6,8,5,15,9,9,4
"LRRC34",0,0,0,2,1,0,0,0,0,0,1
"ST20",73,71,69,53,29,82,76,42,67,44,58
"BRWD3",2255,2143,2761,1871,1862,2679,2812,1968,2557,2790,1832
"B4GALT5",4701,4672,4943,5191,4973,4708,4808,4100,6458,5863,4562
"NUDT11",0,0,0,0,0,0,0,0,0,0,0
"KRT23",3,9,2,21,7,8,7,8,37,66,36
"CXorf57",130,136,146,128,88,129,160,119,141,133,93
"ZNF843",1,0,0,0,0,0,0,0,0,0,1
"EVI5L",183,163,280,133,310,166,203,214,173,188,127
"PSMA6",4588,4854,3343,4853,2527,4433,3551,3647,5525,3871,3551
"HERC1",677,854,857,825,556,969,977,638,869,965,604
"SRD5A3",278,335,282,308,246,349,264,336,386,267,267
"PRSS50",1,0,0,0,1,0,0,0,0,1,0
"CSPP1",1006,1006,1084,1089,717,1100,1009,841,1224,1065,865
"LRRC2",1,0,0,0,0,0,0,0,0,0,0
"CREB3",693,734,603,740,554,561,698,507,838,878,554
"TXNRD3",420,422,445,396,319,514,397,513,466,334,379
"ZADH2",2974,2893,3444,2658,2546,2561,3373,2490,3229,3205,2188
"RNASE13",0,0,0,0,0,1,0,0,0,0,0
"SACS",1873,2386,1948,2490,1352,1753,2396,1276,2180,2031,1474
"RASGRP4",0,0,0,0,0,0,0,0,0,0,0
"AIM2",3,8,1,4,4,7,3,6,7,3,3
"RP11-248J23.6",1,1,0,2,1,0,1,1,1,1,0
"ARHGAP26",749,794,1083,872,818,908,1073,762,924,1060,589
"CCDC122",124,99,108,101,78,124,114,117,125,128,118
"RCN3",1,0,1,1,2,1,0,0,0,1,0
"FOXG1",883,940,983,819,1130,820,1038,704,960,1064,702
"LRRC3",12,9,8,10,18,3,6,10,17,16,15
"AMPD2",1725,1792,1811,1405,1777,1561,1872,1500,1482,1666,1236
"CGRRF1",290,351,160,331,90,290,183,262,363,163,194
"MSANTD3",1411,1694,1419,1710,1011,1361,1694,1302,1876,1728,1357
"KRTAP4-5",0,0,0,0,0,0,0,0,0,0,0
"WARS",4617,5120,5006,5522,4384,4509,5389,4134,6527,7140,4286
"TNRC6C",0,1,0,1,0,0,0,0,0,0,0
"RNF152",2,3,7,7,4,7,8,7,15,21,4
"KIAA0319",221,177,208,190,149,250,222,260,276,314,248
"FAM126A",1232,1265,1343,1312,1033,1248,1480,993,1858,1614,1251
"LRRC53",0,0,0,0,0,0,0,0,0,0,0
"IKZF4",327,417,381,381,286,335,358,295,338,368,305
"ZNF717",492,489,507,389,361,444,527,351,414,401,343
"UCHL3",1896,2080,1647,2221,1152,1712,1928,1598,2635,2301,1698
"SWI5",931,896,804,886,669,721,972,646,916,1024,639
"ADAM30",0,0,0,0,0,0,0,0,0,0,0
"AC003101.1",0,0,0,0,1,0,1,0,0,0,0
"USP27X",220,284,302,223,201,227,276,209,252,294,193
"SH3BP5",722,671,908,584,699,803,835,667,687,810,469
"KCND3",0,0,0,0,0,0,0,0,0,0,1
"OR51M1",0,0,0,0,0,0,0,0,0,0,0
"FAM65C",1,1,3,0,1,3,0,2,2,2,2
"FAM110C",563,572,687,421,403,642,743,544,597,607,356
"SRRM3",12,13,25,19,23,15,10,17,23,28,23
"LILRA6",0,0,0,0,0,0,0,0,0,0,1
"TTC23",237,214,311,182,190,204,281,237,187,292,169
"C5orf54",242,194,207,185,129,204,183,150,210,184,126
"AKAP17A",0,0,0,0,0,0,0,0,0,0,0
"POC5",385,409,412,456,270,396,443,291,481,444,320
"ZNF227",420,370,400,323,193,325,460,259,380,419,199
"FAM13A",743,734,925,701,605,867,839,693,825,776,571
"NUDT16L1",706,759,647,681,643,505,640,526,563,561,371
"INSIG2",522,519,487,497,425,686,548,516,779,564,488
"CHCHD6",343,369,387,315,405,353,409,366,373,321,233
"AC011294.3",4,4,2,8,1,5,5,5,7,9,3
"G6PC2",0,0,0,0,0,0,0,0,0,0,0
"PCDHB15",6,4,5,0,3,3,3,1,1,4,2
"CCDC114",18,16,21,9,14,25,21,30,14,20,13
"C1orf110",7,10,6,5,3,6,3,7,6,4,10
"ZNF491",0,0,0,0,0,0,0,0,0,0,0
"PQLC1",1180,1359,1288,1507,1671,916,1457,1010,1391,1478,786
"TNPO2",4864,5351,4420,5086,4222,3993,4817,3201,5229,5410,3801
"MUM1L1",1,3,4,2,2,4,4,1,15,9,3
"CSF1",538,578,576,540,510,593,466,560,502,420,386
"TIMM22",1340,1607,1458,1556,1337,1028,1536,1076,1583,1622,999
"SH3YL1",1237,1252,1513,1333,1414,1644,1629,1212,1774,1876,1309
"PHKA2",1981,2156,1942,1874,1395,2037,2110,1676,2218,1923,1596
"CTNNA3",3,4,0,1,3,2,0,4,7,2,2
"ZNF793",350,263,270,175,150,308,283,201,198,238,174
"TP63",122,117,144,69,96,170,103,111,89,101,63
"TTC24",0,0,0,0,0,0,0,0,0,0,0
"LGI2",2,2,0,3,2,0,0,0,1,3,0
"AC017081.1",0,0,2,0,0,1,0,0,0,1,0
"ARHGEF1",2914,3479,3296,3548,3346,2476,3595,2728,3391,4268,2909
"PLD2",526,573,604,608,539,534,536,562,612,638,552
"TMEM214",2090,2367,2282,2247,2189,2037,2339,1863,2563,2737,1737
"PSMB5",3946,4170,3740,4335,3410,3142,4207,3021,4229,4533,2792
"ZNF529",452,460,466,351,283,390,414,339,428,396,314
"GRIA3",0,0,0,0,0,0,1,0,0,0,0
"TMEM57",1910,2067,1665,2096,1277,1994,1805,1618,2294,1956,1581
"TUBB2B",1,2,10,5,9,8,2,4,12,28,15
"DDIT4L",0,1,2,5,3,3,1,3,3,0,0
"APOF",0,0,0,0,0,0,0,0,0,0,0
"PNKP",1132,1157,1009,1067,894,974,1028,924,1226,1152,1014
"UQCR10",1552,1580,1145,1515,826,1409,1298,1210,1729,1457,1074
"WASF1",1100,1121,1221,1081,1092,1015,1215,713,1222,1180,739
"BEX2",22,36,26,22,26,54,30,40,24,35,20
"C15orf60",0,0,0,0,0,0,0,0,0,0,0
"LAMP3",26,40,32,44,37,30,55,32,42,54,29
"ARRDC3",1106,952,1084,982,819,1061,882,938,1183,928,766
"BIRC3",1220,1094,1069,1758,998,1386,1403,853,2441,2156,1413
"IL36RN",2,7,2,10,4,3,6,5,13,22,9
"CMTM4",4655,4580,5670,4761,4580,4721,5261,3997,4935,5117,3581
"GPR155",79,88,130,110,92,77,105,101,127,95,72
"IL10",0,0,0,0,0,0,0,0,0,0,0
"NAA20",3963,4249,3730,4246,2901,3824,4215,3444,4488,4342,3153
"RAD50",6304,7612,8747,8262,5668,7205,8856,5906,7840,9133,5957
"CYP1B1",8548,9947,9767,9773,9100,12864,9121,9637,12796,10469,8233
"VCY",0,0,0,0,0,0,0,0,0,0,0
"VCP",8948,10269,9956,10093,7861,8235,10925,7475,11248,12778,7299
"CCKBR",0,0,0,0,0,0,0,0,0,0,0
"RBBP7",9656,10509,10902,10204,8037,10273,11545,8336,11740,12108,7668
"DUSP13",0,3,0,0,1,0,1,1,4,0,2
"CDH16",16,29,11,27,10,14,21,9,42,55,31
"BAIAP2L2",12,12,19,11,33,16,20,19,19,28,30
"TTC39C",1168,1360,1229,1263,909,1331,1320,948,1401,1374,868
"BANK1",2,10,0,2,0,2,3,0,3,0,3
"RAB44",0,0,1,1,0,0,0,0,0,0,0
"RBM12B",1990,1786,1880,1577,1234,1914,2010,1367,2010,1634,1407
"FSD1",241,300,241,347,298,218,254,212,374,368,219
"CHD8",6076,6897,6302,6898,4315,6449,6994,4779,7136,7366,4874
"SCAMP4",967,1399,1139,1630,1397,996,1200,964,1536,1434,948
"OR10T2",0,0,0,0,0,0,0,0,0,0,0
"YBEY",170,188,162,165,110,160,181,147,192,194,112
"FAM21D",0,0,0,0,0,0,0,0,0,0,0
"AOX1",308,334,325,303,218,275,405,275,426,434,297
"ARMCX6",76,74,72,73,63,82,87,54,91,90,67
"CTD-2368P22.1",212,127,149,99,78,129,172,136,102,154,133
"RP11-298I3.5",0,0,0,0,0,0,0,0,0,0,0
"NDUFB9",4832,5371,2452,5490,2169,4040,2805,3433,5462,3145,3395
"SRL",0,0,2,0,0,0,1,0,0,1,0
"UBA1",20433,22178,22985,22140,19290,18209,25646,15777,23969,29521,15960
"CD274",118,138,82,156,96,112,156,121,267,209,197
"KCTD21",231,222,244,205,159,218,256,154,258,244,151
"CALHM1",0,0,0,0,0,1,0,0,0,0,0
"ZMYM3",1746,1973,2615,1711,2083,2116,2130,1856,1710,1864,1288
"GAREM",817,663,1072,648,833,907,1026,694,1002,989,609
"FAM166B",7,6,5,4,3,7,12,2,7,6,7
"PPP2R5A",1401,1344,1742,1368,1239,1366,1698,1304,1731,1972,1183
"NELFE",3194,3688,3303,3532,2414,2897,3641,2890,3284,3572,2450
"ABT1",1743,2125,1689,2285,1426,1505,1972,1570,2258,2291,1619
"STRADA",384,352,340,281,231,294,382,381,364,447,272
"COBL",1504,1616,1929,1735,1626,1526,1960,1233,1688,2151,1256
"KIAA0101",1429,1610,1009,1614,915,1198,996,959,1513,1065,1051
"PHF14",2696,3180,3118,3396,2300,2397,3393,2080,2953,3344,2383
"RNASEH2C",1113,1223,966,1077,859,868,1100,792,1109,1198,773
"MED1",3791,4585,4800,4675,3508,3862,5077,3213,4478,5235,3268
"NDUFA11",146,188,115,125,129,115,137,167,149,116,167
"PLN",0,0,0,0,0,0,0,0,0,0,0
"ADRA2A",0,0,0,0,0,0,0,0,0,0,0
"RAE1",2512,2868,2536,3018,1993,2216,3058,1981,3192,3350,2085
"ZNF256",218,218,216,185,125,190,243,236,197,222,223
"RNF10",4476,5075,5799,5363,5143,4719,6030,4526,5600,6760,4023
"ACOT9",2006,2320,1878,2668,1381,2065,2233,1835,3205,2942,2311
"BMP8A",0,1,1,1,2,2,0,2,4,5,2
"FOSL1",4852,4659,5159,5083,6201,3180,6639,4418,6205,8304,5402
"CUL9",972,894,986,736,770,916,1006,743,919,959,670
"EXOC1",586,670,752,630,480,640,789,520,769,886,507
"ZNF211",228,188,233,151,127,193,216,159,183,191,153
"CEP135",447,548,432,445,253,440,445,333,472,522,395
"GPRC5D",0,0,0,1,0,0,0,0,0,0,0
"NPR2",113,116,92,130,81,112,106,83,166,144,111
"ODF3B",67,62,69,93,80,54,64,68,83,102,95
"DNAH7",9,7,7,8,1,5,4,4,6,3,4
"TBC1D15",1479,1687,1364,1538,1011,1607,1533,1277,1771,1614,1175
"VAMP1",217,198,153,146,126,169,164,162,169,141,161
"OR51I1",0,0,0,0,0,0,0,0,0,0,0
"SCO1",2982,3459,3336,3776,2748,2782,3468,2569,3442,3527,2333
"ARHGEF18",1071,1332,1258,1228,940,830,1469,865,1094,1608,824
"IKBKE",311,374,356,353,271,338,383,327,452,534,362
"UBXN2A",1076,1365,1205,1294,868,1258,1392,1002,1426,1281,913
"PCYT2",3093,3655,4732,3677,4521,3275,4416,3539,3885,4293,2777
"CFTR",0,0,0,0,0,0,0,2,0,3,0
"FGR",0,1,4,0,2,0,0,1,3,0,1
"SLC52A3",7,6,4,5,7,8,12,10,11,12,12
"SPHK1",1185,1247,1143,1787,1706,784,1322,791,1674,2084,1056
"MAP2K7",2395,2737,2580,2832,2781,1898,2649,1956,2385,2775,1981
"SYT16",6,3,1,7,0,6,5,1,5,14,6
"TTLL8",0,0,0,0,0,0,0,0,0,0,0
"UNC13D",840,884,805,1395,1496,605,951,706,1702,2129,1324
"GLDC",99,114,110,87,73,100,156,82,92,107,72
"PPAT",1096,1336,1331,1539,1155,1224,1537,943,1513,1727,1016
"ALG6",463,522,540,486,408,442,472,364,559,470,314
"DTD2",480,554,517,492,399,527,564,510,523,455,356
"PANX2",72,71,76,70,92,54,98,94,81,140,85
"P2RX4",146,177,171,217,189,209,165,175,305,290,191
"CXorf40B",882,1012,854,1126,825,739,910,769,1170,1138,790
"NDUFAF2",1263,1360,1274,1601,1262,1164,1300,1152,1467,1394,1117
"SLC37A4",1047,1157,963,960,857,860,849,1081,962,744,797
"FAM155B",135,95,149,174,183,74,174,93,176,218,114
"RPS14",16104,18184,10260,17095,8184,14845,12633,12858,17985,13001,12303
"TMLHE",845,875,1087,875,651,949,1138,801,1007,1156,640
"ISG20L2",3459,3510,3535,3922,3279,2570,4127,2598,3807,4579,3122
"C16orf87",440,452,604,458,523,520,533,389,551,541,333
"KIF5A",24,22,26,31,23,40,19,19,21,27,22
"TNFSF12",13,18,25,11,19,29,22,27,7,17,7
"TMEM208",1728,1984,1239,1928,1355,1241,1500,1273,1916,1888,1257
"IZUMO3",0,0,0,0,0,0,0,0,0,0,0
"EGLN2",1192,1332,1145,1520,1565,1015,1309,951,1445,1545,862
"DTD1",1823,2135,2091,1979,1752,1904,2089,1819,2081,1887,1419
"PCLO",977,1122,1448,994,627,1259,1306,848,760,1051,708
"ZNF565",58,55,52,46,41,52,42,43,66,73,58
"ANKRD36",234,241,249,179,112,296,206,227,297,212,260
"ZNF263",1268,1360,1263,1416,1059,1166,1430,1055,1493,1461,1065
"LRRC48",6,0,4,6,0,2,3,2,6,1,3
"C10orf131",6,6,8,7,5,6,4,3,8,8,9
"LAMB4",0,0,2,0,0,1,1,1,1,0,1
"PRB3",1,2,0,1,0,1,3,1,1,1,0
"NCAPD3",2198,2669,2761,2630,2027,2425,2807,1968,2842,3019,1908
"CCDC9",661,706,756,787,765,555,749,552,675,880,642
"OR8B4",0,0,0,0,0,0,0,0,0,0,0
"DHDDS",1092,1200,1079,905,639,883,1230,918,951,1093,742
"YPEL1",0,2,3,2,3,1,6,1,5,5,1
"SYNPO",13,21,27,39,53,27,31,30,52,69,43
"RP4-539M6.19",0,0,0,0,0,0,0,0,0,0,0
"TXNDC8",0,0,0,0,0,1,2,0,0,0,0
"CYB5D2",366,448,397,394,349,462,413,422,486,349,264
"TGFBI",4388,4964,3043,7006,3868,2719,4137,2518,6768,7430,4569
"ZNF512",613,503,600,483,462,481,686,433,471,668,407
"LRRC38",0,0,0,0,0,0,0,0,0,0,0
"SPATA18",1,0,1,0,2,6,1,2,1,1,0
"MX2",1,0,0,0,0,1,0,0,0,0,0
"SETD5",7636,8549,8868,8601,6508,8572,8602,6677,9232,9576,6953
"PPP1CC",8270,9219,9211,9477,6652,8432,9674,7007,10611,10196,6767
"MGST1",20486,21853,18066,20081,13026,22508,20231,17995,25239,19824,16349
"SMARCE1",3596,4406,4128,4142,3033,3574,4554,3226,3812,4097,3012
"GSN",1295,1234,1978,1468,1960,1545,2172,1614,2592,4447,1965
"RDH10",1549,1306,1477,1256,1311,1306,1683,1192,1672,1774,1070
"DOCK6",653,660,970,603,877,803,829,691,740,888,561
"TCTN2",416,445,397,379,284,420,393,413,378,309,307
"KCNA6",0,0,0,0,0,0,0,0,0,0,0
"CCL1",0,0,0,0,0,0,0,0,0,0,0
"LBX2",159,181,182,183,203,150,195,155,275,286,164
"TMEM168",795,1070,820,886,520,910,852,695,847,706,546
"CYLC2",0,0,0,0,0,0,0,0,0,0,0
"OSGEPL1",219,218,325,149,169,293,293,251,232,199,158
"JAK2",86,80,90,93,44,77,106,75,97,118,65
"ADIG",0,0,0,0,0,0,0,0,0,0,0
"RAD51D",241,288,303,310,287,211,285,248,322,401,277
"PGAP1",321,259,325,205,200,368,298,230,238,186,163
"LYPLAL1",667,718,671,653,451,754,630,656,737,454,453
"CLRN2",0,0,0,0,0,0,0,0,0,0,0
"MNS1",391,379,469,456,335,390,459,289,318,361,251
"DIAPH2",746,935,1057,916,733,1071,1086,852,1071,1209,746
"MTRNR2L8",486,550,350,544,127,576,425,426,941,377,522
"TTBK1",0,0,1,0,0,0,0,0,0,0,0
"FGFR2",80,91,76,89,72,71,95,50,75,76,51
"AC011308.1",2,0,0,0,0,0,0,0,0,0,0
"NDUFV1",4606,4289,4671,3802,4083,4077,4710,3788,4381,4461,3265
"AC092964.1",0,0,2,0,0,0,0,0,0,0,0
"KCNS2",0,0,0,0,0,0,0,0,0,0,0
"TMEM210",1,0,0,0,0,0,0,0,0,0,1
"CYP21A2",1,0,0,0,1,0,1,0,1,0,0
"EBP",6858,7653,7970,8159,8555,7971,8154,7844,10812,9217,6889
"SLAIN2",1034,1153,1305,1228,1149,1033,1297,844,1362,1607,962
"C16orf91",555,568,541,663,482,367,516,391,608,609,409
"ITFG2",691,795,496,625,463,562,582,449,708,708,512
"ZMYND19",2450,2902,2469,2825,2822,1948,2941,1899,2805,2909,1721
"MTOR",6461,7496,8093,7095,5751,6142,8461,4990,7087,8787,4877
"ERCC1",769,793,831,785,758,684,928,587,750,953,576
"NKX3-2",4,1,1,0,5,2,6,2,3,2,1
"FAM73B",1291,1313,1071,1111,929,943,1092,937,1051,1040,843
"PQLC2",854,1082,879,1129,902,904,931,836,1155,1183,817
"GRSF1",8531,9927,9791,10754,8030,8313,11235,7289,11229,12032,7562
"MRPL53",887,928,724,953,700,768,840,634,1088,1142,655
"SRP68",3483,3748,3862,3570,3153,3129,4385,2782,4039,4576,2636
"NIPAL2",895,998,1017,750,653,1049,996,889,1071,905,686
"ATF6B",2464,2653,2597,2168,2250,2391,2511,2369,2298,2465,2097
"UBFD1",6606,6615,7806,6284,6154,5939,8063,5019,6312,7595,4254
"CLEC1A",0,0,0,0,0,1,0,0,0,0,0
"PTCRA",0,0,0,0,0,0,0,0,0,0,0
"ZFAND2A",329,289,218,338,154,249,287,216,450,315,273
"UBA5",1491,1716,1526,1653,1295,1433,1799,1115,1886,1900,1273
"CALB2",735,812,1135,1226,1349,1133,1113,1127,1547,1584,1049
"KIAA1551",876,844,906,874,475,1095,978,752,1023,941,704
"SNAI3",4,5,8,5,15,5,8,9,11,9,7
"KAAG1",0,0,0,0,0,0,0,0,0,0,0
"RP11-89N17.1",0,0,0,0,0,0,0,0,0,0,0
"BEST4",13,13,8,25,19,15,12,12,31,23,20
"NRXN1",0,0,3,0,0,0,1,0,0,0,0
"CLMN",230,307,435,303,339,334,414,370,355,394,306
"AL160175.1",0,0,0,0,0,0,0,0,1,0,0
"APBB1IP",0,0,0,0,0,0,0,1,0,0,1
"DEPDC1",2533,2504,2048,2249,1424,2267,2091,1676,2610,2113,1633
"MCM10",2475,2819,2607,2918,2075,2202,3039,1758,2903,3274,2003
"RAI14",1267,1524,1736,1663,1311,1270,1843,1234,1626,2073,1278
"TPST1",589,529,605,677,480,627,608,658,880,804,627
"CLDN24",0,0,0,0,0,0,0,0,0,0,0
"CAB39",3462,3587,3469,3719,2950,3300,4137,2660,4438,4269,2889
"SPATA31A1",0,0,0,0,0,0,0,0,0,0,0
"ELOF1",1719,1907,1617,2099,1922,1265,1726,1217,1776,1894,1344
"CASP4",1250,1512,1359,1302,782,1519,1691,1264,1701,1858,1283
"C15ORF31",0,0,0,0,0,0,0,0,0,0,1
"XPO7",5402,5963,6311,6108,4918,5248,6816,4433,6318,7424,4269
"ERMAP",293,343,216,286,170,192,267,237,295,288,243
"C1orf185",0,0,0,0,0,0,0,0,0,0,0
"KRTAP2-4",0,0,0,0,0,0,0,0,0,0,0
"SLC4A11",477,433,445,498,572,493,398,437,549,593,462
"TSC22D2",1195,1547,1217,1688,1479,1097,1304,929,1761,1827,1135
"ARHGAP24",62,72,105,48,35,77,115,67,45,73,48
"C12orf71",0,0,0,0,0,0,0,0,0,0,0
"POLR2A",11328,12883,11994,13871,13123,9171,13258,7888,12193,15197,10167
"CPM",133,148,175,124,91,136,151,116,116,119,63
"PCDHGB4",2,0,1,0,0,0,1,0,0,1,0
"LYRM9",9,14,12,5,10,5,4,24,11,11,8
"CASC10",378,339,355,354,341,274,394,232,343,367,214
"GPATCH11",661,658,696,609,417,573,838,598,690,737,493
"MYLK",22,23,35,38,15,40,29,33,38,27,33
"XPO4",3070,3604,3616,3585,2590,3056,3870,2306,3691,3754,2549
"CLLU1",0,0,0,0,0,0,0,0,0,0,0
"HIBCH",709,732,804,588,478,763,843,552,630,666,389
"PARP3",258,337,335,341,322,327,323,259,461,477,365
"EFNB3",17,30,34,30,40,45,28,28,21,31,15
"GLG1",3731,3853,3488,3697,2623,3580,3839,2935,4114,3881,2908
"PIF1",916,736,571,580,515,634,544,509,800,499,656
"NIPA2",5713,6608,5938,6955,4929,5679,6517,4974,7938,7004,5197
"PHF17",1386,1364,1441,1210,1075,1286,1427,996,1219,1162,773
"CCDC70",0,0,0,0,0,0,1,0,0,0,0
"C1orf43",5941,6491,5990,6836,4826,5668,6563,5131,7600,7159,4623
"HN1",3248,3776,3189,4636,2877,2925,3716,2785,4747,4829,3259
"LACRT",0,0,0,0,0,0,0,0,0,0,0
"P2RY8",0,0,0,0,0,0,0,0,0,0,0
"TNPO3",3589,4154,4361,4344,3434,3360,4945,2972,4573,5759,3286
"TIAL1",4080,4326,4024,4438,2981,4254,4439,3505,5270,4664,3702
"SERPINB12",1,3,4,4,1,1,1,0,0,2,1
"ZNF853",0,0,1,1,2,0,0,1,0,0,2
"EID3",7,6,3,7,0,3,5,3,4,0,5
"LEAP2",97,55,58,49,23,53,64,47,93,38,45
"AOC3",36,42,55,63,40,35,36,42,58,62,60
"IRGQ",1276,1123,1295,897,911,1052,1291,864,1117,1327,964
"CCDC96",15,17,9,19,14,17,13,10,16,18,9
"SLC25A27",188,110,137,46,54,201,136,129,69,62,53
"RLBP1",3,0,3,2,1,2,4,1,5,1,1
"PPIP5K1",1225,1315,1518,1342,1182,1247,1599,1055,1473,1934,1028
"DRGX",0,5,3,4,1,0,1,2,9,3,5
"CLNS1A",4541,5164,5531,5644,4104,4337,5747,3881,5734,5935,3770
"ALPP",4699,4991,3133,7782,4743,2853,3621,2941,7255,8759,5534
"SCML1",1189,1285,1280,1207,1071,1480,1314,1086,1572,1266,1179
"CD47",2454,2778,2323,2405,1850,2788,2402,2341,3211,2253,2035
"SLC6A4",0,1,2,0,2,2,0,1,2,2,2
"ACO2",3078,3523,3807,3387,3240,3289,3797,3118,3914,4346,2521
"PRUNE2",853,1031,1737,1044,987,1705,1426,1515,1535,1314,1143
"RBMY1E",0,0,0,0,0,0,0,0,0,0,0
"MAATS1",4,17,6,6,5,5,11,17,5,4,3
"UBASH3A",0,2,4,3,3,2,1,2,4,1,1
"STX3",1433,1590,1324,1610,1080,1528,1590,1097,2202,2172,1362
"C17orf49",2,1,0,0,2,1,1,2,0,2,3
"NRG1",106,138,103,217,118,66,125,63,200,217,156
"CXCR4",74,46,59,54,66,67,33,25,90,38,30
"RP11-872D17.8",0,0,0,0,0,0,0,0,0,0,0
"PLEKHA8",1099,1087,1414,892,835,1245,1375,867,1138,1293,739
"ATP11B",3388,3714,3712,3566,2603,3863,3870,3219,4384,3857,3023
"FAM101A",5,9,9,30,21,9,21,12,21,31,29
"RPS3",41542,46055,35113,48935,29750,39183,38885,35307,50757,43911,32970
"SCGB2A2",0,0,0,0,0,0,0,0,0,0,0
"FAM78B",11,8,4,3,6,8,5,3,5,5,5
"TXNDC11",1138,1381,1194,1454,1189,934,1400,1021,1734,1606,1045
"C1QL2",0,0,0,0,0,0,0,0,0,0,0
"EPHX3",3,7,2,2,3,6,10,5,3,7,7
"KAT7",2475,2749,2793,2907,2253,2191,3014,2009,2611,3317,2037
"CCDC142",388,376,296,227,226,277,365,236,327,294,247
"APEX1",6495,7221,6985,7446,6396,5546,7440,4837,6948,8068,4896
"DDX21",23952,29930,29525,33725,22859,22764,32608,20015,31420,35613,23674
"HHIPL2",32,32,22,29,22,25,16,26,43,93,51
"TBCEL",360,289,335,293,253,356,329,231,415,484,284
"CCDC22",727,829,815,724,793,573,875,620,695,899,438
"MAPK12",716,717,723,724,627,583,663,525,671,615,493
"USP48",3277,3574,4027,3590,2784,3900,4342,2975,4178,4831,2920
"SHQ1",875,914,873,839,601,728,957,540,864,940,515
"ZNF140",370,424,343,355,144,325,385,316,406,335,333
"SLC25A12",454,430,512,411,324,471,523,428,502,501,317
"JAM2",9,8,8,5,8,13,8,9,7,7,4
"NDE1",1690,1627,1896,1669,1722,1446,1794,1408,1756,1862,1364
"VHLL",0,0,0,0,0,0,0,0,0,0,0
"BNIPL",17,7,7,5,7,11,3,5,7,5,8
"HHIP",1,0,0,1,1,0,0,0,1,1,0
"TDRD15",0,0,0,0,0,0,0,0,0,0,0
"NUDT14",95,131,107,138,155,98,103,101,160,174,117
"UMPS",1657,1809,1783,1994,1596,1320,2163,1202,2051,2291,1472
"BTG3",949,1106,919,1409,792,966,1065,923,1581,1308,1093
"KIT",0,0,0,0,0,0,0,0,0,0,0
"TTPAL",2315,2433,2521,2302,1944,1942,2766,1646,2654,3078,1755
"TERF1",1575,1632,1567,1613,1244,1464,1690,1297,1574,1639,1171
"GEMIN6",1278,1268,1034,1099,847,1014,1162,862,1205,1075,839
"FAM199X",2765,3080,3281,2675,2540,3053,3194,2271,3186,3077,2040
"TNRC6B",2204,2350,2394,2529,1834,2522,2436,1729,2605,2664,1719
"VHL",3786,4024,4106,3532,3715,3964,4267,3030,4144,4323,2853
"C19orf40",305,345,319,352,270,239,339,294,332,357,231
"HLA-A",2015,2268,1881,2086,1748,1891,2020,1986,1861,2066,1450
"STRC",4,5,3,3,1,4,0,5,4,6,3
"UGT2B10",0,0,0,0,0,0,0,0,0,1,0
"CACNG2",0,0,0,0,0,0,0,0,0,0,0
"PLA2G4D",14,17,13,21,17,9,17,16,14,28,15
"HSFY1",0,0,0,0,0,0,0,0,0,0,0
"ACY1",54,41,52,46,61,34,50,47,69,61,40
"MKS1",416,409,431,308,333,303,419,339,351,320,233
"TRPV5",0,0,0,0,0,0,0,0,0,0,0
"CLSTN2",66,54,30,92,54,36,41,29,67,91,38
"ACE",30,21,28,30,45,20,16,38,63,63,49
"ST3GAL5",113,60,142,55,85,169,83,170,62,39,41
"ZNF812",0,0,0,0,0,0,0,0,0,0,0
"CARD8",343,248,346,189,221,335,357,223,277,254,192
"GSTP1",13352,14782,13759,14500,14676,12439,14924,11719,15074,17639,10489
"TXNDC9",1268,1503,912,1484,629,1318,1012,994,1714,1083,1109
"GYLTL1B",530,567,754,727,1129,562,701,612,933,948,724
"RP11-20I23.1",0,0,0,0,0,0,0,0,0,0,0
"RGS14",173,168,205,167,242,176,235,180,185,219,135
"CEP41",957,1063,1042,894,742,878,1052,868,979,977,671
"KDM5B",2842,2600,3312,2630,2456,3195,3363,2398,3739,4121,2295
"ZCCHC6",1964,1931,2397,1985,1636,2098,2541,1722,2396,3027,1992
"KCNG4",0,0,0,0,0,0,0,0,0,0,0
"HOXA4",5,0,3,2,0,1,0,2,1,2,1
"ZCCHC24",391,363,505,311,370,416,446,330,285,332,209
"MYL12B",11911,13008,9911,13929,8151,12137,10740,10911,16034,12363,11186
"VAMP2",1391,1646,1680,1526,1623,1355,1591,1547,1262,1442,1367
"FAM219B",1431,1304,1335,1039,867,1370,1351,1169,1535,1390,1110
"LPHN1",854,916,1365,1614,2304,1078,1106,898,1955,2033,1455
"FAM71A",0,0,0,0,0,0,0,0,0,0,0
"ATPAF2",348,369,381,412,349,289,354,259,350,383,257
"RANBP6",2065,1953,2132,1657,1203,2306,2167,1682,2301,2012,1493
"HIST1H2BL",15,22,20,34,13,5,17,11,23,20,14
"SEL1L",2240,2386,2004,2302,1464,2213,2162,1910,2656,2193,1873
"MAT2B",2291,2446,1908,2122,1428,2065,2173,1683,2404,2099,1482
"KRT7",55275,69526,63501,52794,57173,44098,69726,48568,52812,70113,42451
"FAM133B",1193,1540,1311,1777,884,1253,1376,1083,1524,1497,1384
"DAK",1133,1218,1493,1021,1315,1163,1347,1179,1023,1003,781
"MUC6",5,6,12,5,2,20,6,13,1,1,1
"LDHA",28826,32975,34086,36404,30904,31622,36048,25917,42639,39209,26225
"HES6",79,98,120,123,178,83,97,104,122,109,70
"SLC37A1",255,245,363,261,299,277,296,321,320,487,276
"NXF3",0,0,0,0,1,0,0,1,0,0,0
"DPYD",899,968,1297,830,774,1215,1178,833,888,758,457
"WNT10A",120,129,101,45,67,115,101,122,77,69,48
"NPIPA5",3,1,2,4,5,13,4,2,4,2,5
"RBM4",1138,1160,1029,1047,1020,1066,1122,911,1168,1265,879
"SCG5",114,126,77,184,74,116,156,79,181,170,97
"IRF3",3175,3185,2824,3546,2580,2503,3445,2336,3499,4093,2976
"KIAA2018",1359,1680,1795,1540,1165,1570,1714,1217,1622,1707,1184
"SHOC2",1132,1415,1332,1395,1011,1329,1411,1047,1709,1610,1083
"C7orf41",583,530,653,453,458,536,646,461,493,530,355
"IL23R",0,0,0,0,0,0,0,0,0,0,0
"HCFC2",194,188,152,144,100,171,173,101,158,173,87
"PNISR",5279,5021,4975,4643,2938,5129,4958,4187,4784,4714,4864
"FANCM",956,906,923,874,576,1012,1043,609,1163,976,690
"DYNC1LI1",2164,2654,2435,2812,1920,1958,2816,1804,2871,3070,1956
"PDILT",0,0,0,0,0,0,0,0,0,0,0
"PET112",1359,1510,1562,1421,1186,1113,1590,1095,1390,1605,945
"NR2C1",841,912,902,740,585,1004,930,732,1102,921,798
"ANKRD37",97,106,113,162,123,102,117,112,209,182,108
"PIK3C3",2401,2371,2825,2515,2078,2566,3133,2082,3070,3383,2016
"CDK2AP1",3311,3754,3235,3487,3167,2909,3594,2471,3528,3161,2149
"LELP1",0,0,0,0,0,0,0,0,0,0,0
"CD300A",0,0,0,0,0,0,0,0,0,0,0
"CD5",0,0,0,0,0,0,0,0,1,0,0
"MTRNR2L4",1,2,0,0,0,0,0,1,0,1,0
"OR52N4",0,0,0,0,0,0,0,0,0,0,0
"GNB1",10800,12305,12575,12785,12002,11019,13744,9924,14684,15110,9533
"RBMS2",2401,2538,2557,2610,2041,2366,3176,2060,2988,3511,2222
"AC073657.1",0,0,0,0,0,0,0,0,0,0,0
"PTPRK",3673,3829,3251,4406,2716,3932,3562,3220,5156,4720,3750
"SPCS2",2440,2734,2040,2633,1691,2464,2358,1847,2963,2531,1787
"SCXB",0,0,0,0,0,0,0,1,0,0,0
"HIGD2A",1312,1633,1395,1392,1239,1197,1426,1077,1538,1563,997
"OR10G4",0,0,0,0,0,0,0,0,0,0,0
"AC114783.1",0,0,0,0,0,0,0,0,0,0,0
"NT5E",2394,2634,3034,2630,2320,3667,3770,3185,4422,3416,2860
"CPXCR1",0,0,0,0,0,0,0,0,0,0,0
"HDAC2",8881,10433,11141,12373,9388,9353,11925,7806,12652,13620,8665
"OR10G7",0,0,0,0,0,0,0,0,0,0,0
"GPR68",0,0,0,0,0,0,0,0,0,1,3
"ACBD3",3817,4126,4526,3924,3946,3893,4880,3163,4480,5242,3389
"ILF3",23871,28321,26783,27413,23691,21359,28367,19337,26442,29850,20052
"C7orf10",66,61,72,47,61,73,77,59,80,72,46
"NKX2-5",0,0,0,0,0,0,0,0,0,0,0
"MDM4",1291,1326,1025,1076,712,1334,1040,917,1233,1005,1041
"C6orf223",782,935,2222,1254,2509,1527,1658,2008,1814,2128,1595
"HCRTR2",0,1,2,0,1,1,0,2,1,0,1
"MAP4K3",1452,1717,1449,1507,1073,1568,1500,1226,1845,1620,1237
"SV2A",7,2,2,2,2,6,2,4,3,2,7
"DSG4",1,1,1,2,0,0,0,0,3,18,9
"KCNQ5",795,875,771,990,667,712,881,598,1039,908,745
"EFCAB4B",0,0,0,0,0,0,0,0,0,0,0
"YEATS4",706,897,581,1002,454,721,571,660,1010,597,644
"ENAH",15090,16888,17027,18133,15050,14769,17559,11669,16910,18026,12871
"ETF1",11568,13296,12109,13678,8857,11006,14180,9106,15001,15362,9833
"LEPROT",1453,1665,1417,1467,1027,1555,1435,1428,1963,1469,1374
"RCOR2",107,106,161,152,218,117,134,132,131,188,111
"LDHB",48371,50348,52864,50596,45258,45924,59201,39560,55065,55927,37295
"AC022819.2",0,0,0,0,0,0,0,0,0,0,0
"PDCD7",1789,1670,1876,1584,1618,1570,1950,1384,1657,1937,1215
"TNFRSF13C",3,6,5,4,7,5,6,7,3,6,9
"ZNF701",266,248,231,250,112,244,255,210,299,290,245
"IQCK",164,200,193,175,142,185,188,163,194,185,105
"CPZ",72,95,75,96,86,86,66,88,204,161,157
"GABRB1",0,0,0,0,0,0,0,0,0,0,0
"HIST1H4G",0,0,0,0,0,0,0,0,0,0,0
"RABL2A",78,73,79,81,59,80,65,65,73,76,43
"PDZK1IP1",17,13,19,17,23,42,23,38,29,46,39
"GDPD2",2,0,3,3,1,1,2,1,3,1,2
"CES4A",77,82,51,57,51,94,77,86,101,106,91
"TLDC2",0,0,0,0,0,0,0,0,1,0,0
"CEBPE",0,1,2,1,0,0,2,1,0,1,0
"SNRNP70",6602,7724,7872,7986,8194,6045,8136,5572,7548,8990,5471
"CADPS2",377,477,612,445,405,504,699,440,576,695,362
"AC079354.2",1,5,0,4,0,0,2,0,1,1,2
"SEPT14",1,0,0,1,0,0,0,0,1,0,0
"KCNRG",4,20,6,14,6,3,13,7,11,9,4
"ENPP3",1,1,3,1,1,3,3,3,1,8,2
"OR5AR1",0,0,0,0,0,0,0,0,0,0,0
"CHST11",945,1104,949,1314,993,790,1180,840,1343,1781,983
"TMEM69",1456,1622,1599,1564,1407,1277,1620,1190,1861,1934,1322
"ANAPC16",2458,2974,2126,2527,1476,2701,2246,2238,3009,2181,1943
"TBC1D9",538,513,738,443,498,666,668,519,745,829,488
"S100A2",8436,8529,6922,10998,6566,8135,8958,5545,14106,13840,8862
"DNAH8",1,1,0,0,0,0,2,1,0,0,0
"ZFP36",1016,1093,1028,1186,1316,979,999,764,1357,1292,886
"MME",183,164,235,142,119,299,164,259,171,103,94
"BRINP2",5,7,3,17,4,1,2,3,17,28,9
"TOMM20",15819,18228,13557,17740,10588,17160,13452,14481,19507,12923,12878
"RAB3GAP1",1966,2370,2403,2388,1727,2192,2742,1858,2784,2920,1787
"C1orf27",1292,1346,1163,1417,805,1393,1304,1086,1771,1425,1080
"SSTR5",0,0,0,0,0,0,0,0,0,0,0
"ALCAM",3872,4448,3646,3946,2554,4593,4215,3637,5522,4625,3721
"OR5M11",0,0,0,0,0,0,0,0,0,0,0
"GABBR1",909,853,901,519,671,983,846,881,743,726,765
"TRPM5",0,0,0,0,0,0,0,0,0,0,1
"RNASEK",566,632,554,567,528,606,646,478,725,679,444
"RP11-315D16.2",0,0,0,0,0,0,0,0,0,0,0
"CTXN1",383,464,562,735,1293,357,413,432,580,589,436
"DCX",0,0,0,0,0,0,0,0,0,0,0
"SERPINA5",55,78,125,58,76,129,68,83,39,25,27
"USH2A",6,3,7,2,4,5,1,6,2,2,2
"GIN1",239,214,217,218,151,236,274,192,233,190,154
"PET100",568,648,360,532,312,628,400,534,577,390,397
"GPR63",550,557,633,561,496,594,656,437,547,490,372
"WDR27",1183,986,1164,746,810,1283,1169,888,1120,982,827
"SMIM1",9,1,6,4,6,4,3,4,4,7,1
"IFT81",496,528,685,397,417,551,508,470,405,441,285
"ME3",20,15,20,22,30,21,32,21,51,45,37
"MRPS16",5074,6147,5436,5777,5075,4651,5547,4423,5744,5331,3660
"CBX7",221,186,308,161,239,226,249,267,131,221,124
"SMAD7",488,630,498,570,523,439,485,316,503,453,320
"GIT1",3139,3126,3645,3372,4394,2623,3583,2680,3457,4172,2560
"ZNF831",0,0,0,0,0,0,0,0,0,0,0
"BLACE",1,0,1,0,0,0,0,0,0,1,0
"NEGR1",244,306,219,305,117,214,220,217,368,297,307
"ZIC3",0,0,0,0,0,0,0,0,0,0,0
"FAT3",2,6,1,7,0,2,7,3,5,11,13
"NKIRAS2",1264,1347,1364,1269,1258,1091,1463,1201,1292,1489,960
"SAGE1",0,0,0,0,0,0,0,0,0,0,0
"CEACAM6",1,0,0,0,0,0,0,0,1,0,0
"OTUD7A",22,21,32,21,15,26,19,25,22,45,22
"HYOU1",9797,9896,9011,10281,8586,8117,9767,7012,9850,10488,7001
"TLN2",82,87,88,145,85,50,85,44,132,191,109
"AC139426.2",0,0,0,0,0,0,0,0,0,0,0
"ASPHD2",132,123,127,159,135,111,147,112,159,139,84
"OPN3",1133,1007,1348,1203,1212,1240,1480,1140,1497,1650,931
"SERPINA12",0,0,0,0,0,0,0,0,0,0,0
"IL36B",2,1,0,0,0,0,2,2,1,2,0
"MAPK7",370,462,426,417,365,342,374,313,436,469,358
"ATP9A",1958,2345,2619,2178,2079,2499,2385,2390,2590,2310,1933
"LYZL4",0,0,0,0,0,0,0,0,0,0,0
"RP11-571M6.15",0,0,0,0,0,0,0,0,0,0,0
"RP11-216L13.17",1,0,0,0,0,0,1,0,1,5,0
"PKLR",1,1,0,0,0,0,0,0,1,1,0
"PIAS3",1302,1367,1810,1263,1503,1399,1555,1414,1244,1273,840
"PDZRN3",63,56,53,83,68,39,87,39,81,64,38
"C1orf106",1104,1110,1182,1133,1036,1044,1307,963,1259,1592,1004
"TMEM35",0,0,0,0,0,0,0,0,0,0,0
"TSHR",0,0,0,0,0,0,1,0,0,0,0
"SMCP",0,0,0,0,0,0,0,0,0,0,0
"GNL3L",2876,3271,3306,3279,2639,3117,3646,2153,3281,4039,2182
"HTT",5372,6716,6095,6699,4587,5963,6618,4788,6614,7489,4957
"RALBP1",5427,6008,6915,6032,5698,5232,7173,4963,6267,7353,4926
"LRRC24",11,13,20,8,18,9,17,14,14,11,8
"CCDC126",67,63,44,61,40,111,44,56,102,65,77
"GNRH2",11,6,3,2,4,2,5,7,10,6,9
"RWDD2B",1030,1080,1063,1008,753,862,1176,802,1122,1194,736
"GUCY2C",0,1,0,0,0,0,0,1,0,0,0
"ACAD8",372,364,334,324,228,376,361,243,327,307,251
"ZNF649",338,289,292,325,203,234,296,214,252,273,218
"LIMA1",1369,1452,1483,1968,1186,1426,1724,1524,2515,3151,2193
"NGFR",10,4,7,6,8,8,10,8,8,2,3
"USP29",0,0,0,0,0,0,0,0,0,0,0
"TLE2",23,16,35,21,37,24,28,19,45,35,24
"EMP1",13983,14856,11914,16285,10250,12444,13772,12050,18270,19391,14725
"RPL12",26309,29537,21967,32000,19132,24006,23873,22124,31296,27256,22661
"WBP1",883,908,914,885,944,958,899,885,1040,960,760
"EFHB",1,0,2,1,0,2,2,1,3,1,1
"DCAF4L1",82,53,30,59,16,51,38,45,77,40,42
"HIVEP3",89,84,115,114,102,92,79,84,77,118,68
"C5orf63",205,160,171,112,75,155,150,133,122,147,118
"KRTAP10-7",0,0,0,0,0,0,0,0,0,0,0
"MKKS",4525,5194,4674,5003,3445,4419,5113,4025,5826,5125,3816
"CBLN2",0,0,0,0,0,0,1,0,0,0,0
"ZPLD1",0,5,1,0,1,4,1,0,1,0,0
"HORMAD2",0,0,0,0,0,0,0,0,0,0,0
"AC008267.1",0,0,0,0,0,0,0,0,0,0,0
"TIMP4",594,666,527,705,602,667,441,532,796,555,463
"FAM83B",1410,1570,1716,1525,943,1812,1928,1283,2156,2056,1435
"RPL17-C18orf32",0,0,0,0,0,0,0,0,0,0,0
"GLIS3",24,31,32,32,18,15,29,27,35,43,34
"KDELR2",5595,6337,5438,6098,5051,5652,5647,4828,6994,5947,4495
"TG",1,3,1,3,1,2,1,0,5,1,1
"MZT2A",723,922,863,877,1342,558,843,688,911,942,579
"MBD6",1919,2186,2483,2270,2823,1826,2176,1800,2247,2666,1869
"GPX8",823,848,737,909,513,951,794,794,1169,893,738
"METTL11B",0,0,0,0,0,0,0,0,0,0,0
"ARHGEF16",807,927,972,797,849,802,854,815,804,848,636
"TSLP",18,9,14,9,15,11,12,14,24,19,21
"SPIRE1",1330,1391,1557,1271,1298,1616,1587,1156,1627,1685,1058
"KRT33A",0,0,0,0,0,0,0,0,0,0,0
"DCAKD",1012,941,1394,888,1242,932,1235,910,833,1113,720
"PDCL",990,1035,942,977,953,922,1051,773,1056,1097,687
"WDR93",4,1,2,5,4,1,1,3,5,1,2
"TIPIN",772,955,811,1016,581,642,977,638,855,885,613
"SAR1B",1302,1367,1080,1146,721,1431,1168,1105,1421,1080,952
"NEDD9",63,102,62,147,80,63,82,77,145,207,162
"EARS2",2779,3033,3222,3357,3264,2306,3403,2112,3228,3617,2158
"NUPL1",4636,4919,5237,5315,4528,4567,5752,4030,6101,6064,4169
"PRKACG",0,1,0,0,0,0,0,0,0,0,0
"SH3KBP1",6422,7287,8678,7813,7010,6871,10186,6244,9308,12935,6956
"TRIO",1452,1887,1812,2082,1593,1789,1953,1420,2351,2678,1709
"MLANA",1,0,0,0,0,0,0,0,0,0,0
"GAGE2E",0,0,0,0,0,0,0,0,0,0,0
"A4GNT",1,0,0,0,0,0,0,0,0,0,0
"CHRNB1",124,126,142,108,103,139,139,109,153,198,118
"FOXA3",0,0,0,0,0,0,0,0,0,0,0
"AL132989.1",0,0,0,0,0,0,0,0,0,0,0
"METTL3",2726,2153,2709,1925,1727,2081,2961,1816,2416,2698,1728
"TRNT1",1856,1666,1891,1773,1346,1609,2186,1363,1931,2398,1424
"FSTL4",0,0,0,0,1,0,2,0,0,0,0
"PIGA",985,1111,845,996,571,1003,1011,846,1264,1141,936
"DHX32",1836,2053,2389,1994,1580,2108,2259,1959,2411,2205,1597
"FAM107B",1566,1536,1782,1553,1377,1711,1782,1375,1739,1526,1103
"TRIM72",0,0,0,0,0,0,0,0,0,2,0
"TSHZ2",26,15,22,7,15,31,11,15,9,6,2
"AKAP2",2,2,0,4,2,1,3,1,3,3,2
"BHLHA9",0,0,0,0,0,0,0,0,0,0,0
"TM7SF2",328,386,556,395,664,523,500,553,801,783,480
"C17orf105",2,9,6,8,7,8,7,3,4,15,4
"OR2L5",0,0,0,0,0,0,0,0,0,0,0
"STRADB",698,611,775,491,454,606,765,574,650,649,432
"CT45A3",0,0,0,0,0,0,0,0,0,0,0
"AC004017.1",9,8,4,2,0,4,5,3,6,3,9
"GSTK1",492,491,526,388,419,529,540,562,646,695,534
"OTX2",0,0,0,0,0,0,0,0,0,0,0
"C3orf27",0,0,0,0,0,0,0,0,0,0,0
"SKIDA1",83,89,76,39,44,98,63,52,71,45,36
"ZNF552",246,251,249,266,194,256,292,221,345,324,242
"FSHB",0,0,0,0,0,0,0,0,0,0,0
"TMEM129",967,1084,872,944,767,961,769,963,974,780,820
"F2",0,0,0,3,0,0,0,1,0,0,0
"COL2A1",3,1,3,1,1,2,2,1,3,6,3
"ANKRD26",1303,1340,1257,1122,683,1261,1326,888,1107,1042,833
"COMMD2",1914,2359,1912,2084,1355,2079,2146,1705,2196,1902,1602
"CHN1",2363,2293,2263,2246,1802,2106,2266,1667,2587,2532,1569
"USP18",89,115,125,107,129,84,132,110,100,127,90
"RIC8A",3326,4065,3778,4011,3369,2920,4134,2834,4167,4825,2973
"SGK2",0,1,1,0,1,0,0,2,4,1,0
"SLC9A6",1430,1452,1333,1410,1146,1437,1418,1132,1595,1202,991
"GABRB3",0,0,0,0,0,0,0,0,0,0,0
"DPP7",1162,1270,1213,1580,1727,1043,1128,1107,1628,1532,1054
"TDRD12",0,0,2,1,1,3,0,0,3,1,0
"ZNF32",390,348,299,398,176,279,265,286,375,309,255
"GRIN2B",20,26,20,16,11,35,16,22,9,8,7
"TIMM23",1457,1723,1598,1828,1334,1445,1927,1252,1987,2004,1292
"C6orf89",2498,2886,2812,2483,2101,2455,2670,2366,2622,2849,1891
"ZNRD1",958,929,767,653,454,674,870,668,748,608,486
"KIRREL3",0,1,0,1,0,1,1,0,1,1,0
"USP30",242,229,256,152,164,206,229,236,206,179,148
"DOPEY2",246,277,382,363,342,289,426,266,426,591,303
"C15orf41",858,921,987,908,837,776,1111,710,1011,1147,729
"IFT52",994,1110,806,888,484,891,894,727,912,808,618
"PISD",1043,1332,1018,1349,985,858,1124,882,1286,1390,1021
"GIMAP4",0,0,0,0,0,0,0,0,0,0,0
"OR4F4",0,0,0,0,0,0,0,0,0,0,0
"CDR2",1511,1423,1695,1609,1390,1455,1788,1161,2014,2018,1208
"TMEM213",0,2,0,2,0,1,0,0,0,0,0
"ASPN",0,1,0,0,0,0,2,1,1,1,0
"LRRC3DN",1,3,4,1,2,1,11,5,2,7,4
"CKMT1A",5,5,4,7,5,6,9,10,9,15,16
"MED31",414,431,284,394,193,518,312,366,567,286,368
"MLC1",0,0,0,0,0,0,0,0,2,0,1
"ANKRD13C",988,1275,1237,1215,910,1187,1327,960,1335,1474,1021
"IGFN1",99,89,34,59,20,71,91,61,143,131,189
"RPL10",40926,43498,35493,42756,27008,36151,39651,31702,47273,40552,31953
"SLC25A29",423,351,349,421,470,337,319,363,496,494,379
"HIST1H2AA",0,0,0,0,0,0,0,0,0,0,0
"FICD",83,72,68,67,59,71,82,76,103,88,71
"XKR9",7,0,3,4,15,4,6,4,10,12,13
"PKIB",975,1154,930,943,692,1210,1138,951,1403,1256,901
"TTC30B",233,267,305,189,201,290,307,218,263,269,178
"PRDX3",6582,7142,5730,6225,3802,5808,6229,4850,6820,5645,4146
"AC016251.1",0,0,0,0,0,0,0,0,0,0,0
"ZNF720",463,457,518,463,394,519,582,371,506,613,379
"AL590483.1",0,0,0,0,0,0,0,0,0,0,0
"RIPK4",792,1035,755,1293,833,657,884,661,1163,1308,835
"DCTN1",6103,6996,7042,6626,7292,5612,7436,5012,7269,8106,5005
"ENHO",3,2,0,5,6,2,2,0,3,4,1
"FBXO44",1143,1148,1234,1018,1051,1014,1239,889,1076,1073,752
"PRICKLE1",1751,2439,1642,2611,1422,1472,1868,1321,2125,2064,1616
"CLDN2",0,0,0,0,0,0,0,0,0,0,0
"SLC26A9",8,23,21,11,22,17,23,30,13,40,26
"PRKCA",333,349,489,371,437,342,484,295,449,563,281
"MROH1",746,864,828,756,923,760,884,791,1116,1161,807
"ATP6V0E1",1975,2303,1689,2474,1502,2228,1954,1843,3122,2774,1948
"POU5F2",0,0,0,0,0,0,0,0,0,0,0
"KCNK2",306,280,327,322,272,304,257,228,315,202,179
"LENEP",2,2,0,3,0,0,0,0,1,2,0
"ALX3",0,0,2,0,0,0,0,1,0,0,0
"FAM46C",69,44,75,63,40,70,59,44,81,65,37
"CNOT11",2119,2400,2553,2488,2197,2052,2763,1849,2791,2823,1824
"PEX16",356,414,389,372,376,302,368,309,383,418,260
"SCN4B",0,1,3,0,1,2,0,2,1,1,0
"C11orf45",53,58,50,39,39,46,43,50,67,51,41
"EXO5",426,466,408,427,293,311,480,391,489,520,358
"HMX2",0,0,0,0,0,0,0,0,0,0,1
"CFC1B",0,0,0,0,0,0,0,0,0,0,0
"CASP2",1170,1424,1334,1198,1130,1014,1532,1003,1271,1489,947
"DXO",848,870,880,797,723,811,893,637,851,870,611
"MDP1",8,21,7,14,4,17,16,11,15,13,9
"PLA2G6",330,321,395,218,300,402,361,393,313,284,274
"ESCO2",1366,1401,1485,1417,1077,1346,1540,1093,1790,1675,1109
"SLC13A3",257,322,275,341,287,263,303,279,315,290,215
"PPP1R3D",507,505,617,443,481,511,597,439,550,653,392
"CTXN3",0,0,0,0,0,0,0,0,0,0,0
"MAP4",10271,12615,14598,12994,12386,11058,14385,10580,12974,15535,10156
"TMOD2",468,335,541,207,278,519,518,379,366,374,221
"C1orf112",1329,1353,1299,1275,955,1210,1437,1047,1593,1525,1088
"TFEC",0,1,1,0,1,0,0,0,0,0,0
"GSDMC",40,34,33,48,27,32,61,24,75,100,63
"GPR84",0,0,0,0,0,0,1,0,0,0,1
"RP11-770J1.4",3,0,0,1,0,1,1,0,2,1,1
"KLHL26",197,261,202,222,240,164,245,172,218,224,156
"ALKBH7",203,217,215,195,224,203,218,221,243,254,189
"ZNF540",16,18,12,8,3,7,11,9,6,6,2
"ZFP62",1020,1009,1040,871,644,913,1079,712,963,1022,741
"MAGEF1",3320,3605,3729,3410,3717,3106,3625,2902,3478,3399,2374
"TSGA10",68,53,62,30,55,70,82,44,64,86,40
"ACER3",1747,2157,1701,1985,1262,2030,1883,1430,2429,1735,1515
"FAM9B",87,106,94,59,57,144,93,92,82,66,61
"UGT1A7",1,0,0,1,1,1,0,0,0,0,0
"QKI",4310,4299,4520,4070,3819,4231,4673,3186,4410,4197,2968
"JMJD6",1300,1150,1300,1199,1172,1073,1512,958,1535,1625,936
"APBA3",318,338,308,282,344,228,328,237,280,353,247
"OR5AN1",0,0,0,0,0,0,0,0,0,0,0
"MMP2",86,104,75,125,110,94,80,83,141,132,83
"SEZ6L2",409,521,613,555,588,500,556,571,732,803,574
"TLR6",240,238,210,347,188,311,233,211,557,544,487
"CHEK1",2320,2882,2798,3054,2214,2417,3069,1970,3051,3383,2006
"STARD3NL",823,869,694,988,569,804,736,777,1069,845,719
"EREG",5888,5396,4505,5517,4030,5781,4773,3747,6874,5154,3918
"SULT1E1",1006,858,801,1119,669,787,521,468,895,595,468
"TNFSF13B",11,14,9,12,8,8,6,5,10,10,6
"LIPT1",111,54,63,40,48,57,83,62,66,73,42
"SLC35F5",1149,1092,1010,973,904,1124,1138,857,1198,1087,729
"PRAC1",0,0,0,0,0,0,0,0,0,0,0
"CD320",872,1082,777,1103,1109,610,838,638,846,793,525
"PRM2",0,0,0,0,0,0,0,0,0,0,0
"OTOGL",0,0,0,0,0,0,0,1,0,0,2
"USH1G",0,0,0,0,0,0,0,0,0,0,0
"SLC39A1",6724,8019,6280,9431,6487,5920,6851,5679,8675,8175,5964
"ZFP69B",210,203,228,222,183,178,310,187,281,299,188
"RP11-383H13.1",57,70,74,46,57,77,101,78,70,101,55
"FCRLA",1,3,0,0,0,0,1,2,0,1,2
"AREL1",2576,2717,2903,2736,2253,2527,2912,2445,3119,2808,2131
"MEDAG",1,0,0,1,0,0,0,1,0,0,0
"TMEM9",1684,2025,1525,1609,1291,1761,1478,1597,1814,1333,1128
"EGLN3",84,109,133,102,129,94,112,85,104,68,44
"ZNF446",148,220,201,213,184,168,160,149,218,187,167
"FAM19A5",0,0,0,0,0,0,0,0,0,0,0
"POLB",786,907,707,717,420,798,827,687,894,803,586
"APAF1",1221,1240,1475,1137,858,1333,1394,1044,1501,1416,993
"OR11H4",0,0,0,0,0,0,0,0,0,0,0
"CELA3A",0,0,0,0,0,0,0,0,0,0,0
"LRRC27",121,129,122,109,87,93,114,120,107,110,72
"PAPSS1",2712,2822,3285,2361,2244,3045,3449,2312,2921,3278,1821
"PCDHB12",0,3,0,0,0,2,2,0,0,2,1
"ZSWIM6",619,637,667,706,617,732,710,503,921,999,619
"AP001885.1",0,0,0,0,0,0,0,0,0,0,0
"FSTL1",3076,3502,3165,2613,1689,3481,3272,3347,2603,1964,1862
"SPRN",3,0,2,0,0,0,0,1,1,1,1
"OR13C3",0,0,0,0,0,0,0,0,0,0,0
"VMO1",14,6,13,6,10,7,12,5,15,12,15
"OR8B12",0,0,0,0,0,0,0,0,0,0,0
"PTPLB",4105,4466,3462,4378,2851,3998,4081,3127,5165,4561,3378
"RNF167",5270,5510,5380,6111,4703,4220,5635,4390,6042,7402,4631
"GCSAM",1,0,0,0,0,0,1,0,0,0,0
"F2RL1",1187,1098,1114,1185,962,1178,1202,1051,1655,1363,1101
"OR10AG1",0,0,0,0,0,0,0,0,0,0,0
"THAP11",1929,2052,1992,2331,2322,1495,2198,1399,2146,2307,1356
"SLC30A3",21,24,39,28,55,26,18,21,44,28,27
"TMEM108",10,12,14,11,24,20,16,18,11,27,9
"TMEM132E",0,0,0,0,0,0,0,0,0,0,0
"ALDH6A1",805,792,999,534,597,894,958,785,641,748,492
"ODF2",3314,3493,3877,3203,3298,2954,3949,2677,3528,4113,2799
"OARD1",937,1135,1097,1179,877,938,1118,950,1080,1131,781
"HBA2",0,0,0,0,0,0,0,0,0,0,0
"TGDS",526,568,430,579,322,496,422,435,604,456,461
"TUBA1B",60719,68095,63214,73060,57545,48211,67882,47473,72212,76613,53200
"USP45",854,765,750,683,491,785,785,535,880,758,565
"ISX",0,0,0,0,0,0,0,0,0,0,0
"RAB3D",2001,1764,2284,1523,1736,1826,2225,1581,1851,2132,1222
"AC062017.1",10,7,8,4,12,8,7,14,8,11,11
"RCBTB1",781,951,1019,658,628,964,1009,808,770,739,530
"KRT15",84,83,83,107,102,109,127,98,296,424,269
"TM2D2",989,996,853,967,806,802,868,746,1092,953,688
"AC002451.1",0,0,0,0,0,0,0,0,0,0,0
"TRIM77",0,0,0,0,0,0,0,0,0,0,0
"MPZL1",4803,5119,5016,4988,4059,5246,5249,4441,5776,5112,3590
"LYSMD3",1106,1109,1017,1013,765,1181,1122,773,1277,1054,750
"ARPC4-TTLL3",0,0,0,0,0,0,0,0,0,0,0
"OR1A2",0,0,0,0,0,0,0,0,0,0,0
"ALK",1,1,1,0,1,0,1,2,0,0,1
"FLCN",749,860,696,869,665,737,702,599,997,1021,687
"SERPINA6",0,0,0,0,0,0,0,0,0,0,0
"PPP2R5B",206,125,187,130,140,184,225,182,223,256,188
"CTC-241N9.1",39,52,49,28,48,66,49,41,41,44,33
"ANXA9",32,33,46,37,37,37,32,42,66,81,27
"OR6C2",0,0,0,0,0,0,0,0,0,0,0
"AL161450.1",0,0,0,0,0,0,0,0,0,0,0
"COG5",1151,1383,1595,1384,1139,1301,1791,1150,1629,1982,1196
"DSTYK",1053,1040,1194,986,804,1087,1254,824,1159,1172,770
"NBPF6",0,1,0,0,0,0,0,0,0,2,1
"GPR75-ASB3",23,21,17,13,12,18,15,14,19,19,9
"LCE1D",0,0,0,0,0,0,0,0,0,0,0
"FEV",0,0,0,0,0,0,0,0,0,0,0
"ANAPC5",4621,5254,4839,5223,3929,4395,5398,4148,5880,5952,4109
"THUMPD1",3393,3996,3877,4273,2906,3229,4091,2892,4187,4323,3042
"NUTF2",6101,6767,5775,7036,5467,5906,6141,5172,7738,7248,5078
"TCTN1",577,658,622,550,469,612,608,517,606,563,412
"RPL5",35912,39243,31332,41473,26217,34189,34382,30734,41406,35298,29567
"HIST1H1D",1,4,2,7,1,1,0,0,2,4,4
"PRDM7",0,0,0,0,0,0,1,1,1,1,0
"PLA2G12B",0,0,0,0,0,0,0,0,1,0,0
"COL11A2",57,53,48,40,37,42,50,35,56,45,37
"PRAMEF9",0,0,0,0,0,0,0,0,0,0,0
"EDA",6,8,3,2,9,6,14,8,7,5,7
"RGS10",261,282,235,397,217,275,259,227,445,359,307
"USHBP1",1,3,2,3,3,4,5,3,3,3,2
"SPATA31A7",0,0,0,0,0,0,0,0,0,0,0
"BPY2C",0,0,0,0,0,0,0,0,0,0,0
"DNAJC9",2456,2948,2381,3346,1960,2146,2800,2066,3219,3134,2172
"TRIM26",2073,2458,2268,2540,2218,1676,2662,1747,2459,3087,1982
"IGFBP1",0,0,0,0,0,0,0,0,0,0,0
"KIF1B",4756,5041,5936,5060,4259,5493,5626,4341,5946,6020,4192
"NRD1",10181,10664,11826,11013,8713,10854,12853,8959,13103,13851,8754
"PITHD1",1592,1827,1812,1659,1640,1344,1859,1226,1651,1770,1157
"PSMD5",3468,3968,4001,3964,2749,3137,4570,2713,4088,4660,2769
"FAM20A",0,0,0,0,0,0,0,0,0,0,0
"NDST2",478,487,493,460,504,468,444,424,503,500,394
"SELRC1",2028,2436,2209,2728,2108,1744,2538,1590,2488,2788,1736
"CPD",2693,2919,3141,2593,1877,3622,3023,2710,3148,2662,2069
"NEIL3",1529,1744,1490,1654,1089,1362,1752,1116,1810,1786,1218
"CD3EAP",1909,2162,2117,2533,2319,1311,2421,1427,2013,2551,1853
"GINS3",1290,1654,1360,1807,1146,1081,1575,1043,1583,1818,1147
"CLEC17A",0,1,0,0,0,0,0,0,0,0,1
"FDXACB1",77,87,96,67,78,106,110,94,73,90,71
"CXCR3",0,0,0,1,0,0,0,0,0,1,0
"FAM161B",127,161,115,133,84,87,126,88,120,133,94
"CD70",23,22,24,18,21,32,26,25,32,53,26
"UBE2C",5794,6215,5202,7243,4753,4316,5905,4284,7184,7200,4606
"RP11-661C8.3",0,0,0,0,0,0,0,0,0,0,0
"MEA1",1916,1978,1727,2175,1431,1550,1997,1402,2126,2316,1597
"ANGPT2",0,0,0,0,0,0,3,0,0,2,0
"TRAPPC6A",270,215,280,240,225,265,237,243,233,249,153
"PIP4K2C",2976,3429,3565,3317,2973,2758,3982,2961,3865,4902,2981
"MESDC1",1149,1370,1369,1652,1738,956,1392,1041,1593,1765,1082
"TMEM45A",285,377,548,326,356,853,390,575,438,288,248
"GCA",71,73,79,93,77,80,69,87,154,159,118
"CD44",9613,10704,9122,11232,7013,9967,10147,8095,13244,11546,8923
"LPPR3",1,0,0,0,0,0,0,0,0,0,0
"BTBD16",7,4,8,1,3,8,10,10,2,5,2
"CENPI",853,870,985,871,669,789,1064,809,1036,1071,711
"ECSIT",950,1061,986,1003,1003,681,1044,654,859,957,514
"TYK2",1718,1745,1574,1279,1378,1475,1614,1394,1700,1625,1402
"MT-CO2",201619,213144,138817,192547,108822,189850,132360,181969,259697,122267,227215
"NUCKS1",34775,41022,41207,38447,30043,36410,40788,30635,37013,35775,27802
"LYVE1",0,0,0,0,0,0,0,0,0,0,0
"ST7",882,1018,780,959,608,856,1004,731,1044,1132,705
"TRAPPC3L",0,0,0,1,2,0,1,0,0,0,0
"CNPY3",1311,1431,1289,1274,1327,1240,1343,1168,1369,1385,960
"BAALC",14,23,16,23,9,17,8,14,16,14,10
"PEAK1",1268,1237,1413,1338,966,1593,1335,1012,1584,1312,1084
"DRD4",3,8,7,4,4,6,3,5,0,4,1
"ZSCAN18",312,260,352,232,299,228,314,263,180,292,211
"TRIP12",8548,9760,9673,9980,6373,8395,10830,6733,10286,12116,7328
"HNRNPA1L2",779,898,819,734,639,753,881,580,918,800,556
"EYS",190,198,279,318,239,299,319,209,382,418,251
"DOT1L",2922,2974,3510,3665,4673,2411,3503,2360,3718,4565,2661
"PRMT2",1172,1357,1407,1307,1250,1139,1490,918,1440,1742,974
"SF3B5",2135,2220,2124,2290,1805,1932,2239,1699,2420,2425,1513
"FOXC1",1004,1005,1061,1183,1172,868,1192,760,1297,1337,902
"ZKSCAN7",0,1,2,0,0,1,0,0,0,2,1
"KIAA2026",1756,1840,2130,1667,1370,1875,2183,1558,2150,2229,1485
"MAP3K2",2780,3533,2728,3475,1885,2964,3113,2260,3670,3336,2517
"IFNA2",0,0,0,0,0,0,0,0,0,0,0
"OR2F1",0,0,0,0,0,0,0,0,0,0,0
"ATXN2",2146,2103,2526,2074,2225,2202,2723,1671,2450,3018,1774
"SS18",5580,6117,6096,5824,4950,5500,6696,4413,6696,6744,4534
"PRCP",1839,1932,1687,1837,1169,1857,1783,1557,2107,1612,1263
"ANKRD35",1,0,0,0,1,3,0,4,0,0,1
"HNF1A",0,0,0,0,0,2,0,0,0,1,0
"SF3B4",2744,3454,3044,3661,3331,2250,3098,2341,3161,3768,2479
"PATL1",4165,5177,5344,5307,4457,4605,5403,3986,5627,5706,3928
"PROKR1",0,0,1,0,0,0,0,0,0,0,1
"NLGN3",5,6,3,4,4,10,3,4,3,4,5
"EBAG9",1378,1663,1363,1568,1030,1296,1396,1161,1520,1355,1091
"TIMM44",1997,2278,2121,2456,2168,1639,2336,1411,2213,2491,1560
"GOLT1A",1,1,1,2,0,2,0,1,3,2,3
"TMEM189-UBE2V1",0,0,0,0,0,0,0,0,0,0,0
"ERCC6-PGBD3",0,0,0,0,0,0,0,0,0,0,0
"EFNA4",120,152,152,165,130,122,128,119,175,149,96
"RPL34",5575,5788,3426,5934,2329,5215,3662,4487,6525,3672,4106
"AC005493.1",0,0,0,0,0,0,0,0,0,0,0
"TPM2",4753,5016,5008,5013,4746,4337,5193,3731,4588,5304,3727
"ADCY4",0,1,1,0,2,2,1,0,4,0,2
"MAB21L2",0,0,0,0,0,0,0,0,0,0,0
"MTPAP",1354,1484,1352,1504,1080,1290,1531,1026,1710,1710,1197
"C10orf2",2168,2433,2336,2461,2086,1878,2670,1531,2415,2814,1680
"THUMPD3",2993,3089,3430,3047,2355,2843,3435,2662,3400,3486,2438
"PIANP",1,1,0,0,0,0,0,0,0,0,1
"ALOX15",1,1,0,1,1,0,1,0,5,3,5
"MYOM2",0,0,1,0,0,0,1,0,0,0,0
"JHDM1D",92,72,97,63,70,105,155,81,123,116,78
"PYDC1",0,0,0,0,0,0,0,0,0,0,0
"USP35",433,395,392,323,333,422,391,337,458,457,338
"MRS2",3187,3749,3209,3931,2518,3281,3420,2710,4153,3630,2650
"ALPK3",48,50,78,19,33,59,55,43,42,55,23
"CASD1",441,509,390,423,266,420,491,327,424,410,310
"GATA3",787,975,957,1034,910,692,832,692,952,1144,814
"LRG1",53,62,79,60,73,75,72,64,61,57,44
"NUDT18",112,126,135,143,138,126,126,141,169,139,131
"TIMM10",2263,2565,1674,2755,1709,1697,1915,1667,2516,2106,1750
"RBMY1D",0,0,0,0,0,0,0,0,0,0,0
"MEIS3",85,79,121,119,168,103,97,139,176,184,144
"TRABD",2017,1983,1924,1814,2046,1500,2217,1676,2085,2154,1499
"PDYN",0,0,0,0,0,0,0,0,0,0,0
"HIF1A",11988,14088,14619,12433,10453,13666,15079,11008,14072,14269,9108
"TRPM7",1986,2258,2058,2166,1223,2090,2251,1676,2457,2126,1721
"HAUS5",510,601,555,422,447,525,510,450,464,528,403
"RHOT1",939,951,1367,870,805,1193,1294,984,1184,1362,810
"APEH",4669,5329,6211,5552,6357,4757,6107,4724,6545,7064,4358
"CXCL5",0,2,0,1,0,1,3,1,1,0,1
"VSIG4",0,0,0,0,0,0,0,0,0,0,0
"DDC",4,5,4,1,0,1,6,4,2,1,3
"FABP12",1,0,0,0,0,1,1,0,0,0,0
"C17orf80",406,444,329,390,198,345,313,253,384,324,287
"AC016752.1",0,0,0,0,0,0,0,0,0,0,0
"NLGN4X",8,10,13,6,8,9,8,9,12,11,15
"SETD4",485,469,430,398,352,494,443,415,432,447,369
"CDY1",0,0,0,0,0,0,0,0,0,0,0
"ZNF75A",601,529,466,515,349,431,505,365,557,595,485
"ARSG",30,28,38,22,26,23,31,21,38,26,15
"TMPO",8609,9967,9040,9527,7690,7904,9675,6512,9993,9930,6683
"MROH7",0,0,0,0,0,1,2,2,1,0,0
"REP15",12,13,14,28,10,13,22,6,11,10,6
"CEACAM3",0,0,0,0,0,0,0,0,0,0,0
"ZBTB38",5762,6760,7229,9037,6063,6719,7070,5222,9684,9521,5891
"MCM7",13005,15942,14476,16496,14696,11282,15352,10764,16533,16773,11180
"PEX11B",642,706,784,574,673,614,717,713,573,536,488
"AKT3",4458,5066,6450,4991,4174,5703,6372,4945,5419,5635,3849
"PTEN",192,208,204,163,223,211,230,148,180,226,135
"PPIE",1622,1864,1819,1956,1538,1453,2033,1431,1980,2086,1349
"AC005477.1",0,0,0,0,0,0,0,0,0,0,0
"LST1",1,1,3,2,0,1,0,3,1,1,1
"ARL11",0,0,0,0,0,0,0,0,0,1,0
"WDR13",1565,1525,1330,1332,1313,1352,1377,1327,1723,1692,1105
"HSPA1A",11745,4096,7438,4660,7924,5115,8609,4295,7276,9686,4636
"EFCAB2",305,295,239,328,202,296,228,241,352,264,214
"C10orf53",0,0,0,0,0,0,0,0,0,0,0
"FGF1",2,8,6,27,10,10,10,14,41,49,28
"ACOT11",938,1096,1216,978,899,886,1293,848,1206,1486,841
"NUDT3",2652,3158,3339,3189,2580,3088,2708,3146,3248,2629,2572
"FAM98A",2293,2327,2240,2287,1692,1878,2856,1403,2374,2917,1649
"PRR15",581,811,850,829,879,760,902,680,1100,1187,729
"CEACAM1",3,1,3,6,6,3,2,7,24,74,40
"OR51A7",0,0,0,0,0,0,0,0,0,0,0
"EIF1B",929,975,932,1100,846,1005,1031,740,1215,1112,744
"MYH4",0,0,0,0,0,0,0,0,0,0,0
"IQCF6",0,0,0,0,0,0,0,0,0,0,0
"C8orf44",83,81,80,67,38,94,70,81,64,66,59
"SLC12A3",0,0,2,1,0,0,1,0,0,0,0
"SPZ1",0,0,0,0,0,0,0,0,0,0,0
"INO80E",2663,3175,2867,3072,2595,2109,2927,2239,2589,2925,2198
"OR2T8",1,2,0,0,1,1,0,2,1,0,1
"GLTPD2",2,0,1,2,1,1,2,3,4,1,2
"TMEM14E",0,0,0,0,0,0,0,0,0,0,0
"TMEM66",2682,2748,2613,2624,2281,2810,2637,2406,3269,2779,1967
"ORC1",2663,3378,2814,3447,2231,2203,3149,2100,3319,3456,2434
"GPR64",59,70,56,86,31,54,49,49,119,84,76
"TXLNA",4072,4495,4344,4740,4113,3214,4504,3269,4665,5915,3738
"ZNF117",458,465,409,302,183,481,376,287,334,314,261
"ADCY9",344,311,408,362,411,317,396,346,366,403,240
"CORO7-PAM16",0,0,0,0,0,0,0,0,0,0,0
"GDPD3",668,695,550,816,715,513,597,570,988,1212,847
"CYFIP1",6059,6733,8147,7018,7070,6754,8481,5966,9076,10725,5677
"IMPA1",934,1081,907,872,750,851,1036,639,986,936,637
"GIGYF2",3721,3883,4180,3600,3325,3736,4463,2968,4019,4661,2917
"IFNA4",0,0,0,0,0,0,0,0,0,0,0
"FAM114A1",353,362,610,346,427,535,522,569,580,734,589
"GNAI1",618,701,822,735,734,784,804,528,698,611,390
"NFIL3",837,902,973,917,755,965,939,811,1115,1025,685
"CILP",0,0,1,1,0,0,1,0,0,0,0
"TAS2R3",1,0,1,1,0,4,1,1,0,3,1
"PIK3C2A",1956,2505,2675,2409,1659,2451,2713,1868,2669,2671,1837
"APOE",16,5,3,13,8,12,11,8,10,8,11
"PPIL1",2264,2340,1792,2313,1161,2001,2018,1842,2563,1949,1639
"MLF1",245,290,293,229,254,290,290,270,306,266,197
"C4orf50",0,0,0,0,0,0,0,0,0,0,0
"DBF4B",672,512,551,476,476,529,615,429,632,610,449
"FAT1",6170,8671,5817,9092,4018,8974,6349,5324,8842,6215,5821
"SOCS6",2559,2740,2689,2577,2039,2761,2676,1896,2990,2695,1918
"FAM89B",39,45,51,50,46,50,47,28,31,38,23
"AC138647.1",0,0,0,0,0,0,0,0,0,0,0
"IGF2R",5857,6614,6111,7611,4955,7683,6620,5625,8525,8035,6056
"XXYLT1",796,962,865,925,670,697,825,692,827,726,513
"GPR108",1515,1621,1601,1321,1202,1551,1527,1483,1580,1450,1061
"ADAL",350,414,463,355,230,333,469,337,364,409,284
"DPYSL4",0,2,0,0,0,0,0,0,0,0,1
"NDUFB4",3672,4011,3558,3946,2403,4000,3980,3191,4591,4301,3016
"RAPGEFL1",557,489,635,472,653,470,513,428,569,651,492
"NXPE1",0,0,0,0,0,0,0,0,0,0,0
"CASQ2",0,3,0,2,1,1,1,0,2,1,2
"TRAF3IP3",1,1,0,2,1,2,1,1,2,3,2
"MALT1",2633,3055,2842,2827,1857,2826,3380,2245,3253,3117,2131
"C16orf46",121,99,151,106,80,109,129,91,97,90,61
"MLLT6",5863,6253,7763,5762,6883,5643,7054,5913,5450,6613,5073
"SRSF12",3,3,3,2,7,8,1,3,3,0,3
"ARHGAP39",468,552,632,622,830,489,569,477,557,645,409
"SART3",2893,3054,3321,3208,2735,2605,3447,2385,3336,3798,2431
"GRN",2648,3066,2734,2878,3286,2620,2677,2806,3292,3559,2248
"RP13-512J5.1",34,35,28,26,33,35,15,33,50,47,33
"SUPT7L",1674,1603,1704,1450,1172,1669,1688,1410,1720,1870,1310
"IL25",0,0,0,0,0,0,0,0,0,0,0
"UCP2",16,12,16,12,28,15,7,27,28,21,20
"HNRNPR",14997,17763,18065,17801,13147,14680,19187,11849,16030,19817,11684
"GPR135",141,179,118,122,92,228,135,124,158,107,137
"SEC14L1",3062,3052,4203,2363,2827,3628,3862,2681,2796,3072,1810
"TUBB4A",22,17,31,12,39,31,22,29,27,28,17
"NHLRC3",654,626,673,482,392,818,584,652,739,509,551
"SYTL1",229,159,195,112,178,221,181,182,167,168,135
"KCTD18",444,514,547,484,384,479,558,502,530,562,406
"CDK19",1060,946,1242,1001,951,1176,1181,957,1342,1516,925
"RP11-351M8.1",3,0,0,3,2,3,0,3,2,0,0
"CCL4L2",0,0,0,0,0,0,0,0,0,0,0
"FOSL2",1505,1644,1671,2204,1963,1368,1628,1393,2119,2553,1591
"KIF25",0,0,0,0,0,0,0,0,0,0,0
"ZNF658",102,102,85,100,52,96,73,91,110,124,81
"CD53",0,1,0,0,0,2,2,2,0,5,0
"C1orf74",176,146,208,184,155,175,209,174,283,272,185
"COL8A2",2,0,2,7,2,1,4,3,2,6,3
"SELENBP1",25,10,25,13,18,22,18,29,26,22,22
"GNG4",547,649,599,1028,987,613,677,581,1162,1374,810
"TAF1L",49,46,40,43,20,31,68,26,42,55,36
"COL6A1",4402,4278,4524,4156,4153,4713,4716,3793,5179,5088,3360
"SMPDL3A",106,98,100,96,63,119,108,79,107,99,77
"PRR20C",0,0,0,0,0,0,0,0,0,0,0
"CHERP",2632,3137,3169,3410,3877,2058,3366,2302,3065,3827,2354
"ADAM23",34,46,44,37,33,44,52,42,45,26,17
"NXNL2",20,20,19,22,22,24,17,22,26,36,23
"SPATA6L",40,42,40,50,39,75,53,48,89,79,77
"ZBTB3",119,110,134,103,122,102,109,93,112,123,81
"UGT3A1",0,0,0,0,0,0,0,0,0,0,0
"RILPL1",416,344,523,376,578,449,517,401,410,508,322
"STYX",1339,1509,1471,1386,1462,1426,1634,1076,1547,1450,1026
"SLC5A12",0,0,0,0,0,0,0,0,0,0,0
"NTNG1",122,108,129,98,69,140,162,121,182,208,157
"STARD10",654,661,741,698,673,739,802,609,804,840,567
"PHOSPHO1",0,0,0,0,0,1,0,0,0,0,0
"DLGAP2",0,0,0,0,0,0,0,0,0,0,0
"KTI12",521,554,502,582,488,392,576,399,648,657,434
"DMBT1",5191,5865,8642,3713,5176,10684,5739,8131,3448,2390,1809
"TBX22",0,0,0,0,0,0,0,0,0,0,0
"RNF222",2,2,1,4,4,2,0,2,5,2,0
"TNFRSF1A",4127,4205,4056,3632,3570,3537,4005,3187,3971,3659,2624
"GMIP",566,572,706,586,669,432,743,636,744,1032,682
"AC140061.12",1,0,3,1,0,1,1,0,0,1,1
"CTTN",13261,14900,14882,14851,12896,12777,16823,11726,15994,19424,12195
"C2orf83",0,0,0,0,0,0,0,0,0,0,0
"EPB41L1",1648,1725,2330,1956,2162,1608,1824,1796,2077,2695,1691
"ASF1B",2484,3057,2556,3152,2344,1931,2653,2170,2897,2940,2063
"PRR5-ARHGAP8",4,2,3,4,3,3,0,0,0,1,6
"FAM228A",1,0,1,0,0,0,0,0,0,0,0
"UMODL1",0,0,0,0,0,0,0,1,0,0,0
"MYO5B",3798,4183,5033,4412,4555,4225,5494,3884,5994,9091,4735
"C16orf92",0,0,0,0,0,0,0,0,0,0,0
"LIPI",0,0,0,0,0,0,0,0,0,0,0
"CDK13",2123,2327,2464,2619,1973,2164,2629,1666,2606,2868,1766
"SMARCC2",4407,4308,5262,4059,4196,4175,5238,3692,4192,5302,3459
"SLC24A3",0,1,0,0,0,0,0,0,0,2,0
"DKFZP547L112",0,0,0,0,0,0,0,0,0,0,0
"DOCK5",3884,4739,4317,4354,2902,4332,4773,3089,5308,5772,4119
"ELL2",2504,2874,2694,3019,2165,2411,3256,2041,3379,3945,2339
"PLAC1",1,0,6,3,2,1,3,2,1,0,0
"AFF4",4154,5287,5197,5576,3633,4981,5573,4029,5674,6156,4356
"IRF4",0,1,1,2,1,2,0,3,1,2,0
"COMMD4",1688,1826,1422,1663,1200,1431,1617,1306,1792,1705,1190
"GPX1",4967,6305,4851,6243,5273,3880,4867,4075,5887,6204,3678
"CD200",0,0,0,0,0,0,1,1,0,0,0
"UGT2B7",0,0,0,0,0,0,0,1,0,0,0
"CISD2",1399,1476,953,1492,839,1289,984,921,1639,1098,880
"SPNS3",0,0,0,0,0,1,0,1,1,1,1
"LIMS3",0,0,0,0,0,0,0,0,0,1,0
"RAC3",1038,1115,1108,1569,1320,896,1054,899,1374,1212,920
"ASPDH",0,0,0,0,0,0,0,0,0,0,0
"TBC1D30",588,604,723,698,737,493,768,519,775,915,538
"LMNB1",6247,7008,6912,6645,5829,5431,7329,4818,6922,7553,4746
"HOXD12",0,1,0,0,0,0,1,0,0,1,0
"STK31",0,0,0,0,0,0,0,2,0,0,0
"TEX12",0,1,0,1,0,1,2,0,0,0,3
"ACAN",0,4,1,1,0,1,2,1,3,1,0
"ADCYAP1",7,6,9,22,18,9,5,3,24,19,9
"STAT5A",7,5,8,6,4,6,10,11,10,19,11
"MEST",0,0,0,0,0,1,0,0,0,0,0
"RYR1",0,0,1,1,0,0,3,1,0,2,1
"DNAJC12",160,110,180,178,132,193,148,149,162,133,129
"TTC21A",35,31,29,30,12,39,23,18,41,33,19
"FBXO31",1366,1487,1362,1533,1368,1095,1456,1004,1623,1700,1148
"LITAF",2230,2523,2756,2850,2695,2393,2861,2142,3370,3619,2315
"PPCDC",200,249,201,212,183,196,246,206,242,248,209
"C21orf49",13,7,6,2,3,7,6,8,3,3,3
"CX3CR1",0,0,1,0,0,1,0,0,0,0,0
"COPS3",3293,3855,3093,3891,2315,3131,3540,2830,4582,3781,2889
"FOXA1",644,719,715,744,631,549,898,638,782,1119,632
"C7orf69",0,0,0,0,0,0,0,0,0,1,0
"EFCAB12",24,18,27,29,20,30,39,31,32,48,30
"TMC2",0,0,0,0,0,0,0,0,0,0,0
"MBTPS2",3206,3754,3238,3682,2649,3290,3295,2952,3810,3158,2659
"GNS",2910,3389,3344,3001,2244,3449,3548,2880,3588,3396,2375
"OR2F2",0,0,0,0,0,0,0,0,0,0,0
"GABRD",0,0,0,0,0,0,1,0,0,0,0
"GPS1",4433,5074,4543,5180,4692,3712,5043,3470,5065,5663,3205
"RPUSD4",868,940,875,868,700,671,1002,593,887,959,548
"HSF1",2325,2820,2814,2984,3003,1882,2877,2037,2755,3419,1991
"RBMX",13399,17264,14211,18201,10420,13048,15903,11562,17497,16290,12223
"SFXN3",1207,1189,1634,1196,1351,1459,1643,1403,1669,2020,1348
"ZNF320",1025,821,1074,671,671,1076,1178,860,1048,1022,875
"SLX4",549,483,546,465,419,436,484,498,444,523,378
"ITGB7",32,24,22,14,15,15,17,16,15,37,22
"ATRNL1",0,0,0,0,1,0,0,0,0,0,0
"SKA3",1665,1793,1608,1962,1424,1322,1895,1233,2108,2070,1337
"GMPR",143,158,177,146,214,178,132,132,191,193,142
"SPINK1",2,3,2,1,0,2,2,0,2,3,2
"EPS8L1",305,299,380,464,558,267,401,273,522,656,351
"UCMA",0,0,0,0,0,0,0,0,0,0,0
"TUSC3",2209,2417,2074,2193,1852,2099,2304,1863,2713,2151,1647
"SYT4",0,0,0,0,0,0,0,0,1,0,0
"TMEM160",162,191,197,185,227,145,199,184,205,181,136
"SOCS4",2856,3118,2700,2785,1844,3066,2954,2063,3478,2899,2179
"PLCL1",0,0,0,0,0,0,0,2,0,2,0
"SHANK1",0,0,0,0,0,0,0,0,0,0,0
"ADAMDEC1",0,0,0,0,0,0,0,0,0,0,0
"RASGRP3",0,1,0,0,0,0,3,0,3,1,1
"LIN28B",3,4,1,2,1,5,3,3,5,3,2
"KLF10",1634,1668,1636,2013,1616,1463,1862,1202,2232,2191,1451
"ZBTB32",0,1,0,0,0,0,0,0,2,2,4
"ITPR3",17301,19760,20913,18494,18196,20010,21682,16712,22882,23837,15968
"XBP1",2237,2193,2057,2233,1849,2033,2465,2039,2856,2493,1836
"SUN2",2767,2983,2694,3258,2830,2545,2519,2594,3161,2892,2369
"SYT9",0,0,0,0,0,0,0,0,0,0,1
"ADH7",0,0,0,0,0,0,0,0,0,0,0
"GP1BA",0,0,0,0,0,1,1,0,0,1,0
"WDR16",1,0,2,0,0,1,0,1,1,0,0
"CYP17A1",0,0,0,0,0,0,0,0,0,0,0
"ZNF385A",828,776,992,1064,1448,786,996,854,1291,1734,1107
"DIRAS3",10,7,7,7,11,5,3,4,11,16,7
"MRAP",1,1,0,0,1,0,0,0,0,0,0
"ANKRD18A",62,73,41,74,34,62,56,72,67,57,64
"TRUB1",1248,1445,1456,1300,1220,1341,1475,1019,1422,1385,907
"SUB1",2963,3190,2274,3249,1967,3276,2405,2420,3604,2378,2328
"ENDOV",190,217,230,227,187,195,213,171,235,233,142
"C20orf144",0,0,2,2,2,0,1,0,0,3,1
"GBX2",0,0,0,0,0,0,0,0,0,0,1
"HSPA14",2100,2459,1756,2604,1441,2154,2029,1792,2760,2137,1828
"TRPA1",15,27,15,13,14,35,21,18,19,17,19
"ZNF560",0,0,0,0,0,0,0,0,0,0,0
"DNAJC19",1059,1241,796,1058,620,1041,850,814,1099,755,686
"OR5A2",0,0,0,0,0,0,0,0,0,0,0
"GDI1",5688,5761,6591,5880,6024,5383,6725,5190,6852,8551,5512
"UTF1",0,0,0,0,0,0,0,0,0,0,0
"RP11-242G20.1",0,0,0,0,0,0,0,0,0,0,0
"AC131097.4",0,0,0,0,0,0,0,0,0,0,0
"SIGLEC6",0,0,0,0,0,0,0,0,0,0,0
"C3orf33",302,408,316,386,206,348,377,342,372,254,248
"RANBP17",162,194,211,196,137,222,228,171,248,254,182
"TEKT4",0,0,0,0,0,0,0,0,0,0,0
"NDUFA9",3430,3772,3335,3712,2424,3321,3673,2838,4304,3842,2722
"CDX2",59,57,52,78,82,31,71,61,75,100,53
"MEP1A",0,0,1,0,1,1,0,0,0,0,0
"UBA7",19,11,12,7,16,21,13,15,13,15,9
"C6orf163",18,22,12,14,9,15,9,15,14,20,12
"PTK7",1792,2049,1726,1858,1740,1944,1637,1831,2018,1647,1402
"PTRF",12015,13426,12391,15515,13350,10212,13758,9109,15223,17524,10750
"COL11A1",0,0,0,0,0,2,0,0,1,0,0
"HMGN5",144,114,191,140,126,166,127,118,122,125,107
"PRIM1",1527,2025,1645,2229,1236,1580,1890,1383,2359,2111,1448
"KRTAP19-7",0,0,0,0,0,0,0,0,0,0,0
"KRT33B",0,0,0,0,0,0,0,0,0,0,1
"NTNG2",0,0,1,0,0,0,0,0,0,0,1
"RPUSD1",1862,2506,2035,2447,2347,1486,2170,1503,2187,2180,1444
"TMEM147",1571,1784,1547,1785,1539,1246,1717,1275,1906,1869,1115
"TIAF1",298,259,277,172,120,260,254,192,189,200,221
"ADAM17",2449,2708,2761,2478,1968,2969,2591,2509,3162,2819,2139
"IRX1",219,348,256,316,361,227,265,203,250,237,156
"TPP1",1079,1102,1222,990,965,1148,1228,993,1175,1321,783
"NME4",713,740,952,971,1338,827,803,774,1170,1081,710
"TCF15",0,0,0,0,0,0,0,0,0,0,0
"KRT10",475,547,412,536,421,399,385,345,536,515,347
"PURA",958,1042,978,949,974,796,1033,632,941,910,612
"PPIF",5805,7747,5698,8097,5212,4739,7060,4663,7942,8410,5054
"CTRL",191,172,121,160,91,105,142,108,152,136,120
"NEK7",1891,2020,1557,1822,1327,1853,1663,1485,2349,1948,1527
"PNPO",2577,2565,2615,2334,2073,1698,2852,2107,2289,3011,1897
"TNFRSF14",6,7,4,2,13,8,10,7,7,9,7
"IPO5",12665,14401,13584,14486,9535,12076,15246,9842,14952,15816,9273
"UBLCP1",1138,1416,1491,1310,941,1212,1468,1087,1305,1331,979
"CTD-2545M3.6",0,0,0,0,0,0,0,0,0,0,0
"KL",0,0,1,2,0,0,0,0,0,1,0
"RNASEH2B",1050,1275,1065,1418,814,1084,1068,1053,1348,1067,833
"TMEM260",602,579,670,613,468,606,628,415,809,767,455
"DET1",149,114,143,106,124,115,154,127,122,186,99
"SNTN",0,0,1,0,0,0,0,0,0,0,0
"DDX58",194,146,187,207,133,221,185,158,398,433,274
"CHD3",12553,13433,14995,13116,11956,13286,14790,10310,13958,16226,11015
"AC091948.1",0,0,0,0,0,0,0,0,0,0,1
"EPS15",2887,3335,3551,3395,2560,3350,3946,2907,4197,4435,3034
"SVEP1",334,442,347,304,234,431,321,254,197,146,99
"RGPD6",12,18,18,20,6,14,15,9,23,13,13
"NMS",0,0,0,0,0,0,0,0,0,0,0
"CYP1A2",0,0,0,0,0,0,0,2,1,0,0
"RBM17",3683,4294,4057,4584,3521,3559,4552,3136,4463,4788,3384
"RPL28",12453,12883,10748,13833,11320,10839,12614,9363,14291,14819,9515
"ZBTB49",91,132,105,117,90,124,103,72,119,140,91
"ANKRD36C",100,110,92,104,58,131,101,118,139,131,112
"ZC3H4",2474,3338,2984,3365,3170,2266,3013,2287,2995,3283,2571
"CYFIP2",29,21,39,34,32,46,27,17,33,39,21
"SH3RF2",66,70,86,63,62,75,66,86,102,76,96
"ITGA5",3849,4167,4092,4023,3623,3602,4408,3858,5037,5325,3469
"OR10H5",0,0,0,0,0,0,0,0,0,0,0
"SAMD9",716,862,908,877,440,749,1168,687,1234,1733,1054
"HOXB7",0,0,0,0,0,0,0,0,0,0,0
"ZDHHC3",3244,3737,3470,4167,3100,2852,3633,2701,4368,4695,2957
"REEP3",2863,3227,2833,3199,2534,3174,2807,2495,3790,2892,2505
"RP11-618P17.4",0,0,0,0,0,0,0,0,0,0,0
"FGA",0,0,0,0,0,0,0,0,0,0,0
"ANKRD52",7628,8013,9223,7596,7573,6607,9173,5786,7081,9108,5944
"PLCG2",18,11,9,15,10,7,15,14,14,23,16
"AIPL1",0,0,0,0,0,0,0,0,0,0,0
"PRRX2",4,2,2,4,9,2,8,4,9,8,2
"MS4A13",0,0,0,0,0,0,0,0,0,0,0
"CCDC53",474,578,484,463,314,612,492,525,621,525,391
"AFAP1L1",767,780,873,667,681,647,910,631,612,661,449
"SIAH3",0,0,0,0,0,0,0,0,0,0,0
"NANOS1",230,292,225,352,293,200,308,204,293,298,199
"RP11-738G5.2",0,0,0,0,0,0,0,0,0,0,0
"IPCEF1",1,1,0,0,0,0,2,1,0,0,0
"MAP3K19",0,0,0,0,0,1,0,0,0,2,0
"GPR139",0,0,0,0,0,0,0,0,0,0,0
"PROCA1",101,74,94,61,76,100,65,108,88,97,96
"STC1",844,1343,1504,1459,1258,1472,1202,1358,1918,1059,938
"AL359091.2",7,4,3,1,0,9,3,3,1,0,2
"TSTA3",1705,1698,1612,1626,1554,1418,1783,1309,1869,1930,1321
"SIRT6",644,723,677,762,751,478,706,493,725,810,607
"GRB2",3828,4670,4722,5203,4736,3705,5037,3475,4822,5787,3447
"PIH1D3",0,0,0,0,0,0,0,0,0,0,0
"HIPK1",3413,3622,3788,3375,2906,3463,3834,2270,3732,3579,2280
"CEP97",904,842,919,688,542,1059,936,688,922,740,517
"KRTAP3-2",0,0,0,0,0,0,0,0,0,0,0
"MYBPH",0,1,0,0,0,0,0,0,0,0,0
"RND3",2494,2918,2330,3642,1949,2665,3025,2334,4732,5105,4046
"C8G",7,4,3,6,5,4,8,8,11,17,13
"SMYD4",1096,904,1078,885,848,947,1155,820,1027,1210,814
"ABCA3",6,14,34,24,39,19,14,11,29,43,31
"SCGB3A1",0,0,0,0,0,0,0,0,0,0,0
"ACBD6",1508,1731,1691,1744,1354,1561,1825,1490,1849,1825,1391
"FAM117A",66,80,121,99,99,102,78,108,77,95,81
"COX7B",3659,4004,1737,4042,1120,4128,1661,3054,5214,1965,2946
"SHISA5",3888,4240,4420,4444,4761,3504,4439,3447,4256,5045,3095
"DNASE2B",1,0,0,0,0,0,0,0,0,0,0
"AL139333.1",0,0,0,0,1,0,0,0,1,2,0
"LARP7",2180,2623,2463,2535,1594,2029,2538,1811,2291,2338,1894
"FCHO2",597,635,622,484,454,624,646,517,706,707,517
"MANEA",689,752,651,556,469,780,712,607,765,562,422
"KAT8",1224,1385,1481,1306,1281,1120,1503,1076,1240,1390,914
"GGA3",1535,1433,1484,1353,1403,1273,1558,1220,1615,1816,1217
"EMC9",421,418,365,448,341,300,408,292,478,459,265
"FAM149B1",220,261,272,205,157,238,241,210,328,315,236
"URM1",1586,1920,1634,1760,1517,1284,1645,1316,1686,1614,1224
"ENDOG",543,664,644,691,896,464,698,468,790,745,435
"PKIA",30,32,35,18,14,33,42,28,30,33,24
"SLC22A12",0,0,0,0,0,0,0,0,0,0,0
"PAF1",2122,2437,2229,2282,2171,1875,2555,1658,2442,2716,1663
"CAPSL",5,3,1,2,0,2,4,0,3,2,2
"OR5K1",0,0,1,0,0,0,0,0,0,0,0
"GSTT2",162,161,221,148,189,179,195,162,191,226,156
"BCAP31",11354,12279,10909,12211,11607,9931,11740,8877,12475,12382,8452
"KIAA1549",1195,1121,1228,1013,957,1285,1294,1030,1398,1303,1033
"ZNF846",19,20,22,14,13,29,27,18,18,27,22
"ERBB4",14,16,33,9,5,21,24,23,21,11,4
"BAZ2A",7004,7415,9548,7252,8070,7983,9099,6407,7821,9574,6129
"RASIP1",9,5,15,7,8,13,2,6,4,9,6
"PCM1",3456,4013,3875,4372,2522,3623,4162,3033,4330,4685,3135
"SLC26A6",1552,1472,1566,1200,1311,1585,1470,1278,1753,1447,1290
"ZDHHC13",786,764,722,798,521,838,791,713,1186,1010,778
"SLC9A3",1,1,0,0,0,0,0,0,0,1,0
"MYF5",0,0,0,0,0,0,0,0,0,0,0
"PLOD1",7822,8189,8539,7952,8333,7649,8713,6787,9033,9027,5490
"MC1R",77,103,64,78,51,68,72,55,77,76,54
"F13B",0,0,0,0,0,0,0,0,1,0,0
"PSMD11",9818,10668,10073,11042,9570,8716,10762,7869,11556,12115,8074
"C2CD3",1097,1293,1273,1117,921,1061,1353,929,1240,1501,904
"SLC25A41",5,2,1,0,0,2,1,1,0,1,0
"CXXC5",488,443,547,419,650,510,522,450,579,591,308
"PLEKHH3",639,691,670,622,927,610,667,642,687,659,479
"RP11-650K20.3",14,18,20,16,21,19,12,14,14,24,13
"DNPH1",344,380,450,378,643,393,427,402,446,413,256
"AL590714.1",0,0,0,0,0,0,0,0,0,0,0
"RIMS1",3,3,3,3,3,3,5,2,6,3,2
"GATAD2A",5761,7450,7145,8480,8448,4822,7738,4990,7468,9578,5359
"FASTKD1",1289,1295,1438,1318,975,1276,1426,1055,1556,1395,1003
"AGPS",4191,4888,4953,5314,4364,4206,5554,3423,5982,6470,3743
"LRRFIP2",1782,2024,1967,2211,1649,1687,2115,1536,2478,2900,2022
"ZNF77",144,138,118,141,104,155,161,125,150,128,126
"MICU1",1177,1250,1472,1294,1035,1345,1398,1190,1321,1512,966
"C14orf93",267,224,334,253,299,314,300,231,248,270,195
"TANC1",2052,2513,2719,2453,2262,2577,2772,2018,3130,3231,2186
"SLAIN1",234,175,271,182,282,212,277,179,206,266,117
"RP11-404P21.8",0,0,0,0,0,0,0,0,0,0,0
"CCDC39",8,9,8,6,3,11,7,3,7,2,2
"HKR1",550,547,518,399,301,521,599,520,466,470,417
"IFNL2",0,0,0,0,0,0,0,0,0,0,0
"ITGAV",3308,3651,2773,3279,2262,3822,2947,2570,4302,3282,2663
"ZNF679",0,0,0,0,0,0,0,0,0,0,0
"AC011997.1",0,0,0,0,0,0,0,0,0,0,0
"MANF",3411,3006,3080,3292,2656,3189,3528,2419,3668,3746,2215
"MOV10L1",0,0,1,0,0,0,0,0,0,0,0
"ATP5L2",3,3,3,2,2,2,3,2,4,1,2
"C7orf71",0,0,0,0,0,0,0,0,0,0,0
"ZFYVE21",692,701,824,739,786,660,845,595,917,934,563
"C8orf31",0,0,0,0,0,0,0,0,0,0,0
"TBC1D7",514,608,456,483,357,464,516,490,572,528,407
"ZSWIM8",1573,1624,1700,1368,1384,1416,1706,1277,1611,1902,1258
"HS6ST3",0,1,1,0,1,0,1,0,3,4,4
"SERTAD4",1237,1272,1321,1276,992,1436,1423,1122,1575,1258,873
"MBD2",4865,5457,5207,5663,4316,4987,5629,4139,6086,5918,4058
"TTI1",2098,2132,2469,2280,2003,1810,2699,1621,2476,3070,1712
"DEFB4A",0,0,0,0,0,0,0,0,0,2,0
"GLUD1",5133,5572,6034,5394,4496,5284,6609,4663,6666,7278,4385
"NDUFAF3",996,1139,1059,1230,1411,935,1300,1000,1389,1686,884
"BPIFB6",0,0,0,0,0,0,0,0,0,0,0
"ARHGAP32",485,481,592,501,465,528,593,417,574,721,470
"MYBPC1",20,15,28,15,23,27,18,17,20,17,7
"MPI",1392,1450,1630,1386,1403,1285,1763,1305,1509,1829,1060
"PWP1",2893,3687,3394,3990,2952,2712,4005,2563,4064,4303,2941
"ZBTB21",974,862,979,725,696,969,1177,630,1015,1131,661
"ECT2L",3,1,1,1,1,0,2,3,3,2,1
"OGFOD2",527,587,466,459,354,430,458,440,466,475,354
"OR4N4",0,0,0,0,0,0,0,0,0,0,0
"ITGB1",13027,14721,13000,15331,9842,15258,15556,12425,18386,16683,12639
"WDR83",294,279,302,293,269,254,315,194,321,313,204
"TSPAN14",3278,3730,3618,3807,3823,2890,3945,3354,4122,4766,3148
"BZW2",3564,3995,4106,4075,3039,3495,4379,3146,4399,4675,2872
"FAM3A",1645,1865,1792,1728,1695,1323,1796,1493,1642,1789,1127
"NOTCH3",884,708,1130,1080,1836,960,888,867,1415,1858,953
"LRRC37A",20,28,26,11,5,30,27,19,23,20,14
"TMEM141",266,261,223,396,283,232,258,273,339,347,252
"OOEP",0,1,1,0,0,0,0,1,0,1,1
"NSF",2418,2573,2672,2678,1808,2170,2971,1817,2909,3578,2003
"STK32C",791,843,870,926,1036,682,953,696,957,992,614
"PACSIN3",1913,2033,2232,2015,2261,1623,2286,1644,1952,2397,1425
"RELL1",79,125,101,116,75,83,112,110,118,108,116
"PODXL2",141,166,161,257,242,112,133,109,261,206,126
"ATP8B1",959,1185,1085,1156,866,1122,1220,973,1344,1446,1060
"PEG3",0,0,0,0,0,0,0,0,0,0,0
"SLC8B1",869,979,982,1079,940,780,1043,958,1231,1453,1187
"QRSL1",1310,1564,1530,1537,1111,1311,1639,1123,1586,1793,1139
"SLC45A1",14,3,7,10,13,13,3,9,10,8,3
"DNAH1",26,19,15,19,22,34,17,19,28,24,11
"RAB1A",4860,5444,5548,5413,5058,5334,6012,4396,6588,6831,4265
"HOXB6",0,0,0,0,0,0,0,0,0,0,0
"NXPH1",0,0,0,0,0,0,0,0,0,0,0
"OR4B1",0,0,0,0,0,0,0,0,0,0,0
"WWTR1",5259,5882,5882,6318,5805,4900,7027,4207,7030,8046,4785
"ABCC9",267,348,250,325,196,217,434,188,533,635,350
"LRTOMT",138,137,135,103,87,128,130,114,118,133,81
"CDK9",2367,2609,2607,2532,2588,2068,2734,1955,2942,3190,1935
"CXorf27",0,0,0,0,0,0,0,0,0,0,0
"VIPAS39",566,522,584,453,382,462,604,451,560,661,407
"FAAH2",131,154,199,133,95,165,168,164,176,174,110
"BST2",1260,1195,1278,1968,1598,1311,1275,1122,2560,2519,1579
"CTD-2267D19.3",120,184,223,305,340,177,182,173,264,324,244
"RRAD",39,40,32,76,50,30,33,22,85,98,59
"DDX6",4639,5282,5127,5142,3321,4364,5573,3482,5363,5894,3733
"CNTF",84,138,61,118,63,57,83,96,96,99,96
"SRCRB4D",35,45,31,60,47,22,36,29,49,51,30
"MGLL",1863,2050,2439,2677,2564,2267,2514,2313,3320,3621,2708
"TMED3",2660,3033,2570,2826,2293,2434,2668,2440,3141,2583,1911
"PREX1",9,12,15,24,19,14,23,18,22,40,17
"RILP",118,151,185,195,216,134,114,183,213,292,185
"TFR2",0,0,0,2,0,0,1,0,3,1,2
"CDH1",8663,9547,8428,12756,8974,9512,9653,8784,17474,18765,14147
"PPP4C",4648,5556,5308,5851,4841,4422,5513,4425,5892,6584,4100
"TSC2",1322,1359,1325,1166,1120,1172,1433,1068,1365,1571,970
"DIAPH3",1901,2114,2082,2400,1615,1943,2227,1851,2610,2538,1831
"KCTD20",5954,6464,7185,6194,4711,6234,7535,5756,7237,7037,4794
"CTNNAL1",3369,3867,3558,4944,2970,3205,4063,2964,5137,5137,3468
"OXGR1",0,0,0,0,0,0,0,0,0,0,0
"IPO8",3151,3565,3991,3004,2617,3185,4096,2689,3353,3601,2235
"LRRC59",9833,11523,10574,12147,10558,8625,11687,8044,12001,13457,8710
"ANK3",818,977,1229,918,802,1384,1012,1024,1205,1302,832
"PYCARD",82,93,98,120,156,112,97,80,137,174,85
"GPR55",2,1,3,0,1,0,0,0,0,1,1
"TM2D1",308,453,252,343,205,429,280,303,412,320,313
"STAT3",3501,3797,4149,4264,3704,3245,4302,3041,4715,6023,3550
"RP11-201K10.3",3,5,2,4,1,2,1,3,10,5,4
"WDR38",0,0,0,0,0,0,0,0,0,2,0
"MRPS33",692,839,666,822,424,667,678,574,768,745,508
"FAM118A",515,561,539,675,540,387,728,405,635,728,496
"MAPK1IP1L",5510,6403,6467,6244,5641,5782,6567,4626,6454,6315,4536
"PGM2L1",831,742,876,769,700,768,915,531,973,1084,554
"AP5B1",723,886,947,1241,1218,694,890,763,1238,1413,859
"LRRN4",7,5,10,11,5,3,12,7,20,24,12
"DNAJC14",1023,1129,1167,1342,1207,993,1277,976,1372,1593,986
"ELK4",2330,2622,2543,2306,1803,2538,2726,1766,2611,2430,1904
"PRKAB1",503,615,455,567,378,410,522,431,562,560,403
"KDELR3",173,219,232,263,219,242,226,288,380,358,304
"BARX1",0,0,0,0,0,0,1,0,0,0,0
"C7orf33",0,0,0,0,0,0,0,0,0,0,0
"IL17F",0,0,0,0,0,0,0,0,0,0,0
"NCAPH",2002,2519,2263,2824,1806,1872,2609,1788,2640,2919,1824
"MRPL41",1438,1726,1287,1582,1812,1154,1455,1209,1731,1730,1083
"RASAL2",1332,1495,1394,1736,1111,1458,1577,1081,2166,2043,1500
"IL13",0,0,0,2,0,0,0,0,0,0,0
"PRAF2",110,129,98,130,144,113,126,138,188,133,119
"SLC18A2",1,0,0,0,0,0,0,0,0,0,0
"SERP1",5790,6027,5775,6060,5586,5397,6363,4324,7158,6880,4255
"CABP4",2,1,0,0,0,0,0,0,0,1,0
"DBP",155,158,157,117,180,132,128,115,135,128,85
"GOLGA2",3504,3829,3736,3423,3480,3524,3768,3365,3803,3989,3186
"EME2",188,256,181,187,146,171,192,132,184,185,134
"KIF5B",10637,12077,11815,12402,8898,10855,13367,8643,13541,14184,9429
"PLCG1",2936,3273,3189,2968,2752,3387,3139,2674,3488,3402,2576
"FAM221B",0,0,0,0,0,0,0,0,0,0,0
"PPP4R1",5587,6295,5741,6263,4254,5003,6778,4458,7214,7733,5025
"TMPPE",183,227,166,232,155,126,170,122,202,195,174
"LRWD1",754,933,811,907,935,609,990,618,824,980,506
"CCDC37",0,0,0,1,0,0,0,0,0,0,0
"SEC63",6301,7089,6299,7380,4735,7020,6628,5749,8044,7038,6019
"MRPL14",2120,2393,1683,2470,1329,1807,1800,1631,2523,2082,1635
"TATDN1",1465,1561,1331,1744,1156,1560,1477,1260,1976,1560,1261
"INPP5D",2,0,1,0,8,4,0,4,1,3,1
"DVL1",5837,6695,6760,6323,7319,4793,7210,5079,6366,7597,4191
"HIST1H4E",28,38,26,45,19,9,23,13,37,29,19
"IFITM5",0,0,0,0,0,0,0,0,0,0,0
"CPVL",1765,1691,1762,1390,1054,1769,1719,1592,1411,1207,925
"FAM47B",0,0,0,0,0,0,0,0,0,0,0
"PCDHAC2",37,26,32,26,34,33,34,34,36,20,12
"SCAF11",4395,4866,5109,5207,3194,4709,5225,3728,5343,5654,3797
"ZNF681",441,467,422,389,245,422,366,264,406,393,330
"FAM171A2",4,4,6,5,10,3,5,7,4,6,2
"TMEM127",1851,2191,2007,2350,1821,1663,2038,1696,2451,2667,1768
"STRA8",0,0,0,0,0,0,0,0,0,0,0
"KCNV1",86,64,99,106,103,88,91,65,131,149,91
"CBR1",2403,2576,2489,2621,2427,2089,2717,1903,2683,2836,1619
"MTF2",1309,1470,1477,1495,1046,1371,1588,1050,1707,1743,1145
"CCNA2",5749,6524,5738,6695,5522,4925,6253,4353,6701,6091,4344
"ORM2",0,0,0,0,0,0,0,0,0,0,0
"THAP8",47,41,60,56,69,45,39,41,56,68,40
"CCDC113",37,41,64,27,59,45,63,49,32,39,22
"ZNF365",184,241,193,378,188,201,235,152,442,552,366
"MASTL",1823,2347,2285,2537,1766,2031,2468,1774,2937,2768,1922
"PELO",1429,1554,1567,1644,1288,1462,1814,1199,1875,2019,1207
"NDRG4",46,60,61,64,49,91,43,76,86,66,64
"HSD11B1",4,7,1,10,3,3,1,5,11,24,14
"PIK3R1",1720,2253,2005,1593,1068,2081,1726,1463,1329,1027,808
"AMMECR1",2115,2218,2308,2432,1973,2059,2376,1649,2836,2669,1929
"ENTHD2",360,353,297,307,361,235,343,234,337,354,235
"SMN2",133,171,155,164,122,116,214,110,170,215,138
"ITCH",5296,6131,6009,6620,4233,5474,7183,4925,7473,8487,5352
"LEFTY1",0,0,1,2,1,0,0,0,0,0,1
"PPP6R2",1141,1088,1206,1056,1035,1076,1250,1009,1347,1367,981
"TSEN15",1708,1952,1647,2064,1447,1763,1663,1613,2105,1671,1401
"PDE1A",4,0,2,3,3,1,5,2,2,5,5
"PPID",4910,4539,5516,4998,4513,4380,6530,3464,5359,6619,3519
"HIST2H2AC",10,13,4,13,6,6,4,3,12,6,9
"RFPL3",0,0,0,0,0,0,0,0,0,0,0
"REG1B",0,0,0,0,0,0,0,0,0,0,0
"DCXR",1026,988,994,1045,1022,755,1005,814,981,916,594
"COL22A1",0,0,0,0,0,0,0,0,0,0,0
"ZBTB22",518,533,635,434,452,529,597,456,375,506,312
"SZRD1",9082,11302,10347,11632,9147,8809,10998,8099,10505,12508,7945
"SLC25A42",41,34,59,37,53,55,54,38,53,54,18
"C16orf86",47,36,47,25,32,51,42,55,31,28,23
"OR6V1",0,0,0,0,0,0,0,0,0,0,0
"RAB3GAP2",4136,4255,4687,4118,3166,4381,4919,3458,5142,5385,3495
"FOSB",116,95,120,147,198,101,138,111,140,222,106
"ATP6V1H",1258,1390,1327,1321,1055,1310,1513,1101,1660,1742,1081
"RP11-1118M6.1",0,0,0,0,0,0,0,0,0,0,0
"CATSPER1",30,19,24,39,34,22,20,22,54,55,38
"USP5",5818,6603,6886,6025,5515,5367,7024,5088,6087,7423,4287
"OCM",0,0,0,0,0,1,0,0,0,0,0
"SSX2IP",1831,2178,2069,1950,1467,1790,2038,1424,2123,2114,1407
"PIGP",504,579,554,537,443,529,591,475,594,597,409
"S1PR1",49,84,50,165,65,81,64,59,223,156,178
"HOXB13",0,0,0,0,0,0,0,0,0,0,0
"APOBR",47,36,43,27,39,68,54,49,47,57,39
"GNAI2",4871,5435,6164,5571,6048,4899,5873,4729,5964,6432,4451
"CCDC88A",2454,2713,3170,2300,1754,2657,3130,2110,2425,2234,1776
"TICAM2",1,4,6,0,1,1,2,1,3,2,2
"SLC10A3",1952,2388,1924,2648,2246,1344,2098,1495,2153,2550,1589
"GOLGA8A",2946,2838,2494,2194,1689,3262,2478,2336,3542,2464,3178
"CEBPB",5420,5642,6189,5507,6862,4712,5896,4193,5182,5445,2724
"KM-PA-2",2,1,0,1,0,1,0,0,0,0,0
"AMT",123,97,140,51,79,127,91,124,103,85,124
"C12orf60",135,80,55,85,53,93,73,84,125,59,64
"GLS2",107,90,144,172,255,114,125,82,296,346,165
"AGBL3",21,22,23,17,5,15,12,11,19,15,11
"LECT2",1,0,0,0,0,0,0,0,0,0,0
"MRPL30",0,0,0,0,0,0,1,0,0,1,0
"MSH4",5,5,2,0,3,3,5,0,2,6,6
"SYNGR4",9,13,9,17,17,8,10,13,15,20,12
"MT1M",0,0,0,0,0,0,0,0,0,0,0
"THAP9",188,216,193,261,123,223,194,166,248,205,196
"C18orf54",906,752,891,501,492,759,837,653,660,608,409
"FIS1",1420,1623,1325,1455,1217,1345,1364,1194,1620,1415,1045
"PRTG",124,154,144,107,62,166,132,103,79,87,69
"PCIF1",1105,1327,1292,1295,1278,1081,1254,1152,1299,1470,908
"JAK1",2074,2333,2406,2393,1770,2282,2802,1920,3030,3609,2117
"PHC1",323,346,422,266,269,346,380,351,319,262,201
"AL354993.1",0,0,0,0,0,0,0,0,0,0,0
"TAGLN3",2,3,1,2,0,0,3,1,4,5,0
"CSGALNACT1",598,862,880,1050,704,797,955,686,1116,1496,860
"DONSON",1217,1409,1172,1405,942,986,1346,959,1574,1656,1118
"P2RX6",44,37,31,36,25,18,30,28,36,51,32
"AC024940.1",0,1,0,1,0,0,1,2,0,1,0
"AMER2",0,0,0,0,0,0,0,0,0,0,0
"NLRP7",5,3,8,5,9,3,13,4,10,10,2
"MAOB",193,174,282,191,247,251,192,193,168,232,102
"FMO6P",0,0,0,0,0,0,0,0,0,0,0
"GRIA1",0,0,0,0,0,0,0,0,0,0,0
"ATL3",6420,6902,6624,7694,5317,6815,6833,5588,8794,7744,5943
"COL6A6",0,0,0,0,0,0,0,0,0,0,0
"GON4L",1625,1781,1767,1569,1133,1666,1831,1428,1816,1929,1411
"PANK3",7196,8743,9304,8103,7264,9015,9742,6483,9793,9361,6458
"DEFB104A",0,0,0,0,0,0,0,0,0,0,0
"UGCG",980,1131,836,1256,893,1041,970,863,1719,1256,1269
"SIGLEC8",0,0,0,0,0,0,0,0,0,0,0
"OR4A5",0,0,0,0,0,0,0,0,0,0,0
"RPL32",20526,22950,16208,23304,12458,19883,18827,16474,26290,21274,16398
"TSR1",10066,12518,11368,12846,9054,8398,13052,7599,12124,14410,9044
"TOX2",639,718,1012,637,1037,757,754,880,512,477,426
"ZZZ3",3377,4012,3608,4309,2358,3387,4210,2625,4277,4252,2819
"ITIH3",0,0,0,0,0,0,0,0,0,0,0
"EZH1",816,697,587,517,445,709,638,599,697,640,549
"RP11-182J1.16",0,0,0,2,0,3,1,4,4,0,1
"GRIN3B",1,2,1,0,0,3,3,5,2,0,2
"HEATR6",1001,1076,1083,1041,760,944,1222,829,1082,1207,785
"FAM76A",505,526,559,478,507,501,606,449,519,466,434
"CLPP",1501,1709,1671,1754,1973,1239,1802,1272,1734,1917,1258
"MAPK11",378,280,364,248,275,333,341,335,360,318,198
"PCDHB8",0,0,0,0,0,1,0,0,0,0,0
"GOLT1B",2606,3231,1853,2870,1508,2803,1804,2178,3649,1868,2242
"PDZD4",3,3,3,8,4,4,1,4,3,15,2
"AASDH",306,319,366,281,264,385,385,269,360,310,274
"VWA1",67,95,97,152,206,97,83,99,185,194,113
"FASTKD3",369,469,341,459,211,370,394,297,456,384,338
"CYP4F3",13,20,9,17,13,4,9,12,35,74,41
"ARF3",8259,9945,10732,10256,11038,8242,10299,8118,9360,11047,7608
"ZMYM6",864,953,997,798,638,978,976,748,1003,922,705
"ERVMER34-1",0,2,4,4,0,0,2,2,0,1,2
"CCR2",0,3,0,0,0,2,0,1,1,0,0
"ZFC3H1",2123,1723,2146,1614,1315,2114,2218,1569,2010,2148,1537
"GAA",1516,1553,1540,1654,1839,1254,1388,1260,1751,1643,1208
"MVB12B",187,224,236,235,184,163,201,198,193,185,138
"C2orf71",0,0,0,0,0,0,0,0,0,0,0
"RGMB",691,678,711,716,658,706,787,574,775,693,553
"TYW1B",86,93,59,80,37,70,69,48,88,75,57
"SPCS3",8484,9685,6530,8597,5243,8408,7022,6266,10142,6899,6779
"BTLA",1,0,2,0,0,2,1,1,2,0,0
"BNIP1",292,345,310,400,253,258,373,274,372,335,254
"THAP7",566,627,580,759,738,453,568,444,673,752,441
"SP2",721,976,838,929,826,641,950,642,899,1067,635
"NBEAL1",570,596,806,512,413,893,773,493,835,827,511
"NYAP1",23,32,36,11,21,42,23,31,11,15,11
"C3orf14",198,261,201,421,198,202,200,184,437,291,260
"WBSCR27",48,42,53,35,49,43,35,60,36,78,36
"TMEM181",3233,3548,3495,3353,2683,3424,3829,2753,3556,3599,2452
"MAP7",3957,4487,4331,4546,4455,4498,4325,3429,4752,4678,3171
"RSPH10B",2,1,0,3,2,2,3,0,4,2,4
"ACTL6B",0,0,0,0,0,0,0,0,1,0,0
"SPRY1",96,66,97,74,168,86,112,82,141,139,108
"TOPORS",724,804,964,774,592,796,928,612,842,918,595
"YARS2",954,1142,1081,1135,901,855,1300,776,1172,1295,690
"CXCL3",202,189,161,123,112,197,219,107,261,212,120
"SPECC1L",2623,3208,3006,3416,2481,2522,3435,2104,3123,3760,2181
"ZNF611",337,336,401,336,247,321,423,266,389,448,375
"DMRTC1B",0,0,0,0,0,0,0,0,0,0,0
"RBM24",13,18,15,28,20,16,29,13,31,22,24
"CADM4",119,123,124,155,115,150,126,76,118,145,71
"P2RX2",0,0,0,0,0,0,0,0,0,0,0
"PLA1A",0,1,2,0,0,1,1,4,2,2,1
"SLC15A3",0,0,0,0,0,0,0,0,0,0,0
"UTP20",4021,5280,4653,5944,2999,4046,5506,2727,4992,5430,3369
"ZDHHC9",2269,2568,2856,2661,2598,2314,3085,2246,3031,3582,2259
"ANKRD30B",6,5,0,1,2,7,7,12,4,2,0
"ITIH5",0,0,0,0,0,0,0,0,0,1,0
"TRMT1L",1757,1702,2072,1320,1225,1736,2138,1384,1695,1764,994
"POLG2",569,475,549,401,409,509,564,354,458,442,313
"VPRBP",2129,2501,2516,2501,1876,2161,2782,1609,2692,2928,1871
"SLITRK4",159,135,191,84,123,241,196,188,126,81,69
"PI4KB",1599,1755,1719,1659,1364,1288,1865,1313,1846,1947,1262
"DESI1",2775,2838,2985,2911,2652,2291,3371,2097,2984,3647,2060
"SYK",20,14,13,15,13,20,21,11,29,31,33
"CAPN14",3,2,8,1,4,5,8,2,7,9,8
"RAPGEF2",944,1148,1220,1124,834,1312,1307,1022,1600,1611,1225
"ZNF594",373,342,323,336,201,294,396,178,325,417,264
"CDK18",673,615,825,695,924,704,697,627,803,890,595
"CYP2B6",0,0,0,0,0,0,0,0,0,0,0
"TBL1XR1",7378,8869,8241,7878,7208,8553,8649,6024,9115,8078,6052
"ZNF844",0,0,0,0,0,0,0,0,0,0,0
"MAN1A1",590,515,683,456,588,700,665,611,730,727,497
"PDE4C",21,10,18,21,11,11,12,11,34,34,28
"MRPL38",2260,2626,2111,2679,2181,1606,2336,1625,2376,2658,1580
"TSPY3",0,0,0,0,0,0,0,0,0,0,0
"MPP7",1063,1290,1025,1173,737,1146,1115,879,1420,1116,1062
"TMEM192",2326,2689,2374,2492,1669,2430,2505,2060,2692,2457,2044
"SH3GLB1",3353,3833,3964,3704,2849,3806,4130,3301,4572,4483,3108
"SUSD5",14,10,3,13,11,5,9,5,12,15,11
"MMP24",12,8,12,8,4,5,10,10,14,15,7
"C7orf66",0,0,0,0,0,0,0,0,0,0,0
"XCL1",0,0,0,0,0,0,1,1,1,1,0
"RHO",0,0,0,0,0,0,0,0,0,0,0
"SCRIB",3335,3854,4437,3910,5027,2828,4105,2944,3509,4303,2410
"FAM27A",31,31,28,59,41,23,21,20,55,51,37
"SLC38A2",17440,17605,14175,16797,12646,19730,15819,10638,24343,15967,11040
"NUTM2G",1,0,0,1,0,0,1,0,0,2,0
"KRT32",0,0,0,1,0,0,0,0,3,0,0
"DAND5",0,1,5,6,0,0,1,2,5,3,5
"FBXW11",2379,2355,2667,2428,1944,2672,2893,2036,3006,2887,1865
"GUSB",2291,2567,1992,2656,1940,2167,1990,1985,2905,2315,2013
"EID2",533,601,553,600,532,467,639,372,576,643,377
"FNDC4",0,0,0,1,1,0,5,2,3,2,1
"KIAA1671",2294,2408,2577,3010,2553,2183,2444,1909,3006,3333,2269
"OR2Z1",0,0,0,0,0,0,0,0,0,0,0
"BCL2L2",1505,1486,1504,1465,1093,1570,1582,1264,1630,1724,1310
"CHAC1",70,69,62,109,99,49,71,68,109,167,59
"KDM5A",4949,5620,6092,5854,4007,5879,6369,4613,6118,6817,4784
"YEATS2",2766,2783,3353,2654,2562,2828,3423,2178,3030,3469,1998
"CHMP3",2541,2965,2879,2995,2120,2499,3034,2552,3434,3566,2581
"FGFBP2",0,1,2,0,1,0,1,2,1,3,1
"PTX3",130,184,132,191,102,112,143,116,156,134,87
"PITX1",973,1105,1211,1260,1908,784,1137,948,1266,1481,990
"PGRMC2",2063,2202,2051,2020,1428,2427,2123,1736,2288,1841,1598
"EIF2AK4",5697,6584,7993,6083,5729,6310,8539,5591,6912,8085,4955
"NNMT",3500,4147,3805,4504,2788,4131,3617,3025,4132,2933,2498
"DUOX2",1,0,1,2,3,3,2,2,10,6,0
"TAT",0,0,0,0,0,1,1,0,1,0,1
"DYRK2",1398,1480,1530,1470,1334,1524,1590,1136,1724,1684,1333
"AATF",4089,4734,4500,4949,3686,3283,5332,3010,4589,5970,3528
"PIGV",905,727,965,654,833,754,890,822,868,905,566
"MAPK1",5347,5871,6528,6080,5162,5772,6927,4695,7043,7665,4531
"TNFRSF9",2,3,1,3,2,3,1,3,6,5,9
"PTPN12",5724,6240,6889,6263,4669,6244,8005,5053,7952,8853,5726
"YY1AP1",1451,1676,1604,1750,1348,1294,1778,1207,1931,2065,1319
"BOC",18,18,19,21,22,24,18,12,13,17,14
"FABP6",0,4,2,1,0,1,1,1,1,1,0
"NR5A2",6,8,6,10,7,8,16,6,1,17,6
"KBTBD12",1,0,0,1,0,0,0,0,0,0,0
"MMP17",374,377,513,430,668,379,488,364,486,595,374
"LECT1",0,0,0,0,0,0,0,0,0,0,0
"TIMM9",1307,1408,1297,1560,764,1407,1315,1126,1673,1359,1032
"TMEM87B",1758,2037,1755,1760,1297,1876,1891,1587,2230,1869,1632
"C12orf61",6,9,9,14,9,6,16,6,7,10,6
"BCL2L15",1,1,1,2,0,2,0,1,0,0,1
"C10orf55",53,76,61,65,41,67,70,67,66,75,67
"NEUROG1",0,0,0,0,0,0,0,0,0,0,0
"CLUAP1",916,952,1129,785,694,926,1107,753,857,942,581
"EPG5",1607,1490,1845,1343,1269,1872,2015,1409,2083,2281,1444
"CAPN5",6,14,7,9,15,15,14,12,15,30,12
"OR5P2",0,0,0,0,0,0,0,0,0,0,0
"FOXQ1",453,441,551,640,753,343,726,548,819,1207,699
"GPR112",2,4,2,0,1,1,0,4,4,0,0
"AL121901.1",0,0,0,0,0,0,0,0,0,0,0
"SEPP1",0,0,0,0,1,0,0,0,1,0,0
"NETO2",2752,3431,2962,4247,2829,2575,3467,2217,4713,4525,2823
"ABCB10",2838,3131,2598,2607,2123,2626,2653,2282,3037,2257,1915
"PTPN4",836,916,915,834,555,928,961,676,1018,909,632
"C22orf42",0,0,0,0,0,0,0,0,0,0,0
"ALG10B",788,866,814,610,565,829,812,743,726,520,532
"FAM19A3",3,2,4,3,7,0,4,2,5,4,7
"RBM14-RBM4",0,0,0,0,0,0,0,0,0,0,0
"MRGPRX1",0,0,0,0,0,0,0,0,0,0,0
"RNF7",1711,2174,1644,2055,1101,1748,1727,1580,2388,1890,1511
"ZNF554",254,277,260,248,169,271,262,246,278,277,193
"HECW2",3,4,1,8,4,5,3,4,6,4,3
"GNG11",189,161,106,159,79,148,87,120,121,61,45
"KRTAP10-1",0,0,0,0,0,0,0,0,0,0,0
"MAFB",885,975,818,1051,991,951,752,578,1096,1041,590
"ARHGAP11A",8965,10274,9688,11444,7387,8501,10187,7470,11187,10975,8098
"INA",734,932,962,1551,1346,778,1166,660,1774,2390,1133
"DEFB126",0,0,0,0,0,0,0,0,0,0,0
"RAB9A",850,808,899,777,694,938,917,805,1114,962,709
"C17orf89",668,822,666,793,706,538,780,509,757,752,472
"CTAGE9",2,2,0,1,2,4,1,2,0,1,1
"IQGAP3",3059,2693,2714,2285,2113,2884,2580,2599,3463,2927,2788
"TMEM158",317,448,381,592,742,342,519,249,573,583,338
"TIMM21",2454,2640,2346,2411,1965,2086,2585,1790,2711,2762,1739
"NIPAL4",0,1,0,3,0,1,0,0,2,0,1
"RAP1GAP",353,397,494,403,487,376,471,433,426,675,361
"MTRNR2L2",1520,1421,876,1388,729,1732,1139,1099,2610,1090,1373
"HOXB2",0,0,0,0,0,0,0,0,0,0,0
"TBC1D22B",840,909,937,957,784,806,1035,737,1026,1173,761
"XAGE2B",0,0,0,0,0,0,0,0,0,0,0
"CECR5",1388,1488,1578,1800,1744,1083,1490,1218,1633,1635,1057
"MT1G",0,0,0,0,0,0,0,0,0,0,0
"LLGL1",1610,1755,1707,1549,1795,1310,1717,1436,1691,1902,1278
"FOXI2",0,0,0,0,0,0,0,0,0,0,0
"VPS39",1539,1770,2027,1737,1454,1710,1965,1581,1982,2297,1527
"CCDC58",1698,1891,1465,2212,1099,1619,1617,1288,2062,1854,1546
"OR6C70",0,0,0,0,0,0,0,0,0,0,0
"C11orf52",54,61,57,48,50,58,56,60,52,98,60
"RP11-15E18.4",0,0,0,0,0,0,0,0,0,0,0
"CT47A7",0,0,0,0,0,0,0,0,0,0,0
"RPN1",10088,11033,9027,11772,7539,9368,9620,8331,12877,11468,8450
"CPA1",0,0,0,0,0,0,0,0,0,0,0
"MPZL2",758,655,757,522,433,702,679,659,637,539,494
"RNASE10",1,2,3,4,2,2,3,3,3,4,4
"ZNF646",1473,1699,1693,1669,1590,1287,1732,1103,1653,1988,1144
"FAAH",461,443,433,382,389,551,402,439,563,488,373
"MIER3",789,1017,756,833,533,844,854,541,1025,739,541
"MND1",1019,1028,1045,1066,715,1030,975,861,1031,952,727
"C1orf174",985,890,934,899,837,826,967,754,1121,1014,753
"RNF32",42,47,66,59,45,54,51,71,68,46,48
"DDX17",14447,15123,15880,13504,11653,13787,17175,10776,14663,19316,11073
"ACSS2",4657,4762,9021,4376,7283,7952,7834,7022,7831,7879,4765
"ADAM28",8,6,15,11,11,31,6,14,18,14,13
"CCDC171",328,381,356,311,194,354,384,261,361,387,235
"NDUFV2",4553,4833,3751,4935,2565,4384,3990,3691,5567,4254,3651
"AC012215.1",0,0,0,0,0,0,0,0,0,0,0
"CAMK1",94,96,96,158,147,105,110,72,193,206,128
"SRP72",4082,4414,4380,4600,3273,3947,4502,3394,4865,4821,3471
"RAD54L2",1928,2256,2018,2430,1639,1748,2070,1530,2155,2411,1718
"KMT2C",2161,2653,2798,2953,1842,3160,2751,1799,3029,3170,2155
"NR0B2",0,0,1,1,0,0,1,0,0,0,1
"PIGZ",38,38,41,50,75,64,40,71,67,45,56
"LMNB2",15004,17298,17552,18095,19880,12493,18168,12000,17212,20319,11730
"ZNF33A",1561,1833,1710,1688,926,1552,1813,1270,1692,1735,1233
"MEGF9",585,606,729,459,422,707,680,582,578,543,458
"CXCL2",107,77,81,73,59,118,102,63,129,123,84
"SLC3A1",2,3,2,0,2,2,2,1,1,3,1
"DEFB104B",0,0,0,0,0,0,0,0,0,0,0
"TBC1D3G",0,1,0,0,0,0,0,0,0,0,0
"AMOTL2",1328,1843,1294,2300,1853,1212,1641,1392,2472,2910,2175
"CHRDL2",4,4,1,3,0,3,1,5,1,0,2
"TONSL",1590,1716,1642,1491,1918,1200,1604,1084,1518,1698,1121
"SNAI1",382,354,387,370,328,347,297,204,295,270,173
"OXR1",1351,1514,1566,1546,1113,1536,1588,1331,1717,1681,1290
"RHEB",4015,4631,3965,4993,3862,4291,4394,3907,5781,5094,4077
"GANC",439,439,509,323,275,474,453,392,376,444,306
"LACTB",277,286,382,272,275,304,342,279,302,424,253
"GSE1",1504,1648,1820,1909,1957,1774,1593,1462,2134,2333,1473
"AC136297.1",0,0,0,0,0,0,0,0,0,0,0
"RP2",1144,1088,1093,1080,781,1201,1220,1021,1462,1340,985
"MECOM",327,451,379,359,203,367,457,359,344,465,307
"PTPLAD1",4622,5322,4653,5528,3287,5128,4995,4346,6767,5536,4321
"SCN3A",5,2,1,2,0,0,0,0,2,2,3
"GSAP",503,442,624,480,433,574,666,522,710,908,610
"SH3GL2",414,455,505,400,427,490,604,405,563,696,378
"SLC22A11",0,0,0,0,0,0,0,0,0,0,0
"SSC5D",28,14,34,20,37,20,34,20,35,28,17
"FAM175A",234,235,264,245,175,237,212,164,254,290,175
"POU4F3",1,4,0,0,1,0,0,2,2,1,0
"C8orf47",5,3,2,4,4,4,3,2,1,4,3
"SAMD11",39,46,41,66,59,37,33,45,72,94,42
"PRPF40B",835,799,927,731,778,695,899,682,773,934,643
"MIOS",1140,1179,1412,1233,943,1194,1590,978,1528,1692,1040
"DBNL",2020,2413,2438,2424,2462,1933,2616,1979,2574,3176,1907
"FRA10AC1",725,809,984,670,614,836,933,672,641,699,500
"GTPBP6",0,0,0,0,0,0,0,0,0,0,0
"TUSC2",1019,1224,1066,1137,1086,889,1151,855,1148,1298,902
"THOC6",971,1147,1300,1469,1560,944,1198,1034,1776,1668,1155
"ARAP2",799,916,835,948,539,872,1104,603,1002,1142,681
"C19orf59",1,1,1,1,0,0,3,2,0,0,0
"SUN5",0,0,0,0,0,0,0,0,0,0,0
"LPPR4",0,2,0,0,2,1,1,1,2,0,1
"UGT1A6",3,3,1,2,2,0,1,2,5,1,1
"NARF",2317,2394,2461,2105,1807,2077,2676,1925,2353,2515,1641
"CD99",0,0,0,0,0,0,0,0,0,0,1
"KIF4B",37,30,22,25,23,20,40,15,37,36,16
"WASL",2533,2658,3076,2619,2576,2630,3106,2202,3024,3128,2143
"ZNF26",495,609,555,557,324,494,503,417,623,584,496
"C9orf92",0,0,0,0,0,0,0,0,0,0,0
"NEK1",934,1101,1117,889,590,911,1295,783,951,1168,667
"ABCB5",0,0,0,0,0,0,1,0,0,0,0
"RP11-1070N10.3",1,3,1,0,2,0,0,1,1,0,0
"NOSTRIN",1,3,3,1,5,2,2,2,2,7,3
"SLC43A3",15586,19358,15826,28543,20179,14139,18233,13766,28604,26496,20051
"CDR2L",378,392,462,539,701,327,476,272,503,680,345
"GOLGA8N",7,6,7,3,5,5,4,4,2,4,6
"HSD3B2",0,0,0,0,0,0,0,0,0,0,0
"ZNF112",142,135,126,108,66,106,140,91,91,98,63
"CLUH",9419,11994,9899,11846,11063,7368,10805,6912,10195,11819,7331
"SPANXA1",0,1,0,0,0,0,0,0,0,0,0
"EOGT",440,569,475,553,334,502,525,442,649,535,491
"TRPM3",2,8,5,8,0,11,3,4,5,3,3
"ARL4A",1503,1532,1483,1447,1054,1545,1419,1167,1630,1314,986
"PRSS22",155,159,123,305,230,164,158,179,372,506,370
"RABL5",215,246,206,196,145,217,196,220,236,202,130
"ECHDC3",983,1147,1255,1239,1186,906,1256,1011,1208,1295,861
"PROZ",0,0,0,0,0,0,0,0,0,0,0
"ZFAND1",1951,2280,1709,2287,1109,2108,1655,1918,2779,1869,1892
"DNM2",5024,5810,5826,6166,5850,4741,6160,4469,6410,7387,4490
"CEP164",980,1093,1116,961,940,892,1045,786,999,1091,729
"PLEKHG1",19,36,33,36,30,34,48,46,36,83,41
"TRIML1",0,0,0,0,0,0,0,0,2,0,0
"KLHL35",72,79,99,110,134,54,87,53,129,119,102
"PDIA5",648,660,661,718,656,681,642,696,1022,847,729
"SPATA17",129,131,104,98,69,119,110,111,66,74,54
"SCP2",2035,2145,2257,1698,1338,2411,2347,2018,2276,2048,1569
"TCP10L",5,7,7,6,5,18,7,4,11,0,1
"BAG4",1070,1200,1126,1087,904,985,1177,711,1105,1102,773
"PAPOLA",10850,11954,12836,12711,9615,11026,14386,8455,13665,15348,8946
"SESN2",245,332,284,430,315,275,329,300,469,444,317
"GOT1L1",0,0,0,0,0,0,0,0,0,0,0
"BNC1",4990,5932,5891,5737,4032,5077,6686,4629,6487,7203,4409
"AADACL2",0,0,0,0,0,0,0,0,0,0,0
"ANGPTL3",0,0,0,0,0,0,0,0,0,0,0
"UNKL",873,882,801,994,886,795,781,608,1026,1067,651
"ZNF709",1,2,2,3,0,2,2,1,0,1,3
"LRIT2",0,0,0,0,0,0,0,0,0,0,0
"MREG",510,549,558,607,410,594,616,511,726,695,489
"KCTD4",0,0,0,0,1,2,0,0,0,0,0
"C3orf55",0,0,0,0,0,0,0,0,0,0,0
"REST",1290,1508,1550,1493,1150,1547,1550,1110,1631,1516,1043
"PNPLA7",41,37,46,31,21,53,45,35,38,29,37
"KRT14",48,64,59,60,81,35,83,39,78,218,85
"TCEAL6",0,0,3,6,1,3,3,3,4,2,2
"TMEM209",1242,1566,1455,1541,1222,1352,1446,1122,1573,1479,1132
"OR6C68",0,0,0,0,0,0,0,0,0,0,0
"STK38",2388,2374,2735,2467,1949,2270,3064,1937,3080,3778,2104
"DHPS",1082,1250,1443,1296,1209,1239,1436,1150,1667,1486,1032
"VAC14",876,1105,1202,1211,1099,902,1193,905,1102,1384,811
"RBM47",2103,2214,2476,1784,2038,2287,2498,1903,2156,2392,1593
"TAGLN2",18892,21821,21132,22147,18955,16829,20595,16257,20129,21001,13712
"SPATA13",1016,1190,1249,1315,1147,1132,1377,969,1197,1337,901
"RTN4R",96,92,156,171,278,87,134,135,169,172,105
"RETSAT",3908,4171,3355,4157,2893,4002,3556,3517,5441,4745,3805
"EYA4",533,517,614,383,379,654,612,440,522,549,339
"WWC2",3061,3285,3640,3428,2835,3172,3978,2542,3841,4261,2769
"ADARB2",92,145,195,131,171,140,119,163,136,90,56
"C2orf61",0,1,6,6,2,2,2,3,2,3,1
"PNPLA8",1100,1209,1186,974,673,1217,1208,1043,1449,1426,1035
"ABHD3",937,927,857,839,695,1032,905,918,1415,1336,989
"AL929472.1",0,0,0,0,0,0,0,0,0,0,0
"CHRAC1",1875,2413,1960,2290,2035,1812,2207,1458,2298,2332,1608
"PATZ1",1287,1441,1413,1532,1489,1034,1505,1050,1490,1742,980
"RP11-211G3.3",1,0,0,0,0,0,0,0,0,0,0
"MT-ND3",24640,27702,18189,22031,11956,29054,18671,22349,31155,14081,23297
"SLC9A3R2",1073,1217,1508,1514,1807,976,1444,970,1448,1764,981
"OCIAD1",1518,1742,1458,1718,1034,1640,1557,1429,1889,1644,1286
"RP11-599B13.6",0,0,0,0,0,0,0,0,0,0,0
"ZNF324B",145,158,138,104,127,106,153,99,135,174,83
"CD2BP2",3856,4365,4002,4483,3695,2964,4785,2937,4572,5784,3651
"PPP1R27",0,1,0,5,0,1,2,2,3,3,1
"RAF1",4319,4625,4413,4786,3564,3853,4914,3624,5108,5529,3796
"SNRPD2",4296,4684,2687,4202,2186,4373,3101,3383,5014,3269,3008
"ATHL1",194,207,255,185,265,229,205,263,309,291,263
"AQP2",0,0,0,0,0,0,0,0,0,0,0
"OR5H15",0,0,0,0,0,0,0,0,0,0,0
"SNRPD1",5641,6169,5059,6460,4022,5583,5981,4422,6952,5907,4510
"OR2T35",0,0,0,0,0,0,0,0,0,0,0
"C3orf83",20,23,27,37,24,21,22,36,53,50,40
"ZIC5",219,241,223,277,202,192,259,165,306,271,192
"CSF2RB",1,0,0,0,0,0,0,0,0,0,0
"CLP1",1079,1126,1105,1144,899,828,1194,785,1254,1214,795
"FAM228B",37,39,32,25,24,35,40,32,32,35,33
"KIAA1598",1403,1653,1594,1615,1129,1573,1692,1244,1609,1555,1202
"MAGOH",2603,3013,2296,3004,2054,2558,2882,1856,3196,3149,2056
"WDR73",1080,1414,1084,1307,900,1068,1142,1001,1336,1261,1004
"NKX2-6",0,0,1,0,0,0,0,0,0,0,0
"TRRAP",4479,5662,5827,5822,4150,5394,6031,3739,5374,6122,3489
"ENTPD3",6,10,15,10,14,27,16,24,23,31,24
"ZSCAN5B",0,1,0,0,1,0,2,0,0,0,1
"SFTPA1",0,0,0,0,0,0,0,0,0,0,0
"N4BP3",20,22,20,51,42,32,17,22,44,65,48
"NNT",554,581,787,603,649,693,657,572,877,869,570
"P2RY13",0,0,0,0,0,1,0,1,0,0,0
"COPA",6969,7491,8245,7420,6490,7494,8760,6743,9322,10728,6477
"SQLE",12663,13571,16074,14125,14442,14585,16580,13272,17057,14988,11288
"CALY",0,0,0,0,0,0,0,0,1,1,0
"KDM1A",10832,12319,13080,13263,11798,10138,13748,9231,14244,16586,9965
"FAM72A",638,564,814,576,640,544,846,570,666,755,482
"ARPC1A",3411,3802,3271,3719,2684,3356,3806,3048,4896,5035,3208
"ST8SIA5",2,3,4,3,0,1,1,2,0,5,2
"ANKIB1",1875,2267,2672,2116,1889,2282,2926,1872,2624,3190,1925
"GABRA3",0,0,0,0,0,0,0,1,0,0,0
"TMEM167B",998,1101,1020,910,693,898,1060,836,1103,976,730
"SMAD6",80,113,66,145,120,47,62,37,106,86,62
"UGT1A10",0,0,0,0,0,0,0,0,0,0,0
"TALDO1",4131,4436,4550,4344,3702,3906,5093,3764,5487,6108,3843
"OR2G3",0,0,0,0,0,0,0,0,0,0,0
"SLC35E3",397,523,291,394,213,357,309,367,434,274,299
"CTD-3203P2.2",3,4,0,1,5,1,2,0,3,2,5
"RAB3IP",1045,1003,1263,917,869,1124,1263,990,1203,1327,850
"KCNJ9",0,0,0,0,0,0,0,0,0,1,0
"MROH8",53,48,31,33,27,36,33,27,46,26,30
"ANKRD39",274,331,203,290,217,258,277,257,314,313,211
"CTSF",387,362,382,355,332,432,397,393,498,369,353
"ZNF749",226,292,216,245,133,255,278,193,237,288,202
"ZNF726",73,76,54,70,45,39,50,41,60,43,41
"UACA",1224,1208,1349,1187,786,1186,1323,1104,1140,1177,1000
"UGT2A2",0,0,0,0,0,0,0,0,0,0,0
"NFAT5",3975,4646,3758,4444,2637,4728,3873,2707,4961,4187,3597
"AKR1C3",272,234,290,148,149,310,464,322,252,561,264
"LCE2B",0,0,0,0,0,0,0,0,0,0,0
"PIGC",546,616,543,605,502,511,502,520,685,589,463
"PROS1",86,122,102,99,83,147,97,116,134,129,101
"AC096644.1",0,0,0,0,0,0,0,0,0,0,0
"SELPLG",3,5,4,6,0,4,6,9,14,18,9
"TTLL13",14,10,15,7,8,12,19,11,11,22,9
"CST9L",0,0,0,0,0,0,0,0,0,0,0
"NOLC1",15188,18781,19114,20001,16656,13794,20435,12865,18200,22171,13683
"CCDC117",1405,1176,1550,1290,1193,1355,1482,971,1597,1461,952
"RP11-231C14.4",36,26,21,28,18,41,21,26,52,28,32
"TSPYL2",1004,968,930,958,841,965,862,745,1211,1069,1045
"ARHGEF40",230,171,251,193,234,214,175,215,180,236,174
"C19orf82",64,58,68,70,50,44,65,49,78,104,59
"RP11-159G9.5",82,93,91,101,60,89,85,67,114,102,67
"TAF1B",1520,1841,1563,1896,1175,1578,1863,1386,1877,1814,1356
"NUFIP1",838,921,1091,987,906,790,1037,689,934,1053,615
"SMIM13",1461,1673,1443,1691,1183,1458,1729,1135,1881,1676,1204
"EIF3G",4854,5525,5090,5946,5205,4137,5798,3710,5420,6547,4077
"RFX8",10,6,17,7,3,7,12,7,17,19,14
"OR13C5",0,0,0,0,0,0,0,0,1,0,0
"AC005003.1",97,107,120,154,110,104,117,107,136,139,113
"LPAR1",50,61,56,64,53,50,59,49,58,44,54
"AHI1",1120,1219,1728,1078,1060,1314,1621,1123,1343,1519,962
"SERPINE1",45,50,30,61,34,15,43,30,67,99,60
"KCNJ13",1,0,0,0,0,0,0,0,0,0,0
"MMP26",0,0,0,0,0,0,0,0,0,0,0
"MFAP3",1535,1558,1379,1479,860,1472,1562,1205,1689,1433,1107
"RPL36A-HNRNPH2",0,0,0,0,0,0,0,0,0,0,0
"UGGT1",3621,4275,3752,4272,2610,4570,4200,3328,4840,4292,3218
"PVRIG",4,1,0,2,0,0,1,0,1,1,2
"AHCYL2",484,470,691,379,439,561,719,469,503,794,365
"TC2N",217,225,339,229,239,270,366,222,328,389,200
"TMEM89",0,4,1,0,3,2,0,4,1,0,2
"FAM170A",0,0,0,0,0,1,0,0,0,0,0
"GPR20",1,0,1,0,1,2,1,2,0,1,2
"ATP9B",241,263,207,279,226,209,225,218,312,277,214
"PRKACA",3802,4230,4734,4098,4442,3458,4387,3468,3726,4476,3031
"TSPAN13",505,563,537,416,368,586,495,466,509,499,331
"CTBP2",4216,4581,4637,4629,4084,4001,5145,3354,5006,5614,3417
"TAAR8",0,0,0,0,0,0,0,0,0,0,0
"RNF216",1391,1420,1651,1377,1366,1458,1648,1422,1521,1676,1224
"CCDC23",206,290,170,333,144,186,192,221,285,216,228
"AJAP1",0,0,0,0,0,0,0,0,0,0,0
"PAN2",2134,1838,2057,1332,1204,2190,1851,1875,1928,1613,1517
"MEOX2",0,0,0,0,0,0,0,0,0,0,0
"SENP6",4380,5125,4991,5261,3323,4716,5331,3661,5396,5385,3643
"POMK",581,698,624,819,535,603,656,470,851,725,557
"IQCF3",0,0,1,0,0,0,0,0,0,0,0
"SPATA25",18,26,12,12,10,23,17,22,19,16,17
"TMEM257",0,0,0,0,0,0,0,0,0,0,0
"AVP",0,0,0,0,0,0,0,0,0,0,0
"RTKN2",675,745,553,769,451,675,616,469,891,739,594
"TTK",3435,3834,3866,3668,2197,3549,3994,2958,4400,3828,2600
"NARS",13398,15784,16099,16105,12779,13484,18362,11401,16985,19781,11896
"ASB13",1057,1103,1385,977,1098,962,1176,1041,946,1024,635
"NT5M",70,72,66,95,137,77,62,66,102,79,65
"FYTTD1",5835,6068,6309,5545,4378,5944,6980,4361,5989,6210,3759
"TIMD4",0,0,0,0,0,0,0,0,0,0,0
"NFATC2IP",3158,3555,2942,3205,2527,2655,3260,2607,3672,3727,3129
"LINC00908",2,0,0,0,0,2,1,0,1,0,1
"BRINP3",0,0,0,0,0,0,0,0,0,0,0
"LIPT2",101,120,82,111,95,93,118,81,122,124,80
"DIDO1",5303,6225,5227,6511,4732,4679,5913,4289,6039,6570,4589
"TCEAL4",1978,2209,2405,1972,1572,2177,2333,1842,2028,2348,1627
"PTGIS",0,0,0,0,0,0,0,0,1,0,0
"C19orf69",0,0,0,0,0,0,0,0,0,0,0
"PSG4",0,0,0,0,0,0,0,0,0,0,0
"TARSL2",33,33,34,47,30,39,43,22,61,43,37
"TCEA1",4152,4869,4422,4682,3535,4360,4945,3426,4950,4534,3226
"RCVRN",0,0,0,0,0,0,0,0,0,0,0
"RPL4",39784,43017,42223,46505,34484,37399,46041,34377,47523,50064,34491
"PPME1",2937,2856,3519,3182,2962,2504,3755,2516,3502,4349,2528
"AL138815.1",4,2,2,2,2,3,1,1,1,1,2
"C9orf152",40,10,35,10,16,36,32,29,25,15,6
"ATOX1",855,882,797,837,770,717,826,662,1065,1068,656
"DHX37",2880,3560,3201,4004,3240,2224,3587,1889,3549,4555,2412
"PRMT7",1646,1835,1819,1750,1647,1390,1893,1269,1725,1831,1079
"BAAT",3,7,2,9,4,5,8,10,5,4,7
"GNMT",1,3,1,5,1,1,1,3,2,1,1
"MASP1",2,5,6,4,4,9,1,7,2,5,5
"RHOD",1132,1230,1138,1122,1085,941,1203,971,1210,1301,751
"LEPREL2",78,100,112,147,140,100,110,114,148,107,121
"PGLS",884,1051,991,1065,1155,762,984,871,1039,1121,665
"ZNF682",0,0,0,0,0,0,0,0,0,0,0
"PCDHGB7",12,10,11,11,13,26,11,9,8,13,9
"USP17L11",0,0,0,0,0,0,0,0,0,0,0
"FBXO48",267,252,231,208,138,249,283,179,276,229,177
"TIGD4",50,48,55,31,31,60,39,40,41,22,31
"PAICS",8504,9859,10367,10469,8017,8287,11251,7336,10657,11706,6841
"TBK1",1429,1495,1595,1566,1070,1537,1735,1132,1913,1882,1219
"NDNF",0,1,0,1,1,0,0,4,1,1,0
"ABCG5",0,0,0,0,0,0,0,0,0,0,0
"MANSC1",398,443,479,514,464,433,502,406,737,827,520
"ITGB6",16,21,13,18,2,16,19,9,17,23,11
"GPNMB",60,44,33,34,22,66,32,44,43,30,31
"MN1",1,1,0,2,2,0,0,0,1,3,1
"AL079342.1",7,14,5,1,5,3,4,2,5,3,4
"TMEM110",342,432,423,349,288,393,418,368,421,374,230
"DACT1",6,2,0,2,3,2,0,1,3,3,2
"C21orf119",77,106,97,75,74,85,108,81,72,89,55
"TRAF7",4880,5449,5957,5657,5897,3977,6114,3985,5296,6831,3799
"FOXD1",177,172,174,235,264,155,247,155,259,278,161
"NRM",806,911,787,977,915,721,752,803,916,914,767
"CDA",2113,2343,2431,2683,2554,2329,2631,2465,4085,4431,2744
"NMRK2",1,0,0,0,0,0,0,0,0,0,0
"POC1A",421,435,465,396,446,363,489,306,443,473,288
"IGSF10",4,10,5,4,4,9,9,8,3,4,4
"TRAPPC6B",1225,1261,1060,1022,734,1071,1296,883,1199,1316,858
"C8orf49",0,0,0,0,0,0,0,0,0,0,0
"OLFML2B",1,1,1,0,1,0,0,1,0,0,0
"SLC25A39",6036,6735,6207,6953,7022,4550,6607,4909,6668,7710,5003
"OR11A1",0,0,0,0,0,0,0,0,0,0,0
"LRRC63",3,13,12,4,12,15,13,11,17,19,9
"SAMD7",0,0,0,0,0,0,0,0,0,0,0
"DIRAS1",19,14,32,33,61,21,23,15,49,48,35
"TSGA13",0,0,0,0,0,0,0,0,0,0,0
"OR9K2",0,0,0,0,0,0,0,0,0,0,0
"RAI2",0,0,0,0,0,0,1,0,0,0,0
"ERLIN1",2035,2056,1995,2151,1611,1955,2128,1723,2410,2302,1660
"HTR5A",0,0,0,0,0,0,0,0,0,0,0
"LSM12",1611,1950,1871,1984,2055,1526,1922,1365,1888,1908,1339
"EIF2S2",13346,16201,16073,18271,11877,14297,17342,12266,16250,18438,12770
"C3orf56",0,0,0,0,0,0,0,0,0,0,0
"KLRC2",3,5,0,3,4,12,4,4,0,2,2
"IL22",0,0,0,0,0,0,0,0,1,0,0
"CUEDC2",1494,1672,1590,1681,1637,1350,1789,1330,1659,1914,1076
"UBR1",1676,1660,1856,1462,1026,1628,2046,1380,1804,2067,1214
"ALDH1A3",441,575,611,745,612,401,713,561,909,1764,994
"L1TD1",0,0,0,0,0,0,0,0,1,0,0
"ACTN1",15475,19167,19600,20195,18239,14905,22389,14311,21574,27760,15255
"AIDA",3917,4220,4630,4033,3275,4209,4867,3381,4894,5249,3004
"SCAPER",339,356,495,358,339,384,422,350,407,457,314
"CDR1",0,0,0,0,0,0,0,0,0,0,0
"TCHH",2,4,0,2,5,3,2,2,4,6,3
"BX088651.2",0,0,0,0,0,0,0,0,0,0,0
"OR13H1",0,0,0,0,0,0,0,0,0,0,0
"DLK1",0,0,0,0,0,0,0,0,0,0,0
"KIAA1586",371,450,390,348,251,501,406,328,414,345,250
"PDE7B",278,341,470,290,375,443,245,316,221,131,117
"TMEM50A",3389,3656,3015,3761,2803,3363,3559,2824,4574,4071,2859
"C8orf33",2340,2995,2600,3121,2357,2072,2680,2201,2669,2649,2098
"UCKL1",1306,1447,1300,1244,1166,1201,1281,1097,1574,1391,1102
"RECQL4",2012,2026,1866,1849,2071,1465,1814,1383,1897,1785,1342
"KIAA1468",1939,2071,2128,2004,1379,1763,2377,1585,2220,2708,1564
"MARCKS",2867,3261,2984,3111,3364,2715,3020,2280,2921,2891,2022
"TRIB3",2268,3205,4149,3414,3997,3227,3646,3478,3998,3815,2553
"U82695.9",0,0,0,0,0,0,0,0,0,0,0
"SOS1",2919,3254,3613,3035,2301,3146,3767,2428,3490,3435,2303
"S100A13",1222,1284,887,1084,608,1214,927,960,1211,885,804
"ABHD10",1721,1872,1607,1546,1216,1411,1757,1324,1829,1830,1220
"ZNF69",0,0,0,0,0,0,0,0,0,0,0
"AL158091.1",0,0,0,0,0,0,0,0,0,0,0
"PAX4",0,0,0,0,0,0,0,0,0,0,0
"LACTB2",1034,1233,913,1417,814,988,908,897,1533,1303,1132
"AC120194.1",4,7,0,1,3,1,2,0,11,1,1
"MAU2",1107,1436,1225,1388,1272,885,1282,934,1385,1506,973
"CYB5A",1968,2273,1925,2052,1431,2066,2067,1713,2524,2105,1542
"SLU7",2125,2327,2566,2626,1979,2152,2761,1953,2566,2926,2035
"DUSP27",24,15,19,5,16,12,12,19,12,10,5
"KRTAP19-6",0,0,0,0,0,0,0,0,0,0,0
"COX6C",4064,3974,3180,4139,2736,4089,3604,3340,5100,3891,3295
"SUCLG1",2764,3068,2736,2924,2093,2703,2785,2433,3412,2855,2177
"EPHA8",0,0,0,0,0,0,0,0,1,0,0
"IQCF2",0,0,0,0,0,0,0,0,0,0,0
"C2orf54",4,8,6,13,7,8,4,4,8,20,6
"HMGXB3",2909,3139,3349,3383,3091,2722,3580,2530,3735,4276,2660
"ZNF415",0,0,0,0,0,0,0,0,0,0,0
"AC137932.1",14,6,8,12,5,11,8,7,15,14,8
"HOXC5",10,12,11,16,20,10,9,10,23,14,12
"ANHX",0,0,0,0,0,0,0,0,0,0,0
"KLK2",0,0,0,0,0,0,0,0,0,0,0
"RNF169",1962,1998,2203,2069,1403,2012,1991,1634,2223,2029,1502
"TMEM63B",2037,1979,2162,2016,2143,2052,2047,1918,2373,2521,1729
"PIP",0,0,0,0,0,0,0,0,0,0,0
"KIAA0895",289,298,358,261,234,333,337,283,316,279,198
"KLHL3",0,0,3,3,0,5,0,3,2,0,2
"VPS26B",748,837,972,859,868,781,932,699,887,973,559
"KDM8",111,135,80,120,65,78,93,102,131,122,76
"CIR1",977,1128,1345,1119,937,1084,1295,1105,1083,1176,975
"ZNF423",0,0,0,0,0,0,0,0,0,0,0
"AC004824.2",0,0,0,0,0,0,0,0,0,0,0
"SEMA3C",586,822,489,862,455,905,472,559,849,515,464
"OR5F1",0,0,0,0,0,0,0,0,0,0,0
"BCAR1",2011,2144,1898,2270,2301,1468,2152,1559,2135,2508,1512
"NDUFA10",2541,2714,2925,2783,2482,2329,3037,2166,3019,3181,1974
"MDM2",2680,3287,2706,2962,2157,2861,2891,2163,3214,2984,2374
"NRN1L",3,10,5,1,3,3,5,5,8,4,6
"NAP1L5",149,177,143,115,118,142,156,134,128,165,63
"SYT12",3127,4562,3710,5374,4607,4053,2782,2967,4566,3345,2769
"DHX40",810,897,944,858,567,880,888,757,863,878,574
"GFM2",1690,1547,1603,1581,1165,1466,1770,1278,2069,2066,1359
"SUPV3L1",2297,2520,2550,2595,2129,2111,2895,1915,2779,3032,1844
"STAB1",0,0,0,0,0,0,1,0,0,0,0
"GCFC2",965,1221,1297,1131,871,1072,1356,974,1186,1108,761
"RER1",3895,4339,3391,4189,2943,3395,3852,3082,4800,4470,3226
"XRCC6",22936,24612,24225,25111,18189,20609,27278,18109,26162,28492,17695
"MTTP",14,15,19,12,9,13,18,16,13,16,9
"NMUR1",0,0,0,0,0,0,0,0,0,0,0
"RPL39L",743,926,714,1061,560,721,639,728,1005,837,721
"PBK",3412,3663,3388,3849,2449,3257,3490,2870,4298,3654,2734
"TIRAP",241,270,295,267,234,298,306,246,335,373,228
"LRRC4B",0,1,0,0,0,0,0,0,0,0,0
"SSBP1",2439,2754,2348,2866,1736,2467,2727,1961,3183,3147,2162
"GIP",0,0,0,0,0,0,0,0,0,0,0
"LOXHD1",1,0,0,0,0,0,0,0,0,0,0
"DUSP1",556,508,583,605,656,619,467,250,719,637,282
"TSPAN8",1,3,0,0,1,1,1,1,0,3,1
"PAX8",351,367,384,589,426,345,399,348,660,845,587
"SLC12A7",696,558,681,625,686,628,717,597,731,857,486
"GPR56",5983,6761,5923,7262,6758,5560,6392,5186,7869,8313,5172
"C12orf49",1302,1275,1290,1339,1053,1147,1404,1048,1534,1608,1048
"NAA40",1706,1858,1901,1728,1363,1681,1936,1493,1735,1879,1231
"CCDC174",907,991,859,1031,673,862,963,704,876,1060,829
"TBC1D26",0,0,0,0,0,1,1,0,0,1,2
"AC074212.3",5,7,6,6,13,11,7,7,12,21,7
"ATP6AP2",4038,4294,3472,3703,2532,4065,3683,3441,4426,3493,2770
"DEAF1",795,902,899,1030,921,786,860,710,997,877,650
"RIN1",782,803,923,815,1183,636,900,655,772,1004,727
"AMZ2",2383,2794,2684,2269,1844,2542,2875,2195,2415,2409,1609
"OTOS",0,0,0,1,1,0,0,0,0,0,0
"GLOD4",2986,3490,3187,3201,2786,3124,3616,2556,3378,3519,2403
"C19orf24",1201,1575,1278,1907,1806,997,1360,1016,1566,1658,1041
"MS4A7",0,0,0,0,0,0,0,0,0,0,0
"SCN11A",1,1,0,0,0,0,1,0,0,0,0
"RGS18",0,1,0,0,0,0,2,0,0,0,0
"SCGN",0,0,0,0,0,0,0,0,0,0,0
"SLC9A2",69,80,88,142,117,100,108,90,181,275,154
"MYOZ3",2,0,2,0,0,0,0,1,0,0,1
"ROMO1",1506,1527,890,1529,860,1135,998,1081,1715,1202,969
"HAS3",174,164,192,313,278,119,237,204,545,660,512
"OR4D6",0,0,0,0,0,0,0,0,0,0,0
"ZFYVE16",1509,1748,1496,1676,1048,1758,1582,1320,2143,1785,1285
"LCE3D",0,0,0,0,0,0,0,0,0,0,0
"GPATCH1",470,567,471,433,335,486,611,398,524,557,308
"TMEM212",0,1,2,0,0,0,0,0,1,0,0
"GTF3C4",5445,6532,6296,6941,4853,5572,6835,4632,7083,7040,4677
"MAP3K5",1093,944,1369,845,875,1138,1348,861,991,1202,677
"LTA4H",4263,4344,5748,4580,4399,4537,5873,3792,5850,7096,3718
"DCN",26,26,20,6,13,27,12,6,9,9,5
"GPR137",1142,1294,1129,1217,1253,917,1069,959,1208,1142,827
"EIF4E2",2585,3099,2780,3227,2074,2588,3021,2359,3110,3413,2285
"INSR",580,689,697,691,538,669,623,567,684,706,488
"CTTNBP2",6,8,12,10,3,12,8,8,6,3,6
"ABCC11",7,14,11,12,14,7,12,16,11,19,13
"ST6GALNAC5",339,458,356,588,317,354,447,326,668,705,577
"YWHAH",3997,4840,4553,5580,4649,3607,5215,3521,5901,6563,4156
"AGPAT3",2708,2974,3329,3202,3298,2653,3484,2577,3448,4102,2285
"HEATR1",11595,12960,13242,14140,9462,11095,15351,8704,14407,15679,9619
"RWDD4",1654,1912,1619,1680,1220,1549,1669,1408,1760,1676,1148
"GALR3",0,0,1,0,0,0,0,0,0,0,0
"ITLN1",0,0,0,0,0,0,0,0,0,0,0
"OR13C4",0,0,0,0,0,0,0,0,0,0,0
"C2orf42",285,226,302,209,208,277,309,194,310,344,230
"GRAP",4,1,7,0,4,3,1,3,6,2,0
"PTP4A1",15787,19170,17809,16361,14345,16709,17934,12378,16937,15000,10356
"AL022328.1",1,0,1,3,1,0,1,0,0,0,0
"AP001631.10",12,26,18,63,32,13,20,17,69,84,27
"CAPN11",1,1,1,2,5,5,7,1,1,1,2
"DNALI1",0,2,0,0,0,1,0,1,1,1,1
"C7orf76",0,0,0,0,0,0,0,0,0,0,0
"DCTN5",3032,3169,2869,2943,2180,2858,3319,2338,3566,3631,2372
"AMIGO2",6902,8372,5974,9646,6273,6938,7400,6161,13209,10746,8595
"C14orf164",3,0,1,0,0,0,0,2,0,1,1
"EID2B",110,93,75,85,69,88,58,61,96,79,57
"RP11-295K3.1",0,0,0,0,0,0,0,0,0,0,0
"EIF2AK2",5930,6895,7225,6683,5063,6368,7906,5215,7126,7752,5022
"SELO",921,934,875,836,1003,819,863,728,1101,905,762
"TXNRD3NB",7,10,13,3,7,5,8,11,10,1,9
"RNF214",707,717,890,734,612,707,853,553,642,775,500
"GIMAP6",0,0,0,0,0,0,0,0,0,0,0
"PIK3C2B",738,766,942,695,720,906,778,670,807,837,541
"ENTPD6",3687,4422,3791,4305,3638,3425,4189,3240,4595,4651,3216
"TIMM10B",1492,1551,1539,1471,1348,1387,1750,1221,1602,1874,1212
"HIATL2",186,220,209,207,195,190,180,158,221,182,161
"GPANK1",1417,1591,1521,1901,1900,1197,1695,1133,1752,2103,1205
"RP1-139D8.6",0,0,0,0,0,0,0,0,0,0,0
"STK38L",1125,1193,1204,1351,969,1104,1304,847,1378,1571,1007
"SETDB2",475,433,530,300,256,464,537,375,419,408,279
"PRR7",270,297,327,371,486,245,278,210,333,329,199
"PSMD8",4107,4670,3781,4879,3826,3289,4148,3320,4965,5179,3247
"MAN1B1",2294,2463,2206,1970,1661,2018,2141,1957,2154,1949,1470
"FUT5",0,0,0,0,1,0,1,0,0,0,0
"DHRS4-AS1",1,2,0,0,0,1,1,0,0,0,0
"THAP10",312,282,292,219,177,250,289,186,278,246,155
"IL9R",0,0,0,0,0,0,0,0,0,0,0
"PMS1",1168,1020,1299,1041,955,1175,1320,859,1259,1087,800
"ASCC3",4530,5173,5670,5154,3519,5003,6224,3914,5719,6547,3815
"MYBPC3",5,4,2,3,0,1,0,4,0,2,1
"PER1",5625,6874,6053,6373,6441,4717,5819,4513,4960,5156,3714
"PAM",1931,2150,2469,2229,1845,2907,2361,2210,3234,2777,1808
"DEFB1",0,0,0,0,0,0,0,0,0,0,0
"MIEF2",305,304,260,267,255,271,285,289,299,278,198
"LGI4",5,4,3,5,2,3,7,4,10,19,5
"DHFRL1",569,527,629,470,397,444,649,456,477,500,361
"ZNF585B",375,369,451,289,247,452,423,294,316,379,288
"ZFYVE19",764,771,718,673,649,627,800,573,862,876,589
"CCNL2",3525,3473,3054,2809,2153,3646,3009,3072,3989,3099,3067
"MR1",128,163,171,135,131,171,150,212,225,217,186
"TRIM69",139,88,133,91,159,138,124,107,105,132,83
"ARL4D",147,153,202,167,175,129,172,132,194,209,106
"SYT10",0,0,0,0,0,0,0,0,0,0,0
"TTC28",0,0,0,0,0,0,0,0,0,0,1
"EIF2AK1",5658,6172,6771,5915,5609,5786,7273,5147,6876,7332,4587
"NXPE2",0,0,0,0,0,0,0,0,0,0,0
"DLGAP4",1460,1463,1848,1539,2077,1450,1726,1456,1744,2315,1357
"ESPL1",3575,3407,3213,3055,2698,3180,3127,2796,3523,3053,2486
"MIPEP",967,1011,1175,994,919,953,1164,855,1148,971,708
"POGLUT1",796,873,740,827,491,825,767,594,869,710,580
"CARM1",3208,3732,4180,3980,4827,2707,4118,2902,3965,4464,2790
"AP000679.2",0,0,0,0,0,0,0,0,0,0,0
"STRN",1967,2318,2305,2177,1678,2209,2396,1711,2544,2506,1718
"RBP7",5,7,5,14,5,11,7,6,14,7,6
"MYH2",0,0,0,0,0,0,0,0,0,0,0
"FAM3C",2676,3133,2511,3078,2156,2798,2884,2151,3438,3313,2401
"HPS1",856,970,917,1062,1049,751,1040,837,1137,1456,899
"AK5",5,6,2,8,6,5,1,3,7,3,2
"FRY",17,19,43,27,24,22,18,20,22,18,11
"RARS",5634,6484,6856,7227,5062,5456,7892,4820,7614,9288,5504
"GARNL3",31,40,42,25,39,54,49,30,47,51,39
"MORF4L2",7669,8066,8264,8304,6368,7976,9138,6637,9365,10089,7100
"AP4E1",1633,1905,1810,1758,1262,1747,1900,1428,1924,1965,1400
"OR4D11",0,0,0,0,0,0,0,0,0,0,0
"CD40LG",0,0,0,0,0,0,0,0,0,0,0
"OTOA",1,3,3,1,0,0,3,1,0,3,0
"PRKCG",0,0,0,0,0,0,0,0,0,0,0
"KIAA1429",4505,5247,5090,5360,3373,4631,5573,3897,5672,6073,3958
"FMO4",27,25,33,22,22,46,36,32,22,42,36
"B3GNT8",0,1,0,1,1,1,0,0,1,0,0
"SGCG",0,0,0,0,0,0,0,0,0,0,0
"AL359736.1",0,1,0,0,1,0,0,0,0,0,0
"NUTM2D",14,18,17,10,9,20,17,10,2,22,11
"CRAMP1L",1075,1138,927,1119,871,914,974,755,1097,1120,916
"ITIH4",6,16,10,3,5,4,3,6,11,15,3
"RP11-585F1.10",1,1,6,2,6,0,2,4,4,3,3
"SMG1",7373,9643,8510,10282,5745,9894,9465,5743,9980,9759,7104
"UBE2NL",22,23,12,25,12,19,22,14,21,21,26
"EMX1",1,1,3,2,2,3,0,4,3,1,2
"ENTPD2",1863,1619,1994,1098,1694,1741,1483,1497,944,866,668
"DMRTC2",0,0,0,0,0,0,0,0,0,0,0
"USP34",6881,8725,8548,8723,5353,8859,9165,5982,9511,9329,6245
"RXFP4",3,2,2,5,2,6,4,4,1,0,2
"TNFAIP3",418,477,411,530,348,390,650,595,908,1100,1017
"ERP44",3323,3468,3180,3529,2526,3215,3521,2771,4243,4054,2736
"PYCR1",2291,2723,3332,4128,4395,2233,3286,2379,3788,4349,2628
"LGALS14",0,0,0,0,0,0,0,0,0,0,0
"OR52N5",0,0,0,0,0,0,0,0,0,0,0
"ZAN",1,0,0,0,0,0,0,0,0,0,0
"MYNN",797,873,764,869,466,816,782,641,1006,866,664
"PRKG2",23,30,32,28,18,20,29,30,31,35,39
"SAAL1",718,867,798,832,637,726,865,597,820,863,651
"COPS2",4352,5146,4355,4925,3104,4642,4777,3354,5665,4789,3417
"C1QTNF1-AS1",20,23,18,32,24,10,17,15,60,60,53
"UBE2E2",1008,1240,1271,1232,1321,1052,1304,1045,1161,1335,884
"CD163",0,0,1,0,0,2,2,2,0,1,0
"ABTB1",161,131,154,125,141,160,145,213,182,171,139
"SOAT2",4,5,4,2,3,2,2,2,2,6,3
"OR2A42",0,0,0,0,0,0,0,0,0,0,0
"GPC1",827,962,889,1165,1316,705,977,776,1085,1040,742
"PTGR1",2867,3096,3230,2865,2415,2832,3722,2306,3331,4283,2357
"FAM160B2",1147,1220,1199,1216,1326,1064,1217,1117,1312,1450,1090
"CLIC1",18479,20528,17944,21180,13729,17364,20589,17344,23066,23048,17717
"LRRIQ1",39,39,42,28,10,57,43,40,29,20,22
"ELN",0,0,1,0,1,1,0,1,0,0,0
"C19orf53",1640,1973,1535,2163,1774,1446,1582,1377,1883,1806,1433
"AKAP8",1486,1894,1587,1860,1540,1273,1729,1283,1721,2033,1524
"TRAK2",1282,1311,1316,1118,821,1299,1399,1001,1442,1407,906
"HDAC11",267,241,365,204,299,312,323,318,226,289,181
"WDFY4",0,0,0,0,0,0,0,0,0,0,0
"USP41",13,18,12,15,11,10,8,14,22,12,7
"SLC16A8",0,0,0,1,0,0,1,1,0,1,0
"UAP1L1",707,675,617,604,539,702,565,649,671,624,462
"PRAMEF17",0,0,0,0,0,0,0,0,0,0,0
"STAP1",0,0,0,0,0,0,0,0,0,0,0
"MPPE1",557,623,482,461,318,555,497,547,646,513,468
"GPATCH8",2218,2954,2990,3162,2560,2272,2842,2218,2762,3323,2376
"CCL22",0,0,4,1,6,7,4,3,4,6,5
"FAS",469,400,341,316,227,500,381,459,373,263,242
"DDX41",2353,2688,2567,2448,2180,1896,2827,1841,2468,2948,1845
"DYM",1888,1978,2252,1891,1599,1922,2307,1710,2192,2277,1405
"TEX26",0,1,0,0,0,0,2,0,0,0,0
"KCTD15",1189,1396,1274,1242,1130,1068,1393,869,1170,1259,787
"ERLEC1",2264,2476,2110,2374,1531,2485,2329,2170,2606,2428,1783
"CBLN4",0,0,0,0,0,0,0,0,0,0,0
"ILK",2108,2233,2391,2445,2073,2063,2697,2037,3012,3156,2115
"MAD2L1BP",892,979,881,996,689,798,1017,735,1094,1089,708
"HK3",0,0,0,0,0,0,0,0,0,0,0
"SLC7A6",4809,5666,4441,5857,4048,4742,4880,3790,6161,5719,4221
"ZSWIM5",27,29,35,20,23,23,34,37,13,15,9
"FAM208B",7664,8823,8303,9579,5452,7012,9331,5676,9408,10270,6648
"PIM1",886,1002,935,989,922,807,976,794,1076,1164,868
"IDO2",0,0,0,0,0,0,0,0,0,0,0
"ANXA7",4052,4501,4393,4321,3088,3807,4643,3756,5074,5300,3578
"AC010536.1",41,52,40,55,23,34,25,21,48,52,20
"TMEM37",1,3,3,1,1,1,0,3,1,2,0
"TCEAL7",0,0,0,0,0,0,0,0,0,0,0
"OR8D2",0,0,0,0,0,0,0,0,0,0,0
"GP5",0,0,0,1,0,0,1,1,0,1,3
"C17orf96",1575,1593,1848,2227,2008,1339,1989,1294,2028,2296,1479
"HS3ST1",110,150,106,125,113,105,140,126,183,182,164
"SLC38A5",20,13,13,14,17,14,10,13,15,10,5
"TRIB1",1792,1678,1713,2253,1746,1714,1788,1222,2475,2202,1405
"GNRHR",0,1,0,0,0,0,0,0,1,0,0
"OSTN",0,0,0,0,0,0,0,0,1,0,0
"DMXL1",1024,1304,1186,1087,674,1295,1185,853,1263,1264,799
"TTLL10",7,11,10,11,14,14,12,10,18,30,12
"NNAT",1,0,0,0,0,0,0,0,0,0,0
"TMEM43",5537,6408,5205,6508,4759,5327,6000,4579,7320,6939,4779
"KREMEN1",109,130,165,101,151,121,129,151,92,91,90
"GPRIN3",5,2,19,4,13,14,7,18,5,3,2
"GOLGA8Q",0,0,0,0,0,0,0,1,0,2,0
"FSCN2",26,31,41,41,47,55,42,39,102,114,84
"RASL10A",0,2,0,2,0,2,0,0,3,1,1
"RP1-32I10.10",0,0,1,0,1,2,2,0,5,4,2
"SYCP2L",220,217,241,169,136,258,245,244,180,199,224
"AC018445.1",0,0,0,0,0,0,0,0,0,0,0
"NDUFA4",2838,2810,1271,3045,906,2601,1241,2112,3448,1498,2076
"SNX22",49,76,48,58,44,49,44,34,85,78,36
"GINM1",1648,1894,1639,1872,1216,1869,1619,1711,2289,1740,1501
"AC116407.2",0,0,0,0,0,0,0,0,0,0,0
"RTN2",182,192,203,291,300,147,217,181,330,371,246
"C11orf16",0,0,0,0,0,0,0,0,0,0,0
"PRSS48",0,0,0,0,0,0,0,0,0,0,0
"NUGGC",6,9,10,7,8,2,7,6,2,5,3
"RXRA",571,683,773,725,910,569,738,584,676,821,511
"HIST1H2BJ",136,149,105,118,68,99,136,95,125,173,86
"CCRN4L",279,273,229,351,315,191,299,189,383,466,300
"RAD23A",5345,6518,6860,6571,6914,5057,6930,5390,6387,7095,4683
"MEIOB",0,0,0,0,0,0,0,0,0,0,0
"XXbac-BPG181M17.5",0,0,0,0,0,0,0,0,0,0,0
"CACNG1",0,0,0,0,0,0,0,0,0,0,0
"ABCA8",0,0,0,0,0,0,0,0,0,0,0
"GGA1",1626,1768,1747,1621,1683,1489,1738,1330,1690,1955,1401
"B3GNT3",1110,1106,1029,1039,1135,1045,1078,1122,1649,1658,1228
"CHSY3",31,40,46,36,42,43,48,34,33,41,36
"HBQ1",0,0,0,0,0,0,0,0,0,0,0
"NUTM2F",0,0,0,0,0,0,0,0,0,0,1
"NLK",823,777,1068,677,790,869,1104,776,836,897,576
"MT-ND2",123906,144656,91005,126615,78214,122708,89078,115071,159348,80139,136300
"ADO",1553,1839,1737,1843,1424,1470,1942,1227,1938,1919,1090
"HOOK1",1395,1475,1601,1554,1239,1510,1613,1140,1680,1600,1082
"PILRB",4412,4100,3731,3112,2604,4283,3610,3512,4252,3633,4143
"RAB18",1875,1967,1883,1899,1509,1830,2028,1433,2300,2061,1614
"ANP32B",17563,19970,19688,20094,15227,16901,20651,14748,18990,19159,14857
"DGKD",3066,3468,3861,3857,3429,3115,3809,2942,4057,4535,2913
"KSR2",54,56,47,50,49,49,50,48,39,53,34
"GRM3",0,0,0,0,0,0,0,0,0,1,0
"HDX",97,93,101,107,69,95,104,80,140,136,87
"GJA5",42,61,39,90,54,56,71,59,130,191,114
"PRKAR2A",4672,5430,5072,5682,4236,3955,5692,3754,5731,6473,3945
"F2RL3",0,0,1,0,0,0,0,0,1,0,0
"C3orf58",1324,1529,1175,1279,1203,1315,1234,947,1495,1071,901
"EPB41L4A-AS2",0,1,1,0,0,0,0,0,0,3,0
"RCSD1",0,0,0,0,2,0,1,0,1,0,0
"DLC1",274,360,366,282,241,314,510,388,243,411,239
"RIPK3",0,0,0,0,0,0,0,0,0,0,0
"SMR3A",0,0,0,0,0,0,0,0,0,0,0
"LYZL1",0,0,0,0,0,0,0,0,0,0,0
"CABP1",2,8,6,9,11,7,10,10,13,16,11
"COX7B2",0,0,0,0,0,0,0,0,0,0,0
"RMDN2",62,69,60,81,33,63,71,51,88,54,59
"SF3A2",3192,4161,3608,4469,3753,2738,3729,2924,3557,4263,2986
"E2F7",1615,2112,1828,1969,1323,1614,1966,1350,2024,1804,1397
"TYMP",355,435,398,622,623,291,422,312,535,748,443
"CARD10",1452,1598,1639,1719,1921,1113,1746,1271,1617,2191,1410
"RP11-181C3.1",12,13,14,13,10,18,9,17,8,10,11
"FAM83H",5114,6021,5857,6421,7081,4291,6270,4492,6245,7937,4424
"CYB5R2",32,31,36,27,23,29,28,33,30,53,22
"STX12",1139,1122,1217,944,880,1119,1368,1003,1358,1529,896
"CTD-3148I10.1",1,1,2,0,2,1,0,3,2,1,3
"ATP2A1",75,76,74,62,35,77,79,66,62,55,55
"TAS2R41",0,0,0,0,0,0,0,0,0,0,0
"ANKRD20A2",0,1,1,1,1,2,2,1,1,3,0
"ANKMY1",192,163,162,181,151,127,201,141,166,166,131
"UGT1A5",0,0,0,0,0,0,0,0,0,0,0
"ARNT",1141,1196,1438,1090,1129,1226,1386,1010,1294,1329,904
"MYO18B",0,0,0,0,0,0,0,0,0,0,0
"GM2A",887,978,1087,719,748,1101,1051,1077,1081,1026,780
"WRN",1184,1391,1397,1279,875,1229,1496,1198,1502,1483,1070
"C17orf77",0,0,3,2,0,0,1,0,0,1,1
"ZBTB18",1113,1104,1159,917,902,1263,1106,866,1147,865,760
"FAM169A",1146,1156,1250,848,807,1158,1331,994,874,801,592
"AL354718.1",16,14,10,14,15,12,9,18,20,18,7
"IFNA5",0,0,0,0,0,0,0,0,0,0,0
"CD247",1,1,0,0,0,1,0,0,0,0,0
"MARCH10",2,4,1,3,1,1,3,4,1,1,0
"LIN52",369,390,351,364,246,358,379,287,469,337,270
"OR8J3",0,0,0,0,0,0,0,0,0,0,0
"PRKAG2",1232,1750,1687,1906,1623,1627,1614,1513,2177,1975,1690
"ANKHD1",61,79,65,58,40,87,73,51,67,51,40
"DLAT",5053,6055,6285,5765,5090,5279,6388,4430,6146,6230,4094
"FAM209B",0,0,0,0,0,0,0,2,2,0,0
"RBL2",2278,2383,3442,2089,2143,2730,3241,2256,2521,3238,1652
"DSC3",2814,3061,2674,2454,1628,3164,3066,2324,2618,2522,1782
"ZNF253",276,234,271,234,152,256,277,186,244,236,182
"OVGP1",51,49,43,38,34,31,35,37,48,72,41
"AC026407.1",1,2,0,0,1,0,0,0,0,0,0
"CCDC159",305,265,250,255,206,261,246,209,365,348,352
"URAD",0,0,0,0,0,0,0,0,0,0,0
"REEP4",2007,2391,1828,2332,1950,1490,1827,1700,2179,1787,1462
"CRIP2",697,686,778,759,1032,646,552,598,796,778,463
"BPIFB2",0,0,0,0,0,0,0,0,0,0,0
"KRTAP23-1",0,0,0,0,0,0,0,0,0,0,0
"ADRBK1",4683,5120,5452,4913,5504,3565,5566,3956,4704,5439,3209
"PCBD1",702,735,784,615,685,631,914,635,692,791,467
"PHLDA3",758,802,866,825,997,655,871,830,1083,1252,803
"ANO5",0,0,0,0,0,0,0,0,0,0,0
"ANXA8L1",50,82,58,90,40,44,62,33,120,131,74
"NTN5",5,3,4,1,3,3,4,6,2,1,1
"TRMT61A",921,1211,881,1222,998,485,1038,620,926,1151,629
"SLCO2A1",3,2,0,7,1,2,0,3,2,1,0
"AC008060.7",0,0,0,0,0,0,0,0,0,0,0
"TYRO3",777,775,806,820,717,616,829,648,765,973,570
"CCDC60",0,0,0,0,0,0,0,0,0,0,1
"C8orf46",6,4,1,4,2,3,5,8,7,5,0
"TEAD3",1463,1727,1709,1671,1766,1431,1674,1397,1653,1910,1359
"ZNF551",674,720,771,712,497,561,893,588,758,802,613
"MTRNR2L11",0,0,0,0,0,0,0,0,0,0,0
"MED17",1145,1385,1277,1509,1019,1059,1478,932,1483,1666,1008
"HIST4H4",37,52,39,44,14,12,31,15,42,42,18
"PIH1D2",31,42,25,29,8,21,31,22,26,16,18
"GOLGA3",4085,4454,4674,4341,4062,4173,4965,3346,4675,6132,3673
"CTSA",2306,2749,2292,2399,2203,2087,2493,2088,2715,3208,1825
"AGAP9",32,39,44,40,17,33,47,24,37,30,35
"RBBP6",5379,6129,5042,6784,3600,4709,5558,4756,6168,5700,5278
"KTN1",19670,20328,21402,23388,14052,20618,22186,16441,22885,22425,16773
"DDHD1",1902,1835,2241,1963,1594,1796,2430,1426,2250,2487,1467
"TMEM239",5,2,1,5,1,2,1,2,2,11,6
"PDE2A",7,14,31,32,33,26,32,26,47,77,32
"PHF21A",759,703,1106,586,746,1083,967,813,768,806,549
"PPM1F",1344,1302,1416,1144,1299,1038,1515,991,1151,1343,819
"CSTB",3174,3261,3509,3565,3477,3520,3602,3069,4446,4553,2752
"MRPL52",801,877,692,908,724,662,803,539,862,934,593
"ZBED3",187,220,223,171,191,191,182,177,165,172,116
"TMEM106A",80,83,49,62,48,68,58,57,88,84,92
"C6orf52",60,59,49,52,40,68,35,51,63,46,53
"TBPL2",0,0,0,0,0,0,2,0,0,0,2
"ZMAT5",120,129,140,98,114,120,162,120,114,161,90
"TBC1D25",797,870,992,866,934,769,959,774,1027,1095,733
"C8orf34",19,14,28,18,15,24,17,8,21,18,6
"RBM38",1065,1248,1075,1616,1440,812,1239,786,1358,1523,946
"FAM195B",13,33,20,32,53,15,30,23,19,25,11
"SATB2",687,846,872,830,851,777,943,610,956,1036,700
"CHMP1A",2781,3279,3162,3606,3784,2436,3237,2571,3595,3964,2425
"NFIC",6463,8001,9436,8560,10873,6155,7949,6400,7035,8441,6083
"OSBP2",4802,5793,7310,6759,7390,5481,6713,5193,7288,8566,5422
"FBXL5",1236,1293,1343,1276,1091,1302,1363,1238,1647,1608,1132
"USP17L5",0,0,0,0,0,0,0,0,0,0,0
"ARHGAP9",1,0,2,1,0,1,0,3,1,0,2
"CLDN19",0,0,0,0,0,0,0,0,0,0,0
"SLC25A40",788,839,893,764,694,979,987,804,1020,873,696
"SLC1A6",0,0,0,0,0,0,0,0,0,0,0
"PRRT1",216,205,199,128,184,202,189,194,175,129,146
"POTEM",0,0,0,0,0,0,0,0,0,0,0
"LL22NC03-63E9.3",0,0,0,0,0,0,0,0,0,0,0
"NFYA",2184,2289,2314,2214,1702,2013,2425,1613,2558,2585,1686
"ATPIF1",2221,2517,2256,2572,2309,2039,2175,2063,2620,2546,1944
"EGR1",2716,2608,3140,3259,4340,3928,2827,1502,4603,3065,1718
"PDZD2",619,671,877,604,651,837,754,620,879,782,580
"TACR2",1,5,3,11,5,4,4,0,12,18,11
"AC068620.1",0,0,0,0,0,0,0,0,0,0,0
"MRPL48",1268,1534,1254,1691,1050,1286,1319,1169,1655,1408,1069
"OR11G2",0,0,0,0,0,0,0,0,0,0,0
"GPR173",0,0,0,0,1,0,0,0,0,1,0
"ANKRA2",235,249,287,167,180,290,284,295,256,243,193
"GPR75",145,170,107,158,86,133,109,64,171,137,113
"SEMA4A",111,116,139,115,112,122,112,131,88,130,83
"FAM69A",82,82,101,74,80,98,97,83,94,105,59
"HAND2",26,43,45,64,68,40,48,42,54,52,38
"EIF2S3",20254,22729,21698,22855,17124,20615,23903,16536,24639,25627,17064
"OTP",0,0,0,0,2,0,1,1,0,0,0
"TFB2M",2025,2312,1725,2586,1311,1805,2150,1525,2664,2323,1623
"C10orf129",0,0,0,0,0,0,0,0,1,2,0
"HOXB1",0,0,0,0,0,0,0,0,0,0,0
"THOC3",5018,5479,5853,5622,5785,4733,6435,4351,6003,6696,3863
"SMIM12",1714,1991,1774,1984,1644,1434,1877,1376,2158,2071,1529
"SLC9A1",1653,1908,1772,1884,1877,1542,1739,1573,2003,2226,1545
"AL603965.1",10,38,21,41,26,20,27,22,39,48,39
"TXNDC2",6,6,3,3,3,6,3,5,4,4,1
"AC110792.1",0,0,0,0,0,0,0,0,0,0,0
"C1orf168",0,0,0,0,0,0,0,0,0,0,0
"PCDH17",16,15,5,18,5,15,12,7,17,19,5
"LYNX1",0,0,0,0,0,0,0,0,0,0,0
"PARN",2564,3204,3094,3273,2379,2731,3319,2549,3203,3224,2193
"ZNF280A",0,0,0,0,0,0,0,0,0,0,0
"COX7A1",0,0,0,0,0,0,0,0,0,0,0
"SLC6A20",0,1,1,2,0,2,2,1,2,1,1
"MYLK3",0,1,0,2,0,3,2,0,0,1,0
"ANTXRL",0,0,0,0,0,0,0,0,0,0,0
"TMEM131",1471,1770,1665,1711,1230,1589,1711,1334,1862,1779,1479
"SLC4A7",1795,1569,1732,1569,1653,1789,2020,1353,2148,2086,1663
"C10orf88",329,343,401,294,236,347,383,288,331,335,239
"DPF1",173,167,165,157,145,155,160,119,128,132,108
"CFI",3,8,2,6,5,5,5,8,11,9,5
"LTA",2,1,1,1,1,1,1,2,2,0,3
"RP11-162P23.2",0,0,0,0,0,0,0,0,0,0,0
"POLR3H",2085,2929,2074,3253,2014,1810,2523,1613,2720,2887,1682
"ZBTB42",81,75,119,90,124,97,119,81,113,165,74
"TBX2",100,110,123,94,184,85,114,91,107,109,63
"GAGE12D",0,0,0,0,0,0,0,0,0,0,0
"ZNF557",306,339,266,236,175,236,275,216,328,293,213
"TP53TG3B",0,0,0,0,0,0,0,0,0,0,0
"LRRC6",23,20,7,9,7,13,8,6,8,15,3
"CNIH2",28,24,31,29,32,32,12,27,43,33,37
"ZNRF1",325,392,469,344,504,341,353,401,295,324,210
"BCAR3",3598,4068,3872,2523,2064,3223,4469,3168,3024,3218,2125
"C3orf70",0,0,0,3,0,0,1,0,2,2,1
"IFRG15",254,245,282,252,203,240,324,235,310,338,194
"CBX3",10635,11692,10217,12026,7280,10576,10980,8333,12383,10747,8186
"BBS12",131,98,100,66,42,138,112,79,117,88,53
"OR6J1",0,0,0,0,0,0,0,0,0,0,0
"PYCR2",1347,1423,1546,1446,1342,1257,1666,1230,1467,1748,1222
"PABPC1L2B",0,0,0,0,0,0,0,0,0,0,0
"FAM78A",56,32,56,30,66,47,72,32,30,65,18
"TRPC3",8,5,2,8,7,3,4,5,6,5,7
"RCE1",847,1131,827,1067,975,690,804,737,934,858,658
"MVB12A",671,718,860,577,759,588,793,698,638,821,501
"SPAM1",0,0,0,1,0,0,0,0,1,0,0
"BBOX1",1,0,1,1,1,0,1,0,0,3,0
"MT4",0,0,0,0,0,0,0,0,0,0,0
"SULT1B1",292,459,575,330,299,358,490,336,351,321,211
"ATG16L1",1919,1884,1972,2061,1822,1643,2217,1611,2630,2916,1745
"ZXDC",877,946,957,858,780,818,929,672,1040,1090,615
"STRN3",1110,1093,1224,1199,1033,1106,1283,845,1363,1488,979
"RLN2",5,2,3,5,2,5,3,8,5,1,2
"DEFB4B",0,0,0,0,0,0,0,0,0,0,0
"CLDN14",0,0,0,0,0,0,0,0,0,0,0
"FMN2",5,2,9,3,6,1,3,2,4,1,1
"CST11",0,0,0,0,0,0,0,0,0,0,0
"SLC16A5",930,979,987,996,1006,838,835,878,1146,1160,945
"AC109829.1",0,0,0,0,0,0,0,0,0,0,0
"SOX30",11,12,14,20,8,7,10,12,7,14,3
"LGALS12",5,3,0,2,1,2,3,6,6,1,2
"VAV2",3144,3971,3905,4201,3591,3020,4186,2626,3737,4458,2627
"MED8",1251,1368,1169,1277,836,991,1335,973,1390,1538,1003
"MYCL",29,12,45,34,41,40,47,36,49,59,31
"ZBTB4",2392,2525,3302,2421,2707,2808,3052,2459,2969,3537,2177
"CTD-2260A17.2",0,0,0,0,0,0,0,0,0,0,0
"SRPK1",10223,11456,12206,11522,9101,9831,12695,8245,11727,12796,8714
"GRASP",5,5,1,1,2,3,1,4,2,2,3
"SPNS1",2573,3138,2555,2851,3344,2032,2482,2202,2355,2505,1613
"DEFB123",1,0,0,0,0,0,0,0,0,0,0
"SLC35G2",370,461,280,589,260,363,368,314,652,435,348
"OR1J4",0,0,0,0,0,0,0,0,0,0,0
"PARP16",372,440,483,299,329,357,437,384,284,310,214
"GCNT4",6,6,4,0,4,9,8,7,6,6,2
"SLC10A7",243,233,223,155,146,211,225,168,242,226,158
"FAM208A",2597,2780,3155,3117,2532,2688,3451,2145,3512,3828,2256
"LRRC69",42,43,28,42,22,45,40,27,42,35,26
"DNAJC8",5917,6582,6622,7167,5204,6218,6979,5078,6609,6953,5150
"RCAN2",4,6,0,6,3,2,0,2,3,7,2
"PXT1",1,4,0,4,1,3,1,0,2,1,1
"ZNF418",77,79,79,62,33,58,58,63,68,50,71
"ARID1A",5611,7006,7120,8140,5840,5387,6703,4347,6377,7440,4824
"CNNM3",656,705,754,647,711,621,714,562,733,695,456
"LYAR",4617,5299,5123,6003,4376,3731,5929,3450,4803,5843,4273
"SORBS2",30,40,50,38,35,64,43,65,59,87,45
"SLC33A1",2462,1925,1965,1799,1651,2073,2203,1669,2343,2197,1626
"DNAJC3",2367,2291,2024,2324,1528,2432,2263,1907,2876,2652,2021
"ANGEL1",1177,1242,1477,1110,1226,1176,1357,1118,1072,1119,799
"TGFB3",92,84,67,77,83,86,80,60,110,93,53
"CLCN1",0,0,0,0,0,0,0,0,0,1,1
"DUSP3",1964,2106,2291,2140,1812,2006,2635,1877,2543,2998,1687
"DKFZP779L1853",1,0,1,0,0,1,0,0,0,0,0
"ANP32A",9721,10149,11330,9935,8169,9304,12496,7406,9787,10791,6961
"CRISPLD1",19,35,12,33,18,20,16,18,21,8,25
"CCNA1",1689,1524,1560,2265,1581,1436,1856,1173,2802,3032,1769
"CSTF3",2854,2327,2969,2602,2271,2277,3062,2290,2991,3286,2224
"ESYT3",0,5,0,1,1,0,0,2,1,1,1
"LIPF",0,0,0,0,0,0,0,0,0,0,0
"STYK1",61,90,65,81,45,89,81,109,98,98,96
"AC068039.1",0,0,0,0,0,0,0,0,0,0,0
"C16orf90",0,0,0,0,0,0,0,0,0,0,1
"CCL26",4,4,0,0,0,6,1,3,1,8,1
"CLDN20",0,0,0,0,0,0,0,0,0,0,0
"PQBP1",3672,3915,3192,4156,3197,2881,3895,2542,4093,4403,3028
"KLK15",0,0,0,0,0,0,0,0,0,0,0
"HIST3H3",0,0,0,0,0,0,0,0,0,0,0
"SUGP1",976,1135,1026,1157,992,892,1122,663,1172,1324,818
"SLC20A1",16343,14446,16467,12914,12766,14020,18132,12386,16035,16847,10347
"RP11-156E8.1",6,9,5,8,4,8,6,2,7,8,2
"WDR96",19,9,11,4,10,8,13,13,7,17,6
"OR7A5",1,1,0,0,1,0,1,3,1,0,1
"STC2",2380,3518,2361,4362,2537,2679,2727,2167,4258,3761,2626
"PCGF1",1068,981,922,903,775,943,1119,717,1084,1127,742
"MYL6B",999,1014,880,810,639,862,1009,761,870,889,586
"FUNDC1",842,1021,840,1008,698,878,898,720,980,921,644
"MTUS1",668,799,772,832,587,992,759,654,1106,913,667
"BIRC6",3760,4981,4202,4822,2510,5355,4632,3077,5165,4825,3277
"ACTR5",681,799,723,720,604,559,778,541,770,813,511
"PRPSAP2",842,917,858,858,545,787,976,634,914,915,646
"GSS",2044,2261,2568,2171,1951,2112,2517,2153,2397,2877,1659
"FAM58A",1029,1267,1062,1426,1182,832,1135,854,1339,1245,828
"GRID2IP",2,3,2,0,0,1,0,2,2,1,3
"HAUS4",419,466,431,374,320,400,458,351,499,463,306
"ASH1L",2609,2956,2883,3154,1988,3237,3007,2071,3215,3283,2431
"HOXC4",170,171,241,184,258,195,209,188,197,258,186
"ZDHHC18",1941,2188,1961,2543,2033,1667,2230,1644,2494,2595,1918
"HIST2H4B",31,18,20,24,20,11,29,11,23,51,24
"C14orf119",1561,1652,1333,1842,1153,1585,1483,1440,2150,1794,1473
"FAM47E",33,28,36,19,23,34,48,34,42,22,16
"CINP",611,650,624,615,488,551,688,460,642,627,417
"NINL",601,629,759,720,888,635,696,664,830,780,629
"SLC7A10",0,0,1,0,0,2,0,1,0,0,0
"TBC1D8",1412,1800,1787,1510,1332,1839,1619,1439,1812,1767,1274
"SMYD3",439,542,628,485,477,541,643,478,635,590,396
"HAL",9,18,12,16,6,10,14,7,16,7,13
"ITPKB",941,713,1155,615,902,826,1142,810,742,897,548
"NMRAL1",1574,1860,1530,1918,1642,1336,1676,1331,1889,2095,1341
"PTGES3",17861,19615,19927,20900,15191,16615,21750,13808,21568,22548,13584
"NDUFB10",2497,2763,2534,3134,2505,2344,2677,2077,2970,2972,1974
"CYBA",3028,3194,2752,3172,3844,2829,2751,3015,3578,3516,2742
"KCNJ3",0,0,0,0,0,0,0,1,0,0,0
"CETN2",2062,2284,2407,2142,1452,2528,2491,2006,2333,2183,1574
"GALNT12",99,105,115,171,125,135,157,177,371,439,349
"SCG2",1934,2032,1938,1345,724,1684,1882,1207,1338,997,793
"HSH2D",90,86,124,153,145,81,111,135,254,288,290
"BCL7C",1367,1512,1325,1475,1279,1105,1276,1097,1179,1181,852
"KCNQ3",47,62,53,74,41,60,56,38,58,105,44
"RGP1",1578,1499,1775,1320,1276,1373,1811,1294,1284,1757,987
"SH2D4B",1,3,0,2,2,0,1,0,3,2,0
"TOR1B",1209,1046,1056,1196,916,980,1266,901,1419,1384,857
"OXLD1",846,855,982,1045,1139,741,883,870,1029,1060,752
"ENO1",108704,118941,117686,129959,121656,94724,129589,88493,133983,143751,91048
"EMILIN3",3,3,0,0,0,0,0,1,0,0,2
"CYP2C8",2,0,1,2,0,0,0,0,0,0,0
"ROBO3",81,106,135,87,105,93,112,88,95,106,109
"TRAPPC12",928,1097,1202,1049,1255,845,1227,920,1120,1405,825
"NSMCE4A",1192,1405,1210,1277,750,1218,1254,1157,1313,1122,947
"GJA3",18,12,9,17,17,7,18,6,18,29,10
"KIFC1",4256,4004,4443,4423,3986,3237,4246,3435,4556,4884,3519
"FOXM1",12863,14314,13628,14933,11803,10236,14305,10206,13815,15563,10468
"TAS2R20",6,6,5,4,2,8,2,9,5,3,2
"NPHP1",75,70,65,56,30,82,58,75,47,31,27
"MIER2",658,688,797,714,916,603,878,617,779,951,607
"GCH1",1042,1164,1004,1134,883,913,1163,850,1323,1290,903
"ERGIC2",1957,2311,1963,2270,1450,2232,2157,1664,2618,2095,1759
"ESRRG",4,7,17,7,9,13,20,13,10,5,6
"GJB7",0,1,0,0,0,0,0,0,1,1,0
"USP10",4050,4494,4442,4451,3497,3526,4969,3114,4698,5421,3151
"HOXA5",91,100,126,106,88,116,95,90,107,102,83
"SLC25A19",642,646,659,638,627,451,646,430,641,762,417
"OR6K2",0,0,0,0,0,0,0,0,0,0,0
"PCDH10",15,4,8,4,11,5,7,7,6,8,8
"TTYH1",2,1,0,1,1,0,0,2,3,2,3
"LRP5",3758,3493,4309,3395,4210,3441,4066,3191,3430,3768,2308
"KIAA0087",0,0,0,0,0,0,0,0,0,0,0
"NR2C2AP",723,806,769,898,633,578,877,575,920,1101,653
"ZNF239",144,120,148,195,132,129,161,99,218,218,173
"PLAGL2",1822,2221,2163,2450,1960,1724,2295,1540,2399,2701,1682
"PEX14",790,960,862,901,867,710,849,745,930,899,644
"ABCD2",2,5,5,5,8,11,8,15,3,1,3
"ZNF276",967,1100,824,843,743,870,930,725,872,952,761
"OR5T2",0,0,0,0,0,0,0,0,0,0,0
"LIN7B",59,45,43,42,58,48,45,49,53,44,39
"TAS2R31",6,3,7,0,1,2,2,3,5,4,2
"NDUFS7",758,834,775,751,898,731,776,615,841,806,488
"OR5M1",0,0,0,0,0,0,0,0,0,0,0
"SNX7",1765,2003,1916,1883,1232,1867,2071,1536,2120,1992,1377
"SRRD",834,1004,891,1067,689,726,1031,640,1028,1235,717
"PNMA6C",0,0,0,0,0,0,0,0,0,0,0
"PPTC7",1929,2311,2035,2289,2155,2297,2311,1575,2861,2660,1864
"VWF",4,2,13,6,4,2,10,11,22,43,14
"IFT27",322,348,357,258,254,310,313,250,223,278,178
"AL356215.1",0,0,0,0,0,0,0,0,0,0,0
"FUT3",263,232,295,358,377,262,274,283,605,770,514
"WDR24",535,602,569,467,635,419,634,457,491,625,343
"PPP2CB",2703,2666,2796,2736,2439,2640,3202,2155,3303,3682,2104
"MT1E",1379,1796,1514,2260,2252,1584,1511,1388,2275,1620,1285
"SIKE1",1732,1805,1811,1561,1342,1727,1846,1378,2023,1600,1250
"PAGE2B",1,1,1,1,0,0,0,0,0,0,0
"HMGB1",18373,20032,17635,18939,13725,16006,18602,13303,17374,16175,12861
"KIAA0141",1316,1452,1288,1389,971,1149,1395,1124,1441,1467,1166
"EPX",0,0,0,0,0,0,0,0,0,0,0
"ZNF98",0,0,0,0,0,0,0,0,0,0,0
"FARP1",857,967,1217,843,984,1031,1226,1080,1126,1268,786
"ZC3H13",4554,5323,5234,5061,3786,4989,5611,3902,4803,5285,4254
"SLC25A5",12411,13419,12150,13811,11427,10298,13501,9892,15074,14894,9499
"SPDEF",2,4,7,2,2,5,4,13,3,2,5
"C7orf26",708,806,690,783,699,541,768,493,802,882,532
"GLP2R",113,155,120,187,146,126,116,126,251,195,172
"HIPK2",1406,1555,2435,1538,1833,1705,2040,1276,1442,1799,1022
"VIMP",1752,1929,1537,2065,1345,1617,1839,1474,2220,1989,1565
"ATP1B4",0,0,0,0,0,0,0,0,0,0,0
"NDST4",2,0,0,0,0,0,0,0,0,0,0
"GALNS",361,463,424,526,504,434,519,387,602,648,389
"BTNL2",0,0,0,0,0,0,0,0,0,0,0
"AIMP2",1812,2137,2075,2230,1797,1659,2105,1367,2305,2374,1415
"TMEM38A",607,578,670,781,811,519,659,484,872,834,577
"AL162431.1",0,0,0,0,0,0,1,0,0,0,0
"PRAP1",0,0,0,0,0,0,0,0,0,0,0
"COA3",879,962,732,906,648,701,854,654,885,909,608
"PPP1R16B",30,34,49,46,43,31,32,30,34,38,27
"ANKRD61",4,2,1,5,2,4,2,1,3,7,2
"TEKT5",0,0,2,1,0,1,0,1,1,2,0
"SEZ6",0,0,0,0,0,0,0,0,0,0,0
"SPRR2B",0,0,0,0,0,0,0,0,1,0,0
"CBLL1",1381,1568,1570,1603,1322,1312,1602,1101,1635,1739,1224
"LCK",17,15,8,22,13,16,20,18,36,41,34
"DZIP1L",499,580,401,615,400,444,451,404,651,588,464
"ANO10",880,922,1120,890,783,1136,1106,1107,1123,1140,831
"C15orf37",1,0,1,1,0,0,0,0,0,0,0
"SEPT8",1633,1767,2012,1439,1454,1866,1909,1791,1802,1862,1316
"ACADSB",531,556,464,481,307,575,436,452,458,381,333
"DENND6A",557,667,656,660,513,734,621,519,796,705,550
"A2M",0,0,0,0,0,0,0,0,0,0,0
"NALCN",52,67,46,98,50,75,59,59,129,100,72
"PEX19",1303,1537,1673,1385,1218,1244,1654,1281,1363,1524,1093
"TMEM91",27,23,25,15,32,51,27,26,25,25,20
"SLC9A7",426,462,504,389,419,447,499,405,460,578,359
"HCN1",1,0,0,0,0,0,0,0,0,0,0
"FAM163B",0,0,0,0,0,0,0,0,0,0,0
"GJD2",0,0,0,0,0,0,0,0,0,0,0
"MAGED4",0,0,0,0,0,0,0,0,0,0,0
"HMGCS2",1,2,6,5,4,3,4,5,5,2,4
"SLC14A1",0,0,0,0,0,0,0,0,0,0,0
"GNAQ",2943,3296,3786,2732,2682,3302,3879,2734,2969,3321,2153
"IGDCC4",14,22,22,20,22,17,23,18,32,31,17
"CARD17",0,0,0,0,0,0,0,0,0,0,0
"SNX17",2904,3255,3340,3207,2573,2637,3532,2598,3454,3616,2196
"RWDD2A",173,144,161,137,103,189,139,171,189,147,116
"CRYGC",55,63,30,37,15,34,44,42,31,19,26
"NRF1",673,795,752,896,683,600,813,561,854,910,565
"AL592284.1",55,63,74,50,63,65,75,59,74,71,49
"PPP1R35",709,752,863,817,780,652,764,739,906,894,634
"RAD23B",14613,16803,16021,16475,14037,14483,17372,11120,17035,18659,10787
"TMTC3",1800,1816,1615,1587,1185,1972,1731,1422,1871,1396,1183
"DDN",305,337,435,585,661,210,324,259,456,425,307
"PNMAL2",0,0,0,0,0,0,0,0,0,0,0
"FAM25C",0,0,0,0,0,0,0,0,0,0,0
"CHP1",4835,5155,7073,4797,5363,5642,6277,5537,6172,6635,4272
"NICN1",296,235,297,172,199,345,254,290,298,270,209
"CLCA4",0,0,0,0,0,0,0,0,0,0,0
"MTG1",42,34,37,31,26,38,45,16,31,45,26
"MAGED4B",0,0,0,0,0,0,0,0,0,0,0
"HIST1H2AH",6,16,6,20,9,1,2,4,12,11,4
"VIP",4,0,0,0,2,1,0,1,7,2,2
"SLMAP",1577,1408,1767,1395,1232,1548,1957,1371,1896,2175,1365
"CER1",0,0,0,0,0,0,0,0,0,1,0
"DHCR7",11241,13918,14084,14883,16753,12196,14601,11509,16479,15802,10237
"RBCK1",1711,1981,2631,1988,2816,2458,2337,2546,2796,2614,2101
"SMOX",943,1152,1148,944,1064,927,952,853,880,798,598
"ACY3",5,2,5,6,10,8,2,4,18,14,8
"GOLGA8O",2,5,4,1,1,2,0,0,1,1,1
"KCTD14",2,2,4,3,2,3,0,0,4,4,1
"LRRCC1",1036,1198,1470,1285,916,1033,1556,974,1247,1442,937
"CEP152",1349,1205,1246,1086,783,1488,1290,907,1316,1302,1056
"C8orf17",0,0,0,0,0,0,0,0,0,0,0
"SLC35B1",1357,1476,1093,1517,1135,1152,1310,1043,1476,1458,955
"C17orf98",0,1,0,0,0,1,1,0,1,1,0
"LRIF1",1135,1008,1129,1097,827,1018,1296,794,1089,1246,825
"SLC39A3",376,471,372,500,514,261,415,308,439,495,305
"NF2",2998,3392,3680,3860,3911,2638,3903,2737,4095,4832,3073
"CLYBL",30,32,37,23,26,40,32,50,23,17,16
"HSPG2",1372,1242,1545,1692,2010,1520,1428,1514,2009,2157,1548
"PSMC6",6321,6813,5744,6520,3411,6313,6356,4967,7989,6986,5013
"IFNW1",0,0,0,0,0,0,0,0,0,0,0
"C1QTNF1",859,1078,1246,839,935,1014,1116,1107,852,980,628
"ZNF354C",350,336,321,303,209,304,380,263,269,283,226
"PRAMEF22",0,0,0,0,0,0,0,0,0,0,0
"IFNAR1",1950,2032,1714,1895,1146,1854,1886,1347,2308,2094,1435
"GLT6D1",0,0,0,0,0,0,0,0,0,0,0
"TMPRSS6",0,0,1,0,0,0,0,0,1,0,0
"C2orf15",0,0,0,0,0,0,0,0,0,0,0
"PRAMEF12",0,0,0,0,0,0,0,0,0,0,0
"MAEL",0,0,0,0,0,0,0,0,0,0,0
"RAD21L1",0,1,0,2,1,0,0,0,1,2,1
"RBM41",600,750,762,726,428,700,734,532,873,812,567
"CXorf40A",368,426,432,389,317,339,460,366,414,470,309
"FAM203B",1,0,0,3,0,0,0,0,1,1,1
"BTNL3",0,0,0,0,0,0,0,0,0,0,0
"PPIL3",425,417,306,372,228,520,350,390,501,379,394
"FAM9A",0,0,0,0,0,0,0,0,0,0,0
"NACA",17812,19604,17737,21604,13042,17698,19574,15411,22086,21127,15016
"PDCD11",4849,5293,4782,5425,4232,3972,5719,3588,5276,6415,4281
"TBRG1",1001,1012,1044,1025,941,947,1160,802,1215,1228,859
"ANKS4B",0,0,0,1,0,0,0,0,0,0,0
"PNLIP",0,0,0,0,0,0,0,0,1,0,0
"HRAS",1387,1615,1273,1536,1309,954,1483,914,1467,1398,929
"RAD54L",3342,3657,3807,3259,2997,3152,3669,2752,3404,3508,2468
"ADAM12",188,206,248,239,192,238,259,218,254,218,161
"THEMIS2",37,48,58,96,104,76,85,87,174,276,205
"D2HGDH",361,399,426,282,386,348,348,333,306,311,221
"CCDC28A",469,521,502,343,283,521,488,408,413,385,277
"HEY2",2,0,2,3,1,0,0,0,3,3,0
"RNF31",1136,1243,1114,1041,1093,952,1109,986,1248,1383,1006
"SEC14L3",0,0,0,0,0,0,0,0,0,0,0
"IL21",0,0,0,0,0,0,0,0,0,0,0
"C1QL1",127,180,230,284,632,280,119,221,394,138,190
"ARMC10",2259,2507,2462,2381,2065,2288,2418,1861,2474,2387,1589
"ZNF705A",1,3,1,0,4,2,1,8,3,2,1
"PAH",0,0,0,0,0,0,0,0,0,0,0
"RB1",2716,2998,3209,2855,2202,2906,3434,2199,3211,3502,2031
"RNF212",0,1,3,1,2,0,1,3,2,1,0
"GAL",161,151,124,326,273,71,143,102,276,334,225
"OR51B5",0,0,1,1,0,1,1,0,0,0,0
"GPR162",0,0,0,0,0,0,0,0,0,0,0
"CARTPT",0,0,0,0,0,0,0,0,0,0,0
"PRAMEF21",0,0,0,0,0,0,0,0,0,0,0
"ATF5",895,1281,860,1497,983,777,957,719,1257,1296,915
"SEC61B",2889,3097,2522,3341,2154,2620,2713,2381,3456,3227,2146
"TMUB2",978,982,938,841,735,916,834,862,996,956,798
"ANKFN1",0,0,0,0,0,0,0,0,0,0,0
"HOXB8",0,0,0,0,0,0,0,0,0,0,0
"ZNF502",70,55,72,86,35,64,66,61,60,75,84
"MTMR8",0,0,0,0,0,0,0,0,0,0,0
"MRPS23",2280,2399,1801,2561,1552,1929,1967,1788,2577,2201,1717
"METTL5",1324,1609,1486,1742,1268,1503,1535,1298,1874,1649,1185
"AC142381.1",0,0,0,0,0,0,0,0,0,0,0
"C2CD4D",39,49,29,44,60,42,27,37,49,53,33
"ADAMTS1",104,134,108,185,106,173,96,108,239,215,160
"NTPCR",1410,1531,1436,1374,913,1475,1327,1351,1500,1209,945
"UGT2B15",0,0,0,0,0,0,0,0,0,0,0
"CCNK",2449,2836,2974,3214,2850,2319,3001,2182,3155,3819,2661
"ZNF182",535,495,580,500,363,621,607,403,610,558,405
"SMR3B",0,0,0,0,0,0,0,0,0,0,0
"NRIP2",4,0,1,0,0,2,0,0,0,0,1
"FAM229A",83,83,49,49,60,80,56,57,65,51,56
"CSHL1",0,0,0,0,0,0,0,0,0,0,0
"ZSCAN32",579,585,607,580,441,465,616,498,592,727,436
"PPP1R1B",14,5,12,3,13,20,16,17,11,17,14
"GABRA1",0,0,0,0,0,0,0,0,0,0,0
"CLTCL1",985,1026,1108,931,800,949,1158,740,940,1070,609
"RAD52",868,631,740,515,540,811,704,501,789,694,477
"PGK1",27366,30250,32535,31651,27878,28863,34209,25440,37576,36607,24026
"PSG8",0,0,0,0,0,0,0,0,0,0,0
"TSNARE1",183,202,250,199,282,194,202,184,180,191,140
"SPAG4",122,97,117,119,115,133,118,126,174,139,128
"RPS6KA1",4936,4988,5522,5091,4871,4151,5910,4039,5818,6999,4201
"LRRIQ4",0,1,0,0,0,0,0,0,0,0,2
"KRTAP13-2",0,0,2,0,0,0,0,0,0,0,0
"ZNF264",230,287,244,298,199,241,290,212,255,286,186
"CRISP2",0,0,0,0,0,0,0,0,0,0,0
"PXMP4",209,196,270,173,233,211,232,249,222,274,168
"RLN1",8,4,2,5,0,7,5,7,8,3,1
"RP11-664D7.4",12,3,7,4,5,4,9,7,1,3,4
"TAS1R3",20,22,19,24,25,24,24,37,37,20,24
"OTOR",0,0,0,0,0,0,0,0,0,0,0
"DPT",1,0,0,0,0,0,0,0,0,0,0
"PMM2",1636,2420,1931,2580,1761,1604,2204,1673,2477,2789,1799
"ITPR1",483,630,727,612,508,702,679,465,703,598,365
"FAM211A",32,29,32,23,33,52,25,45,59,34,36
"GID4",1052,988,1257,971,985,951,1255,795,1142,1163,673
"DDI1",0,0,0,0,0,0,0,0,0,0,0
"SLTM",3675,4110,4645,4557,3349,3561,4944,3084,4223,5534,3589
"CCDC106",16,28,17,15,16,13,15,13,14,14,26
"FAM135B",0,0,0,0,0,0,0,0,0,0,0
"SLC39A8",2712,3075,2887,3012,2054,2943,3152,2587,3855,3523,2472
"SSBP3-AS1",0,0,0,0,0,0,0,0,0,0,0
"CCR7",0,1,1,2,0,0,0,1,1,2,1
"SEPT4",12,10,15,6,3,25,6,14,10,4,7
"PIGB",190,269,219,227,136,201,262,195,275,287,212
"LINC00692",0,0,0,0,0,0,0,0,0,0,0
"CTD-2116N17.1",18,13,5,8,1,12,4,8,14,15,13
"H2BFM",2,0,0,0,0,0,0,0,0,0,0
"RBM18",1395,1593,1390,1517,1048,1321,1557,1073,1760,1720,1103
"RPS21",11135,12264,4481,11249,4375,9656,5248,8048,13528,5688,7587
"KIF18A",1051,1006,1032,1070,637,1027,1107,858,1310,980,763
"FBXO34",1178,1318,1312,1412,1073,1294,1284,997,1670,1398,994
"ESRP1",6679,6639,7835,6354,5707,6696,8032,5842,8372,8903,5631
"PRSS57",1,0,0,0,0,0,0,0,0,0,0
"MS4A5",0,0,0,0,0,0,0,0,0,0,0
"GLT8D1",323,361,402,288,227,367,365,288,365,303,242
"F7",0,0,0,0,0,0,0,0,0,0,0
"MACF1",5116,5786,5243,6657,3469,7433,5755,4651,7986,7137,5979
"C17orf59",412,437,537,462,610,352,504,363,490,459,273
"MEGF6",22,28,34,24,31,39,23,42,35,58,30
"TMEM59L",0,0,2,3,2,4,1,9,3,1,4
"RFK",2790,3203,2496,2688,2219,2750,2577,2185,2969,2288,1942
"NDUFA8",2117,2115,2082,2206,1538,2123,2275,1682,2428,2521,1693
"C7orf55",7,8,7,3,6,8,11,6,6,11,5
"DNAL1",385,464,334,331,212,457,376,286,377,254,247
"ENTPD8",12,8,8,6,4,10,2,17,13,17,6
"RTDR1",0,0,0,0,0,0,0,0,0,0,0
"KRT1",0,0,0,0,3,0,0,0,0,0,0
"C1R",14,22,29,23,15,22,13,28,42,37,21
"RGPD5",109,95,76,90,44,77,95,61,98,86,67
"PAPOLG",804,832,922,742,667,838,1033,609,988,988,584
"IQCH",67,86,103,52,50,92,84,91,77,93,66
"DUSP10",3831,4557,4348,3827,2540,4292,4030,3073,4000,4297,2618
"MYO5A",1178,1380,1452,1082,756,1370,1778,1109,1262,1554,921
"GBP1",26,25,35,20,13,27,45,20,18,29,20
"KRT2",0,0,0,0,1,0,0,0,0,0,0
"HPRT1",2350,2522,2202,2575,1817,2389,2500,1895,3030,2335,1788
"AC018470.1",0,0,0,0,0,0,0,0,0,0,0
"IKBKAP",4334,4892,5367,4279,3411,4610,5706,3586,5175,5643,3228
"OSBPL9",5077,5970,6115,5896,4832,6175,6419,5551,7120,6907,5079
"GPHN",847,883,1056,906,855,887,1129,743,1056,1153,686
"CAAP1",0,0,0,0,0,0,0,0,0,0,0
"B3GALT6",783,844,781,976,1072,605,889,609,975,970,564
"TTC26",304,367,384,287,189,272,391,262,244,290,197
"RHOXF1",0,0,0,0,0,0,0,0,0,0,0
"SEC22A",340,354,339,312,218,330,393,322,448,388,311
"DLG3",2974,3246,3865,3111,3209,3161,3945,2943,3570,3919,2675
"PDS5A",8032,9558,9895,9773,6969,8696,10727,6774,10405,11098,7119
"COX14",551,598,332,573,349,487,339,493,748,482,451
"LATS2",750,985,857,1157,980,763,894,707,1211,1248,844
"PCNA",8963,10821,8680,11828,7538,8638,9911,7579,12574,10729,7663
"MMAB",1330,1584,1591,1264,1131,1418,1664,1415,1401,1331,916
"SNX24",496,628,514,581,422,590,638,476,760,709,530
"MYO7B",497,552,459,638,510,378,445,331,719,753,592
"FBLN5",13,13,16,14,11,11,12,2,19,11,9
"IL8",748,545,531,800,407,865,679,598,1557,949,1084
"LY75",0,2,0,0,0,1,0,0,0,1,0
"RP11-863K10.7",2,2,3,1,3,3,4,5,5,1,1
"EHD2",1914,2026,2621,1827,2797,1776,2422,1811,2196,2717,1586
"OR4M1",0,0,0,0,0,0,0,0,0,0,0
"SMARCAD1",1796,2016,2076,1846,1301,1835,2223,1553,1958,2093,1437
"ESCO1",1799,1789,2151,1946,1417,2037,2097,1541,2111,2220,1512
"PCDH20",55,83,74,43,35,78,68,71,58,43,57
"NUP155",4257,5279,4774,5249,3689,4126,5337,3466,5436,5587,3536
"ACRC",54,37,32,38,23,27,29,16,50,44,31
"CHMP7",2394,2427,2616,2535,2084,1994,2905,1852,2467,3035,1647
"TOM1L2",567,535,635,543,664,436,652,514,703,1067,617
"YY2",265,281,212,214,194,214,214,173,263,239,150
"FAM177B",9,10,8,4,5,11,12,6,15,14,11
"GALNT11",688,829,1023,774,771,824,972,735,760,852,558
"CAPN1",4907,5358,6348,5462,6071,4988,6389,5443,7239,9131,5265
"HIST1H3D",6,12,7,15,3,3,4,5,16,17,3
"C12orf68",1,1,2,1,3,4,2,1,3,1,0
"SETX",3862,4005,4125,4308,2684,4399,4802,3394,5078,5058,3610
"RAD21",17426,18975,18723,19900,13330,17795,18865,14926,21555,19661,14883
"PLS3",5289,5899,6033,5835,3695,5404,7009,4477,7194,8444,4915
"C16orf98",6,3,3,7,5,4,2,6,8,9,4
"PCK1",0,2,3,1,5,5,1,1,0,2,1
"REEP2",32,43,43,61,63,38,23,46,60,46,48
"SLC15A4",643,702,628,658,579,581,693,566,791,693,539
"PROB1",197,299,277,353,351,172,294,210,243,313,190
"PLEKHA3",721,764,787,748,669,682,824,556,905,919,591
"SYTL4",17,20,36,20,14,25,27,16,27,24,22
"DEFB110",0,0,0,0,0,0,0,0,0,0,0
"TBX3",1,0,3,1,1,0,0,0,0,1,2
"SMARCD1",2680,3180,2829,3021,2363,2209,3012,2130,2853,2952,1943
"EPGN",443,470,396,465,182,354,398,321,420,514,381
"PPP1CA",7776,9113,7758,9343,8268,6814,8704,6558,9295,10138,6288
"MID1IP1",4275,4734,5081,5135,4872,3913,4951,3643,4879,5679,3411
"CCDC110",91,46,115,50,67,90,122,83,76,69,64
"SPG7",1797,1887,1708,1472,1381,1700,1760,1265,1927,1869,1351
"TAPT1",637,653,679,540,469,650,672,472,713,651,440
"ZNF75D",440,446,477,460,316,466,459,442,595,574,489
"RPS19",12094,13312,9928,13523,10485,9247,10950,8817,13103,11844,8109
"PTCHD1",0,0,0,0,0,0,0,0,0,0,0
"WDR77",4223,4905,4512,5098,4005,3316,5278,3057,4973,5928,3260
"PODXL",1813,1763,2019,1977,1900,1673,2195,1543,2232,2765,1723
"USP17L18",0,0,0,0,0,0,0,0,0,0,0
"OR3A3",0,0,0,0,0,0,0,0,0,0,0
"KIAA1107",129,95,204,80,99,197,186,163,147,174,110
"CXCL1",1871,1208,1497,1166,1324,1922,1809,900,2224,1526,1028
"ZCCHC12",0,0,0,1,0,0,0,1,0,0,0
"ATP6V0C",12,17,14,9,14,10,16,22,21,13,12
"MFSD4",6,0,9,9,5,9,9,8,7,9,14
"CHIC1",298,398,318,290,234,381,315,254,346,310,248
"FBXO18",2421,2353,2865,2382,2405,2212,3033,1841,2668,3270,1787
"GAGE12J",0,0,0,0,0,0,0,0,0,0,0
"FEM1B",2405,2554,2293,2356,1906,2535,2522,1746,2768,2426,1638
"DLGAP5",5045,5014,5686,5431,3534,4993,5723,4427,6117,5650,4006
"POLE4",826,915,595,1133,845,592,819,593,1141,1145,746
"HELZ2",1305,1115,1346,1139,1414,939,1509,1124,1420,1952,1137
"GFRA4",0,0,0,0,0,0,0,0,0,0,0
"ABRA",0,0,0,0,0,0,0,0,0,0,0
"TRIM61",0,0,0,0,0,0,0,0,0,1,1
"DHX16",3631,4226,4125,4316,4134,3242,4712,2949,4273,5197,3039
"GDF9",11,16,14,7,8,9,13,10,20,10,3
"IL12RB1",1,0,0,0,0,0,0,0,0,4,0
"DOCK10",39,21,36,34,18,31,41,24,26,67,31
"ANTXR1",3936,4577,4033,4513,2756,4116,4046,3539,4194,3529,2696
"LAMA2",136,168,121,104,59,112,156,110,100,112,75
"LRRC66",1,3,0,3,1,1,3,0,3,1,1
"SLC46A2",0,0,0,0,0,0,0,0,0,0,0
"NKD2",0,0,0,0,0,0,0,0,0,1,0
"UQCRFS1",3860,4278,4113,4788,3723,3512,4471,3286,5031,4729,3332
"PLIN2",2306,2540,3032,2844,2440,2055,3476,2357,3462,4265,2457
"CNTFR",0,0,0,0,0,0,0,1,0,1,0
"MEI4",0,0,0,0,0,0,0,0,0,0,0
"LUZP4",0,0,0,0,0,0,1,0,0,0,0
"GAS1",145,114,125,99,96,124,81,86,115,55,29
"AP000867.1",0,1,0,0,0,0,0,0,0,0,0
"BTF3",14052,15469,13928,15996,12766,14205,15263,11954,17733,16055,11643
"OIP5",689,748,546,787,469,604,633,454,831,653,507
"FKBP15",1786,1938,1905,1806,1479,1646,2207,1580,2168,2548,1663
"PPAPDC3",6,4,2,1,5,2,5,2,2,1,3
"BLOC1S1",38,42,27,44,26,35,35,45,28,39,37
"MST1",95,69,84,66,63,107,68,128,126,78,100
"ASIC3",47,32,29,35,33,49,33,37,45,40,42
"SERPINB11",0,0,0,0,0,0,0,0,0,0,0
"HSF2",556,679,693,656,451,657,663,526,724,593,483
"TLR9",2,1,7,2,5,6,4,5,5,6,2
"GABRE",2272,1839,1570,1351,1231,1764,1473,1581,1976,1792,1871
"CSPG5",16,20,14,32,17,16,18,16,14,28,13
"NDUFC1",735,724,634,657,480,660,588,540,706,616,422
"USP47",2412,2862,2844,2844,1903,2490,3023,2045,3116,3428,2109
"DDX43",0,0,0,0,0,0,0,0,0,0,0
"ULBP2",216,178,215,180,187,196,240,210,318,351,213
"KRTAP6-1",0,0,0,0,0,0,0,0,0,0,0
"SDHA",6694,6991,7884,7662,8502,6469,7811,5815,8932,8946,5622
"FAM110A",216,238,274,261,340,180,246,188,260,280,167
"ACSM5",0,0,0,0,0,0,0,0,0,0,0
"HNF4A",19,13,15,24,29,24,22,16,31,46,24
"ARNTL",927,985,1098,1065,888,988,1118,917,1400,1491,979
"SFRP1",12967,14056,14660,15408,13476,15009,13499,11060,16417,13349,9157
"OR8H1",0,0,0,0,0,0,0,0,0,0,0
"SPANXB1",0,0,0,0,0,0,0,0,0,0,0
"SPATA8",0,0,0,0,0,0,0,0,0,0,0
"TTC33",151,126,141,116,136,196,149,110,156,124,86
"C15orf65",11,15,15,8,8,22,7,7,16,4,7
"BRD8",2788,2614,2376,2194,1753,2116,2348,1679,2728,2634,2024
"OR4K15",0,0,0,0,0,0,0,0,0,0,0
"LRRC20",95,87,187,123,238,166,149,182,200,200,148
"TMEM61",33,16,60,19,72,53,36,59,37,23,27
"AGRP",0,0,0,0,0,0,0,0,0,0,0
"CHAF1B",1396,1750,1716,1746,1390,1425,1858,1307,1621,1558,1179
"CATSPER4",0,0,1,2,0,1,2,1,0,0,0
"FAM53C",2140,2606,2445,2719,2460,1866,2387,1861,2574,2745,1763
"QRICH1",2958,3332,3177,3394,2843,2602,3373,2554,3575,3845,2546
"ZNF574",476,539,559,662,669,358,554,371,658,764,439
"WDR91",192,178,220,150,132,202,177,172,199,184,167
"C7orf50",860,1142,1061,1190,1286,800,1103,984,1154,1196,816
"CTD-2287O16.3",0,0,0,0,0,0,0,0,0,0,0
"MBD1",4339,4437,4516,4004,3560,4013,4939,3516,4647,5135,3509
"AC010441.1",0,0,0,0,0,0,0,0,0,0,0
"TEAD1",5941,7229,6595,8023,5435,5831,6979,4966,7861,8006,5463
"PINLYP",17,13,3,7,3,10,7,9,15,11,5
"CST3",3017,3563,3338,4011,4114,2927,3540,3044,4225,4265,2628
"PMFBP1",28,23,26,27,22,29,24,14,30,18,31
"VWA5A",0,0,0,0,0,0,0,1,1,2,1
"SULT6B1",0,0,1,2,0,1,0,0,1,0,0
"PRKCSH",10598,11742,10095,11356,10529,9967,10445,8831,11604,11720,8655
"BUD13",1007,1094,1023,1093,866,893,1161,862,1160,1199,861
"PHYHD1",0,1,1,0,0,2,0,0,1,3,3
"ZBTB2",1729,2192,1918,2402,1589,1538,2172,1357,2519,2554,1652
"OR2D3",0,0,0,0,0,0,0,0,0,0,0
"KNSTRN",5056,4977,5098,5134,3224,4340,5703,3949,5664,5847,3968
"LETMD1",1180,1118,1051,863,672,1091,1065,961,1028,975,916
"ORC3",2029,2116,2449,2143,1608,2135,2553,1934,2503,2689,1695
"FAM200A",267,269,260,274,146,277,287,173,300,238,179
"LGALS3BP",314,377,391,476,494,406,376,425,675,695,544
"ATF1",1243,1411,1326,1557,1110,1303,1314,1007,1457,1388,978
"MED12L",126,128,126,108,89,124,114,95,128,107,80
"SIGLEC7",0,0,0,0,0,0,0,0,0,0,0
"CLPTM1",4149,4769,4174,4914,4126,3755,4270,3685,4896,4991,3628
"MAP3K11",2498,2826,2878,2725,3153,2010,2797,2269,2469,3073,1872
"DCAF12L1",0,0,0,0,0,0,0,0,0,0,0
"LCN15",0,0,0,0,0,0,0,0,0,0,0
"TMEM14A",970,1014,652,848,690,921,685,758,1210,857,779
"CAMK2N2",201,256,233,288,404,204,257,236,241,284,163
"SPINK5",10,7,13,20,13,8,13,6,32,85,54
"PLSCR5",0,0,0,1,0,0,0,0,1,1,0
"ACADS",111,112,125,79,96,127,101,138,138,137,104
"AC020952.1",0,0,0,0,0,0,0,0,0,0,0
"TIMP2",888,878,1209,1127,1252,1309,1136,1263,1628,1657,1233
"KRTAP29-1",0,0,0,0,0,0,0,0,0,0,0
"ERI2",1056,1050,1063,868,714,963,1132,860,1106,1149,787
"TBX18",1749,1674,1904,1507,1296,1643,1839,1322,1901,1744,1266
"SMPDL3B",188,180,203,176,162,181,206,163,258,276,193
"TLE6",4,2,1,4,2,1,7,3,1,4,4
"CCDC150",288,280,224,174,121,347,247,213,286,216,251
"KIAA1658",1,0,1,2,1,1,1,0,4,1,0
"CUTC",512,686,629,665,513,494,689,485,638,652,474
"FAM71D",1,0,0,1,2,4,2,1,0,0,0
"AC114494.1",0,1,4,0,3,0,4,0,2,9,2
"ARSB",631,810,905,734,522,674,835,660,702,710,492
"KRTAP5-5",0,0,0,0,0,0,0,0,0,0,0
"FAM222B",886,872,1022,911,999,798,1021,667,985,1215,691
"OR1D5",0,0,0,0,0,0,0,0,0,0,0
"ABCA2",2411,2130,2700,2194,3144,2657,2304,2324,2891,2382,2036
"TMED10",5608,6067,5617,5615,4432,6076,5291,5158,5971,4794,3753
"NMB",201,208,175,224,201,178,191,191,224,223,155
"ENSA",5188,5503,5439,5629,4276,5101,5913,4375,5542,6309,4092
"ANAPC4",1174,1215,1135,1205,852,1076,1298,986,1421,1368,931
"UCHL1",0,0,0,0,0,0,0,1,2,2,0
"EML5",590,746,607,571,371,581,786,480,717,843,555
"TAB3",2575,3357,3307,3028,2216,3210,3645,2908,3865,4066,3100
"ZNF274",887,863,807,870,640,682,924,665,1017,1194,823
"AREGB",935,1044,989,1353,1139,1228,929,885,1468,974,871
"EPC2",1361,1681,1379,1594,923,1359,1507,1017,1574,1609,993
"ROPN1",0,0,0,0,0,0,0,1,1,0,1
"OR2G6",0,0,0,0,0,0,0,0,0,0,0
"RUFY1",1293,1433,1685,1302,1252,1331,1657,1085,1344,1481,951
"DOK1",251,274,317,228,241,190,231,297,206,253,221
"ST18",28,46,30,31,5,28,39,28,23,20,18
"AADAT",1214,1325,1231,1393,937,1166,1325,973,1550,1507,1062
"FGG",5,5,4,21,9,7,6,6,12,12,7
"ULK2",424,589,559,526,446,593,545,548,630,602,495
"OR4F3",0,0,0,0,0,0,0,0,0,0,0
"SNAPC5",451,469,407,516,351,422,442,372,557,541,409
"CLCN4",280,313,244,313,208,274,268,217,303,299,209
"ST6GALNAC6",1156,1154,1150,1081,1129,1171,1025,989,1231,945,717
"FAM13B",796,1003,660,925,382,846,777,566,1095,983,719
"FLT1",2,2,3,2,2,5,3,3,3,4,2
"KLHL22",159,169,198,161,189,167,144,178,253,240,189
"NOX5",1275,1201,2016,708,1014,1743,1796,1290,811,783,411
"SKAP2",1169,1470,1787,1281,1135,1459,1827,1437,1618,2016,1219
"OGFOD1",2648,3066,3013,2926,2069,2474,3454,2188,3161,3573,2248
"IGF2BP1",0,0,0,0,0,0,0,0,0,0,0
"HSPA9",22810,25244,26541,27166,21366,21135,28325,18463,29327,31414,19614
"SH3D21",797,813,696,732,510,858,674,712,915,970,938
"PP13004",0,0,0,0,0,0,0,0,0,0,0
"KRTAP21-3",0,0,0,0,0,0,0,0,0,0,0
"AC140481.2",0,0,0,0,0,0,0,0,0,0,0
"MFAP1",1987,2111,2295,2258,2077,1863,2557,1425,2303,2838,1739
"SON",11702,14456,12997,14341,9072,12700,14253,9920,14619,14609,10933
"RNF43",529,612,568,619,598,608,560,495,744,641,440
"KDM4B",1084,1116,1287,1124,1304,946,1307,941,1081,1391,800
"SMG6",1510,1939,1864,1891,1448,1602,1942,1292,1783,2043,1352
"AC055736.1",0,0,0,0,0,0,0,0,0,0,0
"FGFR3",22,22,19,29,40,39,28,20,34,44,19
"BPGM",140,150,153,108,68,138,191,131,126,106,94
"LGR4",1652,1820,1660,1744,1421,2085,1759,1688,2231,1575,1352
"APLP2",3783,4308,3737,4351,3584,3757,3881,3400,4513,4255,3288
"CYP2W1",0,0,0,0,1,0,0,0,0,0,0
"RRP12",2484,2636,2461,2690,2364,1830,3072,1550,2491,3346,1842
"NEIL2",562,559,691,591,747,459,732,456,676,776,515
"SRRM2",22527,27438,24031,26416,19983,23696,25769,18477,24797,28124,21635
"PEX10",1426,1960,1790,2408,1829,1253,1830,1328,2136,2436,1545
"ARHGAP4",9,17,21,13,25,24,18,26,31,44,34
"MOG",0,0,0,0,0,0,0,0,0,0,0
"AC006372.1",0,0,0,0,0,0,0,0,0,0,0
"NGDN",1180,1186,994,1184,700,850,1171,785,1243,1231,851
"GAS2L3",477,478,507,490,385,570,512,463,678,581,491
"OR4D10",0,0,0,0,0,0,0,0,0,0,0
"TNFSF14",67,38,56,37,51,58,64,40,81,68,37
"HDAC6",1686,1668,2160,1366,1604,1744,1830,1695,1549,1803,1292
"ANGPTL5",0,0,0,0,0,0,0,0,0,0,0
"OR11H6",0,0,0,0,0,0,0,0,0,0,0
"CLC",0,0,0,0,0,0,0,0,0,0,0
"SUSD1",455,627,411,704,404,423,530,427,832,901,595
"P2RX3",2,1,3,0,0,0,3,0,0,1,0
"FGF11",46,46,67,40,57,45,54,39,46,64,34
"CTRB2",0,0,0,0,0,0,0,0,0,0,0
"HMGA1",53762,67951,66836,77917,87092,43781,68814,55670,59366,79777,54163
"C6orf10",0,0,0,0,0,0,0,0,0,0,0
"JAM3",0,0,0,0,0,0,0,0,0,0,0
"COX8C",3,0,0,0,0,1,0,0,3,0,0
"TEX264",1045,1373,1087,1368,1205,1039,1122,1053,1344,1203,942
"SLC12A4",628,662,661,952,785,507,753,638,1138,1197,852
"MBD3L3",0,0,0,0,0,0,0,0,0,0,0
"ITFG3",1409,1663,1771,1861,1978,1521,1629,1485,1802,1995,1245
"AL365202.1",0,0,0,0,0,0,0,0,0,0,0
"CCNDBP1",381,436,417,334,254,425,475,398,431,532,338
"MAGEB3",0,0,0,0,0,0,0,0,0,0,0
"LYPD6B",108,102,84,116,66,131,89,134,120,107,98
"TRIM40",0,0,0,0,0,0,0,0,0,0,0
"MAT2A",20201,20983,16945,17746,11097,16606,19015,14264,19982,19220,15592
"AP005482.1",5,4,3,1,5,5,5,2,5,5,9
"GFRA3",1,0,0,0,2,0,1,0,1,1,0
"NEBL",1018,1021,1078,1032,716,915,962,724,1036,1166,673
"IRAK1",24994,29219,27929,30533,30824,20465,30756,20415,28251,34580,19521
"TBC1D2B",1628,1611,1823,1440,1340,1526,2006,1370,1582,1937,1076
"PWP2",2159,2763,2552,2882,2624,1744,2947,1660,2906,3615,1959
"GREB1L",339,320,413,461,319,358,498,314,497,641,399
"ZNF141",836,831,752,725,434,830,754,564,741,742,627
"LPCAT2",1780,2087,1674,2042,1506,1998,1766,1613,2775,2134,1760
"PRR11",3884,3938,4340,4205,3343,3674,4523,3445,4817,4614,3539
"CCR8",0,0,0,0,0,0,0,0,0,0,0
"UGT2B28",0,0,0,0,0,0,0,0,0,0,0
"NPC2",4155,4859,3733,4683,3382,5125,3461,4556,5865,3586,3530
"DMAP1",880,926,755,715,539,621,814,537,733,764,561
"S100A8",0,0,0,0,0,0,1,0,0,1,1
"EIF2AK3",815,698,762,803,600,994,715,737,1283,967,814
"NDUFA5",1982,2075,1970,1922,1574,2218,1952,1588,2119,1792,1458
"BRICD5",215,185,140,147,140,142,185,140,179,164,149
"C16orf78",0,0,0,0,0,0,0,0,0,0,0
"TMEM100",1,2,6,3,1,1,6,5,3,0,2
"KCNE3",1,0,0,0,0,0,1,0,0,1,0
"H3F3C",107,123,94,108,76,94,162,89,146,131,77
"CCER1",0,0,0,0,0,0,0,0,0,0,0
"LSM6",945,1050,801,1087,626,943,872,724,1103,959,676
"AMY1C",0,0,0,0,0,0,0,0,0,0,0
"TIGD5",230,305,267,330,439,178,253,213,332,357,191
"ROCK1",5119,5510,6319,6328,4426,5866,6702,4575,6710,7447,5010
"SCAF4",2366,2837,2754,2860,2549,2124,2893,1938,2962,3125,2211
"MFNG",13,26,18,15,15,14,15,16,29,37,26
"PNMA2",1,3,1,1,2,2,2,2,4,4,3
"SDHB",4318,4831,4408,4625,3491,4126,4939,3638,5098,5051,3044
"C6orf106",6633,6833,8274,7236,7465,6441,8066,5883,7976,9242,5335
"CAPN10",311,321,332,307,364,264,293,226,316,325,223
"AL590708.2",11,8,13,10,4,7,8,7,8,9,15
"AP000783.1",36,53,66,45,65,52,63,26,30,55,21
"ICAM2",0,0,0,0,0,0,0,1,1,0,0
"ITGAM",13,8,3,8,3,5,13,6,10,20,6
"SLC7A11",1156,1978,917,1602,608,1154,1415,989,1658,1675,1285
"ZNF674",150,131,124,107,83,153,130,95,163,169,133
"POP7",1190,1462,1153,1548,1324,958,1204,987,1451,1428,953
"AHCTF1",7946,9172,8660,9601,5635,8067,9557,6222,10156,9899,6931
"SAP130",1235,1426,1441,1490,1377,1249,1486,1066,1526,1695,1101
"ASCL5",3,0,0,0,0,1,1,1,2,1,0
"PRSS35",0,0,0,0,0,0,0,0,1,0,0
"PRR22",44,59,19,67,25,19,27,30,41,29,36
"CSRP2",330,327,378,311,349,309,421,300,446,472,243
"METTL6",832,892,797,869,549,827,888,678,984,827,669
"CACNG3",0,0,1,0,0,0,0,0,1,0,0
"DOCK8",5,10,5,12,2,9,13,9,5,18,9
"SLC27A4",2777,2944,2561,3305,2822,2149,2656,2213,3317,3109,2282
"ASPG",0,0,0,0,0,0,0,0,2,0,0
"POLR3G",1290,1526,1549,1649,1565,1323,1736,1038,1620,1578,1225
"BUB3",5345,6160,5596,5980,4156,4984,6091,4332,6267,6183,4173
"RHOC",2974,3542,3032,3951,3320,2283,3425,2891,3849,4468,3142
"SUSD3",0,0,0,0,0,0,0,0,0,0,0
"LRRC8E",269,272,260,335,252,239,265,250,331,261,240
"VPREB3",3,2,0,0,1,1,1,3,0,0,1
"FAM120C",521,546,473,502,459,500,465,364,542,515,364
"NOA1",500,593,631,658,598,467,666,452,625,737,438
"C7orf31",50,63,86,76,53,74,77,66,85,96,87
"NAALADL2",12,14,23,11,10,16,11,28,26,31,19
"MRGPRD",0,0,0,0,0,0,0,0,0,0,0
"C21orf58",612,526,511,467,433,513,484,461,584,465,424
"PMCH",1,1,0,0,0,0,1,2,0,0,0
"SAP30L",1092,975,1233,984,1067,1043,1276,834,1174,1210,710
"AKAP11",2677,3051,3191,3028,2040,3123,3338,2226,3377,3285,2392
"IL17RE",144,117,172,136,174,202,126,171,236,165,167
"ZNF692",1996,1640,1733,1437,1270,1761,1681,1259,1635,1597,1293
"PRKD2",1681,1461,1881,1184,1602,1319,1849,1399,1498,1876,1163
"TAC4",0,0,0,0,0,0,0,0,0,0,0
"OAS1",1,0,2,5,3,5,1,1,3,5,6
"TUB",248,243,331,286,256,287,276,193,283,264,184
"U2AF1L4",187,150,136,119,133,153,151,145,112,150,111
"MAGEA10",0,0,0,0,0,0,0,0,0,0,0
"FAM134C",1458,1390,1456,1227,1287,1455,1416,1088,1675,1605,1040
"ABCC10",555,571,507,559,520,510,514,469,657,699,484
"OR4Q3",0,0,0,0,0,0,0,0,0,0,0
"ANKDD1A",2,4,3,6,0,4,4,4,3,4,6
"TST",638,692,740,683,626,537,665,575,762,810,493
"CELF1",8868,9604,9592,9083,9110,8287,9823,6867,9430,10054,7183
"IFI27L1",113,73,90,54,49,115,74,94,86,56,41
"MYO18A",3048,3192,3633,2616,3391,3248,3525,2848,3246,3739,2532
"PTGER4",185,164,149,242,167,151,211,146,265,274,194
"HAND1",12,9,20,30,32,15,19,23,24,16,25
"RP11-80A15.1",5,4,2,3,3,2,1,4,7,5,2
"ARPC1B",2657,3197,3113,3087,3468,2902,3472,2643,4373,4997,2618
"RASSF2",4,1,5,0,2,3,4,3,2,3,2
"HNRNPU",44284,50081,53579,52540,40928,38619,58603,32750,48514,58307,35763
"UGT1A9",0,0,0,0,0,0,0,0,0,0,0
"AP002348.1",0,0,0,0,0,0,0,0,0,0,0
"AHNAK",26527,35902,25520,45283,17989,38180,29601,19981,42051,36993,28050
"PCDHGA8",0,0,0,2,0,1,0,0,0,3,1
"PMEPA1",9775,12250,9612,16347,13170,7642,11955,6846,13611,15809,8711
"TMEM259",4171,4846,4069,4352,4387,3768,3779,3697,4557,4353,3222
"EIF5B",12713,14801,16717,16523,11052,13656,17132,11024,15527,18180,13783
"FAR2",119,181,171,180,139,139,194,165,217,225,177
"FIBP",1275,1332,1274,1198,1216,1099,1449,1078,1321,1531,919
"EMC8",1826,2108,1753,2103,1550,1543,1917,1469,2215,2040,1428
"KHNYN",2770,2921,3526,2481,2412,3009,3576,2713,2916,3590,2055
"WAPAL",3909,4254,4362,4589,3164,3913,4725,3108,4982,5254,3361
"FUBP1",6584,6924,6784,7029,5790,6300,7972,5092,7207,8166,5432
"LRRC10",0,0,0,0,0,0,0,0,0,0,0
"ATP5E",5295,5865,3918,5857,2654,5309,3936,4298,6895,4482,4121
"SYTL5",10,15,15,22,14,11,8,13,29,48,12
"DPP3",2892,3203,3278,3480,3471,2655,3577,2572,3929,4817,2679
"SORCS1",13,14,19,7,9,14,7,9,12,11,7
"RPL22L1",1140,1384,484,1525,333,1001,591,829,1647,658,1031
"HIST1H2BA",0,0,0,0,0,0,0,0,0,0,0
"CNFN",10,13,26,31,43,17,17,19,30,19,15
"ZCWPW2",14,16,24,10,8,17,9,23,16,14,11
"ENDOU",1,0,0,0,0,0,0,0,0,0,0
"SLC6A8",8253,9265,9283,10189,11272,6738,9527,6876,9103,9858,6628
"MARCH8",469,637,632,545,447,511,591,455,466,415,347
"SPSB4",0,1,0,0,2,0,0,0,0,0,0
"NHLRC2",1919,2136,2118,1794,1506,2012,2243,1549,2071,2039,1594
"CGGBP1",2438,2526,2503,2077,1794,2696,2682,1931,2550,2439,1643
"FDX1L",550,637,496,579,384,467,536,382,586,590,398
"RP11-321F6.1",1,1,0,0,0,0,0,0,0,1,0
"PPP1R36",4,3,3,3,0,2,6,5,7,0,3
"LRCH2",0,0,0,0,0,0,0,0,2,0,0
"PCGF5",2451,2891,2520,2230,1734,3042,2613,2058,2764,2117,1683
"PUS10",114,108,129,97,95,118,145,105,134,167,89
"THEM6",844,1009,1180,1129,1308,933,1036,983,1094,941,756
"NRIP1",389,603,420,577,312,431,500,385,618,702,470
"CIAO1",1964,2100,2106,2045,1791,1630,2360,1657,2286,2643,1688
"RPP40",677,757,521,692,402,505,605,397,696,713,500
"NAPEPLD",349,361,371,399,281,433,397,265,459,449,300
"TMEM39B",858,990,805,933,875,693,870,627,910,798,577
"VKORC1",470,552,517,602,612,494,573,522,704,592,488
"C9orf171",0,0,0,0,0,0,0,0,0,0,0
"EBF1",0,0,0,0,0,0,0,0,0,0,0
"TMEFF2",2,2,3,2,2,2,3,2,5,0,0
"MRGPRX3",0,0,1,0,0,1,0,1,1,0,0
"KCNH1",1,4,0,0,0,0,2,0,2,0,1
"LDOC1L",1548,1538,1760,1768,1809,1237,1769,1248,1741,1967,1243
"STRN4",2455,3058,2903,3449,3355,2294,2954,2380,3183,3363,2394
"KEAP1",2185,2504,2089,3012,2291,1652,2283,1515,2889,3393,1857
"FHL2",1024,1195,938,1480,956,761,1134,807,1503,2109,1134
"CDK14",1458,1448,1752,1469,1338,1552,1720,1299,1585,1610,933
"BDH1",1469,1727,1473,1649,1310,1247,1453,1213,1648,1821,1136
"EXOC5",4247,4562,4761,4129,3572,4627,4961,3473,5010,5057,3076
"MFN2",10731,12355,12594,11525,11164,9718,13618,8909,11065,13059,7708
"HSD17B1",10,6,9,8,6,1,9,9,12,6,6
"LEMD3",1661,1741,1636,1746,1352,1647,1687,1295,2092,1727,1324
"IKZF3",0,0,0,0,0,0,1,0,0,0,0
"RARRES3",0,1,0,2,2,1,0,0,3,3,2
"GAGE13",0,0,0,0,0,0,0,0,0,0,0
"DPEP2",0,0,0,0,0,0,0,0,0,0,0
"POP5",618,618,516,581,420,471,621,420,629,730,341
"DOK5",0,0,0,0,0,0,0,0,0,0,0
"IL1RAPL2",17,17,13,12,8,16,26,15,9,16,16
"RP11-111M22.2",180,111,146,68,59,178,105,134,91,84,95
"UPB1",0,0,0,0,0,0,0,0,0,0,0
"GVQW1",4,3,9,7,3,4,3,2,5,8,5
"RP11-685N3.1",0,0,0,0,0,0,0,0,0,0,0
"GCGR",0,0,0,1,1,0,0,0,2,2,1
"WDR1",10624,12546,12504,13326,10920,10021,14517,9393,14428,18849,10460
"RNF123",1399,1528,1672,1380,1704,1268,1661,1205,1509,1907,1128
"USP12",1490,1505,1622,1616,1312,1519,1890,1191,2086,2098,1390
"BOLA2",0,1,0,2,0,0,0,0,0,0,0
"RP11-468E2.6",0,0,0,0,0,0,0,0,0,0,0
"AGAP8",104,117,86,88,90,108,84,68,101,111,86
"FZD10",0,0,0,0,0,0,0,0,0,0,0
"ERG",0,0,0,0,0,0,0,0,0,0,0
"C8A",0,0,0,0,0,0,0,0,0,0,0
"ICAM1",256,319,265,549,371,297,347,355,796,745,589
"CCND1",10665,11533,11120,15668,12682,8178,14228,8340,16404,18956,12674
"AF196779.12",0,0,0,0,0,0,0,0,0,0,0
"SDE2",2291,2859,2577,2828,2514,2181,2902,1920,2693,3031,2121
"ZSCAN16",174,147,123,136,79,159,144,135,193,191,120
"PIP5K1B",0,1,0,0,0,0,1,0,0,0,0
"POLA2",2445,2695,2556,2561,2160,2097,3070,2131,2774,3130,1885
"PRR16",21,23,18,30,11,14,13,17,14,19,13
"SLC51B",0,1,0,0,0,0,3,0,0,1,1
"IFNB1",0,0,0,1,0,1,0,0,0,1,0
"CRLS1",1416,1577,1320,1552,1198,1276,1435,1057,1758,1501,1002
"MCMDC2",24,29,20,42,34,24,31,27,58,46,31
"STEAP1",775,826,770,775,584,722,869,624,955,785,676
"KRT17",205,186,201,342,452,112,231,138,427,1079,345
"DHX35",674,803,797,754,610,639,837,576,794,778,549
"PRRC2C",5416,7315,6395,7911,4509,6520,7051,4585,7278,7376,5692
"OR4N5",0,0,0,0,0,0,0,0,0,0,0
"C12orf75",1826,1958,1850,2097,1666,1685,1963,1594,2411,2296,1583
"MRPL11",3257,3694,2913,3540,2364,2931,3299,2637,3580,3138,2139
"PCCB",2141,2379,2509,2191,1870,1853,2635,1806,2264,2697,1552
"FGFR1OP2",1816,2080,1726,2072,1404,1924,1908,1326,2254,1981,1487
"HOXB4",0,0,0,0,0,0,0,0,0,0,0
"TMEM25",547,534,567,476,460,559,555,466,526,538,377
"OR2W3",21,26,15,12,21,13,21,21,20,36,29
"PPFIA4",12,19,43,23,12,46,28,35,34,21,33
"AGR3",0,0,0,0,0,0,0,0,0,0,0
"CAMK2A",1,0,1,4,2,2,0,2,1,6,0
"GAS2L2",9,12,23,17,17,17,18,8,22,18,9
"C12orf10",963,1123,1017,1081,995,768,1092,721,1081,1012,716
"AP001024.2",0,0,0,0,0,0,0,0,0,0,0
"SCAMP5",224,292,343,326,308,244,242,264,357,334,280
"ARFGEF1",2171,2391,2511,2259,1559,2265,2681,1990,2739,2899,1994
"ADAM18",0,0,0,0,0,0,0,1,0,1,0
"OR9A2",0,0,0,0,0,0,0,0,0,0,0
"FAM217A",0,0,0,0,0,0,0,0,0,0,0
"ACO1",698,747,1051,832,784,890,1074,834,915,1235,646
"PTGES3L-AARSD1",0,1,0,0,1,0,1,1,0,3,0
"CA10",0,0,0,1,0,0,0,0,0,0,0
"MPST",1002,1134,1225,1140,1582,933,1242,987,1173,1280,768
"MLXIPL",2,2,6,0,3,3,0,3,4,1,4
"INO80B",1520,1509,1619,1309,1369,1187,1676,1097,1070,1559,893
"C9orf66",2,1,0,1,4,4,2,0,2,4,1
"ANKRD63",4,3,7,6,23,4,11,10,4,14,7
"SMS",13978,15619,14508,17172,13296,12771,17073,11205,18077,19421,12574
"GAPVD1",4369,4497,4978,4421,3639,4554,5286,3603,5582,5760,3850
"DIP2A",1309,1171,1486,1103,1313,1257,1502,1018,1388,1546,1076
"DDX27",5837,6406,6515,6793,5478,4861,7145,4570,6278,8204,5216
"INF2",4388,5220,5898,5080,6762,4547,5847,4940,5828,6341,4317
"PDC",0,0,0,0,0,0,0,0,0,0,0
"HEATR5B",829,834,948,680,583,872,1059,692,977,1201,638
"CDK1",4231,4628,3985,4889,3001,4136,4208,3633,5710,4674,3547
"DBN1",2268,2502,2521,3053,3243,2035,2433,2354,3102,3136,2530
"SRCIN1",119,131,155,145,181,131,124,143,169,224,163
"USP20",528,450,658,346,493,474,604,466,507,677,400
"RNF145",4861,5030,4857,4866,3688,5419,4128,4223,6378,4389,3831
"NEK10",3,10,11,6,3,5,6,5,17,15,8
"AC068533.7",0,0,0,0,0,0,0,0,0,0,0
"ZNF37A",814,755,925,865,596,756,899,556,898,950,694
"TMEM5",1032,1157,1109,1115,788,892,1168,848,1109,976,694
"ITGB1BP1",2924,2987,2327,2916,2056,2423,2721,2135,3629,3216,2208
"LTC4S",3,7,8,12,8,3,3,14,8,2,4
"TDRD3",681,847,826,858,545,664,948,601,831,857,615
"STMN3",905,1043,1112,1431,1705,774,1072,877,1483,1700,1063
"AL590867.1",0,0,0,0,0,0,0,0,0,0,0
"HTR4",0,0,0,0,0,0,0,0,0,1,0
"MPDZ",2098,2315,2204,1725,1170,2586,2525,1801,2133,1782,1385
"JDP2",161,249,225,191,200,233,184,188,201,216,153
"WNT8B",15,8,37,10,40,15,28,18,13,27,7
"C1orf115",212,190,368,153,198,257,268,277,158,184,140
"USP54",797,860,1051,819,789,834,973,742,980,1198,734
"MICB",1620,1494,1610,2001,1831,1431,2130,1302,2734,3028,1936
"ATP1B3",5566,6004,4953,6275,3890,5330,5822,4256,7208,6306,4385
"EPHA2",8234,9725,7301,12141,9169,6470,9095,6933,12609,13873,9300
"RAP2B",2862,3129,2942,3524,2800,2511,3171,2313,3847,4202,2903
"AC012360.2",0,0,0,0,0,0,0,0,0,0,0
"CTSZ",7065,8203,7004,8565,6586,7865,7767,6667,9621,8475,6439
"DNAJA1",9417,7852,8429,9217,6958,7030,10839,5461,10145,12744,6581
"ASB1",1797,1948,2008,1795,1720,1625,2120,1548,1857,2061,1455
"UFM1",1541,1757,1539,1642,1084,1713,1717,1321,1988,1853,1488
"SUCLA2",2053,2134,2218,1826,1457,2138,2447,1589,2394,2172,1411
"CECR1",0,1,0,2,0,0,0,1,0,0,0
"OR5M8",0,0,0,0,0,0,0,0,0,0,0
"CCDC67",0,0,0,1,0,0,0,0,0,0,0
"EMX2",9,6,14,5,11,14,8,6,14,5,8
"CLIC4",6841,8240,8408,7941,6385,8993,9506,6620,10121,9657,6295
"CD9",5566,5699,5577,6146,6344,7012,5352,6720,9565,7908,6614
"BHLHA15",14,20,14,32,38,5,21,10,20,37,18
"TP53RK",890,956,814,902,688,728,912,640,1003,923,631
"SPG11",907,1117,1362,1020,931,1177,1382,1048,1321,1451,829
"HS6ST1",618,655,689,855,840,592,701,534,776,933,595
"CNTN3",436,405,682,323,405,690,622,510,583,523,329
"NIPSNAP1",2366,2548,3914,2515,3376,3124,3567,3077,3565,3647,2358
"KLHL40",0,0,0,0,0,0,0,0,0,0,0
"RP4-758J18.2",652,670,656,623,641,569,787,531,662,835,469
"DOC2B",0,0,0,0,0,0,0,0,0,0,0
"LRP1",226,287,287,218,203,437,229,261,302,242,224
"SYN3",0,0,0,0,0,0,0,0,0,0,0
"AC023632.1",0,0,0,0,0,0,0,0,0,0,0
"ZFP36L2",7344,7907,8501,7136,8836,8128,8125,5350,8014,6820,4175
"SEC23A",3415,3579,4056,3198,3129,3825,4154,3024,3712,3592,2596
"TLX2",0,3,0,2,6,3,1,1,6,4,1
"CELF3",0,0,0,0,0,0,0,2,0,0,0
"STK32A",0,0,0,0,0,0,0,0,0,1,0
"IGSF9",341,441,358,395,371,328,331,259,324,353,250
"SDK2",6,8,7,5,3,4,4,7,4,4,6
"MGAT5",1967,2012,2039,2355,1907,1950,2195,1707,2584,2756,1905
"RAD54B",1231,1097,1289,1062,831,1149,1343,1036,1341,1268,912
"HTR6",0,1,2,0,0,1,1,0,0,1,0
"PPFIA3",352,330,421,384,480,297,385,326,398,461,343
"WDR37",629,776,716,681,626,654,796,532,870,980,568
"CHRM2",0,0,0,0,0,0,0,0,0,0,0
"PGA4",0,0,0,0,0,0,0,0,0,0,0
"ARHGDIA",22898,29395,26537,32635,30474,19463,28040,21647,27814,32276,22274
"AC009060.1",0,0,2,0,0,0,0,0,0,2,1
"FSTL5",7,1,1,2,2,3,1,1,6,1,2
"KLF9",811,1027,1348,899,864,1347,1048,1094,974,833,621
"RBM7",1054,1252,1059,1137,814,1102,1149,826,1319,1144,799
"GOLGA6L9",14,13,14,6,15,17,10,8,18,18,8
"ISYNA1",651,649,756,843,1167,675,673,581,1173,1128,644
"NCSTN",1388,1598,1613,1448,1247,1444,1603,1334,1661,1720,1251
"PRKD3",2159,2317,2529,2145,1460,2370,2597,2021,2260,2357,1685
"OR51V1",0,0,0,0,0,0,0,0,0,0,0
"CASZ1",115,136,153,218,214,143,198,155,286,382,275
"POLM",1351,1496,1940,1660,1906,1488,1869,1609,2159,2330,1602
"MXRA8",16,5,7,6,0,2,9,4,2,2,2
"ITM2A",0,1,0,0,0,0,0,0,0,0,0
"LCA5L",21,28,21,15,6,14,16,26,15,19,2
"PPP1R18",3769,3804,4283,3715,3647,3818,4485,3213,4271,4860,3304
"SPRED1",2437,3005,2886,2491,2352,3033,2923,2193,2965,2531,1794
"OR51F1",0,0,0,0,0,0,0,0,0,0,0
"ASAP3",2192,1961,3016,1752,2770,2441,2560,2150,2509,2537,1556
"GPC3",0,0,0,1,0,1,0,0,0,0,0
"POMT1",935,929,1029,781,852,987,930,794,920,830,662
"ANXA6",18,7,26,11,17,11,14,9,22,23,13
"ATG2A",1860,2016,2162,1663,2047,1662,2167,1712,1930,2433,1505
"SSRP1",32392,36052,35391,38316,30843,26390,37935,24936,32762,38145,25663
"COX17",1463,1747,1290,1855,1310,1399,1342,1296,1767,1505,1215
"TTLL2",0,0,0,0,0,0,0,0,0,0,0
"CBFA2T2",1250,1233,1488,1184,1144,1311,1424,1042,1532,1441,965
"CARS2",2638,3180,3003,3066,2758,2721,3420,2356,3460,3905,2259
"ECSCR",0,0,0,0,0,0,0,0,0,0,0
"OR2V1",0,0,0,0,0,0,0,0,0,0,0
"FAM194A",1,4,0,1,2,3,3,4,0,4,4
"SLC35A5",1149,1158,939,1049,619,1043,1001,872,1062,995,727
"CCDC120",1530,1805,1516,1599,1558,1294,1561,1337,1850,1931,1460
"PPM1D",442,541,494,542,475,448,546,301,639,627,339
"USP17L28",0,0,0,0,0,0,0,0,0,0,0
"SLC26A10",35,34,20,22,20,23,28,27,25,21,22
"KRBOX1",0,0,0,0,0,0,0,0,0,0,0
"KLRG2",80,94,95,137,156,55,118,45,134,170,89
"P2RY4",1,0,1,0,1,1,1,2,2,1,2
"ADPRHL2",1094,1289,1176,1321,1172,755,1288,867,1264,1570,976
"MBNL3",1015,1275,1158,1098,847,1139,1224,868,1198,1166,904
"TCHP",1521,1571,1579,1529,1500,1207,1823,1140,1472,1808,1286
"MLH3",1302,1275,1484,1525,1126,1320,1533,1115,1640,1805,1228
"CIC",2211,2602,2799,2710,3209,2227,2607,2035,2559,2651,1770
"TACO1",1384,1757,1469,1699,1349,1134,1725,1230,1711,1678,1063
"SFTA3",0,0,0,0,0,0,0,0,1,0,1
"CCDC170",2,2,6,1,3,4,1,2,0,1,3
"CENPE",3826,4240,3757,4702,1838,3845,4154,2925,4601,3980,3386
"HRC",0,3,3,7,0,2,4,3,2,3,3
"CA5B",258,344,376,274,240,346,355,320,299,316,206
"CDAN1",587,500,649,433,518,509,654,482,492,563,363
"NOG",63,49,80,76,102,83,95,86,109,102,88
"RPGR",759,1025,993,992,638,858,1057,723,956,1038,789
"LGALS4",7,5,7,3,2,4,5,3,3,3,7
"OR52W1",0,0,0,0,0,0,0,0,0,0,0
"SLC7A5",23736,31083,21643,41858,32350,19034,23188,19026,34627,36484,22771
"RAB6B",28,31,47,35,49,54,54,41,31,56,12
"ERO1LB",127,117,102,83,73,142,134,109,107,100,92
"DISP2",457,452,478,404,547,363,379,393,475,592,297
"TLL2",0,3,2,1,4,0,0,1,1,2,2
"HRSP12",1384,1586,1016,1445,741,1379,1082,1054,1537,985,927
"CALCOCO1",496,464,519,278,334,550,477,412,361,506,342
"VWA9",2349,2489,2470,2433,1924,2067,2630,1859,2549,2782,1805
"RPL27",16501,18141,9441,18435,8696,15971,10621,12972,20475,12630,13126
"GPR89C",0,0,0,0,0,0,0,0,0,0,0
"DHRS4",472,503,475,507,455,370,549,395,557,566,371
"STAT1",3351,4086,4426,3660,3115,3555,5050,3022,4221,5479,2893
"PARG",1146,1040,1242,1102,936,1040,1415,912,1227,1396,809
"TSPAN11",2,0,0,2,0,0,0,1,0,2,0
"GLRX2",525,676,513,610,563,521,623,416,777,708,431
"MTSS1",31,21,61,28,55,33,47,39,62,64,41
"DSCR4",0,0,0,0,0,0,0,0,0,0,0
"FLRT3",581,669,484,792,454,554,709,431,1076,1066,711
"APITD1",259,286,276,294,246,245,294,244,320,219,184
"WEE2",0,0,0,0,0,0,0,0,0,1,1
"TCF7L2",1641,1837,1848,2003,1965,1842,1814,1373,2185,1909,1485
"KRTAP20-4",0,0,0,0,0,0,0,0,0,0,0
"FREM1",0,1,0,0,0,0,0,1,1,0,0
"ODF1",0,0,0,0,0,0,0,0,0,0,0
"P2RY6",10,26,13,23,19,8,20,24,33,68,43
"TRAF2",1797,1816,1670,1810,1748,1313,1995,1299,1903,2080,1205
"PRAMEF6",0,0,0,0,0,0,0,0,0,0,0
"PSMD1",8097,9118,8851,9290,6570,8472,9901,7088,10209,10979,7204
"AC139100.2",219,110,180,114,171,137,226,149,198,257,115
"CCDC84",272,263,184,189,108,306,188,217,280,207,270
"ZNF728",0,0,0,0,0,0,0,0,0,0,0
"TMED9",3353,3921,3203,4152,2935,3056,3364,2633,4174,4413,2853
"ADAM15",6262,6783,6381,6788,6644,5282,6513,5598,7152,7122,5057
"RSC1A1",0,0,0,0,0,0,0,0,0,0,0
"TOPBP1",4718,5815,5687,6158,4095,5364,6256,4513,6617,6697,4606
"ARFGAP2",3035,3525,3220,3271,2663,2374,3289,2563,3274,3534,2662
"C17orf107",40,27,16,22,28,30,24,16,40,34,25
"ABCF2",5519,6455,6265,6634,5054,4577,7192,4089,6288,7711,4221
"HOXD3",0,0,0,0,0,0,0,0,0,0,0
"USP2",11,2,13,14,18,8,8,15,17,25,6
"MSMB",0,0,0,1,0,0,0,0,0,1,0
"ATP6V1B1",85,86,123,52,88,167,75,151,97,78,96
"GLIPR1L2",10,6,10,8,9,10,10,18,11,9,8
"ZNF22",683,733,717,882,678,639,706,551,922,859,639
"ADAMTS10",0,0,0,0,0,0,0,0,0,0,0
"LZTR1",1192,1232,1209,896,958,1000,1337,896,1138,1187,760
"AASDHPPT",2358,2489,2469,2471,1821,2134,2713,1703,2715,2407,1572
"APOL3",0,1,0,3,1,0,0,1,1,8,0
"MYBPC2",0,0,0,0,0,3,0,2,0,2,2
"HIST1H2AD",0,0,0,0,0,0,0,0,0,0,0
"ABCE1",10310,12078,11455,12152,7764,9748,12970,7845,12707,12876,8116
"CLPX",2333,2541,2666,2444,1879,2127,2756,1954,2679,2936,1892
"SEMA6A",6,9,11,10,11,11,5,7,13,8,4
"TRIT1",1185,1465,1381,1423,955,1206,1497,1086,1464,1492,1069
"LRIG1",1100,1165,1095,1086,828,1121,1207,941,863,779,566
"AGXT2",0,0,0,0,0,0,0,0,0,0,0
"PRSS33",0,0,0,0,0,0,1,2,0,2,0
"RP11-318A15.7",0,0,0,0,0,0,0,0,0,0,0
"TCP10",0,0,0,0,0,0,0,0,0,0,0
"GLIPR1L1",0,1,0,0,0,0,1,0,0,1,0
"ZNF609",3131,3124,4006,3352,3191,3399,3891,2715,3812,4194,2576
"GCK",0,0,0,1,0,0,0,0,0,0,0
"KCNJ6",0,2,1,2,2,0,0,3,0,1,0
"ARMC1",2113,2287,1899,2132,1487,2052,1978,1653,2496,1909,1608
"TFF3",0,0,0,0,0,0,0,0,0,0,0
"GMEB2",1111,1215,1189,1346,1323,825,1322,876,1152,1433,833
"MANBAL",902,1103,915,1056,841,842,1001,812,984,1025,731
"TMPRSS9",1,0,0,0,0,0,1,0,2,0,0
"AQP8",0,0,0,0,0,0,0,0,0,0,0
"DCDC2B",4,1,0,0,0,2,1,1,1,1,1
"TRIM24",403,445,461,427,370,409,519,393,494,530,366
"WI2-3308P17.2",0,0,0,0,0,0,0,0,0,0,0
"ITGA2B",5,2,1,2,0,3,0,1,2,8,3
"PRMT1",8242,9305,8116,9347,7364,7205,8893,6315,9552,9333,6372
"DEFB103A",0,0,0,0,0,0,0,0,0,0,0
"CCNJ",920,989,975,996,811,839,1051,675,1088,1131,691
"PVRL3",722,858,746,840,531,787,822,532,1007,753,645
"FAM27E1",5,6,18,6,7,7,20,10,14,8,7
"MST4",2247,2659,2691,2632,2463,2563,2961,2173,3226,3280,2069
"UGT2B17",0,0,0,0,0,0,0,0,0,0,0
"SPA17",409,447,396,420,328,394,416,347,345,282,253
"KRIT1",1609,1656,1804,1518,1218,1588,1901,1359,1772,1938,1174
"SDIM1",22,29,17,14,9,28,12,18,19,10,9
"AC012123.1",0,0,0,0,0,0,0,0,0,0,0
"GOLGA4",6360,6474,6990,7906,4549,7579,6974,5452,8019,7683,6626
"CBX6",1504,1402,1775,1856,2257,1195,1637,1207,1798,2441,1494
"CXCL12",0,0,0,0,0,0,0,0,0,0,0
"CBR3",134,188,147,177,161,142,173,202,244,237,191
"ASB7",1043,1244,1144,1145,879,1095,1189,843,1238,1211,796
"SLC40A1",1,5,3,5,4,10,4,4,4,1,1
"MKL2",1550,1889,1948,1820,1212,2045,1859,1402,1912,1877,1254
"SMURF2",1945,1820,2046,1818,1371,1944,2419,1458,2265,2455,1387
"AC061992.1",0,1,2,2,2,1,2,2,3,2,2
"HR",7646,8031,6690,9526,8285,4943,7845,4452,8774,11275,6076
"CAST",8467,9539,10654,9562,8001,10066,10433,8618,11015,12156,8294
"CHMP4C",1058,1149,1120,1274,741,1075,1221,989,1572,1581,1015
"GLUL",914,1075,1260,1457,1147,1024,1203,959,1426,1531,893
"CD93",1,0,0,0,0,0,0,0,0,0,0
"CHD1",3346,4293,3923,4543,2522,3815,4349,2854,4326,4515,3057
"BOD1",1382,1618,1270,1554,1095,1291,1487,1061,1638,1566,1021
"B4GALT7",461,527,420,440,400,346,439,373,458,457,339
"CYYR1",0,0,0,0,0,0,0,0,0,0,0
"RRS1",1505,1763,1535,1790,1651,1084,1719,976,1656,2034,1170
"AGO4",394,422,594,290,356,613,540,531,440,435,378
"NOXO1",62,83,91,166,237,77,81,72,207,203,97
"GHRHR",0,0,0,0,0,0,0,0,0,0,0
"HOPX",0,1,0,0,0,0,0,0,1,0,0
"MAPKAPK3",3842,4424,4476,4443,3968,3279,4841,3525,4596,5562,3290
"GDNF",0,0,0,0,0,0,0,0,0,0,0
"C1orf122",813,1038,730,1059,919,683,956,658,980,1079,567
"B4GALNT3",1493,1499,1604,1978,1693,1537,1586,1320,2219,2298,1757
"SLC18A3",0,0,0,0,0,0,0,0,0,0,0
"TMEM261",2507,2865,2330,2512,1914,2107,2524,2098,2530,2371,1600
"ZNF521",5,1,2,1,5,3,0,1,4,0,2
"HIST1H3C",10,11,5,9,7,4,6,2,10,14,4
"MT3",0,0,0,0,0,0,0,0,0,0,0
"OR4K14",0,0,0,0,0,0,0,0,0,0,0
"ACSM3",11,13,27,7,16,19,14,15,15,21,8
"PCOLCE2",397,408,467,505,450,401,429,345,571,535,367
"DGCR6L",455,472,411,469,414,358,394,334,443,370,274
"SAFB2",3446,3735,3225,4025,3429,2867,3515,2208,3858,3773,2541
"MEF2A",1689,1927,1856,1918,1499,1963,2015,1529,2222,2195,1494
"MGAT4C",0,0,0,0,0,1,0,0,0,0,0
"CHPF",1525,1840,1680,1743,2473,1239,1691,1477,2010,2232,1302
"SLC5A8",1,1,0,0,0,0,0,0,0,0,0
"CRYL1",41,46,64,32,48,78,48,88,47,47,35
"ANKRD20A1",2,1,4,4,2,3,7,2,5,2,4
"KCTD8",59,69,43,32,63,45,58,26,47,59,19
"AC009403.2",46,58,46,64,51,62,78,47,67,67,44
"CRYBB3",18,17,11,12,12,7,12,5,17,13,9
"SEMG1",0,0,0,0,0,0,0,0,0,0,0
"HTR3A",0,0,1,2,0,0,0,0,0,1,0
"PPOX",225,177,277,127,209,270,222,255,164,173,124
"OGFRL1",2740,3572,3363,3052,2377,3172,3273,2609,2803,2052,1919
"ORC6",1637,2060,1665,2194,1299,1603,1864,1354,2205,2127,1499
"DDX5",17455,21406,19784,21608,14151,18795,22526,16091,22848,24776,16499
"ASXL2",3041,3487,3597,3694,2648,3251,3771,2631,3916,4082,2869
"PCED1A",775,668,829,721,793,697,691,683,907,767,734
"MAN2A2",2128,2182,2053,2028,1901,1900,2192,1555,2389,2550,1838
"SARM1",743,834,795,934,803,622,771,528,837,901,547
"PPFIBP2",83,91,114,79,89,77,97,90,89,100,81
"GPR133",0,0,0,0,0,0,0,0,0,0,0
"CD1D",0,0,2,0,0,0,0,0,1,0,0
"THSD1",56,61,45,52,41,44,59,51,65,54,34
"SDF2L1",556,522,556,497,660,462,553,370,642,681,353
"URI1",3582,4217,4306,4725,3688,3813,4764,3253,4959,5037,3381
"CETN3",1126,1139,1379,1053,821,1419,1375,1006,1231,1240,844
"APIP",1495,1744,1446,1517,938,1541,1542,1265,1612,1432,1061
"SHC4",125,147,218,237,157,149,255,199,430,767,436
"TJAP1",1084,1103,1014,999,956,925,1000,860,982,1125,822
"NABP1",1237,1185,1057,1029,733,1096,1180,936,1310,1374,1173
"SOSTDC1",0,2,0,1,1,3,0,1,1,2,1
"GFOD1",1478,1843,1778,1982,1810,1562,1785,1211,1895,2075,1328
"MAPKBP1",499,555,518,363,364,474,640,394,533,661,395
"BBC3",187,169,215,179,240,182,193,196,186,203,132
"AC092782.1",0,0,0,0,0,0,0,0,0,0,0
"CTD-2049J23.3",0,0,0,0,0,0,0,0,0,0,0
"LAMC3",0,0,0,0,0,0,0,0,0,0,0
"RMND1",998,1030,1142,1134,803,909,1268,845,1218,1506,898
"TLN1",3562,4351,4560,4169,3691,3687,4610,3224,4358,5145,3039
"NARFL",778,741,785,624,770,604,833,629,670,777,479
"SLK",5558,6050,6299,5737,4194,6002,6855,4835,6237,6272,4710
"PKP2",1723,1974,1974,1950,1743,1783,2109,1501,2262,2210,1410
"FASLG",1,3,2,2,1,1,3,2,0,0,1
"C18orf25",2256,2341,2459,2509,2211,2223,2569,1856,2976,3000,2055
"ZFPM2",0,1,0,1,0,1,1,0,1,0,0
"SEPT6",300,289,387,249,282,401,415,367,357,390,220
"AL136218.1",0,0,0,0,0,0,0,0,0,0,0
"HSPB8",2,0,1,1,0,1,1,0,1,3,1
"SLC15A5",0,0,0,0,0,0,0,0,0,0,0
"ANKLE2",5375,6067,4784,5953,3888,4854,5665,4316,7221,7134,5387
"PSMC1",6641,7300,6207,7901,4653,6065,7107,5321,8047,7900,5906
"TRIM6-TRIM34",0,0,0,0,0,0,0,0,0,0,0
"LAMB1",6500,7246,6831,7585,5152,6925,7588,5821,8166,7513,5815
"MCCD1",0,0,0,0,0,0,0,0,0,0,0
"FAM64A",960,936,915,1070,903,686,868,748,947,956,669
"PHKG2",1070,1258,921,906,736,910,1030,921,1142,1091,935
"CETN1",0,0,0,0,0,0,0,0,0,0,0
"FLJ27365",572,603,402,531,413,462,403,360,653,493,404
"CYP2R1",419,417,392,436,334,454,396,334,542,447,351
"STK16",459,521,464,437,379,512,453,463,468,452,325
"GRIPAP1",2070,1983,1942,2012,1891,1832,2202,1638,2320,2708,2062
"DDX19B",86,127,79,118,65,92,74,96,124,125,93
"CRK",5191,5920,5615,6453,4659,4817,6371,4225,6883,6990,4554
"OR2L2",0,0,0,0,0,0,0,0,0,0,0
"MARCH3",40,32,42,29,38,23,39,51,58,47,39
"GFI1B",0,0,0,0,1,0,0,0,0,0,0
"YME1L1",4501,5194,4892,5427,3633,4738,5776,3935,6350,6320,4175
"NEFM",0,0,0,0,0,0,0,0,0,0,0
"C22orf15",1,0,0,0,0,0,0,0,1,1,0
"MFSD7",1,3,2,1,0,5,4,5,3,4,4
"ZNF766",458,401,559,389,414,427,521,365,499,553,368
"EFCAB6",1,2,2,3,0,4,3,1,2,1,0
"KRTAP5-11",0,0,0,0,0,0,0,0,0,0,0
"SPEN",6997,8604,8653,9721,6835,8138,8196,5835,9038,9238,6516
"PRKRIP1",755,933,751,810,652,678,844,626,838,863,613
"PSMD10",1429,1678,1453,1446,1121,1448,1615,1285,1585,1506,1047
"PICK1",777,959,978,806,746,738,1064,743,900,1025,681
"BX255923.1",0,0,0,0,0,0,0,0,0,0,0
"WNT1",0,0,0,0,0,0,0,0,0,0,0
"ZSWIM4",566,590,555,405,559,583,625,397,579,603,412
"LRRD1",0,2,0,2,1,2,2,1,2,0,0
"GSTA2",0,1,1,1,0,2,0,1,1,0,0
"CEBPD",661,709,759,790,1208,644,682,558,747,722,401
"TCERG1L",0,0,0,0,0,0,0,0,0,0,0
"RAD51L3-RFFL",0,0,0,0,0,0,0,0,0,0,0
"ERMARD",401,424,455,307,237,437,378,367,370,278,288
"ENPP6",0,0,0,0,0,0,0,0,0,0,0
"CDK5RAP3",2609,2481,2379,2023,1703,2711,2387,2323,2766,2554,2407
"MAGEA12",0,1,0,0,0,1,0,0,0,1,1
"SCP2D1",0,0,0,0,0,0,0,0,0,0,0
"SIAH1",1114,1343,1104,1350,998,1105,1201,995,1382,1167,988
"RP11-144F15.1",1,0,4,0,0,0,2,2,4,3,1
"PHF2",2848,3030,3379,2992,3100,2814,3155,2671,3006,3290,2497
"C11orf89",0,0,0,0,0,0,0,0,0,0,0
"DESI2",4655,5144,5151,5179,3911,4604,5394,3779,5455,4995,3387
"DCUN1D2",674,783,590,643,471,725,618,437,784,683,573
"NLRP4",0,0,0,0,0,0,0,0,0,0,0
"TANGO2",522,655,679,526,484,515,683,523,631,763,531
"GOLGA6L2",0,0,0,0,0,0,0,0,0,0,0
"HIST1H2BC",78,75,67,75,30,57,61,35,58,91,56
"C1orf141",0,0,0,0,0,0,0,0,0,0,0
"TMEM218",250,235,189,153,146,171,205,231,174,199,157
"DFFB",383,330,372,319,346,311,376,288,340,396,247
"OR13F1",0,0,0,0,0,0,0,0,0,0,0
"GPX6",0,0,0,0,0,0,0,0,0,0,0
"ABHD17C",923,914,900,1017,989,968,1215,755,1291,1208,747
"CABIN1",1621,1895,2247,1918,2148,1570,2101,1459,1885,2247,1258
"EMID1",0,6,2,0,0,0,1,0,0,0,0
"RAB25",953,995,994,1062,896,882,1136,930,1428,1463,959
"HIST3H2BB",7,11,10,15,7,9,12,5,11,11,20
"TAF9",2919,3312,2672,3390,2066,3079,2951,2389,3819,3200,2430
"OR13D1",0,0,0,0,0,0,0,0,0,0,0
"GAB1",316,303,341,229,270,403,370,283,420,383,271
"ATP2B3",0,0,0,0,0,0,0,0,0,0,0
"GSPT2",0,4,2,5,0,1,5,4,2,6,0
"GDI2",11294,12736,12638,13107,8624,11570,14079,9801,14915,15456,9689
"MED4",1363,1452,1399,1676,1150,1386,1497,1144,1731,1483,1135
"ATP5S",382,466,331,457,167,313,324,362,497,341,370
"OR4K2",0,0,0,0,0,0,0,0,0,0,0
"PDLIM2",252,313,247,347,346,231,245,224,399,277,270
"ZNF546",58,39,57,30,24,52,57,27,40,35,28
"OVCH2",9,6,8,3,9,12,16,9,13,13,10
"RASL11B",3,4,5,4,10,1,2,3,3,7,4
"HBD",0,0,0,0,0,0,0,0,0,0,0
"RAB42",874,949,885,1175,830,831,880,846,1206,1026,824
"BTBD2",2343,2427,3103,2501,3636,2301,2533,2411,2549,2413,1631
"MAMDC2",1,0,1,0,0,0,0,0,1,0,0
"C2CD5",2385,2777,2975,2435,1840,2805,2944,2084,2932,2838,1886
"ZNF705B",0,0,0,0,0,0,0,0,0,0,0
"PKN1",2838,3300,3672,4236,4912,2597,3622,2790,4211,5013,3007
"WDR70",523,671,617,600,459,529,741,510,615,707,431
"IMP4",2124,2399,2164,2525,2230,1666,2543,1546,2306,2831,1606
"FOXD4L5",2,0,1,3,2,0,0,0,5,0,2
"LANCL3",100,102,92,93,72,80,115,72,132,129,81
"ZNF479",0,0,0,0,0,0,0,0,1,0,0
"FAM69C",0,0,0,0,0,0,0,0,0,0,0
"MT-ND5",100434,106143,69723,86927,55885,105074,69135,81108,138344,70537,104353
"GABRA6",0,0,0,0,0,0,0,0,0,0,0
"CHRM5",3,0,1,2,0,0,1,2,2,4,0
"AC024592.12",0,1,0,0,0,0,0,0,0,1,0
"KLK4",0,0,0,0,0,0,0,0,0,0,0
"CALD1",2655,3113,3532,2905,2813,3195,3385,2456,3144,3205,2342
"HAPLN2",0,1,0,1,1,0,0,1,0,0,0
"NOMO1",3123,3422,3077,3406,2398,2933,3422,2620,3683,3658,2528
"DYNC2LI1",397,438,397,308,216,388,478,403,321,278,222
"CASQ1",0,0,0,0,0,0,0,0,0,0,0
"MORN5",0,0,0,0,0,0,0,0,0,0,0
"TSPAN19",13,6,5,7,5,16,9,6,1,1,2
"KRTAP1-1",0,0,0,0,0,0,0,0,0,0,0
"FAM214A",230,219,217,155,124,334,227,212,259,262,150
"NOS2",3,1,4,3,0,0,0,2,1,2,1
"SPDYE2B",0,0,0,0,0,0,1,0,0,0,0
"SUPT6H",4980,6407,4852,6181,3859,5061,5554,3971,6336,6918,4732
"WDR92",1145,1189,1352,1142,998,984,1495,886,1233,1515,887
"HAS2",214,427,246,570,177,338,342,406,802,890,805
"DNAJC25-GNG10",0,0,0,0,0,0,0,0,0,0,0
"SMCR8",844,892,1005,915,816,780,991,660,1028,1226,677
"GPR137B",283,281,360,351,369,316,353,301,494,475,335
"HLA-DRB1",0,0,0,0,0,0,0,0,0,2,0
"OR10Q1",0,0,0,0,0,0,0,0,0,0,0
"MYH8",0,0,0,0,0,0,0,0,0,0,1
"KRTAP4-12",0,0,0,0,0,0,0,0,0,0,0
"HDAC1",7949,8705,8838,8355,6327,7532,9504,6946,9338,11056,6664
"PRKCZ",356,367,380,286,328,297,414,271,322,468,261
"LMO4",1241,1502,1424,1230,1165,1428,1499,1207,1283,1123,776
"FBLN7",0,1,0,1,0,0,0,0,0,1,3
"RSPO4",0,0,0,0,0,0,0,0,0,0,0
"LZTS2",1648,2002,1980,1996,2540,1550,1751,1580,1936,2009,1551
"PAXBP1",1841,1903,1659,1887,1232,1774,1795,1354,1991,1730,1423
"ASAP1",5215,7177,6358,6815,5031,6072,7130,4963,6680,6439,4924
"ACTL8",150,168,127,256,245,67,166,79,327,483,219
"C1QB",0,0,0,0,0,0,0,0,0,0,0
"IRF9",344,305,280,225,224,260,285,199,328,309,230
"DDIT3",381,354,245,509,186,315,369,261,596,531,416
"GAGE1",0,0,0,0,0,0,0,0,0,0,0
"EVI2B",127,172,106,171,65,151,146,116,227,200,145
"WDR74",2817,3223,2832,3274,2871,2068,3299,2150,3095,3575,2256
"NEDD8-MDP1",0,0,0,0,0,0,0,0,0,0,0
"CCDC71L",466,583,647,613,562,449,658,596,666,706,520
"DAB2IP",1023,1099,1213,1350,1315,900,1143,1069,1364,1662,1126
"DNAJB5",47,33,44,16,23,39,43,27,38,40,28
"MLTK",5018,5883,6455,6220,4765,5471,6946,4825,7568,8638,5382
"FUT10",503,425,505,435,369,533,532,406,630,521,356
"HRH2",0,0,0,0,0,0,0,0,0,0,0
"S100A11",6195,6733,7240,8399,7739,6140,8591,5795,10801,13606,7822
"CPLX2",0,0,0,0,0,0,0,0,0,0,0
"C16orf80",1721,2086,2009,2146,1827,1745,2223,1655,2369,2354,1552
"PACS1",2586,2861,3566,2810,3275,2506,3295,2577,3166,3844,2569
"DERL2",1405,1520,1210,1360,988,1270,1319,1169,1610,1378,1163
"HIST2H2AA3",2,4,1,1,1,2,2,1,2,5,4
"GUCY1B3",41,37,80,42,31,46,67,45,55,69,27
"SNX12",3744,4464,4424,4209,3711,3703,4703,3151,4138,4988,2719
"MOV10",2401,2525,2841,2141,2085,2312,2672,2356,2544,2901,1890
"HEY1",129,149,129,113,111,157,158,126,138,138,96
"PADI2",17,28,51,54,40,49,27,34,73,191,85
"CMTM8",92,70,111,75,182,88,113,81,101,113,80
"EFNB2",3862,4226,4030,4516,3171,3559,4597,3414,4944,5227,3488
"BLCAP",2107,2204,2022,2351,2272,1713,2168,1781,2534,2720,2018
"GPR35",4,6,8,5,8,7,4,7,7,9,6
"OAZ1",14440,17210,15477,18325,14830,12627,15981,12699,17534,18197,11735
"EVL",75,64,82,76,76,87,74,64,54,78,50
"SUDS3",2873,3200,4145,3156,3196,3392,3908,2698,3415,4150,2533
"CATSPERD",1,3,3,4,4,8,7,5,15,10,11
"THBS1",34131,44107,23637,53093,24162,27875,33779,28484,47868,38689,39984
"IER3",8028,8240,8492,7879,8343,8944,9197,5809,9914,9236,5695
"OR51H1P",0,0,0,0,0,0,0,0,0,0,0
"PARP14",905,991,1394,654,643,1258,1464,1024,811,1068,635
"CHCHD2",10212,11293,8923,12321,8769,8763,9542,8163,12888,11710,7678
"GRM5",1,1,0,1,0,5,1,1,2,0,0
"LYSMD1",330,310,342,279,196,311,346,246,284,316,230
"PSD",8,11,11,6,12,7,18,7,9,15,14
"SNX21",289,356,311,363,366,297,386,298,477,441,326
"FIG4",617,616,920,510,515,781,851,710,666,857,453
"TRIM63",0,0,0,0,0,0,0,0,1,0,0
"SRSF6",7386,10731,7615,10160,5577,6940,8526,5661,9096,9182,6332
"GNGT2",0,0,0,0,0,0,0,0,0,1,0
"RP11-101E3.5",0,0,0,0,0,0,0,0,0,0,0
"C17orf47",0,0,0,0,0,0,0,0,0,0,0
"MICU3",130,149,102,92,60,140,100,94,90,55,70
"DPH5",1612,1637,1557,1555,1138,1423,1653,1233,1538,1442,1026
"HOXC10",1797,1779,2051,1922,1996,1587,2214,1480,2048,2459,1457
"MTIF3",269,265,346,213,213,268,303,266,283,341,183
"KLF17",22,20,17,19,21,15,16,15,19,14,15
"SEMA3D",25,31,30,19,15,51,49,23,23,30,17
"C16orf62",1147,1146,1263,1224,934,1147,1474,953,1365,1691,857
"SH3TC2",862,839,996,986,877,864,1070,792,1257,1404,882
"MTRNR2L6",0,0,0,0,0,0,0,0,0,0,0
"ARL6IP4",2827,3106,2922,3017,3006,2580,2850,2604,2879,2656,2457
"C1orf65",7,2,4,4,5,1,4,0,3,2,1
"ITLN2",0,0,0,0,0,0,0,0,0,0,0
"VSIG8",2,2,1,3,4,3,2,1,2,1,2
"LGSN",0,0,0,0,0,1,0,0,1,0,0
"FRMPD2",7,11,0,3,1,4,4,4,5,5,2
"ZBED1",0,0,0,0,0,0,0,0,0,0,0
"C19orf47",576,681,563,692,684,508,675,447,671,762,454
"CENPK",934,981,853,837,579,969,848,716,1033,871,758
"TAS2R7",0,0,0,0,0,0,0,0,0,0,0
"MRPL54",732,929,575,953,517,623,671,589,917,710,606
"COX20",1339,1783,1277,2092,1349,1366,1465,1177,2226,1909,1555
"FKSG52",0,0,0,0,0,0,0,0,0,0,0
"RNF150",49,40,72,23,30,45,49,57,16,11,19
"ZER1",1254,1352,1599,1250,1370,1199,1618,1132,1320,1662,949
"ATRX",5777,6536,6349,6143,3550,7435,6489,4870,6974,5857,4825
"ADAMTS6",278,359,252,492,196,272,547,344,532,623,483
"RBBP4",10095,10922,11717,10593,8044,10019,12015,8117,10846,12016,7374
"APOC1",46,49,39,98,38,69,40,62,182,84,72
"TRIM42",1,0,0,0,0,0,0,0,0,0,0
"DENND5A",829,836,928,921,728,799,1021,711,895,993,601
"PLXNA1",3011,3762,2875,3833,3079,2521,3165,2331,3718,3446,2426
"AC040977.1",16,16,12,7,10,7,8,13,15,11,8
"RRP8",1079,1062,1112,1132,958,872,1173,870,1164,1301,899
"SNAPC1",1161,1233,1253,1243,808,1196,1360,938,1302,1240,891
"IL6R",174,219,155,226,135,212,155,157,240,232,166
"AC004466.1",4,3,3,5,4,2,2,7,4,6,6
"ADAM11",10,18,12,11,11,12,11,10,11,14,5
"ZNF329",244,221,235,181,145,238,265,184,225,271,192
"ZFYVE26",912,884,1026,839,765,835,1205,735,873,1287,670
"GPR153",360,406,537,415,709,380,501,443,489,574,356
"TSEN2",1155,1196,1258,967,864,1059,1373,997,1175,1287,917
"TEX101",0,0,0,0,0,0,0,0,0,0,1
"ARL5B",1512,1790,1641,1587,1222,1898,1570,1279,1962,1489,1258
"KDM5D",0,0,0,0,0,0,0,0,0,0,0
"ALG14",261,306,191,257,135,267,192,257,259,166,197
"PRRC2A",23595,26749,33875,30219,34130,21568,31346,22074,25607,35235,21454
"C12orf40",0,0,0,0,1,0,0,0,0,0,0
"KIAA1324L",28,10,25,30,16,34,31,42,26,23,19
"RFTN1",61,71,73,54,38,41,96,43,75,90,50
"TNS1",2283,2476,2556,2025,2033,2506,2031,2125,2095,1763,1530
"DCUN1D3",562,543,552,571,409,600,618,459,733,801,555
"AMN1",153,132,160,146,148,165,168,134,229,186,134
"RGPD3",68,61,48,90,35,53,73,34,75,61,63
"ARL2",1425,1641,1850,1561,1782,1593,1856,1478,1683,1812,1064
"NUF2",1969,1889,2010,1965,1318,1861,1959,1734,2133,1920,1548
"RPL26L1",1265,1453,918,1396,677,1065,1030,987,1317,949,899
"CNIH3",28,38,48,23,38,59,44,47,39,21,16
"PLXNC1",82,95,116,63,76,106,101,103,72,99,64
"FAM60A",4039,4409,4729,4484,3591,4255,4876,3560,5241,4973,3443
"SLC24A5",0,0,0,0,0,0,0,0,0,0,0
"HMGXB4",1624,2087,1961,2009,1491,1652,1982,1556,1969,2061,1644
"RPL14",20385,22906,19585,23677,17586,18537,21320,16341,22446,22436,16753
"MT-ND1",156847,160342,99202,147960,82434,153361,95623,125007,192194,94464,169024
"COA1",1062,1030,1011,1146,918,1084,987,933,1272,1080,891
"PLCB4",295,346,346,352,227,343,422,282,483,480,359
"RPP14",894,1089,855,1116,689,791,1023,797,1089,1083,783
"NMNAT2",87,117,139,140,134,141,151,135,182,237,162
"SECISBP2",1749,2083,2349,2220,1921,1876,2443,1834,2275,2595,1642
"DDX19A",2001,2362,2206,2397,2015,1723,2725,1526,2257,2954,1660
"N4BP2L1",28,11,22,17,8,26,13,25,14,16,10
"AL953854.2",0,0,1,0,0,2,0,0,0,0,0
"NFYC",1906,2162,1965,2241,1897,1545,2343,1538,2140,2556,1508
"BHLHE41",1993,2524,2365,2225,1770,2062,2708,2105,2279,3603,2096
"OR1F1",3,12,14,12,10,12,6,18,9,12,8
"C8B",0,0,0,0,0,0,0,0,0,0,0
"RGR",0,0,0,0,0,0,0,0,0,0,0
"DUSP6",4373,3317,5639,3172,5313,5424,5159,3094,4744,3950,1919
"LAD1",4363,5249,4874,5865,5301,3353,5744,3547,5245,7092,4356
"N6AMT1",398,379,427,291,248,361,416,249,313,396,226
"FRG1",2597,3019,2845,3311,2027,2719,2818,2410,3100,2774,2357
"HCFC1R1",354,433,601,1062,1521,510,465,622,1318,1355,952
"AC112715.2",0,0,1,0,1,0,0,0,0,0,0
"ZNF384",3151,3423,3220,3289,2647,2809,3391,2449,3374,3869,2558
"ZNF287",70,84,115,73,54,77,93,64,69,75,49
"AAAS",1440,1491,1583,1369,1436,1211,1510,1254,1359,1486,985
"C1QC",0,0,0,0,0,0,0,0,0,0,0
"YIPF6",3145,3623,2810,3651,2315,3274,3144,2780,4343,3611,2899
"TLX1NB",0,0,0,0,0,0,0,0,0,0,0
"SH2D7",0,0,0,0,0,0,0,0,0,0,0
"FUZ",516,547,571,519,544,528,480,443,542,499,337
"ANKS1A",2331,2302,2987,2419,2802,2231,3045,2014,2680,3375,1899
"C2orf48",75,123,71,99,59,103,66,121,107,50,87
"PDP1",1810,2248,1966,2330,1748,2177,2381,1945,3082,2872,2304
"PYGL",8786,9733,11363,10508,9367,10259,12065,9388,14522,14600,9934
"RIMBP3C",0,0,1,0,0,0,2,0,0,1,0
"CBWD7",12,12,10,12,8,8,9,7,10,10,9
"IL1R2",29,48,29,40,23,31,42,26,63,68,46
"DCDC1",0,4,1,3,0,2,0,1,0,0,0
"ANXA8L2",24,20,9,20,19,25,27,23,48,55,41
"FAT4",20,17,24,10,11,26,17,14,16,8,9
"NXNL1",0,0,0,0,0,0,0,0,0,0,0
"NOVA1",124,117,189,76,114,129,159,119,56,49,54
"HIST1H4B",4,7,8,10,1,1,3,3,6,11,0
"AC007377.1",0,0,0,0,0,0,0,0,0,0,0
"AC119673.1",29,36,19,13,5,27,25,15,11,20,12
"KCMF1",3882,4579,3907,5119,3779,3547,4704,3311,5576,5443,3539
"PDGFRA",0,0,0,0,0,0,0,1,2,2,0
"PEAR1",0,3,1,0,2,3,1,2,0,1,1
"TADA1",353,345,372,355,300,359,402,330,390,339,288
"ZNF20",0,0,0,0,0,0,0,0,0,0,0
"OAS3",1103,1511,1368,1345,892,1135,1679,1072,1199,1718,916
"KRT37",0,0,0,0,0,0,0,0,0,0,0
"ARMC8",1631,1906,1754,2014,1203,1753,1994,1342,2191,2091,1390
"DPP6",0,0,0,0,0,0,0,0,0,0,0
"CRYBB2",3,4,8,5,3,1,4,2,6,8,5
"HIST1H4L",6,12,9,15,1,2,2,4,11,4,1
"SLC25A13",2693,3200,3014,3279,2650,2573,3541,2231,3609,4064,2332
"TCTEX1D2",340,401,322,298,212,340,302,246,323,286,208
"FZD7",248,227,226,233,231,203,207,199,207,228,133
"TIFA",589,589,644,631,525,575,622,474,720,641,440
"CRHR1",213,165,258,154,180,232,233,178,192,246,119
"CHML",6977,7799,6289,7192,4220,6293,7711,4612,7708,6060,5118
"PGD",10778,12008,13484,12220,12301,10782,14542,9839,14128,16071,9092
"LCP2",0,0,0,0,0,0,0,1,0,0,0
"EXOC8",1899,2132,2062,1986,1657,2061,2186,1551,2571,2295,1619
"AC091801.1",1,1,2,0,0,0,0,0,2,2,0
"DPYSL3",16,12,6,4,5,6,8,4,3,7,2
"TFAP2A",4498,5495,4917,4538,4422,4686,5120,3955,5021,5380,4124
"OR5H1",0,0,0,0,0,0,0,0,0,0,0
"AC096582.1",0,0,0,0,0,0,0,0,0,0,0
"CCDC167",183,211,191,171,116,201,220,165,149,160,101
"RNF122",59,64,89,80,84,89,82,92,113,109,75
"LRRC8A",3372,3674,4194,4451,4925,3788,4564,3663,6324,7482,4684
"ARRDC2",338,309,341,401,399,266,375,309,441,517,357
"B3GALT2",0,0,0,0,0,0,0,0,0,0,0
"CCDC107",78,109,84,108,100,73,107,65,142,112,70
"XAGE3",0,0,0,0,0,0,0,0,0,0,0
"ADIPOR2",7453,8172,8835,8707,7412,7594,9289,7136,9216,9572,6582
"NCF1",1,1,0,0,0,0,0,0,0,4,0
"FOXK1",3397,3525,4120,3723,3876,3641,3980,2632,3787,4565,2500
"PCSK9",8843,9688,11753,10941,13534,10267,10137,10394,12968,11174,8370
"MOXD1",69,100,127,76,78,148,96,111,89,51,53
"SLC52A2",1687,1997,1915,2250,2536,1240,1778,1505,1958,2094,1398
"MBD3L4",0,0,0,0,0,0,0,0,0,0,0
"MTM1",804,740,874,725,639,750,891,711,992,1063,714
"RTN4IP1",585,661,674,634,447,555,725,523,644,677,494
"MLK4",3754,3798,4799,3928,4010,4156,4925,3201,4486,4631,3164
"ZNF436",1093,1172,1017,938,621,1032,1009,774,998,912,656
"EEA1",1516,1807,1362,1657,899,1995,1307,1397,1885,1181,1447
"FKBP14",891,884,871,678,582,1006,934,791,825,730,578
"C7orf60",247,239,243,197,147,276,226,187,245,205,131
"ORAI3",438,427,715,430,753,558,564,786,736,681,455
"FAHD1",1104,1377,1330,1449,1157,1030,1573,970,1385,1715,1080
"PAGE4",0,0,0,0,0,0,0,0,0,0,0
"ZNF100",402,475,407,447,229,377,411,300,448,383,353
"MBD5",546,555,783,473,478,632,792,539,623,685,398
"STEAP1B",20,22,15,16,14,15,22,20,28,22,14
"HIST2H3C",0,0,0,1,1,0,1,2,3,0,0
"SPATS2",949,988,1113,999,874,1007,1159,795,1151,1163,729
"HIST1H3I",8,14,7,16,5,0,9,1,19,15,5
"POU4F2",0,0,0,0,0,0,0,0,0,0,0
"KRTAP5-4",0,0,0,0,0,0,0,0,0,0,0
"ZNF285",40,30,47,43,22,45,46,40,33,34,28
"RIMKLA",13,17,10,20,10,20,10,12,32,20,18
"HSD17B14",5,0,2,0,0,0,1,2,2,0,0
"TRPT1",649,719,789,626,736,609,721,747,699,735,478
"LIX1",0,0,0,0,0,0,0,0,0,0,0
"RFFL",382,395,427,399,309,321,474,311,448,578,364
"SORBS3",3066,3738,3635,3917,3908,2590,3359,3101,3366,3682,2977
"DCAF4",1310,1345,1579,1400,1359,1188,1611,1196,1577,1777,1347
"KLK5",0,0,0,1,0,0,1,0,0,1,0
"FAM206A",1261,1322,1246,1201,814,1167,1311,1032,1279,1340,868
"RBM5",1907,1861,1846,1557,1232,1753,1936,1447,2000,2194,1709
"LRRC23",192,232,259,206,224,208,210,248,235,239,147
"SPANXN5",0,0,0,0,0,0,0,0,0,0,0
"DCAF16",1670,2137,1968,1954,1385,1909,1984,1656,1825,1829,1544
"ZNF789",521,558,450,453,286,583,459,428,607,539,547
"RAP1B",2670,2900,2449,2983,2120,2742,2916,2224,3639,3299,2253
"LDHAL6A",0,0,0,0,0,0,0,0,0,0,0
"ADH6",0,0,0,0,0,0,0,0,0,0,0
"OR2T4",0,0,0,0,0,0,0,0,0,0,0
"FXYD6-FXYD2",0,0,0,0,0,0,0,0,0,0,0
"PSTPIP2",179,233,245,344,232,195,243,210,336,369,254
"GJB5",954,1024,847,1346,1074,808,994,855,1732,1708,1155
"LRFN3",320,379,437,404,475,253,351,317,354,402,235
"PTGDS",3,0,0,0,1,0,0,0,2,3,0
"RFC5",2860,3303,2954,3284,2134,2718,3264,2241,3670,3478,2297
"DCAF7",8588,8181,11394,7832,8564,8362,10508,7480,8098,9856,5763
"RQCD1",3951,4745,4309,4886,3353,3471,4237,3274,4412,4378,3125
"C6ORF50",0,1,0,0,0,0,0,0,0,0,0
"OR5AS1",0,0,0,0,0,0,0,0,0,0,0
"AC027228.1",0,2,6,0,0,2,0,0,4,1,0
"RAB2B",842,924,985,757,640,852,1050,741,884,1009,638
"CNBP",10898,13624,11757,14205,10145,11271,12993,10224,14946,13425,10044
"GPER1",66,71,52,86,82,51,45,48,148,103,76
"CTD-2203A3.1",0,0,0,0,0,0,0,0,0,0,0
"SHISA9",0,1,0,0,0,0,0,1,0,0,1
"IQCF5",0,0,0,0,0,0,0,0,0,0,0
"ITPKA",77,71,82,89,125,83,97,78,77,113,54
"SPATA32",5,4,5,9,3,0,7,3,5,5,9
"KLRC1",2,7,0,1,1,11,2,6,4,0,1
"DRAP1",6197,6790,6142,5627,5299,4873,6904,4714,5280,6666,4359
"IGSF9B",0,0,0,0,0,0,0,0,0,0,0
"AL590235.1",0,0,0,0,0,0,0,0,0,0,0
"OTOF",10,9,16,17,13,16,12,2,13,27,14
"DCT",2,2,5,3,2,2,6,5,3,2,2
"RAX2",0,0,0,0,0,0,0,0,0,0,0
"HAGH",911,842,1034,798,1000,832,1153,883,1134,1193,731
"KCNK7",0,1,3,2,8,5,3,7,5,8,2
"DMBX1",6,11,10,7,9,2,2,4,17,12,5
"MEX3B",15,18,8,11,17,1,8,2,23,13,6
"PRDX5",5773,6252,6594,7331,8377,6677,6936,5858,9305,10133,6283
"H2AFY2",0,0,0,0,1,0,0,0,1,0,0
"NEU3",421,405,496,340,354,343,501,331,402,454,230
"KANK4",6,8,3,12,5,2,3,0,11,21,4
"TLR3",84,117,124,90,49,129,118,98,75,90,56
"HSPA1L",174,75,205,98,173,162,197,99,199,235,90
"TNNT3",0,0,0,0,0,0,0,0,0,0,0
"HSP90AA1",140228,125308,152166,143751,108624,99221,171668,86148,132607,187356,99325
"ZNF770",6794,6699,7331,6207,5122,6667,7999,4626,7465,7532,4451
"RP11-159D12.5",76,58,48,46,25,60,46,59,80,56,84
"HTRA3",3,0,0,1,0,0,2,1,0,0,0
"TFPI2",416,548,295,550,356,366,283,243,404,278,202
"NUP210",5733,6443,6692,7029,6855,6324,6318,5647,7736,7141,5285
"PADI3",11,19,28,6,24,46,29,35,17,13,13
"MFN1",3001,3206,3435,2985,2217,3045,3856,2455,3566,3866,2394
"ACADM",2784,3111,3224,2858,2434,2993,3246,2318,3436,3553,2177
"CCDC36",0,1,0,0,0,1,0,0,0,0,0
"PPEF1",14,11,10,12,7,13,16,3,26,32,16
"MMRN2",39,32,27,39,21,35,45,32,38,50,28
"SIGLEC10",0,0,0,0,0,0,0,0,0,0,0
"OR5D16",0,0,0,0,0,0,0,0,0,0,0
"RABEP1",2194,2393,2916,2551,2155,2295,2991,1955,2819,3070,1878
"PCDHA5",3,2,2,3,5,2,2,1,9,2,3
"NETO1",0,0,0,1,0,0,1,1,0,0,0
"AC131935.1",0,0,0,0,0,0,0,0,0,0,0
"LIF",1022,911,866,1389,1084,844,1121,1262,2292,2401,2198
"MRO",2,1,2,1,2,2,2,1,1,1,0
"FXYD6",2,0,0,0,0,0,0,0,0,0,1
"CTPS1",6798,8070,7231,8496,5774,6206,8537,5559,8924,9300,6161
"CHD5",83,53,91,62,92,96,63,100,94,101,105
"TMEM184B",3117,3538,3733,3740,4060,2992,3605,2818,3763,3895,2492
"TCTEX1D4",4,10,8,4,5,7,8,11,16,9,6
"NLRP9",0,0,0,0,0,0,0,0,0,0,0
"TOR3A",1546,1698,1405,1665,1067,1158,1420,1098,1636,1488,1073
"DAPP1",317,404,323,444,213,302,440,311,599,781,635
"AC137056.1",0,0,0,0,0,0,0,0,0,0,0
"TCL1B",0,0,0,0,0,0,0,0,0,0,0
"C1orf228",33,21,36,19,20,31,34,32,32,45,34
"GLRX3",3500,3605,3122,3907,2306,3058,3734,2600,4226,3994,2696
"AC005488.1",0,0,0,0,0,0,0,0,0,0,0
"ARHGEF10",1319,1376,1530,1527,1388,1417,1712,1130,1801,1831,1254
"GUF1",2985,3243,3256,3232,2473,2479,3626,2198,3402,3722,2383
"ZNF724P",444,446,456,445,297,401,440,323,460,466,352
"LYRM1",693,812,650,832,435,698,637,682,992,817,699
"SCRN2",259,238,227,187,207,287,232,255,211,174,195
"LONRF1",686,786,921,748,818,751,890,733,900,767,624
"CST8",0,0,0,0,0,0,0,0,0,0,0
"AC006967.1",0,0,0,0,0,0,0,0,0,0,0
"GDF5",1,1,1,0,1,2,0,3,2,4,3
"PSMC5",3333,3781,3101,3774,2666,2903,3795,2386,4061,4465,2789
"EFNA5",757,857,935,869,734,906,842,738,917,838,657
"LRRC39",14,13,6,13,4,24,14,11,17,11,17
"RBM34",3220,3866,3695,4034,2357,2974,3925,2907,3618,4082,3013
"SUV420H2",333,358,332,297,356,234,284,302,292,307,280
"CERS5",608,706,588,703,517,600,605,615,829,654,597
"DCBLD1",2839,2865,2903,2556,2110,2940,2869,2209,3175,2813,1889
"AC102948.2",0,0,0,0,0,0,0,0,0,0,0
"EXOC4",905,1114,1370,1096,985,1181,1399,1023,1278,1446,871
"KIR3DL2",0,0,0,0,0,0,0,0,0,0,0
"TMEM82",0,0,0,0,0,0,0,0,0,0,0
"BMP5",1283,1228,1090,1353,846,1443,1086,978,1512,1222,935
"PHF7",97,97,135,69,97,105,125,127,109,118,81
"CXXC11",0,0,0,0,0,0,0,0,0,0,0
"NAP1L6",0,0,0,0,0,0,0,0,0,0,0
"HIP1R",1505,1553,1622,1755,1877,1221,1658,1254,1688,2080,1362
"RHCE",15,9,15,9,13,15,8,14,10,11,9
"AC008271.1",0,0,0,0,0,0,0,0,0,0,0
"MTERFD3",321,240,300,235,174,278,292,244,244,220,193
"CDC42EP5",0,0,0,0,0,0,0,0,0,0,0
"GMPPB",0,0,0,0,0,0,0,0,1,0,0
"DPP4",10,12,10,12,11,5,7,12,13,15,12
"EPHB4",5173,5196,5711,5138,5743,4887,5403,4583,5618,5258,3632
"COL6A3",11599,13177,14198,15913,12859,16577,13767,12304,17425,14369,11296
"BANF2",0,0,0,0,0,0,0,0,0,1,0
"LIPM",0,0,0,0,0,0,0,0,0,0,0
"ZXDA",99,103,127,125,104,98,113,100,140,125,91
"SLC23A3",49,53,53,29,22,54,64,31,26,68,40
"KIAA0125",0,0,0,0,0,0,0,0,0,0,0
"UQCRC2",7510,7780,8741,7889,6814,8096,9091,6862,9747,9877,6302
"NEUROG3",0,0,0,0,0,0,0,0,0,0,0
"AC026310.1",2,1,2,0,1,1,1,0,4,2,2
"C1orf200",0,0,0,0,0,0,0,0,0,0,0
"PARD6G",92,120,113,135,113,120,116,96,103,90,92
"CD14",88,101,106,110,121,96,90,96,154,171,94
"DIRAS2",0,0,0,0,0,0,0,0,0,0,0
"MFSD5",639,761,663,697,665,482,576,548,711,720,482
"C9orf69",1877,2601,2240,2311,2524,1719,2350,1779,2122,2300,1473
"CNTROB",1794,1809,1736,1472,1375,1607,1694,1366,1467,1622,1242
"NKTR",3536,3917,3323,3475,1961,3933,3314,2844,4087,3503,3491
"C10orf85",6,16,14,7,5,14,7,14,15,5,12
"FITM2",953,917,832,746,666,843,907,691,914,781,619
"FAM180A",3,0,0,1,3,0,0,0,0,1,1
"MYO10",2040,2318,2361,2551,1961,1974,2522,1603,2751,3396,2105
"H2AFB2",0,0,0,0,0,0,0,0,0,0,0
"EP400NL",242,294,242,272,243,216,242,179,246,240,183
"PTCH2",6,11,5,3,6,9,10,9,8,10,6
"DTNA",177,237,201,207,129,159,240,164,294,389,210
"RBM12B-AS1",1,1,1,1,0,0,2,1,1,1,2
"TCP10L2",0,0,0,0,0,0,0,0,0,0,0
"ZFP14",107,81,124,87,58,128,102,55,97,76,42
"OVCH1",1,6,3,2,2,4,9,6,5,10,5
"GCC2",1878,1956,2047,1964,1213,2143,2094,1622,2076,2143,1583
"ACTR10",1847,2041,1829,1889,1078,1750,2003,1580,2015,2024,1388
"CSF2",6,7,5,17,13,12,12,7,72,82,54
"COL28A1",5,6,3,3,5,2,5,8,14,7,6
"CYTIP",0,0,0,0,0,0,0,0,0,0,0
"GPR37L1",1,3,3,11,4,2,3,4,9,16,9
"SLFNL1",5,5,2,6,4,1,7,2,3,1,4
"SCYL1",3471,3780,3575,3599,3369,2619,3902,2729,3292,4014,2533
"DALRD3",443,469,527,402,459,393,457,388,517,548,320
"PCDHA12",0,0,0,1,1,0,0,1,1,0,0
"GSDMD",496,512,403,425,408,363,460,372,461,412,380
"CDK17",1038,1089,1120,926,818,1181,1260,838,1208,1171,731
"PHF20L1",1762,1884,1926,1786,1351,1755,1916,1490,1855,1850,1403
"TELO2",1345,1665,1166,1419,1200,934,1222,899,1373,1517,1009
"PPIL6",75,47,134,64,81,79,70,71,72,49,32
"TFE3",4893,5303,5310,5234,4709,4146,5756,4124,5220,6168,4005
"GNAL",228,233,303,225,243,284,281,240,280,258,186
"RP11-520P18.5",0,0,0,0,0,0,0,0,0,0,0
"AC139768.1",0,0,0,0,0,0,0,0,0,0,0
"OR51B4",2,0,0,1,0,0,0,0,1,0,0
"ACIN1",9816,10277,10421,10060,8194,9136,11417,7337,9608,11722,7803
"NCL",65994,78500,75149,86616,61269,60281,86847,49222,75775,89715,58402
"POLRMT",1729,1753,1719,1601,2304,1168,1773,1268,1554,1945,1073
"STAG2",5753,6166,6327,6359,4477,6116,6823,4692,6637,6897,4610
"FAM153C",0,0,0,0,0,0,0,0,0,0,0
"ANXA1",28043,27629,28849,28866,20188,27480,34121,25749,40213,49906,31174
"MEMO1",1079,1317,1297,1451,1069,1088,1310,945,1553,1463,917
"DNAJC13",1802,2246,2465,2229,1508,2378,2671,1833,2423,2621,1674
"ABCA9",0,2,2,4,1,6,2,1,10,1,1
"TRIM49D1",0,0,0,0,0,0,0,0,0,0,0
"RNF11",2153,2215,2214,2076,1999,2184,2299,1802,2676,2392,1701
"HTR1E",0,0,0,0,0,0,0,0,0,0,0
"SETD9",178,181,111,186,77,176,125,133,179,154,144
"BCL3",383,551,526,581,698,366,429,460,625,738,458
"ATP8B4",3,5,2,4,4,8,4,0,2,6,3
"SEPW1",991,1085,665,980,600,702,717,625,1055,828,698
"MTNR1B",0,0,0,0,0,0,0,0,0,0,0
"CCDC28B",179,205,318,197,217,222,210,185,191,258,123
"DDX4",1,0,0,0,0,0,2,0,0,0,0
"LPL",1191,1216,1448,1364,1100,1175,1571,1100,1368,1342,959
"AC025262.1",0,0,0,0,0,0,0,0,0,1,0
"PPIH",1720,1766,1593,1655,1350,1787,1751,1367,1881,1651,1217
"SCIN",6,5,6,1,0,2,8,2,1,3,5
"MUM1",1838,1484,1720,1417,1505,1289,1790,1296,1713,1912,1132
"GRPR",9,18,7,7,6,12,8,12,14,9,8
"KRT12",0,0,0,0,0,0,0,0,0,0,0
"ADAMTS16",0,0,0,0,0,0,0,0,0,0,0
"RNF4",3981,4836,4707,5187,4026,3686,5201,3714,5542,5924,3802
"HPS3",2563,2659,3549,2333,2179,2899,3451,2504,2781,2996,1847
"CISD3",1031,1282,1199,1349,1557,888,1205,946,1290,1372,804
"FBXO33",913,962,1013,919,784,903,1100,773,1148,1040,757
"MAGI2",51,45,78,34,66,66,72,65,37,49,47
"CDC20",13933,14829,13047,16392,12541,9580,14245,9580,15017,15851,9928
"SLC14A2",0,3,0,1,1,3,1,2,1,0,0
"DLEU7",0,1,0,0,0,0,1,0,0,0,0
"TNXB",256,254,335,372,538,275,295,243,391,406,289
"BEND3",1065,1270,1250,1409,1163,933,1376,847,1216,1423,878
"TESC",0,0,0,0,0,0,0,0,0,0,0
"P4HA2",1237,1317,1337,1436,1284,1263,1401,1136,1860,1938,1310
"HNF1B",0,0,0,0,0,0,0,0,1,0,0
"BBS10",833,734,753,603,478,762,816,559,701,658,495
"ATP5C1",4884,5433,4921,5402,3297,5042,5386,4459,6726,5976,4098
"DPEP3",0,0,0,0,0,0,0,0,0,0,0
"ME1",3744,3884,4402,3393,2832,3929,4824,3525,4112,4576,2643
"THOC2",4471,5327,5507,5445,3686,5219,5502,3837,5638,5593,4407
"CTDNEP1",6252,7759,7186,7948,7244,5534,7557,5376,7023,8206,4974
"GTPBP2",2338,2507,1988,2117,1549,2373,2070,2162,2763,2681,2398
"ACSS3",0,0,0,0,0,0,0,0,0,0,0
"RIF1",7523,9780,8750,9718,5533,9199,9544,6380,9220,9066,6802
"RNF180",66,72,87,73,58,84,77,82,80,88,55
"PRDM16",0,0,1,0,1,0,1,1,2,0,0
"LIMCH1",760,1015,991,928,667,1000,726,767,818,665,536
"C5orf50",0,0,0,0,0,0,0,0,0,0,0
"RPL10L",0,0,0,0,0,0,0,0,0,0,0
"ABHD4",287,276,229,212,177,288,285,261,289,357,200
"TMEM54",739,826,759,936,1104,665,804,654,933,1066,609
"MIXL1",0,0,0,2,0,0,0,0,0,0,1
"KNTC1",2822,3168,3039,3084,1897,3294,3351,2715,3834,3547,2845
"BMI1",1409,1497,1137,1128,960,1165,1392,745,1145,974,767
"ERCC6L",1467,1569,1627,1672,1086,1458,1830,1108,1775,1713,1190
"HGD",1,0,0,3,0,1,1,0,1,1,0
"FAM49B",3034,3353,2889,3421,2379,2903,3143,2628,3662,3394,2474
"SSX4",0,0,0,0,0,0,0,0,0,0,0
"MYC",9861,9109,11221,9450,11180,8970,11192,5497,10599,10681,5247
"MSI2",1483,1705,1962,1363,1540,1756,1636,1290,1416,1212,975
"GPC5",2,3,5,5,1,2,0,2,5,2,1
"DCHS2",6,15,8,12,8,13,5,11,10,5,5
"STX2",299,336,461,297,341,456,369,325,462,378,325
"MLYCD",105,81,152,136,132,102,133,119,135,156,99
"PLAC9",0,0,0,0,0,0,0,0,0,0,0
"MARK1",167,125,165,90,108,156,157,122,96,63,59
"PSG5",0,0,0,0,0,0,0,0,2,1,0
"PTGES2",2901,3218,3005,3251,3516,2401,3192,2459,3259,3369,2118
"GOLGA8M",0,0,0,0,0,1,0,0,0,0,1
"LYST",514,443,456,462,273,710,522,523,706,603,494
"NUDT13",13,11,7,6,1,8,6,8,11,10,7
"MRGPRX2",0,0,0,0,0,0,1,0,1,0,0
"DAPL1",0,0,0,0,0,0,0,0,0,0,0
"SLC17A8",0,0,0,0,1,0,0,1,0,0,0
"AHSG",0,1,0,0,0,0,1,0,1,0,0
"DNAJB1",7392,6236,7053,7784,6443,5581,7819,4383,8834,9612,5332
"SLC7A7",6,9,5,5,4,9,2,6,10,6,11
"SGCD",0,0,0,0,0,0,0,0,0,0,0
"SSFA2",4640,4759,5303,4649,3732,4641,5880,3913,5553,6348,4017
"MOB3B",0,0,0,0,0,0,0,0,0,0,0
"KIF18B",4775,5056,4595,4940,4807,3787,4391,3693,4680,4388,3895
"OR1E1",0,0,1,0,0,0,0,0,0,0,0
"SYT3",0,0,0,0,0,0,0,0,0,0,0
"R3HDML",0,0,0,0,0,0,0,0,0,0,0
"VAMP3",2435,2829,2762,2552,1982,2533,3017,2385,2941,2796,2116
"YIPF3",2217,2503,2315,2474,2227,2106,2398,1981,2709,2792,1781
"PTRHD1",323,363,210,323,229,274,286,235,337,323,210
"PCDHAC1",60,46,40,51,28,61,46,43,54,33,38
"XAGE1E",0,0,0,0,0,0,0,0,0,0,0
"IPO7",15417,17492,17874,17661,12701,16249,19946,11890,19448,20618,11983
"IDH3A",4928,5324,5270,5116,4641,4732,6167,3909,5930,6489,3876
"LRRC70",4,4,1,9,5,2,4,2,14,7,7
"RGL3",0,1,1,0,0,1,2,0,1,0,0
"TAF4B",1326,1684,1691,1663,1132,1303,1870,1161,1573,1775,1110
"RAB3B",112,148,134,277,153,135,152,156,260,320,252
"RAMP1",229,244,244,223,291,249,200,240,238,150,119
"METTL10",590,620,587,713,607,532,653,506,711,723,485
"ONECUT2",836,888,859,745,542,1155,814,623,814,746,485
"EPO",1,0,0,2,1,0,0,0,0,0,0
"TDP1",957,1107,1173,1107,979,949,1211,1027,1148,1242,820
"METTL7A",635,590,745,439,483,916,413,636,529,244,287
"ELOVL3",35,32,57,35,43,59,45,48,37,46,45
"TNFAIP8",867,953,894,991,721,1003,976,756,1172,1050,740
"SERINC2",5403,5872,6216,6020,8547,5225,5964,5827,6826,8461,4831
"PGAM5",2816,3013,2841,3326,2764,2189,3236,1894,3171,3512,2240
"CACNA1B",2,0,0,0,1,0,0,0,0,1,0
"TMTC2",587,681,684,556,537,622,774,513,578,718,481
"CDHR4",6,7,13,2,6,18,7,21,6,8,14
"TGFBR1",1543,2043,1456,1884,1128,1655,1561,1318,2104,1675,1460
"CTSG",0,0,0,0,0,0,0,0,0,0,0
"TNFAIP2",3112,3648,3886,4084,4592,2923,3872,3413,4239,4858,3396
"ACYP1",374,272,305,241,227,350,326,237,320,324,234
"PDDC1",1798,1633,1485,1130,1110,1544,1567,1328,1426,1430,1304
"AP003774.4",0,0,0,0,0,1,0,0,0,0,0
"TCF7",243,294,320,348,386,220,320,264,391,480,291
"C7orf73",956,1122,977,982,959,964,1071,777,1045,1108,687
"C10orf82",0,0,2,0,0,0,0,0,0,0,0
"MAPK4",483,796,1037,695,798,786,663,520,596,589,327
"HAVCR1",0,0,0,0,0,0,0,0,0,0,0
"ORC4",2129,2499,2125,2387,1392,2301,2247,1762,2879,2317,1677
"MMP8",0,0,2,0,0,0,0,0,1,0,1
"JAKMIP3",5,4,1,4,1,6,4,2,9,8,0
"GPD1",4,1,1,1,0,0,0,2,5,2,2
"OC90",0,1,0,0,0,0,3,1,0,0,0
"FCGR3B",0,0,0,0,0,0,0,0,0,0,0
"PDZD11",1489,1541,1453,1400,1066,1392,1575,1292,1669,1875,1187
"CHD1L",2100,2629,2364,2393,1663,2057,2604,1876,2474,2675,1930
"AC091150.1",0,0,0,0,0,0,0,0,0,0,0
"SLC24A4",0,0,0,1,2,2,0,1,1,0,0
"TCF12",1454,1567,1823,1634,1273,1507,1911,1277,1735,2055,1213
"CPA2",2,2,1,0,0,1,1,2,6,0,0
"IFIT2",47,60,66,164,78,62,47,64,319,249,187
"TRUB2",2357,2621,2379,2348,1867,1951,2577,1698,2392,2619,1608
"FRMPD4",24,17,26,21,12,12,27,22,37,59,24
"RASSF9",76,50,88,78,42,86,81,57,88,63,49
"OR52B4",0,0,0,0,0,0,0,0,0,0,0
"BPIFB1",0,0,0,0,0,0,0,0,0,0,0
"VPS9D1",124,126,111,113,97,110,110,128,126,111,117
"CENPW",589,677,498,709,379,554,553,573,764,603,484
"RYK",2889,3061,2960,3298,2538,2883,3385,2365,3763,3705,2408
"FASTKD2",2438,3023,2704,3000,1845,2360,2870,2047,2973,2785,1901
"AP001579.1",5,7,8,6,9,5,7,5,7,9,3
"LONRF3",26,20,24,39,43,33,26,22,47,75,28
"MYB",468,346,705,469,757,541,587,380,650,634,330
"ZNHIT3",540,688,488,659,384,603,491,513,744,545,494
"PMP22",358,312,268,407,318,269,288,214,508,402,318
"LMBRD1",1175,1291,1305,1288,1006,1578,1263,1188,1573,1331,992
"CORO6",140,118,97,170,124,142,107,141,204,179,182
"AMBP",1,0,4,0,1,0,3,1,0,2,0
"ANO8",684,635,725,554,678,768,614,689,832,694,691
"POM121L2",2,0,2,0,0,0,0,0,0,0,0
"CD300LG",0,0,0,0,0,0,0,0,0,0,0
"HPGD",10,11,2,7,6,10,16,7,14,11,13
"FAM170B",0,0,0,0,0,0,0,0,0,0,0
"ATAD1",2810,3103,2666,3054,2156,3109,2960,2588,3504,2732,2296
"TRIM33",3688,4122,3811,3873,3037,3612,4176,2821,4079,4229,2956
"MCCC1",1266,1252,1383,1130,1026,1370,1404,1139,1326,1343,934
"CHRFAM7A",0,0,0,0,0,0,0,0,0,0,0
"SMTNL2",0,0,1,0,0,0,0,0,0,0,0
"SF3B2",12891,14963,15406,15585,14094,11081,15968,10918,13767,17302,10821
"AMACR",163,203,208,175,129,141,194,150,198,175,120
"TAS2R4",5,5,5,1,2,3,1,1,3,3,0
"ACPT",0,0,0,0,0,0,0,0,0,0,0
"SDHC",3195,3304,2961,3166,2139,2999,2844,2567,3285,2988,2216
"DHODH",701,694,810,593,631,539,824,593,593,701,471
"SUMO3",3685,4049,3437,4522,3075,3261,3687,3131,4552,4104,3133
"BCL2L11",554,640,562,604,526,492,578,344,649,691,413
"URGCP",1262,1344,1285,1463,1194,1119,1448,1103,1630,1753,1153
"UFD1L",5000,5195,4243,5979,4121,4378,4913,3965,6388,6216,4416
"LINC00696",0,0,0,0,0,0,0,0,0,0,0
"CYP11B2",0,0,0,0,0,0,0,0,0,0,0
"FBXO2",2255,2244,2653,2439,3903,2443,2495,1958,2946,3205,1649
"EXOSC6",881,1052,951,1099,1215,761,1089,841,997,1197,830
"RP11-279O9.4",1,1,3,0,7,5,6,4,6,1,0
"JUN",1249,1389,1293,1837,1763,1028,1705,1053,2126,2353,1485
"HTR1B",0,0,0,0,0,0,0,0,0,0,0
"PTGER1",1,2,0,0,0,0,2,0,3,1,2
"KCND1",57,41,45,27,38,76,60,61,41,52,26
"BRI3BP",5734,6355,5840,6885,5357,5635,6333,4682,7244,6493,4694
"NOTCH1",1212,1227,1257,1600,1628,1127,1390,1083,1702,1766,1279
"ELL",700,742,757,807,905,506,740,590,823,1038,591
"SP1",5431,5856,6365,5499,4907,5475,6636,4993,5900,6767,4824
"RPA3",1191,1360,810,1189,447,1279,839,1077,1306,788,865
"STXBP5L",4,3,0,9,5,5,5,1,7,1,3
"IER5",1568,1840,1819,2010,1785,1426,1933,1156,2107,2441,1290
"DDX39B",17455,18604,15815,16681,13287,13976,17284,12923,18096,17632,14398
"ZIC4",54,60,81,54,43,65,48,69,87,73,75
"GTF2B",994,983,882,985,783,1006,957,813,1239,1126,822
"DDX3Y",2,8,0,2,0,5,6,1,7,4,1
"PLXNB2",4282,4652,4083,4348,4045,3928,4136,3771,4992,4618,3578
"SIRPB2",60,50,78,62,71,62,64,44,129,147,128
"RAB26",70,44,114,75,127,94,57,102,123,125,103
"FLJ20373",0,0,0,0,0,0,0,0,0,0,0
"GOLGA8S",0,0,0,0,0,0,0,0,0,0,0
"ZFYVE20",2134,2259,2464,2146,1743,2061,2418,1856,2382,2460,1703
"LSM14B",2665,2952,2993,2750,2743,2587,3299,2254,3121,3531,2092
"CD69",0,0,0,0,0,0,0,0,0,0,0
"ZNF572",50,42,34,33,21,38,55,37,48,50,50
"TCEAL8",161,174,169,237,142,183,142,179,193,150,151
"MANBA",340,294,481,242,249,533,391,339,351,370,217
"PCDHGB1",0,2,0,0,2,2,1,3,2,4,0
"TM4SF19",330,362,431,504,365,545,442,562,983,969,764
"DNAJC30",511,556,492,543,489,403,549,419,518,648,369
"NAMPTL",237,233,231,208,188,229,350,222,284,310,184
"MBD4",1992,2207,2034,2163,1345,2111,2189,1723,2467,2509,1696
"FAM86A",803,945,970,921,914,636,1121,657,857,1089,621
"CEP350",2202,2695,1936,2805,1182,2779,1979,1901,2695,1902,1882
"FCER1G",2,2,1,3,0,0,3,1,2,2,3
"FAM25A",4,7,8,7,7,5,5,6,10,22,13
"SLC30A8",0,0,0,0,0,0,0,0,0,0,0
"RPL21",15042,17226,10833,17698,7398,14827,12821,12471,17420,13212,12351
"OR51D1",0,0,0,0,0,0,0,0,0,0,0
"NPY2R",0,0,0,0,0,0,0,0,0,0,0
"EPS8",5149,5904,5964,7085,5078,5276,6540,4733,7724,8778,5433
"TEX19",15,8,5,8,11,10,6,8,12,18,9
"KSR1",373,340,398,315,387,363,370,316,420,452,310
"TMEM150B",0,0,0,0,0,0,0,0,0,0,0
"IFI35",134,184,195,192,210,146,213,187,295,330,180
"USE1",321,334,270,289,247,236,341,234,310,370,203
"C5orf52",0,0,0,0,0,0,0,0,0,1,0
"TGIF2LY",0,0,0,0,0,0,0,0,0,0,0
"IL19",0,0,0,0,0,0,0,0,0,0,0
"CACFD1",39,44,54,32,41,27,36,37,31,62,29
"RP11-683L23.1",24,31,21,30,16,19,26,17,32,37,16
"IFIT5",798,782,884,770,651,710,884,614,928,887,604
"CDKN2AIP",995,1070,874,1020,722,843,980,754,1209,1217,744
"CYB561D1",639,641,630,528,482,520,637,548,614,724,550
"MNX1",43,43,42,38,90,43,39,39,64,65,38
"LTF",0,0,0,0,1,0,0,0,0,0,0
"NKAP",824,921,1145,997,784,789,1062,848,942,935,711
"KCTD3",7933,9711,9755,9152,7217,8905,10337,7661,10348,10577,7229
"CTD-2207O23.3",0,0,0,0,0,0,0,0,0,0,0
"NBR1",4370,4141,5279,3288,3396,4279,5570,3846,4201,5572,3160
"PNLDC1",13,5,5,1,2,4,10,3,8,10,3
"C13orf45",0,0,1,1,0,0,0,0,0,0,0
"CRYGN",2,0,0,1,2,0,0,1,0,0,0
"SCT",0,0,0,0,0,0,1,0,0,0,0
"TBXA2R",7,8,13,9,14,7,11,13,15,21,8
"OR8G5",0,0,0,0,0,0,0,0,0,0,0
"HBEGF",243,201,213,340,259,215,352,208,471,606,353
"ARPC4",4408,5422,4441,5502,5207,3999,4753,3871,4839,5035,3981
"RASL10B",8,16,9,13,12,13,7,6,12,11,2
"SDPR",3,9,5,3,6,9,7,9,6,5,2
"C14orf28",107,81,106,89,58,110,104,86,106,73,76
"PLA2G1B",0,1,0,0,0,0,0,0,0,0,0
"PPP1R3B",472,498,686,416,577,632,666,500,625,632,386
"RAB43",31,34,33,30,53,19,34,31,32,50,20
"NUTM2E",0,0,0,0,0,0,0,0,0,0,0
"RGS22",0,0,0,0,0,1,0,1,0,0,0
"TGM7",0,0,0,0,0,0,0,0,0,0,0
"CCDC82",683,687,676,535,400,817,646,631,716,679,580
"RAB11A",2674,2922,3189,2889,2530,3059,3212,2668,4019,3708,2616
"PLEK2",1864,2008,1918,2147,1675,1484,2496,1386,2209,2685,1440
"TTC19",1374,1490,1374,1402,1065,1528,1303,1427,1871,1393,1354
"OSR1",43,28,26,43,44,37,42,34,38,27,27
"CRTAC1",34,37,31,18,16,28,33,42,26,16,16
"ZNF805",122,126,107,129,86,114,111,111,125,115,98
"RAB27A",334,392,474,328,359,464,456,395,432,491,331
"APOOL",569,610,682,570,431,573,699,499,714,779,489
"FLVCR2",53,56,45,66,39,62,53,42,84,66,52
"OR1K1",0,0,0,0,0,0,0,0,0,0,0
"VSIG1",1,1,2,0,0,0,0,0,0,0,0
"PDE9A",245,227,405,457,442,236,261,232,374,401,232
"STK10",1419,1598,1642,1738,1589,1224,1860,1325,2009,2639,1715
"HBA1",3,2,4,11,13,1,6,2,15,12,1
"ATAD3C",1,3,2,3,1,2,1,2,2,1,4
"NDUFB7",823,926,743,999,863,756,843,642,965,889,619
"C16orf71",3,4,10,4,3,3,8,2,7,4,4
"RBM27",3384,3648,3849,3649,2712,3046,4002,2525,3794,4249,2612
"ZBTB7C",29,17,32,20,33,32,31,32,27,61,25
"DRD1",0,0,0,0,0,0,0,0,0,0,0
"U2AF2",12080,14504,12348,14964,12043,10290,13967,9108,13099,15856,8985
"DPY19L4",2092,2241,1706,1836,1316,2224,1890,1531,2311,1665,1433
"C21orf33",1852,1987,2147,1815,2077,1616,2052,1530,2027,2087,1221
"C6orf120",967,1188,1004,1102,762,1021,1008,880,1113,995,785
"CCDC85C",1500,1658,1647,1917,1839,1033,1827,1127,1553,1831,1026
"CWC22",1758,1891,2070,1928,1367,1710,2279,1366,2038,2318,1538
"SMKR1",249,283,336,309,232,270,331,206,286,378,206
"CRMP1",0,0,0,0,0,0,0,0,0,0,0
"FAM180B",0,1,0,0,2,0,1,0,0,1,1
"ITGA3",6609,7114,7606,6846,7561,6900,8048,7072,8791,8538,6319
"EIF4EBP2",4843,5010,5699,5032,4735,4666,5539,4304,5529,5839,3791
"AL357673.1",142,126,132,88,129,115,148,101,87,101,67
"SGMS2",1143,1319,969,1251,820,1035,1126,867,1460,1202,921
"BMP2",488,514,518,504,428,427,703,369,481,647,328
"KIAA0319L",1622,1679,2022,1597,1505,1769,1830,1527,1755,1959,1328
"EEPD1",5,7,8,12,19,6,10,6,11,16,7
"XYLT1",0,0,0,0,0,0,0,0,0,0,0
"EGF",9,10,11,3,4,7,5,5,8,7,3
"FAM43B",0,0,0,0,0,0,0,0,0,0,0
"CCBL2",948,1016,943,1158,640,1074,990,950,1328,1083,860
"KATNA1",1138,1116,1258,1122,852,1070,1336,986,1249,1310,881
"ATP5F1",9576,10242,8808,11097,5893,8931,9386,7621,11657,10429,7555
"RGPD4",19,14,21,19,17,24,19,13,36,12,11
"METTL4",1221,1312,1218,1279,799,1102,1418,950,1545,1336,917
"SIRPB1",71,102,167,48,100,119,152,116,91,101,35
"ZNF579",423,425,480,425,553,363,409,370,462,470,346
"ADPRHL1",272,368,415,380,322,330,371,383,441,425,335
"OR14A16",0,0,0,0,0,0,0,0,0,0,0
"PKP4",4183,4424,5652,4492,4478,3946,5930,3504,4424,5739,3105
"CT62",5,7,8,3,3,5,3,2,3,2,3
"PNPLA1",2,3,4,5,4,4,5,5,1,5,4
"OR10A3",0,0,0,0,0,0,0,0,0,0,0
"C20orf141",0,0,0,0,1,0,2,1,1,0,0
"PLCXD3",450,424,522,393,305,508,674,391,699,790,512
"DCTN3",402,406,328,302,255,331,335,360,383,329,241
"RFPL3S",8,8,8,5,8,4,15,8,9,5,6
"ST3GAL6",81,71,91,47,40,114,71,71,88,75,40
"NFATC4",420,311,565,257,473,640,370,551,513,410,345
"AC020907.1",5,4,7,9,21,3,6,5,15,20,15
"MCF2",2451,2878,3215,2456,1872,2980,3416,2268,2926,3163,1900
"GABPB2",965,986,1075,973,787,859,1095,725,902,1125,740
"VPS54",1245,1443,1563,1296,972,1466,1549,1151,1683,1534,1119
"FAM178B",66,58,87,40,82,96,62,79,35,44,32
"GSTA5",0,0,0,0,0,0,0,0,0,0,0
"PPIAL4G",3,5,0,1,3,0,0,0,5,3,2
"CLEC4A",2,3,3,1,0,2,0,1,5,8,0
"SWAP70",1685,2001,2105,2076,1718,1900,2231,1695,2464,2388,1843
"C11orf80",511,430,463,449,399,594,469,477,786,533,542
"NFE2",53,48,83,80,74,79,71,54,159,147,92
"NID1",46,63,62,92,76,73,35,46,129,75,72
"TICRR",3730,4460,3508,4509,2513,3473,3791,2448,4216,3882,2975
"CCDC176",63,79,58,62,35,59,47,46,48,50,46
"KRTAP13-1",0,0,0,0,0,0,0,0,0,0,0
"ZNF205",473,495,474,374,407,432,510,377,452,486,343
"GRXCR2",0,0,0,0,0,0,0,0,0,0,0
"FGF7",3,0,0,1,0,1,2,2,1,1,1
"PIM3",1954,2546,2210,2757,3232,1808,2198,1850,2558,2540,1562
"FMO3",0,0,0,0,0,0,0,0,0,0,0
"ZNF670",289,331,273,368,181,277,311,255,375,312,269
"FBXW12",0,0,0,0,0,0,0,0,0,0,0
"LIMS2",38,43,36,29,32,28,37,40,31,26,30
"GLYCTK",37,62,39,39,34,24,28,44,42,32,27
"CNOT7",3876,4514,4038,4332,3104,4111,4640,3350,4985,4650,3087
"ZNF835",0,0,0,0,0,0,0,0,0,0,0
"ANAPC7",2914,3238,3116,3114,2399,2648,3528,2217,3383,3813,2348
"CNOT6L",1405,1285,1609,1164,1175,1484,1562,1067,1500,1330,970
"ANKLE1",897,774,893,1048,1212,699,931,588,1132,1173,883
"MED20",888,889,1007,786,679,712,985,711,863,1053,641
"ARMC2",64,54,68,54,40,52,51,62,49,51,35
"GRIA2",0,0,0,0,0,0,0,0,0,0,0
"ARSJ",628,713,831,712,624,789,751,657,909,794,566
"FKBP5",12494,14280,17072,11997,12169,14012,14661,12498,12090,10975,8124
"SLC22A25",0,0,0,0,0,0,0,0,0,0,0
"CDH2",1664,1824,1338,1681,947,1423,1557,1104,1326,1158,750
"KRTAP3-3",0,0,0,0,0,0,0,0,0,0,0
"GRAMD1A",904,985,1101,993,1261,902,1027,972,959,1115,851
"ZNF44",0,0,0,0,0,0,0,0,0,0,0
"RTP4",0,0,0,0,0,0,0,0,0,1,0
"S1PR2",36,35,51,39,57,19,32,38,49,47,29
"C2orf40",0,1,0,0,0,0,0,0,0,0,0
"MGP",951,711,900,1045,912,1083,638,773,1257,987,679
"FLYWCH2",402,470,494,518,463,327,508,414,386,438,299
"BNIP3",987,1314,1303,1239,1149,1328,1248,1268,1566,1297,948
"FES",13,14,5,18,12,8,9,6,27,28,23
"AC018816.3",15,35,17,13,21,21,16,20,29,24,22
"ABHD17B",1115,1186,1108,1131,969,1042,1130,765,1325,1163,672
"ALOX5AP",11,16,11,19,10,15,10,9,20,24,12
"MORF4L1",12084,13283,12570,13559,10534,12016,13846,9588,15047,14168,9961
"C6orf132",1909,1993,2152,2444,2347,1926,2336,1650,2735,3317,2060
"SYDE2",420,398,392,383,253,375,387,237,362,392,263
"OR1L8",0,0,0,0,0,0,0,0,0,0,0
"IFITM2",714,761,815,912,923,772,919,743,1261,1429,925
"KIAA0355",1108,1155,1171,1304,1191,994,1244,874,1410,1481,934
"PFN1",38228,44491,37433,50659,43363,30069,41086,32799,46582,49704,37101
"TBX10",0,0,0,0,0,0,0,0,0,0,0
"OR14C36",0,0,0,0,0,0,0,0,0,0,0
"NELL2",149,195,194,149,137,176,165,131,130,121,70
"ENPP7",0,0,0,0,0,0,0,0,0,0,0
"PFN4",17,9,9,13,15,16,18,11,18,17,14
"TMCO4",508,625,707,933,1030,452,661,551,855,1079,697
"SMC5",4857,5841,5850,5643,4010,5678,5770,4273,6060,5795,4357
"DNTTIP1",1506,1641,1522,1743,1280,1324,1702,1272,1947,2126,1448
"MCHR2",0,0,0,0,0,0,0,0,0,0,0
"RBMX2",1285,1352,1362,1317,1097,1151,1535,1132,1309,1575,1153
"SYT1",4,22,9,20,10,26,10,12,26,24,20
"IK",3969,4154,4772,4094,4211,3762,4840,3398,3964,5030,3399
"RSPO3",3,2,1,4,2,0,0,5,5,2,4
"ATP7A",536,587,586,429,321,654,607,495,509,466,351
"ARID5A",128,157,142,172,161,113,141,118,154,199,143
"BDNF",51,55,60,58,63,56,55,39,50,48,41
"PEX11G",65,42,48,40,63,52,60,47,68,72,48
"SLC7A8",626,535,811,504,766,818,704,693,857,700,492
"SNRNP48",1522,1554,1519,1597,1180,1510,1643,1013,1713,1535,1169
"BPIFC",0,0,0,0,0,0,0,0,0,0,0
"FAM83G",1688,1886,1813,1860,1867,1437,1750,1387,1748,1999,1187
"ZC3H12C",1713,2021,1689,1946,1211,2217,1821,1437,2363,1886,1577
"GDF6",0,0,0,0,0,0,0,0,0,0,1
"SLC5A7",0,0,0,0,0,0,0,0,0,0,0
"PGBD5",511,523,519,834,716,356,613,382,1020,1587,800
"LY6G5C",46,47,29,60,38,29,41,42,60,50,47
"C15orf57",305,316,267,294,211,261,310,260,369,335,262
"GBF1",2747,3048,3117,2720,2426,2702,3090,2262,2963,3780,2096
"NR5A1",1,0,0,1,0,0,0,0,1,0,0
"TIMP3",0,0,0,0,0,0,0,0,0,0,0
"CCDC146",7,3,12,6,2,17,9,7,2,4,10
"GABRB2",0,0,0,0,0,0,0,0,0,0,0
"SNUPN",1349,1369,1679,1400,1232,1278,1825,1181,1419,1643,1071
"ZC3H3",727,732,736,691,831,509,768,556,695,819,555
"AF165138.7",0,0,0,0,0,1,0,0,0,0,0
"DSN1",1760,1685,1568,1413,968,1501,1654,1422,1614,1508,1187
"ARHGAP28",0,0,0,0,0,0,0,0,0,0,0
"GPR119",0,0,0,0,0,0,0,0,0,0,0
"ZNF442",0,0,0,0,0,0,0,0,0,0,0
"CT47A11",0,0,0,0,0,0,0,0,0,0,0
"RNPEP",3982,4850,5284,4589,4684,4019,5303,4071,5221,6209,3684
"CACNB3",245,226,324,275,377,313,324,270,415,498,331
"TSPAN6",1230,1424,1016,1249,714,1218,1025,1109,1369,904,827
"FANCF",306,319,376,317,365,293,392,258,371,402,226
"PIGG",2166,2330,2091,2339,1844,1973,2244,1722,2596,2636,1798
"C1orf35",2449,2850,2743,2818,3141,2151,2555,2075,2621,2756,2269
"XIRP2",5,10,1,10,1,9,6,3,11,1,5
"EGFLAM",0,1,0,0,1,0,1,0,0,0,1
"OR2AE1",0,0,0,0,0,0,0,0,0,0,0
"ADAMTS8",0,0,0,0,0,0,0,0,0,0,0
"RSPH4A",5,10,5,12,3,6,5,10,4,4,10
"MKX",20,15,7,17,14,8,6,9,18,18,13
"SORBS1",47,32,54,26,43,36,57,40,51,60,32
"AKAP3",16,14,27,27,9,11,28,13,17,27,12
"KIAA0226",1339,1348,1414,1114,1197,1409,1569,1153,1589,1629,1096
"SPATA9",2,0,3,1,0,1,0,1,0,0,1
"CDH17",0,0,0,0,0,0,0,0,0,0,0
"APBB1",163,185,171,134,147,140,184,142,139,97,75
"MRPS5",2530,2700,2898,2687,2379,2278,3182,2019,2797,3183,1986
"KARS",8501,9513,9832,10652,8446,7021,11094,6640,9924,12550,7071
"CKLF-CMTM1",0,0,0,0,0,0,2,0,0,0,1
"AC126614.1",0,0,0,0,0,0,0,0,0,0,0
"TLX1",0,0,0,0,0,0,0,0,0,0,0
"ASZ1",0,0,0,0,0,0,0,0,0,0,0
"C5orf30",657,755,746,710,672,727,786,586,776,727,539
"FAM162B",0,0,0,0,0,0,0,0,0,0,0
"THEG",0,0,1,2,1,0,0,1,2,0,0
"ZRANB3",302,300,395,275,234,308,352,292,329,324,203
"AKR1C1",287,189,292,161,127,219,416,238,193,509,161
"VPS37D",5,6,8,1,4,9,4,9,3,1,4
"GKN2",0,0,0,0,0,0,0,0,0,0,0
"DENND6B",44,26,36,31,34,69,35,54,45,49,24
"PYROXD1",465,493,476,585,379,409,531,416,564,595,463
"TAF8",1902,2041,2103,1687,1418,1804,2106,1414,1680,1886,1190
"RRP1",2234,2677,2225,2805,2213,1688,2534,1704,2538,2866,1994
"NR4A1",365,382,534,447,558,492,486,486,524,532,332
"GTF2H3",2561,3026,2776,3006,1911,2365,2910,2282,3147,3041,2342
"ASPHD1",393,400,368,532,439,401,432,336,512,762,511
"ARHGAP33",58,63,64,32,55,52,54,81,55,45,61
"SLC12A2",1417,1732,1239,1652,1003,1416,1422,1022,1899,1512,1162
"C3orf49",0,0,0,0,0,0,0,0,0,0,0
"MINK1",5022,4877,5996,4730,6250,4766,5766,4644,5775,7196,4848
"TBCCD1",663,582,642,494,431,509,725,450,612,585,371
"ARHGAP19-SLIT1",0,0,0,0,1,0,0,0,0,0,0
"PVRL4",107,104,79,145,127,88,94,109,239,298,229
"KCNIP2",38,27,30,13,14,34,32,29,16,23,7
"HSD17B10",4175,4394,4033,4349,3528,3262,4333,3199,4257,4694,2835
"SATB1",285,226,418,78,179,432,338,320,96,128,84
"TRMT12",586,604,626,597,557,564,778,510,695,778,433
"SLCO1A2",0,0,0,0,0,0,0,0,0,0,1
"FBXO38",1484,1632,1704,1605,1105,1655,1736,1307,1983,2055,1465
"PARS2",541,518,599,574,498,455,606,462,550,676,383
"ZNF564",168,165,179,140,95,148,170,133,188,202,179
"OSBPL1A",1500,1657,2002,1544,1532,1629,2063,1558,1900,2164,1411
"KRTAP1-3",0,0,0,0,0,0,0,0,0,0,0
"TNS4",8323,9370,9140,10143,9475,6469,10582,7416,10319,13327,8647
"ZSCAN5A",73,89,76,82,60,59,77,73,63,95,62
"OTUD7B",1223,1406,1328,1380,1029,1166,1438,909,1433,1629,947
"SPACA5",1,0,0,0,0,0,0,2,1,0,0
"AL109659.1",0,0,0,0,0,0,1,0,0,0,0
"YBX3",8439,9804,10178,10439,10239,7872,11195,7083,9593,11908,6833
"APBA2",63,77,73,91,77,59,75,54,89,118,62
"AC006014.1",0,0,0,0,0,0,0,0,0,0,0
"SPACA5B",0,0,0,0,0,0,0,0,0,0,0
"SUCNR1",0,0,0,0,0,0,0,0,0,0,0
"ZNF142",1615,1687,1756,1875,1637,1338,1898,1109,1701,2233,1273
"WDR3",5728,5554,6817,5913,5098,4772,7580,4237,5990,7959,4291
"SCN5A",0,0,0,0,0,0,0,0,0,0,0
"ENKD1",643,642,710,617,743,529,640,492,624,595,385
"PPP1R7",763,840,935,799,562,820,960,693,960,1114,586
"DCAF17",943,1101,1104,952,752,1051,1136,833,1100,1022,709
"ZNF746",901,1077,964,1079,1052,751,1073,752,1031,1186,786
"S100A7",0,0,0,1,1,0,0,0,2,3,1
"ARSK",263,265,268,173,145,285,241,225,244,173,130
"G3BP2",10265,11643,12149,11699,8880,11001,13155,8985,12962,13600,9025
"FAM26E",0,2,0,0,1,0,0,0,0,3,0
"SMAGP",656,755,614,877,535,502,749,545,796,890,546
"NSMAF",1831,2070,2131,1882,1478,1893,2328,1619,2278,2359,1566
"ASB17",0,0,0,0,0,0,0,0,0,0,0
"UNC119B",2773,3326,3130,3060,2332,2591,3134,2375,2960,2908,1986
"MRPL3",6331,7022,6421,7343,5109,5492,7648,4960,7058,7587,4335
"FSIP2",0,0,1,0,0,0,0,0,2,0,0
"NOMO2",1705,1933,1837,2020,1586,1857,1994,1541,2341,2372,1564
"MTMR6",1683,2098,1873,1972,1487,1950,2089,1625,2580,2253,1733
"ACP6",521,517,529,422,357,470,534,398,529,507,360
"AP001094.1",0,0,0,0,0,0,0,0,0,0,0
"ACSL6",0,1,0,2,0,1,0,0,2,3,0
"DNAJC4",354,351,456,343,368,383,387,445,334,329,274
"RAB12",2096,2473,2495,2351,2343,2376,2685,1904,2724,2690,1853
"RCN1",6853,8013,7236,8305,6080,7855,7615,6236,9215,7880,6169
"GRPEL1",3152,3645,3614,4018,3176,2828,4104,2566,3946,4644,2772
"SLC39A7",6248,6882,6136,7053,5334,5906,6462,5409,6925,6773,5179
"EDN1",56,48,48,75,64,89,69,66,137,149,131
"DPPA5",0,0,0,0,0,0,0,0,0,0,0
"POGK",2628,3002,3046,3378,2623,2574,3444,2333,3331,3879,2611
"OR51F2",0,0,0,0,0,0,0,0,0,0,0
"NBPF11",181,128,138,137,90,163,147,115,128,153,113
"MTMR2",3494,3941,3813,3656,2461,3158,4106,2774,4239,4348,2822
"DYRK4",660,760,708,780,510,674,775,620,835,805,618
"RP11-1212A22.4",22,25,13,17,9,9,23,14,15,8,17
"AXDND1",2,1,0,2,0,1,0,1,0,0,1
"OR52E8",0,0,0,0,0,0,0,0,0,0,0
"SLC16A9",350,304,369,343,291,279,392,294,328,265,257
"AKR1A1",1230,1264,1203,1088,966,1088,1294,1077,1439,1403,1030
"NACC2",967,1018,1109,1145,1210,814,974,775,1119,1205,794
"SLC26A11",27,24,22,24,19,14,15,19,27,25,21
"EML6",131,123,150,81,65,199,135,153,132,132,103
"EHHADH",169,194,313,174,198,211,262,206,187,256,158
"ZBTB39",702,734,708,730,580,632,739,536,728,615,518
"MLLT4",5091,5830,6461,5749,4687,5988,6740,4733,7027,7694,5310
"MORN1",107,137,114,127,101,102,125,87,118,128,87
"ZNF326",2708,2614,2117,2498,1668,2425,2585,1721,2914,2767,2024
"KDM6B",3206,3199,3813,3289,4039,2737,3793,2389,3215,4462,2856
"GHR",2,4,2,0,1,2,2,2,1,3,0
"FBXL8",251,169,201,152,177,200,193,189,213,262,207
"MICALL1",4066,4668,4919,5224,5533,3671,5128,3789,4981,6006,3744
"KLHL30",2,3,2,10,5,4,2,5,7,6,9
"WDR47",545,609,587,595,463,609,724,471,849,882,517
"CHST8",1,0,0,0,0,0,0,0,0,0,0
"RMND5B",565,532,518,546,471,406,554,400,648,699,408
"STK25",1200,1264,1266,1241,1268,979,1268,981,1354,1377,915
"OR10H4",0,0,0,0,0,0,0,0,0,0,0
"ZCCHC9",1010,1088,972,1134,821,969,1102,878,1246,1368,960
"EFCAB1",2,4,5,3,2,3,5,4,2,1,3
"ASB9",355,386,260,383,206,300,326,311,504,456,325
"RP1-127H14.3",1,0,0,0,0,0,0,0,0,0,0
"LIPH",87,88,104,131,113,151,115,153,322,389,264
"MRPS25",3307,3469,3059,3071,2509,2602,3467,2245,3071,3620,2318
"C14orf159",34,45,66,74,97,70,69,56,119,163,73
"TRIM45",295,231,218,166,169,217,269,194,215,213,189
"C16orf72",1661,1995,1652,1925,1424,1660,1950,1261,2230,2059,1359
"LRRN2",0,1,0,1,1,0,0,0,0,0,1
"AMDHD1",5,8,9,10,5,3,8,7,5,4,6
"IRG1",0,0,0,1,0,0,0,0,0,0,0
"DYNLT1",2156,2390,2004,2379,1213,2233,2152,1899,3049,2575,1994
"ZSCAN9",427,391,402,341,248,403,415,347,376,377,342
"KCNK17",0,0,0,0,0,0,0,1,0,0,0
"BROX",5096,5879,5738,5121,4114,4959,6315,4119,5986,6725,4147
"NDUFA12",1351,1468,1225,1358,850,1409,1399,1107,1596,1480,1045
"SPATA5",774,798,888,775,591,1069,987,621,874,877,541
"TMEM52B",0,1,0,1,0,1,0,1,2,0,0
"CREBRF",275,221,235,152,149,312,233,204,264,238,171
"TOX4",2730,3320,3283,3388,2554,2675,3428,2485,3514,4261,2514
"NPM3",1789,1862,1735,1664,1476,1579,1883,1266,1815,1658,1107
"RHCG",13,18,26,24,26,30,23,24,80,198,71
"ABCF3",2493,2750,2599,2468,2330,2140,2713,1831,2697,3104,1890
"FAM155A",0,0,0,0,0,0,0,0,0,0,0
"PSG1",0,0,0,0,0,0,0,0,0,0,0
"TMEM39A",1897,1982,1737,1990,1506,1724,1913,1502,2240,2016,1471
"AL360004.1",0,0,0,0,0,0,0,0,0,0,0
"ZFP92",0,0,0,0,0,0,0,0,0,0,0
"IFNA16",0,0,0,0,0,0,0,0,0,0,0
"PIGT",2054,2341,2100,2425,2332,1775,2157,1872,2488,2380,1646
"TMEM62",577,693,527,612,400,493,644,555,696,684,512
"CCDC90B",799,921,859,909,567,868,882,796,1042,923,697
"NOP2",6936,7830,6827,8103,6219,5439,7688,5028,7945,9067,6155
"KRT72",0,0,0,0,0,0,0,0,0,0,0
"CSRNP3",3,8,7,0,0,6,4,2,0,0,3
"RP11-426L16.10",0,0,0,0,0,0,0,0,0,0,0
"USP21",875,863,910,697,729,770,841,674,743,689,528
"NKAIN4",1,1,2,0,0,1,1,0,2,0,0
"AC005544.1",0,0,0,0,0,0,0,0,0,0,0
"OR8J1",0,0,0,0,0,0,0,0,0,0,0
"GNB2L1",42612,47046,44193,50121,40092,38671,47156,36327,52049,51336,34721
"INSM2",0,1,1,3,1,4,1,0,0,1,2
"VPS25",1604,1964,1610,1753,1357,1425,2026,1395,1934,2095,1450
"HIRIP3",1908,2128,2137,2501,2181,1738,2049,1503,2281,2798,1787
"HORMAD1",0,0,1,0,0,0,0,0,0,0,0
"C6ORF165",6,11,5,3,4,10,2,3,1,8,2
"DYNC1I2",2965,3365,4019,3380,2843,3130,4229,2791,3592,4508,2755
"MRPL51",6464,7311,5227,7251,3915,5617,5902,4936,6490,5888,4488
"ST7-OT4",4,3,3,1,0,1,2,3,2,5,0
"ARCN1",6398,7126,7740,7664,6135,6257,8532,5707,8255,10240,5937
"ZNF680",626,561,546,488,389,646,500,424,597,405,320
"IL11",320,374,224,472,294,319,372,267,569,580,388
"AADAC",0,0,0,2,0,0,0,0,0,0,0
"ANKRD45",2,2,3,0,2,0,2,4,2,3,2
"CNKSR3",529,505,698,497,607,537,653,469,588,768,401
"SMIM8",125,134,125,101,108,109,133,96,114,118,80
"ILKAP",1184,1394,1042,1346,818,1003,1210,794,1305,1400,923
"ECHDC1",2739,3329,3140,3273,2148,3184,3323,2474,3750,3591,2471
"PCDHA6",3,4,0,0,0,0,0,2,2,2,4
"TNFAIP1",1689,1845,1973,2123,1950,1515,2170,1572,2682,3350,2026
"UBE4A",3179,3422,2625,3376,1964,2964,2911,2615,3667,2918,2577
"DNMT3A",460,401,561,347,485,480,586,398,339,466,287
"PLEKHO2",81,117,119,118,94,97,117,112,124,108,84
"HS3ST3B1",34,36,47,47,52,40,56,34,50,66,30
"CENPH",1376,1611,1656,1773,1426,1361,1665,1335,1620,1668,1196
"TMEM116",352,365,351,364,264,284,324,338,388,416,262
"OMP",1,0,0,0,0,1,0,0,0,0,0
"AC104809.3",1,0,0,0,0,0,0,0,0,0,0
"IL5",2,0,1,2,0,0,2,1,1,2,0
"PMF1",219,291,215,278,252,136,200,205,232,248,170
"THOC1",1383,1477,1527,1484,1013,1295,1692,1041,1460,1602,1019
"AL161645.2",0,0,0,0,0,0,0,0,0,0,0
"TMEM184A",803,1055,671,2099,1370,555,750,517,1638,1662,1100
"PLAUR",1583,1738,1323,1784,1315,1261,1753,1377,2320,2648,1913
"NR3C1",3355,4070,3782,4169,2720,3472,3924,2796,4286,4136,2787
"RP11-1167A19.2",2,3,0,2,0,0,0,2,5,1,1
"SPRTN",1570,1832,1867,1775,1464,1615,2002,1240,2061,2122,1351
"HSPD1",52230,53826,54170,57130,42561,42597,64431,35153,56156,66870,37850
"ZNF526",532,632,692,647,599,479,659,420,643,758,487
"NKG7",0,0,0,0,0,0,0,0,0,0,0
"BCAT2",570,690,717,616,624,486,709,546,620,715,402
"CTAG1A",0,0,0,0,0,0,0,0,0,0,0
"APOBEC3G",4,0,7,1,0,2,1,2,1,0,0
"PCDH9",151,207,120,163,87,151,140,114,155,120,113
"KCTD19",0,1,0,0,0,0,0,0,0,0,0
"HLA-G",3,6,1,2,1,1,6,10,4,2,1
"PITPNB",3808,4617,4523,4665,3658,4311,5241,3425,5256,5298,3487
"PLIN3",2858,3011,3143,3213,3070,2524,3346,2459,3871,4429,2674
"RP11-297N6.4",21,17,26,13,22,9,32,15,20,28,17
"MGEA5",5047,5726,6161,5653,4503,5473,6658,4876,6516,7525,5357
"OTOP1",10,3,4,6,6,6,10,5,5,24,8
"SLC2A13",307,327,349,346,322,359,384,284,366,358,225
"TMED6",18,8,8,5,0,7,11,5,11,4,5
"SDS",0,0,0,0,0,1,0,0,0,0,0
"CACNB1",966,996,960,1077,876,1031,787,898,1223,946,951
"EBF2",1,0,0,1,0,0,1,0,0,0,0
"NR1D2",541,657,661,780,581,638,739,461,842,875,575
"SYCN",0,0,0,0,0,0,0,0,0,0,0
"HYLS1",689,687,611,757,460,535,632,479,719,723,459
"PHF19",2635,2995,2477,3207,2265,2071,2595,2117,2949,2909,2080
"TLR8",0,0,0,0,0,0,0,0,0,0,0
"IKBIP",860,891,763,735,521,814,724,690,986,689,585
"ACER2",48,34,50,43,24,43,41,49,52,74,51
"RBMY1J",0,0,0,0,0,0,0,0,0,0,0
"RP11-47I22.4",39,35,30,19,28,36,32,29,43,33,22
"FGF3",0,0,0,0,0,0,0,0,0,0,0
"KCNT1",0,0,0,0,1,0,0,0,1,0,1
"METTL2B",681,702,815,717,666,700,882,571,903,959,662
"OSGIN2",2191,2464,2740,2558,2229,2497,3004,2150,3009,3075,1995
"COX6A1P2",116,165,113,141,147,124,130,139,173,180,97
"TMEM126B",1334,1500,923,1411,642,1584,1131,1085,1833,1084,1139
"PNKD",1675,1972,1778,1807,1769,1549,1773,1774,1925,1942,1541
"SLPI",1141,1213,879,1439,713,991,983,872,1738,1862,1230
"DAZAP1",7689,8951,8355,9998,9913,6575,9080,5983,8975,10474,6346
"KCNIP3",1059,1168,1235,952,1066,955,1110,895,855,848,550
"HSPE1-MOB4",0,0,0,0,0,0,0,0,0,0,0
"LRRC30",0,0,0,0,0,0,0,0,0,0,0
"RSRC1",2401,2840,2935,2649,1967,2441,2819,2263,2510,2791,2066
"NIF3L1",1486,1416,1521,1342,1106,1360,1595,1190,1538,1579,1037
"COQ10B",637,790,688,889,557,704,750,613,1083,936,714
