"","genes","diff_","t_","p_"
"1","AAMP",0.00781757500000002,-0.281028204711964,0.790442949662779
"2","AARS1",-0.0609654176666666,2.2967540752636,0.0507610324571568
"3","AARS2",-0.064396571,2.50115172285166,0.045697118115274
"4","AASDHPPT",-0.0711322616666666,2.46559706969714,0.0644105239628903
"5","AATF",-0.0150249119999999,0.683669463125794,0.523456308433792
"6","ABCB7",-0.0172408823333333,1.3289304826715,0.226065961089754
"7","ABCE1",-0.0666265743333334,2.17553185791552,0.0576713755672213
"8","ABCF1",-0.0356706850000001,0.976193457404534,0.381152356414658
"9","ABT1",-0.0164320953333333,0.293608653693903,0.782461156741777
"10","ACACA",0.0010043936666666,-0.0234536536021699,0.981932579056666
"11","ACIN1",-0.080761541,2.62070749924923,0.0398358821500506
"12","ACLY",-0.0297143516666667,1.18978502235536,0.27773787022342
"13","ACO2",-0.0149113116666666,0.73587881395997,0.480981797816923
"14","ACSL3",-0.0515532403333333,1.61916608609988,0.161916363659465
"15","ACSL4",-0.0334227149999999,1.4478540680007,0.18204826581288
"16","ACTB",0.0180847366666667,-0.409252624240405,0.69514712610439
"17","ACTG1",-0.0122389113333333,0.29896282226642,0.774446682336143
"18","ACTL6A",-0.0280409450000001,1.36181394094271,0.223491478355695
"19","ACTR10",-0.000967504000000008,0.0360057593505122,0.972110300358481
"20","ACTR1A",-0.0430039083333333,1.20574501981125,0.266161514136156
"21","ACTR2",-0.0558143703333334,1.65096949721626,0.16581728060976
"22","ACTR3",-0.02492392,0.970215616496132,0.364547546926422
"23","ACTR5",-0.0635795490000001,2.50089229746604,0.0366889591367656
"24","ACTR6",-0.0168509433333334,0.687015181366224,0.524011052874676
"25","ACTR8",-0.0373636743333333,1.2157503570138,0.258745994717166
"26","ADAR",-0.0433171413333333,1.47689582598062,0.194862808121289
"27","ADAT2",-0.0764703753333335,2.84899549005447,0.0238389613435363
"28","ADAT3",-0.020307869,0.762527216050552,0.46853089608569
"29","ADNP",0.00323145833333327,-0.127159358005221,0.901868995922722
"30","ADRM1",-0.0471805993333333,1.45133761037485,0.199286282872921
"31","ADSL",-0.0285160463333333,0.652486907030356,0.534050667930259
"32","ADSS2",0.0161639903333334,-0.527943192745591,0.61729798452057
"33","AFG3L2",-0.0425934370000001,1.63072266398529,0.13769616177961
"34","AHCTF1",0.02444495,-1.06663574992495,0.320072850122578
"35","AHCY",-0.0172563343333333,0.564101492942935,0.593551591053359
"36","AHCYL1",-0.05888774,2.11328055069403,0.0878512016200556
"37","AHR",-0.00871887766666668,0.396015273621458,0.703927646809198
"38","AIFM1",-0.0596471266666667,2.03807715547912,0.0908835184727318
"39","AK2",-0.0301588403333334,0.92050991083188,0.38806214074721
"40","AK6",-0.0780378853333334,2.66784453607971,0.0287271855821363
"41","AKIRIN2",0.0234064066666667,-1.22491145424254,0.252176231993571
"42","ALDH18A1",-0.0482968663333334,2.65987202217997,0.0266677957116725
"43","ALDOA",0.0307309523333333,-0.738447293079695,0.482991501413209
"44","ALG1",-0.0387494733333332,1.71313202757536,0.128267426307318
"45","ALG11",-0.0495798416666666,1.74016888104706,0.122702710211398
"46","ALG12",-0.0759191459999999,3.39464314293148,0.0120653023449164
"47","ALG13",-0.0420791416666667,2.5928423420107,0.0320008003051231
"48","ALG14",-0.0557033946666666,3.80366233545449,0.00764355612957628
"49","ALG2",-0.0446678786666667,5.04682497211906,0.00102713904983115
"50","ALG8",-0.0682510166666667,2.24924991357251,0.0556920951720999
"51","ALYREF",-0.0217352773333334,0.669475330459876,0.53163109667125
"52","AMBRA1",-0.063509919,2.27295726768698,0.0518022167549991
"53","AMD1",-0.0148873900000001,0.483573325788151,0.641259776836768
"54","ANAPC1",0.0234249566666667,-1.05379058115158,0.31944842568575
"55","ANAPC10",-0.021368468,0.526587416251993,0.621170035920302
"56","ANAPC11",-0.0284130136666666,1.14756250948289,0.286089166408024
"57","ANAPC13",-0.0180042233333333,0.285932256272968,0.786272091707295
"58","ANAPC15",-0.0182218356666666,0.374359551658395,0.721814833448403
"59","ANAPC2",-0.0423332926666666,1.5184325338765,0.169604106579869
"60","ANAPC4",0.00974615400000001,-0.495588036452948,0.632095647753526
"61","ANAPC5",-0.0313104479999999,1.46744609682346,0.190943806634607
"62","ANKLE2",0.0150567773333333,-0.282946228859114,0.787848466959478
"63","ANKRD11",-0.0145671533333334,0.613392166717199,0.557701593232389
"64","ANKRD17",-0.0129240266666667,0.622974329898408,0.559556622622989
"65","ANKRD49",-0.0582373266666667,3.1206058996224,0.027929419569504
"66","ANLN",-0.08610747,1.55096414642739,0.163949524666545
"67","AP1G1",-0.0169747356666666,1.2130384344688,0.265578720618897
"68","AP2M1",-0.033095506,0.942997732747494,0.372621119390137
"69","AP2S1",-0.0829203523333334,3.76401469378153,0.0072042694342885
"70","APC",-0.0228628283333333,1.2632273190133,0.251668784359681
"71","APEX2",-0.0632740673333334,3.69175806545837,0.0176485976081247
"72","AQP7",-0.0131502083333334,0.50278727250785,0.627904297851698
"73","AQR",-0.000524968000000126,0.0462577372724823,0.964128012570236
"74","ARCN1",-0.00134229466666669,0.0881143469985616,0.932758006092104
"75","ARF1",-0.0941772523333334,4.02584373736301,0.00993338475548614
"76","ARF4",-0.107281924666667,2.80898240768409,0.0408584587862009
"77","ARF6",-0.0398974856666667,1.52461733003191,0.187829569852217
"78","ARFRP1",0.00652608399999999,-0.246089751461698,0.812189829592455
"79","ARHGAP29",0.00876186866666673,-0.235527429297636,0.824875079228748
"80","ARHGEF7",-0.0552619090000001,1.89912903210875,0.112916137592869
"81","ARID1A",-0.0186961566666666,0.607651671901341,0.565900800820385
"82","ARID2",-0.026638728,0.942586537675003,0.370541401220849
"83","ARID4B",-0.0173811766666667,0.692686072575736,0.509740619698247
"84","ARIH1",-0.0725422720000001,2.24223285771639,0.054047537575775
"85","ARIH2",-0.0348018566666667,0.621616941150478,0.553794585490391
"86","ARL2",0.0218921003333334,-0.81440367900287,0.438488086035512
"87","ARMC5",-0.169031604,3.58819398907536,0.00679211304080277
"88","ARNT",-0.0232988199999999,0.734470553318274,0.494768824459824
"89","ARPC3",-0.0778728106666666,2.41970803374537,0.0659749686646903
"90","ARPC4",-0.0503559133333333,1.30386799949774,0.24140206380151
"91","ASCC3",-0.0550170376666667,2.38120242669523,0.0522927905508252
"92","ASCL1",-0.0295244603333333,1.17673657569292,0.27021713872666
"93","ASNS",-0.038541246,1.06759696542376,0.341101948665606
"94","ASPM",-0.0196709116666667,0.276783108703976,0.790510712548346
"95","ATF4",-0.0240071493333333,1.02832346671118,0.346297759766917
"96","ATG9A",-0.0944694083333334,3.1340640077174,0.0131708144476932
"97","ATIC",-0.0385104856666667,0.822689613138727,0.435770635944027
"98","ATL2",-0.0178996826666666,0.738480106951273,0.484550626879427
"99","ATMIN",-0.0699033263333333,3.13671983449151,0.0119933404009266
"100","ATP1A1",-0.133813818,2.39990538649961,0.0422786908576279
"101","ATP1B3",-0.0103124113333334,0.435739748067688,0.675067698375088
"102","ATP2A2",-0.0307539993333332,0.64705775580229,0.535000131375526
"103","ATP2B1",0.00165814266666664,-0.0510729710641809,0.960658206066978
"104","ATP2C1",-0.0476843516666666,1.15565851048821,0.300191998490438
"105","ATP5F1A",-0.028699664,0.844164187324354,0.429422995341742
"106","ATP5F1B",-0.006051115,0.220355786577346,0.832058443072028
"107","ATP5F1C",0.00261720466666659,-0.0943924929810945,0.928230913139294
"108","ATP5F1D",-0.0277945103333334,0.76457799027455,0.477008547363576
"109","ATP5F1E",9.34596666666287e-05,-0.00453123663728067,0.996495097988718
"110","ATP5ME",-0.0335363836666667,0.877159607674406,0.419946442335594
"111","ATP5MF",-0.02972935,1.0216184221164,0.342485301232968
"112","ATP5MG",-0.0298446753333333,0.908388436951728,0.399084737157562
"113","ATP5PB",-0.0544448996666667,1.5293260011867,0.17917067197094
"114","ATP5PO",-0.03463803,1.07149967070653,0.321507026978815
"115","ATP6AP1",-0.0883336376666667,2.96075031449355,0.0173495499346675
"116","ATP6AP2",-0.0575955483333334,2.10226167616497,0.0655271825182231
"117","ATP6V0B",-0.0642068083333333,2.37454427181326,0.0431008118797698
"118","ATP6V0C",0.031123512,-0.988077990481405,0.350982225017001
"119","ATP6V0D1",-0.0753525013333333,2.46256627969878,0.036008358834049
"120","ATP6V0E1",-0.077670582,4.31524740208,0.00256109618017457
"121","ATP6V1A",0.00445708233333331,-0.167427427354416,0.87185541977717
"122","ATP6V1B2",-0.0253342166666667,0.975636272782452,0.35912121995179
"123","ATP6V1C1",-0.0596577293333334,2.56414704324995,0.038522727619721
"124","ATP6V1D",-0.0860870819999999,4.04072596213837,0.0044108578095982
"125","ATP6V1E1",-0.0566073703333333,2.2091442309757,0.0557085453921421
"126","ATP6V1F",-0.0740090449999999,2.45967052895135,0.0418884331055239
"127","ATP6V1G1",-0.041323756,2.46719578220674,0.0435958434294503
"128","ATP6V1H",-0.0567269063333333,2.62135725726527,0.02848170926264
"129","ATR",-0.0105452813333333,0.653419946379792,0.541384594894066
"130","ATRIP",-0.02570942,1.64562921936184,0.144978958744539
"131","ATXN7L3",-0.0306208783333334,1.52721783849861,0.162558542757656
"132","AURKA",-0.0186879226666667,0.687031121212807,0.518982159260859
"133","AURKB",-0.0373351466666667,0.786971394465636,0.451525213988713
"134","BANF1",-0.00793731833333328,0.375253083934367,0.716774191784733
"135","BANP",-0.0145346326666667,0.771971028685665,0.468210253633496
"136","BAP1",-0.07313545,2.26575679242063,0.0593275019206383
"137","BARD1",-0.0181227970000001,1.12999217494494,0.288870955446275
"138","BCAR1",-0.0183077329999999,0.542114877543298,0.600961785904226
"139","BCAS2",0.000380442333333342,-0.0219110295216089,0.983091661456336
"140","BCL2L1",-0.043449218,1.66534585361113,0.147132912867969
"141","BCL6",-0.050122966,1.84259592682708,0.116690182482405
"142","BCL9",0.059420852,-1.84803687818684,0.107249400784391
"143","BCLAF1",-0.0299169343333333,1.19919261075567,0.294917409042783
"144","BCS1L",-0.0497873306666666,1.53784826051589,0.180056329598963
"145","BDP1",-0.0673834266666667,2.33687278693478,0.072827101626053
"146","BET1",-0.0120234996666666,0.482537418806649,0.643416276948822
"147","BIRC2",-0.036907416,2.25275444053806,0.0699801324252179
"148","BIRC5",-0.0449736203333333,0.946839045558875,0.372312809027895
"149","BIRC6",-0.0332486113333333,1.2735233097271,0.234786836361067
"150","BMPR1A",-0.0337674226666668,1.73112150204358,0.117840932434443
"151","BMS1",0.010357458,-0.393190273102529,0.710532854020312
"152","BNIP1",0.008357383,-0.238880522800676,0.818249905973929
"153","BOP1",0.00876083366666669,-0.519376604940083,0.621890357014933
"154","BORA",-0.0268864059999999,0.643702828334739,0.53587219902405
"155","BPTF",-0.00319848699999992,0.186668021037906,0.856586948147766
"156","BRAF",-0.0219518246666667,0.853694612265793,0.416614796175566
"157","BRAP",-0.0265399336666666,1.28295464667378,0.246623512016488
"158","BRAT1",-0.00211451900000004,0.0686606252411916,0.948240288620779
"159","BRCA1",-0.0246067326666666,1.01310210761651,0.347040997085454
"160","BRCA2",-0.0772400123333333,2.74500369356436,0.0431761927128365
"161","BRD2",-0.0407857189999999,2.18795662615069,0.0603767368660794
"162","BRD4",-0.017108792,0.829666732692252,0.428290922154994
"163","BRF1",-0.00525076466666674,0.208134143294801,0.843401647159722
"164","BRF2",0.00975515633333335,-0.597641760416934,0.56978775582339
"165","BRIP1",-0.00273468633333329,0.0749180202760758,0.941923317861607
"166","BRIX1",-0.012239059,0.419630620005051,0.691237680049171
"167","BRK1",-0.0324814729999999,1.61775757582505,0.154520043719862
"168","BRPF1",-0.0136203426666667,0.591142179995954,0.569494107516361
"169","BTAF1",-0.0479353843333333,0.934328374687857,0.391985217946228
"170","BTF3",-0.0208167276666666,0.637738129263256,0.549538748641121
"171","BUB1B",0.00267561533333338,-0.0766920046357726,0.940603741043988
"172","BUB3",0.0176054163333333,-0.763815560189363,0.474477765064165
"173","BUD13",-0.0607597163333333,1.28641178665265,0.244922186245399
"174","BUD23",-0.0193674796666667,0.864827595272043,0.40963245542809
"175","BUD31",0.0077170113333333,-0.439703533710452,0.67303723807095
"176","BYSL",-0.028092694,1.02716870649866,0.337163352294835
"177","C1D",0.00982148299999996,-0.238892726560518,0.818805336530567
"178","C1QBP",-0.0796888396666667,3.08611820340853,0.0154809954250445
"179","C3orf38",-0.0107109896666666,0.333176046158894,0.751824365037627
"180","CAB39",-0.029905638,1.56256854191404,0.174188358668513
"181","CACTIN",-0.0165721666666667,0.428039128865299,0.678943557190232
"182","CAD",-0.0391268586666667,2.25131690368497,0.052314671719352
"183","CAMLG",-0.0515355373333333,1.65500160042293,0.134691123582536
"184","CAND1",-0.101424375333333,2.05377800090852,0.0930465869235532
"185","CAP1",-0.041471642,2.43982761423293,0.0489865086623911
"186","CAPRIN1",-0.025339166,1.0540273381188,0.328984244709634
"187","CAPZB",-0.081173611,3.58515736012335,0.00627166538633106
"188","CARM1",-0.0324479273333333,2.22438199247131,0.0582801073746486
"189","CARS1",0.00236945766666674,-0.0917661972309069,0.929691345476486
"190","CARS2",-0.0495138286666666,0.901477507147218,0.391378940513441
"191","CASC3",-0.0560506393333333,1.81560864548225,0.120056520761747
"192","CBFB",-0.0680170603333333,1.42811826484941,0.202170111556042
"193","CBLL1",-0.0337725663333334,1.97114841644669,0.083093378436972
"194","CCAR1",-0.0604086300000001,1.66987843328511,0.151270444714925
"195","CCDC115",-0.026116579,1.67509101790461,0.128537434460479
"196","CCDC22",-0.0251254283333333,1.23659431295625,0.247555035703814
"197","CCDC51",0.0252298283333332,-0.724117562809351,0.490033011367295
"198","CCDC6",-0.0411818116666667,3.34193261574156,0.00863943174683551
"199","CCL4",0.0787845706666667,-2.01477506168963,0.0847765726730275
"200","CCNA2",-0.05595315,2.13526400377371,0.0845358318712643
"201","CCNB1",-0.152864025666667,4.7720103537722,0.00474194458795006
"202","CCNC",0.0193154360000001,-0.503764387084209,0.627355471630476
"203","CCND1",-0.125312508,2.67376527101098,0.0450927658432574
"204","CCND2",-0.0581176403333333,3.53412253740057,0.0106148875099148
"205","CCND3",-0.049027267,1.86789179454861,0.0988783526267159
"206","CCNE1",-0.0339645953333334,0.986219125085289,0.356727853566448
"207","CCNF",-0.0346703563333334,0.600553721515061,0.563201101165826
"208","CCNH",0.0202463383333333,-0.745665494515772,0.488844688406889
"209","CCNK",0.012456859,-0.454467227484728,0.660619541954671
"210","CCNL1",-0.0184305263333334,0.547091914284363,0.598753597547542
"211","CCT2",-0.00383769066666662,0.140578969167106,0.892321237037157
"212","CCT3",0.0221764693333333,-1.0724646412637,0.316497727606489
"213","CCT4",0.0383911353333334,-1.62081711985571,0.145344443357332
"214","CCT5",0.0203001913333334,-1.16668010300258,0.277608889507499
"215","CCT6A",-0.0166914043333333,0.845093874394846,0.425662473433049
"216","CCT7",-0.031054057,0.948045521996302,0.377012123631327
"217","CCT8",0.0012995343333333,-0.0853203660851796,0.934953015448532
"218","CD2BP2",-0.135922030666667,2.73868100111517,0.0492787340226149
"219","CDAN1",-0.0785564886666666,1.47211359636784,0.176753060842396
"220","CDC123",0.011123776,-0.376479250412092,0.715508093585094
"221","CDC16",0.038243879,-2.02367496259563,0.100508543783146
"222","CDC20",0.00822976633333333,-0.216433418454968,0.834177612352103
"223","CDC23",0.019565818,-0.721711710910601,0.488800193998267
"224","CDC25B",-0.100912556333333,4.44311319814191,0.00199221261776436
"225","CDC26",0.0204419676666667,-0.393983049534654,0.702873085656391
"226","CDC27",0.0117781643333333,-0.51222824555018,0.624491441821224
"227","CDC37",-0.000199953666666697,0.00836510264461164,0.993550200228255
"228","CDC40",-0.0250000856666667,0.55107000659485,0.595929000712203
"229","CDC42",-0.0176600113333333,0.840091450165545,0.422676384572083
"230","CDC45",0.0214402366666667,-0.576353328218135,0.581581675011031
"231","CDC5L",-0.00911245566666663,0.606559465720124,0.55977831521993
"232","CDC6",-0.0173676886666667,1.54025164725917,0.159407340855548
"233","CDC7",0.059034021,-2.1999104758456,0.0581719522507275
"234","CDC73",0.0106041116666666,-0.391730394192039,0.707543478503231
"235","CDCA3",-0.036910531,1.1535800818976,0.281860273509307
"236","CDCA5",-0.0108557383333333,0.311704183871161,0.763997495242024
"237","CDCA8",-0.0148157163333333,0.416341228281349,0.686921886226651
"238","CDH1",-0.0481436803333333,3.1385519930538,0.0154749116405021
"239","CDH2",-0.0115565553333333,1.01553318341106,0.338537354876153
"240","CDIN1",-0.0533975013333333,1.08483195054554,0.31690504958822
"241","CDIPT",-0.0134313403333333,0.508032771192709,0.62642699821948
"242","CDK1",-0.0487002673333333,1.75530089253524,0.113122818313348
"243","CDK12",-0.0458594773333333,3.35757111518219,0.008519604763135
"244","CDK13",-0.0485122,2.33807907900904,0.0615290383005378
"245","CDK2",-0.0668339699999999,2.88962700013649,0.028209188825706
"246","CDK4",-0.0503047656666666,2.30903553075798,0.061021036398319
"247","CDK6",-0.0392934619999999,1.86076615830169,0.128633311520284
"248","CDK7",0.010196416,-0.722946039509536,0.494669591257961
"249","CDK8",-0.0550955463333332,1.18502841043857,0.267621875419668
"250","CDK9",0.00630621666666675,-0.342852846149065,0.744665728906446
"251","CDKN1A",-0.0402360323333333,1.87628868338683,0.119613815799966
"252","CDS2",-0.0379771249999999,1.8179961898103,0.107517989394064
"253","CDT1",0.0102748663333333,-0.352983211200192,0.732752089517047
"254","CEBPZ",-0.0121635546666667,0.616839261131818,0.556807591692894
"255","CENATAC",0.0158014633333333,-0.618674710565388,0.556497908422708
"256","CENPA",-0.0456706339999999,1.69266250441911,0.153195586848082
"257","CENPC",-0.0345006050000001,2.70207752106722,0.0302328529033337
"258","CENPE",-0.0752381059999999,2.44893497846231,0.0573079671187042
"259","CENPH",-0.0303445130000001,0.722403680977326,0.499575897409244
"260","CENPI",-0.0264608973333333,0.692865022411285,0.514439612256085
"261","CENPK",-0.00979579499999994,0.575160065841272,0.580434141687725
"262","CENPM",-0.00366348999999999,0.100707874978682,0.921990663648787
"263","CENPN",-0.0512133383333333,2.33736874334465,0.0491083885660463
"264","CENPO",-0.0366144486666666,1.10850950283262,0.315639625163531
"265","CENPP",-0.0225514793333333,0.484232042720934,0.642114754673158
"266","CENPT",-0.0146326023333333,0.673626930483417,0.517491769821343
"267","CENPW",-0.00759865500000001,0.231089417050593,0.823130882300787
"268","CEP192",-0.0271064466666666,0.81297297515388,0.445002865960132
"269","CEP43",-0.0550335406666667,1.22679408392743,0.251913559493064
"270","CEP55",-0.0351183076666667,0.454275609534199,0.662538231950437
"271","CEP85",-0.054176194,1.4304576597322,0.189391548953676
"272","CEPT1",-0.0293008606666667,1.4161430922523,0.196816467606199
"273","CERS2",-0.0517478353333333,1.89796935891783,0.0902426787484168
"274","CFAP20",-0.0189834263333333,0.61091264841901,0.559571483986031
"275","CFAP298",-0.031902304,0.920254809651609,0.397216683382057
"276","CFL1",-0.102492046666667,4.90738735125101,0.000970030273609222
"277","CFLAR",-0.0353857796666667,1.41452926801645,0.200089141748277
"278","CHAF1A",-0.014769633,0.80783598335104,0.441040314262734
"279","CHAF1B",0.013927849,-0.835576418719701,0.427886210751707
"280","CHCHD4",0.00565232766666679,-0.227228213020062,0.825407362754821
"281","CHD1",-0.0132082516666666,0.313745494245037,0.764703782658705
"282","CHD4",-0.00568643199999996,0.266855719864737,0.799742104648529
"283","CHD7",-0.0892074123333333,3.65597291774072,0.0137251857991181
"284","CHD8",-0.0258179233333333,0.986247576569818,0.356027061590612
"285","CHEK1",0.000963072000000009,-0.0533951596211271,0.958615417751118
"286","CHERP",-0.0354583066666667,0.773494421474393,0.474536204217826
"287","CHKA",-0.00656303033333339,0.351796340465643,0.733331771048995
"288","CHMP2A",0.0156182393333333,-0.622695421165656,0.551784609402301
"289","CHMP3",-0.0840465683333333,3.35578618311959,0.0109362462041323
"290","CHMP4B",0.056457494,-3.23153678844451,0.0128287562929136
"291","CHMP5",-0.047375012,1.40293655871926,0.22161033137072
"292","CHMP6",-0.0244226633333333,0.969355013240345,0.374403737760042
"293","CHMP7",-0.0610558490000001,3.04552409448907,0.0139698921499495
"294","CHORDC1",-0.000450671666666569,0.0215615738838603,0.983269808737784
"295","CHP1",-0.0404342556666666,1.9257181535814,0.0980631227901032
"296","CHTF18",-0.0284479599999999,0.573700377099892,0.582726317095852
"297","CHTF8",0.0289719396666667,-0.567753575051587,0.592830004748947
"298","CIAO1",0.00928300366666668,-0.244661878408222,0.812818424241262
"299","CIAO2A",-0.0540101589999999,2.04409395178606,0.0922031518404641
"300","CIAO2B",0.0111322516666666,-0.560532434958931,0.590185620382153
"301","CIAO3",-0.0301146986666667,1.11421083083711,0.296299939777234
"302","CIAPIN1",-0.00923138466666673,0.308685494022497,0.764693322771731
"303","CINP",-0.0243619533333334,0.518391312693768,0.623330973012046
"304","CIT",0.0060204273333333,-0.424620556623821,0.681084492540935
"305","CKAP5",-0.0067528163333333,0.244976266217674,0.813613846608862
"306","CKS1B",-0.03383145,0.623929605839384,0.551706780590488
"307","CLASRP",-0.0131568443333333,0.341040467759023,0.744933021054725
"308","CLNS1A",0.00554436233333344,-0.36164397582766,0.725963028609484
"309","CLP1",-0.00183965199999997,0.125950535945962,0.903824881966576
"310","CLPB",-0.0573461550000001,1.9048758235207,0.120051228645437
"311","CLSPN",-0.00325213766666677,0.0996855210692771,0.923040657396226
"312","CLTC",-0.053373991,1.64024479929752,0.139047414908307
"313","CMIP",0.00230475500000005,-0.0661134022100523,0.950241888779907
"314","CMPK1",-0.0260347566666667,0.81841654038935,0.435103381587952
"315","CMTR1",0.01679388,-0.378773790061964,0.718622739103814
"316","CNIH4",0.017306025,-1.07070401558449,0.314127148130323
"317","CNOT1",-0.0467925466666667,1.85771016400813,0.127506629900924
"318","CNOT11",-0.124990471,2.38531492447912,0.0560339620690083
"319","CNOT2",0.00854695366666658,-0.408662384597308,0.692720386861629
"320","CNOT3",-0.0054903753333333,0.192895911099006,0.851772639792385
"321","CNOT4",-0.0189166913333333,1.12533277963276,0.292089631814437
"322","CNOT9",-0.0274776069999999,1.74617975809537,0.121246815580678
"323","COA3",-0.0172802746666667,0.842524840754511,0.42262484003531
"324","COA5",-0.0222120763333333,1.20703459147182,0.269735023826205
"325","COA6",-0.0151940813333333,0.683622569795881,0.519153094059596
"326","COASY",-0.0402598763333334,1.62099878195121,0.141014090430025
"327","COG1",-0.016541351,0.608815946774598,0.564278712944812
"328","COG2",-0.04796866,1.63889040758218,0.144182302282154
"329","COG3",-0.0605729283333334,2.80233751160044,0.0245115482377903
"330","COG5",-0.0124600606666666,0.513444220804623,0.622531961491197
"331","COG7",-0.00211534999999996,0.11172848921397,0.913607618458189
"332","COG8",-0.0604068390000001,2.37021899844711,0.0558137369679584
"333","COP1",-0.04215757,1.97238703434416,0.0888654571515087
"334","COPA",0.052513671,-1.9661470428462,0.0817057311781803
"335","COPB1",0.00680285066666669,-0.237717403068254,0.82054026554562
"336","COPB2",0.0237954663333333,-1.27058202547815,0.241910475106693
"337","COPE",-0.0281419706666667,1.14017672033716,0.304806528540395
"338","COPG1",-0.069513366,2.04013947048112,0.0764984041600437
"339","COPS2",0.00293838133333335,-0.224545528073628,0.829796491904764
"340","COPS3",-0.0216183553333334,0.66034944687034,0.529596991181729
"341","COPS4",0.00988045133333337,-0.385122549172504,0.709339381630944
"342","COPS5",-0.0212527179999999,1.65139351194735,0.138921477604035
"343","COPS6",-0.00147291900000002,0.0645887913756195,0.950123071009135
"344","COPS8",-0.00226080900000003,0.0866393516267752,0.934532771120252
"345","COPZ1",-0.00539634666666666,0.234543020075624,0.820116084458463
"346","COQ2",-0.0219046030000001,1.19233056954231,0.263783786439287
"347","COQ4",-0.0117996423333333,0.522982350824018,0.61473671483836
"348","COQ7",-0.0228165026666667,1.32721627952219,0.224180841498061
"349","COX10",-0.0157388599999999,0.826019432999437,0.438983924422379
"350","COX11",-0.0353773003333333,1.26237744128622,0.258784975405783
"351","COX15",-0.029478106,1.29027657037545,0.231808757302657
"352","COX17",-0.0150946066666666,0.923822803852848,0.384085453136137
"353","COX18",-0.0499128746666666,1.86494584471823,0.111761189921372
"354","COX19",-0.0201937763333334,1.11586297410315,0.310935373358024
"355","COX4I1",-0.0177826346666667,0.913755255997525,0.399859714060081
"356","COX5A",-0.0151405296666667,0.806135605279555,0.444453427285054
"357","COX5B",-0.00915286066666676,0.402672564492676,0.699655977641727
"358","COX6A1",-0.0229022053333334,1.04027622733699,0.33874980542283
"359","COX6B1",0.00212851033333328,-0.144471159659875,0.890020572610161
"360","COX6C",-0.00642862033333336,0.301924517174916,0.769944540374246
"361","COX7B",-0.00279159966666664,0.161283545950011,0.875621942063329
"362","COX7C",-0.0275343546666666,0.729193067230824,0.484513214227903
"363","CPOX",-0.0132026319999999,1.12164633944596,0.294621491469941
"364","CPSF1",-0.013070103,0.40197116109662,0.705441506821313
"365","CPSF2",-0.00736765033333331,0.354882364008027,0.732516781917606
"366","CPSF3",-0.0117390813333333,0.531416976128774,0.612456798458715
"367","CPSF4",-0.00830922400000011,0.291839359419656,0.778016795377845
"368","CPSF6",-0.0320461453333334,1.03572145316352,0.330839763140806
"369","CRAMP1",0.002839272,-0.16285214675906,0.87424629747685
"370","CRCP",-0.0103491076666666,0.559151778076276,0.59620226974294
"371","CREBBP",-0.043541178,2.02124349472436,0.0854263819698037
"372","CRK",-0.0266402973333334,0.849343306949623,0.422919836874298
"373","CRKL",0.00500513766666666,-0.160874544445643,0.876136622235161
"374","CRLS1",-0.0476537813333333,1.90180729080351,0.0905389523259677
"375","CRNKL1",0.014283532,-0.67741235899736,0.518049815626515
"376","CRTC3",-0.0758004106666668,3.02851199576133,0.0253134447173957
"377","CSDE1",0.0220200533333333,-1.17169126362036,0.2853832779549
"378","CSE1L",0.0246993366666667,-0.621637837120173,0.551748478158677
"379","CSH2",-0.0221089656666666,0.989168997348426,0.348433790764122
"380","CSK",-0.0530435303333333,2.6104180314116,0.0434875970013545
"381","CSNK1A1",-0.0403498666666667,1.4164130652031,0.215340910652306
"382","CSNK2A1",-0.0967301473333333,2.29004064554286,0.0755680323461204
"383","CSNK2B",-0.0156587746666667,1.34714769065667,0.212515313340234
"384","CSTF1",-0.0360869653333334,1.40499327940546,0.195145437936246
"385","CSTF2",-0.189400718,3.12310374312699,0.0297473422556211
"386","CSTF3",-0.037832277,2.44247364885407,0.0496198892159907
"387","CTC1",-0.0432868166666667,1.10053029754878,0.300683383877291
"388","CTCF",-0.0328027083333334,0.916598124188583,0.384789362816836
"389","CTDNEP1",-0.040757937,1.592149506497,0.152592982015902
"390","CTDP1",0.082005427,-1.92034722602765,0.125876653710365
"391","CTDSPL2",-0.0274698366666666,1.34923927002371,0.222817251503258
"392","CTNNA1",-0.091558123,3.24320226128772,0.0183455219215206
"393","CTNNB1",-0.0526227433333333,3.0077873715883,0.0243090065535658
"394","CTNNBL1",-0.069658875,1.30970842810453,0.247483720771644
"395","CTPS1",-0.0512386546666667,1.61451344256963,0.152813569703858
"396","CTR9",-0.0258768943333333,1.42826391835953,0.196829479140799
"397","CTU1",-0.0128560343333334,0.478468944779782,0.649934700054968
"398","CTU2",-0.00331667699999993,0.083006548446621,0.937386871009523
"399","CUL1",-0.0602269616666667,1.94009734581665,0.0993972066545993
"400","CUL2",-0.04212654,1.09792756108304,0.328489999714959
"401","CUL3",-0.0347970283333333,1.11598981209689,0.307027970581837
"402","CWC22",-0.00368291266666665,0.277462093753145,0.790933261074746
"403","CWF19L2",-0.0314684953333334,1.08448693868768,0.322634069863476
"404","CXXC1",-0.069874587,3.16559250404768,0.0118139672997368
"405","CYB5B",-0.0266279873333333,1.29209245338562,0.228701038274964
"406","CYB5R4",-0.0336191296666667,1.45745009494682,0.17922587930257
"407","CYC1",-0.00976716166666669,0.511150958644518,0.621854685543906
"408","CYCS",0.00560216966666671,-0.211847880786119,0.837224684403029
"409","DAD1",-0.030850848,2.53262206119301,0.0349680345048083
"410","DAP3",-0.0460091603333334,3.13025946487719,0.0211036860066189
"411","DARS1",0.0470940409999999,-1.27022078167689,0.249802009479058
"412","DARS2",-0.0180027483333333,0.645593453213901,0.536856532484132
"413","DAXX",-0.0430627883333333,2.09982122187673,0.0910632439434501
"414","DAZAP1",-0.0456230436666667,1.34975514433379,0.239363476152382
"415","DBF4",-0.0789359443333334,3.53013340737695,0.00649378254856127
"416","DBR1",-0.0646969433333333,1.92463651332619,0.0876316008496083
"417","DCAF15",-0.0337639809999999,1.90344555385288,0.115924095977401
"418","DCLRE1B",-0.0203686133333334,0.817520116027268,0.436982508288842
"419","DCP2",-0.0271574223333334,2.89918838108448,0.0190027375469177
"420","DCPS",0.0187993076666667,-0.65054829726136,0.532930628395008
"421","DCTN2",-0.0144632406666667,0.3906715724545,0.705370077088182
"422","DCTN3",-0.0234034733333334,0.682706995725869,0.512933263679444
"423","DCTN5",0.0328530856666667,-1.83845432536385,0.102096795745077
"424","DCTN6",0.0168270046666666,-0.708465664057886,0.496697058660092
"425","DDB1",0.021314603,-1.43795060036379,0.198413047750924
"426","DDI2",-0.0325368303333333,1.13281882507512,0.318617415793981
"427","DDOST",-0.0329899726666667,1.3199366079776,0.240758456917124
"428","DDX10",-0.0141460953333333,0.73213319832903,0.49064602254515
"429","DDX11",-0.073153966,1.74138176733158,0.127917115615553
"430","DDX18",-0.0105188626666667,0.535096895971861,0.606766546165744
"431","DDX19A",-0.00831948599999999,0.331027170824881,0.750397624048296
"432","DDX20",-0.0452940913333333,1.6664184967016,0.135187405505239
"433","DDX21",0.00932838466666674,-0.392769062418625,0.707261269097398
"434","DDX23",-0.0206366476666667,0.587425623954203,0.57619249440149
"435","DDX27",-0.0237884216666667,1.16916442568085,0.293597779379186
"436","DDX28",0.00352343599999994,-0.219761947665321,0.831952342364019
"437","DDX39B",-0.0389702266666666,2.18507645799262,0.0638147722452605
"438","DDX3X",-0.0249202296666667,0.78230324361105,0.462288536623934
"439","DDX41",-0.0517455926666667,2.28892528776067,0.0649617189299101
"440","DDX42",-0.036248624,1.57269673250383,0.165350223878353
"441","DDX47",0.00711521100000001,-0.386685572317788,0.710838516816969
"442","DDX49",-0.00617824233333331,0.278968135930486,0.787423388869548
"443","DDX5",-0.0555848693333333,2.17499612459442,0.0582762114682589
"444","DDX51",-0.0474643576666666,1.83166233292861,0.12449866584385
"445","DDX52",-0.0275146023333332,1.29634406370327,0.244900515873294
"446","DDX54",0.0400513766666667,-1.68668307579593,0.126112473676018
"447","DDX56",0.003324944,-0.230770355862807,0.82366783926143
"448","DDX6",0.0519635226666667,-1.20371621261262,0.265657690481177
"449","DENR",-0.046636334,1.48702185406483,0.171213664286282
"450","DERL2",0.02596505,-1.14854400161511,0.286812990600358
"451","DET1",0.0127893100000001,-0.479720605952655,0.655850157021548
"452","DHDDS",0.0389384106666667,-1.17993722955921,0.287865844753086
"453","DHFR",0.0292923573333334,-1.13390928311286,0.286475548755496
"454","DHODH",-0.0349057700000001,1.06031668531414,0.32716226036485
"455","DHPS",-0.0423073066666667,1.98298626706821,0.0820089867476552
"456","DHX15",0.0127945046666668,-0.816893149349255,0.438525367622946
"457","DHX16",-0.0177455883333333,1.23158783138414,0.256464003145533
"458","DHX29",-0.0433721673333334,1.55999522891774,0.160333803608836
"459","DHX30",-0.0395174033333333,1.38046392216617,0.218586618723429
"460","DHX33",-0.0304713806666667,1.15297989974412,0.284262946228505
"461","DHX35",-0.0581556606666667,1.14789985316317,0.283294790598837
"462","DHX36",-0.0415780813333333,1.79295952975139,0.112195232078881
"463","DHX37",0.0363236770000001,-1.4889827604578,0.170999497922814
"464","DHX8",-0.00901777999999998,0.448094237596765,0.671736932045033
"465","DHX9",-0.0442683146666667,2.67918631586445,0.0300185519690467
"466","DICER1",-0.0172292343333333,0.475260813933766,0.653694231164722
"467","DIDO1",-0.00963267099999998,0.379337888470205,0.715776681569777
"468","DIS3",-0.0347121133333335,1.62331906332003,0.156294662107378
"469","DKC1",-0.0237321039999999,1.06526736188765,0.323014233822847
"470","DLD",-0.0349248316666667,1.2860105140354,0.231016349676246
"471","DLG5",-0.0279262636666666,1.33128953647974,0.219700758881905
"472","DLST",-0.0675207596666666,1.9625790203792,0.0911441826961423
"473","DMAP1",-0.0226727846666667,1.03743545197957,0.333178679930074
"474","DNAAF10",-0.0203778886666667,0.6926933401965,0.517919233249582
"475","DNAAF5",-0.0549472630000001,2.13772705687655,0.0622982872657305
"476","DNAJA1",-0.0713013386666667,2.18465228572918,0.0595429120134953
"477","DNAJA3",-0.0103505613333333,0.321391768948471,0.7593035671935
"478","DNAJC11",-0.060069982,1.47018974595335,0.191980176902148
"479","DNAJC13",-0.00520953466666663,0.227471173405348,0.827141979332608
"480","DNAJC17",-0.000871154999999901,0.0356101920482486,0.972390071140306
"481","DNAJC19",-0.0880619839999999,4.04671979385424,0.00702768052138216
"482","DNAJC2",-0.054152832,1.4666921393359,0.190228446801093
"483","DNAJC21",-0.00913844666666663,0.168426009873801,0.8724721951517
"484","DNAJC9",-0.0246917396666667,0.591247188615128,0.569899076135562
"485","DNLZ",-0.0395230986666667,1.57548523943458,0.157183934359102
"486","DNM1L",-0.12158112,4.92530500366568,0.00426911705970452
"487","DNM2",-0.0737165076666666,3.30130393798674,0.0112505829194477
"488","DOCK5",-0.077141524,2.4982992764971,0.0604496018434644
"489","DOHH",-0.0485945473333333,1.92746546901696,0.111092430736282
"490","DOLK",-0.0477337563333333,1.67074984692812,0.142834500432218
"491","DOLPP1",-0.0609734806666666,2.58579996426397,0.0390569209252598
"492","DONSON",-0.026117123,0.820329592259964,0.443590165198034
"493","DOT1L",0.019218741,-0.487753131519418,0.642187848837187
"494","DPAGT1",-0.0507636566666666,2.44136455215692,0.0374508107792518
"495","DPF2",-0.0811158363333333,2.61429843975901,0.0354753249398769
"496","DPH1",0.000102316999999963,-0.0032875405728709,0.997504094756352
"497","DPH2",-0.0322626033333333,1.28153345693649,0.25710795446105
"498","DPH3",-0.00807922466666666,0.300223434763925,0.774774362219632
"499","DPH5",-0.00308795666666672,0.0885398693632023,0.932752702533256
"500","DPH6",-0.0286658506666667,0.85352162103117,0.423361687314436
"501","DPM1",-0.0700865393333333,2.26328224393827,0.059315139793712
"502","DPM2",-0.0476485076666666,2.46863370341801,0.0434165349092958
"503","DPY19L2",-0.0381932923333334,1.72558323461134,0.130662354950915
"504","DPY30",0.0132864086666666,-0.547769990118047,0.597759940400255
"505","DR1",-0.006865287,0.232560615260517,0.825555784199028
"506","DRAP1",-0.0337784449999999,1.12146771711112,0.299142581315099
"507","DSCC1",-0.0186158183333333,0.512376311520618,0.620804731104214
"508","DSN1",-0.0515736496666666,1.89655392169275,0.0905327298118843
"509","DTL",0.0124198543333333,-0.470214109378842,0.653147701863759
"510","DTYMK",-0.0339540606666666,1.62434785801643,0.138816616668095
"511","DUSP4",-0.0659179049999999,2.67745981314362,0.0315816373184135
"512","DUT",-0.122548992333333,2.44787973087194,0.0368852179162712
"513","DYNC1H1",-0.00977365733333335,0.35123725256747,0.733772819549655
"514","DYNC1I2",-0.0389672350000001,1.61992262861116,0.141043278998424
"515","DYNLL1",-0.0241704613333333,0.52635993543168,0.613425909466419
"516","DYNLRB1",0.0392346886666667,-1.22057899799755,0.253609900197527
"517","DYRK1A",-0.0224732523333333,1.15421164883502,0.297248946810141
"518","E2F1",-0.0508701750000001,1.99565827021099,0.114736102291167
"519","E2F3",-0.0436879023333333,1.94845337515498,0.109078292669129
"520","E4F1",-0.0602664526666666,2.22064142186722,0.0544330516046034
"521","EAF1",0.00600990533333334,-0.138222512029844,0.895590939774894
"522","EAPP",-0.0363079973333333,0.666433707839147,0.538081190112006
"523","EARS2",-0.0308842300000001,1.62674201225237,0.166538941568796
"524","EBNA1BP2",-0.0101042866666666,0.350555374505402,0.739597882489439
"525","ECD",0.0652062186666666,-2.38486592088333,0.0446764765471798
"526","ECT2",-0.04920468,0.974659360124491,0.355323746234031
"527","EDF1",-0.07876891,3.24467207834115,0.0129715327174472
"528","EED",-0.0461742983333333,0.967091583910149,0.378076442439868
"529","EEF1A1",-0.000599772333333304,0.0390653914119696,0.969725181964786
"530","EEF1B2",-0.0777877539999999,1.84080605450253,0.121939724325694
"531","EEF1G",-0.0118800516666666,0.425360124378362,0.680571806738655
"532","EEF2",0.0517151163333333,-1.60176680593355,0.144512531068383
"533","EEF2KMT",-0.00568607666666665,0.16620951794663,0.871695417116216
"534","EEFSEC",-0.0621672443333333,1.56017003570937,0.158038269067505
"535","EFL1",-0.0163854496666667,0.568678172059009,0.583583490086571
"536","EFR3A",-0.0937273786666666,1.59866018632982,0.144566457412238
"537","EFTUD2",-0.00940016833333335,0.26823355514117,0.800351391581102
"538","EGFR",-0.122338796,3.05202379144345,0.0234587261636327
"539","EGLN1",-0.0285080193333332,0.975260037807628,0.368297405442517
"540","EIF1",-0.014896184,0.370646721191416,0.726694225068851
"541","EIF1AD",-0.015359526,0.597786058859302,0.566680663283508
"542","EIF1AX",-0.019464878,0.682932847118281,0.513806698584984
"543","EIF2AK4",-0.067434028,1.1298512664709,0.287825541902678
"544","EIF2B1",-0.077776425,5.37613734679554,0.00174159643133654
"545","EIF2B2",0.0195333376666667,-0.697849818452235,0.502902995038208
"546","EIF2B3",0.0071086623333334,-0.214908847176975,0.838385167044266
"547","EIF2B4",-0.02911235,1.07559334786657,0.316690598515726
"548","EIF2B5",-0.0591178986666667,2.15461734205628,0.067886582271253
"549","EIF2S1",0.015674909,-1.80566702713836,0.119035451433695
"550","EIF2S2",-0.0111387453333334,0.44636553249655,0.671918179031948
"551","EIF2S3",-0.010041351,0.445906602956769,0.670905295858295
"552","EIF3A",0.030589643,-1.18212848845696,0.296732717461929
"553","EIF3B",0.0157676783333333,-0.815478204833799,0.446070014423101
"554","EIF3D",0.00290699666666661,-0.136801226172558,0.89429763614782
"555","EIF3E",-0.0221408396666667,0.827306967525608,0.433980918025361
"556","EIF3F",-0.0214500463333334,0.5819370337945,0.577026138275449
"557","EIF3G",-0.0351215333333333,1.99782573256715,0.0788239075746709
"558","EIF3H",-0.0164732400000001,0.538682321548518,0.61394685726838
"559","EIF3I",0.0225508793333333,-1.0017591381376,0.368420134822321
"560","EIF3J",-0.0108629176666667,0.205624507390169,0.841753258561967
"561","EIF3M",-0.00685081399999998,0.399953494932579,0.69886120187523
"562","EIF4A1",-0.0159752860000001,1.01156680003149,0.363355974669602
"563","EIF4A3",-0.014726633,0.317031142361313,0.760967942701301
"564","EIF4B",-0.105057487666667,2.21240976447443,0.0867804307938364
"565","EIF4E",-0.00100125933333328,0.0589788431606835,0.955060187797877
"566","EIF4E2",-0.0771781903333333,2.14982891456883,0.0916553252471583
"567","EIF4G1",-0.070913589,2.25224276039842,0.0813942117604741
"568","EIF4G2",-0.0219551813333333,0.604972578360481,0.573226378336972
"569","EIF5",0.022951584,-0.738876071668509,0.480387683099479
"570","EIF5A",-0.0743117946666667,1.60202644517398,0.157582638608826
"571","EIF5AL1",-0.0702237269999999,1.18611431729707,0.283328084261117
"572","EIF6",-0.045214274,2.72242620472914,0.0260997873493449
"573","EIPR1",-0.0717457156666667,2.89481031482551,0.0187520626286284
"574","ELAC2",-0.0775272006666666,2.67815323952557,0.0366355929504288
"575","ELAVL1",-0.0439642586666666,1.28511212946502,0.262156451190547
"576","ELL",0.0552933316666666,-1.88706130892479,0.116868761124151
"577","ELMO2",-0.0574130103333333,1.85813415091325,0.118796310345325
"578","ELOA",-0.00319792233333338,0.0796078616415793,0.939226260026703
"579","ELOB",0.0244728630000001,-1.5210482378026,0.178673198652152
"580","ELOC",0.0301835816666667,-1.17308744450549,0.270874883432193
"581","ELOF1",-0.0582590589999999,3.28705003932344,0.0220292063154262
"582","ELP1",-0.00545005666666665,0.174790402116875,0.866952671315695
"583","ELP2",0.0121525133333333,-0.39198905586752,0.70500756519719
"584","ELP3",-0.00923999499999995,0.367279835185904,0.725261524245701
"585","ELP4",-0.0178658860000001,0.555186344703846,0.604213282500609
"586","ELP5",-0.00325950166666666,0.0783599536112293,0.940763211830379
"587","ELP6",-0.009169498,0.246783871980656,0.815348675853328
"588","EMC1",-0.0489843990000001,1.22684665268691,0.279642170112369
"589","EMC2",-0.0303270713333333,1.01197800154014,0.364719806831632
"590","EMC3",-0.0499935446666667,1.34489398895092,0.239515201791061
"591","EMC4",-0.0263509763333334,1.12672557573104,0.289492682857656
"592","EMC6",-0.0377835956666667,0.928167243568691,0.395910826795594
"593","EMC7",0.00511491633333339,-0.200131289529607,0.84856345321924
"594","EMSY",-0.0372859516666667,1.97421088474168,0.0912513648015237
"595","ENO1",-0.0541989859999999,2.56656290206153,0.0463349922191835
"596","ENY2",-0.0318756476666666,1.51193575864563,0.167913501851715
"597","EP300",-0.0194911136666667,0.695049663651084,0.512751874844257
"598","EP400",-0.0638769636666666,2.61464367194578,0.0285487753736986
"599","EPC1",-0.0461315753333333,2.01453961494013,0.0896459811539606
"600","EPC2",-0.0401916643333333,1.69732598784125,0.133009336003757
"601","EPRS1",0.00193441366666669,-0.115283368285855,0.911238558319108
"602","ERAL1",-0.0591367286666666,2.28997696562591,0.0505111025815596
"603","ERBB2",-0.032229611,1.37251381766699,0.21474999689934
"604","ERBB3",-0.0200482326666667,1.35746114436816,0.208665561120316
"605","ERCC2",-0.0293389156666667,1.1885074806443,0.265366725955707
"606","ERCC3",0.00118941666666672,-0.0938964945637078,0.927264888353129
"607","ERH",-0.00936850899999997,0.642396378336272,0.53865122262611
"608","ESCO2",-0.0469089616666666,1.05853421172337,0.324574680571853
"609","ESF1",0.00849395566666666,-0.447741082863917,0.665354864748546
"610","ESPL1",-0.00801557233333339,0.342273377012821,0.741181362874634
"611","ESS2",-0.0932165136666667,2.87353795533152,0.0300569810689269
"612","ETF1",0.0273090993333333,-1.3266095130981,0.229438723248983
"613","EXOC8",-0.00167237599999992,0.101697916938157,0.921604605832654
"614","EXOSC1",-0.0136746986666666,0.417745853976015,0.691766249712985
"615","EXOSC10",-0.0905168173333334,2.64857247713091,0.0453912107295791
"616","EXOSC2",0.0150528036666667,-0.580485753557032,0.587433015488093
"617","EXOSC3",0.026514894,-1.02431750837641,0.345451131416602
"618","EXOSC4",0.025213183,-0.903074137599995,0.405380273558181
"619","EXOSC6",-0.0251317986666667,1.03404364547076,0.349209339951046
"620","EXOSC7",0.028995708,-1.31361767794732,0.226291403963448
"621","EXOSC8",0.00756743833333329,-0.361442451867891,0.729196497786436
"622","EXT1",-0.0339305529999999,1.88351438733938,0.105329262292074
"623","EXT2",-0.017671912,0.548090879622485,0.601332685249983
"624","EZH2",-0.0709624583333334,1.55289229526408,0.192180141610822
"625","FADD",-0.107267488333333,2.45603437367805,0.0539104220098703
"626","FAF2",-0.0331243833333333,1.42591654330202,0.189331058991087
"627","FAM32A",-0.0477431073333334,2.49524440855772,0.034820047108656
"628","FAM50A",-0.0278676996666667,0.939494334439392,0.377907565702419
"629","FAM98B",-0.093016523,3.15834615088255,0.0115850031457372
"630","FANCA",-0.0621257763333333,1.52184517655029,0.163224231896747
"631","FANCF",-0.0611287843333332,1.59470695313175,0.16804902413009
"632","FANCI",0.00576068299999999,-0.130273896571571,0.899388872501079
"633","FANCM",-0.0383220503333332,1.40482097010538,0.202847830059777
"634","FARS2",-0.0445428649999999,1.07842250249923,0.32023237812364
"635","FARSA",-0.031587825,1.62228800745387,0.151447567733139
"636","FARSB",0.0452129663333334,-2.35911356521962,0.0557523081619669
"637","FASN",-0.00837684633333335,0.309072316100523,0.771945781120645
"638","FASTKD5",0.00530854366666667,-0.264315126952079,0.798511876408864
"639","FAU",0.0136519953333333,-0.652756305508191,0.53529654757262
"640","FBL",-0.00793425033333328,0.48235541631393,0.642123469181832
"641","FBXO11",-0.0203651733333333,0.961097867896369,0.374959810068122
"642","FBXO5",-0.0405365120000001,1.60890028859792,0.156599749115888
"643","FBXO7",-0.0352627350000001,1.31553134055894,0.239546818913874
"644","FBXW11",-0.0496441489999999,2.51473186520226,0.0336336775744663
"645","FBXW7",-0.0457602313333333,2.29878578456931,0.0513255999771945
"646","FCF1",-0.00847430566666674,0.390672190892254,0.710336878252972
"647","FCHO2",-0.043864019,2.0359593005073,0.0758613445616253
"648","FDFT1",-0.0795111979999999,2.61470846050707,0.0314812146929635
"649","FDPS",-0.03741615,1.72275918035403,0.133091191342525
"650","FDX1",-0.0499420793333334,1.4807353843464,0.178225324604367
"651","FDX2",-0.0593648733333334,1.84630642792526,0.112890397965256
"652","FDXR",-0.0355211133333333,1.34628909356837,0.237280892699065
"653","FECH",0.0130367136666667,-0.506072405466988,0.62601134355362
"654","FEN1",-0.0131849313333333,0.425741305395118,0.680831593463788
"655","FERMT1",-0.0512253996666667,1.30790463249341,0.239362738060169
"656","FERMT2",-0.0164911986666667,0.405834007062898,0.701421146777915
"657","FGFR1",0.00515895333333327,-0.306746822066509,0.766810601944495
"658","FIP1L1",-0.0103428943333334,0.789502544752637,0.450128739619236
"659","FIS1",-0.0793339356666666,4.03067897068718,0.00958460371415774
"660","FKBP1A",-0.0468592043333332,1.58689101091961,0.155593010518274
"661","FLCN",-0.0403557843333333,1.38790333602593,0.217083322019976
"662","FLI1",-0.024463785,0.833218882366672,0.44958584396274
"663","FLII",-0.0660832910000001,3.92952125739822,0.00395310610502211
"664","FLVCR1",-0.0554261203333333,1.69077406027583,0.130757404195542
"665","FNTA",0.0356196383333333,-1.60090210047075,0.15956001767637
"666","FNTB",-0.068426546,2.12535683436442,0.0773084096259588
"667","FOSL1",-0.05751235,2.46618640700022,0.0547763036261064
"668","FOXA1",-0.00761094799999995,0.335009428866322,0.745301338148035
"669","FOXK1",-0.0126107226666666,0.843256472345424,0.434973429054754
"670","FOXM1",-0.00574783000000001,0.288518996747528,0.780357755462961
"671","FOXRED1",-0.00730746300000007,0.37296456337662,0.717836362270432
"672","FPGS",0.0679570433333333,-1.99220186147516,0.105794169186167
"673","FRG1",0.000287457333333352,-0.0096509543494797,0.992722979494962
"674","FUBP1",-0.0765534023333333,2.09985287924601,0.0787250268908896
"675","FURIN",-0.0532568920000001,1.64203689363935,0.139803643757174
"676","FXN",-0.0375672283333334,1.0912950767255,0.318316783980008
"677","FZR1",-0.0404099113333334,1.88744830689535,0.0936349244016891
"678","G3BP1",-0.0503492299999999,0.995608812299989,0.352181049135248
"679","G6PD",-0.0555645876666666,2.29917245225456,0.0799379498706274
"680","GAB1",-0.0313109396666666,1.38517303229238,0.21539349720365
"681","GABPA",-0.0576953229999999,1.78041617804827,0.114036514950959
"682","GABPB1",-0.034023863,2.05435222769557,0.077355812894792
"683","GADD45GIP1",-0.024689695,1.28184957997238,0.234093624401097
"684","GAK",-0.093410009,2.69768564322408,0.0456417038954878
"685","GAPDH",0.0298612070000001,-1.65786658170926,0.139369348334338
"686","GARS1",0.0159965373333334,-0.645161653493566,0.534980907566857
"687","GART",-0.0576977566666667,1.61750961374551,0.177456589531428
"688","GATA3",-0.0338799886666666,1.49717558799054,0.178921796450814
"689","GATB",0.00874375433333341,-0.643419367525922,0.53620760758455
"690","GATC",0.032838642,-1.32618125309939,0.220748616111359
"691","GBF1",-0.00371605633333327,0.226717674923109,0.826109970437769
"692","GCN1",-0.06996283,4.60145305112636,0.00450224260748794
"693","GCSH",-0.00152660866666665,0.027045863773758,0.979021798071826
"694","GEMIN2",-0.041854315,0.942196354076093,0.376016537543453
"695","GEMIN4",-0.0485771396666667,1.87685466735357,0.116075696899441
"696","GEMIN5",0.00783248200000008,-0.286010228989953,0.786280314340747
"697","GEMIN6",-0.0851581010000001,2.92129985097866,0.018574773650327
"698","GEMIN7",-0.00365818800000006,0.0980252526056951,0.924366223517014
"699","GEMIN8",-0.055815505,1.53255686688993,0.162721742830373
"700","GET1",-0.0124096586666668,0.871285433890325,0.406325448171263
"701","GET3",-0.0324905543333334,1.29676081382671,0.228095336654801
"702","GET4",-0.0495776516666666,1.57308872085008,0.172201189772292
"703","GFER",-0.015413702,1.34424779841005,0.216517553766505
"704","GFM1",-0.0202279946666667,0.581367151493859,0.58599909821658
"705","GFM2",-0.0279708190000001,0.777015939611104,0.466993927563706
"706","GFPT1",-0.0475396666666666,1.66937952237951,0.141041194418606
"707","GGNBP2",-0.0674407316666666,2.2011165442762,0.0821679800075402
"708","GGPS1",-0.0342205386666667,1.13887953448356,0.288353078282615
"709","GGTLC2",-0.0035465263333333,0.098183954058408,0.92488726171636
"710","GIGYF2",-0.0133192766666667,1.00673739447372,0.353342955774546
"711","GINS1",-0.0123867173333333,0.363485867115428,0.724655173002464
"712","GINS2",-0.00702999833333334,0.213594766300128,0.835795572965819
"713","GINS3",-0.0250218940000001,0.608384387264059,0.561131616152645
"714","GINS4",-0.015747574,0.473685701273383,0.649888589849703
"715","GLMN",-0.0230141206666666,0.798673139337898,0.448896389984636
"716","GLRX3",-0.0441873976666667,1.73423038366523,0.132769484316769
"717","GLRX5",-0.082147983,3.83510187055341,0.0048634154232873
"718","GLS",-0.0370040869999999,1.46863252580166,0.17711041398093
"719","GMNN",0.0184997996666666,-0.47045257366458,0.649442161724486
"720","GMPPB",-0.01217515,0.456809793818679,0.667399083176766
"721","GMPS",-0.0554957966666667,2.48924865051749,0.0458111380508207
"722","GNA13",-0.0662606379999999,2.07049797067707,0.0802903055844281
"723","GNB1L",-0.044753252,1.47349706699373,0.187704294831273
"724","GNL2",0.0344065833333334,-2.01684147615631,0.0745438395270609
"725","GNL3",0.0161867593333334,-1.096451473096,0.311324434863662
"726","GNL3L",-0.0170829156666668,0.691954057321059,0.518783219437997
"727","GNPNAT1",-0.0380710366666667,1.35456627574501,0.222946847954546
"728","GOLGA7",-0.00283783599999998,0.119905539531685,0.907586379155073
"729","GOLGA8R",-0.011711885,0.679108264874472,0.529330089800744
"730","GOLT1B",-0.05806244,1.37677914961687,0.237592593668769
"731","GOSR2",-0.0134103086666666,0.959763523129395,0.362462531359301
"732","GPATCH1",-0.0522314006666666,2.79253323867023,0.0254895015811506
"733","GPI",-0.0541167226666667,2.56855918747757,0.0422366055529802
"734","GPKOW",-0.0414346216666667,0.836378514034682,0.436832684155574
"735","GPS1",-0.0920878190000001,1.19558640443161,0.295311859439711
"736","GPX4",8.7826666667068e-06,-0.000250342166651738,0.999808304324017
"737","GRB2",-0.0516493583333334,2.09301266080013,0.0718372123279007
"738","GRHL2",-0.0318792250000001,0.662784349383723,0.527339235048299
"739","GRK2",-0.0297818083333333,0.895819817795558,0.400432893286245
"740","GRPEL1",0.0231429736666667,-0.794510163434151,0.45346748479322
"741","GRSF1",-0.0542841503333333,2.27895808460641,0.0604973945192882
"742","GRWD1",-0.00897409300000007,0.410965975915194,0.690832652079404
"743","GSK3B",-0.0472550223333333,2.3684410026377,0.0601299762434628
"744","GSPT1",-0.0112013900000001,0.302719773221247,0.772133930847944
"745","GTF2A1",-0.00809902966666665,0.479301781559885,0.647106475667794
"746","GTF2A2",0.0318366769999999,-2.89656054567958,0.017994154929277
"747","GTF2B",0.00651631600000002,-0.40051664134234,0.700237551891775
"748","GTF2E1",-0.00617589633333337,0.310463360850116,0.765218610192662
"749","GTF2E2",-0.0028183713333334,0.124613072477919,0.904858600811895
"750","GTF2F2",-0.012231952,0.383648451276693,0.71147522649054
"751","GTF2H3",-0.0525647779999999,1.76102648084348,0.114387345099427
"752","GTF2H4",-0.0464351296666667,1.86696285993985,0.109782673311294
"753","GTF3A",-0.0292370626666667,1.34729179913646,0.241301656119335
"754","GTF3C1",-0.0445652523333334,1.65063962080358,0.156494918845058
"755","GTF3C3",-0.034003021,1.1688176806346,0.301111394282799
"756","GTF3C4",-0.0312961349999999,1.20416107212112,0.284214327981914
"757","GTF3C5",-0.00244478366666667,0.0947913774382465,0.927172795254489
"758","GTF3C6",-0.00353502966666663,0.212389017920437,0.838458822981417
"759","GTPBP10",-0.0166506263333334,0.650765578867503,0.53327986231728
"760","GTPBP4",0.0237141506666667,-1.64132743187364,0.155325511334731
"761","GTSE1",0.0146795296666666,-0.436581061753477,0.672752281960132
"762","GUK1",0.00313601499999994,-0.221626510118494,0.829563138250449
"763","H2AC15",-0.0251995933333333,2.08991986073424,0.0738947832440593
"764","H2AC17",-0.0390280116666667,1.52955783298764,0.161013207200964
"765","H2AC20",-0.05437528,2.08822663472071,0.0889393225703786
"766","H2AX",-0.0594727016666666,1.71517557429235,0.152147220361716
"767","H2AZ1",-0.0573969053333333,1.92883238687065,0.097212774495709
"768","H2BC11",-0.0127298813333333,0.676791110840618,0.516428558862929
"769","H2BC13",-0.0197120286666665,0.678178001614937,0.518430394261682
"770","H2BC15",-0.032896164,0.646394452574617,0.538501030339986
"771","H2BC21",-0.0371723763333333,0.968872185354354,0.36829845472323
"772","H2BC26",-0.0251995933333333,2.08991986073424,0.0738947832440593
"773","H2BC4",-0.0370203226666666,1.081461016169,0.331470010458706
"774","H2BC6",-0.0517108526666666,2.45954007912619,0.0376528167327891
"775","H2BC9",-0.032896164,0.646394452574617,0.538501030339986
"776","H3-3A",-0.00682282666666667,0.24381800479897,0.813233507437611
"777","HARS1",0.0249199796666667,-1.37500234900145,0.207765444869024
"778","HARS2",-0.0218876603333333,0.490832894324213,0.637662546995499
"779","HAUS1",-0.00638589300000003,0.199965442409754,0.846631044162392
"780","HAUS3",-0.0142697550000001,0.472584586380566,0.647819431351309
"781","HAUS4",-0.00118712400000009,0.0314314735513,0.975621523533746
"782","HAUS5",-0.0250682846666667,0.562282420741634,0.587921066467341
"783","HAUS6",0.00692370366666661,-0.242241510110932,0.814594348986536
"784","HAUS7",0.0241597036666666,-0.59208002557134,0.568479322441702
"785","HAUS8",-0.0295494666666667,1.3415045015376,0.226531370313623
"786","HCCS",-0.0893849986666667,1.72986963301798,0.154013023922342
"787","HCFC1",-0.0155264353333333,0.716034663185099,0.503323401818473
"788","HDAC1",-0.0301132380000001,0.737439331025106,0.499756411075907
"789","HDAC3",-0.0141133666666666,0.500968786216883,0.637406106730117
"790","HEATR1",0.0401291833333333,-1.57672183453234,0.155743390829084
"791","HEATR3",-0.0083943826666667,0.389856911228749,0.70680324269124
"792","HECTD1",-0.0348381796666667,1.81937566427085,0.114650465868287
"793","HGS",-0.0822608733333334,2.27296990365146,0.0789448594150864
"794","HINFP",-0.0234320843333333,0.781476822235756,0.461053561970136
"795","HIRA",-0.0668722593333333,1.54904886219223,0.163452094823441
"796","HJURP",-0.0591571843333333,1.43404194118836,0.200721922127467
"797","HK2",-0.0388457943333333,1.26003387358645,0.2685198253497
"798","HMBS",0.031558098,-1.66825894186607,0.155055858604955
"799","HMGA1",-0.0375188346666666,1.37261598744906,0.23640404579234
"800","HMGB1",-0.0102513226666667,0.440707539059305,0.670263435993984
"801","HMGCR",-0.0272139273333334,1.18561690824577,0.275852944176775
"802","HMGCS1",-0.0195300673333334,0.612923211981694,0.555162879299087
"803","HNF1B",0.0427502516666667,-0.67616873523347,0.523127867168371
"804","HNRNPA1",-0.076440416,1.67115584461843,0.159749781954596
"805","HNRNPA1L2",-0.0220696216666666,1.02729562572811,0.335761951362882
"806","HNRNPA2B1",-0.145678537,2.64747487654064,0.0408008552530007
"807","HNRNPC",-0.0464185553333333,1.07769858143402,0.312999469407254
"808","HNRNPF",-0.0711061896666667,1.51723702594158,0.185640183536277
"809","HNRNPH1",-0.035609946,1.13215671116888,0.291329020323881
"810","HNRNPK",0.0320581903333333,-0.857167970722921,0.421066652807536
"811","HNRNPL",-0.0187837446666668,1.43997549924431,0.19007402343691
"812","HNRNPM",-0.0795026973333333,3.15953082098039,0.0217679889549475
"813","HNRNPU",-0.0492893606666667,2.20202024779661,0.0773446728362798
"814","HOXD13",-0.0710145889999999,2.38622127422691,0.0425266729357733
"815","HS6ST1",0.037985746,-1.46212185444162,0.182880711118043
"816","HSCB",-0.0305757986666667,1.02618787965849,0.332165872543193
"817","HSD17B10",-0.0180562283333333,1.2890381757938,0.229989883423653
"818","HSD17B12",-0.0434412613333334,1.13072187764563,0.312140362044153
"819","HSF1",-0.055223127,2.84024486998888,0.0262787377576129
"820","HSP90AB1",-0.0319530823333334,1.10519695496499,0.321722266332676
"821","HSP90B1",-0.0208760936666667,0.854549204166395,0.421330176609778
"822","HSPA13",-0.049836577,1.667661429938,0.161388026551167
"823","HSPA14",-0.0499072856666667,1.48845873025137,0.1905060171537
"824","HSPA5",-0.0362949573333333,1.85692856306438,0.123745876033477
"825","HSPA8",-0.068443043,2.45719635212676,0.0557473851135336
"826","HSPA9",0.034684732,-1.44667767738016,0.199694363277103
"827","HSPD1",-0.00261825233333324,0.154447764456252,0.88066679189083
"828","HSPE1",0.0352720673333334,-1.1030510191293,0.323368682019316
"829","HTATSF1",-0.0595692083333333,1.54610487989544,0.174609975207944
"830","HTRA2",-0.0617667503333333,1.3849412668509,0.231146882886057
"831","HUS1",-0.0014743496666666,0.0861823819443673,0.933270437508286
"832","HUWE1",-0.0223678706666667,0.796506823793923,0.460454131869416
"833","HYOU1",-0.0176368539999999,1.0520391586786,0.321089144422308
"834","HYPK",-0.0416248463333333,2.66057719511992,0.0358082325077128
"835","IARS1",-0.0112578843333333,0.537814324443565,0.609208566944105
"836","IARS2",-0.0207154413333334,0.85288436538501,0.425018148079786
"837","IBA57",-0.0518295606666667,2.1537273788283,0.0597197767731439
"838","ICE1",0.015297676,-0.715281307010917,0.510510290813206
"839","ICE2",-0.000601561666666695,0.035261102257959,0.973146529469634
"840","ICMT",0.0176261630000001,-0.648596874230114,0.538672430193421
"841","IDH3A",-0.0505720536666667,1.78182111127385,0.126680823584655
"842","IER3IP1",-0.061116258,2.01200331099959,0.109940598720018
"843","IFITM3",-0.0329481116666667,1.15285734767673,0.311585337926708
"844","IGBP1",0.00304425566666666,-0.0916762522529662,0.930699565151786
"845","IGF1R",0.0156322329999999,-0.216643646884675,0.834817027543885
"846","IK",-0.0582022936666666,4.16536675806052,0.00266143084592997
"847","IKBKG",-0.0832252320000001,1.53869466994791,0.158828197581871
"848","ILF2",-0.0460653436666666,1.97105268155272,0.0998848050854653
"849","ILF3",0.014218365,-0.556467441761853,0.594571509374289
"850","ILK",-0.0362849996666667,0.555762824573104,0.597584711112228
"851","IMP3",0.00447138866666663,-0.146133572632204,0.888087672308415
"852","IMP4",0.00248256133333336,-0.0905175068758612,0.931560527322454
"853","IMPDH2",-0.0405615003333334,2.42915340918591,0.060628807310258
"854","INCENP",-0.051244973,1.69864080773135,0.15615021668068
"855","ING3",-0.062872716,1.94160339563752,0.112981051075081
"856","INO80",-0.0369811123333333,1.54868131002525,0.162613474644176
"857","INTS1",-0.0212353863333333,1.83335958106444,0.110638448245252
"858","INTS10",-0.00633926733333334,0.369497440047612,0.724005790493585
"859","INTS11",0.0453766393333333,-3.10454720256159,0.0154303070608604
"860","INTS12",-0.0216024396666666,0.750454860743352,0.487250196036775
"861","INTS13",0.0142697173333334,-0.569249527956111,0.583137759562542
"862","INTS14",-0.0608532293333334,3.40025803872135,0.0203035328741854
"863","INTS3",0.024515516,-0.975469691772971,0.373586227537799
"864","INTS5",0.0254254846666666,-2.20249214493829,0.0567032845549024
"865","INTS6",0.0164715746666667,-0.964698569892336,0.361497072560908
"866","INTS7",0.0459279856666667,-1.78234044692241,0.119921762450454
"867","INTS8",0.0135688743333334,-0.665766343986877,0.53623075901018
"868","INTS9",0.0472136943333332,-1.8432934635835,0.116603010316244
"869","IPO11",-0.0536443606666667,3.23872390249605,0.0117270567204849
"870","IPO13",0.0202907466666666,-0.807817825962625,0.442025137233124
"871","IPO5",-0.0114256846666666,0.219895407462009,0.831228198759277
"872","IPO7",-0.024961883,0.703984743753649,0.512787316251079
"873","IPO9",-0.05143126,3.02626174423633,0.0155991923043987
"874","IPPK",-0.0542476966666667,1.68684112213023,0.128384015649697
"875","IREB2",-0.0129194276666666,0.379064982878621,0.713520841555468
"876","IRF2",-0.0367494996666666,2.08190956926377,0.077237028611931
"877","IRF2BP2",-0.00991635533333335,0.582373259101986,0.575574856666938
"878","IRF4",-0.044512432,0.880420394017449,0.420226385831199
"879","IRS2",-0.0221883696666666,1.0799159839752,0.336174234815384
"880","ISCA1",-0.073847784,2.1458533595272,0.0714160827979089
"881","ISCA2",-0.0285191819999999,1.26020726987392,0.244367638014663
"882","ISCU",-0.0114898483333333,0.372576853659365,0.720831560441291
"883","ISG20L2",-0.0076162786666667,0.347258088634597,0.739949906179588
"884","ISL1",0.019106858,-0.731836940585302,0.483739173110748
"885","ISY1",-0.01864084,1.55453798535022,0.158175052636899
"886","ITGA3",-0.0760057869999999,2.34084247592538,0.0563546882643544
"887","ITGAV",0.0147197333333334,-0.42437635896469,0.681255722564504
"888","ITGB1",-0.0391165946666666,1.56413736493867,0.168093912269727
"889","ITGB5",0.00196095833333343,-0.0886508161605037,0.932861771265444
"890","ITPK1",-0.045898,1.58730252166962,0.150168771991182
"891","JMJD6",-0.00887091666666673,0.286803812215433,0.781356730020182
"892","JTB",-0.0782822353333333,1.46055230714102,0.192479616259168
"893","JUN",0.000616336666666606,-0.0182803846036455,0.985870559859771
"894","JUNB",-0.0469207273333333,1.29350883367152,0.256684303969029
"895","KANSL1",-0.0238142483333335,0.854802556890593,0.415487598172344
"896","KANSL2",-0.0047026166666666,0.156063552527594,0.879428094817277
"897","KANSL3",-0.024836767,0.832044643706504,0.427208275487894
"898","KARS1",0.0191028313333333,-0.689687614752058,0.516770551187664
"899","KAT8",0.0151917699999999,-0.532839741767673,0.607282982864178
"900","KATNB1",-0.0701673,1.78824278661262,0.126679460516235
"901","KCMF1",0.00348340300000005,-0.143470202705976,0.8894219267905
"902","KCTD10",0.00269094133333336,-0.0810772458000083,0.938845398430993
"903","KCTD5",-0.0177141756666667,0.594657232647803,0.580284502687292
"904","KDM2A",-0.00811664866666661,0.416033589755953,0.693421984102913
"905","KDM5C",-0.00807686966666676,0.338074139987981,0.748067446472248
"906","KDM8",0.00852574033333342,-0.227539098228428,0.826471625307
"907","KDSR",-0.103445709333333,2.83572573063968,0.0320359727841038
"908","KEAP1",-0.0262212763333333,1.13077349905446,0.291592222093819
"909","KHSRP",-0.0516716773333333,1.9539639418795,0.114008415914269
"910","KIDINS220",-0.0460653276666666,2.58944950947255,0.0335710952191227
"911","KIF11",-0.059217653,1.41399028643225,0.191010724049831
"912","KIF14",-0.0667447223333333,1.26448894358797,0.246195926508222
"913","KIF18A",-0.0714553616666667,2.38579671968195,0.0664188700163458
"914","KIF18B",-0.0164838753333334,0.708844180522478,0.496662397968376
"915","KIF20A",-0.0759454626666667,2.03954809234325,0.0732002137273993
"916","KIF23",-0.014780124,0.435650202993718,0.673444536575251
"917","KIF2C",-0.141493812,4.15325239713478,0.00826980963819464
"918","KIF4A",-0.106794604333333,2.16192127473265,0.0809694408776027
"919","KIN",-0.0112634173333334,0.448284243917684,0.665053501608876
"920","KIRREL1",-0.0850821383333333,3.66349321056953,0.00541839711911794
"921","KLF5",-0.0751177606666666,2.23942027901085,0.0594695874732221
"922","KMT2A",-0.0478512296666667,1.76831400218181,0.127604474271577
"923","KMT2D",0.00188587066666657,-0.0698505679143789,0.946788682918121
"924","KNL1",-0.0491774606666666,1.28358763220651,0.243936041313117
"925","KNTC1",-0.0934559113333334,2.00211558048171,0.113286719054711
"926","KPNA2",-0.0303312953333333,1.26345004487244,0.238173313371802
"927","KPNB1",-0.12849975,2.74847313252669,0.0228706839813638
"928","KRAS",-0.00731172833333327,0.214101883258319,0.835409315878102
"929","KRI1",0.00332865033333329,-0.117313847371547,0.909444730315084
"930","KRR1",-0.0136396546666666,0.701179691645507,0.512396907105347
"931","KRT18",-0.0466705736666666,2.10351923299856,0.0745318588996613
"932","KTI12",-0.0100079543333333,0.256077561264087,0.80854338075278
"933","LAMTOR2",-0.0540284460000001,1.78386376164005,0.108222943787189
"934","LAMTOR3",-0.0559591403333334,1.75621709795608,0.116499963568485
"935","LAMTOR4",-0.0310040023333333,1.23435212019531,0.267126655415583
"936","LARP1",-0.0319882650000001,0.859035054873607,0.43277715968703
"937","LARP7",-0.0156500923333333,0.321614430498313,0.755855996969162
"938","LARS1",0.0723006513333333,-2.03863917656351,0.0991995342157755
"939","LARS2",-0.0417524713333333,1.63842364122567,0.13588301081915
"940","LAS1L",0.000216071333333345,-0.00792977480824869,0.993846388512312
"941","LCE2B",-0.0639558943333334,2.22120277603333,0.0767893623480484
"942","LCMT1",-0.0218809866666666,0.829416009093825,0.445868063241953
"943","LDB1",-0.038047445,1.4189742926308,0.212661262931609
"944","LDLR",-0.0532293253333334,3.05593007315505,0.0246201837219345
"945","LEMD2",-0.069492055,1.04552623086798,0.351145021166203
"946","LETM1",-0.0115096516666666,0.550176904025059,0.595641019812432
"947","LIAS",-0.0907562496666666,3.87704356327481,0.00397876432894167
"948","LIG1",-0.0232181816666667,0.845791395106108,0.434751528578142
"949","LIN54",-0.0318179706666667,2.26812183689327,0.0570670379834826
"950","LIPT1",-0.0463210746666667,1.45840159229063,0.196585051815419
"951","LMNA",-0.0281119530000001,1.07678878859427,0.337186959505584
"952","LMNB1",-0.0478504096666666,1.60975169870822,0.153612715637397
"953","LONP1",0.025190241,-0.602293330114069,0.573243812620751
"954","LRP8",-0.00533092700000004,0.203164996330053,0.843587934788223
"955","LRPPRC",0.0151856103333333,-1.80271216174288,0.122639037461072
"956","LRR1",-0.0488204310000001,0.853815428347031,0.418350819437522
"957","LSG1",0.00214963433333337,-0.074601431113684,0.943566249195896
"958","LSM11",-0.0191050813333333,1.04988385111771,0.322340793293129
"959","LSM2",0.0236299043333333,-0.907866107042918,0.412453758524211
"960","LSM3",-0.00691129633333343,0.417270138296228,0.687096594656754
"961","LSM4",0.0163434556666667,-0.644095930242803,0.551896218523848
"962","LSM5",-0.0515194663333334,1.71541166967536,0.133977144478377
"963","LSM6",-0.0428630033333334,2.71547028555856,0.0243405197881784
"964","LSM7",-0.00374310966666669,0.185114000029415,0.857376506166567
"965","LSM8",-0.020321739,0.75399615837419,0.478167356941778
"966","LTO1",-0.000716102333333302,0.0184993697045622,0.985844322320626
"967","LUC7L2",-0.045304901,1.27647470197861,0.25171619360688
"968","LUC7L3",0.0463501940000001,-1.83329405092838,0.100632797749496
"969","LYRM4",-0.027356446,1.0290328592113,0.330690933330713
"970","MAD2L1",0.0387258453333333,-2.08114526682778,0.0696726950202385
"971","MAD2L1BP",-0.0073012566666667,0.241605803079686,0.814803754101585
"972","MAD2L2",-0.0353020719999999,1.16807587616197,0.273672351936503
"973","MAEA",-0.0806254793333333,2.07731229690033,0.0979974374236875
"974","MAGOH",-0.00679301333333338,0.443513036329875,0.670857675701667
"975","MAK16",-0.00924320133333334,0.507437509705358,0.629996037856658
"976","MALSU1",-0.023854508,1.18113497819052,0.270675499238622
"977","MANF",-0.0363553289999999,1.12174335036151,0.306037986535713
"978","MAP3K7",-0.071488344,3.39761174728687,0.0205220653452626
"979","MAP4K4",-0.106623083666667,2.44898407616519,0.0518148637654579
"980","MAPK1",-0.0698712536666667,2.77676001536058,0.0432628920561919
"981","MAPK14",-0.0672378533333333,3.23449842529335,0.018271366494372
"982","MARCHF5",-0.0294993016666667,1.00696394206032,0.360864276293266
"983","MARK2",-0.0763716246666667,3.93105695469901,0.0105807401743571
"984","MARS1",-0.0201571656666667,0.713035205076983,0.498512757550403
"985","MARS2",-0.012877244,0.478973342321877,0.644483686646745
"986","MASTL",0.0175977143333332,-0.965468261751218,0.360577085591761
"987","MAT2A",0.0864939570000001,-2.33237441248233,0.0671256453984196
"988","MAU2",-0.0279835656666666,2.33694849181778,0.0472132252615639
"989","MAX",-0.0642116006666666,2.78569044482146,0.0213629266158119
"990","MBNL1",-0.0244150933333334,1.16426001445907,0.297556648923445
"991","MBTPS1",-0.033333736,1.32165432853803,0.218897203019588
"992","MBTPS2",-0.04889263,1.50428157243574,0.167665796190065
"993","MCL1",-0.0785394156666667,1.76854634323822,0.1304884428371
"994","MCM2",-0.023577622,0.931857682183713,0.379363255876124
"995","MCM3",-0.0333244903333333,2.20567700160931,0.0555279736016953
"996","MCM3AP",-0.00577740933333337,0.283080862756036,0.784531634809896
"997","MCM4",-0.01388671,0.959196035514874,0.364651678403563
"998","MCM5",-0.00527196699999999,0.209846290734776,0.842929428136977
"999","MCM6",-0.0388061366666667,1.89023617297895,0.0951637471732667
"1000","MCM7",-0.018184481,0.794286937582236,0.453980320909521
"1001","MCMBP",0.000471629333333334,-0.0129804924763506,0.989926609210071
"1002","MDM2",-0.017700826,0.34162801779178,0.741750834401564
"1003","MDM4",-0.0391827946666666,1.94318988923939,0.112353651844425
"1004","MDN1",-0.00697380666666658,0.273088008786897,0.794256717847849
"1005","MEAF6",-0.0143694613333333,0.611068825968096,0.566643820497506
"1006","MED1",0.00545237099999996,-0.160615889252898,0.877025851626791
"1007","MED10",-0.025822208,0.757551465625994,0.488143876645204
"1008","MED11",0.00350542133333331,-0.0984355360091716,0.923854201065498
"1009","MED12",-0.0355814233333334,1.05477191211334,0.346596205419269
"1010","MED13",-0.0291341460000001,1.58849294976017,0.172260187488401
"1011","MED14",0.012170927,-0.409315445142037,0.700203743572511
"1012","MED15",-0.019202561,0.759769116345187,0.472812120581068
"1013","MED16",-0.0583304383333333,1.88694589174229,0.11370836343539
"1014","MED17",-0.00942750999999997,0.397290163153239,0.702882158064003
"1015","MED18",-0.00833789466666668,0.251420448247935,0.807547307240047
"1016","MED19",-0.0336272133333333,0.501377225556874,0.628825806013635
"1017","MED23",-0.0405640013333334,2.05020734391822,0.0726083619288379
"1018","MED24",-0.084770586,1.36318784441509,0.2136381659653
"1019","MED25",-0.0568258786666667,0.751425463938344,0.490717617204304
"1020","MED26",-0.0460169856666667,1.38316657617871,0.214948396964698
"1021","MED28",-0.105071186666667,2.79713584889625,0.0255967793558657
"1022","MED30",-0.099620877,1.50440335112261,0.189557030965322
"1023","MED31",-0.039135072,1.60448890560678,0.143917840502984
"1024","MED4",-0.0819180746666667,2.83574487558125,0.0208497794740115
"1025","MED6",-0.0212804999999999,0.541943812757404,0.603346255229806
"1026","MED7",-0.0225239493333335,0.665989401016698,0.52317656699123
"1027","MED8",0.0014010596666667,-0.0274772301688053,0.979029012667682
"1028","MEF2C",-0.0302822983333333,1.00008312080721,0.346226589160084
"1029","MEMO1",-0.0697746576666667,1.94699130108935,0.0902271597977495
"1030","MEN1",-0.00815541500000005,0.130897140193875,0.900882938360636
"1031","MEPCE",-0.0313344863333334,1.52066484761895,0.188120281616586
"1032","METAP1",-0.00749640133333329,0.260042459101387,0.801349832408656
"1033","METAP2",-0.016861435,0.914650384305245,0.388286408713839
"1034","METTL1",-0.06573335,1.49426708331122,0.18943201598283
"1035","METTL14",0.0089063616666667,-0.443316909250521,0.668004411564239
"1036","METTL16",-0.0348305473333334,0.889436849238728,0.414229440457917
"1037","METTL17",0.00932964199999997,-0.450248543129104,0.664083346206199
"1038","METTL3",-0.035484177,1.09598023713189,0.309168508452446
"1039","MFAP1",-0.00943145033333337,0.470307832406949,0.652564583473043
"1040","MFN2",-0.116866031333333,4.03207804487317,0.00676578065484765
"1041","MGAT1",0.00849999999999995,-0.383763636559573,0.711041527736992
"1042","MIB1",-0.0209124926666667,1.06073512984579,0.316900402375064
"1043","MICOS10",-0.0651400200000001,2.63795223237373,0.0288483739032959
"1044","MIOS",-0.0424665016666667,1.80281021496265,0.104963378945373
"1045","MIPEP",-0.0230611973333333,0.734135633415362,0.48311883187521
"1046","MIS12",-0.0556940846666667,1.96910200393289,0.0983518211005016
"1047","MIS18A",-0.053245108,1.36231974087047,0.214091909665083
"1048","MIS18BP1",-0.0392108126666667,0.932897653655718,0.392867164106369
"1049","MLST8",-0.0619448500000001,1.84503572027831,0.106749291477953
"1050","MMGT1",-0.00724702933333332,0.29951029579245,0.777370305411608
"1051","MMS19",-0.00408189699999995,0.140012811230596,0.893286320943967
"1052","MMS22L",0.000220966999999961,-0.0092465382068222,0.992938191604856
"1053","MNAT1",-0.0669470183333333,1.81642633671181,0.102705166777102
"1054","MNT",-0.00603733433333331,0.171729656339804,0.868812144972032
"1055","MOCS3",-0.012820695,0.58595974229764,0.576284389071115
"1056","MON2",-0.0215684593333333,1.53655064202555,0.162058175621429
"1057","MORF4L1",-0.0391407433333333,1.49404064145258,0.190255879980028
"1058","MPHOSPH10",-0.0332719133333332,1.74013866770138,0.137499819581518
"1059","MRE11",-0.0383336849999999,2.12978369473202,0.0789186512992397
"1060","MRGBP",-0.0600867606666666,2.28859403449152,0.0650107291014792
"1061","MRM2",-0.0354010633333333,0.899508632037284,0.409891143440167
"1062","MRM3",-0.0367641316666667,1.18341045861538,0.285178475338824
"1063","MRPL10",-0.0508335096666667,5.05314633815254,0.00165958347228527
"1064","MRPL12",-0.0351723566666666,2.01229840292516,0.104560751656927
"1065","MRPL13",-0.0410469323333333,1.26944875353323,0.243406244925263
"1066","MRPL15",-0.040505785,1.23943669446482,0.275993384341731
"1067","MRPL16",-0.0408842166666666,1.8894503233218,0.110460441790009
"1068","MRPL18",-0.0202664243333334,1.01874956579247,0.348302197574653
"1069","MRPL2",-0.0331471276666667,1.59730038034493,0.167291610513386
"1070","MRPL20",-0.0268952206666667,0.939126083243781,0.396634443066602
"1071","MRPL22",-0.0346209590000001,1.1928786957097,0.292595168170039
"1072","MRPL23",-0.0326195969999999,1.0347601903292,0.333359711069057
"1073","MRPL24",-0.0251434436666667,0.618892027941274,0.563634127351717
"1074","MRPL27",-0.00953769333333332,0.335082932999432,0.747448232965253
"1075","MRPL28",0.0048278553333333,-0.197355995634866,0.85133061022621
"1076","MRPL3",-0.0269297166666667,0.855914778549649,0.433160356361264
"1077","MRPL32",-0.0175208473333334,0.835259985613332,0.429170793153665
"1078","MRPL34",-0.0137440506666666,0.78978644763262,0.455982822011164
"1079","MRPL35",0.0207170816666666,-0.520924471775205,0.627458739578609
"1080","MRPL36",-0.038722364,1.42902160788594,0.212480361347767
"1081","MRPL41",-0.0259384353333333,1.52563303083238,0.167527135703913
"1082","MRPL43",-0.0157197203333334,1.09289723256925,0.308978130109922
"1083","MRPL44",-0.0249324136666667,1.28295812516337,0.248200300892843
"1084","MRPL47",-0.0277878046666667,1.2625734967729,0.259179925574562
"1085","MRPL51",-0.0164869009999999,1.00925424411117,0.35753270003761
"1086","MRPL55",-0.0264045980000001,1.532184646729,0.172935570353563
"1087","MRPL57",-0.0166147783333332,0.901822442855158,0.39077528374357
"1088","MRPL58",-0.0575629506666667,3.00160726116188,0.0321702093198823
"1089","MRPL9",-0.0225986066666667,1.39750653167111,0.205379105438398
"1090","MRPS11",-0.0188870996666667,0.926767003301405,0.393324860674407
"1091","MRPS12",-0.016871609,0.818617388511515,0.444471208465752
"1092","MRPS14",-0.0251553366666667,0.948587560267469,0.386093842170729
"1093","MRPS16",-0.0243310496666667,0.929583608954786,0.379385787673312
"1094","MRPS17",-0.045923958,1.97173027327885,0.0854612660679433
"1095","MRPS18B",-0.00724058699999997,0.436325101887674,0.672895535702803
"1096","MRPS18C",-0.0434077833333333,1.54387317640377,0.18542340327495
"1097","MRPS2",-0.0601385136666668,2.12995270506375,0.082742582605392
"1098","MRPS21",-0.020715616,0.919753719260641,0.386048538082793
"1099","MRPS24",-0.0385032203333333,1.27373234418794,0.259700606598182
"1100","MRPS27",-0.00640751133333328,0.394415748993272,0.705077125069147
"1101","MRPS30",-0.0557452443333333,1.96096554514792,0.110676768150839
"1102","MRPS34",-0.0357812376666666,1.78601006346034,0.124772332782655
"1103","MRPS5",-0.0213622943333334,0.980050103084856,0.355937611683599
"1104","MRPS6",-0.010087576,0.472603674250864,0.649718940052974
"1105","MRPS7",-0.0303058239999999,0.839680927976925,0.441259004487363
"1106","MRTO4",-0.00476044899999994,0.227366259707224,0.826258043713816
"1107","MSL1",-0.0104457953333333,0.61738590289652,0.552285023697084
"1108","MSTO1",0.0147207846666667,-0.380419949700034,0.716624081745763
"1109","MT1E",-0.008165325,0.255111353259036,0.807275315311569
"1110","MT2A",-0.00447686433333339,0.139554009220117,0.893695534752817
"1111","MTBP",-0.0270213346666666,0.727811895348624,0.485729903566998
"1112","MTCH2",-0.0232251173333333,1.06629705133942,0.314434308210393
"1113","MTERF4",-0.01586595,0.695510970340584,0.507278158644957
"1114","MTF1",-0.0401909983333333,1.97652801123724,0.0879035035603876
"1115","MTG1",-0.0447289316666667,1.42994925601474,0.211681821752807
"1116","MTG2",-0.00642436466666663,0.26595021736532,0.796404198030886
"1117","MTHFD1",-0.0220253546666667,0.907461490731967,0.390722667190583
"1118","MTOR",-0.00333283833333331,0.173394728835848,0.867026369056642
"1119","MTPAP",-0.0415197183333333,2.41003639361712,0.0404616557498299
"1120","MTREX",-0.0278326833333332,1.89754033799795,0.0998592493511062
"1121","MTRF1L",-0.0426791386666666,1.60995004992804,0.166092347502865
"1122","MTX2",-0.00423579500000004,0.22761404324324,0.82691200977267
"1123","MUC20",-0.023033159,1.18150819119776,0.26809060879227
"1124","MVD",-0.0479530446666667,1.84221458724028,0.100681961225453
"1125","MVK",-0.0313161176666666,1.38296401238324,0.207109268791153
"1126","MYB",-0.069027223,3.42541670698534,0.0144460795494222
"1127","MYBBP1A",-0.0313757796666667,0.789428798155362,0.462875849056999
"1128","MYBL2",-0.0658921383333333,2.89178974341706,0.0245072506970506
"1129","MYC",0.0166939326666667,-1.35343316653994,0.21982147395011
"1130","MYCN",-0.0207937366666667,0.73029655343806,0.493580976181931
"1131","MYH9",-0.0251038256666667,1.0471865581662,0.327059725659133
"1132","MZT1",-0.00459007466666661,0.156121682707125,0.87938395260258
"1133","N6AMT1",-0.0481867713333334,1.06102469837917,0.339595255259055
"1134","NAA10",-0.0191363136666667,0.761058727295587,0.483600886105052
"1135","NAA15",0.0173023170000001,-0.951609093015271,0.366303642000813
"1136","NAA20",-0.0474883113333334,1.70848444953317,0.129384589450666
"1137","NAA25",-0.000294281666666674,0.010756319148469,0.991670554182097
"1138","NAA35",-0.0289021826666667,1.47814679189329,0.174220575807278
"1139","NAA50",-0.0202989016666667,0.988767682046178,0.358271108988439
"1140","NACA",0.016186763,-0.635620494009,0.540859601990416
"1141","NAE1",-0.0230032659999999,1.29467983863631,0.228267046552439
"1142","NAMPT",-0.00480548133333336,0.169191863770262,0.871436355680383
"1143","NAPA",0.0296507433333333,-0.95499170707136,0.364667766975077
"1144","NAPG",0.0202260496666666,-1.05359461238861,0.320359026596262
"1145","NARS1",0.0131444799999999,-0.481599184674071,0.647713665573991
"1146","NARS2",0.0109398820000001,-0.22311948456816,0.828460652964325
"1147","NAT10",-0.00350460266666675,0.121024105879463,0.9076975000879
"1148","NBAS",0.0044286446666667,-0.137173309448547,0.894102465969959
"1149","NCAPD2",0.0084395696666667,-0.256913442862014,0.80361380020874
"1150","NCAPD3",0.0135139566666667,-0.470584255737156,0.649350725173327
"1151","NCAPG",-0.0205489973333334,1.12630036636525,0.298378082532785
"1152","NCAPG2",-0.0127323666666667,0.695603234697779,0.504950110413171
"1153","NCAPH2",0.0072185216666667,-0.344546830298143,0.738719971315599
"1154","NCBP1",-0.0397153436666667,1.80746888551156,0.127113330525605
"1155","NCBP2",-0.0463404319999999,2.06520966925856,0.0707606194353075
"1156","NCKAP1",-0.0488461586666666,2.30050839278095,0.0601176484791461
"1157","NCL",-0.0409042573333334,1.60413591121966,0.158880819843298
"1158","NCOA4",-0.0476858100000001,1.0894794431262,0.323208435126406
"1159","NDC1",-0.00315372766666666,0.0663325784503636,0.948923221703046
"1160","NDC80",-0.0190008693333333,1.05653886427627,0.31861117229352
"1161","NDE1",-0.0175486406666666,0.328095533551676,0.756348870662394
"1162","NDOR1",0.0279390933333333,-0.896822335923385,0.397949532863179
"1163","NDUFA1",-0.00674366933333326,0.374642695812094,0.718178396021429
"1164","NDUFA10",-0.00546113799999992,0.267089395420638,0.796092434526108
"1165","NDUFA11",-0.00934268033333341,0.48614997629429,0.642875849201748
"1166","NDUFA2",-0.0111905703333334,0.55787337220508,0.596946070618236
"1167","NDUFA3",-0.0343964410000001,1.37044225742223,0.205131904964599
"1168","NDUFA4",-0.014257438,0.809547741661666,0.447782128511203
"1169","NDUFA6",-0.014146763,0.572633075940419,0.584042470455319
"1170","NDUFA8",0.00304410300000002,-0.112121980282677,0.913648045766885
"1171","NDUFA9",-0.00518651199999998,0.348009065067615,0.736495786662549
"1172","NDUFAB1",-0.016441224,0.810718530320302,0.441126005325007
"1173","NDUFAF1",-0.000931582333333347,0.071183474291886,0.945144459742969
"1174","NDUFAF3",-0.00379818833333334,0.199253500554666,0.846518181787753
"1175","NDUFAF4",0.00407688733333333,-0.225242444652253,0.826823356551099
"1176","NDUFAF6",-0.00511136366666665,0.249775212856231,0.810148311896285
"1177","NDUFAF7",-0.00882117133333338,0.494551940543622,0.639750537398076
"1178","NDUFAF8",-0.00210112333333334,0.11828260002299,0.908744938171557
"1179","NDUFB10",-0.00168646899999991,0.101197123914808,0.921635836825815
"1180","NDUFB11",-0.00735213666666668,0.384168966428307,0.711874626630421
"1181","NDUFB2",-0.0039319699999999,0.199197760452949,0.847367338452133
"1182","NDUFB3",-0.00400932799999998,0.28611615643639,0.785272343097843
"1183","NDUFB4",-0.00278842666666668,0.146517924927872,0.88709652959269
"1184","NDUFB6",0.000537490666666751,-0.0308485154247691,0.976259439573402
"1185","NDUFB7",0.00174710566666669,-0.0720016491670444,0.944529124214982
"1186","NDUFB8",-0.00703253566666662,0.416204224804783,0.689318693553099
"1187","NDUFB9",0.000758569999999903,-0.0329746005145959,0.974433300474896
"1188","NDUFC1",-0.0237591850000001,1.01034841616046,0.359160917981518
"1189","NDUFC2",-0.00277092833333337,0.15007599766695,0.8840142947106
"1190","NDUFS1",0.0350795626666667,-1.36046325814589,0.212739287621883
"1191","NDUFS2",0.0145067626666666,-0.834566317117137,0.427841224203403
"1192","NDUFS3",0.00502910366666665,-0.229948560399572,0.824009286519994
"1193","NDUFS5",-0.000548129000000008,0.0247193221498511,0.980875791820736
"1194","NDUFS7",0.00728065133333333,-0.691702599414361,0.512270409355064
"1195","NDUFS8",0.0130789073333334,-1.21731564347951,0.261412071150452
"1196","NDUFV2",-0.01874915,1.00051548496721,0.343215857218597
"1197","NEDD1",-0.0620038336666667,1.78309794950351,0.123265349204858
"1198","NEDD8",-0.0359700726666667,1.19317519409423,0.278298683161015
"1199","NELFA",0.0113555296666668,-0.458321085099999,0.659364452787117
"1200","NELFB",0.041834097,-1.58636679017674,0.152775155676734
"1201","NELFCD",-0.00833626833333334,0.423714908246853,0.686241522033037
"1202","NEPRO",-0.0316308133333333,1.13192345392695,0.287426713510652
"1203","NF1",-0.0353813903333333,1.51884546214086,0.185812688082822
"1204","NF2",-0.0395233043333334,1.53892558832602,0.174512109301313
"1205","NFE2L2",-0.0345786929999999,1.84550000693656,0.114178583569264
"1206","NFRKB",-0.0467939946666666,2.13876325594686,0.0650528127929223
"1207","NFS1",0.00721087200000003,-0.519489010071534,0.619652376869408
"1208","NFYB",-0.0569067916666667,1.65365798084077,0.167719116071672
"1209","NFYC",-0.00886503233333336,0.428911005937154,0.68816670240866
"1210","NGLY1",-0.0036309613333334,0.172206723267928,0.868591312030264
"1211","NHP2",-0.0320911589999999,1.88620458628746,0.128501399136651
"1212","NIFK",0.00846088733333339,-0.71865459846766,0.500393412122231
"1213","NIP7",0.0297409973333334,-1.09545486386941,0.303160422549137
"1214","NIPBL",-0.0248765943333333,1.10802591791405,0.310064394182856
"1215","NKAP",-0.0263430690000001,0.959741815794674,0.362589210195321
"1216","NMD3",-0.00354342499999993,0.146576020418951,0.888322620556279
"1217","NMNAT1",0.00324592466666662,-0.164013276540257,0.876441015274123
"1218","NMT1",-0.0290705966666667,0.699107224927545,0.514046859854288
"1219","NOA1",-0.0446660786666667,1.18290376762103,0.278305151074468
"1220","NOB1",0.00621219233333337,-0.176288009267989,0.866554434441369
"1221","NOC3L",-0.0309892566666667,1.50173436018975,0.196285967127056
"1222","NOC4L",-0.021885975,1.11410264278979,0.307797422602371
"1223","NOL10",-0.00252571333333329,0.0977759541988568,0.924761314578773
"1224","NOL6",0.0306190633333333,-1.5341731837946,0.159632481014921
"1225","NOL8",-0.00968417466666671,0.408685372240207,0.703001582691895
"1226","NOL9",-0.0367732836666667,1.52033679547288,0.165203768188523
"1227","NOLC1",-0.0432262176666667,1.12895498134816,0.312498452867809
"1228","NOM1",-0.0119692673333334,0.386959681571754,0.708233937620447
"1229","NONO",-0.134664012,2.56740475411785,0.0527585265141123
"1230","NOP10",-0.0236270526666666,1.07036907834712,0.335038729317401
"1231","NOP14",-0.0214735526666666,1.17277695631556,0.292300788205947
"1232","NOP16",0.00373217599999998,-0.184093577041474,0.859162213336624
"1233","NOP2",-0.0394621986666667,1.94420190596129,0.0844591160206386
"1234","NOP56",0.0198548609999999,-0.902727982712685,0.401001990991559
"1235","NOP58",0.0217931243333334,-1.11051115125103,0.317267201802094
"1236","NOP9",-0.00264861633333335,0.115830062255801,0.911204423570433
"1237","NPAT",-0.00641989700000001,0.250478259168588,0.808042727015295
"1238","NPEPPS",0.000565535999999978,-0.0191086494874662,0.985430236481468
"1239","NPLOC4",-0.0417672593333334,1.10298761846591,0.306013305385451
"1240","NPM1",-0.0795213236666666,2.26038168311679,0.0803309832557604
"1241","NRAS",-0.0118036946666668,0.326980805131409,0.757894516281445
"1242","NRBP1",-0.0480391496666668,0.912650017869977,0.390567046068129
"1243","NRDE2",-0.023810915,0.901761414055613,0.394308029054621
"1244","NRF1",-0.028961513,1.19457547273494,0.28521759438356
"1245","NSA2",-0.00749447633333333,0.772975978249394,0.462101001879884
"1246","NSF",-0.010872673,0.453664800715043,0.661028653568218
"1247","NSL1",-0.0472239163333333,1.89624147769949,0.0907545939364094
"1248","NSMCE1",-0.0490904010000001,1.60809796870471,0.150524976749845
"1249","NSMCE2",-0.011459593,0.383604117115937,0.710199927768336
"1250","NSMCE3",-0.00449599199999995,0.23189217129169,0.824631926356993
"1251","NSMCE4A",-0.0202433896666666,0.783073052725601,0.45924471568512
"1252","NSUN4",0.00508811833333334,-0.234283535782584,0.82138419020869
"1253","NUBP1",0.00896741766666675,-0.627017650658807,0.548395926046436
"1254","NUBP2",-0.00550481766666666,0.231951074702343,0.823289824365671
"1255","NUDC",-0.031665528,0.997410280211776,0.368855095718595
"1256","NUDCD3",-0.0357097406666667,1.46329864292802,0.192029538464625
"1257","NUDT21",0.0206743243333333,-0.62091482873928,0.552429808109468
"1258","NUF2",-0.0532288443333333,3.04886200359413,0.0172689376078608
"1259","NUMA1",-0.063105382,1.63982713029309,0.135840473487788
"1260","NUP107",-0.0287140683333333,1.03197920005018,0.354020971413851
"1261","NUP133",0.011034234,-0.445182361297676,0.6672283992071
"1262","NUP153",-0.00172407766666671,0.0934816275913396,0.928147329491455
"1263","NUP155",-0.0156895936666666,0.821907658378727,0.432371862319116
"1264","NUP160",-0.0157205276666667,1.59335050458577,0.145927159092693
"1265","NUP205",-0.0377823230000001,0.947680231678814,0.374573846262737
"1266","NUP214",-0.0436048173333333,2.42031712403727,0.0487092321724507
"1267","NUP35",-0.0089803426666667,0.249280223464943,0.809309162634916
"1268","NUP37",-0.0115701283333333,0.291624264304761,0.777236400844915
"1269","NUP43",-0.0140273586666667,0.650898497414787,0.531405136925822
"1270","NUP50",-0.014367224,0.692845196258614,0.510697937183488
"1271","NUP54",-0.017045877,0.832228689181952,0.438017952005629
"1272","NUP58",-0.0180705446666666,1.29949961861705,0.227588056084995
"1273","NUP62",-0.0488478086666667,2.0982239737647,0.0748236137123414
"1274","NUP85",0.01922382,-1.74833793229616,0.127049010771695
"1275","NUP88",0.00522943533333331,-0.343389779390347,0.741262335038472
"1276","NUP93",-0.0153142946666667,0.506677246474034,0.626147113489315
"1277","NUP98",0.00553026299999992,-0.36496569687535,0.724816493939535
"1278","NUS1",0.00622082166666671,-0.160705802717704,0.878236846374089
"1279","NUTF2",0.047252877,-1.32906995585596,0.234070267624072
"1280","NVL",-0.0332795303333333,1.75333572181734,0.118026652501787
"1281","NXF1",-0.0590608613333333,2.24710882647012,0.0586841376977204
"1282","NXT1",-0.0822451173333334,2.56657210988414,0.047599297595219
"1283","OGDH",-0.018274008,0.931719891753751,0.385768081414995
"1284","OGT",-0.006834691,0.290427362444436,0.780323863352424
"1285","OIP5",-0.0386603600000001,0.803892138050505,0.45443763113486
"1286","OPA1",-0.0491687199999999,1.86005558520927,0.121264896405889
"1287","ORC1",-0.0268956703333333,1.29088212381684,0.232727329925584
"1288","ORC3",-0.0144548046666666,0.503295154545087,0.629110550698932
"1289","ORC4",-0.046509704,3.41661445771328,0.0128307288597313
"1290","ORC5",-0.0635255953333334,1.82627618786791,0.101216807249462
"1291","ORC6",0.00212954266666654,-0.0584448101778854,0.954819838298187
"1292","OSGEP",-0.0826942146666666,2.11854390125362,0.0745940923955288
"1293","OST4",-0.0420041480000001,2.72043201331575,0.0306841263548762
"1294","OSTC",-0.0210796316666666,0.900212080712534,0.397102136234761
"1295","OTUD5",-0.0298653023333333,1.29722780178488,0.228671090824048
"1296","OXA1L",-0.026809993,0.971464821951955,0.360474738903254
"1297","OXSM",-0.0386783643333334,1.00397559862008,0.362219130559961
"1298","PABIR1",-0.0157535256666667,0.585963910016765,0.580215934575696
"1299","PABPC1",-0.000540361666666711,0.020193359260874,0.984457347126936
"1300","PABPN1",-0.0136799820000001,0.805346084273968,0.443773322086282
"1301","PAFAH1B1",-0.0150497976666666,0.27568619472806,0.790006682983375
"1302","PAGR1",-0.0746477746666666,3.30736526654429,0.0197983555669771
"1303","PAICS",-0.036411993,1.13249659142046,0.306237353546557
"1304","PAK1IP1",-0.0453844780000001,2.30745258268117,0.0568633687730464
"1305","PAK2",-0.0523272383333333,1.81331401946231,0.138783548041659
"1306","PALB2",-0.0150753816666667,1.57927238335202,0.149861978691663
"1307","PAM16",0.0169455296666667,-0.676055477037698,0.526163961673373
"1308","PARD3",-0.0780534403333333,2.12924190851501,0.0886690088363057
"1309","PARD6B",-0.00809758666666671,0.439688573893531,0.671092995615775
"1310","PARS2",-0.02019168,0.568914919412705,0.587885706517993
"1311","PAX8",-0.0484490876666667,2.01965823563222,0.0750986128745656
"1312","PAXBP1",-0.0411572496666667,3.05799212767577,0.0166939598105858
"1313","PAXIP1",-0.0374751433333333,1.18622612694489,0.278785048596314
"1314","PBRM1",-0.0340067353333334,1.49571669326991,0.179267964172809
"1315","PCBP1",-0.0287207383333333,0.869378663298921,0.411870140262616
"1316","PCBP2",-0.0310445396666666,2.30845101651422,0.0464116214971138
"1317","PCF11",-0.0127789336666666,0.494218411142384,0.633700769199371
"1318","PCGF1",-0.057277679,4.20064908197956,0.00289599607099678
"1319","PCID2",-0.0300403333333333,1.4469582322825,0.183387506634575
"1320","PCM1",-0.0666735846666666,2.05069574000918,0.0835015378215909
"1321","PCNA",0.035338805,-1.77755388184021,0.143361077283055
"1322","PCYT1A",-0.00416355000000013,0.159419213361906,0.876867028516333
"1323","PDCD10",-0.000881760000000065,0.0329680190824067,0.975079662462967
"1324","PDCD11",0.00423501033333329,-0.170230562086689,0.871173810597714
"1325","PDCD2",-0.0132103166666666,0.568923868522504,0.584166161713149
"1326","PDCD5",-0.061227221,2.24055730694839,0.0737124628543986
"1327","PDCD6IP",-0.0433506703333334,2.93206326161991,0.0211830545330623
"1328","PDCD7",0.00933639200000003,-0.399234300165775,0.699052401974902
"1329","PDCL",-0.0061835033333334,0.183386839838909,0.860325812677974
"1330","PDE12",-0.00959633133333337,0.620324106332928,0.560949453642444
"1331","PDE4DIP",-0.0333917499999999,1.11530991937527,0.302753879028109
"1332","PDHA1",-0.0246761883333333,0.673839955190962,0.517343311830126
"1333","PDPK1",0.0219244716666668,-0.866421573766661,0.419499019324883
"1334","PDRG1",-0.0612724166666667,1.6622875272187,0.159933831147217
"1335","PDS5A",-0.00465152433333338,0.217259807521364,0.833712194953802
"1336","PDSS1",-0.0450089176666667,2.17666051659861,0.0694742120378652
"1337","PDSS2",-0.043727339,2.22313506765158,0.059968733483322
"1338","PELO",-0.0204747976666666,0.545943646683743,0.59884831910557
"1339","PELP1",-0.041579185,1.3415638641842,0.215820808204723
"1340","PES1",-0.0274441973333333,2.29706373054289,0.0485916095745794
"1341","PET117",-0.0108416726666667,0.61696454396005,0.56088740646762
"1342","PEX1",-0.11412114,2.67268040400577,0.0258575861519391
"1343","PEX6",-0.0563923346666667,1.67838473157464,0.12798601554756
"1344","PFAS",-0.0599409829999999,1.61466389318934,0.151678689953331
"1345","PFDN1",-0.0340979770000001,1.61774424879444,0.153431146686428
"1346","PFDN2",-0.0311984496666666,1.74177607695508,0.117592632032927
"1347","PFDN4",-0.0110388286666667,0.293521183689486,0.776662308494074
"1348","PFDN5",-0.02007333,1.30398307855821,0.237787121981184
"1349","PFDN6",0.0568575906666667,-1.62722797583015,0.140769628646935
"1350","PFN1",-0.0502094323333334,1.59145305529526,0.172133075609947
"1351","PGD",-0.0198975016666667,0.640228450350583,0.538327180244037
"1352","PGGT1B",-0.010313236,0.394496800249028,0.703059912918294
"1353","PGK1",-0.0263769723333332,1.07339526961595,0.335445389686691
"1354","PGM3",-0.0742807826666667,3.33779010252873,0.015068197100614
"1355","PGP",-0.081958462,2.21914716168287,0.0572221889924691
"1356","PGS1",-0.0250993956666667,1.00614439911635,0.344101372418568
"1357","PHAX",-0.0494065239999999,3.01518744448087,0.0148692816031432
"1358","PHB2",0.044027745,-1.80935445542548,0.127479025463851
"1359","PHF12",-0.0191662653333333,0.510939912802921,0.634699418293791
"1360","PHF5A",0.0141965633333334,-0.338536719299645,0.746936991986735
"1361","PI4KA",-0.0198453300000001,0.593579162013413,0.568775119718026
"1362","PI4KB",-0.0358975783333334,0.991114964909147,0.356758357945078
"1363","PICALM",-0.0208273026666667,1.08800892353071,0.306043249425362
"1364","PIK3C3",-0.039580618,2.62232948513281,0.0345113302190677
"1365","PIK3CA",-0.016079937,0.844048133130669,0.438285166338919
"1366","PIK3CB",-0.0241252206666666,1.43328523885485,0.213734548352424
"1367","PIK3R1",-0.112789762666667,1.49974104278273,0.187841396203359
"1368","PIK3R4",-0.0367559956666667,1.31197700392719,0.235323236021383
"1369","PITRM1",-0.0419279093333333,1.75281630129926,0.131190705736357
"1370","PKM",-0.0218535996666667,0.921570803230613,0.400827514108377
"1371","PKMYT1",0.00529909666666672,-0.175367253122983,0.866041434199186
"1372","PKN2",-0.0282494216666667,1.67321288978428,0.153285539629953
"1373","PLK1",-0.047037407,1.01508338652994,0.340361704289346
"1374","PLK4",0.0145027713333333,-0.401821196824533,0.69756669030789
"1375","PLRG1",-0.051991385,3.49776265068762,0.00727738136996746
"1376","PMF1",-0.00469792766666666,0.169431492509238,0.869271265117014
"1377","PMM2",-0.0754887093333333,2.46000501617767,0.0502771674007206
"1378","PMPCA",0.0283357436666667,-1.13209775472714,0.287495113305634
"1379","PMPCB",0.0370999386666666,-1.49954811787166,0.17115546362844
"1380","PMVK",-0.0701157950000001,2.46378103650825,0.0378017610631408
"1381","PNKP",-0.0619035196666667,2.92151121536281,0.0371856999084122
"1382","PNN",-0.0101663216666666,0.592975500908821,0.568066447148282
"1383","PNPT1",-0.0436212953333333,2.05137380705176,0.088160394737739
"1384","POC1A",-0.068760721,1.35148720931517,0.216502678079028
"1385","POLA1",-0.0478266293333334,2.33651923264089,0.0473962533069957
"1386","POLA2",-0.0147929746666667,0.727404887801837,0.490805361724646
"1387","POLD1",0.0533138443333334,-2.75194547645628,0.0231873736826278
"1388","POLD2",-0.0164375680000001,0.643376989200237,0.547257135401679
"1389","POLD3",0.034329268,-1.49891989408067,0.176181864659729
"1390","POLE",-0.0272595626666666,1.32193605506105,0.232448676740606
"1391","POLE2",-0.00828480266666665,0.384099894943107,0.718351838988101
"1392","POLE3",-0.0542917979999999,1.87010975629223,0.106329433780973
"1393","POLE4",-0.0580488193333333,1.45709009625395,0.180429532423687
"1394","POLG",-0.0252810933333333,0.911501541337597,0.403089480628361
"1395","POLG2",-0.0213244363333334,0.677112292110075,0.529821392122252
"1396","POLR1A",0.0166227396666666,-0.446303869399794,0.675294752482154
"1397","POLR1B",0.00951874666666674,-0.416661917267054,0.692476986704627
"1398","POLR1C",-0.014577006,0.528184821096969,0.616948112618522
"1399","POLR1E",-0.0406298253333334,1.51145438706086,0.172364190818301
"1400","POLR1F",-0.012832755,0.398180100052236,0.700006807355686
"1401","POLR1H",-0.0313208106666667,1.30300140947674,0.228717058604843
"1402","POLR2B",0.0293906346666666,-0.91946843512307,0.386006093517379
"1403","POLR2C",0.0424771666666667,-1.60595559293964,0.176933874616884
"1404","POLR2D",0.0395819496666666,-1.66267468676113,0.151823662457211
"1405","POLR2E",-0.0321249216666666,1.76894055519548,0.129778686246329
"1406","POLR2F",0.00579101233333335,-0.38762508661803,0.711891148924385
"1407","POLR2G",0.00396147000000002,-0.201040020872509,0.846703522662154
"1408","POLR2H",-0.0181158123333334,1.60380417969581,0.156148564376631
"1409","POLR2I",-0.0023477936666666,0.115893465206132,0.910860382317719
"1410","POLR2K",-0.0384996283333334,1.42536504566202,0.217074566634319
"1411","POLR2L",0.00548069000000001,-0.257597364897236,0.802941553055706
"1412","POLR2M",-0.00818592166666676,0.252953309408925,0.806605792883789
"1413","POLR3A",0.0243389293333334,-1.07480357883712,0.333949759062943
"1414","POLR3B",0.035436841,-1.02177785253135,0.357316704401091
"1415","POLR3C",-0.0329787143333333,1.39452969260749,0.224360995546588
"1416","POLR3D",-0.0433536743333334,1.55846641895448,0.18404397116501
"1417","POLR3E",-0.0476331586666667,1.67023780414389,0.150253542211403
"1418","POLR3F",-0.0126089166666666,0.61327225681324,0.570515275655067
"1419","POLR3H",-0.0265197276666667,2.38600992803878,0.0440897419604056
"1420","POLR3K",-0.0140330320000001,1.78941776087887,0.111448766289001
"1421","POLRMT",-0.0214988733333333,1.01045923111223,0.343525686175794
"1422","POM121C",0.00676659866666673,-0.346105273216524,0.741771793759432
"1423","POMP",-0.0626581586666668,2.00333184245949,0.0837822368839992
"1424","POP1",0.00602175366666668,-0.207944572682102,0.841981791622341
"1425","POP4",-0.0102411663333334,0.411496120329983,0.696314288334769
"1426","POP5",-0.00425752866666673,0.170288897426763,0.868832629074343
"1427","POP7",-0.00773171699999997,0.291058099301741,0.777606501940716
"1428","POT1",-0.0430987266666666,1.13355018735457,0.297764361165405
"1429","POU2AF1",-0.0499378206666667,1.28849774526325,0.253776103121212
"1430","PPA1",-0.042583801,1.98776596983185,0.0890539203998038
"1431","PPA2",-0.0521595876666667,1.90669724087508,0.0952927621680328
"1432","PPAN",-0.00634080933333325,0.341751213452208,0.740501396793787
"1433","PPAT",0.01194101,-0.364181159803793,0.732209920016394
"1434","PPCDC",-0.0359198983333333,1.53237206578705,0.162317492129762
"1435","PPCS",-0.0200940066666667,1.50821727070827,0.172146534688223
"1436","PPIA",-0.0810159326666667,2.49248910615195,0.0471715358291524
"1437","PPIH",-0.022429875,0.808001853769944,0.460967421112296
"1438","PPIL1",-0.0977896446666666,2.07579059834381,0.090387350715112
"1439","PPIL2",-0.0237955366666667,0.914586964867051,0.391845374986672
"1440","PPIL4",-0.000474921333333267,0.0189603703100863,0.985565960601088
"1441","PPM1D",-0.0667635680000001,1.61083938721252,0.176592268936255
"1442","PPM1G",0.00609133366666659,-0.203610916993572,0.843196810688749
"1443","PPME1",-0.0992779886666667,6.72263469877741,0.000399192667345235
"1444","PPP1CA",-0.0809199113333334,2.39516795905185,0.0604925581261745
"1445","PPP1CB",-0.0267462363333334,1.20573596111973,0.265632360458145
"1446","PPP1R10",0.0063683063333333,-0.180110535236493,0.864011486965659
"1447","PPP1R11",-0.00696713733333332,0.392779913188366,0.70381288880973
"1448","PPP1R12A",-0.015093337,0.947675594343177,0.376360300498367
"1449","PPP1R15B",-0.0418426003333333,2.26917277248137,0.0656211873801855
"1450","PPP1R2",-0.00203545933333338,0.0697202289696616,0.9460498206323
"1451","PPP1R7",-0.0583974216666666,2.15378880859739,0.0716433735024678
"1452","PPP1R8",-0.0422270673333333,2.3009913596778,0.0607610865837535
"1453","PPP2CA",-0.0225816703333334,0.667391492735285,0.532789152758035
"1454","PPP2R1A",-0.00527579499999997,0.120512622721052,0.907001819496119
"1455","PPP2R2A",-0.0326178803333333,1.04703412711572,0.345130763901579
"1456","PPP2R3C",0.00621458566666666,-0.311751185973791,0.763834639067882
"1457","PPP4C",-0.0323395200000001,1.99165658994287,0.084084829649663
"1458","PPP4R2",-0.0464747433333332,2.09158240220087,0.0902745103648044
"1459","PPP6C",-0.044539957,2.31542880171668,0.0541360134833557
"1460","PPP6R3",-0.0131054773333333,1.21148084038989,0.25753059779716
"1461","PPRC1",-0.0416955436666666,1.48932723699076,0.181812923110884
"1462","PPWD1",0.112142972333333,-6.60228811661278,0.000207206366570164
"1463","PRC1",-0.01517735,0.607509745285414,0.569773453726412
"1464","PRDX1",-0.0308086113333332,0.740722502741276,0.479415674116139
"1465","PREB",-0.0343492413333334,0.850838662025468,0.419908242315475
"1466","PRELID1",0.0487194956666667,-1.2298345487272,0.253199409835193
"1467","PRELID3B",-0.023429861,0.765325277495801,0.468470430988135
"1468","PRIM1",-0.025617169,0.626319223972214,0.547402118253864
"1469","PRKAR1A",-0.0664225376666667,3.24626007710215,0.0169723458000805
"1470","PRKRA",-0.0449024066666667,2.18882313861186,0.0564202682952107
"1471","PRMT1",-0.00552706033333328,0.320191941854043,0.757914508888267
"1472","PRMT5",-0.015941578,0.742434598474629,0.482773407165164
"1473","PRORP",0.006682882,-0.24004208257935,0.819305098013806
"1474","PRPF19",-0.00419809466666665,0.177146427648783,0.864105983929135
"1475","PRPF3",-0.0453846883333333,2.77862718672789,0.0262702113690502
"1476","PRPF31",-0.0237908163333334,1.67129615430005,0.129781052701506
"1477","PRPF38A",0.0175434603333333,-0.48275346970011,0.641912359163483
"1478","PRPF38B",-0.0141514939999999,0.543636508510294,0.601917091490811
"1479","PRPF39",-0.0335863573333333,1.20041755526583,0.266014721670999
"1480","PRPF4",0.0138364873333333,-0.726332275201456,0.488779417229773
"1481","PRPF40A",-0.106245953333333,3.2803020353575,0.0180846229040598
"1482","PRPF6",-0.0278632573333333,0.882345697142256,0.402056220233985
"1483","PRPF8",-0.0275848023333333,1.11634411126257,0.300328563162546
"1484","PSMA1",-0.0396797293333333,1.5593318754786,0.175297064678382
"1485","PSMA2",-0.00501729500000003,0.287346380607729,0.780359247129628
"1486","PSMA3",0.01265442,-0.534546166079284,0.606569475401856
"1487","PSMA4",0.00465334033333331,-0.205734920045322,0.842809126101841
"1488","PSMA5",-0.00862930866666667,0.612990055952744,0.555687460302794
"1489","PSMA6",-0.0207931096666667,0.558631375922678,0.599086323112833
"1490","PSMA7",0.041071697,-1.82827755331722,0.102817528315676
"1491","PSMB1",-0.0186166289999999,1.1760380280399,0.270650648469238
"1492","PSMB2",-0.0376766133333333,1.23755875521665,0.259277376225697
"1493","PSMB3",-0.0569899093333334,1.47883555895867,0.177695475126231
"1494","PSMB4",0.027578701,-1.02331414247352,0.350678605107123
"1495","PSMB5",0.014752755,-0.706180906668119,0.50701680570426
"1496","PSMB6",-0.0638142386666667,2.61410293240731,0.0333915411814299
"1497","PSMB7",-0.026205253,1.16897522390493,0.288410521208286
"1498","PSMC1",-0.00831436733333335,0.429897681512938,0.680634594690604
"1499","PSMC2",0.00179962833333336,-0.0659543464142849,0.949985154005726
"1500","PSMC3",-0.0117317406666666,0.443506485199875,0.668353253734411
"1501","PSMC4",-0.032886616,1.58764008646515,0.161002120062107
"1502","PSMC5",-0.0348711713333334,1.23408286368999,0.253927611601774
"1503","PSMC6",-0.0274317556666667,1.92177247917958,0.0929132926619285
"1504","PSMD1",0.000213225999999955,-0.00889226014588409,0.993145964608062
"1505","PSMD11",0.0260897066666667,-0.984200529656998,0.351809054813665
"1506","PSMD12",0.0214295786666667,-1.33697393094709,0.216088554171898
"1507","PSMD13",-0.0551475346666668,1.50575148389161,0.166791088258063
"1508","PSMD14",0.0118018826666667,-0.354657422959213,0.739653068578397
"1509","PSMD2",-0.0615713090000001,1.95937026680945,0.081984494576052
"1510","PSMD3",-0.0103561703333334,0.551218869695148,0.595819713119849
"1511","PSMD4",-0.0219857023333333,0.884581581624322,0.41041226490876
"1512","PSMD6",0.024464449,-1.00596549109933,0.340997449402236
"1513","PSMD7",-0.00971236333333336,0.360888181760033,0.731411295298016
"1514","PSMD8",-0.0439702780000001,1.48576009006602,0.171509788632916
"1515","PSMF1",-0.0477349006666666,1.84393331925928,0.118570397657576
"1516","PSMG1",0.000343122333333334,-0.0268366915033651,0.979186123815563
"1517","PSMG2",-0.0210072403333333,0.871026026606244,0.417629574573749
"1518","PSMG3",-0.0591180650000001,1.71912031939692,0.124980280350481
"1519","PSMG4",-0.0993668376666667,2.47815470770864,0.0406335397847005
"1520","PSTK",-0.0496887893333334,1.21030228335607,0.260726326908793
"1521","PTAR1",-0.0283267883333332,1.03844041334212,0.332070374513976
"1522","PTBP1",-0.0762084676666667,4.36760307258036,0.00310395617173662
"1523","PTCD1",0.00255142133333319,-0.0841659066670351,0.936494624056596
"1524","PTCD3",0.00178917233333331,-0.114612633193104,0.911367210285899
"1525","PTDSS1",0.00246117133333323,-0.127471377319658,0.901797758365814
"1526","PTEN",-0.063601362,2.17396850491918,0.0825958191491194
"1527","PTK2",-0.0382070166666666,1.52786714852379,0.164955079670041
"1528","PTMA",-0.039624708,1.24768229095403,0.258496733604804
"1529","PTPA",-0.0280583583333334,1.35128396591307,0.210383049281034
"1530","PTPMT1",-0.0277288396666667,1.82362655749946,0.12522659917558
"1531","PTPN1",-0.0448268290000001,1.25871507550127,0.255564995383011
"1532","PTPN11",-0.05070082,4.21734149846848,0.0038467976466805
"1533","PTPN23",-0.0349750533333334,0.818784735035807,0.445894787767607
"1534","PUF60",0.0415248033333334,-1.73164178204284,0.138975269436981
"1535","PUM1",-0.0315621383333333,1.19536450166024,0.268867897575338
"1536","PWP1",-0.0357984663333334,1.52108125335624,0.163366013486087
"1537","PWP2",0.00310252033333325,-0.137368287486819,0.893887856886418
"1538","PXN",-0.0505050523333332,2.43246306887409,0.0485377379171188
"1539","PYROXD1",-0.0797017370000001,2.67019273484156,0.0305031304811468
"1540","QARS1",0.022227869,-0.895526543128,0.410693738853644
"1541","QRSL1",-0.00702565666666666,0.523836473189567,0.614940265673911
"1542","RAB10",-0.0922442486666667,2.48091461970956,0.0557630576542954
"1543","RAB18",-0.0509597723333334,2.02995933675735,0.0750936926592407
"1544","RAB35",-0.107145911666667,4.07978469418027,0.00775339586299642
"1545","RAB6A",-0.0700542883333333,2.56996187480338,0.0432996980011839
"1546","RAB7A",-0.0958539726666666,3.17746016990126,0.0166570416710816
"1547","RABGGTA",0.0125738023333333,-0.500983132895985,0.631545805342498
"1548","RABGGTB",0.0161620793333332,-0.705792632075184,0.50359276997818
"1549","RABIF",-0.018005266,1.02656704732028,0.343807039152646
"1550","RAC1",-0.0310873503333334,1.01363877405814,0.340209399293848
"1551","RAC3",-0.05265504,2.03268457979208,0.0864369038482518
"1552","RACGAP1",-0.0868680453333333,1.60470038316431,0.157487971599728
"1553","RACK1",-0.0380758889999999,2.36325603984732,0.0628002788650569
"1554","RAD1",-0.0207630316666667,0.99631125969368,0.345609645862952
"1555","RAD17",-0.015428447,0.586559947487789,0.575712452333899
"1556","RAD21",-0.00736433133333336,0.368613331911687,0.725319594260527
"1557","RAD51",-0.0273872033333333,1.29666189816723,0.250964837102227
"1558","RAD51B",-0.0616723276666666,2.25123014158071,0.0546333889775072
"1559","RAD51C",-0.0114408346666666,0.449886135090718,0.663446728222935
"1560","RAD51D",-0.0617725503333334,2.42667437440892,0.0391946918104594
"1561","RAD9A",0.00164325233333329,-0.0535263480588822,0.958836312119128
"1562","RAE1",-0.00414933933333328,0.195019832253428,0.85087340259394
"1563","RAF1",-0.0437314223333334,2.13337581325033,0.0807561297408612
"1564","RAN",0.0166384873333333,-0.307187601638704,0.767369469502331
"1565","RANBP3",-0.00192964266666662,0.0848864271167348,0.934211327400473
"1566","RANGAP1",-0.00573157366666666,0.234725330360895,0.822295147116506
"1567","RARS2",-0.0216619903333334,0.738195589528999,0.487342471861522
"1568","RASA4",-0.0909143976666666,4.93641235199587,0.000902490940783884
"1569","RB1CC1",-0.0337723543333334,1.2635249894506,0.259702116355477
"1570","RBBP4",-0.0249034956666667,0.907159578420767,0.410761198549773
"1571","RBBP5",-0.0272417083333334,1.61115745486397,0.14222628740765
"1572","RBBP6",-0.027844075,0.870975122366569,0.407353932520846
"1573","RBBP7",-0.0538156046666667,1.85559556948285,0.133328963116528
"1574","RBBP8",-0.0161377913333333,0.849124538392813,0.425429303259272
"1575","RBIS",-0.037745725,3.40719877721557,0.00799995354626434
"1576","RBM10",-0.0580624559999999,2.66958342428409,0.0343356519417547
"1577","RBM12",-0.019671653,0.834456252588066,0.426642156750667
"1578","RBM14",-0.0440394426666667,2.01218005966304,0.0752418631714999
"1579","RBM15",-0.045678442,1.51215256432568,0.170559325022218
"1580","RBM17",-0.0287265893333333,0.870495961341008,0.424280924649617
"1581","RBM22",-0.00382780566666674,0.144284599938459,0.888935879898167
"1582","RBM25",-0.0443636396666666,1.26591719969569,0.23732935949227
"1583","RBM28",-0.0120681526666666,0.339982682224443,0.745587819985037
"1584","RBM39",0.0243789313333334,-1.70497521207869,0.125692650823801
"1585","RBM42",-0.118112402333333,3.41757461465931,0.00766136905546336
"1586","RBM5",-0.026539243,1.22602012472512,0.277226224008968
"1587","RBM8A",-0.031042441,1.65121419696993,0.154514263066282
"1588","RBMX",-0.0110692316666666,0.434453220759891,0.674192892239597
"1589","RBMX2",-0.0847988630000001,2.07610825723539,0.0777538914530846
"1590","RBMXL1",-0.013673637,0.572277805896898,0.58734498295073
"1591","RBSN",-0.0739744303333334,1.85816115099758,0.12148981530154
"1592","RBX1",0.0116823779999999,-0.904980990121952,0.390935124234386
"1593","RCC1",-0.00316592766666657,0.0932647030461475,0.929301241223943
"1594","RCC1L",-0.0411903533333333,1.46981108495434,0.176264520209969
"1595","RCL1",-0.00365343366666659,0.141726009223406,0.890969136044799
"1596","RCOR1",-0.0500263833333333,1.36772509997568,0.21628685376229
"1597","RELA",-0.0354086946666666,1.14715309199086,0.307702251447028
"1598","REV1",-0.0269058259999999,0.834135411156783,0.43080919013467
"1599","REV3L",0.0111416516666667,-0.501034951851274,0.628659031137709
"1600","REXO2",-0.0568708713333334,1.48584193213841,0.171810591490428
"1601","RFC2",-0.0175408446666667,0.645001202699344,0.53843514704216
"1602","RFC3",-0.0165923133333333,0.607730712871919,0.56128265218497
"1603","RFC5",-0.0103198050000001,0.435504705622394,0.678191991210127
"1604","RFK",-0.0292280850000001,1.7181274820817,0.12825831688208
"1605","RFT1",-0.0830549856666667,2.80615197481104,0.0239960715844382
"1606","RGP1",-0.020467495,0.651275337507049,0.531768870168415
"1607","RHEB",-0.0313641276666667,1.3274992984268,0.229963015719306
"1608","RHOA",-0.066385656,5.58929162248208,0.000695669747808194
"1609","RHOQ",-0.0436639936666666,1.46967216558635,0.177593527959152
"1610","RIC1",-0.0688334473333333,1.77442242152932,0.109785782481669
"1611","RIC8A",-0.0566470266666667,2.35526498541621,0.0594650965282788
"1612","RICTOR",-0.03581383,2.133509352982,0.0618706694384503
"1613","RINT1",-0.050921927,1.31454891502366,0.244589189808414
"1614","RIOK1",0.0245352760000001,-1.65516110839839,0.135320748260742
"1615","RIOK2",-0.0333645606666666,1.67173559510079,0.137494454439921
"1616","RMI1",-0.0486320513333334,1.72136165550256,0.132607190917764
"1617","RMND5A",-0.0247550493333334,0.884769755659942,0.409947049873728
"1618","RNASEH2A",-0.00206226766666662,0.0538879148498629,0.958479881770505
"1619","RNASEH2C",-0.0330648116666666,0.998621112279928,0.357290787009369
"1620","RNF113A",-0.0524760963333333,2.12948058752436,0.0678857684065221
"1621","RNF146",-0.0879993183333333,1.81989326923574,0.104603598928752
"1622","RNF168",-0.053554804,4.76058708655345,0.00166126243639337
"1623","RNF20",-0.0351632223333332,3.01704629687219,0.014555511535449
"1624","RNF31",-0.0383236503333334,1.61935387787027,0.155624772675541
"1625","RNF4",-0.0810827523333333,3.06008040273019,0.0266387075964148
"1626","RNF7",-0.020116822,0.666181420658486,0.529851094643067
"1627","RNF8",-0.0803776433333334,4.02890566333591,0.00346196810607831
"1628","RNGTT",-0.0206870236666666,0.714368099552135,0.493813397081374
"1629","RNH1",-0.0247635866666667,0.72188449854651,0.500766406153254
"1630","RNMT",-0.00292775833333336,0.189652356518691,0.854190126277994
"1631","RNPC3",-0.0284512263333333,1.08142707529516,0.322830942321746
"1632","RNPS1",-0.0497168676666666,2.01440321840849,0.0748036096344614
"1633","ROCK2",-0.0258594033333334,0.844323540159274,0.43696342229759
"1634","ROMO1",-0.0342588933333334,0.898223881919864,0.413046337119279
"1635","RPA1",0.0336170973333333,-0.726591737576078,0.504423313652632
"1636","RPA2",-0.0464215886666666,1.88577300472277,0.0991361632334647
"1637","RPA3",0.03587502,-1.5868570901768,0.149840764085029
"1638","RPAIN",-0.076808948,3.11502778688406,0.0154905519601608
"1639","RPAP2",-0.0120753816666668,0.580491283788897,0.580144083336732
"1640","RPE",-0.0556749143333334,1.53803109606692,0.183522605936326
"1641","RPF1",-0.0098905686666666,0.535673615835379,0.606710497418746
"1642","RPF2",-0.0131797173333333,0.556066629276505,0.605749119982307
"1643","RPIA",-0.0746797966666668,3.27280360034373,0.0209068599034196
"1644","RPL10",-0.0533164796666666,1.52951151564517,0.18122187294099
"1645","RPL10A",0.0345283463333333,-0.911281566135352,0.39445205516787
"1646","RPL11",0.01263229,-0.870416661819374,0.407717761250268
"1647","RPL12",-0.0226393973333333,0.649111337031135,0.532801968340215
"1648","RPL13",0.0305411066666667,-1.10868561981309,0.318621241800118
"1649","RPL13A",-0.00869602833333327,0.503430115495107,0.628539795541516
"1650","RPL14",-0.00502424200000001,0.216980356890004,0.83542305714578
"1651","RPL17",0.0513664226666667,-1.60414467846246,0.153455261240927
"1652","RPL18",8.21653333332728e-05,-0.00431776338206087,0.996660079562815
"1653","RPL18A",0.0494890753333333,-4.16307197141295,0.00296534913742231
"1654","RPL19",0.0203526023333333,-1.26680964478606,0.237581868751195
"1655","RPL21",0.017317355,-0.618579701891543,0.552275317175188
"1656","RPL22",-0.0614686696666666,1.73443779459826,0.124300077056267
"1657","RPL22L1",-0.0533393156666667,1.32479401202762,0.241485542776768
"1658","RPL23",0.0279297246666667,-1.64253679810882,0.140748135579493
"1659","RPL23A",0.0134893546666666,-0.867939873950605,0.4176361153829
"1660","RPL24",0.0109585356666667,-0.596716778604996,0.565423617640739
"1661","RPL26",-0.0136129866666667,0.293926618121769,0.780999068818377
"1662","RPL26L1",-0.0703258689999999,1.62827352631318,0.16268056444777
"1663","RPL27",-0.005605898,0.292544346620259,0.776503357693967
"1664","RPL27A",-0.0239034176666666,0.586878917326649,0.576700428459219
"1665","RPL28",-0.0327624793333333,3.04354580463895,0.0218813433268591
"1666","RPL3",0.0181009486666667,-0.515993684903517,0.618391133224543
"1667","RPL30",-0.0517280466666666,1.97289114997231,0.0888408091221222
"1668","RPL31",0.0258163823333333,-1.19736898529403,0.274791789474083
"1669","RPL32",-0.00758432599999997,0.465444161617696,0.653245805483208
"1670","RPL35",-0.0115776309999999,0.403671603919409,0.699817986236456
"1671","RPL36",-0.00559799300000002,0.152366304351226,0.883135152037795
"1672","RPL36A",0.0432926946666666,-1.23286687702042,0.257736727694084
"1673","RPL36AL",-0.0767322303333333,2.22162560805099,0.0828302415353134
"1674","RPL37",-0.0299743063333333,0.965006456024895,0.36313932388845
"1675","RPL37A",0.0264076183333333,-1.3366298220153,0.214169588287907
"1676","RPL38",-0.106040365666667,3.90535476745174,0.0091353870018557
"1677","RPL4",0.032953114,-1.30031738362229,0.250200989440378
"1678","RPL5",-0.00601005166666668,0.415129113953485,0.689474036954525
"1679","RPL6",-0.0235561893333333,1.26702273841223,0.258867917903586
"1680","RPL7",-0.00584115799999996,0.332669348075218,0.747002430543559
"1681","RPL7A",0.0209942703333333,-1.31321950939706,0.235179763445025
"1682","RPL7L1",0.00842258500000004,-0.373945584253332,0.717597709148371
"1683","RPL8",-0.0013304606666667,0.0539744340206172,0.958139603344152
"1684","RPL9",0.00358081166666668,-0.268098487059514,0.794887063566171
"1685","RPLP0",0.0285105579999999,-1.33615051466195,0.233927471170986
"1686","RPLP1",-0.0317668680000001,0.676363894952295,0.521131444017184
"1687","RPLP2",-0.013618193,0.445172758530014,0.674860429412037
"1688","RPN1",-0.00851644500000004,0.410395059766458,0.691637302026014
"1689","RPN2",-0.032549945,2.42898455756021,0.0494762536065984
"1690","RPP14",-0.00765812866666671,0.175566053608695,0.866403042478381
"1691","RPP21",0.0276138136666667,-0.621742620439408,0.555962751655358
"1692","RPP25L",-0.0575655136666666,1.23018874398316,0.270253167615736
"1693","RPP30",-0.0137405733333332,0.418928095683189,0.690365751603311
"1694","RPP38",-0.0306076153333333,1.12908014374447,0.307454471905737
"1695","RPP40",-0.0147534633333334,0.737003155833198,0.48235562083652
"1696","RPRD1B",-0.0956413953333334,3.26086042143199,0.0210196012308123
"1697","RPRD2",-0.0211014153333334,0.977142450901987,0.372635803446308
"1698","RPS11",0.0334377106666667,-1.54990889879067,0.167587920150948
"1699","RPS12",0.0248737226666667,-1.57889047773252,0.152924610321377
"1700","RPS13",0.00816866933333338,-0.648316768690253,0.537651779612268
"1701","RPS14",-0.0251707433333334,1.59244044443961,0.147685134214221
"1702","RPS15",0.0204397636666667,-1.07685459033803,0.310083693570417
"1703","RPS15A",-0.069996699,2.27699449961841,0.057307219619837
"1704","RPS16",-0.000853540333333347,0.0323403349901802,0.975139871820255
"1705","RPS17",0.0270703466666667,-1.06059421908511,0.319604405886358
"1706","RPS18",0.0193958796666667,-1.00725659471065,0.349375558795555
"1707","RPS19",0.0283910416666667,-1.27893245354377,0.254967420268336
"1708","RPS2",-0.0202901163333333,0.838048733857466,0.441230668033619
"1709","RPS20",0.00795676233333331,-0.425391625761685,0.682291766875041
"1710","RPS21",-0.0328254436666667,1.96568881371509,0.0940320004809324
"1711","RPS23",-0.0115834103333333,1.00185054218575,0.343225176224433
"1712","RPS24",0.00930929533333336,-0.410779664177677,0.698537360652271
"1713","RPS25",-0.029460936,0.923466084030238,0.401671112566899
"1714","RPS27A",0.0428475283333334,-3.53420908468707,0.0064842991814294
"1715","RPS28",0.00275697900000005,-0.0792862741742077,0.938842927761806
"1716","RPS29",0.007336756,-0.463902253248218,0.656755201749957
"1717","RPS3",0.0424424893333333,-2.49611648718489,0.0391961096496947
"1718","RPS3A",0.0362850726666666,-0.992744528883797,0.355853461244886
"1719","RPS4X",0.0671961746666667,-1.74888596392336,0.117288886786725
"1720","RPS5",0.00712543366666663,-0.387012270852481,0.709284515693928
"1721","RPS6",-0.005351828,0.255435594630847,0.80523270057534
"1722","RPS7",0.038826408,-1.15562655080446,0.281193130421709
"1723","RPS8",0.0637949273333334,-1.43106230959686,0.186208812350916
"1724","RPS9",0.0511736093333333,-2.09457591726572,0.0881471567645875
"1725","RPTOR",-0.0249991513333333,0.964511898182435,0.377458657923819
"1726","RPUSD3",-0.0758962813333334,1.82535848123374,0.135090705836864
"1727","RPUSD4",-0.00383754166666661,0.191315003813012,0.855393745733358
"1728","RRAGA",-0.030379032,1.11159795987607,0.298469241071179
"1729","RRAGC",0.00919522500000003,-0.592751805328782,0.570279960569514
"1730","RRM1",-0.105901877666667,1.36130468442525,0.222387451308322
"1731","RRM2",0.00594260633333338,-0.166061089833258,0.872430175391241
"1732","RRN3",-0.010482014,0.957870468339553,0.365020457607481
"1733","RRP1",-0.0350289676666666,1.75679420210554,0.121475865781431
"1734","RRP12",-0.0292679206666667,1.32530962185878,0.218429279302092
"1735","RRP15",-0.0830880623333333,3.69384913787636,0.00672014199698586
"1736","RRP7A",-0.0127522770000001,0.469388009151245,0.656295700174019
"1737","RRP9",-0.0519105000000001,1.93206062865544,0.0965003688877832
"1738","RRS1",-0.0239646936666666,1.42225838388109,0.189360392685705
"1739","RSL1D1",-0.0177285746666667,0.950902202161347,0.366590870834391
"1740","RSL24D1",0.0430505853333333,-1.7292060423781,0.119529017280865
"1741","RTCB",-0.0320514566666666,0.836453617697684,0.435918388521094
"1742","RTEL1",-0.0474429783333333,1.32329845142418,0.230445379202075
"1743","RTF2",-0.0297125643333332,0.761292315000749,0.466984481079571
"1744","RTRAF",-0.0304585220000001,1.05525024298128,0.322100617073711
"1745","RTTN",-0.0105498703333333,0.400088418525141,0.700773869050324
"1746","RUNX1",-0.0314853776666667,1.14315059461189,0.307491629296756
"1747","RUVBL1",-0.00578163900000001,0.315837000727607,0.759631000344744
"1748","RUVBL2",-0.00834885100000005,0.644667522612138,0.544577395739898
"1749","SACM1L",-0.00988816633333323,0.547875169198764,0.598039635263092
"1750","SAE1",0.006018046,-0.37881359065166,0.714497592396698
"1751","SAMD4B",-0.0239459876666667,0.716978895661731,0.498655911545585
"1752","SAMM50",-0.0283914583333333,0.82703269624213,0.442116000264658
"1753","SAP130",-0.0309763773333334,1.22880368303194,0.256563579471976
"1754","SAP18",-0.0130868666666667,0.460436379233753,0.66166838473362
"1755","SAP30BP",0.0531740113333334,-1.83643688684086,0.105383133176921
"1756","SARNP",-0.089618313,2.08925077384294,0.0791104136741872
"1757","SARS1",0.103261817666667,-1.5108799474682,0.18408554597554
"1758","SARS2",-0.041800357,1.21526708715267,0.267739483135453
"1759","SART1",-0.0309304553333333,2.19390610624822,0.0584006304903094
"1760","SART3",0.0255136636666667,-0.965727484865543,0.361835227900536
"1761","SASS6",-0.0179711336666667,0.513426251611263,0.620915199405969
"1762","SBDS",-0.0592814463333333,1.74455001595261,0.1253626090284
"1763","SCAF4",-0.158106209,3.25922417542679,0.0240937371411094
"1764","SCAF8",-0.0492338216666667,1.71918072790671,0.159159105656533
"1765","SCAP",0.0212825743333332,-0.695884278102687,0.504308863377624
"1766","SCD",-0.00887062466666666,0.392471906405048,0.705322804458886
"1767","SCFD1",-0.0143563316666667,1.11011206846445,0.306865921186512
"1768","SCO1",-0.0381789863333333,2.00901448097529,0.0754889131437926
"1769","SCO2",-0.034563899,2.01307348806552,0.0821336871931653
"1770","SCYL1",-0.0297930266666667,1.83900920110121,0.109353792251461
"1771","SDAD1",-0.00665285466666665,0.377761560985227,0.719088154945218
"1772","SDE2",0.037814238,-0.634277557332066,0.551024751089277
"1773","SDHA",-0.0192987263333333,0.839051608803299,0.428327497033385
"1774","SDHB",-0.0220217883333333,1.0360407334389,0.327751758073848
"1775","SDHC",0.019171424,-1.51013785007806,0.165927811484576
"1776","SDHD",-0.00129298799999999,0.0948426398658759,0.927999767858871
"1777","SEC13",0.0324888626666667,-1.55256086396497,0.154947334133506
"1778","SEC16A",-0.0355488096666667,1.02336049969506,0.340102526401168
"1779","SEC61A1",0.0868312703333334,-3.73443334267464,0.00466554997991037
"1780","SEC61B",-0.0710959326666667,1.51734292025476,0.201765545185589
"1781","SEC61G",-0.0390957353333333,1.61492022366692,0.144353277893272
"1782","SEC62",0.00179047666666665,-0.0791631450716065,0.938783932787254
"1783","SEC63",-0.040190763,2.48491576819521,0.0406235608616729
"1784","SEH1L",0.0294917090000001,-1.08436132215288,0.313008123224263
"1785","SEM1",-0.0149593636666667,0.784682234183071,0.457383196772439
"1786","SENP6",0.0147648446666667,-0.792768046593757,0.450207460402958
"1787","SEPHS2",-0.0198642849999999,0.526059292144376,0.612455788979938
"1788","SEPSECS",-0.0406318036666666,0.996684189392275,0.365485544270282
"1789","SERBP1",0.0472438893333333,-1.30862074889557,0.224070646781184
"1790","SETD1A",0.0257724513333334,-0.78938248255579,0.460768860788583
"1791","SETD1B",-0.00298401699999995,0.104705508100295,0.91906221032788
"1792","SETD2",-0.0445595103333334,1.91018021847955,0.115498877275798
"1793","SETD5",-0.0300677776666667,0.835872933184571,0.448328473376655
"1794","SETDB1",-0.0339688816666666,0.930350115054961,0.392275942782744
"1795","SF1",0.119056499666667,-2.29811495026351,0.073380390929114
"1796","SF3A1",0.00871393600000003,-0.537427606827414,0.608529350997284
"1797","SF3A2",-0.04339865,1.53836604769451,0.167986130135584
"1798","SF3A3",0.00230924700000001,-0.0776983458575145,0.94032838564994
"1799","SF3B1",-0.0145591286666668,0.765346167382367,0.466867250322703
"1800","SF3B2",-0.0157664173333333,0.687054377782851,0.509611783082693
"1801","SF3B3",0.0399589143333334,-0.945741861636088,0.369104094287659
"1802","SF3B4",0.0198585966666667,-0.408507512340331,0.692932596669892
"1803","SF3B5",0.054959899,-2.6475527858143,0.0320762775476419
"1804","SF3B6",-0.0420683383333333,1.50027797238252,0.168152789271845
"1805","SFPQ",-0.0398682456666667,1.83321210205762,0.107120412462804
"1806","SFSWAP",0.00449011900000007,-0.198180142636375,0.850724631686339
"1807","SGF29",-0.0638874956666667,2.63940824680962,0.0324767310891901
"1808","SGO1",-0.0453950563333333,1.217749960214,0.273366740673562
"1809","SH3GL1",-0.0512277953333333,1.0284653833463,0.354716753847679
"1810","SHC1",-0.0381032969999999,1.37517707027477,0.211951084312983
"1811","SHOC2",-0.0386162666666666,2.728087941679,0.0280887109263326
"1812","SHQ1",-0.042176431,1.60719730013407,0.157752505045317
"1813","SIAH1",-0.0214075416666667,0.83706467289388,0.441955189949153
"1814","SIN3A",-0.024428834,0.814631139451098,0.439909689992514
"1815","SINHCAF",-0.00360016266666663,0.0800420152002523,0.939174256402189
"1816","SIVA1",-0.0376714673333334,2.2603997550419,0.0604908445184881
"1817","SKA1",-0.0549196150000001,1.00116628525933,0.34293862211749
"1818","SKA2",-0.0421146373333332,1.21917277564778,0.271981406037006
"1819","SKA3",-0.0495204946666666,1.31060213178288,0.242084495323078
"1820","SKIC8",-0.020337714,0.771160489285526,0.471781162315789
"1821","SKP1",0.00561916633333337,-0.217348634820268,0.833323856097742
"1822","SKP2",-0.0604942766666666,2.37831358608483,0.0414277695794634
"1823","SLC16A1",-0.0366644933333333,1.44066060861281,0.183573950972611
"1824","SLC20A1",-0.030631379,1.3610401966612,0.21530776761447
"1825","SLC25A1",-0.126975747333333,2.98134276548139,0.0310273074675338
"1826","SLC25A19",-0.0460046620000001,1.34343676025748,0.213637913721314
"1827","SLC25A26",-0.043984058,1.10324242042485,0.315157205178774
"1828","SLC25A28",-0.0473394466666667,1.66237979284863,0.131162269037119
"1829","SLC25A3",-0.0496034013333334,1.6545596446312,0.151921664776548
"1830","SLC2A1",-0.0398926846666667,1.62681031886882,0.155951598711636
"1831","SLC30A9",-0.00339811000000001,0.15341711609868,0.88325644106093
"1832","SLC33A1",-0.0449567793333334,2.01069059581083,0.0901694912589349
"1833","SLC35A1",-0.0188239053333333,0.609959899614128,0.565085829663626
"1834","SLC35A2",-0.05434721,1.6162831712072,0.165504328529981
"1835","SLC35B1",-0.00447422999999991,0.113116833705843,0.912432670639615
"1836","SLC35B2",-0.086395361,3.65182221861258,0.00726147099468456
"1837","SLC38A2",-0.0274493033333333,0.989391441078457,0.348611524859241
"1838","SLC39A10",0.0136378306666666,-0.391870527970387,0.709619905464914
"1839","SLC39A7",0.0290403386666667,-0.987827524626923,0.361349116456358
"1840","SLC3A2",0.00356023233333336,-0.103255085192326,0.922223105659312
"1841","SLC4A7",-0.00852742833333331,0.434811902939526,0.673956684911944
"1842","SLC7A1",-0.0429343033333334,1.44785557913497,0.196143806696924
"1843","SLC7A5",-0.037867976,1.42533214453217,0.188857355443274
"1844","SLC7A6OS",-0.0167459526666667,0.683007335296853,0.519878635994558
"1845","SLU7",-0.0249893623333333,0.666033426730468,0.52213257978594
"1846","SLX9",-0.0264193656666667,0.859285320050185,0.412826556470395
"1847","SMAD7",-0.065698305,2.58621423445405,0.0399955956249535
"1848","SMARCA2",-0.0154107659999999,0.491146783813514,0.641360322791884
"1849","SMARCA4",-0.01449688,0.33378815575564,0.748755639729099
"1850","SMARCA5",-0.0353689606666666,1.28321783304368,0.247342475091626
"1851","SMARCB1",-0.0128622776666667,0.498168937527819,0.639326399756857
"1852","SMARCD1",0.00177735499999998,-0.0974843861628426,0.924479250538465
"1853","SMARCE1",-0.0479034236666667,2.2167979199898,0.0552173985141435
"1854","SMC1A",0.020831676,-1.93469701238925,0.0852188667888581
"1855","SMC2",0.0179022786666667,-0.855773848390762,0.417218249780653
"1856","SMC3",-0.020821952,1.30557088729616,0.242029907045842
"1857","SMC4",0.0140694563333333,-1.21852385232118,0.254025702920456
"1858","SMC5",-0.0499366323333333,2.24984724307431,0.0686845153530813
"1859","SMC6",-0.0908210606666666,2.62019508003227,0.0486855559194173
"1860","SMCHD1",-0.0180645,0.65704858797319,0.543474857448787
"1861","SMG1",-0.0159894523333334,1.01797490191911,0.343765482852129
"1862","SMG5",-0.00556546499999999,0.224374237498553,0.830021834961986
"1863","SMG6",-0.0176858363333333,1.18971515275914,0.281843133937238
"1864","SMG7",-0.0427442280000001,1.08933931778616,0.313132215917284
"1865","SMNDC1",-0.0427983896666667,2.40605775213898,0.0410573409609011
"1866","SMU1",0.0260851956666667,-1.04165029529932,0.339879517614656
"1867","SNAI2",-0.0404959513333334,3.21238619170707,0.0127239070744058
"1868","SNAP23",-0.0116939233333334,0.650160003275024,0.539161515073838
"1869","SNAPC1",0.0112909843333333,-0.752108987121644,0.48732146766406
"1870","SNAPC2",0.00186808700000007,-0.120461726681833,0.909508278648056
"1871","SNAPC3",-0.00118500166666669,0.0857457924147541,0.935454529913605
"1872","SNAPC5",0.00893380366666674,-0.56541200375604,0.599670930695544
"1873","SNF8",-0.0303169723333334,1.294283974293,0.250683752245716
"1874","SNIP1",-0.0566613853333333,1.47358935989261,0.203909294158185
"1875","SNRNP200",0.00453363333333334,-0.182520974028292,0.861766548417733
"1876","SNRNP25",-0.0290566436666666,1.40660157749833,0.193690840394608
"1877","SNRNP27",-0.00321462799999994,0.100045828002317,0.924348884641298
"1878","SNRNP35",-0.0720396416666667,2.39222518731725,0.0413431752843155
"1879","SNRNP40",-0.128800984333333,1.72845261115794,0.138353270739584
"1880","SNRNP48",-0.00484055399999994,0.157593940209319,0.879358906622695
"1881","SNRNP70",-0.109587897333333,3.17555799694136,0.0128241729756751
"1882","SNRPA",-0.055963584,2.34427983606649,0.0684468663380214
"1883","SNRPA1",0.0283232153333333,-1.05570371903833,0.322097146235563
"1884","SNRPB",-0.0321182793333333,1.4965329170914,0.173200231079216
"1885","SNRPB2",-0.049441704,1.98500550982103,0.0804004908034824
"1886","SNRPC",-0.0185703833333333,1.11639257499315,0.293466241866095
"1887","SNRPD1",0.022919449,-0.569510453553754,0.582971040534247
"1888","SNRPD2",-0.00874931333333334,0.422096214539075,0.684715478461791
"1889","SNRPD3",0.0982433203666667,-1.9516588964802,0.0891403618100886
"1890","SNRPE",-0.0453243973333334,1.1315847357573,0.290129607778026
"1891","SNRPF",0.0372190513333334,-1.27318098917998,0.242504445491085
"1892","SNRPG",-0.130689385,3.27737195793869,0.0173602156585107
"1893","SNU13",0.00853675500000001,-0.488595047475599,0.636952099048304
"1894","SNUPN",-0.02972696,1.05997431230125,0.317489798975585
"1895","SNW1",-0.0466338553333333,2.35829497285906,0.0460499682028508
"1896","SOCS3",-0.0152023606666667,0.757918032857337,0.474094440175667
"1897","SOD1",0.0128287583333333,-0.35995019695689,0.7349050475105
"1898","SOD2",-0.0427502546666667,2.54287192658699,0.031910192545094
"1899","SON",-0.0127696896666667,0.668391381030583,0.523156375925345
"1900","SOS1",-0.0186099963333334,0.904411640775461,0.391240406981761
"1901","SOX10",0.0228266970000001,-1.08149663142843,0.308251211648445
"1902","SOX2",-0.0302476906666667,1.13499920404264,0.30489283437315
"1903","SOX9",-0.0651468803333333,2.74029012785072,0.0392361351999102
"1904","SP1",-0.0959959566666666,2.43978004211828,0.0610681738130228
"1905","SPATA31A6",-0.0405348856666666,3.1248480592871,0.0205904150907215
"1906","SPC24",-0.0339324456666666,0.927990112985869,0.378952564441687
"1907","SPC25",-0.0268492156666666,0.649867583714156,0.534972972716115
"1908","SPCS1",-0.0460305219999999,0.872241196094258,0.413249975086958
"1909","SPCS2",-0.025967984,1.10338388982887,0.315008642745541
"1910","SPCS3",-0.0129582853333334,0.99956784406235,0.358268331141874
"1911","SPDL1",-0.0309876536666668,1.44519096989183,0.193981506015073
"1912","SPOUT1",0.00622117466666672,-0.225274536691834,0.827086830387138
"1913","SPRR2G",-0.0639558943333334,2.22120277603333,0.0767893623480484
"1914","SPRTN",-0.037448175,2.14007067779841,0.0632769133814816
"1915","SPTLC1",-0.0471649110000001,1.69700201960489,0.148763026162513
"1916","SPTLC2",-0.0412324709999999,1.65607349973838,0.148641508492617
"1917","SPTSSA",-0.0623952733333333,1.5959211897624,0.157181791016277
"1918","SQLE",-0.0400340746666666,2.44673589359247,0.0376400715296062
"1919","SRBD1",-0.00611308799999999,0.183409366478492,0.861013553725158
"1920","SRCAP",-0.0436068549999999,1.81347301239546,0.132885379496836
"1921","SREBF1",-0.0502932366666666,2.36944763407445,0.0681781672240577
"1922","SREK1IP1",-0.013263088,0.2096962883703,0.842699375478747
"1923","SRF",-0.0590154593333333,3.35153501130733,0.0215352792667703
"1924","SRFBP1",0.0017853063333334,-0.039599413097069,0.970077948634415
"1925","SRM",-0.040190261,1.53069311625105,0.166857590583298
"1926","SRP14",-0.0863590203333333,2.61333767378625,0.0282522059267301
"1927","SRP19",-0.0301553893333334,1.74235560913388,0.117153780002258
"1928","SRP54",-0.0128069386666667,0.491891153000293,0.641220967702573
"1929","SRP72",-0.0336816963333333,2.03021044549786,0.0768929711328428
"1930","SRP9",-0.106904877,3.32357817178799,0.0194167523352715
"1931","SRPRA",-0.047789767,1.13508894708905,0.305027838113222
"1932","SRRM1",-0.0274491019999999,1.16082906846341,0.286456664232691
"1933","SRRM2",-0.0507631636666667,2.29021851664623,0.0686247386307213
"1934","SRRT",-0.0386664343333334,1.22286755763105,0.274911728992943
"1935","SRSF1",-0.0131317056666667,0.617253275123569,0.553988641605584
"1936","SRSF10",-0.113031452,2.37479510634649,0.0551159459963002
"1937","SRSF11",-0.015439954,0.718236669751842,0.493657378923586
"1938","SRSF2",0.046024419,-1.46107923770023,0.208151894520271
"1939","SRSF3",0.0497814016666667,-2.4093792547923,0.0451939203330139
"1940","SRSF6",-0.0798831553333333,1.85703394152968,0.107154411320855
"1941","SRSF7",0.054494668,-3.15200497136274,0.0228279368835733
"1942","SS18L2",-0.0823186726666666,4.11164549362121,0.00389967951506159
"1943","SSB",-0.0305537349999999,1.32892152690666,0.229756133620223
"1944","SSBP1",-0.0270510873333333,1.32130814937919,0.234951663982042
"1945","SSBP3",-0.0307644726666667,1.77932661255102,0.110500771562627
"1946","SSRP1",-0.00622339966666663,0.327685350399953,0.752719989615704
"1947","SSU72",-0.0418053329999999,1.68716868747924,0.126653397248692
"1948","STAG1",-0.026821023,1.49151717595706,0.177044630982155
"1949","STAG2",-0.01452731,0.807583037953166,0.45467663761583
"1950","STAMBP",-0.04614547,1.5558643867676,0.167066813950564
"1951","STEEP1",-0.0183369676666666,1.51488959669311,0.189477731966249
"1952","STIL",0.00149188733333327,-0.0669577733890809,0.948241727475788
"1953","STK11",-0.053015865,2.19523282361146,0.0809050466474012
"1954","STK40",-0.0532657403333333,2.22724444062969,0.0831784162168888
"1955","STN1",-0.0658805346666667,1.49293418062171,0.175884409438083
"1956","STRAP",-0.0127551193333333,0.477072893721845,0.650046034031129
"1957","STRIP1",-0.0233788236666667,0.987340139106972,0.363185615915523
"1958","STT3A",-0.060003179,2.63526360116928,0.0277352488931498
"1959","STX18",0.0179379949999999,-0.900104334453303,0.394334211989509
"1960","STX4",-0.0426197869999999,1.72925475542777,0.120631270604438
"1961","STX5",0.00200334533333335,-0.117703645225072,0.909158151404456
"1962","STXBP3",-0.00752073166666667,0.305206208447603,0.769939217066118
"1963","SUCO",-0.01878762,1.38019102816655,0.203462390521382
"1964","SUDS3",-0.00780972666666668,0.164956029139727,0.875988393776866
"1965","SUGP1",-0.085896925,2.7185961989828,0.0353038496173774
"1966","SUGT1",-0.072492522,1.72716314039978,0.141052766532297
"1967","SUPT16H",0.00500788299999999,-0.274443942759735,0.79401224408196
"1968","SUPT20H",-0.0190583593333333,0.80364683258584,0.442380038113044
"1969","SUPT4H1",0.0136189756666666,-0.472324336044541,0.655928006499002
"1970","SUPT5H",0.0582099600000001,-1.84494003169709,0.130677020352922
"1971","SUPT6H",-0.00245235700000002,0.142908249797228,0.889514055649493
"1972","SUPT7L",-0.03257692,1.57450880936317,0.152258209669749
"1973","SUPV3L1",-0.0208569936666666,0.782505955104591,0.461646967529809
"1974","SURF4",-0.0731967153333333,3.08379653392869,0.0134334080437914
"1975","SUZ12",-0.0486071216666666,1.89691047256278,0.0994692315109039
"1976","SYF2",-0.0495877613333333,1.86706725580133,0.112726055760938
"1977","SYMPK",-0.0308452643333332,1.29595538773044,0.245882585761485
"1978","SYNCRIP",-0.0590519516666667,1.92405423954335,0.121318406044601
"1979","SYS1",-0.0333479133333333,0.858021852860356,0.414237586024075
"1980","SYVN1",-0.019802483,0.807970536831898,0.452161941679225
"1981","TACC3",-0.0231933426666667,1.0145792063171,0.355932005392617
"1982","TADA1",-0.0166736166666667,0.79550931904541,0.447250788500478
"1983","TADA2B",-0.035308456,1.39787784443685,0.219021721733272
"1984","TADA3",-0.0241472079999999,0.700417088750818,0.502986577791425
"1985","TAF1",-0.0138169196666666,0.591814001976914,0.571614300379359
"1986","TAF10",-0.00136432499999994,0.0546157355710847,0.957649092984241
"1987","TAF12",-0.00983108066666671,0.427267595905728,0.684738936860861
"1988","TAF1B",-0.0141328746666667,0.641425997378577,0.537242155231311
"1989","TAF1C",-0.0430135520000001,1.82797390816068,0.10122305904767
"1990","TAF2",-0.0111803363333334,0.602531696010446,0.568471682424569
"1991","TAF4",-0.00783871600000008,0.243379079271113,0.815308715258576
"1992","TAF5",-0.0326930583333332,1.87232867215691,0.101114920160406
"1993","TAF5L",-0.0667958869999999,2.29819936515441,0.0671615115064418
"1994","TAF6",0.0316704166666667,-1.19255220687917,0.269198429007313
"1995","TAF6L",-0.00260934499999999,0.0661110611397275,0.949975581080464
"1996","TAF7",-0.0218126373333333,0.823463774943637,0.439460587090956
"1997","TAF8",0.0269292853333334,-0.842140263774428,0.430420969161201
"1998","TAFAZZIN",0.0490113736666666,-1.1480271134648,0.286161416932742
"1999","TAMM41",-0.0174705716666667,0.715393768862577,0.494857546042522
"2000","TANGO6",-0.00510058066666663,0.123407637382687,0.907123450736926
"2001","TAOK1",-0.0486888433333333,2.45596335160465,0.0522479357405152
"2002","TAPT1",-0.061565219,2.83218626598682,0.021369028255342
"2003","TARDBP",-0.0379596326666666,0.747929287569082,0.473691955573039
"2004","TARS1",0.0323322126666666,-1.43124799504745,0.18638108603568
"2005","TARS2",-0.0150289333333333,0.41403256355793,0.693078038348626
"2006","TBCA",-0.08152865,2.84141314842757,0.0236690828020416
"2007","TBCC",-0.0302989953333334,1.66422505156087,0.160268506063802
"2008","TBCD",-0.038944592,4.70660357374925,0.00116482508638604
"2009","TBL1XR1",-0.0756824903333334,3.45952487911385,0.0095653271077212
"2010","TBL3",0.00166348233333335,-0.0586331056103504,0.955354478295706
"2011","TCERG1",-0.0531546053333333,1.82444559975297,0.111894555457384
"2012","TCF3",-0.035180796,2.37781206432784,0.0416611277689062
"2013","TCF7L2",-0.00289189866666661,0.0710564466276812,0.945079816083629
"2014","TCOF1",-0.0522250733333334,2.34346521666415,0.0680129122359388
"2015","TCP1",0.0168142623333334,-0.813413286250576,0.445760346343565
"2016","TDP2",-0.0259021316666667,0.919155171826889,0.394605770703988
"2017","TEAD1",-0.0880468663333334,2.94405676664356,0.0270867566011451
"2018","TEDC1",-0.00702381166666677,0.119125338374742,0.908097049449048
"2019","TEDC2",0.00125298333333335,-0.0392059865503394,0.969635845341846
"2020","TELO2",-0.0314415699999999,1.68506148264657,0.126347911980767
"2021","TEN1",-0.0736632476666667,1.77750641037732,0.135880620236687
"2022","TENT4B",-0.0486692833333333,2.26499270133092,0.0714589435150239
"2023","TERF2",-0.0433736863333334,1.9950550507443,0.0842321769033137
"2024","TFAM",-0.00300769400000001,0.149332315387943,0.887593705529571
"2025","TFAP2A",0.0303736346666666,-0.79077220959832,0.460425573387415
"2026","TFAP4",-0.0181980766666666,1.02553980892081,0.344247050879967
"2027","TFB1M",-0.01720607,0.318435214959138,0.760827399716607
"2028","TFB2M",0.00818976900000001,-0.484270192794037,0.647244887864149
"2029","TFDP1",-0.0683073786666666,2.16970381675075,0.0583469128412272
"2030","TFIP11",0.0293967456666667,-1.01323605295995,0.349344573524389
"2031","TFRC",-0.0645650036666666,2.74700832883314,0.0289132474206376
"2032","TGFBR1",-0.0514804179999999,3.00455368176215,0.0154020669801026
"2033","TGIF1",-0.0649820836666667,2.14716649581941,0.0629059934039521
"2034","TGS1",-0.061828797,1.84205151067706,0.117536294275199
"2035","THAP1",0.00385029166666662,-0.121601089482765,0.905887310477511
"2036","THAP11",-0.00855431699999998,0.181459262717028,0.860724699085283
"2037","THAP12",-0.0410622833333333,1.78811343811945,0.138392225600687
"2038","THG1L",-0.0434759056666667,1.00754583186107,0.360590562103698
"2039","THOC1",-0.0342823093333333,1.90109956759141,0.0966698754345923
"2040","THOC2",0.0590662713333333,-2.31369092828173,0.0622151100375151
"2041","THOC3",-0.00909505633333341,0.441500095699591,0.670722384635902
"2042","THOC5",0.00214283400000004,-0.123656463603518,0.904533952764309
"2043","THOC7",0.0351956893333334,-1.12564498459331,0.297662309060788
"2044","TIAL1",-0.099487863,2.51657943014745,0.0642124436794689
"2045","TICRR",-0.0437548080000001,1.453361525426,0.180483285437515
"2046","TIMELESS",-0.0256048323333333,1.50539851396556,0.167145817807413
"2047","TIMM10",0.00861734800000002,-0.534642643928166,0.606129023881558
"2048","TIMM13",-0.089444881,2.96036188571944,0.0206320346697115
"2049","TIMM17A",-0.0686283313333333,5.31555579540426,0.0012485461354774
"2050","TIMM22",-0.0714562133333333,2.65655649765728,0.0420757409598171
"2051","TIMM23",0.0125733656666667,-0.607596070335837,0.563758742737631
"2052","TIMM29",0.0289320916666667,-0.524979441358157,0.619581714631437
"2053","TIMM44",-0.0624425550000001,3.09050101978775,0.0147609973083844
"2054","TIMM8A",-0.110126410333333,3.74135476659628,0.0161668230608391
"2055","TIMM9",-0.0371426506666667,1.43492272122463,0.191104185851919
"2056","TINF2",-0.0210874653333333,0.509976596459142,0.62265576656966
"2057","TIPARP",-0.0133432713333334,0.552650015641234,0.597964286133197
"2058","TIPIN",0.0168352906666667,-0.503904507753847,0.626433631045841
"2059","TIPRL",-0.144285925,3.86201659266541,0.0149568445430108
"2060","TKT",-0.0384681626666667,1.90378402901587,0.0946712145074075
"2061","TLK2",-0.00734433633333342,0.245017751817873,0.817270008369969
"2062","TLN1",-0.0510458113333334,1.58814017111631,0.147301229850127
"2063","TM9SF3",-0.012253527,0.611463772186911,0.556031687899349
"2064","TMED10",-0.0140964163333334,0.361376731873171,0.733821922810818
"2065","TMED2",-0.0412892233333333,1.64209652318156,0.154865297306615
"2066","TMEM165",-0.0255624433333334,1.03638455574215,0.327513050950851
"2067","TMEM167A",-0.00850315633333332,0.434025921178682,0.680562349490049
"2068","TMEM199",0.010900288,-0.322861773219641,0.757665970327922
"2069","TMEM41B",-0.03873391,1.14810436964701,0.297960719381698
"2070","TMEM80",-0.0083986353333334,0.347400784665897,0.743049199802302
"2071","TMX2",-0.0109550666666667,0.321082214987449,0.760471413279773
"2072","TNPO1",-0.0367145129999999,1.37324463590138,0.211136863141029
"2073","TNPO3",0.022971735,-1.08723503398148,0.313438179515384
"2074","TOE1",-0.122217259666667,4.08834317630386,0.00373908916995928
"2075","TOMM20",-0.0538724996666667,2.1905367386188,0.0841851204322534
"2076","TOMM22",-0.00750136266666668,0.29774861920598,0.774093723583024
"2077","TOMM40",0.00642451666666666,-0.324663211641838,0.756733623213916
"2078","TOMM70",-0.117181635,7.26237383609965,0.000375284021057515
"2079","TONSL",-0.00667658566666662,0.25011440105764,0.808963893833927
"2080","TOP1",-0.0101768306666666,0.349101866612096,0.740669601827592
"2081","TOP2A",-0.0582452526666667,1.36312224465562,0.211701945014524
"2082","TOP3A",-0.0373856293333333,1.88162384837251,0.0931858081767537
"2083","TOPBP1",0.02142358,-0.709456040650361,0.49663343486426
"2084","TP53",-0.117187022666667,3.48684409504441,0.0119913217542601
"2085","TP53BP1",-0.0248702296666667,1.17938389333388,0.285616469879321
"2086","TP53RK",-0.0114963276666666,0.58809128608409,0.571006274006617
"2087","TP63",-0.107088860333333,3.79498303730151,0.0121955835746446
"2088","TPI1",-0.0371170373333333,2.34030430549776,0.0454907850670334
"2089","TPK1",-0.0630834053333333,1.57187467273168,0.175503316960243
"2090","TPR",-0.032802226,1.61651393872741,0.143730940487584
"2091","TPT1",-0.0919059440000001,3.74031992416059,0.00538875903187593
"2092","TPX2",-0.00847519933333341,0.273778862313043,0.790533612313168
"2093","TRA2B",-0.0401106763333334,1.3084976437418,0.224812480988868
"2094","TRAF2",-0.0160436549999999,0.603204245503779,0.566254353475534
"2095","TRAIP",-0.013558512,0.358664756108535,0.728302469475187
"2096","TRAPPC1",-0.0280872403333333,0.827731677038587,0.437532040325472
"2097","TRAPPC11",0.00477432566666658,-0.267532358184019,0.795147714368674
"2098","TRAPPC2L",-0.0467294873333333,1.36902194370161,0.204246332812911
"2099","TRAPPC3",0.0211961056666666,-0.881943779008125,0.403430702281997
"2100","TRAPPC4",-0.0332624,1.19452555517333,0.273739606783663
"2101","TRAPPC5",-0.021888522,1.01737132526256,0.345638072132743
"2102","TRAPPC8",0.0540841456666666,-2.41897573725853,0.0542241437892545
"2103","TRIAP1",-0.0268504213333333,0.817588818306428,0.43609913587142
"2104","TRIM28",-0.0528309246666666,1.63957765823094,0.164905451996258
"2105","TRIM37",-0.0425970666666666,1.20032283085352,0.273878565957454
"2106","TRIP12",-0.0196106836666666,1.27135935662044,0.238235393666191
"2107","TRIP13",-0.0232002743333333,0.688455498700242,0.510656403594539
"2108","TRIR",-0.00644311466666669,0.257022879130609,0.803312512596614
"2109","TRIT1",-0.05725949,1.22297173546448,0.278314659820429
"2110","TRMT10C",-0.0124574026666666,0.471411076885945,0.652548331642779
"2111","TRMT112",0.0230601683333334,-0.790108849629898,0.464321832791386
"2112","TRMT6",-0.00734553999999998,0.218968871258824,0.83170124233087
"2113","TRMT61A",-0.0309537853333333,0.901385322271504,0.399277464422468
"2114","TRNAU1AP",-0.160604760333333,2.61291599530139,0.0536723883347592
"2115","TRNT1",0.0575275196666666,-2.37284155411449,0.0424683614500267
"2116","TRPM7",-0.0625222736666667,1.17884221849174,0.279102444303648
"2117","TRRAP",-0.0127934003333333,0.698836573614622,0.509049727602004
"2118","TRUB2",-0.0041474543333333,0.21618354800863,0.834381287331171
"2119","TSC1",-0.0386996873333334,2.04243208968107,0.0746007796400188
"2120","TSC2",-0.0522476416666667,2.79247828079903,0.0273217083153533
"2121","TSEN34",-0.0220454673333333,1.12251979658815,0.290700128622388
"2122","TSEN54",-0.0238470426666667,1.02283414711869,0.355184555651694
"2123","TSG101",-0.042793408,2.53579804096146,0.0622982660783977
"2124","TSR1",-0.0141645676666666,0.615151411913903,0.554887622530896
"2125","TSR2",0.0246569209999999,-2.16123382065154,0.0725318723632194
"2126","TTC1",-0.0260543126666667,0.983194499071029,0.36410657451837
"2127","TTC4",-0.0588984069999999,2.00723106216084,0.0960317860223362
"2128","TTC7A",-0.0283729796666667,0.915544488769481,0.392445472144964
"2129","TTF2",0.0178846946666666,-0.696615003032929,0.509308257604368
"2130","TTI1",-0.030979777,1.23549608945461,0.250684305888955
"2131","TTK",-0.037379425,2.14566181093883,0.0607422220735065
"2132","TUBA1B",0.0223852933333333,-0.705399305598155,0.518057214416807
"2133","TUBA1C",0.0318254279999999,-1.53903095050919,0.159923950825835
"2134","TUBB",-0.00849706133333339,0.480808041885006,0.643439567699602
"2135","TUBB3",-0.0396284583333333,0.833146241185711,0.430699537553865
"2136","TUBB4B",-0.0701252893333334,2.38418142530823,0.0422490457576396
"2137","TUBD1",-0.021826623,0.796913562701074,0.463648692716793
"2138","TUBE1",-0.0036030583333333,0.138738723990825,0.894578989335023
"2139","TUBG1",0.029916779,-1.31731569444322,0.221314453524464
"2140","TUBGCP2",-0.00551601366666665,0.23885556640238,0.817819528604812
"2141","TUBGCP3",-0.00138344899999998,0.0558390544811901,0.956788577063911
"2142","TUBGCP4",-0.00544679566666673,0.221398449188652,0.830002596547477
"2143","TUBGCP5",-0.0107103533333334,0.571019363967247,0.586583774488346
"2144","TUBGCP6",-0.00585366333333337,0.19894976780963,0.846881684412734
"2145","TUT1",0.0988251106666667,-2.27948864301558,0.0774173633156024
"2146","TWNK",0.0216477983333334,-1.80219211737722,0.105148234161442
"2147","TXN",-0.0321998566666667,1.44366707512812,0.198415525033733
"2148","TXNL4A",0.00538509233333334,-0.151897020047074,0.884332387455667
"2149","TXNL4B",0.00272089966666667,-0.115780894536764,0.912369902996227
"2150","TXNRD1",-0.0475081623333333,2.25225710159909,0.0622032868679509
"2151","TYMS",-0.0428244216666667,1.25808820989454,0.259919923631957
"2152","U2AF1",-0.0344920826666666,1.88113599745095,0.0940170041125251
"2153","U2AF2",-0.0267253719999999,1.20188384399491,0.263039848616554
"2154","U2SURP",-0.0204408346666667,1.3657910154673,0.212465485385063
"2155","UAP1",-0.0349622733333333,1.09478003682144,0.305706630150356
"2156","UBA1",-0.00977467433333334,0.34545082046444,0.740666241509905
"2157","UBA2",-0.00144427666666669,0.100624816278056,0.922076788629686
"2158","UBA3",-0.0163133283333334,0.768036462856253,0.462364097040467
"2159","UBA5",0.000267988666666663,-0.00852217016956164,0.993416721222527
"2160","UBA6",-0.0168819786666666,0.50600913026886,0.626376922539542
"2161","UBAP1",-0.0399132996666667,1.75627696931349,0.113252468482462
"2162","UBAP2L",-0.0857859593333333,3.37898363641804,0.0223595279528084
"2163","UBE2A",-0.0421324986666667,1.4590805929431,0.18375458271659
"2164","UBE2C",-0.0622432203333334,3.14167205584369,0.0188577082718709
"2165","UBE2D3",-0.0719323573333333,3.30133850745748,0.0105634414950931
"2166","UBE2F",-0.0561925683333333,0.899233859420774,0.398241181176728
"2167","UBE2G2",-0.0764946613333334,2.50133301733901,0.0449383837164148
"2168","UBE2H",-0.0864641086666667,2.63801430847286,0.0416166816957071
"2169","UBE2I",0.002341066,-0.124321073892776,0.904605953797594
"2170","UBE2J2",-0.0294089713333333,1.80861587193171,0.111658259455897
"2171","UBE2K",-0.0549457963333333,2.71771291950343,0.0239155741208386
"2172","UBE2L3",-0.0235749046666667,0.95491781141571,0.382783209728677
"2173","UBE2M",0.0412638536666666,-2.31145113228343,0.0464660102241918
"2174","UBE2N",0.0103036466666666,-0.557333260716819,0.594988999980246
"2175","UBE2Q1",0.0412960136666667,-0.636615506298079,0.55671326839129
"2176","UBE2S",-0.0733277619999999,4.59875776678487,0.00129280861623975
"2177","UBE3D",-0.0614542643333333,2.8549214679379,0.0373791384193905
"2178","UBE4B",-0.0486993583333334,1.80970225775884,0.115389522962524
"2179","UBIAD1",0.011910491,-0.328433050651454,0.752207784164767
"2180","UBL5",0.00773735233333334,-0.328186830696546,0.751255225298877
"2181","UBR4",-0.0489276983333334,2.59226073743182,0.0297077990594811
"2182","UBR5",-0.076446342,2.0634327327435,0.0859328370550014
"2183","UBTF",0.000867225999999999,-0.0271738698915402,0.979509360112134
"2184","UBXN4",-0.051557497,2.57667337285247,0.0307668529076693
"2185","UCHL5",-0.0297099263333334,1.09574038751492,0.330487527629726
"2186","UFD1",-0.0558954130000001,1.70913091453726,0.132897493840989
"2187","UFL1",-0.00875375866666672,0.374152395494367,0.718629542921872
"2188","UFM1",-0.0272725570000001,0.660116770370383,0.539458400290045
"2189","UFSP2",0.00947550633333327,-0.368479201834646,0.723372547913559
"2190","UGCG",-0.0748901910000001,2.94918747296067,0.0174443242036876
"2191","UGP2",-0.032217567,1.47565842029854,0.182391290984247
"2192","UMPS",-0.0647680399999999,1.65651066954375,0.155544048048428
"2193","UNC50",-0.038246551,1.52249721907897,0.192579921418126
"2194","UPF1",-0.064966394,5.18182181391258,0.00387507206096684
"2195","UPF2",-0.0168656646666667,1.17384020127328,0.292271794025913
"2196","UQCR10",-0.033760223,1.61424551778333,0.141543219885896
"2197","UQCRB",-0.0245204116666666,1.00046050124905,0.35652893912991
"2198","UQCRC1",-0.03365453,1.36896390006039,0.223986637747471
"2199","UQCRC2",-0.037603013,1.74603192182166,0.115515020045446
"2200","UQCRFS1",-0.00421958966666669,0.173568877876121,0.866047760847141
"2201","URB1",-0.0306319203333334,1.2240587880345,0.266731200422701
"2202","URB2",-0.0207172063333333,0.635311328553201,0.544155006682844
"2203","URI1",0.026946656,-0.504569764322174,0.637422589971308
"2204","URM1",-0.0439920796666667,1.43535818354433,0.185078928579007
"2205","UROD",-0.0493106116666666,2.80782413829285,0.0215829591511559
"2206","UROS",-0.0286011683333333,0.821232204024065,0.443868495954105
"2207","USE1",-0.0546958236666667,2.81183419763831,0.0229039149826889
"2208","USP1",-0.0375441433333332,1.67889982168194,0.142927644816223
"2209","USP10",-0.0772719329999999,3.32263164963344,0.0102405418746029
"2210","USP14",-0.0479858303333333,1.72782233758267,0.124337545385723
"2211","USP17L10",-0.0156734916666667,0.673239520155087,0.518022373640137
"2212","USP18",-0.0651969713333334,2.30242750297728,0.0743192770189433
"2213","USP36",0.0149950619999999,-0.640960199054408,0.538137271722454
"2214","USP37",0.0174435036666667,-0.767975042187755,0.46259725464642
"2215","USP39",-0.0227121303333333,1.40806614069103,0.20298528303388
"2216","USP5",-0.00915332199999996,0.481507281869285,0.642915147531018
"2217","USP7",-0.043433963,3.25055730243974,0.0157881993165809
"2218","USP8",-0.0230099850000001,1.27389024745277,0.239476092050978
"2219","USP9X",-0.0340599413333333,2.39144987554299,0.0441394087065093
"2220","USPL1",-0.00496213233333331,0.14034584725222,0.891979462061703
"2221","UTP11",0.00558491466666666,-0.434348081675214,0.674788652888944
"2222","UTP15",-0.00873583333333328,0.642915673915381,0.541742584696982
"2223","UTP18",-0.0176195406666667,0.887928005504159,0.415383730741905
"2224","UTP20",-0.0548964456666666,2.0041028523126,0.0936789767520618
"2225","UTP23",-0.0203409786666666,1.4205459979631,0.199083241565051
"2226","UTP3",-0.0234682376666667,0.586806383028649,0.580812134257895
"2227","UTP4",0.0563746773333333,-2.42928563920144,0.052946918630885
"2228","UXS1",-0.0825587800000001,4.79533362035641,0.0011306050931029
"2229","UXT",-0.0786818446666667,2.94113982350303,0.0309867293436677
"2230","VARS1",-0.0475995370000001,2.24883478365621,0.0511899967396238
"2231","VARS2",-0.0459316043333333,1.16917017270322,0.298699566627541
"2232","VBP1",-0.0477534203333333,3.03142348269157,0.0207908941042252
"2233","VCL",-0.100173378333333,4.45221466439995,0.00501420989546081
"2234","VCP",0.010862023,-0.246877076600316,0.81054349945466
"2235","VCPIP1",-0.0194918763333334,1.40441611540976,0.197525369627768
"2236","VDAC1",-0.0400119099999999,1.65731680312871,0.155397141152426
"2237","VHL",-0.0115469050000001,0.581230799491956,0.584737845944203
"2238","VIRMA",0.0063233966666667,-0.194906875020111,0.851847479024469
"2239","VMA21",-0.127802866666667,3.28943482310696,0.00974912837994819
"2240","VMP1",-0.0300715056666667,1.57154937802134,0.154776055067975
"2241","VPS13D",-0.0453425193333333,1.5443739528902,0.176065377094816
"2242","VPS16",-0.0893934670000001,3.63123175626002,0.00591333331313671
"2243","VPS18",-0.0805745213333333,1.94909162839121,0.102826089152487
"2244","VPS25",0.000207309000000044,-0.00839173853907259,0.993518281998252
"2245","VPS28",-0.0138373513333333,0.641200204540126,0.537644083611155
"2246","VPS29",-0.0251570496666667,0.852908356450202,0.42705297048524
"2247","VPS33A",-0.0648391533333332,2.12005181787546,0.0858664916596417
"2248","VPS35",-0.00576453633333329,0.204983032429407,0.843817888132373
"2249","VPS36",-0.0832931689999999,3.75472055765073,0.00634735255323298
"2250","VPS37A",-0.0350268446666666,0.735778420588116,0.482534921018771
"2251","VPS41",-0.0246042603333334,1.25394441514451,0.242891235897874
"2252","VPS45",-0.0272642749999999,1.13607825950408,0.285346275734137
"2253","VPS4A",-0.109117460333333,2.65940260291637,0.0531471719144587
"2254","VPS4B",-0.0401251136666667,1.91921922341107,0.0872410912775447
"2255","VPS51",0.083522148,-3.34945601797908,0.0093594377597682
"2256","VPS52",0.0104886430000001,-0.365950504378407,0.72301259421726
"2257","VPS53",-0.0384492756666667,1.96975408860094,0.104539736826786
"2258","VPS54",-0.063744962,2.31261066224356,0.0547853329465045
"2259","VRK1",-0.013462153,0.283215575771365,0.786594206992557
"2260","WAC",-0.00958571466666669,0.421855541228485,0.683726752864567
"2261","WARS1",-0.0267472526666666,1.19528661292328,0.274872968150619
"2262","WARS2",-0.024832961,0.614860307060212,0.55500323620685
"2263","WASHC2C",0.00494780333333344,-0.214917494339746,0.835273424324182
"2264","WASHC3",0.0279846036666668,-1.08492018096749,0.318008552953463
"2265","WBP11",-0.0577103616666667,2.5552396000913,0.0313831395124426
"2266","WDHD1",-0.0342775223333333,1.7893362721687,0.107835704482051
"2267","WDR1",-0.0432447106666666,0.974651062183906,0.379447436368971
"2268","WDR12",0.00984287733333344,-0.597429274425987,0.575911969375464
"2269","WDR18",-0.042557837,1.22524748363483,0.267317642267049
"2270","WDR24",-0.031400039,1.33015717607152,0.220597080202077
"2271","WDR26",-0.0616259616666668,2.46730885675756,0.0625173788188055
"2272","WDR3",0.0111498573333334,-0.628487566921582,0.546290077096487
"2273","WDR33",0.00251662166666655,-0.212696204947426,0.837437119555876
"2274","WDR36",-0.0291489016666666,1.02332254029173,0.333319604428851
"2275","WDR4",0.00887784666666669,-0.518094750218189,0.618965158805355
"2276","WDR43",0.0433436263333333,-2.31866185704151,0.0494255155948359
"2277","WDR46",0.0147921866666667,-0.645303278029235,0.545491850289005
"2278","WDR48",-0.0885201213333333,2.58380508986907,0.0492242476537664
"2279","WDR5",-0.0355970476666667,1.30832490240505,0.230575905120778
"2280","WDR55",-0.0106461416666667,0.509630393476077,0.62272423072315
"2281","WDR7",-0.0236674643333333,0.873377870018144,0.425897502586459
"2282","WDR73",0.00473370333333334,-0.108475002296431,0.918183896670469
"2283","WDR74",0.0506209000000001,-2.54689591401324,0.0340917968314301
"2284","WDR75",-0.0124800286666666,0.472458260096041,0.647847915037908
"2285","WDR77",-0.0439199466666667,2.02486668945407,0.0846999189267572
"2286","WDR82",0.0169064339999999,-0.496169504952632,0.635789260817682
"2287","WDR83",-0.0208309833333333,0.797470386795601,0.458916494178362
"2288","WEE1",0.0382761283333334,-0.900506719527753,0.403891864233073
"2289","WNK1",-0.00785645000000001,0.204409952711653,0.844627862827188
"2290","WRN",-0.018696945,0.495505311134999,0.64066128829971
"2291","WTAP",-0.0489910286666667,5.57640418598198,0.00087202818946932
"2292","WWTR1",-0.0780270283333333,2.31236878617888,0.0770181551243918
"2293","XAB2",0.0103230853333333,-0.409432073359429,0.694844259620816
"2294","XPO1",0.00207518600000001,-0.112142200811692,0.913529419567518
"2295","XPO5",-0.0929052206666667,2.36305433838305,0.0670006107652252
"2296","XPOT",-0.00236545866666671,0.0544460782193747,0.957774353368663
"2297","XPR1",-0.0217033316666667,0.510608633335327,0.621913249664736
"2298","XRCC2",-0.0664200816666667,3.29819191279074,0.0105359475209782
"2299","XRCC3",-0.0593325466666667,3.3962353319351,0.0103357889206899
"2300","XRCC5",-0.0162722016666668,0.682871579479459,0.514449344235722
"2301","XRCC6",-0.03224125,1.48977073813971,0.170578725348294
"2302","XRN1",-0.00809987200000006,0.339608889707128,0.74899149137617
"2303","XRN2",-0.0975804836666667,2.40504628709257,0.0641539038996359
"2304","XYLT2",-0.0136338233333333,0.491363851179582,0.635156038207278
"2305","YAP1",-0.0723988266666666,2.17165359226052,0.0790350026772128
"2306","YARS1",0.0420183159999999,-1.71537956153061,0.127833710955448
"2307","YARS2",8.5302999999981e-05,-0.00288464729235765,0.997793280715963
"2308","YBX1",-0.0174046046666666,0.448845957780724,0.667642731232544
"2309","YEATS2",-0.0403297996666666,1.89302249844786,0.0921138279949898
"2310","YEATS4",-0.0533830730000001,2.99067187946588,0.035450602022318
"2311","YJU2",-0.0264365406666667,0.684390699724972,0.514477067821278
"2312","YJU2B",-0.0837597436666666,2.30629667963851,0.0638339396710588
"2313","YKT6",-0.00360806200000008,0.144408420753868,0.88847691713172
"2314","YME1L1",-0.0492047986666667,1.45491043844655,0.205175448255429
"2315","YRDC",-0.0443345706666666,1.44540698182732,0.211661246924377
"2316","YTHDF2",-0.0539225106666665,1.58088997555475,0.179141860117283
"2317","YWHAE",-0.042475827,0.953625540134489,0.365903499454149
"2318","YY1",-0.0492885493333334,2.47532675330656,0.0403501155936994
"2319","ZBTB7A",-0.067581533,2.9030815578163,0.0175170457732438
"2320","ZBTB8OS",-0.00871443466666666,0.362431249029172,0.725433555341533
"2321","ZC3H10",-0.0483942216666666,1.62892721734427,0.158078946338772
"2322","ZC3H13",-0.0290676936666666,2.26991613566148,0.0507081811729066
"2323","ZC3H18",-0.0531811929999999,1.70120302741692,0.127451767757772
"2324","ZC3H8",0.00197217266666661,-0.0833313756154851,0.937193608757016
"2325","ZCRB1",-0.00238668033333334,0.0765449889209787,0.9410781215402
"2326","ZEB1",0.024462828,-0.415809657436842,0.69748715930588
"2327","ZEB2",-0.00664745499999997,0.506000946104272,0.625348193393518
"2328","ZFC3H1",-0.0131638836666667,0.656151787584888,0.529903931148925
"2329","ZFP36L1",-0.0410914410000001,1.11036985024431,0.321254400216974
"2330","ZFP36L2",-0.0476505976666667,1.32243103507663,0.245819707095356
"2331","ZFX",-0.0230459006666667,0.860977619828782,0.41606796192111
"2332","ZMAT2",-0.056391717,2.86308531044049,0.0187915842779364
"2333","ZMAT5",-0.0157402096666667,0.426571870402267,0.685708364419568
"2334","ZMYND8",-0.0163442953333334,0.903624465051442,0.394318159971093
"2335","ZNF131",0.010919581,-0.623281276231299,0.552818092996251
"2336","ZNF207",-0.0677578930000001,1.89981193352924,0.0966673566266924
"2337","ZNF217",0.00707379733333335,-0.210956422112564,0.841895369484006
"2338","ZNF236",-0.0487555776666667,2.67323265355613,0.0272257786001194
"2339","ZNF407",-0.0251801596666668,1.42094947053045,0.201783073067451
"2340","ZNF574",-0.068612975,3.04917627248475,0.0172900307175616
"2341","ZNF622",-0.0125775706666666,0.501286055008207,0.628738510718571
"2342","ZNF830",-0.0638905003333333,4.80643208775999,0.0011656168136743
"2343","ZNHIT1",-0.0894451293333334,2.16229805985157,0.0605872885397617
"2344","ZNHIT3",-0.0224957,1.42055915202642,0.198482081331493
"2345","ZNHIT6",-0.020352123,0.776664733149549,0.458325004479608
"2346","ZPR1",0.0115078186666667,-0.885627739864984,0.409018130833509
"2347","ZRANB2",-0.0430909359999999,1.90208835843862,0.116244427525739
"2348","ZRSR2",-0.0102442533333333,0.334164001805514,0.749793744513986
"2349","ZW10",-0.057036887,1.62765281084562,0.160562889870204
"2350","ZWINT",-0.0226634203333334,0.660505430304673,0.527977889943706
