"","genes","diff_","t_","p_"
"1","AAMP",-0.074026872,1.88564693929002,0.0509755819692272
"2","AARS1",-0.053098172,2.1694598768996,0.0312127512322954
"3","AARS2",-0.117768198,3.70811233280015,0.00496978411738437
"4","AASDHPPT",-0.03024682,1.02985264147227,0.171856884982303
"5","AATF",-0.019310542,0.923473532620232,0.192541199463389
"6","ABCB7",-0.0412280340000001,1.78006780824316,0.0566943483520105
"7","ABCE1",-0.074456624,1.56328209032732,0.0841957611744411
"8","ABCF1",-0.034974936,1.00709843810204,0.175740506323285
"9","ABT1",-0.073712148,2.73840355445298,0.0201607846394437
"10","ACACA",-0.0643878920000001,1.36182346708739,0.105553639090762
"11","ACIN1",-0.055054652,1.09249598024634,0.155717537846723
"12","ACLY",-0.101433892,6.26108287172801,0.000122205994030319
"13","ACO2",-0.0633935780000001,2.02518678336558,0.0388766204621486
"14","ACSL3",-0.137477132,3.13941037430493,0.0117105509225976
"15","ACSL4",-0.064435626,1.83789027036256,0.0517233532769232
"16","ACTB",-0.125024232,3.98385755605936,0.00331481663352789
"17","ACTG1",-0.0920723379999999,1.01652575713334,0.175125040429777
"18","ACTL6A",-0.092176062,3.27175366729911,0.00907507574325663
"19","ACTR10",-0.08630069,2.62728300022879,0.0153019994120912
"20","ACTR1A",-0.115540808,3.40505459791384,0.00752209884190577
"21","ACTR2",-0.100439118,4.19544115336079,0.00415850643591738
"22","ACTR3",-0.108026636,6.84942123057588,0.000205354931513834
"23","ACTR5",-0.110963598,2.1594250264441,0.0323778614705013
"24","ACTR6",-0.081847582,4.40646271125222,0.00172669759714407
"25","ACTR8",-0.122411542,6.10289641318044,0.000167329661751017
"26","ADAR",-0.163204522,3.97203149589635,0.00219903842929131
"27","ADAT2",-0.062844532,2.96863384300678,0.0103895477166828
"28","ADAT3",-0.064317196,1.87378873364011,0.0499863463431493
"29","ADNP",-0.147697986,2.91019929686503,0.0159074528508077
"30","ADRM1",-0.115906038,4.67892872847762,0.00333623356043368
"31","ADSL",-0.0882531480000001,2.52682999148291,0.0180447464544071
"32","ADSS2",-0.042399474,1.10579734543305,0.15392594698338
"33","AFG3L2",-0.078059948,1.72918291387734,0.0670820230953204
"34","AHCTF1",0.00494665400000005,-0.220321030271265,0.584297324627763
"35","AHCY",-0.0374981,1.94249859516348,0.0448163887772619
"36","AHCYL1",-0.080316538,2.66563763312969,0.0147108030110778
"37","AHR",-0.071468324,1.39725000991348,0.101681669415863
"38","AIFM1",-0.0706110959999999,3.83043362384341,0.00303107712454397
"39","AK2",-0.129555342,2.26029490519381,0.0406705668357151
"40","AK6",-0.056322996,1.57699317008458,0.0772000036923169
"41","AKIRIN2",-0.0359441520000001,1.62831279366439,0.0881644829981094
"42","ALDH18A1",-0.107542978,3.64360398344976,0.00343485481947705
"43","ALDOA",0.013314326,-0.258079652810348,0.596773853896447
"44","ALG1",-0.083196364,4.37039783762526,0.00436596526182262
"45","ALG11",-0.0478227619999999,1.42470727519204,0.106793443536661
"46","ALG12",-0.068986306,3.45264020337724,0.0105451876357485
"47","ALG13",-0.106905384,4.35499452138051,0.00125213204789298
"48","ALG14",-0.0311667059999999,1.21849664036911,0.131539801287168
"49","ALG2",-0.049685124,1.54732860468148,0.0820362738623869
"50","ALG8",-0.034126544,1.10618323991984,0.153870924964007
"51","ALYREF",-0.108745004,5.05626608506029,0.000702459508443756
"52","AMBRA1",-0.0829285399999999,3.01426645963159,0.0101158466817189
"53","AMD1",-0.040512832,1.16985438591405,0.137880025176758
"54","ANAPC1",-0.038865146,2.1089520060215,0.0365412131242097
"55","ANAPC10",0.00726034799999997,-0.129963987255305,0.548768449776094
"56","ANAPC11",-0.055304154,1.9697511742376,0.0424112924527943
"57","ANAPC13",0.00170125800000009,-0.034632459986695,0.513256171533912
"58","ANAPC15",-0.010925892,0.156704544619619,0.440530499959308
"59","ANAPC2",-0.087180232,3.45765686656494,0.00517370615134168
"60","ANAPC4",-0.0623161980000001,2.56488804844176,0.0196868258839406
"61","ANAPC5",-0.028222558,1.09278010024363,0.153821101558243
"62","ANKLE2",0.07251275,-1.20411799362543,0.858295576296069
"63","ANKRD11",-0.112949378,4.1988674123984,0.00390991847583018
"64","ANKRD17",-0.079001968,2.77550174559482,0.0195279221580519
"65","ANKRD49",-0.055071434,1.6463022824472,0.0723136844543776
"66","ANLN",-0.104574212,2.80914641886022,0.0191324268725533
"67","AP1G1",-0.056009556,2.49129817242466,0.0251452067699729
"68","AP2M1",-0.103991056,2.4687842241784,0.0245822412122215
"69","AP2S1",-0.083444048,2.84659665239319,0.0110417633881147
"70","APC",-0.08535329,3.9337574766239,0.0021843728735591
"71","APEX2",-0.1099045,3.92427412476228,0.00294430569448825
"72","AQP7",-0.0745278979999999,2.99156954994688,0.0141845461603129
"73","AQR",-0.075434714,3.48503196993567,0.0041560555136081
"74","ARCN1",-0.147423908,3.44900254529424,0.00449227907602903
"75","ARF1",-0.161761478,6.29995691856404,0.000381908205314533
"76","ARF4",-0.101470888,3.15538596621509,0.01212740282328
"77","ARF6",-0.0854760219999999,4.2180367849415,0.00146879081479527
"78","ARFRP1",0.00208238599999999,-0.224386827945764,0.585344048983188
"79","ARHGAP29",-0.073963484,2.64822638290448,0.014719277567773
"80","ARHGEF7",-0.102709402,4.69626110950158,0.00106764672508765
"81","ARID1A",-0.096149672,2.77879997665377,0.0139577969061338
"82","ARID2",-0.08710153,5.91969457082679,0.00018163243093698
"83","ARID4B",-0.086554552,4.35818833530734,0.00201820616400524
"84","ARIH1",-0.088165572,1.67809025061309,0.0672625347350686
"85","ARIH2",-0.100885484,1.64218705753641,0.0813045446289034
"86","ARL2",-0.0548540080000001,1.32260988743585,0.112823545174914
"87","ARMC5",-0.127521538,2.34952181784398,0.0244623679063056
"88","ARNT",-0.0880701780000001,4.71552338910013,0.000910004131974337
"89","ARPC3",-0.166931646,7.86700688878137,3.07183211784054e-05
"90","ARPC4",-0.104764398,3.71722766534895,0.00305756994753839
"91","ASCC3",-0.102152296,2.89604307332254,0.0101945611342963
"92","ASCL1",-0.06601537,2.41858039942148,0.0212313975745561
"93","ASNS",-0.09539419,2.95743060973505,0.0165834064337038
"94","ASPM",-0.033863066,0.597046103947725,0.286340510545632
"95","ATF4",-0.11032993,5.78850749829537,0.000709029240469238
"96","ATG9A",-0.11504719,3.41255257188142,0.00681002053801276
"97","ATIC",-0.0803912560000001,2.02801469419627,0.0404617768077561
"98","ATL2",-0.085495318,5.42346067544365,0.00238930548422422
"99","ATMIN",-0.095632634,3.87314946469053,0.00236225620062857
"100","ATP1A1",-0.102438538,2.42306760478907,0.0328811501615866
"101","ATP1B3",-0.0295002999999999,0.774941331523675,0.230983129392712
"102","ATP2A2",-0.0109756959999999,0.248874326489305,0.405699394807802
"103","ATP2B1",-0.127122136,1.67759208192321,0.0689707776681112
"104","ATP2C1",-0.109502974,1.99481469314185,0.0555616052066715
"105","ATP5F1A",-0.118911008,5.47985876959505,0.000695406852972585
"106","ATP5F1B",-0.101978358,3.80025300204377,0.00344526455919976
"107","ATP5F1C",-0.111376528,3.98199498842125,0.00281882205596349
"108","ATP5F1D",-0.114475724,5.12700608406174,0.00106377006726159
"109","ATP5F1E",-0.072307628,4.24645966530352,0.00174984747074454
"110","ATP5ME",-0.121131672,6.53871277245605,0.000377137068854164
"111","ATP5MF",-0.116576382,4.49946487014744,0.00231283951347085
"112","ATP5MG",-0.123787992,4.98709392041666,0.00141687258762547
"113","ATP5PB",-0.123209584,4.59213362024998,0.000890811875498778
"114","ATP5PO",-0.111270494,4.68949698724036,0.00115699177045313
"115","ATP6AP1",-0.0999563680000001,3.7038945643705,0.00338050131387962
"116","ATP6AP2",-0.077911186,1.96491183580986,0.0426039114092387
"117","ATP6V0B",-0.097136932,4.07087647619245,0.00222560297940576
"118","ATP6V0C",-0.064720088,2.2600247476892,0.0273137021724004
"119","ATP6V0D1",-0.097851956,3.76262641016412,0.0029935664209137
"120","ATP6V0E1",-0.095320976,1.73909945808226,0.0699592884321643
"121","ATP6V1A",-0.09762799,2.93681363574154,0.00995536664266849
"122","ATP6V1B2",-0.08110418,3.05259783271331,0.0122278436634215
"123","ATP6V1C1",-0.095392136,4.63694724949571,0.00122426545887583
"124","ATP6V1D",-0.096888226,3.70710319636293,0.00323625638829238
"125","ATP6V1E1",-0.110638748,4.3447086209659,0.00123618935485011
"126","ATP6V1F",-0.090588234,3.95264299149073,0.00225716463742094
"127","ATP6V1G1",-0.07771434,2.93970836837684,0.0118988586319823
"128","ATP6V1H",-0.10470561,3.85802932558859,0.00283181904487701
"129","ATR",-0.0758637480000001,4.25083359008117,0.00144945478262285
"130","ATRIP",-0.106085442,6.19587478107941,0.000147962222290393
"131","ATXN7L3",-0.13010289,5.4582418991887,0.000844634725574247
"132","AURKA",-0.097013308,3.96481554993882,0.00524014641911712
"133","AURKB",-0.020545704,0.417725216450396,0.344609232972426
"134","BANF1",-0.070400056,1.69976544641788,0.0701362285191718
"135","BANP",-0.070880264,2.30982279237963,0.0273007554045918
"136","BAP1",-0.106154894,4.55754659872406,0.00151542635327307
"137","BARD1",-0.0737749259999999,3.47211654305582,0.00428932347651182
"138","BCAR1",-0.100921006,3.01891219956046,0.00837164698379746
"139","BCAS2",-0.06552238,2.41872492889285,0.0264992058945023
"140","BCL2L1",-0.091684188,3.0349619616459,0.00831811384959562
"141","BCL6",-0.119359086,4.94640420469678,0.00122287388620978
"142","BCL9",-0.137058836,2.83126763358549,0.0137656405255547
"143","BCLAF1",-0.0618389659999999,2.66856727723994,0.0143216733492744
"144","BCS1L",-0.101712486,4.35108423297315,0.00124921387215145
"145","BDP1",-0.019792924,0.598039152907931,0.289113757452884
"146","BET1",-0.024447896,1.03445408048368,0.167614079010667
"147","BIRC2",-0.099410612,3.27291742292224,0.0066859910185632
"148","BIRC5",-0.076653852,2.64420281836825,0.0149844355134741
"149","BIRC6",-0.0933809779999999,5.34279948716982,0.00141031099518483
"150","BMPR1A",-0.0181849559999999,0.231704031879239,0.411370918695878
"151","BMS1",-0.0625787880000001,3.49452904991734,0.004235332589996
"152","BNIP1",-0.0509706759999999,0.848343092545407,0.216840110955531
"153","BOP1",-0.083522228,1.77208087971784,0.0576241601223201
"154","BORA",-0.096358112,3.79821518486085,0.0044955314984576
"155","BPTF",-0.089506404,5.67643317301787,0.000239039817131271
"156","BRAF",-0.080629066,3.57421129780685,0.00536692362056208
"157","BRAP",-0.112466108,4.58206164818804,0.00122815742268739
"158","BRAT1",-0.0615556780000001,3.2089432468056,0.00957851237289058
"159","BRCA1",-0.101996202,3.27958533406046,0.00640592914064539
"160","BRCA2",-0.111375446,1.88702562284787,0.0521945890056075
"161","BRD2",-0.075611236,2.69585576362831,0.0137517132834813
"162","BRD4",-0.078745842,4.0968030203991,0.00262148575909489
"163","BRF1",-0.0611284700000001,1.07846238126578,0.157512401347275
"164","BRF2",-0.00692125199999999,0.305019363519821,0.385005625454347
"165","BRIP1",-0.0124278880000001,0.344399771443834,0.371014602206856
"166","BRIX1",-0.065803924,3.85331290642161,0.00244365135224139
"167","BRK1",-0.121265966,4.42211304169077,0.00266419355816322
"168","BRPF1",-0.064555908,2.87802354960003,0.0115436131380315
"169","BTAF1",-0.119642126,3.58296336384796,0.00357883455013759
"170","BTF3",-0.070600598,3.35416479195462,0.00541960738145787
"171","BUB1B",-0.079224812,2.15560096157075,0.0318480035214197
"172","BUB3",-0.029213682,1.80120406392797,0.0551447324051181
"173","BUD13",-0.0999773819999999,2.59498485367264,0.0209537739151531
"174","BUD23",-0.08627789,1.87472736458147,0.0494850239551523
"175","BUD31",-0.080787344,2.32835586069645,0.0317047432715362
"176","BYSL",-0.052668532,3.39721972303501,0.00574424525605958
"177","C1D",0.0229872679999999,-0.454433706311269,0.668280197782374
"178","C1QBP",-0.055222568,1.89953014883003,0.0583439732986967
"179","C3orf38",-0.034225592,0.932000785999363,0.192309238947639
"180","CAB39",-0.076160078,3.91142640321194,0.00229399104403363
"181","CACTIN",-0.07102637,2.0235629344954,0.0462335090561355
"182","CAD",-0.08823894,1.8447580421099,0.0564830649184437
"183","CAMLG",-0.033988142,2.0320407817378,0.0394611025898618
"184","CAND1",-0.067174498,3.74202631013406,0.0054976001197935
"185","CAP1",-0.0888908860000001,7.20600399687761,4.7004590566414e-05
"186","CAPRIN1",-0.074681378,2.20267439014678,0.0295735161232056
"187","CAPZB",-0.030247112,0.984149967170679,0.179427681187396
"188","CARM1",-0.105897562,5.15090894339685,0.000924934214372253
"189","CARS1",-0.028854314,0.91514429493835,0.193465659709403
"190","CARS2",-0.082672242,2.97633068728514,0.0113828587801355
"191","CASC3",-0.096047074,2.70140087335674,0.01576920619845
"192","CBFB",-0.0693224220000001,1.54699915525984,0.0822943112408783
"193","CBLL1",-0.067678078,3.3388035270669,0.00518414854684567
"194","CCAR1",-0.11358629,2.89497262368595,0.0122931767355281
"195","CCDC115",-0.133495016,4.6922900807954,0.00309352167365727
"196","CCDC22",-0.0445392259999999,0.86210963184397,0.207141372761139
"197","CCDC51",-0.011190334,0.192854528900922,0.426069442585573
"198","CCDC6",-0.072857458,2.30218693365137,0.0274309275853892
"199","CCL4",-0.0205869040000001,0.228375353508032,0.414524529948483
"200","CCNA2",-0.0874364200000001,4.17801907340358,0.0019906390961099
"201","CCNB1",-0.124483036,3.15952521600045,0.00671565734124898
"202","CCNC",-0.078816568,2.16583972177404,0.0312488480341203
"203","CCND1",-0.198350816,5.43917032365259,0.00192779164703987
"204","CCND2",-0.00769559200000003,0.321254878873998,0.379039740993713
"205","CCND3",-0.046310314,1.70971583751063,0.0645937434089017
"206","CCNE1",-0.139602164,2.65374438062961,0.0221705938857691
"207","CCNF",-0.121403626,2.26295953467321,0.0270851486793109
"208","CCNH",-0.054397406,1.66776446554168,0.0670480533799947
"209","CCNK",-0.06946707,1.66335470633957,0.0688700737079472
"210","CCNL1",-0.062504264,1.0603266853946,0.16238570785991
"211","CCT2",-0.128899324,5.40756258556223,0.00106628247690628
"212","CCT3",-0.098673044,2.22328716857939,0.0305163957954171
"213","CCT4",-0.099246198,2.03948846223115,0.0389052954214258
"214","CCT5",-0.10551945,3.06663715236934,0.0102445428095067
"215","CCT6A",-0.09782127,4.64513076869468,0.000862833392444193
"216","CCT7",-0.097725204,3.28941484174461,0.00663140293312134
"217","CCT8",-0.03461822,1.31321588438403,0.113798430912416
"218","CD2BP2",-0.19370936,3.62430443799961,0.00398715121239228
"219","CDAN1",-0.145363588,6.35837566761264,0.000486853105604412
"220","CDC123",-0.040362064,1.28804387785503,0.116970598348106
"221","CDC16",0.00700003399999999,-0.166046801497745,0.563322273957919
"222","CDC20",-0.053063178,2.15232187002101,0.0328849219049418
"223","CDC23",-0.0640779500000001,2.865657992154,0.0119459714255461
"224","CDC25B",-0.115502402,4.11960487195966,0.0024129952441999
"225","CDC26",-0.058575226,1.71069544039498,0.0633136208696995
"226","CDC27",-0.039986914,1.25478454283001,0.12937251215836
"227","CDC37",-0.0753156700000001,2.1082155543752,0.0412314992117995
"228","CDC40",-0.0904643540000001,2.16667866968231,0.0397677596427769
"229","CDC42",-0.075259292,3.31278347195175,0.00667805154227461
"230","CDC45",-0.075658546,2.27473453208301,0.0273623018038222
"231","CDC5L",-0.053426744,3.46437724676093,0.00723521646645974
"232","CDC6",-0.076206872,6.41779310721088,0.000362122867138523
"233","CDC7",-0.014508576,0.423845555983128,0.346010301511048
"234","CDC73",-0.0502112899999999,2.05526171916767,0.0371778701140648
"235","CDCA3",-0.111273088,4.29408872326071,0.00150402481702904
"236","CDCA5",-0.0242465860000001,0.673407710408085,0.260140906915823
"237","CDCA8",-0.0147910999999999,0.524480284647355,0.307977848039509
"238","CDH1",-0.0864701680000001,4.39818864717569,0.00120413240170512
"239","CDH2",-0.036770944,1.99462656107292,0.0554038899430037
"240","CDIN1",-0.06677124,1.60096849033445,0.0740279507884104
"241","CDIPT",-0.07140018,7.1159606623275,5.23019229148218e-05
"242","CDK1",0.022133588,-0.525191191584021,0.693112374485384
"243","CDK12",-0.07980572,3.0228236083147,0.00995169893008577
"244","CDK13",-0.0747048479999999,2.46146490041894,0.0250056979581084
"245","CDK2",-0.0809177,2.24247167279486,0.0283128067932091
"246","CDK4",-0.088745638,2.26586196400802,0.0266259145371543
"247","CDK6",-0.072042678,3.42768992318584,0.00473643760005773
"248","CDK7",-0.052201432,3.27091397361934,0.0138591012910169
"249","CDK8",-0.0499015359999999,2.33640117299242,0.025646454682269
"250","CDK9",-0.0473719260000001,1.64263322084856,0.0800601956461979
"251","CDKN1A",-0.072289282,3.23936013622759,0.00594520643582229
"252","CDS2",-0.11169259,5.84075842344312,0.000732542864255895
"253","CDT1",-0.0584672939999999,1.40483341950414,0.0998123292743072
"254","CEBPZ",-0.0369268359999999,2.06736923390062,0.0397105505002215
"255","CENATAC",-0.074372238,2.01003755659967,0.0404655422943036
"256","CENPA",-0.0862474059999999,3.18604262856063,0.00719371478187007
"257","CENPC",-0.08845612,2.76594685050909,0.0124148051959967
"258","CENPE",-0.112481088,4.68127152346398,0.000917414626447859
"259","CENPH",-0.09760439,3.53415928911798,0.0044938468954797
"260","CENPI",-0.057553988,1.35209171535051,0.1111542423871
"261","CENPK",-0.012757338,0.755222858781189,0.23695673950877
"262","CENPM",-0.00463548000000003,0.135036420877253,0.447960678469508
"263","CENPN",-0.00537408800000005,0.173306039882948,0.433591337753681
"264","CENPO",-0.080693178,2.90628582228547,0.0102718572380144
"265","CENPP",-0.0298859119999999,0.799163392250623,0.224262805400134
"266","CENPT",-0.075885428,4.18924089285413,0.00236861616507376
"267","CENPW",-0.00487147799999998,0.163060230151554,0.437261647012054
"268","CEP192",-0.0735907,3.81346609837794,0.00357932727757909
"269","CEP43",-0.128350272,3.40830246122165,0.00463292139992909
"270","CEP55",-0.039380342,0.517357343122833,0.310561425893038
"271","CEP85",-0.031623816,0.575096269325436,0.292735603735731
"272","CEPT1",-0.065500484,3.14307687273591,0.00783053130941254
"273","CERS2",-0.10860233,2.99793130472558,0.0120663160249912
"274","CFAP20",-0.055751922,1.52186710463672,0.0924391214708139
"275","CFAP298",-0.0754383059999999,3.10340160105153,0.0110444462204211
"276","CFL1",-0.101859096,3.74729217559909,0.00334810588505796
"277","CFLAR",-0.062154592,2.49317829763632,0.018795134136982
"278","CHAF1A",-0.058334598,2.41793957276286,0.0210810068291825
"279","CHAF1B",-0.027551788,0.87131552167774,0.206348813342276
"280","CHCHD4",0.013133046,-0.29671554035535,0.612774559627209
"281","CHD1",-0.072142642,1.91660383786829,0.05325186584975
"282","CHD4",-0.059902518,3.05957637711604,0.00830074820365375
"283","CHD7",-0.091667666,2.65795804192087,0.0167475432619435
"284","CHD8",-0.0231539780000001,0.466491215628468,0.327734388543014
"285","CHEK1",-0.070347928,2.43665221864621,0.0239904442865276
"286","CHERP",-0.067922976,1.49526821586433,0.094082407646066
"287","CHKA",-0.05783019,4.00561851564284,0.00376431672885634
"288","CHMP2A",-0.039547684,1.16508654703962,0.142250464626689
"289","CHMP3",-0.203332664,3.9483863031943,0.00212339694702778
"290","CHMP4B",-0.08654958,2.4068525194465,0.0228004338396538
"291","CHMP5",-0.192661776,9.52540662577063,1.81883746231224e-05
"292","CHMP6",-0.057101816,2.55877193262559,0.0180183129877588
"293","CHMP7",-0.117600902,4.71781282746225,0.00127751357885158
"294","CHORDC1",-0.043641638,1.87562315492432,0.0490711623655585
"295","CHP1",-0.0817378879999999,2.85488868196403,0.0110572870662462
"296","CHTF18",-0.16414111,3.27756137437037,0.00877782879808348
"297","CHTF8",-0.046794922,1.62149018660484,0.0786019127665728
"298","CIAO1",-0.0499577800000001,1.28501872171535,0.124312788738439
"299","CIAO2A",-0.0394805459999999,1.78473714604652,0.0648023385690877
"300","CIAO2B",-0.065329294,3.22290455829233,0.00660940468357041
"301","CIAO3",-0.057164522,1.92856759177643,0.0488039031712213
"302","CIAPIN1",0.00959784999999991,-0.209062932462314,0.580146561300465
"303","CINP",-0.106983076,1.59870815411839,0.074315287061739
"304","CIT",-0.037251224,1.85777438986008,0.0550560110574976
"305","CKAP5",-0.069327952,2.46525989861958,0.0213668619457369
"306","CKS1B",-0.02131918,0.514139888362207,0.312904488603473
"307","CLASRP",-0.0706578480000001,1.58710287626837,0.0763109094609448
"308","CLNS1A",-0.0236617440000001,0.854570051579126,0.212534043933885
"309","CLP1",-0.11424629,2.82219542119957,0.0142105986183544
"310","CLPB",-0.105264184,4.35807482727676,0.00141474678920134
"311","CLSPN",-0.0233265260000001,1.10991143059962,0.150042602090214
"312","CLTC",-0.065983056,3.30359073281212,0.00574410323741299
"313","CMIP",-0.047016972,2.44533937430119,0.0271554873749529
"314","CMPK1",-0.168444842,4.69160171157991,0.002502372931024
"315","CMTR1",-0.058822906,1.32208638288283,0.11707842188425
"316","CNIH4",-0.0375980819999999,1.68931111733665,0.0820405929342593
"317","CNOT1",-0.0803158860000001,2.92538130811483,0.0149215752638317
"318","CNOT11",-0.11905239,3.55356317120768,0.00575891644268537
"319","CNOT2",-0.085684314,3.6834834594338,0.00336314716474313
"320","CNOT3",-0.096974864,2.61528139962871,0.0165566143443533
"321","CNOT4",-0.112639176,6.74328461748678,0.000332053497230085
"322","CNOT9",-0.037046796,0.974313132511423,0.179220891246872
"323","COA3",-0.119568868,4.48428754953385,0.00113062554440279
"324","COA5",-0.04320607,1.77680236379449,0.0582879183836739
"325","COA6",-0.0808324460000001,2.36004584142959,0.024290624010338
"326","COASY",-0.047168488,1.92435744540739,0.0519097158140941
"327","COG1",-0.1271487,3.58155300708658,0.00752869909373561
"328","COG2",-0.1240279,5.18014462439459,0.000984653119825136
"329","COG3",-0.115328544,3.91972674841859,0.00260179774751588
"330","COG5",-0.11802402,2.9515138212792,0.0161167651596423
"331","COG7",-0.116451128,5.13566878254573,0.000640670877400331
"332","COG8",-0.0368013159999999,1.17343723109318,0.145444612030346
"333","COP1",-0.07334061,2.20836878281829,0.0426347212164042
"334","COPA",-0.0196135160000001,0.629636828361614,0.276448522460613
"335","COPB1",0.00623433200000006,-0.20420573328042,0.578267244616266
"336","COPB2",-0.00304207400000001,0.101227896317677,0.460977024220534
"337","COPE",-0.078080284,2.24019391537367,0.0282145360081779
"338","COPG1",-0.11727852,2.89367409936512,0.0114106772160957
"339","COPS2",-0.00386505999999998,0.220836972131238,0.41550756665258
"340","COPS3",-0.046504564,1.47801002808427,0.0940675169925334
"341","COPS4",-0.0274922679999999,1.46604168131859,0.0914291977334018
"342","COPS5",-0.081013814,5.07828372696921,0.00286667129157262
"343","COPS6",-0.0508843920000001,2.13096129282679,0.0345052121158728
"344","COPS8",-0.075221972,3.80950619798354,0.00461695695437493
"345","COPZ1",-0.043525664,1.33588692247709,0.116084915371225
"346","COQ2",-0.0599878340000001,3.04458855058129,0.0153979153191162
"347","COQ4",-0.026279532,1.05027650438991,0.171403651351851
"348","COQ7",-0.03647593,2.24404061185118,0.0404334086939074
"349","COX10",-0.083253064,3.06169664007195,0.011384073438034
"350","COX11",-0.058737064,2.58240146095254,0.0215776913439082
"351","COX15",-0.059807752,3.46592686942687,0.0062507321963126
"352","COX17",-0.045762094,1.62411143266252,0.0718448028041585
"353","COX18",-0.081621914,3.05929949257931,0.0102434955441524
"354","COX19",-0.0438044539999999,1.96667161637364,0.0451656150517084
"355","COX4I1",-0.077092904,2.54701250382251,0.0178751308354189
"356","COX5A",-0.090696188,2.94131373037594,0.0108758615695123
"357","COX5B",-0.093490586,4.07332328232058,0.00254510906012181
"358","COX6A1",-0.0645501199999999,2.18180271318147,0.0306596669316729
"359","COX6B1",-0.0297953080000001,1.35230395607885,0.106656106707935
"360","COX6C",-0.0787805699999999,2.67619365801375,0.0143168523617915
"361","COX7B",-0.076256222,3.98009305359652,0.0034386739859269
"362","COX7C",-0.106621254,3.35857587084128,0.00555713701376607
"363","CPOX",-0.00532966000000001,0.10271290641582,0.461429208047411
"364","CPSF1",-0.051604568,2.90113784583834,0.0100303001346433
"365","CPSF2",-0.091201524,6.08798208062086,0.000259404581730909
"366","CPSF3",-0.046791852,2.58392710814161,0.0162825759965986
"367","CPSF4",-0.054980786,2.12153698553075,0.0346952448519324
"368","CPSF6",-0.085874092,2.03319340272281,0.0382473380907597
"369","CRAMP1",-0.0541719060000001,0.970265228416465,0.191747975345451
"370","CRCP",0.023976918,-1.88466154253341,0.940242580830248
"371","CREBBP",-0.0821926039999999,3.90650332296308,0.00476569477145868
"372","CRK",-0.0821928040000001,3.11848724657117,0.0104344613766224
"373","CRKL",-0.043875318,1.55339086074703,0.0836501243006542
"374","CRLS1",-0.104917442,5.43057847550359,0.00036255825861194
"375","CRNKL1",-0.065353762,2.68274296528171,0.0140923224633426
"376","CRTC3",-0.13483943,3.88391153323258,0.00593883810528892
"377","CSDE1",0.027104334,-1.09210938469196,0.833137861330637
"378","CSE1L",-0.035002494,1.14801103018768,0.144868455161414
"379","CSH2",-0.11186753,3.46239372236413,0.00431982516160713
"380","CSK",-0.073697626,3.7602183354382,0.00359391245997261
"381","CSNK1A1",-0.082952092,3.36613150785079,0.00809694760177227
"382","CSNK2A1",-0.0999635579999999,2.76023571480593,0.0211276697732808
"383","CSNK2B",-0.05031685,1.8993463099559,0.047040594439797
"384","CSTF1",-0.06162703,1.58168681579403,0.0762121205744568
"385","CSTF2",-0.119723268,1.47187527703111,0.0915085954177741
"386","CSTF3",-0.0797814259999999,4.54614815986075,0.00142377728224605
"387","CTC1",0.061184394,-0.743762209623332,0.758775494371695
"388","CTCF",-0.0879624740000001,2.16899174774854,0.0392984406354906
"389","CTDNEP1",-0.140688296,3.8352412650147,0.00855803000990612
"390","CTDP1",-0.0512757039999999,1.54794076743505,0.0811305061904027
"391","CTDSPL2",-0.0508806439999999,1.54562068958985,0.0805605470439336
"392","CTNNA1",-0.06124302,2.38366421594648,0.030656528802226
"393","CTNNB1",-0.0732680520000001,3.96878415758349,0.00296832362378048
"394","CTNNBL1",0.00557294799999997,-0.069305854851999,0.52644204699211
"395","CTPS1",-0.098589876,3.57437339537673,0.00497789821694186
"396","CTR9",-0.054014908,1.70497262525508,0.0715075179464979
"397","CTU1",-0.0635169919999999,2.0079181004298,0.047320147728856
"398","CTU2",-0.043132204,1.23683610719101,0.139283877171988
"399","CUL1",-0.137794286,3.92956640788027,0.00322995797664568
"400","CUL2",-0.136097908,3.52133487607439,0.00589993183092222
"401","CUL3",-0.093945612,2.6127122179931,0.0247694088847662
"402","CWC22",-0.081488922,2.71751696178096,0.0197542939741999
"403","CWF19L2",-0.089753818,4.29749365607613,0.00417395626921806
"404","CXXC1",-0.085278482,4.95366225866192,0.000567435539883308
"405","CYB5B",-0.129927092,3.51412352731641,0.00888638684282463
"406","CYB5R4",-0.11198146,6.03362583367128,0.000238958796473994
"407","CYC1",-0.076868826,3.2616302485084,0.0057586027369983
"408","CYCS",-0.098325882,5.07133879219424,0.000484991353677522
"409","DAD1",-0.037903802,1.51038571399013,0.084964262992657
"410","DAP3",-0.065490748,1.83731568767119,0.0526939520907858
"411","DARS1",-0.0448449220000001,2.25376573575547,0.0323540752293872
"412","DARS2",-0.0677282300000001,2.20997254379236,0.0294661507087656
"413","DAXX",-0.099020994,3.39418517816048,0.00496497512809569
"414","DAZAP1",-0.0968843180000001,2.23404262098714,0.0289389733269279
"415","DBF4",-0.104511404,3.78176485794018,0.00573945700937167
"416","DBR1",-0.08894713,2.01759756040008,0.0392060799421323
"417","DCAF15",-0.0579455059999999,4.07773945324378,0.00329977888859727
"418","DCLRE1B",-0.0627290420000001,2.0218504061787,0.0392048214759056
"419","DCP2",-0.0850741860000001,3.37730065948775,0.00641688000733814
"420","DCPS",-0.030582586,0.918594470982127,0.196837220892452
"421","DCTN2",-0.10015427,5.16185895402534,0.00107293067447729
"422","DCTN3",-0.121126472,5.26428778315942,0.000819789334735109
"423","DCTN5",-0.000496626,0.0212272350890318,0.491800190766528
"424","DCTN6",-0.02400308,0.787502676873684,0.230373438118542
"425","DDB1",-0.039072584,1.21765496228223,0.129303687520832
"426","DDI2",-0.0884807520000001,4.07522175415417,0.00434391492645097
"427","DDOST",-0.041641668,1.27016038758807,0.122732853105333
"428","DDX10",-0.0421440059999999,2.14662597758527,0.0321978911067324
"429","DDX11",0.0689253659999999,-1.1444398926317,0.84397956438373
"430","DDX18",-0.061382304,5.11545854993348,0.000625284718454408
"431","DDX19A",-0.041171404,1.75379861701242,0.0762188873456863
"432","DDX20",-0.076444264,2.51161107920797,0.0218088600492769
"433","DDX21",-0.0543635339999999,2.1226009201002,0.0347994448287445
"434","DDX23",-0.115778506,3.15407397775514,0.00683907490579224
"435","DDX27",-0.07560641,3.90764239268428,0.00449245085359145
"436","DDX28",-0.022316342,1.06522616628432,0.162313916030906
"437","DDX39B",-0.101960038,3.93752409481965,0.00597315497431066
"438","DDX3X",-0.112460876,3.98994293432207,0.00222401071601384
"439","DDX41",-0.045611266,1.65213761905264,0.0685707339007595
"440","DDX42",-0.01957867,0.596167846217953,0.284592881490954
"441","DDX47",-0.029008364,1.58190437249486,0.0806331944203237
"442","DDX49",-0.02729046,0.817683587110993,0.218956377713591
"443","DDX5",-0.085785792,2.59570532824276,0.0160713470816789
"444","DDX51",-0.027845122,0.954373245905389,0.184313998172628
"445","DDX52",-0.046143918,1.64970919265211,0.0817427369590088
"446","DDX54",-0.021270822,1.10007860413369,0.152590177293202
"447","DDX56",-0.019502822,0.801975302654722,0.222918630130757
"448","DDX6",-0.0781885879999999,2.10657568136926,0.0356333902627635
"449","DENR",-0.116892604,4.1184942578436,0.00348769434756066
"450","DERL2",-0.109209936,3.03531058674989,0.0158041409114162
"451","DET1",-0.12223319,4.65122535562753,0.00396136800856482
"452","DHDDS",-0.098970822,5.52039923498315,0.000956796260210849
"453","DHFR",-0.022034272,1.14445365243782,0.148654912549885
"454","DHODH",-0.031025596,0.514930779114608,0.311148212470748
"455","DHPS",-0.063471652,2.76015462664243,0.0123808789842654
"456","DHX15",-0.0493117939999999,4.64900179718281,0.00148859211619073
"457","DHX16",-0.06144253,2.01926247900383,0.0546697383621674
"458","DHX29",-0.057287778,0.831998561412232,0.214836083229966
"459","DHX30",-0.0928687580000001,3.63508030161957,0.0036061276612921
"460","DHX33",-0.0860832760000001,3.27033526292372,0.00611009245135294
"461","DHX35",-0.0608582560000001,1.26070090315546,0.127671626341721
"462","DHX36",-0.0451459239999999,1.7221836326268,0.0707033088229923
"463","DHX37",-0.013631924,0.597028974586289,0.283506227702529
"464","DHX8",-0.017669684,1.05362180749462,0.16611271837749
"465","DHX9",-0.0468821659999999,1.2655525007959,0.125305850135309
"466","DICER1",-0.102524498,4.13050742104163,0.00190338763271815
"467","DIDO1",-0.111899278,3.48055865922232,0.00448452587219338
"468","DIS3",-0.0342403020000001,1.59778264920231,0.0745836524380639
"469","DKC1",-0.051892646,1.96140531838449,0.0451588708122287
"470","DLD",-0.088113468,3.566584088729,0.00764619971535411
"471","DLG5",-0.039715968,1.01130395057902,0.170769758413396
"472","DLST",-0.07992489,2.71305136579551,0.0133257412599142
"473","DMAP1",-0.073617588,3.59587250496282,0.00592958102366916
"474","DNAAF10",-0.086776442,2.94737903247702,0.00925714689094257
"475","DNAAF5",-0.0834031160000001,2.19834304336201,0.0322526073832205
"476","DNAJA1",-0.11329388,3.1532733215586,0.00722932562033157
"477","DNAJA3",-0.086305638,2.66816127307857,0.0143653073789929
"478","DNAJC11",-0.061128604,1.89116683789885,0.0520778748931682
"479","DNAJC13",-0.110809862,3.56442418088331,0.00688844353085214
"480","DNAJC17",-0.0157516900000001,0.336922746473204,0.373281595714828
"481","DNAJC19",-0.098891356,1.95866759832619,0.0430461603926564
"482","DNAJC2",-0.080683208,2.9552482464619,0.0120464066350054
"483","DNAJC21",-0.101684858,2.11622709566699,0.0355348622977658
"484","DNAJC9",0.020820854,-0.307660447591019,0.615938650161207
"485","DNLZ",-0.108200992,1.38442983697808,0.11210308664762
"486","DNM1L",-0.088405726,1.64737868019143,0.0701141048281008
"487","DNM2",-0.0970683919999999,2.59664913822448,0.0187778731892562
"488","DOCK5",-0.088273368,3.33913513227953,0.00514875777095739
"489","DOHH",-0.0481304200000001,2.63384763763119,0.0150413667128943
"490","DOLK",-0.032032298,1.45981572554146,0.0913738223381215
"491","DOLPP1",-0.0940806019999999,2.63546816964174,0.0236585788200506
"492","DONSON",-0.00859831799999999,0.19277810612041,0.426439425385802
"493","DOT1L",-0.077360958,2.02415374479552,0.0390739373353944
"494","DPAGT1",-0.00518448399999993,0.190767492390757,0.426747213373254
"495","DPF2",-0.030498486,0.680878455603514,0.266434256895819
"496","DPH1",-0.073760772,2.67959875799157,0.0160087879471015
"497","DPH2",-0.054258418,1.54786477505744,0.092290744076594
"498","DPH3",-0.027606538,1.04056967742641,0.17302551787794
"499","DPH5",-0.0396116000000001,1.58990227200122,0.0835132215098943
"500","DPH6",-1.69079999999822e-05,0.000386268240578117,0.49985102124292
"501","DPM1",-0.191003274,4.69820946527706,0.000792075763588922
"502","DPM2",-0.08508917,3.10313404936101,0.00812459948344249
"503","DPY19L2",-0.111600546,2.86829253269835,0.0143664793403885
"504","DPY30",-0.0645538280000001,3.44925426322157,0.00572322905291052
"505","DR1",-0.055299316,2.2800955565264,0.0271643695848945
"506","DRAP1",-0.115054314,3.98502550231718,0.00297137832412325
"507","DSCC1",-0.076770342,2.10963563806835,0.0350216162376827
"508","DSN1",-0.071685032,4.68806198392876,0.00132204291363595
"509","DTL",-0.01768892,0.479312545505086,0.32526246515279
"510","DTYMK",-0.0876457820000001,1.92340278757752,0.0521910853889021
"511","DUSP4",-0.0905448980000001,4.75726970446132,0.00107759504708452
"512","DUT",-0.060153234,1.70720349019552,0.0633314585610696
"513","DYNC1H1",-0.100507254,2.28998401592718,0.031909826995828
"514","DYNC1I2",-0.0411958100000001,1.34752493327057,0.118114677214181
"515","DYNLL1",-0.162392894,3.64550277285096,0.0034263788592681
"516","DYNLRB1",-0.014008344,0.301748497266761,0.385930504476131
"517","DYRK1A",-0.111733938,4.38197762101666,0.00119559981669306
"518","E2F1",-0.076222288,2.41272378556878,0.0242576114694875
"519","E2F3",-0.102442766,5.16678878810001,0.000495611603646556
"520","E4F1",-0.161895778,6.78556852935887,0.000106151103528704
"521","EAF1",-0.088065064,2.28380963191979,0.0289778874277843
"522","EAPP",-0.0849676100000001,2.67502777518225,0.0215067042838419
"523","EARS2",-0.072089234,2.84015859493129,0.0152386407701458
"524","EBNA1BP2",-0.0370338760000001,1.46689226195529,0.0985495381464885
"525","ECD",-0.0445700999999999,0.825489783995188,0.217827719921442
"526","ECT2",-0.080818042,3.02759226963845,0.0156126112332832
"527","EDF1",-0.125318062,3.59295948326986,0.00684598498040231
"528","EED",-0.129413152,3.32726611511411,0.00815177757974185
"529","EEF1A1",0.00779152399999999,-0.231538002942078,0.588007842117887
"530","EEF1B2",-0.11391096,2.84490732134867,0.0181417413286261
"531","EEF1G",-0.116677798,4.30417069840203,0.00155537142968157
"532","EEF2",0.023143186,-0.441440846459944,0.663872980421539
"533","EEF2KMT",-0.0125310239999999,0.213620089613483,0.419343871329561
"534","EEFSEC",-0.108775548,1.28685193134,0.125519115459644
"535","EFL1",-0.061532022,1.6497024645434,0.0693766319013968
"536","EFR3A",-0.10424023,1.84362846987244,0.0532665787928553
"537","EFTUD2",-0.089383922,3.36510106830372,0.00755143424970361
"538","EGFR",-0.220878328,8.50951313859395,0.000217955389166961
"539","EGLN1",-0.125491822,5.31589859200605,0.00141483434685527
"540","EIF1",-0.0599118359999999,1.56903232120118,0.0947025304195238
"541","EIF1AD",-0.0632258200000001,2.27006337362094,0.0345535956023113
"542","EIF1AX",-0.090352562,3.31512855988705,0.00532916276658976
"543","EIF2AK4",-0.158538742,5.61037556741156,0.000405435238386582
"544","EIF2B1",-0.117804362,4.72100895024091,0.00129671242980228
"545","EIF2B2",0.065015382,-1.12453789743457,0.848716091659805
"546","EIF2B3",-0.056382096,1.64999037710645,0.071749018697543
"547","EIF2B4",-0.069356276,1.45090659021273,0.0926028872442749
"548","EIF2B5",-0.036981484,1.06115348911042,0.161133184889592
"549","EIF2S1",-0.066654614,3.570418263838,0.00364643005619549
"550","EIF2S2",-0.0764423319999999,3.39158322216882,0.00753662399419231
"551","EIF2S3",-0.071065148,2.20219609343295,0.0299123869039081
"552","EIF3A",-0.0737161080000001,4.31615107179978,0.00139478775062952
"553","EIF3B",-0.077345324,4.89180298452487,0.00162226336908113
"554","EIF3D",-0.056957262,2.51586279174876,0.0181330679517726
"555","EIF3E",-0.09434783,2.65440460083891,0.0226924508933443
"556","EIF3F",-0.086486462,3.80023626337029,0.00312687502555009
"557","EIF3G",-0.065692588,3.31861939841863,0.00579581574571654
"558","EIF3H",-0.025492726,0.553627193826392,0.29773459016991
"559","EIF3I",-0.030230556,0.996542645770444,0.184684392476211
"560","EIF3J",-0.0454964600000001,0.885653230428756,0.20091280317319
"561","EIF3M",-0.04093773,1.23697903914075,0.129937364144438
"562","EIF4A1",-0.067527134,2.57993562414106,0.0203999651072505
"563","EIF4A3",-0.089797454,0.912094700389328,0.197872113625881
"564","EIF4B",-0.091871884,1.50289966319212,0.0863458063067226
"565","EIF4E",-0.081512272,3.15714956192394,0.00682759976610964
"566","EIF4E2",-0.05985626,1.34647215312867,0.113792827971293
"567","EIF4G1",-0.105900708,4.54720060938389,0.00097694712954616
"568","EIF4G2",-0.094719148,1.82775924383121,0.0526987132564507
"569","EIF5",-0.026059656,0.891250699192831,0.203630105395288
"570","EIF5A",-0.03848361,1.34686096046902,0.110998760675362
"571","EIF5AL1",-0.045510394,1.33917796880338,0.108670137199283
"572","EIF6",-0.044688606,1.97607791039702,0.0535900800892327
"573","EIPR1",-0.136989962,4.32962185706686,0.00449546078464149
"574","ELAC2",-0.062855894,2.75952651522105,0.0165359542000465
"575","ELAVL1",-0.143754942,4.22779200799811,0.00144276382796719
"576","ELL",-0.0773786280000001,2.22340127730837,0.0375905475816583
"577","ELMO2",-0.069541422,2.7046974605577,0.0165286784164266
"578","ELOA",-0.125870002,2.60222467574596,0.0237975656244325
"579","ELOB",-0.0928970299999999,2.64404609153495,0.0150394142163707
"580","ELOC",-0.0892604039999999,2.35757930809365,0.0238480121037665
"581","ELOF1",-0.037605446,0.987749815988367,0.183675005639047
"582","ELP1",-0.037645462,1.10137914237911,0.156964954705623
"583","ELP2",-0.00986468600000001,0.366471177246494,0.36566921996868
"584","ELP3",-0.0243860539999999,0.764009885396261,0.241983171711805
"585","ELP4",-0.0700531639999999,1.86919520333878,0.0606858127574429
"586","ELP5",-0.069270044,1.83745934026371,0.0574093622392573
"587","ELP6",-0.0793995639999999,2.4494288588496,0.0286116912164231
"588","EMC1",-0.100667094,6.21027729725113,0.0003335993999604
"589","EMC2",-0.0874541620000001,4.41571365211552,0.00123970905559285
"590","EMC3",-0.0613335,3.01092330917883,0.0195704980223674
"591","EMC4",-0.102174402,5.16095129705753,0.0013784935395863
"592","EMC6",-0.094902038,4.95892878055423,0.000628264740281495
"593","EMC7",-0.0661670519999999,3.66699900583553,0.00429538918103102
"594","EMSY",-0.101944588,4.31095538933952,0.00335092640371381
"595","ENO1",-0.077918252,3.00791357414634,0.0113378534101687
"596","ENY2",-0.105738768,5.13611129279471,0.00212363616474878
"597","EP300",-0.106185654,4.49046372362234,0.00101752651474754
"598","EP400",-0.0876467519999999,4.11960526468911,0.0018930459516466
"599","EPC1",-0.06844089,2.49107752815726,0.0234824135532686
"600","EPC2",-0.120592612,7.79965604216022,0.000487927377668247
"601","EPRS1",-0.04257971,1.35406025620753,0.109754227405304
"602","ERAL1",-0.0234076080000001,0.896481032200567,0.207591180055764
"603","ERBB2",-0.101813524,10.7353194125957,3.35764543700677e-06
"604","ERBB3",-0.046791056,2.32739010974909,0.0254583144336763
"605","ERCC2",-0.00602526199999998,0.18577645778526,0.428651766307103
"606","ERCC3",-0.02634048,1.33247451554711,0.112574059186497
"607","ERH",-0.094175502,5.01218932874258,0.00117469804101472
"608","ESCO2",-0.034705624,0.847684692873256,0.211032340953353
"609","ESF1",-0.0416841999999999,1.97661264850386,0.0536592206849053
"610","ESPL1",-0.051764218,2.13462610426766,0.0326623177418823
"611","ESS2",-0.140955082,4.46051053200133,0.00108582356318748
"612","ETF1",-0.0616552500000001,4.00882802208691,0.00249690834765334
"613","EXOC8",-0.088086266,3.8710571376911,0.00388472773870503
"614","EXOSC1",-0.01100728,0.269653517477247,0.399390793940849
"615","EXOSC10",-0.05130263,1.25576762077604,0.126286004090464
"616","EXOSC2",-0.016330074,0.53507136820587,0.303985780266482
"617","EXOSC3",-0.00628693200000008,0.143624825286423,0.445548402983169
"618","EXOSC4",-0.0107081059999999,0.411448346667036,0.346226594488626
"619","EXOSC6",-0.040684922,1.00329218771225,0.172586036796551
"620","EXOSC7",-0.036358684,1.74591485136966,0.0749938839417548
"621","EXOSC8",-0.01993935,0.607754825873937,0.28065707381695
"622","EXT1",-0.127165252,4.13070055447014,0.00441046603897907
"623","EXT2",-0.065654836,1.36523598443039,0.112090642190377
"624","EZH2",-0.110679228,4.41751373562454,0.00134515793836168
"625","FADD",-0.072690514,1.54901728813861,0.080998361087959
"626","FAF2",-0.131586888,3.91138625372583,0.00238570182340784
"627","FAM32A",-0.107806838,4.66709176506498,0.00144712899197661
"628","FAM50A",-0.035872294,1.01289791947178,0.176888480059262
"629","FAM98B",-0.101053852,3.75808992041019,0.00290753270812226
"630","FANCA",-0.0139004819999999,0.30306933117199,0.384803936021979
"631","FANCF",-0.01004812,0.356416897356674,0.366925738246929
"632","FANCI",-0.0707001759999999,1.01649724414983,0.178579225405242
"633","FANCM",-0.116746874,2.90617099135823,0.0154656407656574
"634","FARS2",-0.081239944,2.62483975667003,0.0194112538076209
"635","FARSA",-0.030625066,1.31744809045464,0.112389705109752
"636","FARSB",-0.020361598,0.893316367473767,0.199023932245452
"637","FASN",-0.101735224,3.18355111349496,0.0125200705234196
"638","FASTKD5",-0.011318194,0.629398380299191,0.273460413492363
"639","FAU",0.026257204,-0.954039111184294,0.811445689258071
"640","FBL",-0.059234936,4.108759459865,0.00184785866180365
"641","FBXO11",-0.077492232,2.28105576196036,0.031012773589594
"642","FBXO5",-0.029327736,0.702167317332192,0.25404349020147
"643","FBXO7",-0.0761372600000001,2.21780447253664,0.0331721736860364
"644","FBXW11",-0.059372224,2.29639204552347,0.0253836831076014
"645","FBXW7",-0.089152126,4.81424325523404,0.000815034577447615
"646","FCF1",-0.032594896,1.04159303726569,0.164074601039482
"647","FCHO2",-0.118417072,5.30643701079708,0.000391041618600944
"648","FDFT1",-0.0822818679999999,2.56926370311512,0.0282886370859112
"649","FDPS",-0.0675550859999999,3.74572489152304,0.00292202424120579
"650","FDX1",-0.066125692,2.30488941812912,0.0289083673277325
"651","FDX2",-0.066528222,2.37135661772064,0.0262333765186083
"652","FDXR",-0.04335064,0.859474666158223,0.213407019645994
"653","FECH",-0.06726342,1.94455637063627,0.0500373988927626
"654","FEN1",-0.11921707,4.74658987950257,0.000726025481919051
"655","FERMT1",-0.077332808,3.06447232634012,0.00774265800516144
"656","FERMT2",-0.107041842,4.29594469809604,0.00150660130885662
"657","FGFR1",-0.065327664,3.20193805449073,0.00731840151976769
"658","FIP1L1",-0.055250994,2.43529722373073,0.0204533350933627
"659","FIS1",-0.105510198,3.29501345039633,0.00774541012378111
"660","FKBP1A",-0.073960048,2.25911598732932,0.0281007313797471
"661","FLCN",-0.0620023319999999,1.61614373712162,0.072697998672266
"662","FLI1",-0.0695164399999999,3.29569453071139,0.00568604007613286
"663","FLII",-0.145719108,4.03285807099665,0.00613182323110107
"664","FLVCR1",-0.00523552999999999,0.065251065096738,0.474975172778416
"665","FNTA",-0.083276944,2.49933847633149,0.0191150467832233
"666","FNTB",-0.045769478,2.04215399436816,0.037756716173376
"667","FOSL1",-0.0935826900000001,4.53468780628967,0.00131506054939353
"668","FOXA1",-0.034308978,1.37078225040885,0.103839293743825
"669","FOXK1",-0.06981333,4.09568451371218,0.0037824509090356
"670","FOXM1",-0.033555762,1.36309713876984,0.105574499286285
"671","FOXRED1",-0.118980104,3.91426950331575,0.00351352496533623
"672","FPGS",0.028817934,-0.601474031047847,0.717118125009903
"673","FRG1",-0.0949210699999999,2.48091458071922,0.0254857095878799
"674","FUBP1",-0.107333312,1.9134381699503,0.0547957925821368
"675","FURIN",-0.101314878,2.49225154366464,0.0233417594413011
"676","FXN",-0.074400404,2.03418008909115,0.0410344923819443
"677","FZR1",-0.0543652099999999,2.32846506111903,0.0281209897134422
"678","G3BP1",-0.102879998,1.5175195872168,0.0976301901090694
"679","G6PD",-0.03405631,1.24790945939323,0.124894570829784
"680","GAB1",-0.115658028,4.80987880339628,0.000739854773958064
"681","GABPA",-0.114375114,2.84594407954706,0.0120479364006564
"682","GABPB1",-0.0361597419999999,1.29800882697958,0.118586468095498
"683","GADD45GIP1",-0.028330494,1.27555849855627,0.121580675907457
"684","GAK",-0.102721078,2.81924392809146,0.0153396959334998
"685","GAPDH",-0.033862712,1.08918326214654,0.158061559741945
"686","GARS1",-0.00629722599999993,0.208369972088127,0.420548197999221
"687","GART",-0.0569558219999999,1.51970131322177,0.0877416840929534
"688","GATA3",-0.0795606720000001,3.08170625737413,0.0114830963430872
"689","GATB",-0.134506814,2.61610162492057,0.0155245811604633
"690","GATC",-0.114071144,1.91500620838993,0.0500252428187284
"691","GBF1",-0.071383038,2.83005861072933,0.0176970311825109
"692","GCN1",-0.138808484,5.41694321715584,0.000369266025741209
"693","GCSH",-0.0216574,0.446333911630451,0.333905079486334
"694","GEMIN2",-0.0913840460000001,2.14823265666287,0.036079777010243
"695","GEMIN4",-0.098915636,4.45589940185596,0.00256872840868003
"696","GEMIN5",-0.111772684,3.84901085491771,0.00254394376948337
"697","GEMIN6",-0.0883142,3.35548464095762,0.0110577433127233
"698","GEMIN7",-0.143467334,3.56199470033794,0.00389394055984652
"699","GEMIN8",-0.0818993360000001,1.49760762309783,0.0914600604516988
"700","GET1",-0.0524003599999999,1.94005614991463,0.0459545951734243
"701","GET3",-0.10213828,2.34413534429553,0.0266103877465241
"702","GET4",-0.067152216,2.85413421573507,0.0192580619423121
"703","GFER",-0.016879212,0.310856916613688,0.383885107041692
"704","GFM1",-0.0505444740000001,2.3956226333899,0.023233607452667
"705","GFM2",-0.049644054,2.18564131257739,0.0301851891040535
"706","GFPT1",-0.051255156,1.13541458866583,0.150854616066909
"707","GGNBP2",-0.132430724,4.60611327217886,0.00141673657584178
"708","GGPS1",-0.045204876,1.58898453512384,0.0835219161072514
"709","GGTLC2",-0.024767366,0.514931484806415,0.312716242675459
"710","GIGYF2",-0.11634138,5.15608578280451,0.000568133118603992
"711","GINS1",-0.110892776,4.43904427807692,0.00145238418452474
"712","GINS2",-0.059245942,1.87118567066438,0.0501211176216486
"713","GINS3",-0.05097369,1.37542654369934,0.104922708790259
"714","GINS4",-0.0261754780000001,0.587257275902517,0.287225924601547
"715","GLMN",-0.09604412,1.25004907659847,0.135288903560507
"716","GLRX3",-0.074675834,3.28833663906156,0.00771451220742367
"717","GLRX5",-0.057940914,2.37265723010491,0.0263882891506481
"718","GLS",-0.10842965,4.0367348827012,0.00413127694880653
"719","GMNN",-0.138949892,3.37766869260974,0.00504115967482236
"720","GMPPB",-0.086836118,3.7388761555211,0.0030178734965158
"721","GMPS",-0.077974176,3.06677294240957,0.0146733782982093
"722","GNA13",-0.123379522,6.59444101961999,0.000285943769112118
"723","GNB1L",-0.042881754,1.52768652056582,0.0830925087172805
"724","GNL2",0.00461185800000008,-0.231376321085613,0.586963724569554
"725","GNL3",-0.043486912,1.63582623104638,0.0706439911437916
"726","GNL3L",-0.06425145,2.59201277554232,0.0194414354789683
"727","GNPNAT1",-0.09253914,3.0281685681873,0.00857142146414017
"728","GOLGA7",-0.053853852,1.77950232804664,0.0617123538338078
"729","GOLGA8R",-0.0392825720000001,0.779058927726427,0.234073082416735
"730","GOLT1B",-0.08496079,7.48984437156817,0.000371781066306044
"731","GOSR2",-0.025589842,0.735420515093889,0.247482693129936
"732","GPATCH1",-0.143643164,4.61418473635673,0.000967981576310114
"733","GPI",-0.018232214,0.593021444558384,0.285627864869069
"734","GPKOW",-0.10162203,2.83490500215692,0.0116897205884925
"735","GPS1",0.000986341999999918,-0.0208229325228365,0.508050906066345
"736","GPX4",-0.0742585280000001,1.68734487846647,0.065626222009415
"737","GRB2",-0.064084048,4.45352599682543,0.00249120002078509
"738","GRHL2",-0.033107592,0.507413742948756,0.313072991925564
"739","GRK2",-0.102812466,2.90590440104376,0.0173823305139798
"740","GRPEL1",-0.0756065939999999,2.75826974744945,0.0137331439940911
"741","GRSF1",-0.019103714,0.853201530726584,0.211053572048333
"742","GRWD1",-0.076107522,2.98067315468959,0.00960344690650617
"743","GSK3B",-0.12082059,5.53862531546075,0.000505026302982262
"744","GSPT1",-0.0365214659999999,0.867313350348744,0.211651251101934
"745","GTF2A1",-0.078120642,5.01387099811352,0.000943313941622906
"746","GTF2A2",-0.044401584,2.55486359756747,0.020790127790455
"747","GTF2B",-0.00633097599999999,0.551046734308704,0.29878369578116
"748","GTF2E1",-0.04777201,1.24382323067071,0.129994791298422
"749","GTF2E2",-0.0803642,2.85228938209846,0.0125284478338731
"750","GTF2F2",-0.063939436,2.03780185513758,0.0405516651566843
"751","GTF2H3",-0.073930892,2.11233639894144,0.0365663819614311
"752","GTF2H4",-0.107224728,2.38455336511026,0.0333392558103673
"753","GTF3A",-0.00507678999999994,0.197826142319295,0.425954913947739
"754","GTF3C1",0.00745583799999994,-0.317792258326983,0.618210328493618
"755","GTF3C3",-0.019640966,0.507586103836725,0.317146959532795
"756","GTF3C4",0.016528224,-0.611542570479022,0.717446551624169
"757","GTF3C5",-0.08697063,2.91419895118387,0.0156615589001023
"758","GTF3C6",-0.0408875040000001,3.27721998153667,0.0130122823952201
"759","GTPBP10",-0.031698468,1.51113596344416,0.0882682454907706
"760","GTPBP4",-0.0375384320000001,1.88570099673107,0.0565410129749781
"761","GTSE1",-0.0350788719999999,0.991636407179083,0.182863037063269
"762","GUK1",-0.072486058,3.00658181890175,0.00864070505352241
"763","H2AC15",-0.0527256700000001,3.77474606882692,0.00729861731861004
"764","H2AC17",-0.082982,3.20343691537942,0.00835608091502491
"765","H2AC20",-0.0179546100000001,0.559512516689828,0.29727213735069
"766","H2AX",-0.0837766059999999,3.30778929256942,0.00537725491176457
"767","H2AZ1",-0.0479613780000001,1.17068405406403,0.138673459328663
"768","H2BC11",-0.02566576,1.34100486130429,0.109143914524605
"769","H2BC13",-0.057856542,1.95878561034948,0.0478470357301976
"770","H2BC15",-0.123611436,4.55860422612184,0.0013656176015392
"771","H2BC21",-0.077787708,2.90936762814277,0.0120496159081558
"772","H2BC26",-0.0527256700000001,3.77474606882692,0.00729861731861004
"773","H2BC4",-0.0450682060000001,1.34325006215096,0.109026375455989
"774","H2BC6",-0.150979682,2.06767624237484,0.0433657745323098
"775","H2BC9",-0.123611436,4.55860422612184,0.0013656176015392
"776","H3-3A",-0.072694868,2.63224753673314,0.0198200630200432
"777","HARS1",-0.010716348,0.290546348823818,0.39051014762407
"778","HARS2",-0.097497202,3.26108290842013,0.00864275488202329
"779","HAUS1",-0.04600033,1.97957151815848,0.041625513334345
"780","HAUS3",-0.0653977240000001,1.93773221567602,0.0498909721591035
"781","HAUS4",-0.10424015,3.15373157864938,0.0100555254268084
"782","HAUS5",-0.103390298,5.01225935228322,0.000611455650341414
"783","HAUS6",-0.0361608999999999,1.45265825050819,0.0972537270012966
"784","HAUS7",-0.087218786,3.60362314562749,0.00347290842603868
"785","HAUS8",-0.053524318,2.56169994586133,0.0180003351796965
"786","HCCS",-0.089148824,2.22663777020515,0.0283419252145294
"787","HCFC1",-0.03077475,1.78246230148965,0.0564070547186398
"788","HDAC1",-0.052254106,1.5035083135841,0.0912609927563293
"789","HDAC3",-0.0636904740000001,4.81816647005692,0.000683239501425794
"790","HEATR1",-0.06233532,2.26111570740323,0.0309396813142915
"791","HEATR3",-0.052340982,1.32639147124158,0.115743054796293
"792","HECTD1",-0.073886628,3.21375362519647,0.00843525241057438
"793","HGS",-0.139392616,3.99718435092346,0.00294969700808882
"794","HINFP",-0.069252054,2.36139121704171,0.0230195729856746
"795","HIRA",-0.063741084,1.33736303463129,0.108946154417649
"796","HJURP",-0.0031890779999999,0.0597578887706369,0.476934375123873
"797","HK2",-0.105415862,3.10247987015376,0.00914946223227585
"798","HMBS",-0.087019404,2.40280226973891,0.026125661859157
"799","HMGA1",-0.127796152,3.15122339107813,0.0068361491730768
"800","HMGB1",-0.087958388,3.06448008510082,0.0105022145192264
"801","HMGCR",-0.0544214,2.24290605846453,0.0296460600620025
"802","HMGCS1",-0.059259076,1.65127444783623,0.0736228813947159
"803","HNF1B",-0.12654011,1.45782323249972,0.100994410236509
"804","HNRNPA1",-0.091227302,2.28115482323398,0.0259939446013189
"805","HNRNPA1L2",-0.0433346779999999,1.68364146409924,0.0674737104094799
"806","HNRNPA2B1",-0.101683442,1.70753490686986,0.0635082167097925
"807","HNRNPC",-0.00835173,0.24651299457611,0.405903253285464
"808","HNRNPF",-0.123170074,2.02266870115369,0.0393546490727091
"809","HNRNPH1",-0.113081168,3.52431501741833,0.00421585323378044
"810","HNRNPK",-0.06239877,1.56086609681034,0.0791966769799858
"811","HNRNPL",-0.151976336,6.1444568655522,0.000872008138221461
"812","HNRNPM",-0.0754133619999999,1.89839023658492,0.0473133812176669
"813","HNRNPU",-0.0309219820000001,1.20369792602764,0.131557254698643
"814","HOXD13",-0.0394149539999999,1.0515310771806,0.163713774736153
"815","HS6ST1",-0.073955332,2.08793748709361,0.0352740739615955
"816","HSCB",-0.002811762,0.0699346273142462,0.473288742298574
"817","HSD17B10",-0.064710012,3.16833424290007,0.0105936631976748
"818","HSD17B12",-0.101836236,1.66992762241835,0.0669314873176372
"819","HSF1",-0.061890114,2.7922026705233,0.0172112477323977
"820","HSP90AB1",-0.114993308,4.37587016313292,0.00439996889432174
"821","HSP90B1",-0.0558276599999999,1.94441799081806,0.0578135346076277
"822","HSPA13",-0.137118804,2.47762609823446,0.0279403361234668
"823","HSPA14",-0.155468866,2.6505552818926,0.0184743780450772
"824","HSPA5",-0.077719502,2.62538274337205,0.0155737610650317
"825","HSPA8",-0.112799714,2.86331110932073,0.0105247281863303
"826","HSPA9",-0.03075401,0.777119767334742,0.231888229598881
"827","HSPD1",0.0270887559999999,-0.590667621284627,0.707223445171217
"828","HSPE1",0.118490661,-1.36376023436723,0.881068370599547
"829","HTATSF1",-0.028093692,0.584507019831469,0.293017996079103
"830","HTRA2",-0.0811203440000001,1.58521555348977,0.0765333664690348
"831","HUS1",-0.0778628459999999,2.21208456752056,0.0328459707983629
"832","HUWE1",-0.11473599,4.69010869028859,0.00091789243090866
"833","HYOU1",-0.0468588679999999,1.77302961308303,0.0636054045092425
"834","HYPK",-0.070248684,2.28996684850456,0.0264542705231737
"835","IARS1",-0.03074009,1.47491050086297,0.103202910187042
"836","IARS2",-0.0693899059999999,3.41428124363217,0.00504869263661698
"837","IBA57",-0.0509634919999999,2.0610822870581,0.0366363970806359
"838","ICE1",-0.073246008,2.9188583114102,0.0106482085601457
"839","ICE2",-0.080192516,6.17157186134204,0.001081141473223
"840","ICMT",-0.064989192,2.01482057713866,0.0418883100465362
"841","IDH3A",-0.083094216,3.75564134305819,0.00282999429366649
"842","IER3IP1",-0.080198578,2.60762320344096,0.0182892261563974
"843","IFITM3",-0.095583206,4.89140125394154,0.00265010483140422
"844","IGBP1",-0.117885822,2.61325534834158,0.0170189075435682
"845","IGF1R",-0.105169006,1.50392437296952,0.092984961030951
"846","IK",-0.102338518,3.5121288708258,0.00551349936571578
"847","IKBKG",-0.092753584,2.03936098261006,0.038061973270536
"848","ILF2",-0.021189028,0.887781534218633,0.203098392001868
"849","ILF3",-0.079412646,3.37672552595792,0.0112019282156058
"850","ILK",-0.167201078,3.42212362257667,0.00467048823428727
"851","IMP3",-0.0308879839999999,1.32663488493936,0.118101709395012
"852","IMP4",-0.046821942,2.81003545249081,0.0185847549729428
"853","IMPDH2",-0.0508386460000001,1.88912429753226,0.0482655617019653
"854","INCENP",-0.080637144,2.56934440183277,0.0217962794983157
"855","ING3",-0.074547148,2.18268556128279,0.0345765483426579
"856","INO80",-0.05895281,2.0009363638268,0.049302199583548
"857","INTS1",-0.0958220759999999,4.72770607217248,0.00121902542105043
"858","INTS10",-0.08891316,2.13096692187996,0.0346799459569629
"859","INTS11",-0.056306136,3.52075549491084,0.00514048768101829
"860","INTS12",-0.130702694,2.1905987618587,0.0429678160102658
"861","INTS13",-0.1384067,2.69064375946287,0.0137968129912359
"862","INTS14",-0.0644434279999999,1.74841326702157,0.0599636302701608
"863","INTS3",-0.095301406,2.93104214365271,0.0127224516462413
"864","INTS5",-0.106696488,3.67518346834778,0.00459614597218884
"865","INTS6",-0.102073052,4.34771761784281,0.00157033261476648
"866","INTS7",-0.0947332519999999,3.15037681707051,0.00740950210707934
"867","INTS8",-0.067507728,3.27542080188728,0.00591960124086196
"868","INTS9",-0.100479644,4.1620542777182,0.00158483120330081
"869","IPO11",-0.0599722960000001,2.83505154655025,0.01567856649482
"870","IPO13",-0.012024536,0.259994100177396,0.400825376696665
"871","IPO5",-0.072324226,2.24602956335013,0.0327319264250958
"872","IPO7",-0.11319896,5.78650290216795,0.00114550938168368
"873","IPO9",-0.07134092,2.85553039152739,0.0107028734352951
"874","IPPK",0.00622963399999998,-0.171794283841269,0.566052060406323
"875","IREB2",-0.0898237199999999,7.34837660842999,4.02040571198014e-05
"876","IRF2",-0.0832270780000001,3.01648639723576,0.0088006359193648
"877","IRF2BP2",-0.0404818060000001,1.16279520848896,0.140960822666025
"878","IRF4",-0.068770028,2.94578425379342,0.0153846050561936
"879","IRS2",-0.11065774,8.65308853934481,1.6553715353258e-05
"880","ISCA1",0.021197238,-0.526037028509039,0.693253540057388
"881","ISCA2",-0.040725814,1.15196799022959,0.14405746682758
"882","ISCU",-0.0324681299999999,0.624488879579638,0.276393847260027
"883","ISG20L2",-0.026309448,1.41739371451988,0.102611984621547
"884","ISL1",-0.047040194,1.93741813342483,0.0495397914437722
"885","ISY1",-0.108621142,4.26921071337362,0.00275218152423639
"886","ITGA3",-0.083392018,6.80896428687059,0.000323167123000024
"887","ITGAV",-0.0439022,1.4031887018409,0.100174623357752
"888","ITGB1",-0.0624402780000001,3.95284443133858,0.00217625375482099
"889","ITGB5",-0.0218578960000001,0.897436211249583,0.198283588345326
"890","ITPK1",-0.00186928200000003,0.0444696023982836,0.483153230791701
"891","JMJD6",-0.011516042,0.311519888730392,0.383090939461763
"892","JTB",-0.055133028,1.22389396322266,0.1280396585616
"893","JUN",-0.09477518,3.65360186448228,0.00340490680313823
"894","JUNB",-0.0684593279999999,2.9545098968362,0.00979645780605131
"895","KANSL1",-0.069330488,2.89918555720949,0.0110089559067341
"896","KANSL2",-0.095724496,4.68450689992522,0.000819994491361797
"897","KANSL3",-0.097194924,5.1779628795961,0.00123818918045252
"898","KARS1",-0.034818276,0.904924963880843,0.196045647460763
"899","KAT8",-0.0158852020000001,0.803692503903603,0.224062083960503
"900","KATNB1",-0.134500362,5.22434515532868,0.00072296955735126
"901","KCMF1",-0.014519064,0.364753721670269,0.362818177447049
"902","KCTD10",-0.0405000759999999,1.20823099449182,0.132987948732532
"903","KCTD5",-0.07590973,2.51786421202323,0.019500591417825
"904","KDM2A",-0.0830432959999999,3.55283375668089,0.00813265806643704
"905","KDM5C",-0.056809954,1.78210617815663,0.0585024348136525
"906","KDM8",-0.080383686,2.45531638897828,0.0217027962796221
"907","KDSR",-0.0538782,1.14438017957906,0.143903315382938
"908","KEAP1",-0.0859133160000001,3.34005358694599,0.00740817075433463
"909","KHSRP",-0.092718236,3.07332233554967,0.0100084526736426
"910","KIDINS220",-0.099216632,5.65948788424687,0.000240906194763547
"911","KIF11",-0.035651796,1.36802550162072,0.105527098475046
"912","KIF14",-0.05218696,1.46876533904818,0.0958687465673105
"913","KIF18A",-0.10149272,6.17085601563664,0.000214614135451538
"914","KIF18B",-0.0571824479999999,1.63291423733734,0.0736416969392092
"915","KIF20A",-0.080656592,3.0837554002867,0.00763421509649606
"916","KIF23",-0.039022802,1.33965165948584,0.10958882626529
"917","KIF2C",-0.126082484,3.64803216840734,0.00918098005493181
"918","KIF4A",-0.177193066,4.95907920401915,0.00222695482763712
"919","KIN",-0.105838594,3.20266858426218,0.00836577807893319
"920","KIRREL1",-0.055055976,3.33115227814715,0.00519351567641704
"921","KLF5",-0.129634586,6.10444649741633,0.000847074993447328
"922","KMT2A",-0.120302748,4.95296993035373,0.00324039089074748
"923","KMT2D",-0.061097866,2.03290692512958,0.0384411740802758
"924","KNL1",-0.111768902,4.15399749084192,0.00201663562426717
"925","KNTC1",-0.154501532,4.23466888469369,0.00181353798703249
"926","KPNA2",-0.060722234,1.18625781021759,0.146717193195535
"927","KPNB1",-0.0716927019999999,1.32277011990925,0.115710602044478
"928","KRAS",-0.0587304860000001,2.36105339142386,0.0245044792508213
"929","KRI1",-0.056929554,3.05414861633988,0.0091915147340546
"930","KRR1",-0.032220708,1.31058730572227,0.122536527719518
"931","KRT18",-0.067279278,3.23921698266432,0.0124397136320464
"932","KTI12",-0.070648034,1.92323822198337,0.0542684686510226
"933","LAMTOR2",-0.089888298,2.74385254783887,0.0135906174918639
"934","LAMTOR3",-0.103111054,2.60704407828471,0.0159932700481245
"935","LAMTOR4",-0.116724316,5.07801581564155,0.000675336884019306
"936","LARP1",-0.046155604,1.20219820408601,0.131879590036678
"937","LARP7",-0.073289888,3.4007162550008,0.00468850901127768
"938","LARS1",-0.0663267219999999,1.97747905471185,0.0417508168031864
"939","LARS2",-0.0636434220000001,2.30517536516024,0.0280917292021637
"940","LAS1L",-0.046200972,1.48605646472958,0.0999650793599216
"941","LCE2B",-0.071843656,4.29057098139665,0.00212215225845555
"942","LCMT1",-0.074180008,4.24860695970087,0.00317193819479414
"943","LDB1",-0.090524904,3.30091205520294,0.0102934563752415
"944","LDLR",-0.128009432,3.48701635850649,0.00416255465662681
"945","LEMD2",-0.148731048,2.31969599824291,0.0283461696314561
"946","LETM1",-0.0502422579999999,0.80073478612991,0.231152656994826
"947","LIAS",-0.068299314,2.36151270374729,0.0247270530950576
"948","LIG1",-0.107503296,3.14795156080414,0.00717335018545016
"949","LIN54",-0.078429558,2.02725304694932,0.044416700864308
"950","LIPT1",0.0120206780000001,-0.273789243157006,0.602378136535896
"951","LMNA",-0.106796894,4.09311516140262,0.00210908498827992
"952","LMNB1",-0.11686915,5.15206846707629,0.000454930219642336
"953","LONP1",-0.07426354,1.82001750892227,0.0532079641444348
"954","LRP8",-0.046053876,1.03456141568657,0.168939638010324
"955","LRPPRC",-0.0622256640000001,2.3881305332096,0.0227145547842207
"956","LRR1",-0.027146714,0.575796841117312,0.290388395745649
"957","LSG1",-0.043864884,1.51725813768484,0.0932319510118042
"958","LSM11",-0.122463236,5.57581008203208,0.000907985108249948
"959","LSM2",-0.044533988,1.52734876804882,0.0845846102970464
"960","LSM3",-0.034193684,0.930654646326049,0.196340191459589
"961","LSM4",-0.055443072,1.61106992296174,0.0741645049086172
"962","LSM5",-0.085269756,2.72576233624724,0.0136960000286975
"963","LSM6",-0.077055224,3.39968336673165,0.0118601865735423
"964","LSM7",-0.03660465,1.12009169772483,0.151678869700709
"965","LSM8",-0.0463229380000001,2.29350164017178,0.025500728509898
"966","LTO1",0.00289627199999998,-0.0486714454894823,0.51878721544618
"967","LUC7L2",-0.159745886,3.4645342778553,0.00491160870417409
"968","LUC7L3",-0.014585856,0.541820773729176,0.302819202211145
"969","LYRM4",-0.004229602,0.161854660236828,0.439283735052912
"970","MAD2L1",0.000726413999999953,-0.025337383238749,0.509719457137898
"971","MAD2L1BP",-0.0610799040000001,2.37589941238297,0.027746438173338
"972","MAD2L2",0.00209188199999999,-0.0522735470422796,0.520017490438592
"973","MAEA",-0.124946268,4.40928997868312,0.00146041554477192
"974","MAGOH",-0.075000606,2.26714980958984,0.0345884130386655
"975","MAK16",-0.07161681,2.4068313537983,0.0243416642451514
"976","MALSU1",-0.0628134699999999,2.04165783417819,0.0378880776669019
"977","MANF",-0.129367904,4.00055669655751,0.00736974008131211
"978","MAP3K7",-0.096033088,3.36056756138553,0.00634661518913402
"979","MAP4K4",-0.029444668,0.542385005484434,0.303555604445276
"980","MAPK1",-0.093668448,3.98495725712048,0.00239242293083214
"981","MAPK14",-0.094406264,5.90109610874458,0.000847900876532206
"982","MARCHF5",-0.040945202,1.27657681901864,0.128804862402609
"983","MARK2",-0.092129424,4.82989715586016,0.000652581404426199
"984","MARS1",-0.00681535199999994,0.148629084513385,0.443506018763301
"985","MARS2",-0.03060033,0.548089012427681,0.29965659521738
"986","MASTL",-0.045736776,2.27469415977893,0.0341755163612834
"987","MAT2A",0.02026593,-0.571454754482367,0.707192924136092
"988","MAU2",-0.030779866,0.538859433573891,0.303706775515728
"989","MAX",-0.080959318,3.78890227528593,0.00710720619742049
"990","MBNL1",-0.0764961000000001,4.90819438939964,0.000988204325778639
"991","MBTPS1",-0.100147908,4.96068906197082,0.000711891668713906
"992","MBTPS2",-0.115344688,1.9000872021465,0.0517692566795481
"993","MCL1",-0.141070068,2.02910275205355,0.0391687411458394
"994","MCM2",-0.055380062,2.4668580924572,0.026334441856696
"995","MCM3",-0.077530502,3.42502808281623,0.00456398353816861
"996","MCM3AP",-0.0835873920000001,3.5959005712159,0.00533209914302375
"997","MCM4",-0.073271034,2.70555205221283,0.017053269750063
"998","MCM5",-0.072392594,2.30116026254427,0.0275619124775838
"999","MCM6",-0.07801722,5.47888655678368,0.00058113261475264
"1000","MCM7",-0.052275362,2.87005684704805,0.0150221243579577
"1001","MCMBP",-0.0715836559999999,1.41217477981901,0.0978073433196384
"1002","MDM2",-0.0198537200000001,0.240923927736092,0.408124372338523
"1003","MDM4",-0.0788873920000001,5.47114817301832,0.000509280917091504
"1004","MDN1",-0.028749806,0.693877950201013,0.259493660237264
"1005","MEAF6",-0.054050542,1.21700970366026,0.134199021259009
"1006","MED1",-0.037548624,0.576779133812161,0.292749459194878
"1007","MED10",-0.09609821,1.50975050329868,0.0872917615004124
"1008","MED11",-0.00166065199999998,0.0373527009229275,0.485582326214156
"1009","MED12",-0.112555368,3.42476815475912,0.0104106986196954
"1010","MED13",-0.122095108,4.18775579817229,0.00210887446128147
"1011","MED14",-0.0788452719999999,2.55870225005749,0.0216567570242982
"1012","MED15",-0.056208958,2.0825711409067,0.0375604399835524
"1013","MED16",-0.04948531,0.792168185726819,0.228247981064159
"1014","MED17",-0.070815588,3.74758619579096,0.002963988349227
"1015","MED18",-0.0142520859999999,0.307451646995145,0.383630375513584
"1016","MED19",-0.044184066,1.27225613942482,0.121516370515185
"1017","MED23",-0.064998788,2.37154818133778,0.0229530743008804
"1018","MED24",-0.111729274,3.40465658350253,0.00541289902402417
"1019","MED25",-0.131565388,3.4697422261089,0.00879669399972589
"1020","MED26",-0.0204007820000001,0.44648663437781,0.333828745498012
"1021","MED28",-0.024360668,0.631570551278152,0.274434492287796
"1022","MED30",-0.052683218,0.98567438258419,0.185816768415264
"1023","MED31",-0.070311396,2.41111857064052,0.0215370212846021
"1024","MED4",-0.015069124,0.451174096379038,0.334123399017677
"1025","MED6",-0.0435463119999999,0.852899497579139,0.212261205422862
"1026","MED7",-0.097784144,3.39781551111647,0.00822027908695043
"1027","MED8",-0.02705148,0.855862753222494,0.213899637837393
"1028","MEF2C",-0.100340126,4.62820338064953,0.00117547738109634
"1029","MEMO1",-0.050281496,0.983551048142911,0.17929081459145
"1030","MEN1",-0.056089388,0.783094235015757,0.232216432646309
"1031","MEPCE",-0.039983302,1.05669498870647,0.162807139620509
"1032","METAP1",-0.0226254739999999,1.0291002265542,0.166890896670507
"1033","METAP2",-0.026166322,1.20527014755999,0.13151049264743
"1034","METTL1",-0.03562186,1.15757472813599,0.141719998525721
"1035","METTL14",-0.0581792840000001,4.25542355697203,0.00439474118719283
"1036","METTL16",-0.00932736599999995,0.36344647956087,0.365277647542546
"1037","METTL17",-0.027335494,1.40816292350187,0.0988964063535866
"1038","METTL3",-0.06253434,1.3740532229652,0.105750304819016
"1039","MFAP1",-0.059533456,2.9302973543579,0.0117260195000405
"1040","MFN2",-0.10425638,2.83386125436551,0.0110094862731765
"1041","MGAT1",-0.104668344,3.60602284671913,0.00346282428106056
"1042","MIB1",-0.0827627980000001,4.67274724053855,0.000810449954486909
"1043","MICOS10",-0.111223618,3.85013576784816,0.00353379128688132
"1044","MIOS",-0.027782698,0.532825006615584,0.305435166563305
"1045","MIPEP",-0.0564557600000001,1.32830724567423,0.110613030015482
"1046","MIS12",-0.106410188,3.89692810236613,0.00241998959465371
"1047","MIS18A",-0.0378555739999999,0.881430638533201,0.203835635340756
"1048","MIS18BP1",-0.010738228,0.213754003386958,0.41805931325634
"1049","MLST8",-0.023139862,0.54293916997553,0.303436417641839
"1050","MMGT1",-0.0490631899999999,2.78464617325212,0.0193762988805285
"1051","MMS19",-0.0247448739999999,0.922637722247932,0.200794342111023
"1052","MMS22L",-0.00467482400000008,0.152507162727471,0.4414245280403
"1053","MNAT1",-0.052376454,1.35628174015984,0.106322098116158
"1054","MNT",-0.13720966,3.17262862518525,0.00688249630958807
"1055","MOCS3",-0.066135224,3.57887882598987,0.00517726263583676
"1056","MON2",-0.0441833039999999,3.02358688460368,0.00920267874599975
"1057","MORF4L1",-0.093150132,2.76171323517122,0.0178770708732124
"1058","MPHOSPH10",-0.0294958040000001,1.44358086017764,0.10558602205126
"1059","MRE11",-0.081636856,3.39901297966156,0.00609082361505595
"1060","MRGBP",-0.09285405,2.614769791289,0.0214629114659868
"1061","MRM2",-0.0768432539999999,4.01439939815334,0.00193748715074521
"1062","MRM3",-0.051760206,1.57396334630301,0.077894483438579
"1063","MRPL10",-0.058397366,2.19312704672629,0.0432324092086863
"1064","MRPL12",-0.0982593940000001,3.03521084310271,0.0094825054742326
"1065","MRPL13",-0.093338514,3.42483323026074,0.00495714323910867
"1066","MRPL15",-0.0777355439999999,3.2007856189209,0.00632748113383428
"1067","MRPL16",-0.038280482,1.64944102398578,0.0703457259962586
"1068","MRPL18",-0.058098624,2.37251655140445,0.0225478525273569
"1069","MRPL2",-0.0660916500000001,3.0107812441022,0.0120348224184279
"1070","MRPL20",-0.064537396,2.1593978016085,0.0314540518222473
"1071","MRPL22",-0.0724306139999999,3.1319317494722,0.00701321849410395
"1072","MRPL23",-0.072641756,3.07418262229832,0.00770554359617127
"1073","MRPL24",-0.081074396,2.3034004762227,0.0269336504650011
"1074","MRPL27",-0.041683594,1.46353075352581,0.092841889385899
"1075","MRPL28",-0.040043658,2.37663792443189,0.0289741291202466
"1076","MRPL3",-0.0599074039999999,4.04858195902668,0.00200626942800904
"1077","MRPL32",-0.071880642,2.34744055361718,0.0275153288540366
"1078","MRPL34",-0.042704796,1.83554919257774,0.0533452741638363
"1079","MRPL35",0.016992012,-0.515157829079121,0.685907700452642
"1080","MRPL36",-0.077158014,3.07221066190373,0.00843954415749315
"1081","MRPL41",-0.051136702,1.87285095581433,0.0493295868688399
"1082","MRPL43",-0.0410615639999999,2.29367220741855,0.025559840389061
"1083","MRPL44",-0.049080876,1.87686514736593,0.0492296642006401
"1084","MRPL47",-0.052968784,2.39461136588112,0.023896862203214
"1085","MRPL51",-0.062157428,2.69594400094788,0.0209906483378371
"1086","MRPL55",-0.0457462240000001,1.78044790971655,0.0566297207416137
"1087","MRPL57",-0.030152858,1.38468555884418,0.105967704814107
"1088","MRPL58",-0.0681561000000001,2.15092898539951,0.0333535757588512
"1089","MRPL9",-0.050875444,1.92518163173507,0.0471498734659207
"1090","MRPS11",-0.0728971540000001,2.68740115689272,0.0165574725281115
"1091","MRPS12",-0.062480504,2.3952445760472,0.0238369948776204
"1092","MRPS14",-0.0569759000000001,2.31282922010921,0.0281874291666691
"1093","MRPS16",-0.066139864,3.2059624722642,0.00625223620631129
"1094","MRPS17",-0.065812428,3.35154915011485,0.00504761318273572
"1095","MRPS18B",-0.0171919700000001,0.767253834818254,0.238236947737734
"1096","MRPS18C",-0.070926138,3.23476583334789,0.00722457754632678
"1097","MRPS2",-0.085773684,3.40537425059006,0.00475186495656381
"1098","MRPS21",-0.07329707,3.61962636445372,0.00424626895545026
"1099","MRPS24",-0.05768334,2.87847104272531,0.0103422461946062
"1100","MRPS27",-0.043575622,1.77170961264867,0.0582190353794835
"1101","MRPS30",-0.0789731440000001,2.44128773160104,0.0249963234782878
"1102","MRPS34",-0.04842174,2.03530710135898,0.0395833001253937
"1103","MRPS5",-0.042584836,1.82181351809325,0.0624148732452624
"1104","MRPS6",-0.04920812,2.6928514066892,0.0137415123350496
"1105","MRPS7",-0.040145794,1.78598539294194,0.0595615014515318
"1106","MRTO4",-0.0420244219999999,2.83569435710499,0.0144614976147404
"1107","MSL1",-0.0784900780000001,4.66002309414999,0.00264448481821685
"1108","MSTO1",-0.119585942,3.70022612768695,0.00491470752332585
"1109","MT1E",-0.09061071,2.0729783242731,0.0399989031190389
"1110","MT2A",-0.078321208,1.59674929962431,0.074990002933771
"1111","MTBP",-0.014016118,0.589405420248189,0.289233084620737
"1112","MTCH2",-0.13867982,3.87411441307498,0.00255164090752586
"1113","MTERF4",-0.070599486,2.84466740393247,0.0114844776814549
"1114","MTF1",-0.074850534,2.52336550077118,0.0186955757534812
"1115","MTG1",-0.088611672,2.46488244838614,0.0201915896760881
"1116","MTG2",-0.0394959699999999,2.11100798310629,0.0471716006806134
"1117","MTHFD1",-0.055404274,2.37848191131242,0.0336201118869644
"1118","MTOR",-0.037813748,0.937055736862515,0.192032559283695
"1119","MTPAP",0.0183133799999999,-0.727898874299746,0.749216706632434
"1120","MTREX",-0.032377828,2.0278941943642,0.0452900894511617
"1121","MTRF1L",-0.066688696,3.04959139407244,0.00871196367652867
"1122","MTX2",-0.0512274,2.04668146314575,0.037878528132981
"1123","MUC20",-0.0823194500000001,3.79576270700766,0.00538481596629329
"1124","MVD",-0.133173966,3.07976783501848,0.00820346161616027
"1125","MVK",-0.130667068,5.71730289746776,0.00144335354716079
"1126","MYB",-0.08010434,2.32031979303269,0.0244562387416392
"1127","MYBBP1A",-0.0256904720000001,1.03074787343381,0.166409497307241
"1128","MYBL2",-0.067877858,2.06414100888204,0.0371298378433509
"1129","MYC",-0.0329510200000001,1.25771478145554,0.125563756920464
"1130","MYCN",-0.076330208,2.97355049317827,0.0129989148313255
"1131","MYH9",-0.0634638120000001,1.93366701752819,0.0543553012421681
"1132","MZT1",-0.055803024,1.84915131596517,0.0529647469423931
"1133","N6AMT1",-0.087072032,3.66423491516976,0.00320740934240239
"1134","NAA10",-0.024041956,0.98238657165202,0.179018589876301
"1135","NAA15",-0.0385639160000001,1.42773583334429,0.107771985563003
"1136","NAA20",-0.040732222,1.29758207506628,0.115529517302348
"1137","NAA25",-0.111969276,2.86749262870753,0.0174909690618538
"1138","NAA35",-0.0524167259999999,2.25734846406642,0.0289545241160658
"1139","NAA50",-0.070887248,1.65714411572581,0.0713676065653746
"1140","NACA",-0.130603896,4.95102987296756,0.00056153632478411
"1141","NAE1",-0.074701932,2.613877929993,0.0161104733834011
"1142","NAMPT",-0.051443894,1.64167145396525,0.070501398025983
"1143","NAPA",-0.0797223379999999,4.1002011261706,0.00660821971180223
"1144","NAPG",-0.0806272219999999,1.36311478854275,0.10508656875989
"1145","NARS1",-0.038351552,1.13842334238172,0.147512032825003
"1146","NARS2",-0.0438144039999999,1.45760714746972,0.0941934557175617
"1147","NAT10",-0.057676658,2.71433025284923,0.0134783431582346
"1148","NBAS",-0.088579714,2.97804416881981,0.00970834987720996
"1149","NCAPD2",-0.010421224,0.522704523461181,0.310816546595287
"1150","NCAPD3",-0.051454212,1.23768937770602,0.134004971099782
"1151","NCAPG",-0.032361376,1.85225934114798,0.0544898023573849
"1152","NCAPG2",0.00566411199999994,-0.167636297505645,0.564307255413723
"1153","NCAPH2",-0.00835769799999997,0.406939425107808,0.350162579090538
"1154","NCBP1",-0.05064945,1.72359568160668,0.0615394044111909
"1155","NCBP2",-0.050563978,1.8180497816392,0.0535224177082639
"1156","NCKAP1",-0.110205592,8.32995176788985,0.000124339762650015
"1157","NCL",-0.0900587199999999,3.33482927521532,0.00537905849814123
"1158","NCOA4",-0.149615672,2.26332489960077,0.0348571589245574
"1159","NDC1",-0.0588912520000001,2.510062122001,0.0202476408235598
"1160","NDC80",-0.045767864,2.7334675450464,0.0168328575907242
"1161","NDE1",-0.0232042140000001,0.305667513072835,0.386045587101817
"1162","NDOR1",-0.0260007959999999,0.569537951119379,0.294277303736547
"1163","NDUFA1",-0.103429614,4.2375861576681,0.00179288233792274
"1164","NDUFA10",-0.113016582,4.40710651621097,0.0019844502289614
"1165","NDUFA11",-0.103106218,3.87130761599312,0.00272558315639867
"1166","NDUFA2",-0.095285912,3.99481426726374,0.00202090104724078
"1167","NDUFA3",-0.123798388,5.07797480601739,0.000537007665222836
"1168","NDUFA4",-0.104468682,4.45109021172239,0.00107771824169182
"1169","NDUFA6",-0.124765394,5.24766594210468,0.000412657563942413
"1170","NDUFA8",-0.125191202,5.04886850339769,0.000500104688748071
"1171","NDUFA9",-0.079966494,3.47353918714137,0.00425148316374606
"1172","NDUFAB1",-0.105723718,4.29255852576434,0.00150929064101811
"1173","NDUFAF1",-0.078983502,3.43484370086921,0.00547970777228189
"1174","NDUFAF3",-0.11939856,4.52436176085988,0.00151315619595314
"1175","NDUFAF4",-0.0428241499999999,1.99803407870676,0.0560202672560791
"1176","NDUFAF6",-0.095517514,4.11707132706239,0.00190624566092696
"1177","NDUFAF7",-0.08952393,3.96272330039472,0.00445229963709849
"1178","NDUFAF8",-0.086900124,3.47633943657232,0.00714021261583425
"1179","NDUFB10",-0.122865212,4.7566936182144,0.000779824119943301
"1180","NDUFB11",-0.111803298,4.21398097342085,0.0019461118885567
"1181","NDUFB2",-0.103712438,4.07576780268492,0.00259302959613147
"1182","NDUFB3",-0.0896664620000001,3.66208304371976,0.00510749146387036
"1183","NDUFB4",-0.107128176,4.04000377880932,0.00263170671847086
"1184","NDUFB6",-0.113273136,4.38391551480087,0.00143839773804587
"1185","NDUFB7",-0.112414782,4.66738334939443,0.000969822530998074
"1186","NDUFB8",-0.0864331680000001,3.19684017273388,0.00761396719018226
"1187","NDUFB9",-0.115054388,2.99154235835634,0.00895351750203237
"1188","NDUFC1",-0.134122796,3.5544684216861,0.00590989207629696
"1189","NDUFC2",-0.11947625,4.25919731412024,0.00181053167108063
"1190","NDUFS1",-0.075787166,2.10826041594423,0.0430753193286879
"1191","NDUFS2",-0.110728,4.00558527397313,0.00196473601474763
"1192","NDUFS3",-0.0814109159999999,3.12726515793668,0.0091261834060697
"1193","NDUFS5",-0.101290418,3.65843987417918,0.00340545840414882
"1194","NDUFS7",-0.08337756,3.30496479835037,0.00603443203994712
"1195","NDUFS8",-0.09944004,4.09961444996883,0.00174115169741372
"1196","NDUFV2",-0.0983988,3.63279901872948,0.00361305619592534
"1197","NEDD1",-0.029130662,0.651088474606298,0.268507130003733
"1198","NEDD8",-0.075004038,4.204028776487,0.00154417305150783
"1199","NELFA",-0.098999456,3.52237829609069,0.00403755539742842
"1200","NELFB",-0.108457,2.31325154661388,0.031440116302643
"1201","NELFCD",-0.086343682,2.94239004730802,0.0134330200913276
"1202","NEPRO",-0.00645886800000006,0.144727104943779,0.444507352949213
"1203","NF1",-0.098652584,2.9363956057535,0.0149757684178228
"1204","NF2",-0.128745364,4.98857066022129,0.00159007542591544
"1205","NFE2L2",-0.118000002,2.13137383319159,0.0423626961488701
"1206","NFRKB",-0.068569568,1.38771945303482,0.109931962214732
"1207","NFS1",-0.00681374000000001,0.144893190702666,0.44432537556323
"1208","NFYB",-0.100981778,4.32783561006735,0.00136572404577841
"1209","NFYC",-0.09460997,3.19886498679006,0.00636104208280529
"1210","NGLY1",-0.030769366,1.07943707241117,0.155939494114472
"1211","NHP2",-0.0787681059999999,3.18245546478627,0.00757767520248178
"1212","NIFK",-0.028035556,1.40111877364022,0.0998023361651918
"1213","NIP7",-0.0444336319999999,1.00497537339466,0.174124234322253
"1214","NIPBL",-0.072935368,3.9181548460216,0.00245573602613309
"1215","NKAP",-0.0106951199999999,0.243148456822399,0.40714137015032
"1216","NMD3",-0.0396191459999999,1.06322483417798,0.168225275244662
"1217","NMNAT1",-0.0659953919999999,3.29229905221797,0.00561010688794903
"1218","NMT1",-0.109524072,3.96237556283372,0.00220805911635919
"1219","NOA1",-0.066666684,2.2135750672071,0.0292309095827102
"1220","NOB1",-0.111539826,3.91578267201988,0.00361176066567764
"1221","NOC3L",-0.0101278739999999,0.397637290757694,0.351508134099537
"1222","NOC4L",-0.043475126,1.9490491408166,0.0455850589177123
"1223","NOL10",-0.025171258,1.3054433950622,0.124700449100231
"1224","NOL6",-0.02541366,0.997627607137564,0.174165970309673
"1225","NOL8",-0.0480008479999999,2.66435309523349,0.0175171002647521
"1226","NOL9",-0.0736474660000001,2.89954330282159,0.0168102424817964
"1227","NOLC1",-0.112076518,6.02463930913139,0.000366954947370618
"1228","NOM1",-0.03273504,0.826644306925017,0.216802461141198
"1229","NONO",-0.148694596,3.84955773516528,0.00289957103607119
"1230","NOP10",-0.0611664040000001,2.15517340633076,0.0330389257153074
"1231","NOP14",-0.02191232,0.96083876002848,0.188864574295349
"1232","NOP16",-0.038094488,1.17557123504386,0.142586475228756
"1233","NOP2",-0.0867120060000001,2.65996406887768,0.0163369390392494
"1234","NOP56",-0.0681201220000001,2.785135336714,0.0121151348372838
"1235","NOP58",-0.043226158,1.86806682141829,0.0525272018699957
"1236","NOP9",-0.0196766399999999,0.924935479629178,0.193751894867041
"1237","NPAT",-0.0436195159999999,1.19019702607374,0.137273088087609
"1238","NPEPPS",-0.095457472,4.1314190505976,0.00166086246984073
"1239","NPLOC4",-0.0431864479999999,1.32852715553453,0.119013345591383
"1240","NPM1",-0.116818562,3.41776937953843,0.00638687157840783
"1241","NRAS",-0.080713496,3.52873035367552,0.00476962062761832
"1242","NRBP1",-0.049855852,1.04090808074372,0.165697650228393
"1243","NRDE2",-0.078770126,3.39984991621862,0.00815641327793947
"1244","NRF1",-0.0477468,3.13255206182489,0.00699604167829485
"1245","NSA2",-0.0462130279999999,2.19382612364792,0.0455686763756877
"1246","NSF",-0.00941601600000003,0.194474877109497,0.425728049728853
"1247","NSL1",-0.073447822,3.09921210049624,0.00749238026724587
"1248","NSMCE1",-0.0177433960000001,0.710051746340372,0.25032334572906
"1249","NSMCE2",-0.050137142,2.28871693639759,0.0281785224840965
"1250","NSMCE3",-0.109620064,3.1840878288777,0.0136497237465003
"1251","NSMCE4A",-0.021454106,0.473358727666649,0.327617279864285
"1252","NSUN4",-0.0620272799999999,2.20621464352388,0.0409232346408352
"1253","NUBP1",-0.0364518899999999,1.40007739008214,0.104834863669067
"1254","NUBP2",-0.07950464,2.84095314178732,0.0139794540759389
"1255","NUDC",-0.103021148,2.98326384340378,0.015437703382085
"1256","NUDCD3",-0.046436836,1.84976931132594,0.0510617689290497
"1257","NUDT21",-0.045969478,1.62616927534792,0.0729339320966758
"1258","NUF2",-0.051966854,1.57767043451712,0.077535966559619
"1259","NUMA1",-0.150718216,5.21745221038893,0.00040582579505728
"1260","NUP107",-0.110698764,3.35514942506906,0.00564303465069314
"1261","NUP133",-0.0611916039999999,3.35210551675456,0.0119026817910147
"1262","NUP153",-0.0915342499999999,3.67805113512374,0.00395122877657367
"1263","NUP155",-0.050093452,1.71664044755609,0.0621915664394879
"1264","NUP160",-0.0507281039999999,2.18678696233444,0.0304366440270063
"1265","NUP205",-0.041407386,1.80860612946171,0.0599813468215182
"1266","NUP214",-0.0125473079999999,0.337324482096545,0.372368833089214
"1267","NUP35",-0.0530806979999999,2.5806360384957,0.016343883952282
"1268","NUP37",-0.105649932,3.19645285769566,0.0116165603225559
"1269","NUP43",-0.071371308,4.86521226770622,0.000627286983647575
"1270","NUP50",-0.06266158,2.11238536796961,0.0372760049504305
"1271","NUP54",-0.0909583340000001,2.48383875677297,0.0201514096790598
"1272","NUP58",-0.0988910079999999,3.48727773388865,0.0108089763391066
"1273","NUP62",-0.107818178,3.68669676298585,0.00375455780929259
"1274","NUP85",-0.054812576,2.61221734945767,0.0161219306621087
"1275","NUP88",-0.057904372,2.09376013906354,0.035487292845376
"1276","NUP93",-0.04594371,4.31038692178087,0.00189946093643879
"1277","NUP98",-0.056838422,2.52399113449434,0.0288498135593928
"1278","NUS1",-0.087040602,2.19722867063993,0.036104687638952
"1279","NUTF2",-0.110418678,4.87850382143288,0.00110010610671941
"1280","NVL",-0.05028385,2.25021657564813,0.0368842631177081
"1281","NXF1",-0.104930978,3.09156847984298,0.0128321989469362
"1282","NXT1",-0.109224184,2.9288740576789,0.0101655747640028
"1283","OGDH",-0.0408722,1.58080125128935,0.0771108938457437
"1284","OGT",-0.046107534,1.89578517932647,0.062680084771189
"1285","OIP5",-0.030948138,0.45820132237081,0.331167370238566
"1286","OPA1",-0.085081408,2.69190481161297,0.0137168855770575
"1287","ORC1",-0.030037642,1.4920316103293,0.0921589742459921
"1288","ORC3",-0.0728697859999999,3.80296614787146,0.00297980779362868
"1289","ORC4",-0.068847306,4.11573164254379,0.00175511595214414
"1290","ORC5",-0.033529302,0.801069336367658,0.224560385860054
"1291","ORC6",-0.040194882,0.53134410448019,0.305471592085763
"1292","OSGEP",-0.00712159000000001,0.201257022967436,0.423437768519895
"1293","OST4",-0.080783532,3.69830195586237,0.00577119865980241
"1294","OSTC",-0.055143952,1.91564943925251,0.0503076493622188
"1295","OTUD5",-0.127246208,4.78301802391918,0.0010773775599649
"1296","OXA1L",-0.081682866,4.25227430257555,0.00281634359602076
"1297","OXSM",-0.089890852,1.80950309671747,0.0546723089729169
"1298","PABIR1",-0.071673778,2.08193449961926,0.0441140630799934
"1299","PABPC1",-0.0939749139999999,3.11920036304387,0.0118156299661861
"1300","PABPN1",-0.042731234,1.10096324702644,0.153751866310873
"1301","PAFAH1B1",0.045743764,-0.905558933070432,0.798162599824169
"1302","PAGR1",-0.16756461,3.73263591995061,0.00333014575380916
"1303","PAICS",-0.080821704,2.94884991266365,0.0106182019973809
"1304","PAK1IP1",-0.073274096,1.73819115418125,0.0745648413672479
"1305","PAK2",-0.092592486,7.70790784960168,9.4601362821245e-05
"1306","PALB2",-0.073949936,1.39459531690776,0.108184308043159
"1307","PAM16",-0.062680398,1.56815818644866,0.0816496713183295
"1308","PARD3",-0.080698066,3.25832080318006,0.00847187805288803
"1309","PARD6B",-0.061886916,2.76914305096361,0.0128022263153401
"1310","PARS2",-0.0640063240000001,1.59488055416761,0.0791559203125074
"1311","PAX8",-0.061301732,1.86157753079559,0.0602679521967865
"1312","PAXBP1",-0.04905168,2.85486327565667,0.0137130093664572
"1313","PAXIP1",-0.113425584,5.76955210396447,0.000257033134286934
"1314","PBRM1",-0.087284934,4.30695315179645,0.00557203362471951
"1315","PCBP1",-0.053071452,1.3078100932502,0.114105574559244
"1316","PCBP2",-0.13378725,3.89893477302856,0.00687278938821118
"1317","PCF11",-0.058791594,1.83288837263244,0.0550700575928562
"1318","PCGF1",-0.0656126880000001,2.04589778006041,0.0407376676893888
"1319","PCID2",-0.043103746,1.76366885798837,0.06052577858076
"1320","PCM1",-0.15584504,3.82969820166681,0.00334989767641332
"1321","PCNA",-0.019839552,0.517700746928179,0.311170851223854
"1322","PCYT1A",-0.0410885820000001,1.15648196722984,0.140595826771169
"1323","PDCD10",-0.092488054,2.94561490627107,0.0107646481523948
"1324","PDCD11",-0.048143044,2.33624908854551,0.0242288805031631
"1325","PDCD2",-0.026050244,0.60925607420362,0.280336904852552
"1326","PDCD5",-0.077539948,4.08637987125348,0.00272887812167108
"1327","PDCD6IP",-0.063463202,3.6979805590287,0.00359288135403052
"1328","PDCD7",-0.025691156,0.545828357673599,0.303874095863148
"1329","PDCL",-0.128608486,4.33822615750167,0.00132431089424947
"1330","PDE12",-0.00973984999999988,0.438931838584292,0.336165535563248
"1331","PDE4DIP",-0.0841843800000001,3.94215794591739,0.00651753778010858
"1332","PDHA1",-0.027370432,0.577034397150181,0.292295277678897
"1333","PDPK1",-0.064845142,1.49685314584751,0.0913574610743325
"1334","PDRG1",-0.034785588,0.639772649285923,0.270452546999488
"1335","PDS5A",-0.094504452,4.53302919155273,0.00109039927346738
"1336","PDSS1",-0.0664302520000001,3.42085763952325,0.00647828648125501
"1337","PDSS2",-0.074140388,3.16499849010893,0.0118404009600756
"1338","PELO",-0.076108496,1.53704898171215,0.083091194016141
"1339","PELP1",0.00658097999999996,-0.237300433428052,0.589522003228145
"1340","PES1",-0.0649827460000001,3.19401586408297,0.0098459169904355
"1341","PET117",-0.0598733259999999,2.79244616679651,0.0126386604042309
"1342","PEX1",-0.066436402,1.32143878500535,0.112824245030877
"1343","PEX6",-0.0450013619999999,0.871325624134015,0.208738434600741
"1344","PFAS",-0.088357558,2.33970024263446,0.031186349974736
"1345","PFDN1",-0.068935242,3.27226453363073,0.00565935369200529
"1346","PFDN2",-0.0631991000000001,2.25691485653613,0.0274499299508814
"1347","PFDN4",-0.093801196,2.34537258463135,0.0317266170194911
"1348","PFDN5",-0.11742963,7.40560617882714,6.01719121426013e-05
"1349","PFDN6",-0.0467540759999999,1.61620344318551,0.0796572896097884
"1350","PFN1",-0.076010158,4.09640744006626,0.00303746322307798
"1351","PGD",0.00160051999999999,-0.0510716519153863,0.519738593231047
"1352","PGGT1B",-0.05289373,1.97717671393139,0.0435309291574181
"1353","PGK1",-0.033717608,1.17872730457328,0.141231764206114
"1354","PGM3",-0.0808836919999999,3.06689228244938,0.00787589830187804
"1355","PGP",0.027881802,-0.635119489222905,0.728162884849905
"1356","PGS1",-0.102808376,7.69241413065085,3.01619702981882e-05
"1357","PHAX",-0.12257806,2.87831765082987,0.0132962775882047
"1358","PHB2",-0.0459012819999999,1.07890187917056,0.15633266832019
"1359","PHF12",-0.044934612,1.68715955229372,0.0650279653565222
"1360","PHF5A",-0.07943382,2.04580526536101,0.0399541357859901
"1361","PI4KA",-0.040611982,1.19353860549061,0.133460706208897
"1362","PI4KB",-0.0910530300000001,2.91992114712715,0.0131651731613581
"1363","PICALM",-0.109065688,4.24472422842315,0.00500773741223901
"1364","PIK3C3",-0.0930282960000001,3.43831101142546,0.00605502630014296
"1365","PIK3CA",-0.053714622,2.98200444407458,0.00981151509709016
"1366","PIK3CB",-0.060824742,4.27012077446843,0.00139122337331541
"1367","PIK3R1",-0.171746074,2.06681178735825,0.0391165916210796
"1368","PIK3R4",-0.124938172,5.62160529155486,0.000660270518208466
"1369","PITRM1",-0.0954837460000001,5.16471194542867,0.000526281112718423
"1370","PKM",-0.085018366,2.82564665628966,0.0117086242423224
"1371","PKMYT1",-0.093710524,4.12193583400547,0.00167674605783423
"1372","PKN2",-0.085088722,4.7743770769042,0.000728581904331146
"1373","PLK1",0.042172846,-0.671113085426196,0.738828329432572
"1374","PLK4",-0.06745481,1.69087152707623,0.0794869243984669
"1375","PLRG1",-0.154936618,5.7284702248434,0.000235448926859346
"1376","PMF1",-0.058625102,4.10719110322287,0.0028436977093257
"1377","PMM2",-0.086426054,3.64604936195529,0.00907298000622406
"1378","PMPCA",-0.0796388739999999,1.52199401961125,0.0832541624311706
"1379","PMPCB",-0.0840970599999999,1.68652746200921,0.0651222990532985
"1380","PMVK",-0.112728348,3.7215524787819,0.00295265768538307
"1381","PNKP",-0.069514266,3.19892617794665,0.0127795027677939
"1382","PNN",-0.0710401859999999,2.14214043591847,0.0379068919022808
"1383","PNPT1",-0.0897338479999999,2.78976631344697,0.0122421134330469
"1384","POC1A",-0.129258654,2.34710842505544,0.023582679012873
"1385","POLA1",-0.083786142,2.92968346063577,0.00996210529850916
"1386","POLA2",-0.0251155199999999,0.931931486495622,0.194068735713327
"1387","POLD1",-0.052204576,1.52298221126669,0.0965357420928887
"1388","POLD2",-0.08559634,2.62177603737187,0.0166155828310645
"1389","POLD3",0.00863383200000001,-0.199232453774171,0.576456225220878
"1390","POLE",-0.0730017039999999,1.85260236359649,0.0510244173757492
"1391","POLE2",-0.062402856,3.58628791169266,0.00366603595710997
"1392","POLE3",-0.13035974,3.43217800190477,0.00528997108238082
"1393","POLE4",-0.10091207,1.58271669288527,0.0818496851136121
"1394","POLG",-0.105626454,4.48099867267362,0.00134209068887592
"1395","POLG2",-0.07649217,2.68932851875387,0.0138343170867505
"1396","POLR1A",-0.0518813539999999,3.24544898353883,0.00843468136038297
"1397","POLR1B",-0.01689505,0.939248116376417,0.187884159968165
"1398","POLR1C",-0.076334366,2.0591149916831,0.0394957560593779
"1399","POLR1E",-0.057543916,1.37483665294438,0.107906282528086
"1400","POLR1F",0.00269554199999994,-0.125615699672993,0.548234631576054
"1401","POLR1H",-0.028948206,0.650144133279517,0.269469378649139
"1402","POLR2B",0.013468186,-0.647373037174493,0.731700426843561
"1403","POLR2C",-0.037489548,2.3315320677142,0.0259380734190239
"1404","POLR2D",-0.0444658,2.72072189136327,0.0170871834345524
"1405","POLR2E",-0.007594612,0.316082081575874,0.380242243689249
"1406","POLR2F",-0.018409098,1.26415252696718,0.129196209311741
"1407","POLR2G",-0.042970768,3.31637900857657,0.00619379893487615
"1408","POLR2H",-0.082013086,2.07207552531783,0.03997174535947
"1409","POLR2I",-0.039766654,2.93591075501964,0.00988341954804008
"1410","POLR2K",-0.050420486,1.87324280988195,0.0600140258526252
"1411","POLR2L",-0.027420706,1.60648917038169,0.0741028204706151
"1412","POLR2M",-0.03345686,0.907413021023396,0.204436006398703
"1413","POLR3A",-0.01298138,0.355506549462189,0.365710951553021
"1414","POLR3B",0.00759330400000002,-0.250165493251896,0.595617938558007
"1415","POLR3C",-0.000533268000000087,0.0181183300841819,0.493096362192274
"1416","POLR3D",0.0132893040000001,-0.489051015619554,0.675584451909386
"1417","POLR3E",-0.076557408,1.76261305646897,0.0616321156968266
"1418","POLR3F",0.014304092,-0.568090227870459,0.704823623249891
"1419","POLR3H",0.00915580799999993,-0.389908263459667,0.644972878787687
"1420","POLR3K",0.00375134600000004,-0.167268668881031,0.563635059220833
"1421","POLRMT",-0.047358454,2.48335499920649,0.0247321553571342
"1422","POM121C",-0.0707658940000001,5.01191924512483,0.000522567459624509
"1423","POMP",-0.136497332,5.24156192720237,0.000456376779245862
"1424","POP1",-0.138081056,2.96987058441554,0.0130005549739238
"1425","POP4",-0.037580504,1.0707582422937,0.158474148660386
"1426","POP5",-0.025632574,0.501635689130682,0.318810058869962
"1427","POP7",-0.073927662,2.58847147316618,0.0163263811155995
"1428","POT1",-0.014042722,0.312544095516724,0.381354054193783
"1429","POU2AF1",-0.089280626,2.64092277032545,0.0174881485781143
"1430","PPA1",-0.0475477519999999,1.06150456928995,0.161992562242753
"1431","PPA2",-0.0755318039999999,1.43708906734298,0.0977713448813396
"1432","PPAN",-0.059191138,2.84463302900239,0.0132256781764893
"1433","PPAT",-0.058820958,2.09332416074585,0.0466170843102724
"1434","PPCDC",-0.0559923520000001,1.72131711948823,0.0665269537049303
"1435","PPCS",-0.048419408,1.60142348540734,0.0818030146178912
"1436","PPIA",-0.0697370940000001,2.91078563272218,0.00984884581721816
"1437","PPIH",-0.08895343,2.59394279421817,0.0174743115092317
"1438","PPIL1",-0.146519952,3.11495495952026,0.00988891351215313
"1439","PPIL2",-0.03163503,0.975911118721746,0.178867421915279
"1440","PPIL4",-0.0646759059999999,3.97955698935259,0.00208588752079251
"1441","PPM1D",-0.0826166920000001,4.62568250253571,0.000922759574858222
"1442","PPM1G",-0.0917741799999999,3.77908458453342,0.00269816009824365
"1443","PPME1",-0.140496742,7.7631848005295,2.76684897818052e-05
"1444","PPP1CA",-0.119558374,4.29699221775467,0.00519910644387769
"1445","PPP1CB",-0.0852843799999999,5.07005706965496,0.00067324558985237
"1446","PPP1R10",-0.076898378,3.43167922799319,0.00680590337983562
"1447","PPP1R11",-0.098177576,2.79498930090283,0.0210159500596609
"1448","PPP1R12A",-0.082265742,3.69460756331064,0.00317948458453908
"1449","PPP1R15B",-0.109070948,3.00880069173279,0.00959479565543406
"1450","PPP1R2",-0.028186172,0.60312548333952,0.28203056379285
"1451","PPP1R7",-0.09283337,4.04990903453707,0.00198780090262507
"1452","PPP1R8",-0.031652822,1.41877655290638,0.103067619486593
"1453","PPP2CA",-0.068903428,3.06597145889364,0.0153365610416785
"1454","PPP2R1A",-0.166543402,3.53970500274774,0.00388315355283507
"1455","PPP2R2A",-0.09507188,5.5206391230934,0.000288589816380613
"1456","PPP2R3C",-0.12457733,7.36510054701481,4.31236269971424e-05
"1457","PPP4C",-0.0468360059999999,2.01903399563957,0.0407427546466049
"1458","PPP4R2",-0.11053704,6.82685224377884,0.000118741453067896
"1459","PPP6C",-0.0936306539999999,3.64187178450344,0.00431571163300472
"1460","PPP6R3",-0.11747663,4.97151954595644,0.00140407236947519
"1461","PPRC1",-0.089602492,4.42754374832165,0.00150495502022464
"1462","PPWD1",-0.010474796,0.494023604092319,0.318963078489969
"1463","PRC1",-0.0585008939999999,1.71714475062892,0.0656812097615389
"1464","PRDX1",-0.148148272,3.51450505712738,0.00477736289739593
"1465","PREB",-0.074730324,4.79181198369062,0.000910878272515198
"1466","PRELID1",-0.07655125,0.827211159845035,0.216334471736886
"1467","PRELID3B",-0.063826366,4.32526511548349,0.00132371226770803
"1468","PRIM1",-0.045539534,0.857332609184696,0.208213010986663
"1469","PRKAR1A",-0.122268788,4.03673794112953,0.0028588543149315
"1470","PRKRA",-0.105101468,3.10392146235482,0.00826717597380288
"1471","PRMT1",-0.048462824,1.62274458610759,0.0801972030100716
"1472","PRMT5",-0.0855800640000001,4.07864140329104,0.00305078974690331
"1473","PRORP",-0.0564894020000001,1.51539593744074,0.0929055354221333
"1474","PRPF19",-0.037134084,1.05008392063611,0.162814260785171
"1475","PRPF3",-0.1068204,3.42180529216261,0.00657437641931371
"1476","PRPF31",-0.047657928,2.48647014679156,0.0240272346427318
"1477","PRPF38A",-0.0515934139999999,1.3273789455498,0.112512657066678
"1478","PRPF38B",-0.0469459179999999,0.992545913698019,0.175285014498525
"1479","PRPF39",-0.11987631,2.23120851873922,0.0287911538693055
"1480","PRPF4",-0.033627082,1.31260148920068,0.117415399188952
"1481","PRPF40A",-0.0775595139999999,1.80627717950401,0.061465864107699
"1482","PRPF6",-0.163063462,3.92384018367207,0.0022666793029892
"1483","PRPF8",-0.084547578,2.7584133539992,0.0181340469040367
"1484","PSMA1",-0.054211692,1.3167337565665,0.112676526905677
"1485","PSMA2",0.090911024,-2.04487189211016,0.953179930575318
"1486","PSMA3",0.03597341,-1.40587795077967,0.901189017340158
"1487","PSMA4",-0.0475336259999999,2.16151117410753,0.0358299315133482
"1488","PSMA5",-0.00437662000000005,0.147002105355053,0.443834941909064
"1489","PSMA6",-0.022542126,0.568363757693689,0.295458383361362
"1490","PSMA7",0.019644462,-0.481366122132148,0.67791968075945
"1491","PSMB1",-0.0687216760000001,2.20948768534146,0.0348962342275088
"1492","PSMB2",-0.046588272,0.996734371925002,0.177425686486303
"1493","PSMB3",0.00340612600000001,-0.130437406972452,0.550235162738037
"1494","PSMB4",0.00285643800000002,-0.082013742123104,0.531633143807563
"1495","PSMB5",0.00263011000000002,-0.0771745477852505,0.529585023125615
"1496","PSMB6",-0.0245168100000001,0.578574771665947,0.28980297567842
"1497","PSMB7",-0.109598062,2.55886699893766,0.0269547089936953
"1498","PSMC1",-0.028878572,1.01462423503967,0.170668999670239
"1499","PSMC2",-0.03390835,1.16997886686732,0.146422874608786
"1500","PSMC3",-0.05053933,1.45505447688014,0.0920523805044071
"1501","PSMC4",-0.0457312739999999,1.8862012772608,0.0570281709241676
"1502","PSMC5",-0.077810916,3.97040113529139,0.00207135772360652
"1503","PSMC6",-0.0447477279999999,3.34051367680718,0.00940991277642906
"1504","PSMD1",-0.034766592,0.989051427990295,0.178677661207914
"1505","PSMD11",-0.0714748400000001,2.60303384999327,0.0161576556839322
"1506","PSMD12",-0.0234156720000001,0.721522773793863,0.25197868375963
"1507","PSMD13",-0.128594514,4.99016606080881,0.000892448810620343
"1508","PSMD14",-0.031240318,1.51227375476304,0.0875788696302163
"1509","PSMD2",-0.07656068,2.76694684472969,0.0195907029420615
"1510","PSMD3",-0.0225239920000001,0.70232865205146,0.259289961315364
"1511","PSMD4",-0.0533341439999999,1.84015219974908,0.0518016557160335
"1512","PSMD6",-0.01770364,0.34703960402608,0.368761699751015
"1513","PSMD7",-0.04181968,1.01469944036903,0.170133667806065
"1514","PSMD8",-0.08267169,3.90409112388808,0.00226153589993126
"1515","PSMF1",-0.147027574,3.44086334493319,0.00805379435786352
"1516","PSMG1",-0.0471094400000001,1.33151322312052,0.113104920367512
"1517","PSMG2",-0.0250924419999999,1.20417786755176,0.131700575027344
"1518","PSMG3",-0.0276240719999999,0.668026338565667,0.26151162634711
"1519","PSMG4",-0.033925286,0.863575226601129,0.210075081115236
"1520","PSTK",-0.03351036,0.578192041190744,0.29240132390384
"1521","PTAR1",-0.100050682,3.02955293034798,0.0108754460500254
"1522","PTBP1",-0.089860478,2.39618622784871,0.0232532097538881
"1523","PTCD1",-0.035441728,1.80395605229032,0.0614668378899428
"1524","PTCD3",-0.018179438,0.673486508522178,0.264391625338098
"1525","PTDSS1",-0.037168202,2.51562673441261,0.020235575500623
"1526","PTEN",-0.09977521,3.17465383408246,0.00736691892360115
"1527","PTK2",-0.092319774,6.09762537960663,0.000149991170738169
"1528","PTMA",-0.074602804,1.73728068432425,0.0639047057602569
"1529","PTPA",-0.121980278,7.46220542869057,5.19394922886735e-05
"1530","PTPMT1",-0.016543392,0.459693912086113,0.329032001886137
"1531","PTPN1",-0.117053906,5.95890866939084,0.00103490890451578
"1532","PTPN11",-0.0302493120000001,1.96135328519,0.0438709136492913
"1533","PTPN23",-0.045018764,1.30751639604604,0.119411708774897
"1534","PUF60",-0.037422988,0.414968189988945,0.344633441433174
"1535","PUM1",-0.088044922,2.53696205755793,0.019303266853521
"1536","PWP1",-0.053976952,1.46350344145534,0.0991391712647331
"1537","PWP2",-0.042630732,3.53839495303894,0.00389763793950852
"1538","PXN",-0.071576918,4.27659347023818,0.00227392937149855
"1539","PYROXD1",-0.029176616,0.324824878431932,0.378589836172574
"1540","QARS1",-0.02447066,0.867949000077541,0.208803393783087
"1541","QRSL1",-0.112750318,2.60268397087679,0.0177629084055584
"1542","RAB10",-0.207832292,5.63332671127297,0.000383261088371427
"1543","RAB18",-0.0994509,4.07210048618239,0.00354335912348212
"1544","RAB35",-0.0839438720000001,2.08155376090916,0.0457593438739517
"1545","RAB6A",-0.107749718,4.34651416717454,0.00158482226702909
"1546","RAB7A",-0.117949188,6.1765915805939,0.000134188083369451
"1547","RABGGTA",-0.0508058440000001,1.82961120663283,0.0543210148045054
"1548","RABGGTB",-0.077198916,2.74990341526475,0.0160525356967264
"1549","RABIF",-0.110465482,3.88515788250237,0.00334774257536246
"1550","RAC1",-0.064579772,4.56758526962866,0.000929095342998041
"1551","RAC3",-0.0643063760000001,3.16778507745694,0.00696471018001728
"1552","RACGAP1",-0.102926058,4.80739833855631,0.000739504337135534
"1553","RACK1",-0.00176166600000005,0.0569603610506671,0.477998339656125
"1554","RAD1",-0.0423480840000001,1.68520953834039,0.06530519920242
"1555","RAD17",-0.094577366,2.49547552529656,0.0243627891732744
"1556","RAD21",-0.0528084539999999,2.88636860826295,0.0170507976167717
"1557","RAD51",-0.0494015919999999,1.65605478870092,0.0684651513374665
"1558","RAD51B",-0.035436582,1.36636608578102,0.105392599328221
"1559","RAD51C",-0.029436672,1.08172584025721,0.159418014315972
"1560","RAD51D",-0.02226371,0.974608586263207,0.179170722604799
"1561","RAD9A",0.0207938639999999,-0.529629739356469,0.694412191214809
"1562","RAE1",-0.06770924,3.14027506196488,0.00948484277312263
"1563","RAF1",-0.080605964,4.56636261383192,0.00159803953885944
"1564","RAN",0.058375764,-0.870138430076363,0.795130514078386
"1565","RANBP3",-0.116419354,2.80100627737239,0.0184046391540757
"1566","RANGAP1",-0.091368404,3.91797400708814,0.00253796088665316
"1567","RARS2",-0.105868282,3.895208086258,0.00321671957610829
"1568","RASA4",-0.0972044240000001,2.94922909001834,0.00945332930668429
"1569","RB1CC1",-0.0656868899999999,2.90253874319809,0.0121937790949211
"1570","RBBP4",-0.0741648100000001,5.06152154363323,0.000800182156818892
"1571","RBBP5",-0.121965656,4.62340864947015,0.000865378648965268
"1572","RBBP6",-0.11295856,6.89034249074503,8.5256089531019e-05
"1573","RBBP7",-0.098137574,4.61659277818423,0.0018987214627083
"1574","RBBP8",-0.07517975,3.13144780134605,0.00838350466656685
"1575","RBIS",-0.0386761839999999,1.55973199340311,0.0787380521946909
"1576","RBM10",-0.084265932,1.52053886058713,0.0835181915319705
"1577","RBM12",-0.075519064,2.53315390065702,0.0176675439520283
"1578","RBM14",-0.0170968419999999,0.403064645055168,0.349143364739502
"1579","RBM15",-0.106471748,2.79924347554573,0.0118843135731273
"1580","RBM17",-0.036430532,0.772890243679983,0.233706957338792
"1581","RBM22",-0.034372386,1.07977781810277,0.160994258822082
"1582","RBM25",-0.069509116,2.63425519975129,0.0151948915974169
"1583","RBM28",-0.0523093100000001,2.02544450486594,0.0488759200902478
"1584","RBM39",-0.017788198,0.398679728962856,0.351478638769295
"1585","RBM42",-0.095121146,3.11412587733955,0.00754232661541818
"1586","RBM5",-0.11633158,3.30623777703671,0.00957443931348034
"1587","RBM8A",-0.0989051400000001,5.51297984723351,0.000787556615287995
"1588","RBMX",-0.041450878,1.51565030854209,0.096786843196619
"1589","RBMX2",-0.0879774700000001,1.45828190441331,0.0974770547427975
"1590","RBMXL1",-0.0461947479999999,3.00320668603425,0.00850213743710695
"1591","RBSN",-0.175200656,3.01238080574374,0.0100927372178263
"1592","RBX1",-0.0732260060000001,3.75230836302187,0.00378029495447998
"1593","RCC1",-0.063148628,1.64347324588409,0.0770895363298602
"1594","RCC1L",-0.00422375600000002,0.100002898909935,0.461402900155389
"1595","RCL1",-0.0898821060000001,3.62294789790937,0.00372125884289914
"1596","RCOR1",-0.12448322,1.89329524850098,0.0640503199023177
"1597","RELA",-0.106321324,2.47094898062312,0.0203413843132242
"1598","REV1",-0.0845400079999999,4.9429068836062,0.000639990384315138
"1599","REV3L",-0.10811909,2.83932824415545,0.0148621079354463
"1600","REXO2",-0.030467508,0.712561801628964,0.248189335654906
"1601","RFC2",-0.029931636,0.77035454134857,0.231901587739705
"1602","RFC3",-0.035387028,0.967424030124141,0.180966311994424
"1603","RFC5",-0.035992622,1.01986266078715,0.16892128368114
"1604","RFK",-0.055508962,2.04091472180596,0.0377885496945573
"1605","RFT1",-0.078084656,5.12035141013224,0.00075262202256595
"1606","RGP1",-0.088438934,3.58964906647117,0.00417122232483024
"1607","RHEB",-0.05001197,2.86086350624534,0.0138653522994627
"1608","RHOA",-0.02751381,0.921287217479387,0.200139389031197
"1609","RHOQ",-0.07965978,4.37056505738755,0.00128183681696766
"1610","RIC1",-0.168610778,5.10746834289205,0.000581527820460327
"1611","RIC8A",-0.13955281,4.67697755154436,0.0022553717330923
"1612","RICTOR",-0.096917504,5.7416717590365,0.000322439783141151
"1613","RINT1",-0.108520674,3.42166816257874,0.00663112092436192
"1614","RIOK1",-0.106299746,3.80543795475119,0.00316276859472493
"1615","RIOK2",-0.083272536,4.31020074306066,0.00165534476139288
"1616","RMI1",0.016927586,-0.435341752921397,0.661347611495874
"1617","RMND5A",-0.083140792,1.54613840492221,0.0814981613699426
"1618","RNASEH2A",-0.042176468,0.850523029081351,0.210103195390324
"1619","RNASEH2C",-0.088248672,3.31006228655381,0.00676945091811049
"1620","RNF113A",-0.048330254,1.54161640137934,0.0810648652449324
"1621","RNF146",-0.116195088,3.23713108010073,0.00596763324392337
"1622","RNF168",-0.097517478,3.19797876655445,0.00641972430565548
"1623","RNF20",-0.025972,1.27840457701384,0.119685523168992
"1624","RNF31",-0.116323028,4.41320476272059,0.00162860820580074
"1625","RNF4",-0.163287936,7.64892333134231,0.000124987161304678
"1626","RNF7",-0.10720294,2.66601503653611,0.0150086774133604
"1627","RNF8",-0.100274908,6.57416673178662,0.000144095643986582
"1628","RNGTT",-0.081929508,1.92786378213063,0.0535021840018574
"1629","RNH1",-0.110653372,2.84924450453709,0.0108577555931211
"1630","RNMT",0.00891405199999995,-0.234035911126544,0.589484508825129
"1631","RNPC3",-0.084505218,3.21811777662831,0.00671843171316804
"1632","RNPS1",-0.096349002,2.70187575800809,0.0140593317840947
"1633","ROCK2",-0.085932528,3.7820163783332,0.00269063013064955
"1634","ROMO1",-0.041640912,0.844464246165728,0.214247135318465
"1635","RPA1",-0.032458786,0.693265436744713,0.254209671602213
"1636","RPA2",-0.074716806,2.02601595491631,0.0393089432335639
"1637","RPA3",-0.028878708,0.577670217316258,0.291103327613988
"1638","RPAIN",-0.120941734,2.42913631347682,0.0257229363328685
"1639","RPAP2",-0.0742131319999999,3.87608019199117,0.00241610710276069
"1640","RPE",-0.026804344,0.733721749359918,0.246747407155467
"1641","RPF1",-0.034392544,2.93743287530611,0.00939399908551188
"1642","RPF2",-0.050823798,1.8835676324251,0.0514417385772237
"1643","RPIA",-0.030652974,1.2326214895521,0.136997384968756
"1644","RPL10",-0.08665601,2.8555885527321,0.0127949749140859
"1645","RPL10A",-0.02337552,0.598220586273179,0.287501787450106
"1646","RPL11",-0.031871344,0.88618716889319,0.204689409014622
"1647","RPL12",-0.045841616,0.919001306212062,0.194505528882783
"1648","RPL13",-0.033138584,0.894433642913436,0.199010223928138
"1649","RPL13A",-0.033096934,0.921187636450174,0.192825650601469
"1650","RPL14",-0.0608065999999999,2.44562695129797,0.0288495392301816
"1651","RPL17",-0.018103346,0.34401573803511,0.370186951156202
"1652","RPL18",-0.102278334,6.17368803946323,0.000179723052304058
"1653","RPL18A",-0.031758714,0.779876256128889,0.230559930753643
"1654","RPL19",-0.029760226,0.754017936710176,0.24219765683553
"1655","RPL21",0.021983912,-0.482835723810391,0.678921883623223
"1656","RPL22",-0.065343452,2.20144271155056,0.0306662581445582
"1657","RPL22L1",-0.107942818,3.26101591199709,0.00576717295758339
"1658","RPL23",-0.022417544,0.624867490993709,0.275032057657695
"1659","RPL23A",-0.020673858,0.691137116239606,0.26188011412965
"1660","RPL24",-0.036375204,1.26658773606805,0.123776013861476
"1661","RPL26",-0.137614732,2.24721714654898,0.0281066860372743
"1662","RPL26L1",-0.0944009039999999,2.67228646604259,0.0162541130950319
"1663","RPL27",-0.011949146,0.395586093886612,0.353937185558323
"1664","RPL27A",-0.062983376,1.84477617504024,0.0512231348776311
"1665","RPL28",-0.0476914359999999,3.0458330686076,0.011659637775031
"1666","RPL3",-0.06934115,2.05380591221153,0.0401701644134859
"1667","RPL30",-0.10195006,2.16133148167091,0.0389067646263104
"1668","RPL31",0.014181546,-0.34467825198663,0.626987552353619
"1669","RPL32",-0.047269802,1.07039004870896,0.158198975853459
"1670","RPL35",-0.0731724580000001,5.10407303774241,0.00130189412205708
"1671","RPL36",-0.078715082,2.01929022430857,0.0430632335733978
"1672","RPL36A",-0.052530984,3.02136093054694,0.00882949261791925
"1673","RPL36AL",-0.081271878,2.16500851626319,0.0312955041859179
"1674","RPL37",-0.089462016,3.88152521826871,0.00372486150707941
"1675","RPL37A",-0.041446906,1.09508086641758,0.157007508306073
"1676","RPL38",-0.094743096,3.03364717536534,0.0119868332190816
"1677","RPL4",-0.050638482,1.4337386473535,0.0949971033164748
"1678","RPL5",-0.03267583,0.611069020002139,0.280713579394368
"1679","RPL6",-0.017312406,0.634761090042564,0.274580831681642
"1680","RPL7",-0.060572188,2.7514585152309,0.0125064260979724
"1681","RPL7A",-0.054647502,1.52935481514885,0.0867737633648316
"1682","RPL7L1",-0.0312355520000001,1.33482775692567,0.111545341704751
"1683","RPL8",-0.026000054,0.887500723937929,0.203880483538551
"1684","RPL9",-0.019921214,0.706681753424697,0.250390334648574
"1685","RPLP0",-0.04269776,1.89030681670391,0.0511814174932364
"1686","RPLP1",-0.109443786,4.09198423809429,0.00574518125586743
"1687","RPLP2",-0.064694228,2.0100683179219,0.0543303772636639
"1688","RPN1",-0.099839708,3.42437567806906,0.0065305622215154
"1689","RPN2",-0.073681168,3.48426866779371,0.00576273187179595
"1690","RPP14",0.00139388200000001,-0.0440725454295567,0.517028668557429
"1691","RPP21",-0.00737623199999993,0.155242077833893,0.440289378125421
"1692","RPP25L",-0.0709534319999999,2.50802531545538,0.018248968581469
"1693","RPP30",-0.031494852,0.680686402307211,0.263081512058916
"1694","RPP38",-0.089072472,6.89289579912734,9.19339242931921e-05
"1695","RPP40",-0.017315168,0.996366632518283,0.177324261834838
"1696","RPRD1B",-0.080868072,2.13688235465447,0.0326163969370942
"1697","RPRD2",-0.0516920179999999,2.14434902916351,0.0330847002585814
"1698","RPS11",-0.005657264,0.144369099192852,0.444521531402352
"1699","RPS12",-0.0501399360000001,1.35051478971425,0.108726257137851
"1700","RPS13",-0.01321331,0.451502407352387,0.334710026497031
"1701","RPS14",-0.019276034,0.767044983697931,0.233305651273233
"1702","RPS15",0.00471572800000003,-0.126111306536058,0.548553232140621
"1703","RPS15A",-0.08514415,2.12915610714446,0.0374024622074013
"1704","RPS16",-0.00654426399999997,0.179021967660171,0.431866415968146
"1705","RPS17",-0.058070308,1.14525964529399,0.145657677620089
"1706","RPS18",-0.03651752,1.27690551765294,0.118953761659015
"1707","RPS19",0.017100994,-0.331526937879219,0.624691827696067
"1708","RPS2",-0.021377202,0.908475913903852,0.203390361882797
"1709","RPS20",0.0119119,-0.273603415146451,0.60415706465924
"1710","RPS21",-0.082466122,2.69384945096776,0.0250817657365918
"1711","RPS23",-0.013798116,0.43185324231159,0.338625867917991
"1712","RPS24",-0.030249646,1.07359815860279,0.157656051884164
"1713","RPS25",-0.086601858,2.71351644033034,0.018251440410333
"1714","RPS27A",-0.055788378,2.89700313315739,0.0133317957440633
"1715","RPS28",-0.0761956520000001,2.51522552802772,0.01845700209476
"1716","RPS29",0.01309977,-0.281801655059347,0.607368469970809
"1717","RPS3",-0.042458602,1.21824744273353,0.128935016455383
"1718","RPS3A",-0.01743672,0.615949383470869,0.278274317023377
"1719","RPS4X",0.059302316,-2.51217637358828,0.973092194013123
"1720","RPS5",-0.034429052,1.03728320255833,0.17000680777087
"1721","RPS6",-0.047087226,3.25895294798129,0.00609277750436502
"1722","RPS7",-0.00926948399999999,0.460502549077695,0.328771992729146
"1723","RPS8",-0.00409845000000003,0.094112710659681,0.46381271626126
"1724","RPS9",-0.0565277,2.37327811856534,0.0238420350101592
"1725","RPTOR",-0.06743173,3.11239291456635,0.00790933221214173
"1726","RPUSD3",-0.061895688,1.74692421480486,0.0594066802458997
"1727","RPUSD4",-0.028326506,1.40850808106256,0.103909664787967
"1728","RRAGA",-0.108561586,2.99926572643464,0.00871619420724599
"1729","RRAGC",-0.038693048,1.86760085384173,0.0666027189920515
"1730","RRM1",-0.247786703,2.51988436262105,0.0254345501325625
"1731","RRM2",-0.05386277,1.66594986175727,0.0671708885335584
"1732","RRN3",-0.024196546,1.16129069270397,0.139937225519588
"1733","RRP1",-0.040972638,1.46682418344729,0.0904345568490196
"1734","RRP12",-0.028440274,1.63692835687868,0.0793718162957204
"1735","RRP15",-0.026480894,0.664870848149448,0.262786443926829
"1736","RRP7A",-0.0244418160000001,0.85017719074725,0.211117064879076
"1737","RRP9",-0.0394441240000001,1.59445413207048,0.0751735918847466
"1738","RRS1",-0.06680613,2.31428849556161,0.0264162162547797
"1739","RSL1D1",-0.029019844,1.06013170507507,0.164098032687556
"1740","RSL24D1",-0.085830996,4.16882476805633,0.00436319748061925
"1741","RTCB",-0.05686491,2.27872463591195,0.0262159762360176
"1742","RTEL1",-0.06584795,1.67183824202678,0.0666282618022092
"1743","RTF2",-0.0288235320000001,1.23758861726177,0.132230599218562
"1744","RTRAF",-0.11459194,5.84097879532561,0.000624997655457574
"1745","RTTN",-0.055213858,1.30058903828542,0.129227854865913
"1746","RUNX1",-0.065590248,3.1357619980082,0.00818032240953424
"1747","RUVBL1",0.00647314999999998,-0.339675545108898,0.627656590346705
"1748","RUVBL2",-0.01986462,1.35790808384557,0.106404429336893
"1749","SACM1L",-0.060270734,3.44611807387722,0.00543883688276066
"1750","SAE1",-0.056624788,1.48935178529146,0.0873638439140702
"1751","SAMD4B",-0.021785562,0.540623667562916,0.302914005824223
"1752","SAMM50",-0.0829428160000001,3.2322169720025,0.00651573094471234
"1753","SAP130",-0.062627616,3.43612925387882,0.00711233042282046
"1754","SAP18",-0.0448776399999999,1.80269624166844,0.0562328853517397
"1755","SAP30BP",0.030275024,-0.491599152663916,0.678547625245382
"1756","SARNP",-0.186758868,3.88357805258778,0.00306781077569214
"1757","SARS1",-0.158719672,2.00221909386983,0.04065871440263
"1758","SARS2",-0.151848956,4.38434643170641,0.00126138589550781
"1759","SART1",-0.072679982,1.86094909816151,0.0500389784834034
"1760","SART3",-0.04658257,1.23431118817192,0.126723458642865
"1761","SASS6",-0.0738815899999999,1.94406284073625,0.0443479118910478
"1762","SBDS",-0.1885815,4.25467650534002,0.00226765334999004
"1763","SCAF4",-0.0653560839999999,0.953924266126633,0.187813642092931
"1764","SCAF8",-0.0633635459999999,1.85235324652841,0.0612855839773301
"1765","SCAP",-0.0882806079999999,4.0924571113302,0.00222623488221939
"1766","SCD",-0.097095044,5.34906071380142,0.00041519524271903
"1767","SCFD1",-0.056456344,1.88858400719777,0.0544137431830021
"1768","SCO1",-0.0693740660000001,2.58456922754486,0.0189069439960133
"1769","SCO2",-0.071266704,6.70133043685246,0.000578434061955861
"1770","SCYL1",-0.041769968,0.917858742480758,0.199905549765542
"1771","SDAD1",-0.027920084,1.21954188167669,0.13450855386865
"1772","SDE2",-0.00823872600000009,0.145194833289636,0.445537125999157
"1773","SDHA",-0.101989114,3.13114939740949,0.00851032968984034
"1774","SDHB",-0.12009635,3.68637614336633,0.00797197298924309
"1775","SDHC",-0.10020406,6.50233657358116,0.000136313726560173
"1776","SDHD",-0.105478294,3.82258880831299,0.00253571557637449
"1777","SEC13",-0.0815345020000001,4.56325071106493,0.000921426834650136
"1778","SEC16A",-0.114787584,5.11176530609313,0.00181637699620961
"1779","SEC61A1",-0.0299650260000001,1.66959718493781,0.0673558519578505
"1780","SEC61B",-0.0760822219999999,4.19945432568557,0.00156700233795735
"1781","SEC61G",-0.061623516,1.49379778316394,0.0868413820143355
"1782","SEC62",-0.0220355480000001,2.09657054042824,0.0481589619412478
"1783","SEC63",-0.111091186,4.68055366061391,0.00333654546232645
"1784","SEH1L",-0.0566335800000001,3.49702577147313,0.00482885540561954
"1785","SEM1",-0.047638594,1.67184805791863,0.0700615158033941
"1786","SENP6",-0.05600871,1.56274390200852,0.0861313369609211
"1787","SEPHS2",-0.0722361260000001,2.13855105739151,0.032481014575371
"1788","SEPSECS",-0.137676728,3.8028974602158,0.00280645272768032
"1789","SERBP1",-0.035795606,0.975877935290503,0.179955669656681
"1790","SETD1A",-0.092740282,4.92579838992431,0.00209199604553311
"1791","SETD1B",-0.07391728,3.97234287915966,0.00444386354245298
"1792","SETD2",-0.0994262039999999,6.63534310579145,0.000153961153018764
"1793","SETD5",-0.071225452,2.78331175534854,0.013349540399916
"1794","SETDB1",-0.10477037,4.35299425876033,0.00139098941960841
"1795","SF1",-0.047663156,0.930038778182226,0.191130079110178
"1796","SF3A1",-0.00848200399999999,0.431702377780853,0.338708361341159
"1797","SF3A2",-0.100278438,3.03709545974005,0.00950377296334133
"1798","SF3A3",-0.11786633,3.84107067096003,0.0025949319457268
"1799","SF3B1",-0.038770142,1.07911181277397,0.156007479753946
"1800","SF3B2",-0.0810095,2.24803648600156,0.0288668894849106
"1801","SF3B3",-0.119275294,4.35767509170967,0.00169053634594509
"1802","SF3B4",-0.0976426479999999,2.01049812351881,0.0420030819924433
"1803","SF3B5",-0.048139994,1.1855122009996,0.138550932189945
"1804","SF3B6",-0.09867601,3.56013650044031,0.0097975335826127
"1805","SFPQ",-0.107132424,4.21211552275954,0.00175526301484593
"1806","SFSWAP",-0.081900898,3.23172700003372,0.0097072516766143
"1807","SGF29",-0.0838228259999999,4.03468435966244,0.0045197177252286
"1808","SGO1",-0.122574726,3.77988434720886,0.00353716424766443
"1809","SH3GL1",-0.0778066439999999,3.2421353497309,0.00639048781566896
"1810","SHC1",-0.0790963480000001,4.18888695074552,0.00173441579865523
"1811","SHOC2",-0.0964095100000001,4.98492084434725,0.00120794408575923
"1812","SHQ1",0.00860477400000004,-0.577209777403487,0.709360359168577
"1813","SIAH1",-0.095456654,2.54596256821737,0.0173308392144682
"1814","SIN3A",-0.0652033279999999,3.75496237566078,0.00344668123766619
"1815","SINHCAF",-0.0155985319999999,0.324959467794509,0.377925911459236
"1816","SIVA1",-0.092946406,3.02860074473837,0.0088362357219789
"1817","SKA1",-0.0598783319999999,1.20485252454706,0.13179221105996
"1818","SKA2",-0.088212682,2.83641308108305,0.0128695195802914
"1819","SKA3",-0.049196312,1.29321333884364,0.123275100150632
"1820","SKIC8",-0.0822033,2.26219638253885,0.034142768754895
"1821","SKP1",-0.0944481,2.51970079166259,0.0205854460503439
"1822","SKP2",-0.107583312,2.5145905305143,0.021642206838329
"1823","SLC16A1",-0.081010452,2.09422516596261,0.0350054435306169
"1824","SLC20A1",-0.094924412,3.95401669766215,0.00291916470384952
"1825","SLC25A1",-0.131221752,3.27133458682958,0.00646530706518803
"1826","SLC25A19",-0.089473916,1.81101591673171,0.0549039555676219
"1827","SLC25A26",-0.033134314,0.859953295629533,0.207478574003181
"1828","SLC25A28",-0.07366365,2.17253371271225,0.0374968760376183
"1829","SLC25A3",-0.117529506,3.0614605347804,0.00840712214426725
"1830","SLC2A1",-0.07724895,3.68121588099065,0.00402867553458158
"1831","SLC30A9",-0.07398598,3.69777655883494,0.00468562138496439
"1832","SLC33A1",-0.09783606,1.87890044957749,0.0583063787985018
"1833","SLC35A1",-0.125578226,4.95057056315059,0.000579129547270585
"1834","SLC35A2",-0.116177442,2.63648838793866,0.0196464728126062
"1835","SLC35B1",-0.010788736,0.108582105603011,0.458752947227034
"1836","SLC35B2",-0.104290192,3.10635092817144,0.00739343669639093
"1837","SLC38A2",-0.0457077420000001,1.11488377800528,0.15481197051097
"1838","SLC39A10",-0.082717538,2.77818264266482,0.0186255219426382
"1839","SLC39A7",-0.0467390839999999,0.785570545278001,0.229929884985627
"1840","SLC3A2",-0.090728652,2.7410642186057,0.0154913227977503
"1841","SLC4A7",-0.073705848,5.39038782642432,0.000340592002578231
"1842","SLC7A1",-0.097192754,2.92686185961256,0.0141153034067413
"1843","SLC7A5",-0.080786428,2.70041463108508,0.0139921534067213
"1844","SLC7A6OS",-0.036058626,1.06318124323498,0.165359216033756
"1845","SLU7",-0.075597548,3.75545610370573,0.00320400783814744
"1846","SLX9",-0.0599008519999999,1.73713100302178,0.0608248726908927
"1847","SMAD7",-0.101077284,3.95455389236988,0.00219442370740793
"1848","SMARCA2",-0.0475266599999999,2.27521705342469,0.042075247817646
"1849","SMARCA4",-0.09426621,1.525774621403,0.0830238183749764
"1850","SMARCA5",-0.057810348,1.60001493924541,0.0743011606871127
"1851","SMARCB1",-0.083774448,3.12626263324164,0.00851163134622063
"1852","SMARCD1",-0.03909417,1.77291242305595,0.0745373773906943
"1853","SMARCE1",-0.031852454,0.737458420726305,0.241609027416484
"1854","SMC1A",-0.04993226,4.4024600658063,0.00131833876021319
"1855","SMC2",-0.022290214,1.37864476360148,0.106228420132739
"1856","SMC3",-0.015421492,1.05037386829693,0.168477713104759
"1857","SMC4",-0.00918299599999994,0.780100274879556,0.228895169758421
"1858","SMC5",-0.0548355319999999,2.03331107625718,0.0398467390277507
"1859","SMC6",-0.123133966,4.02041802296115,0.00458666047823875
"1860","SMCHD1",-0.094114626,4.46629245187362,0.00162392796077031
"1861","SMG1",-0.0830300859999999,5.4409106959011,0.000490820352739044
"1862","SMG5",-0.0386197979999999,1.75150772058387,0.0601553275228058
"1863","SMG6",-0.083564068,2.07910999621219,0.0378982184305366
"1864","SMG7",-0.095314686,4.49856293039142,0.0017340366096849
"1865","SMNDC1",-0.0639483780000001,2.45262139881405,0.0201824316847364
"1866","SMU1",-0.069819186,1.70375271197834,0.0721901132874358
"1867","SNAI2",-0.051566636,2.58292448984104,0.0165439203198398
"1868","SNAP23",-0.077295648,5.2262094540641,0.000826715472659466
"1869","SNAPC1",-0.0201921899999999,0.817517808441585,0.220789352746645
"1870","SNAPC2",-0.019732396,0.878448760396284,0.205505882780788
"1871","SNAPC3",-0.016135314,0.689190021670847,0.259821418584868
"1872","SNAPC5",-0.0216195,0.931674725138979,0.190540694101195
"1873","SNF8",-0.131792014,3.0856259939709,0.00898515607388307
"1874","SNIP1",-0.137235574,2.86028746628038,0.0108040637007552
"1875","SNRNP200",-0.09834833,3.68302804797775,0.00373530589269606
"1876","SNRNP25",-0.073329148,4.35859484463321,0.00123484480187226
"1877","SNRNP27",-0.045189448,1.4314455354828,0.0950963952809458
"1878","SNRNP35",-0.118372274,2.31880664582532,0.0249792014799472
"1879","SNRNP40",-0.144338972,2.07307084634343,0.0466213265857648
"1880","SNRNP48",-0.0258012200000001,0.446207818582069,0.335358996091859
"1881","SNRNP70",-0.0936241879999999,2.35140750189809,0.0256310842497052
"1882","SNRPA",-0.12701787,3.29180518955448,0.0100832622647084
"1883","SNRPA1",-0.048548648,1.07337246131719,0.158770348872593
"1884","SNRPB",-0.121696166,6.36822449021641,0.000622624879852086
"1885","SNRPB2",-0.141265796,3.97432379256331,0.00261338710489204
"1886","SNRPC",-0.13760703,4.85772014716846,0.00200077370284087
"1887","SNRPD1",-0.094827506,2.61117641708808,0.0226222237367711
"1888","SNRPD2",-0.047987104,1.36610796888318,0.104981390096894
"1889","SNRPD3",-0.08025603686,0.879874894430818,0.207982757091787
"1890","SNRPE",-0.131970318,5.8503635477069,0.000199131115212266
"1891","SNRPF",-0.05684399,1.20480761481974,0.139094962845
"1892","SNRPG",-0.109121474,3.15320325837941,0.00697281315481967
"1893","SNU13",-0.0828036540000001,3.22444348921315,0.00858983643632011
"1894","SNUPN",-0.107829224,2.9167118991873,0.0128896028180567
"1895","SNW1",-0.067279742,2.80524228962318,0.01151017574044
"1896","SOCS3",-0.11542502,6.8862460847323,0.000332219130908926
"1897","SOD1",-0.0557013120000001,1.71743555421633,0.0640366313561847
"1898","SOD2",-0.082653424,3.21838105663489,0.00679283010797501
"1899","SON",-0.0569112079999999,2.37116334743912,0.0271895287541742
"1900","SOS1",-0.072327316,5.16288179004394,0.00048100696061905
"1901","SOX10",-0.091353388,2.69488977651068,0.0136961825391241
"1902","SOX2",-0.0337855859999999,0.962323786883304,0.182214820884399
"1903","SOX9",-0.0802437659999999,3.50118251151399,0.00578272771554352
"1904","SP1",-0.127945998,6.66248136299307,9.83677271025838e-05
"1905","SPATA31A6",-0.035864918,1.5980778460035,0.0773859568975163
"1906","SPC24",-0.048019726,1.34275514449515,0.109985736316688
"1907","SPC25",-0.0146358360000001,0.488394711507907,0.319816908897463
"1908","SPCS1",-0.137760222,4.11197200828954,0.00169854855085208
"1909","SPCS2",-0.095204092,2.84648882533568,0.0160848851873914
"1910","SPCS3",-0.114434912,1.49169249139436,0.0898496608355044
"1911","SPDL1",-0.00910227399999997,0.309747485461909,0.38294872020739
"1912","SPOUT1",-0.041684304,1.45302598167888,0.0953838483800082
"1913","SPRR2G",-0.071843656,4.29057098139665,0.00212215225845555
"1914","SPRTN",-0.0864549099999999,2.05334818431007,0.0377498235175605
"1915","SPTLC1",-0.0780790480000001,2.90083281077316,0.0119310155539603
"1916","SPTLC2",-0.100138454,4.80587639169235,0.0020937362976614
"1917","SPTSSA",-0.047635042,1.33655507806472,0.109590022724252
"1918","SQLE",-0.06422423,3.05833167273678,0.0125866987726289
"1919","SRBD1",-0.111527922,3.24944992676539,0.00740901742851764
"1920","SRCAP",-0.054828336,3.86955946447544,0.00381726149001853
"1921","SREBF1",-0.0818030040000001,2.95924137168586,0.0116088125683631
"1922","SREK1IP1",-0.099519128,1.56502383637027,0.0899765519797826
"1923","SRF",-0.0460720059999999,0.903712420449955,0.200570221203973
"1924","SRFBP1",-0.087880806,2.27795697486292,0.0262494563799403
"1925","SRM",-0.048754616,1.42319651493406,0.0964068860014471
"1926","SRP14",-0.0649884239999999,1.72802534515403,0.0672474074219551
"1927","SRP19",-0.027303948,0.799776304657303,0.227155825720079
"1928","SRP54",-0.114238296,3.10918972448967,0.00760571314978407
"1929","SRP72",-0.0502224099999999,2.41786900579285,0.0294670992466139
"1930","SRP9",-0.0976595219999999,3.40607187484415,0.00602901131833773
"1931","SRPRA",-0.101195434,4.35288471896044,0.00141377666515068
"1932","SRRM1",-0.153360088,4.55960002806594,0.00132219249428666
"1933","SRRM2",-0.104305684,1.95750391769922,0.0430295517695166
"1934","SRRT",-0.00413163000000005,0.126290769774537,0.452084397200578
"1935","SRSF1",-0.066436736,2.18903076719246,0.0308274055931305
"1936","SRSF10",-0.071313382,1.32087536328605,0.111665292465717
"1937","SRSF11",-0.0845379639999999,2.61513369819651,0.0189144930272751
"1938","SRSF2",-0.062508704,1.09882730302178,0.152480141445574
"1939","SRSF3",-0.03016226,0.724735754746648,0.245971458002695
"1940","SRSF6",-0.071765784,1.20378276582304,0.131840107026588
"1941","SRSF7",-0.07713703,1.72524702176378,0.0614535599057803
"1942","SS18L2",0.028280918,-0.520098457609992,0.68998427449746
"1943","SSB",-0.034975046,1.14390092400489,0.14772834148436
"1944","SSBP1",-0.036736152,1.3700410704806,0.104336054996262
"1945","SSBP3",-0.0406282819999999,2.65854314665137,0.0215640243901112
"1946","SSRP1",-0.0968910399999999,5.06058222817169,0.00167493386792804
"1947","SSU72",-0.026038596,0.970846454167415,0.180260201617143
"1948","STAG1",-0.066223414,2.25085263802555,0.037822247878633
"1949","STAG2",-0.058955054,1.6177291880553,0.0863087782301039
"1950","STAMBP",-0.0921889640000001,2.57757935741663,0.0165892733505277
"1951","STEEP1",-0.0505227260000001,2.28120466309611,0.0287284142896355
"1952","STIL",-0.163107818,2.17144503001534,0.0432209199985772
"1953","STK11",-0.077545392,4.3971763239492,0.00116098963675262
"1954","STK40",-0.07849653,3.14829790928425,0.00832645895249663
"1955","STN1",0.000630829999999971,-0.00929087473153265,0.503592531868224
"1956","STRAP",-0.087849082,2.05904466573913,0.0376812509116982
"1957","STRIP1",-0.049423496,2.20507917393001,0.0297303339091426
"1958","STT3A",-0.037875764,0.981527220798247,0.180943388601578
"1959","STX18",0.00158056800000006,-0.0516282868077992,0.519741858686954
"1960","STX4",-0.08415853,2.36650305159244,0.0300741316647991
"1961","STX5",0.010174048,-0.352514013808882,0.632624330013102
"1962","STXBP3",-0.1137274,2.94669842580828,0.012121104856523
"1963","SUCO",-0.10703944,4.67046562161637,0.00168620701698791
"1964","SUDS3",0.00140837599999999,-0.0581253490375141,0.522114166911906
"1965","SUGP1",-0.107930042,2.03331721591763,0.0409040763375745
"1966","SUGT1",-0.111479492,1.80709474658875,0.05650982465958
"1967","SUPT16H",-0.076007264,2.34123598433479,0.0292897226714528
"1968","SUPT20H",-0.10828269,5.47148365101689,0.000312497025390566
"1969","SUPT4H1",-0.025411226,0.746096446528803,0.238525870631458
"1970","SUPT5H",-0.062115716,2.34912652195332,0.0336978454552858
"1971","SUPT6H",-0.067979158,2.57953632261565,0.0163919288420887
"1972","SUPT7L",-0.131279354,5.37372531796792,0.000578635668931029
"1973","SUPV3L1",-0.015262064,0.591979753484306,0.285183391015846
"1974","SURF4",-0.155592314,5.55736682278295,0.000268161184950823
"1975","SUZ12",-0.15239958,6.70761002820406,7.9090929603376e-05
"1976","SYF2",-0.139860952,3.67837929882305,0.00312472634253756
"1977","SYMPK",-0.0734718400000001,5.19157009266895,0.00041896009325516
"1978","SYNCRIP",-0.057361868,1.33245142427729,0.112532056202188
"1979","SYS1",-0.073323644,3.77734677488389,0.00461123725082387
"1980","SYVN1",-0.168283892,3.07082724730933,0.0139301809510893
"1981","TACC3",-0.036590472,0.782763083622348,0.228451944136992
"1982","TADA1",-0.10434018,4.59921414406724,0.00215217215003662
"1983","TADA2B",-0.062528924,2.21049526330544,0.0303442237543806
"1984","TADA3",-0.102097034,4.68281944033221,0.00317263542047281
"1985","TAF1",-0.079512926,4.12612681822434,0.00514036924309347
"1986","TAF10",-0.050901278,2.08118121245747,0.0367547663693939
"1987","TAF12",-0.084227802,3.41084866218672,0.00466915019470858
"1988","TAF1B",-0.033519332,0.939810854244607,0.188208479971651
"1989","TAF1C",-0.075790878,2.91486156671568,0.0100196261488098
"1990","TAF2",-0.0640646580000001,3.26951273314933,0.00577339041058804
"1991","TAF4",-0.0847314859999999,3.78572625336941,0.00347973358800612
"1992","TAF5",-0.108237224,4.69193980812765,0.00131042929588795
"1993","TAF5L",-0.086016872,3.39738001920215,0.00494299317848233
"1994","TAF6",-0.0452265039999999,2.11518986329569,0.0404112416029124
"1995","TAF6L",-0.030566526,0.881054081376428,0.205798252269468
"1996","TAF7",-0.0659955120000001,3.21560748922774,0.00789689967321064
"1997","TAF8",-0.0825871020000001,2.5325841962315,0.0179631587929713
"1998","TAFAZZIN",-0.0116529099999999,0.185299901065229,0.428811236248105
"1999","TAMM41",-0.026358534,0.993015879821192,0.179591364301914
"2000","TANGO6",-0.112016558,2.00593258736891,0.0403407085566653
"2001","TAOK1",-0.116407724,4.68655795952399,0.00122312222514123
"2002","TAPT1",-0.11680076,2.59754702835675,0.0249219563716481
"2003","TARDBP",-0.142745544,2.88380772567764,0.0101973110452862
"2004","TARS1",-0.037379992,1.19228210536855,0.140174414546363
"2005","TARS2",-0.0738069920000001,2.03842004150232,0.0379440001563853
"2006","TBCA",-0.027088684,0.54746306695993,0.302373920790309
"2007","TBCC",-0.057683864,3.67874458281572,0.0102853182778671
"2008","TBCD",-0.00986674799999998,0.564517716951343,0.29509584350796
"2009","TBL1XR1",-0.093190962,4.93557254663739,0.00101682722089655
"2010","TBL3",-0.0349934159999999,1.67404568846226,0.0801182794501084
"2011","TCERG1",-0.08318379,2.26598290065102,0.0267173184555495
"2012","TCF3",-0.017650644,0.825064060631637,0.217158212059897
"2013","TCF7L2",-0.11698595,1.96514784736511,0.0500393024531725
"2014","TCOF1",-0.0683794059999999,2.5070702341787,0.0199529548028523
"2015","TCP1",-0.118157148,3.67353837080329,0.00436959918772344
"2016","TDP2",-0.091551462,2.3933050173317,0.0266807785844768
"2017","TEAD1",-0.125707302,4.99980846445003,0.000945752747810358
"2018","TEDC1",-0.0891230780000001,1.28790116648981,0.116894978550038
"2019","TEDC2",-0.117755886,2.49994836845445,0.0272911662590182
"2020","TELO2",-0.043536122,2.15431531009426,0.0329067098156013
"2021","TEN1",-0.010219486,0.138598116170307,0.446988864026482
"2022","TENT4B",-0.080414842,2.62629595879354,0.0160420403065677
"2023","TERF2",-0.0727338080000001,1.55848009190242,0.0886472607303158
"2024","TFAM",-0.079344314,4.07910794241515,0.00176926156519722
"2025","TFAP2A",-0.105816702,3.07347981943078,0.0123656739381092
"2026","TFAP4",-0.0810321879999999,6.37721151375704,0.000423092179256875
"2027","TFB1M",-0.114876644,3.2666513483823,0.00724933752708931
"2028","TFB2M",-0.040877284,2.05954585350702,0.0426963710455652
"2029","TFDP1",-0.0939944740000001,3.25310998773475,0.00832384966318588
"2030","TFIP11",-0.068956464,2.79539213103677,0.0116948257988127
"2031","TFRC",-0.121144748,5.17106970694762,0.00056836167436734
"2032","TGFBR1",-0.0803121880000001,4.0052286528308,0.0048717780724005
"2033","TGIF1",-0.0960935159999999,3.04703732038494,0.00808646470198226
"2034","TGS1",-0.133697476,4.38230755664999,0.00125725063978488
"2035","THAP1",-0.0454509120000001,1.47785887062156,0.103479706752613
"2036","THAP11",-0.0848458019999999,1.90351623068317,0.0468547868592188
"2037","THAP12",-0.07028661,4.45792623423372,0.00105851061232929
"2038","THG1L",-0.0624053800000001,1.31015552813364,0.118981112028664
"2039","THOC1",-0.0810841179999999,2.56780216082721,0.0231745272277885
"2040","THOC2",0.00053735399999999,-0.0165572341762183,0.506371444916599
"2041","THOC3",-0.084657974,3.71937158713068,0.00294169606951632
"2042","THOC5",-0.059468016,2.39084748327456,0.0221100607629921
"2043","THOC7",-0.097038492,3.2296505553605,0.00653628445993458
"2044","TIAL1",-0.081184034,1.84290651701703,0.0552784087646821
"2045","TICRR",-0.1024567,2.08270401737172,0.0420230977384056
"2046","TIMELESS",-0.054678286,1.6593215254533,0.0678793787278319
"2047","TIMM10",-0.058821122,1.7932823384122,0.0692832745076382
"2048","TIMM13",-0.072203088,1.29520724849734,0.11971309019551
"2049","TIMM17A",-0.13403035,3.94281542470784,0.00214023086981078
"2050","TIMM22",-0.101904514,2.60683203792282,0.0169353361089111
"2051","TIMM23",-0.084190146,1.39314275197111,0.109301626608994
"2052","TIMM29",-0.0496770440000001,1.29991120528673,0.122449075306083
"2053","TIMM44",-0.085524558,2.00288763404182,0.0403698764888827
"2054","TIMM8A",-0.0791739499999999,1.42858720162225,0.100391469917865
"2055","TIMM9",-0.073377244,2.08647607139709,0.0364049641176544
"2056","TINF2",-0.0682554260000001,1.50154089843051,0.089337977796395
"2057","TIPARP",-0.042342492,0.651781215804622,0.267086441114417
"2058","TIPIN",-0.0320762760000001,0.884583716965791,0.201867036176115
"2059","TIPRL",-0.134536292,4.46255886627908,0.00188090903353826
"2060","TKT",-0.073604766,2.04445489607904,0.0422002534343201
"2061","TLK2",-0.08080908,3.57782702749779,0.00364930390830036
"2062","TLN1",-0.0951073099999999,4.44675787108253,0.00185714024291089
"2063","TM9SF3",-0.073360558,3.45047130385336,0.005595318194231
"2064","TMED10",-0.0816462060000001,1.83650000580311,0.0537236498329288
"2065","TMED2",-0.134583026,2.75529342539384,0.012746203689986
"2066","TMEM165",-0.108054862,3.41280909735002,0.0102504537661053
"2067","TMEM167A",-0.060304538,2.20570391433947,0.0365349932125066
"2068","TMEM199",-0.069946606,1.82335203668204,0.0606986985636505
"2069","TMEM41B",-0.0706223640000001,2.25381433002251,0.0426327787941725
"2070","TMEM80",-0.0619903540000001,3.5358424264105,0.00746303080547065
"2071","TMX2",-0.0863054660000001,3.37387916750035,0.0109006570553367
"2072","TNPO1",-0.102266554,3.45908595256204,0.00472857039652313
"2073","TNPO3",-0.121774856,1.98173518347125,0.0491641341036285
"2074","TOE1",-0.149804894,3.84131796703871,0.00273573936593046
"2075","TOMM20",-0.0524135779999999,1.29271479236318,0.118233669987432
"2076","TOMM22",-0.045621946,1.46033235994652,0.0941364249969105
"2077","TOMM40",-0.043604248,1.91675926677521,0.0464296420743829
"2078","TOMM70",-0.110160064,3.26798748715787,0.00603541326631202
"2079","TONSL",-0.0419547480000001,1.27203547674549,0.122297521894841
"2080","TOP1",-0.0463860899999999,1.97692081231687,0.0417228372589188
"2081","TOP2A",-0.084473378,3.25115748388614,0.00597464733894741
"2082","TOP3A",-0.03060467,1.8542492667731,0.0516292402412942
"2083","TOPBP1",-0.0881413219999999,4.99793505997185,0.000541497339460951
"2084","TP53",-0.100087112,2.8624589284273,0.0112129803860146
"2085","TP53BP1",-0.094731496,4.85435734330652,0.000779284989783915
"2086","TP53RK",-0.0691958579999999,1.75210303234097,0.0717292532628884
"2087","TP63",-0.13927283,3.15935934618954,0.00791359325289575
"2088","TPI1",-0.01362276,0.398180579201819,0.352263406446192
"2089","TPK1",-0.084262842,3.00932257963732,0.00959195411486014
"2090","TPR",-0.059854474,1.79915085771232,0.0583626490193209
"2091","TPT1",-0.114810276,2.56167363322705,0.0178017147170121
"2092","TPX2",-0.0752436359999999,2.15785835756448,0.0333778311613236
"2093","TRA2B",-0.094183196,1.80959139065144,0.0542074336976335
"2094","TRAF2",-0.114303732,2.4118181528125,0.0236273970972408
"2095","TRAIP",-0.060238296,1.53587053020612,0.0816394597174851
"2096","TRAPPC1",0.027323094,-0.928401727127599,0.806218031882957
"2097","TRAPPC11",-0.0438409679999999,1.97633729189147,0.0447112692662733
"2098","TRAPPC2L",-0.149859952,2.75853713170099,0.0161170221719532
"2099","TRAPPC3",-0.013391418,0.479109131490426,0.322376470958412
"2100","TRAPPC4",-0.085029284,2.5801451722364,0.0184139857431059
"2101","TRAPPC5",0.00175018400000004,-0.127977432096768,0.548980423631954
"2102","TRAPPC8",-0.00599866400000004,0.232874403607345,0.411311410545435
"2103","TRIAP1",0.00736139800000002,-0.13668984124578,0.551553558443978
"2104","TRIM28",-0.075954478,2.00830736361118,0.0401290040755923
"2105","TRIM37",-0.125428478,4.08714351243707,0.00250337276875475
"2106","TRIP12",-0.0852967259999999,4.5205917333744,0.0011118767460124
"2107","TRIP13",-0.070669616,2.15594039062965,0.0319375342519162
"2108","TRIR",-0.068594118,3.62525035425184,0.0034057180248182
"2109","TRIT1",-0.0866530520000001,2.25855860244296,0.0335075204536033
"2110","TRMT10C",-0.032193738,0.96894810911578,0.191474707766239
"2111","TRMT112",0.00299681400000001,-0.101486282173028,0.538997222766696
"2112","TRMT6",-0.020113902,0.700252579454559,0.256785057598826
"2113","TRMT61A",-0.0780876579999999,3.28884404812065,0.00644954908637587
"2114","TRNAU1AP",-0.136927098,1.91360400329185,0.0469156717510117
"2115","TRNT1",-0.034150244,1.29651777821043,0.117964492224982
"2116","TRPM7",-0.140069314,1.19955180388801,0.147406888842215
"2117","TRRAP",-0.0227472280000001,0.929703380649174,0.194046601025198
"2118","TRUB2",-0.014655506,0.865315603160035,0.208283346863679
"2119","TSC1",-0.0790120400000001,3.50171604753584,0.00461353268828947
"2120","TSC2",-0.0768104359999999,4.74948883143705,0.00133376815741368
"2121","TSEN34",-0.108274918,4.32289037348491,0.00182881943188574
"2122","TSEN54",-0.031280836,0.816951599885805,0.221764561287931
"2123","TSG101",-0.098508982,5.04281500219369,0.000523086760530816
"2124","TSR1",-0.0775471520000001,4.33897654327047,0.00472396624487999
"2125","TSR2",-0.085823198,3.00891203796894,0.0115716617294657
"2126","TTC1",-0.0623360259999999,1.8080011694183,0.0546835152757041
"2127","TTC4",-0.082791306,2.26868947100941,0.0288739322640999
"2128","TTC7A",-0.0796414479999999,3.31535083077459,0.00656589024436972
"2129","TTF2",-0.097218374,4.90913971321783,0.000638546026220483
"2130","TTI1",-0.00797047399999995,0.151895216187909,0.443022923785882
"2131","TTK",-0.10184101,3.9014082871067,0.00236426983756602
"2132","TUBA1B",-0.048484086,1.95498160900168,0.048430458167497
"2133","TUBA1C",-0.073692616,4.08343443612206,0.00237633470272909
"2134","TUBB",-0.050942878,1.63511594572607,0.0803499721290898
"2135","TUBB3",-0.115612846,2.53023397016701,0.0181789853385978
"2136","TUBB4B",-0.063078864,2.78919301378163,0.0118559071032261
"2137","TUBD1",-0.037121382,1.55004146460176,0.0799700651762874
"2138","TUBE1",-0.0683089139999999,2.53431933755177,0.0189151479172377
"2139","TUBG1",0.00195607000000009,-0.0791318172049372,0.530478566872801
"2140","TUBGCP2",-0.103353018,5.50015396555988,0.00079195595778617
"2141","TUBGCP3",-0.066478552,2.78377807391065,0.0193236587779798
"2142","TUBGCP4",-0.056965164,2.07114412816325,0.0399987707692894
"2143","TUBGCP5",-0.0468698980000001,1.60151252855285,0.0739786834939202
"2144","TUBGCP6",-0.074848458,2.60585261989396,0.0157561167211112
"2145","TUT1",-0.025621718,0.481776816126415,0.322016773435552
"2146","TWNK",0.0172462759999999,-0.594716509680886,0.709792857791464
"2147","TXN",-0.107780474,4.53623022299516,0.00110386028012779
"2148","TXNL4A",-0.058289994,2.25905377208928,0.037479775862372
"2149","TXNL4B",-0.029607768,0.924575124327039,0.193460161384845
"2150","TXNRD1",-0.092917386,2.12444569925834,0.0351906328519201
"2151","TYMS",-0.02243777,0.601933175076784,0.28431332226866
"2152","U2AF1",-0.132149328,3.82422374512788,0.00258206513222683
"2153","U2AF2",-0.104380624,4.2495061741129,0.00218748642207882
"2154","U2SURP",-0.086559618,6.65176595437048,0.00114440614916157
"2155","UAP1",-0.0629463100000001,3.80796974283317,0.00864354886991133
"2156","UBA1",-0.049307106,1.78891115892478,0.0572030950103893
"2157","UBA2",-0.07176142,2.1037450724573,0.0373402074329359
"2158","UBA3",-0.074104522,2.96506048253761,0.00981052302078103
"2159","UBA5",-0.0625548180000001,2.35783553834542,0.0244820906378196
"2160","UBA6",-0.084454732,2.49531031538155,0.018853810090387
"2161","UBAP1",-0.0279588799999999,0.995764246810491,0.186890192046246
"2162","UBAP2L",-0.100643478,3.08419607269005,0.0130704208406003
"2163","UBE2A",-0.16336338,3.64816034591372,0.00336432005221132
"2164","UBE2C",-0.12705844,3.96766733072628,0.00274699336975095
"2165","UBE2D3",-0.122075736,4.47088914349132,0.00104987254016476
"2166","UBE2F",-0.0544296360000001,1.32813241733348,0.111058261673204
"2167","UBE2G2",-0.085863518,1.82767249857297,0.0577790008918108
"2168","UBE2H",-0.07613169,2.1772000148592,0.038372652773541
"2169","UBE2I",-0.056195034,3.25729501048158,0.00621550281720358
"2170","UBE2J2",-0.076103194,3.75361435017149,0.005055879179422
"2171","UBE2K",-0.0852550500000001,3.96936232760751,0.00214457723069464
"2172","UBE2L3",-0.0737054779999999,2.3496977154304,0.0279305247781357
"2173","UBE2M",-0.026325674,0.933051759638394,0.19358086475427
"2174","UBE2N",-0.0687748180000001,4.66186087751252,0.000850399400165792
"2175","UBE2Q1",0.00962704800000003,-0.24823706266385,0.593660067452901
"2176","UBE2S",-0.086134966,3.20757428804202,0.00623579669646474
"2177","UBE3D",-0.041090814,0.905443228549926,0.196087439822291
"2178","UBE4B",-0.148479224,5.21303534903244,0.00108835715864084
"2179","UBIAD1",-0.081902466,1.66349836567551,0.075121183119995
"2180","UBL5",0.025144286,-0.397724953889755,0.647280644700414
"2181","UBR4",-0.06554149,1.79431643317617,0.0698275489554906
"2182","UBR5",-0.1233383,4.4038443060413,0.00140567233379549
"2183","UBTF",-0.050357806,1.9918680834504,0.0542999852666164
"2184","UBXN4",-0.076062204,1.86963420409311,0.0553403387819594
"2185","UCHL5",-0.056478634,1.64658127187263,0.0740524862795285
"2186","UFD1",-0.061437496,1.97001039657819,0.0424234352717254
"2187","UFL1",-0.060414192,1.40294768032066,0.100372599040575
"2188","UFM1",-0.063845544,1.65221891950851,0.0749137005542997
"2189","UFSP2",-0.05063088,2.16994480617524,0.0344103334946178
"2190","UGCG",-0.092447474,3.07624373414767,0.0135082085204043
"2191","UGP2",-0.050906568,3.22164836879684,0.0104369331345036
"2192","UMPS",-0.0585259420000001,2.45768933313242,0.0220037442771432
"2193","UNC50",-0.042097358,1.73495581851026,0.0672516420259087
"2194","UPF1",-0.06250188,2.67630257421336,0.0141076060831031
"2195","UPF2",-0.029903766,1.84284372571863,0.0664106887167259
"2196","UQCR10",-0.0814421339999999,2.98719667291188,0.0117000082862979
"2197","UQCRB",-0.081991712,3.00146112234649,0.00924367338458605
"2198","UQCRC1",-0.096204994,4.42787019539846,0.00129005850871586
"2199","UQCRC2",-0.134050946,5.91996229416297,0.00039877841272934
"2200","UQCRFS1",-0.084150846,4.37462061978818,0.00152568636571584
"2201","URB1",-0.061063914,2.43301977347387,0.0210720342747244
"2202","URB2",-0.06343636,1.80995999857867,0.0671265528777704
"2203","URI1",-0.00751748600000002,0.1549588673197,0.441529333720197
"2204","URM1",-0.0078766079999999,0.293818085347908,0.389173783235318
"2205","UROD",-0.023294634,0.673416893577199,0.259914171777009
"2206","UROS",-0.040440814,0.794240934019989,0.226478579298113
"2207","USE1",-0.026207358,0.635402158952934,0.271540325097412
"2208","USP1",-0.06583795,1.95198126073633,0.0442348872117124
"2209","USP10",-0.0693955639999999,2.64062956152822,0.0160458095789108
"2210","USP14",-0.058219124,1.33750256779045,0.121578702015765
"2211","USP17L10",-0.013275718,0.258439098089556,0.401783978679488
"2212","USP18",-0.109976758,3.06293748897039,0.014948947261854
"2213","USP36",-0.067236544,1.6858388453482,0.065301604744317
"2214","USP37",-0.056082524,2.47048158721182,0.0194047119972779
"2215","USP39",-0.124973358,3.46680810775942,0.0069808770087764
"2216","USP5",-0.040094536,1.66446260838974,0.0685219539324457
"2217","USP7",-0.087249028,3.31095578674732,0.00931729795121516
"2218","USP8",-0.059708836,2.79767494707741,0.0131737954619323
"2219","USP9X",-0.088869942,2.63445365485223,0.0161826352086873
"2220","USPL1",-0.03052395,0.79409387291788,0.231754722519925
"2221","UTP11",-0.071394274,2.50293800618653,0.0267681317207033
"2222","UTP15",-0.0480793319999999,2.41592514396486,0.0240053011282978
"2223","UTP18",-0.051648374,4.90201379665101,0.000595719245377185
"2224","UTP20",-0.0489741899999999,1.67801918919992,0.0721976308715555
"2225","UTP23",-0.040846216,2.05738945959587,0.0387175048436179
"2226","UTP3",-0.031678472,0.610281501737183,0.28214962718647
"2227","UTP4",-0.0266206760000001,1.2112149465889,0.133002843278518
"2228","UXS1",-0.08331627,4.7891796993983,0.000801534447897002
"2229","UXT",-0.0552814479999999,1.20770104309826,0.134209978346945
"2230","VARS1",-0.0559345079999999,2.71920438956163,0.0131843415091987
"2231","VARS2",-0.094241392,2.57570199380889,0.019616177872343
"2232","VBP1",-0.135581086,2.53895081767872,0.0193193531482564
"2233","VCL",-0.074325022,3.87976893794191,0.00340492767727657
"2234","VCP",0.069379536,-1.6377188412933,0.920812046192771
"2235","VCPIP1",-0.0918421699999999,5.53338321913921,0.000955093819515068
"2236","VDAC1",-0.11362581,4.8870158105734,0.00061376827576193
"2237","VHL",-0.111511578,2.64394120036543,0.0171865711796804
"2238","VIRMA",0.006056214,-0.238171631354381,0.589862863862441
"2239","VMA21",-0.102630524,1.84281016291926,0.0530263802743808
"2240","VMP1",-0.0146102459999999,0.676826242491213,0.260263067125034
"2241","VPS13D",-0.110605086,3.85638565983281,0.00838162613617667
"2242","VPS16",-0.16732663,6.31222297772096,0.000128521045380511
"2243","VPS18",-0.10634775,3.41030172466483,0.0111217661567742
"2244","VPS25",0.03790852,-0.646430125199282,0.731163000571438
"2245","VPS28",-0.030182636,1.23067281979543,0.129816016234868
"2246","VPS29",-0.0901773640000001,2.32651458264873,0.0358570540532827
"2247","VPS33A",-0.138076666,2.94872884903703,0.012243005691382
"2248","VPS35",-0.15377701,4.87370804368251,0.00116674104356052
"2249","VPS36",-0.110270782,3.99668398770512,0.00225026847672869
"2250","VPS37A",-0.11498522,1.93093190311235,0.0530676314483895
"2251","VPS41",-0.113820612,6.99100365884168,5.75496411628701e-05
"2252","VPS45",-0.0502509919999999,2.55104693522551,0.0175312722978052
"2253","VPS4A",-0.24456536,7.76400542422774,4.87618752255289e-05
"2254","VPS4B",-0.109093184,8.72248452352348,1.66215191999565e-05
"2255","VPS51",-0.10035018,4.39898226826986,0.00247781548116605
"2256","VPS52",-0.133138136,3.35544702719116,0.00602976365972314
"2257","VPS53",-0.098238374,3.41822440706467,0.00484597302359473
"2258","VPS54",-0.096288636,2.43806454693755,0.0217025581138744
"2259","VRK1",-0.103858486,4.93976310365562,0.000645169687008314
"2260","WAC",-0.082312614,4.38893082847385,0.00116107019527511
"2261","WARS1",-0.0718929180000001,3.94905640233675,0.00212259683531522
"2262","WARS2",-0.078060142,2.92753501720892,0.00981338854498912
"2263","WASHC2C",-0.0596387939999999,2.44142961313312,0.0211484000568439
"2264","WASHC3",-0.080086696,3.98018779701125,0.00203845841255854
"2265","WBP11",-0.07397053,1.77766006497948,0.0583480543055646
"2266","WDHD1",-0.012388124,0.424193065885576,0.34204669088925
"2267","WDR1",-0.106307054,2.32634084855482,0.0286627188032083
"2268","WDR12",-0.00505645399999999,0.272972670050994,0.395993738882173
"2269","WDR18",-0.087835674,3.58876002273894,0.00512264888944999
"2270","WDR24",-0.0370259599999999,0.834675329093979,0.214623818024688
"2271","WDR26",-0.0815590979999999,7.31835613064263,0.000105947076510916
"2272","WDR3",-0.064780712,2.55162664735844,0.0182346917690024
"2273","WDR33",-0.049627368,2.18965945613605,0.0313570962043932
"2274","WDR36",0.00516139399999993,-0.100855050742118,0.538649610404286
"2275","WDR4",-0.0627214039999999,1.9216123931763,0.0457749833478655
"2276","WDR43",-0.053147348,1.5683774588921,0.0805198512227204
"2277","WDR46",-0.050905014,2.58903745930411,0.0165796577929696
"2278","WDR48",-0.118053356,2.81875071784314,0.0189605364794582
"2279","WDR5",-0.07595903,3.92213910013163,0.00530906410842905
"2280","WDR55",-0.100246932,2.58744840375885,0.0234478026784107
"2281","WDR7",-0.0474898899999999,2.68444920116642,0.0172426432106029
"2282","WDR73",-0.077771608,2.33972328803579,0.0265959840038442
"2283","WDR74",-0.0235040300000001,0.909271033052198,0.195751498311932
"2284","WDR75",-0.06383544,3.45937794975533,0.00522870568524154
"2285","WDR77",-0.0416174499999999,1.5638528042804,0.0865936615959221
"2286","WDR82",-0.126546776,4.26458668150361,0.00175646463487662
"2287","WDR83",-0.0544326159999999,1.53124209078504,0.0836488707316108
"2288","WEE1",0.074941528,-1.46250902378997,0.908516324026476
"2289","WNK1",-0.132508312,4.77671761769426,0.001043979493372
"2290","WRN",-0.08536773,3.52307166200574,0.00688813609861183
"2291","WTAP",-0.070159754,2.21161256647916,0.0326401839576053
"2292","WWTR1",-0.091926714,3.7845573564675,0.0042371400945004
"2293","XAB2",-0.100511206,2.47016349298021,0.027336201296049
"2294","XPO1",-0.051922364,4.95786121694847,0.000563726923510161
"2295","XPO5",-0.073144652,1.87439332873966,0.0514952736228937
"2296","XPOT",-0.08591173,3.45725731254598,0.00494929318731946
"2297","XPR1",-0.108725486,3.48546678265793,0.00428121593975737
"2298","XRCC2",-0.0590065619999999,2.79866156030857,0.0157101733634568
"2299","XRCC3",-0.051937466,2.03686391398369,0.0396345401581244
"2300","XRCC5",-0.108122558,3.37842189728837,0.00586758577799486
"2301","XRCC6",-0.096484104,2.42580401171069,0.0295372989821624
"2302","XRN1",-0.079198998,2.94123010281172,0.00933940320244046
"2303","XRN2",-0.061808348,1.35255367911581,0.106591861814344
"2304","XYLT2",-0.102792036,2.66236609935975,0.0188445621019662
"2305","YAP1",-0.154097324,5.05484599614243,0.00167010043779789
"2306","YARS1",-0.04720141,1.81336163485573,0.0579300930638808
"2307","YARS2",-0.090862234,4.33049807721955,0.00141463483572435
"2308","YBX1",-0.10336923,2.41979935769793,0.0324286338199038
"2309","YEATS2",-0.155978864,5.39805636276444,0.000581321800963224
"2310","YEATS4",-0.091458084,3.0382100311399,0.00838430230895133
"2311","YJU2",-0.052858802,1.12639135239366,0.14876624601462
"2312","YJU2B",-0.096453448,1.65405191957942,0.0709443949069591
"2313","YKT6",0.014843572,-0.660758433338199,0.736275374348996
"2314","YME1L1",-0.091556912,5.26851759555983,0.00137783686039139
"2315","YRDC",-0.04930077,1.35194773067094,0.109595681138967
"2316","YTHDF2",-0.07433567,2.32360373937078,0.024344724288427
"2317","YWHAE",-0.175772818,5.08449938283743,0.00224738074018694
"2318","YY1",-0.075043012,3.65852040480272,0.00326291216013659
"2319","ZBTB7A",-0.0748560700000001,2.90463717782925,0.0100289130359007
"2320","ZBTB8OS",-0.0556907839999999,1.273878736821,0.130823252719417
"2321","ZC3H10",-0.13665306,1.80465419642871,0.0573596225207027
"2322","ZC3H13",-0.137871442,5.17880600052533,0.00115883137191363
"2323","ZC3H18",-0.1310351,3.64530529549143,0.00564482200121785
"2324","ZC3H8",-0.06790352,2.61834720507478,0.0214406925366593
"2325","ZCRB1",-0.0814509920000001,1.61010563141164,0.0751255333472934
"2326","ZEB1",-0.048040456,0.846446481956113,0.211479729977635
"2327","ZEB2",-0.0664281920000001,6.45807813821523,9.90422533029115e-05
"2328","ZFC3H1",-0.076016026,4.17741681805006,0.00156324522672291
"2329","ZFP36L1",-0.033512126,0.554386443469579,0.302943944858083
"2330","ZFP36L2",-0.017096448,0.288207414873965,0.393086665004165
"2331","ZFX",-0.082285422,3.89844350156158,0.00543887445483099
"2332","ZMAT2",-0.128614176,4.64022759673018,0.000880195417886593
"2333","ZMAT5",-0.08447471,3.30890576813532,0.00555916072444696
"2334","ZMYND8",-0.094719402,2.82800505960941,0.0134052445885226
"2335","ZNF131",-0.056989724,3.04324039960714,0.00808013034368224
"2336","ZNF207",-0.101091968,2.51980890867761,0.0190341320938473
"2337","ZNF217",-0.031093784,0.78205594578656,0.229869629593673
"2338","ZNF236",-0.046194388,2.34592570194261,0.0284235573454708
"2339","ZNF407",-0.051213594,4.3540256174717,0.00140460601345261
"2340","ZNF574",-0.060294968,2.16449295818515,0.0336904489893577
"2341","ZNF622",-0.00408965399999994,0.113099146975939,0.456449610581476
"2342","ZNF830",-0.146291044,5.4163259761654,0.0011159889120813
"2343","ZNHIT1",-0.138360442,3.49263390831726,0.00412115237596094
"2344","ZNHIT3",-0.078522654,4.07229846774241,0.00181034293615356
"2345","ZNHIT6",-0.098346708,2.57990273156522,0.0174541675730694
"2346","ZPR1",-0.06032296,1.93999623802312,0.0443604920744524
"2347","ZRANB2",-0.065386982,1.53440516935348,0.0840586040246765
"2348","ZRSR2",-0.069591606,1.56433653517232,0.0876041463911782
"2349","ZW10",-0.103797282,4.57712701462502,0.00293725384401379
"2350","ZWINT",-0.032759772,1.05526284897528,0.161357300963259
