"","genes","diff_","t_","p_"
"1","AAMP",-0.053710175,0.956119270264983,0.490251496647101
"2","AARS1",0.0334452600000001,-0.45608659582441,0.712373618232264
"3","AARS2",0.13079892,-2.29288710839129,0.243415775512813
"4","AASDHPPT",0.0686325,-1.49221003434124,0.282572032556366
"5","AATF",-0.0602182649999999,1.18782749507894,0.360040784940943
"6","ABCB7",0.05347988,-3.7605823962541,0.127856035073082
"7","ABCE1",0.01324685,-0.224155642927992,0.856464451287122
"8","ABCF1",0.0274673999999999,-2.89671274789205,0.115547108371109
"9","ABT1",0.0370838,-4.97081820995776,0.0476987082733053
"10","ACACA",-0.10142132,0.602583086747702,0.644740104799362
"11","ACIN1",0.0516061299999999,-1.47212139024373,0.347991547480051
"12","ACLY",0.0118467799999999,-1.07809837470741,0.394185105775875
"13","ACO2",-0.010435945,0.26202222663552,0.836683903845851
"14","ACSL3",0.0752933950000001,-2.69759787265526,0.165537181838632
"15","ACSL4",-0.03208363,0.803864522206543,0.55792777296163
"16","ACTB",0.023208655,-0.319257554247821,0.787960370200334
"17","ACTG1",0.01372768,-0.220287589384212,0.850151902168289
"18","ACTL6A",0.0169455350000001,-0.212285570165355,0.852096628914557
"19","ACTR10",0.0405695000000001,-1.02207040687759,0.475294442780195
"20","ACTR1A",0.0112641250000001,-0.198309568358511,0.874557874010119
"21","ACTR2",0.000777325000000051,-0.0119122184417156,0.992369837506766
"22","ACTR3",0.013157155,-0.757427330862104,0.545957150320439
"23","ACTR5",0.0820737449999999,-1.32673708998096,0.327172166198594
"24","ACTR6",0.11181112,-3.46518117906942,0.163972267365633
"25","ACTR8",0.00501161999999999,-0.10392641465596,0.928270878856372
"26","ADAR",0.0758770600000001,-1.77890892503548,0.309842952858439
"27","ADAT2",0.14075053,-6.1121481493332,0.0989860388627734
"28","ADAT3",0.0761099000000001,-5.46328448528388,0.0638460817089675
"29","ADNP",0.0380697299999999,-1.66452580133785,0.341029443589258
"30","ADRM1",0.019417405,-0.710339790966349,0.572185838217224
"31","ADSL",0.1099771,-12.454487298308,0.0507026730403644
"32","ADSS2",0.11969813,-4.9482835869326,0.122483867236088
"33","AFG3L2",0.09888507,-4.07457981581725,0.127834409139916
"34","AHCTF1",-0.01933993,1.13837400272759,0.374258933623339
"35","AHCY",0.0206875550000001,-0.82800844407379,0.552812213358104
"36","AHCYL1",0.13308415,-4.19278803535646,0.0864501929557894
"37","AHR",0.01163887,-0.304633064709341,0.794269808983183
"38","AIFM1",0.0548971700000001,-0.909542120155889,0.52858635602093
"39","AK2",0.14638545,-3.10691552675668,0.191500703434976
"40","AK6",0.206751765,-1.40110722620344,0.357023638579009
"41","AKIRIN2",0.0410060400000001,-1.34590196078954,0.335177289339182
"42","ALDH18A1",0.10485648,-3.50561956843521,0.096682569312429
"43","ALDOA",0.026987745,-0.353533377757587,0.776808950562181
"44","ALG1",0.055332685,-1.63353220778141,0.319964991235021
"45","ALG11",0.0359287050000001,-0.570414235438292,0.627675835750069
"46","ALG12",0.0636688,-1.17918424966993,0.442526139550472
"47","ALG13",0.078103075,-3.27987087750561,0.177464584852849
"48","ALG14",0.0493335599999999,-1.92229028505721,0.303105694579151
"49","ALG2",0.0458434750000001,-1.0889066002312,0.434333203646345
"50","ALG8",0.0804136500000001,-3.82537885441463,0.140124750382094
"51","ALYREF",-0.0117730700000001,1.52686516061613,0.297277129243232
"52","AMBRA1",0.0621983,-1.02341584227022,0.443941761600134
"53","AMD1",-0.088394555,0.910298228780022,0.526736744492091
"54","ANAPC1",-0.017210045,0.797510141568157,0.509897870268943
"55","ANAPC10",0.0690781499999999,-1.2419029136267,0.428392419602478
"56","ANAPC11",0.0229447200000001,-0.534128611675548,0.681161283628222
"57","ANAPC13",0.0415166499999999,-0.414992322486798,0.735800872877463
"58","ANAPC15",0.11421447,-4.12956767560907,0.131717372535411
"59","ANAPC2",0.112123585,-12.7887215574912,0.0494715056950204
"60","ANAPC4",-0.019962925,0.504914439595349,0.664085859094354
"61","ANAPC5",0.0716105499999999,-1.77690902201881,0.247369848595467
"62","ANKLE2",-0.04049654,0.838535653775524,0.511902745943752
"63","ANKRD11",0.070848345,-2.93496891489052,0.186093585386737
"64","ANKRD17",0.0523322300000002,-3.27827240735736,0.138300565095449
"65","ANKRD49",0.03318921,-1.13666073614687,0.41559706104504
"66","ANLN",-0.053849775,0.490478888512798,0.672386970574648
"67","AP1G1",0.02332725,-0.857683244695189,0.482079665267585
"68","AP2M1",0.0399810650000001,-2.14497091444346,0.212426960843193
"69","AP2S1",0.0873172200000001,-7.00700653361564,0.0584750676515304
"70","APC",0.02981307,-1.40354302088409,0.304684795053762
"71","APEX2",0.03932068,-1.11802796904501,0.386388272904228
"72","AQP7",0.02399988,-0.808773161064884,0.508116705039802
"73","AQR",0.013827,-1.07807101573072,0.401948435805891
"74","ARCN1",0.03120192,-0.575262866445958,0.667593939076652
"75","ARF1",0.09028935,-6.34318916994681,0.0903365417834075
"76","ARF4",0.0197457699999999,-0.472547731126262,0.703864420000507
"77","ARF6",0.0257548049999999,-0.981046777970849,0.496643248945612
"78","ARFRP1",-0.00271090499999993,0.0274386303252903,0.98243956542873
"79","ARHGAP29",0.0797595449999999,-1.60239493385421,0.251615852234889
"80","ARHGEF7",0.11381474,-6.78185384742375,0.0874346901146421
"81","ARID1A",0.037269185,-0.786298708288167,0.538875745358265
"82","ARID2",0.0497290749999999,-1.03262486260344,0.445005398615522
"83","ARID4B",0.0200505999999999,-0.998240286635501,0.447860863382491
"84","ARIH1",0.059822945,-1.05778101475813,0.431048432881352
"85","ARIH2",0.0314805749999999,-0.37850740729958,0.742149123935232
"86","ARL2",-0.00430982999999996,0.156934292640318,0.895380087710886
"87","ARMC5",0.069566865,-0.587873239607727,0.620522667895824
"88","ARNT",0.081014965,-3.83892843236888,0.091626728648488
"89","ARPC3",0.12691527,-4.95527790365086,0.119345131096453
"90","ARPC4",0.0458509199999999,-1.28039906973031,0.396020920020213
"91","ASCC3",0.09591434,-1.20478439349446,0.410607543732704
"92","ASCL1",0.0943954499999999,-4.61154423191905,0.0440380511843604
"93","ASNS",0.04830694,-2.37055227482811,0.233564771934431
"94","ASPM",-0.00418392499999998,0.044279722301916,0.971828429846451
"95","ATF4",0.0358599500000001,-1.38414141617746,0.302335042413506
"96","ATG9A",0.106374055,-3.12008191188886,0.197451482237445
"97","ATIC",0.120897325,-7.30239169255478,0.0183075518184934
"98","ATL2",0.0728828300000001,-7.0907103785172,0.0193154375130363
"99","ATMIN",0.0815097849999999,-57.7699002434751,0.000764773057380117
"100","ATP1A1",0.07186567,-1.76432870791596,0.255957513879044
"101","ATP1B3",0.06746955,-0.697750904674779,0.568551142519866
"102","ATP2A2",0.12268982,-3.18487506597334,0.134898448667031
"103","ATP2B1",0.0783593699999999,-0.742494365164313,0.550936874459665
"104","ATP2C1",0.177771335,-2.49474969172454,0.241913424247765
"105","ATP5F1A",0.0615332799999999,-4.11918455348223,0.0655083272125365
"106","ATP5F1B",0.0318896200000001,-1.09780616525315,0.3932565543619
"107","ATP5F1C",0.00692658999999995,-0.259278797373613,0.831873489262182
"108","ATP5F1D",0.0604488599999999,-4.07911087640277,0.146112746279746
"109","ATP5F1E",0.0278088750000001,-2.87331054634453,0.168429290989113
"110","ATP5ME",0.07391379,-6.96470920734174,0.0721088628429183
"111","ATP5MF",0.030106195,-7.18964597531647,0.0434845977188571
"112","ATP5MG",0.0695008949999999,-15.7046602912946,0.00410263917409843
"113","ATP5PB",0.0408576200000001,-1.52719535795472,0.267436505971418
"114","ATP5PO",0.0572167,-14.2381209577818,0.0104321323199985
"115","ATP6AP1",0.02651762,-1.4760080890653,0.37804257416989
"116","ATP6AP2",0.03394852,-0.730518936215941,0.542227617701882
"117","ATP6V0B",0.00407786499999996,-0.167373513483898,0.882474116697032
"118","ATP6V0C",-0.0343901049999999,2.38231257732904,0.196963485961278
"119","ATP6V0D1",0.0117755799999999,-0.252849532234197,0.836571804968143
"120","ATP6V0E1",0.114946125,-8.35681735536794,0.0217055500973466
"121","ATP6V1A",-0.00746298000000006,0.158333603392569,0.891878590635222
"122","ATP6V1B2",-0.026438535,0.518762508453935,0.689386845345525
"123","ATP6V1C1",0.0153608049999999,-0.605984087960196,0.614411069115965
"124","ATP6V1D",0.0630807949999999,-2.30853638790791,0.151031276356777
"125","ATP6V1E1",0.0287614249999999,-0.604819492237446,0.621338461009869
"126","ATP6V1F",0.00543489000000008,-0.301381350436824,0.803246076609802
"127","ATP6V1G1",0.00359038999999994,-0.109492729424395,0.928906726551849
"128","ATP6V1H",0.01197695,-0.406653257895313,0.746869126544983
"129","ATR",-0.0198610399999999,7.1512547685763,0.0738522356696471
"130","ATRIP",0.0871036549999999,-1.97659812423838,0.29157686947726
"131","ATXN7L3",0.0303241499999999,-0.528832450424671,0.656612598126824
"132","AURKA",-0.0122783150000001,0.294444631440914,0.814593857593122
"133","AURKB",-0.03646256,0.687992817022314,0.6084236023914
"134","BANF1",-0.00920369500000007,0.269147991052316,0.821327834953071
"135","BANP",0.00300864999999995,-0.102717185948875,0.929177932751558
"136","BAP1",-0.0339278999999999,1.42768548029349,0.313299320531759
"137","BARD1",0.04135708,-0.90884492276943,0.495483864770971
"138","BCAR1",0.0335389800000001,-1.51021260961476,0.321949809682107
"139","BCAS2",0.02444363,-0.946403089419172,0.511390857823158
"140","BCL2L1",-0.011621015,0.48431233357558,0.676011700353955
"141","BCL6",0.060586385,-2.65518434950517,0.158340990568196
"142","BCL9",0.057434325,-1.27941687450831,0.361154924905664
"143","BCLAF1",0.0703849599999999,-3.38319032465818,0.134463497473797
"144","BCS1L",0.0962091249999999,-6.17572481337931,0.0919943212020831
"145","BDP1",0.068372,-3.19879761425819,0.105586582068748
"146","BET1",0.0947029599999999,-2.92026623075886,0.161511471559658
"147","BIRC2",0.0448432799999999,-4.8648260795283,0.115092076733796
"148","BIRC5",-0.092026645,3.66255423326944,0.0888924289762748
"149","BIRC6",0.0481668049999999,-1.4403364921183,0.293491900448175
"150","BMPR1A",0.0565025649999999,-0.445026874625715,0.710146921176058
"151","BMS1",0.03420862,-5.00371968080188,0.0424921316144587
"152","BNIP1",0.10580158,-1.80942020581988,0.277636128911077
"153","BOP1",-0.0400287549999998,4.79434560062195,0.130720733681799
"154","BORA",-0.02525435,0.666518523837609,0.589709244069966
"155","BPTF",0.017113245,-10.211003003721,0.0142563261293869
"156","BRAF",0.0541477699999999,-1.93004763840527,0.200283912620953
"157","BRAP",0.0338317149999999,-3.40466549850291,0.181703429493003
"158","BRAT1",0.0800641,-3.36167461876046,0.138759076155017
"159","BRCA1",0.0362017299999999,-0.729422199444079,0.593762264977627
"160","BRCA2",0.084766,-1.13412678373909,0.460025861407771
"161","BRD2",0.0506602,-1.39120786119502,0.392290296900848
"162","BRD4",0.032094195,-1.2851413159792,0.405519902696081
"163","BRF1",0.0163433199999999,-0.343527659738134,0.7869578668456
"164","BRF2",0.03509283,-2.55909402122916,0.174617617924227
"165","BRIP1",0.00482852000000011,-0.100780099243202,0.929900190653696
"166","BRIX1",0.00441100500000002,-0.144365903836393,0.905505611509378
"167","BRK1",0.0765269500000001,-29.8247631734932,0.00730508498463183
"168","BRPF1",0.10183355,-1.08117397049783,0.43408048775464
"169","BTAF1",0.0490218849999999,-1.42233010122455,0.338628561466699
"170","BTF3",0.0531931750000001,-2.01702764784658,0.182106668018083
"171","BUB1B",0.0634244399999999,-0.970958132052086,0.476357226323682
"172","BUB3",0.00413794000000001,-0.122194878088362,0.922402117103336
"173","BUD13",0.0359312799999999,-0.515264211037654,0.696412611580766
"174","BUD23",-0.0871245049999999,0.952501974683067,0.474517553607475
"175","BUD31",-0.012054915,0.133822747951349,0.91268738067729
"176","BYSL",0.0518156049999999,-3.37364718160875,0.177722734458661
"177","C1D",0.089183745,-2.08320492723221,0.271384109824571
"178","C1QBP",0.060457665,-3.57314156036117,0.151796263981977
"179","C3orf38",-0.04364389,1.2082329192577,0.359281654758462
"180","CAB39",0.033410575,-1.25207158238225,0.33807192230945
"181","CACTIN",-0.000702450000000021,0.0115809232050064,0.992435986210171
"182","CAD",-0.0225011199999999,0.530732567875554,0.648792406374731
"183","CAMLG",0.0323235049999999,-0.458454126737988,0.722692346781514
"184","CAND1",0.00538432999999994,-0.131759276209194,0.910154917421669
"185","CAP1",0.0523596450000001,-1.57243464387121,0.31346962161413
"186","CAPRIN1",0.07278288,-1.96340740031317,0.281590426633992
"187","CAPZB",0.0424007150000001,-1.54991586989495,0.318781640405098
"188","CARM1",0.0255990199999999,-0.70254418181288,0.586492106867814
"189","CARS1",0.10703311,-5.78080673851913,0.0305268384491318
"190","CARS2",0.09617758,-0.893134362983373,0.466292203098071
"191","CASC3",0.227643665,-1.7485779680536,0.316277102409031
"192","CBFB",0.03653245,-0.575291845335484,0.641438664236538
"193","CBLL1",-0.011648735,0.737754159450848,0.540017554969868
"194","CCAR1",0.08996799,-2.29378178998622,0.249954126155311
"195","CCDC115",0.091510995,-5.38158259046957,0.036355880572069
"196","CCDC22",0.111924915,-4.0413118765266,0.0577854716912137
"197","CCDC51",0.0604013450000001,-1.14197373929881,0.37188500895942
"198","CCDC6",0.0429626949999999,-2.42823632971197,0.214898952442327
"199","CCL4",-0.0621648499999999,0.189353681354914,0.88068531602741
"200","CCNA2",0.013645985,-0.386546096521808,0.741937050683928
"201","CCNB1",0.10462064,-1.72902697537095,0.239273899844743
"202","CCNC",0.092221225,-3.74383666349785,0.0773868435931296
"203","CCND1",0.05545153,-1.32110921923281,0.403697805606264
"204","CCND2",0.105306125,-3.02855397461507,0.176327628571954
"205","CCND3",0.02225865,-0.773771095415632,0.542899008480899
"206","CCNE1",0.077355445,-2.09660098967408,0.270455611272593
"207","CCNF",0.0794344850000001,-1.2392459041058,0.352422862182276
"208","CCNH",-0.00665797499999998,0.881077753650508,0.517522531789657
"209","CCNK",-0.0319750299999999,1.15336565985351,0.368460987265282
"210","CCNL1",-0.00785229999999992,0.132527770341418,0.916108936972722
"211","CCT2",0.0692112149999999,-1.11156616364974,0.457158947447961
"212","CCT3",0.037256835,-0.952489226783071,0.47794574603595
"213","CCT4",0.060498375,-1.20593171692188,0.440455478202226
"214","CCT5",0.085228105,-1.51530929478978,0.371260118569541
"215","CCT6A",-0.0538968999999999,1.12456583405617,0.455954936410696
"216","CCT7",-0.031860725,1.06251645259309,0.39958378285175
"217","CCT8",-0.00566482999999995,1.51931723918252,0.311329294085394
"218","CD2BP2",0.19810668,-2.23150589770364,0.268043462739674
"219","CDAN1",0.08497306,-0.930908155896519,0.496407112678304
"220","CDC123",0.000275309999999973,-0.00319108092074237,0.997851580621202
"221","CDC16",-0.024774775,0.646745048576571,0.633812871401928
"222","CDC20",-0.0148051550000001,0.391777712704468,0.762185113600029
"223","CDC23",0.03287552,-0.591449052966278,0.622390658306561
"224","CDC25B",0.101080435,-4.09628540259863,0.059871166826095
"225","CDC26",0.0979564499999999,-2.76535233393633,0.211174760851447
"226","CDC27",-0.00662269999999998,0.112030297969973,0.928314129439308
"227","CDC37",0.0579061550000001,-2.51069939682837,0.133616976815471
"228","CDC40",0.1025796,-1.70124887239742,0.315646840537631
"229","CDC42",-0.0246110050000001,1.01862965075028,0.487973385105028
"230","CDC45",-0.016578735,0.23574881967938,0.837146845304092
"231","CDC5L",0.0152439,-0.536290272455514,0.686379138086468
"232","CDC6",0.0590511999999999,-1.5905263737699,0.256021104964181
"233","CDC7",0.02428262,-0.729753263081617,0.581202047872801
"234","CDC73",-0.0169266299999999,2.3822517092386,0.158715586088264
"235","CDCA3",0.094776695,-1.71113346699639,0.307913242141336
"236","CDCA5",0.0379456,-0.797955508071146,0.518040367885374
"237","CDCA8",-0.01670083,0.244092423778523,0.84491749536992
"238","CDH1",0.041124615,-6.89365607073892,0.0367400216849882
"239","CDH2",0.0560544650000001,-2.01988451819492,0.251856260600819
"240","CDIN1",0.110314745,-5.3829637029158,0.0332337454647825
"241","CDIPT",0.04319337,-3.51434064014165,0.161201648846916
"242","CDK1",-0.060951685,1.07845703554668,0.433223110442507
"243","CDK12",-0.01750025,0.79179685719014,0.568690481123584
"244","CDK13",0.0468523,-1.21139311966666,0.435139982887957
"245","CDK2",0.0470936150000001,-1.0587239770147,0.452183953531951
"246","CDK4",-0.010126965,1.63583526668996,0.296851318170616
"247","CDK6",0.03733762,-4.36647816331362,0.120163665585547
"248","CDK7",0.014988825,-0.855342294619434,0.504590119878695
"249","CDK8",0.06942255,-2.78911730201524,0.162530230389922
"250","CDK9",0.043726725,-1.20691436445879,0.403592381288397
"251","CDKN1A",0.073518325,-3.04226655202511,0.195982499609132
"252","CDS2",0.034790315,-1.22150715938623,0.43558727029563
"253","CDT1",0.043152635,-1.04382911775998,0.4442928180688
"254","CEBPZ",0.0168707049999999,-1.12943946116987,0.408823273425737
"255","CENATAC",-0.0563261500000001,1.18020397470951,0.424574983989753
"256","CENPA",-0.00427884999999995,0.129508660121817,0.912608240859704
"257","CENPC",0.03494762,-2.85112731941678,0.109774390381982
"258","CENPE",-0.0156249450000001,0.490122874241137,0.689125765104184
"259","CENPH",-0.04213685,1.47331170523474,0.286970360376803
"260","CENPI",0.04830194,-0.729198785285684,0.543546444345779
"261","CENPK",-0.044041385,1.12857780641788,0.449390370272225
"262","CENPM",0.05524335,-2.45236770146722,0.244971164109989
"263","CENPN",0.0261881850000001,-0.446445085368828,0.699193114345256
"264","CENPO",-0.00202297499999993,0.0440474569582738,0.969043339299508
"265","CENPP",0.02763028,-0.952868188303003,0.449645188335404
"266","CENPT",0.0189486300000001,-0.597974796401296,0.61516751956027
"267","CENPW",0.02999723,-0.834699958539108,0.527535679314679
"268","CEP192",0.01572767,-0.828721705022036,0.519835849655387
"269","CEP43",0.100272365,-2.18620042895637,0.235090333102727
"270","CEP55",0.0223490299999999,-0.229870234141435,0.843460455082704
"271","CEP85",0.0766315200000001,-1.23071407495809,0.386873390082056
"272","CEPT1",0.02296537,-0.756726528682154,0.576984180977747
"273","CERS2",0.00676387499999997,-0.104918869112834,0.930301100434642
"274","CFAP20",-0.01189018,0.323545538004296,0.779693697866132
"275","CFAP298",-0.00467938000000001,0.38445608679804,0.748065870882827
"276","CFL1",0.035087845,-0.853172776931172,0.520515472126598
"277","CFLAR",0.0403412399999999,-1.22033391393272,0.410291029861582
"278","CHAF1A",0.0437023,-1.21517591533141,0.348284520424132
"279","CHAF1B",-0.0466946549999999,1.09062583422666,0.466117841532515
"280","CHCHD4",-0.0023393450000001,0.0741456488105863,0.951555458935631
"281","CHD1",0.035120075,-7.88404083284645,0.0200571697804635
"282","CHD4",-0.0072065,0.207373459480762,0.867860339007464
"283","CHD7",0.119201155,-3.2087012152471,0.156352068115733
"284","CHD8",-0.035590575,0.482969447923722,0.693271001501585
"285","CHEK1",-0.00103094500000001,0.0473317729661956,0.966568907449709
"286","CHERP",0.00739485499999992,-0.141065822926537,0.902906454537001
"287","CHKA",0.0100045750000001,-0.365498304842366,0.749915450604707
"288","CHMP2A",0.0350217150000001,-1.57043573656463,0.341284554332326
"289","CHMP3",0.19723492,-1.06844555647295,0.478155022714061
"290","CHMP4B",-0.05502422,0.703593079998366,0.576630744512058
"291","CHMP5",0.119657775,-2.36120111198524,0.153161851992399
"292","CHMP6",-0.014817745,0.242710574908494,0.834417065919928
"293","CHMP7",0.03653952,-1.73723873897656,0.284099719458796
"294","CHORDC1",0.05807552,-1.2902451339982,0.409184500511458
"295","CHP1",0.0487368100000001,-1.36293071273511,0.35161878126235
"296","CHTF18",0.0654440600000001,-2.31598154442433,0.214068515960673
"297","CHTF8",0.02925365,-0.226608756404457,0.84942781162682
"298","CIAO1",0.040375955,-0.537975046260397,0.684315338386044
"299","CIAO2A",0.018158345,-0.261566712995338,0.837052741315754
"300","CIAO2B",-0.00881732999999996,0.509697705888452,0.695339610958337
"301","CIAO3",-0.11340316,1.12580805095225,0.459249213313882
"302","CIAPIN1",-0.000818450000000026,0.0209713053512897,0.985623306833414
"303","CINP",-0.029194845,0.299002807445909,0.813769377730901
"304","CIT",-0.026404,0.686349541439687,0.609996052655616
"305","CKAP5",-0.032500705,1.13877144364018,0.376175562148837
"306","CKS1B",0.0284529299999999,-0.312983415439971,0.806178860574699
"307","CLASRP",0.0645006699999999,-1.13281108566953,0.44202689635219
"308","CLNS1A",0.0521690650000001,-0.907459385689706,0.503625969618729
"309","CLP1",-0.01986031,0.571617380155823,0.667358373163645
"310","CLPB",0.02205726,-0.490727818376273,0.699317758089428
"311","CLSPN",0.048393735,-1.79945702162532,0.227098905472379
"312","CLTC",-0.00278099499999995,0.809672167107571,0.525638691982815
"313","CMIP",0.066671245,-1.63856776160208,0.33809169473038
"314","CMPK1",0.10760127,-1.55081181504588,0.314396480579517
"315","CMTR1",0.08566524,-1.01573138432686,0.417608472385016
"316","CNIH4",0.041128605,-1.34329690268914,0.335961785132252
"317","CNOT1",0.0732353700000001,-1.6219585728,0.281935867100101
"318","CNOT11",0.165933115,-1.3497368688437,0.401135803487483
"319","CNOT2",0.046045885,-1.1723486418318,0.406075377654173
"320","CNOT3",0.0159706799999999,-0.608416052346505,0.605435731841659
"321","CNOT4",0.080462615,-3.68001079827211,0.131764280945768
"322","CNOT9",0.105282465,-2.61526527961767,0.221479515616981
"323","COA3",0.0873899450000001,-3.22439784674549,0.100379119821531
"324","COA5",-0.00430554000000005,0.176196606675155,0.886423384995352
"325","COA6",0.02315365,-0.832887181321997,0.557424037680104
"326","COASY",0.03598757,-0.964870818013283,0.450458395523598
"327","COG1",0.0526935000000001,-1.23712918436206,0.370308784081759
"328","COG2",0.0934903200000001,-3.31052058715299,0.095810123324884
"329","COG3",0.073985285,-6.61245967640473,0.0947491281376314
"330","COG5",0.05447572,-1.97083743369136,0.268392077899144
"331","COG7",0.0945482400000001,-1.07193213155244,0.434785336976499
"332","COG8",0.05034565,-1.28488115466484,0.415273309676426
"333","COP1",0.026673255,-0.882476134288913,0.527266946762305
"334","COPA",-0.00888817500000005,0.177634880852165,0.877374348506858
"335","COPB1",0.00526352499999999,-0.10320787680087,0.934524356768848
"336","COPB2",-0.01231434,0.329726837644945,0.794933512187305
"337","COPE",0.0370191950000001,-1.05351556025479,0.405347426268792
"338","COPG1",0.0467727500000001,-0.969327821519078,0.435910429488211
"339","COPS2",0.00890438000000005,-0.480874778643355,0.714246822384302
"340","COPS3",0.052848405,-0.93353098458999,0.452347669781143
"341","COPS4",0.0747688949999999,-1.72614474103462,0.276345818512772
"342","COPS5",0.0184186500000001,-3.43109830451415,0.111253813610117
"343","COPS6",-0.0441692200000001,2.46549591830716,0.208983341813218
"344","COPS8",0.00188353999999991,-0.0533214653773027,0.965572984751239
"345","COPZ1",0.04159939,-0.44497701298063,0.705722753015816
"346","COQ2",0.04299604,-1.01768983865823,0.49323681975619
"347","COQ4",0.0229049100000001,-1.08895518160451,0.467704697368481
"348","COQ7",0.044921015,-1.02737542114704,0.455746684944178
"349","COX10",0.03968852,-3.62944931547396,0.103731797676855
"350","COX11",0.0224699500000001,-0.878847437868775,0.475651080431476
"351","COX15",0.039808135,-2.82720587318544,0.216344676923462
"352","COX17",4.32500000002722e-06,-0.000377684041448762,0.999757397714375
"353","COX18",0.13009366,-2.46259515806288,0.143406528897014
"354","COX19",0.00169670500000008,-0.0667416211866593,0.955083018307711
"355","COX4I1",0.026566835,-4.0629014210929,0.103608786206845
"356","COX5A",0.03066684,-2.76450040444424,0.214605745876657
"357","COX5B",0.0324021,-2.7538392975676,0.138717850347563
"358","COX6A1",0.0406322499999999,-4.36654099617484,0.0786631148945692
"359","COX6B1",0.07598072,-1.60858414920494,0.250171619850077
"360","COX6C",0.01529015,-0.815915468791591,0.50321474710998
"361","COX7B",0.0770040999999999,-0.997861305275527,0.485241662180041
"362","COX7C",0.0333687850000001,-2.01393585354145,0.267996441346715
"363","CPOX",0.033835465,-6.86342749189079,0.0835844462572132
"364","CPSF1",0.03228485,-1.5659133471957,0.265690514457473
"365","CPSF2",0.0107492,-1.15562298853878,0.367784328527319
"366","CPSF3",-0.00847438,0.310595877194333,0.80448471077783
"367","CPSF4",-0.060974195,1.74706220617736,0.287452681593904
"368","CPSF6",0.02598767,-0.310961030777746,0.78546766197415
"369","CRAMP1",-0.013436205,0.197314120448808,0.868620281010303
"370","CRCP",0.00926823999999993,-0.915261238890381,0.52645793794172
"371","CREBBP",0.0692782299999999,-1.79242947090009,0.256091892626188
"372","CRK",0.0598416349999999,-4.0423888168591,0.118572628465705
"373","CRKL",-0.00182949500000007,0.0897903332617596,0.940815297943949
"374","CRLS1",0.0673861,-1.89692151566556,0.205605118524175
"375","CRNKL1",0.0333934350000001,-2.52445102894155,0.20779934977942
"376","CRTC3",0.05848688,-1.52738633263549,0.332869064073079
"377","CSDE1",-0.0275406499999999,0.640339031843923,0.594212615460792
"378","CSE1L",-0.052707185,1.38147546002341,0.393380634216509
"379","CSH2",0.13168138,-2.87914431774238,0.115023301694749
"380","CSK",0.04415275,-3.02674912491351,0.169745671347478
"381","CSNK1A1",0.00377808499999999,-0.128910238672729,0.913459119910244
"382","CSNK2A1",0.12164638,-8.1671181174654,0.0162023486283264
"383","CSNK2B",0.01394407,-0.422853107219602,0.730914279713627
"384","CSTF1",0.0536140949999999,-1.2873367365578,0.327050605974755
"385","CSTF2",0.0609506500000001,-0.381927745570979,0.763142583479548
"386","CSTF3",0.025802675,-1.04614124766634,0.476155948474391
"387","CTC1",0.1207466,-1.29510266333853,0.371810938196558
"388","CTCF",0.01889811,-0.315946543139089,0.801422483017667
"389","CTDNEP1",0.0638529800000001,-10.3167053868083,0.0153199332226183
"390","CTDP1",-0.058022035,1.52608089132134,0.355691270511396
"391","CTDSPL2",0.029291555,-0.766055675248574,0.575732685409414
"392","CTNNA1",0.05601965,-4.34094223793647,0.106537914435755
"393","CTNNB1",0.0461455049999999,-5.41148438309397,0.0787941397174653
"394","CTNNBL1",0.10103824,-1.94544524956802,0.228272651600158
"395","CTPS1",0.12373422,-5.7756116852965,0.0293839145131911
"396","CTR9",0.00589642000000001,-0.832134220937509,0.502653210767775
"397","CTU1",0.025199675,-14.7288031947995,0.022967421747938
"398","CTU2",0.024314355,-17.7685680173669,0.0343909731759131
"399","CUL1",0.08668338,-3.78017921122742,0.116007630555425
"400","CUL2",0.10232302,-3.97290844321029,0.133022129998032
"401","CUL3",0.0648247599999999,-2.18215345676855,0.257006603536167
"402","CWC22",0.04074386,-0.618047485787582,0.613002825223278
"403","CWF19L2",0.0152353200000001,-0.714290050113062,0.587841267084414
"404","CXXC1",0.0525488000000001,-2.5442272894786,0.209395452839271
"405","CYB5B",0.0862036,-1.61262891684476,0.301948024965625
"406","CYB5R4",0.0575582849999999,-1.94710959190558,0.300945458232038
"407","CYC1",0.0245090400000001,-1.16605384009928,0.449775134414421
"408","CYCS",0.0109630000000001,-1.48986349472637,0.359514709307897
"409","DAD1",0.0221437649999999,-0.906091783914781,0.506109980284802
"410","DAP3",0.060943775,-4.72094133890413,0.0581246467306239
"411","DARS1",0.04151183,-2.78340463508884,0.213541151216396
"412","DARS2",0.0656422250000001,-1.10800991565513,0.398063847129758
"413","DAXX",0.01714265,-0.397294041167864,0.729549307250606
"414","DAZAP1",0.072631015,-2.45324040813143,0.134142606385055
"415","DBF4",0.01030535,-0.263439049326094,0.816887907433191
"416","DBR1",0.10069357,-1.74332936467871,0.232009804028956
"417","DCAF15",0.0487397599999999,-0.915486160708745,0.45785543622013
"418","DCLRE1B",0.089218995,-0.981443862626187,0.497501530443915
"419","DCP2",0.050142435,-2.61503974619743,0.232389495813657
"420","DCPS",0.0296302150000001,-0.55940959421959,0.641183593428617
"421","DCTN2",0.0123021550000001,-0.202683053062235,0.859311670719059
"422","DCTN3",-0.0187946700000001,0.355112152227093,0.757608754308078
"423","DCTN5",0.06249404,-1.3345515528387,0.345578627986377
"424","DCTN6",0.13652261,-3.01940153173063,0.115237446028434
"425","DDB1",-0.000862935000000009,0.0217419714624985,0.984696999165954
"426","DDI2",0.03661816,-0.668223497397894,0.617674326900403
"427","DDOST",0.0173070700000001,-0.570543738645222,0.635495009346701
"428","DDX10",-0.01018144,0.340693289805853,0.766767696970917
"429","DDX11",0.062041665,-1.38162250270552,0.301680501805007
"430","DDX18",-0.01590015,0.758137588834107,0.53868184565786
"431","DDX19A",0.03895637,-1.38847608353194,0.319417712925167
"432","DDX20",0.0153619449999999,-0.491606209026418,0.678241216839057
"433","DDX21",0.0105206,-0.830670754258874,0.553522590933432
"434","DDX23",0.0696518749999999,-1.7932353332425,0.271367028970748
"435","DDX27",0.049043215,-1.47174965190033,0.300488195831663
"436","DDX28",-0.017102795,0.441925855505303,0.733879408797653
"437","DDX39B",0.01918735,-1.26590985889197,0.42128980632122
"438","DDX3X",0.00399550000000015,-0.0454587163154915,0.968415905360747
"439","DDX41",0.00656315499999993,-0.232685320061144,0.852771578743755
"440","DDX42",0.0673340299999999,-3.29328214783013,0.187639912134829
"441","DDX47",0.00805449999999996,-0.274710199038145,0.825857987220593
"442","DDX49",0.00838899999999998,-0.317940380339157,0.80321420507221
"443","DDX5",0.0452829449999999,-0.924986794431917,0.515689714146089
"444","DDX51",0.0506897799999999,-1.47104361404713,0.379646668132766
"445","DDX52",0.0221566649999999,-0.938371619467365,0.448510550794361
"446","DDX54",-0.0535294949999999,1.77141612320974,0.325590733369872
"447","DDX56",-0.022464625,3.42963611764033,0.0963924867745195
"448","DDX6",0.0284200499999999,-0.676965615486542,0.596532597263217
"449","DENR",0.0171094250000001,-0.585180620565328,0.631177151288517
"450","DERL2",0.013763975,-1.01296525230558,0.494624129579038
"451","DET1",0.0568533800000001,-0.866648082317287,0.539408158459222
"452","DHDDS",0.043781055,-0.979469466445359,0.490636126780871
"453","DHFR",-0.0985054550000001,7.33976095577905,0.026765658716324
"454","DHODH",0.05374042,-1.65227319607212,0.302235671434665
"455","DHPS",0.063002205,-3.72351540596579,0.121057246682231
"456","DHX15",-0.03954689,1.42284999271041,0.29234302448662
"457","DHX16",0.01498723,-0.528998892250914,0.65050529973522
"458","DHX29",0.15306755,-2.35216767779316,0.252148528930749
"459","DHX30",0.0866468499999999,-2.87940373169351,0.103940653068312
"460","DHX33",0.0656019450000001,-3.27994794604099,0.088725146306727
"461","DHX35",0.049891525,-0.452924313873944,0.727665552342943
"462","DHX36",0.041995275,-0.660653550252946,0.626933860578984
"463","DHX37",0.01024607,-0.174366257836685,0.8839625195233
"464","DHX8",0.081761765,-8.86911414437448,0.0323075510302534
"465","DHX9",-0.0173701249999999,1.30686636185024,0.32489498634558
"466","DICER1",0.041156065,-9.38364680673954,0.0174362766120062
"467","DIDO1",0.0608414900000001,-0.877513884714656,0.539747468576701
"468","DIS3",-0.028577735,0.333582974281638,0.771614597363542
"469","DKC1",0.03740493,-1.75254681688428,0.231928796524363
"470","DLD",0.0380788799999999,-2.2727565396403,0.247228990772517
"471","DLG5",0.047916,-1.06628256329486,0.479272073417085
"472","DLST",0.05091855,-2.92900857536803,0.191331692727333
"473","DMAP1",0.040228365,-1.84558133918349,0.277299032518596
"474","DNAAF10",-0.00350229000000002,0.175681487452753,0.883140868524556
"475","DNAAF5",0.0709654499999999,-1.97287515952518,0.289862125413007
"476","DNAJA1",0.136341425,-6.73157732163354,0.0865468651885816
"477","DNAJA3",0.0750855,-1.21607082314165,0.404190520177164
"478","DNAJC11",0.01909693,-0.482958797092622,0.71045653438549
"479","DNAJC13",0.03201591,-0.88897948618536,0.497205347191496
"480","DNAJC17",0.03455471,-5.50813554709912,0.0322885354354985
"481","DNAJC19",0.171535345,-2.26183578248007,0.264706913757408
"482","DNAJC2",0.16495378,-4.21477196378427,0.0519799291140313
"483","DNAJC21",-0.00263860000000005,0.0420587967526507,0.970782058753155
"484","DNAJC9",0.00465372499999994,-0.0621318416165456,0.959301140228815
"485","DNLZ",0.02495531,-0.307004989192844,0.810141691174567
"486","DNM1L",0.10263653,-2.03795355046664,0.199098195461405
"487","DNM2",-0.0107835000000001,0.202569213017533,0.869125817934334
"488","DOCK5",0.04978698,-1.43120199917741,0.358246414728397
"489","DOHH",0.0465863099999999,-4.04789331783776,0.0756811284098057
"490","DOLK",0.0565076999999999,-1.67532543355719,0.342098324806249
"491","DOLPP1",-0.023789995,0.395000719360008,0.752894726710762
"492","DONSON",-0.00948431999999999,0.0974922939704073,0.931247188121664
"493","DOT1L",0.084804275,-1.84161716130945,0.217412883686442
"494","DPAGT1",0.032589095,-1.56924886397036,0.269071437192988
"495","DPF2",0.085555,-2.27069037192949,0.23535950382863
"496","DPH1",-0.0131811850000001,0.33972737765974,0.791285204218914
"497","DPH2",0.052241725,-0.878088007257011,0.500752828423189
"498","DPH3",0.0102171000000001,-0.279273868382236,0.825521990200392
"499","DPH5",0.03565308,-0.591554303549833,0.639405250290491
"500","DPH6",0.0403822199999999,-1.29906637074191,0.379269873639998
"501","DPM1",0.03211111,-0.960302270490945,0.512519699864097
"502","DPM2",0.065806045,-9.68515381348504,0.0327943099074263
"503","DPY19L2",0.00479537499999994,-0.129037502237083,0.910308140442574
"504","DPY30",0.0923142600000001,-5.5787386730445,0.111940188707144
"505","DR1",0.0132898850000001,-0.487497367331554,0.704553935165257
"506","DRAP1",0.0307864,-0.423231939455908,0.740320915331942
"507","DSCC1",-0.00855187999999996,0.228341430749997,0.847268903918689
"508","DSN1",0.01564087,-0.275197423736901,0.812264271378603
"509","DTL",-0.113660685,3.0648074859941,0.198063362488202
"510","DTYMK",0.00427949000000005,-0.235280736991658,0.839637785712838
"511","DUSP4",0.0959239549999999,-4.51830357209384,0.120910983157306
"512","DUT",0.10137516,-2.06455230955468,0.252639492201897
"513","DYNC1H1",-0.00161984999999998,0.04254259722162,0.97268741333285
"514","DYNC1I2",-0.0336112750000001,0.445466137266179,0.732262425420255
"515","DYNLL1",-0.00757294500000005,0.0923828068718519,0.936019561310126
"516","DYNLRB1",0.114019615,-1.41200969084812,0.294357012522831
"517","DYRK1A",0.00882381999999993,-0.227394916767192,0.854110315074398
"518","E2F1",0.036568615,-3.5770448277484,0.109278460226017
"519","E2F3",0.04878843,-0.886746266167219,0.490951905764867
"520","E4F1",0.079554385,-1.91956897465818,0.195042409474997
"521","EAF1",0.0873290000000001,-2.60451593864717,0.166154922971332
"522","EAPP",0.057070785,-1.76989749323131,0.21894005776926
"523","EARS2",0.043703055,-0.672359506872065,0.622897595390932
"524","EBNA1BP2",0.0637019,-2.10556844739007,0.281835655638393
"525","ECD",-0.066301935,1.20860074853058,0.379973416112545
"526","ECT2",0.07347005,-1.86927468488348,0.264298887891097
"527","EDF1",0.0528636650000001,-0.669038370940613,0.57235863363419
"528","EED",0.0439237849999999,-0.591134479944644,0.65540281039836
"529","EEF1A1",-0.013089835,0.221925486891742,0.848706351904325
"530","EEF1B2",0.134812345,-3.13347475729074,0.0889342367581722
"531","EEF1G",0.13405655,-2.81208432512599,0.161654582667098
"532","EEF2",-0.103828265,7.21275358860035,0.0216396411686579
"533","EEF2KMT",0.11893128,-2.85705495302849,0.170607393873385
"534","EEFSEC",0.04580384,-3.10697330003109,0.196150012749065
"535","EFL1",0.0284484,-0.660854577762937,0.578889745653061
"536","EFR3A",0.101550685,-2.14069479629748,0.258426533338198
"537","EFTUD2",-0.00507660500000001,0.369707845505075,0.764555576834635
"538","EGFR",0.04967416,-3.60827196734756,0.105369764752141
"539","EGLN1",0.031473825,-1.22208191039491,0.351371134488927
"540","EIF1",0.08156433,-1.85910358481483,0.313910439730136
"541","EIF1AD",0.0670756300000001,-30.2529680132306,0.0173414986293677
"542","EIF1AX",0.079932575,-2.31402650660467,0.240921747994933
"543","EIF2AK4",0.1194459,-1.78434633741965,0.233545236922291
"544","EIF2B1",0.0726168149999999,-4.52769291613829,0.0517189514351549
"545","EIF2B2",-0.0170562150000001,0.166709985605386,0.889999695118298
"546","EIF2B3",-0.0491723049999999,1.01142631421599,0.46925175572275
"547","EIF2B4",-0.0321376149999999,0.48042263179485,0.692381025255874
"548","EIF2B5",-0.09208865,6.24435033378801,0.0263718468591704
"549","EIF2S1",0.0342409899999999,-6.04301677071488,0.0269415587171725
"550","EIF2S2",0.0197524050000001,-0.434257320380082,0.73273887928443
"551","EIF2S3",0.08486089,-1.66102117750729,0.258387280998256
"552","EIF3A",-0.00776650000000001,0.187718673322349,0.873811428330493
"553","EIF3B",0.07702806,-1.73445488034341,0.257479447622112
"554","EIF3D",0.041239705,-1.56833652589264,0.277635810410746
"555","EIF3E",0.03509918,-0.47069895446121,0.71871059029728
"556","EIF3F",-0.039459,1.05949059857328,0.41436199345372
"557","EIF3G",0.0949108950000001,-2.32470787277555,0.257344712990878
"558","EIF3H",0.10972965,-1.41773919018461,0.295616906635554
"559","EIF3I",0.0179447700000001,-0.530326736363339,0.68711600767424
"560","EIF3J",0.083697915,-1.71489233671175,0.228651114689495
"561","EIF3M",0.05566649,-1.46761559980465,0.362986314796171
"562","EIF4A1",0.058838225,-1.12523267470403,0.435154568851418
"563","EIF4A3",0.088541435,-0.747103801273035,0.543713165586348
"564","EIF4B",0.060547845,-1.62408566581496,0.279467680049274
"565","EIF4E",-0.0324795000000001,0.703338392726141,0.604876711290412
"566","EIF4E2",0.17525043,-2.47915213209299,0.217818650556194
"567","EIF4G1",0.08650448,-2.99878624057316,0.181356317477564
"568","EIF4G2",0.031975825,-0.431087250804242,0.73350262495115
"569","EIF5",0.03598015,-1.29936794113178,0.354413134736741
"570","EIF5A",0.13875899,-14.2007022693138,0.0141155386237563
"571","EIF5AL1",0.205377625,-5.77219921460924,0.0297990892781068
"572","EIF6",0.18539765,-6.8074397925966,0.0674248647651107
"573","EIPR1",-0.01682098,0.24045914238282,0.841418436623715
"574","ELAC2",-0.00197817999999994,0.07342901625996,0.949165814038012
"575","ELAVL1",0.0499984449999999,-1.60493444644266,0.300215145772062
"576","ELL",0.0151792799999999,-0.674493357112112,0.573360249365419
"577","ELMO2",0.0799152250000001,-2.27021807072614,0.225543013675901
"578","ELOA",0.10345858,-3.624815148845,0.0749129464482579
"579","ELOB",0.00346735999999992,-0.0846933386590697,0.945270667415159
"580","ELOC",0.0121427200000001,-0.871123500599081,0.524718467343397
"581","ELOF1",0.08393399,-5.17536442581744,0.0966369552641299
"582","ELP1",0.05248802,-0.990297929718635,0.500245594177522
"583","ELP2",0.0561046199999999,-9.1492165580958,0.0485366441101153
"584","ELP3",0.0645532049999999,-15.0189477858327,0.0324328288462753
"585","ELP4",0.0917106,-2.63499063309123,0.194426985951151
"586","ELP5",0.023783425,-1.34687100677441,0.402834364128235
"587","ELP6",0.0285335,-4.64808401490302,0.0651682836779189
"588","EMC1",0.0561556,-3.01418599044175,0.1986219669217
"589","EMC2",0.09353857,-7.7934226632833,0.0169086038386516
"590","EMC3",0.0491990400000001,-2.83009295812715,0.141978884104182
"591","EMC4",0.0419585,-3.04191574326404,0.181855827329852
"592","EMC6",0.02513755,-1.54975617596364,0.268125975321556
"593","EMC7",0.0340721500000001,-1.01662622393295,0.439736545691435
"594","EMSY",0.0797342750000001,-3.70625921121595,0.13789030073347
"595","ENO1",0.075586705,-1.90281321224286,0.307754402660784
"596","ENY2",0.016099745,-0.504342112971711,0.684270440403707
"597","EP300",-0.0133562699999999,0.361325119312198,0.776743881293028
"598","EP400",0.000922309999999982,-0.0247163142566485,0.982526353011552
"599","EPC1",0.0596093599999999,-1.7190502263243,0.253334498190882
"600","EPC2",0.044735855,-2.15798382950846,0.173286813247809
"601","EPRS1",0.033346755,-0.970037050226387,0.445896865954302
"602","ERAL1",0.029546085,-0.531387252947498,0.656043433856669
"603","ERBB2",0.05105368,-2.48544544987077,0.242808493708817
"604","ERBB3",-0.00847137500000006,0.209894636879469,0.864678907193064
"605","ERCC2",0.0861701349999999,-1.8039949958311,0.23854950325846
"606","ERCC3",0.0459488300000001,-1.21399819619997,0.422813288976241
"607","ERH",0.00975355500000002,-0.385234153467394,0.765891897067905
"608","ESCO2",-0.033223295,0.628674106961116,0.638384222008594
"609","ESF1",0.025205425,-1.34949878495636,0.311379423542149
"610","ESPL1",-0.03776544,0.595248242651211,0.612559931498705
"611","ESS2",0.0791613099999999,-2.79570070651753,0.160509249402987
"612","ETF1",0.0379225750000001,-0.856056126236533,0.534566607987921
"613","EXOC8",0.0679371350000001,-1.34921468499241,0.405089066947487
"614","EXOSC1",0.049724725,-1.2350565717663,0.428351069438619
"615","EXOSC10",0.071318525,-1.79182167619149,0.3239910741705
"616","EXOSC2",0.0127784550000001,-0.171789941860745,0.888472537561708
"617","EXOSC3",-0.0296082699999999,0.452797197709769,0.699360464163794
"618","EXOSC4",-0.00463760000000013,0.143582137170456,0.908995711696449
"619","EXOSC6",0.014983025,-0.509465051544303,0.669436564604024
"620","EXOSC7",0.0312541750000001,-0.819547002892208,0.506788010616317
"621","EXOSC8",0.016165905,-0.753140191254197,0.549035467099199
"622","EXT1",0.031519505,-0.522863003865957,0.690102279284407
"623","EXT2",0.0672499450000001,-1.11749513232361,0.438384333436085
"624","EZH2",0.0293881,-0.494185482052717,0.707709508485342
"625","FADD",0.06641455,-1.15436631739748,0.403367502471231
"626","FAF2",0.0647637849999999,-1.42890478896707,0.289838356283624
"627","FAM32A",0.0386057499999999,-0.77338612341128,0.565951586174081
"628","FAM50A",0.0805177300000001,-1.0135632736164,0.444457986297141
"629","FAM98B",0.095723355,-8.85839247612479,0.0160480153829977
"630","FANCA",-0.0172522350000001,0.272244220139274,0.816795439867194
"631","FANCF",0.08743519,-4.64474174616926,0.0468743261742542
"632","FANCI",-0.024251635,0.18359845513634,0.871532950059193
"633","FANCM",0.072569095,-1.42510640971279,0.359453563815535
"634","FARS2",0.089074855,-2.42904377386984,0.232076857884675
"635","FARSA",0.0471380450000001,-2.86124364710681,0.213990936632694
"636","FARSB",0.0414097149999999,-0.953504668355505,0.479063418362465
"637","FASN",-0.012786375,0.675393270070938,0.601481163721248
"638","FASTKD5",0.0286531249999999,-0.875781669805106,0.495816417697756
"639","FAU",-0.01142454,0.222293779314477,0.844727736616048
"640","FBL",0.056812965,-2.23479474998126,0.158284689424235
"641","FBXO11",0.00221532000000002,-0.157965207153587,0.88951784865428
"642","FBXO5",0.0570871849999999,-1.27104844970223,0.332126668321207
"643","FBXO7",0.03565237,-0.743820604240632,0.5673261528023
"644","FBXW11",0.0884506549999999,-2.97762981145003,0.197743905224344
"645","FBXW7",0.0357139000000001,-1.56333147193439,0.261906863554316
"646","FCF1",0.10262398,-3.30999368116636,0.113972004708652
"647","FCHO2",0.03654155,-1.17138545877206,0.383664143060423
"648","FDFT1",0.030901205,-1.82984109221064,0.296417959757832
"649","FDPS",0.0666218500000001,-1.81740853652986,0.317612306565165
"650","FDX1",0.074721045,-2.50793067843421,0.145918014061405
"651","FDX2",0.068213255,-2.39517737662846,0.13972767636941
"652","FDXR",-0.0177558949999999,1.59053666704591,0.323330395331474
"653","FECH",0.04981622,-1.52954069843317,0.280483387651342
"654","FEN1",0.0464716500000001,-0.69360493355268,0.560535059874819
"655","FERMT1",0.049609215,-1.56489002705461,0.259492243342141
"656","FERMT2",0.0698930249999999,-1.54832549813523,0.323843243501989
"657","FGFR1",0.0267858399999999,-0.88294734395443,0.470625516821621
"658","FIP1L1",0.0141105749999999,-0.619489645361846,0.639486912640298
"659","FIS1",0.0549560849999999,-14.4997067159977,0.0394521695773079
"660","FKBP1A",0.07419566,-1.38950002929339,0.341276346658908
"661","FLCN",0.0464635050000001,-0.856604093146692,0.48333253564262
"662","FLI1",0.01560423,-0.481923933170385,0.689587568000932
"663","FLII",0.0593976700000001,-5.86229855659134,0.106921566107818
"664","FLVCR1",0.03148194,-1.51301106203689,0.352379049744972
"665","FNTA",-0.0343151349999999,1.13146495644564,0.381549361255637
"666","FNTB",-0.014022875,0.377763359396171,0.766260670765543
"667","FOSL1",0.0758032499999999,-2.83171957477813,0.182025488479833
"668","FOXA1",0.062522885,-1.88893340918253,0.268831606086287
"669","FOXK1",0.0218435250000001,-0.956496732561338,0.441856178279423
"670","FOXM1",0.0602510900000001,-2.07218212875029,0.202695910214762
"671","FOXRED1",0.06104705,-4.11572987185842,0.12249339412634
"672","FPGS",-0.070588075,1.2224831906809,0.370820031867273
"673","FRG1",0.10115405,-1.58392951146111,0.300228293608161
"674","FUBP1",0.0356175599999999,-0.30176523294213,0.798636695304165
"675","FURIN",0.06044092,-1.2774800333107,0.379737833348745
"676","FXN",0.07762135,-3.20515934362567,0.179165491356491
"677","FZR1",-0.00747808999999988,0.164558715520387,0.895149492820815
"678","G3BP1",0.08140882,-1.03655421276967,0.445713327914617
"679","G6PD",0.070109905,-2.09087421483872,0.194523429293947
"680","GAB1",0.0823802499999999,-5.5306692250507,0.11367452896629
"681","GABPA",-0.011580035,0.388206097413498,0.737264069115213
"682","GABPB1",0.0859820149999999,-1.67686876308383,0.322294337768024
"683","GADD45GIP1",0.0532073949999999,-1.69209433447482,0.32404254015155
"684","GAK",0.109265,-3.14071989565327,0.108834720553532
"685","GAPDH",-0.028123335,0.47485507945952,0.71740725183489
"686","GARS1",0.0821791549999999,-20.7042041283928,0.0115260437619021
"687","GART",0.0399418349999999,-1.44537676614377,0.361262193761034
"688","GATA3",0.0274325599999999,-3.4354168941681,0.0769146328914094
"689","GATB",0.033515275,-1.09513640367148,0.469584481553375
"690","GATC",0.040572135,-1.38913263842483,0.310519209785601
"691","GBF1",-0.00182351000000003,0.0389594237116588,0.972496672848568
"692","GCN1",0.16446444,-4.90568714881835,0.104615892628668
"693","GCSH",0.11299005,-2.43836605404822,0.172042087963202
"694","GEMIN2",0.0563305000000001,-1.04943795898867,0.473904474273054
"695","GEMIN4",0.14599131,-8.24612530771496,0.0149275031154378
"696","GEMIN5",-0.10853379,2.64277835271847,0.119147201001366
"697","GEMIN6",0.067944165,-3.14690778694307,0.148337230161365
"698","GEMIN7",-0.02837505,0.365656419608033,0.767774645111313
"699","GEMIN8",0.13467357,-2.38491254194052,0.233445075942522
"700","GET1",0.0578215399999999,-2.05461288588273,0.269863667682118
"701","GET3",0.0950543349999999,-3.39613120513826,0.174458065597984
"702","GET4",0.113017385,-3.44976743757024,0.121949170234021
"703","GFER",0.0419116,-6.46649922408321,0.039563367882765
"704","GFM1",0.05381402,-1.58506591812687,0.257015895941516
"705","GFM2",0.0520468199999999,-3.13030855288953,0.129181984032616
"706","GFPT1",0.01468097,-0.349258019823096,0.764845764182218
"707","GGNBP2",0.068563435,-3.10845973968856,0.197965715779744
"708","GGPS1",0.00544909999999998,-0.177216496332662,0.876037877251525
"709","GGTLC2",-0.0545781049999999,1.19438510556224,0.355182308779538
"710","GIGYF2",0.07215745,-2.93407332300889,0.189031688757585
"711","GINS1",0.05217809,-0.592358036531881,0.623011278063886
"712","GINS2",-0.0638617500000001,1.82667782927978,0.290421347320677
"713","GINS3",-0.00105828500000005,0.0296994112757237,0.98102448114561
"714","GINS4",0.057173385,-2.00858092188393,0.268537125602056
"715","GLMN",0.0210026999999999,-0.453817294722659,0.727785228668133
"716","GLRX3",0.0250628850000001,-0.917967971745213,0.509928505321575
"717","GLRX5",0.0741183799999999,-12.7509817011432,0.0143189329735195
"718","GLS",0.06028955,-1.3684121432316,0.306042290666477
"719","GMNN",0.0818702649999999,-1.33286674375745,0.31423563656371
"720","GMPPB",-0.0248713699999999,0.39119536961595,0.757881310649627
"721","GMPS",0.052120905,-6.79034326001502,0.0848798532696607
"722","GNA13",0.04076513,-2.35708259990486,0.152370821621433
"723","GNB1L",0.110323585,-1.7273566296837,0.261638461414442
"724","GNL2",0.0153044,-0.527398752692658,0.657039571757727
"725","GNL3",-0.00128278500000001,0.0397945857014064,0.974200159648698
"726","GNL3L",0.12859424,-3.48687319163045,0.118010756502154
"727","GNPNAT1",-0.0116184000000001,0.484432904289579,0.679439767081403
"728","GOLGA7",0.032789045,-0.551236215606304,0.644852442119063
"729","GOLGA8R",0.0796462800000001,-4.3910978893955,0.0864886870497143
"730","GOLT1B",0.0375111749999999,-19.897417057368,0.00682727102370605
"731","GOSR2",0.08091766,-2.05203725702893,0.185409707264417
"732","GPATCH1",0.0962189400000001,-3.08064011828096,0.170892200239858
"733","GPI",0.066583745,-3.17382151021102,0.173749054883986
"734","GPKOW",0.00439971499999992,-0.0609478644441416,0.957681171137509
"735","GPS1",-0.0446986250000001,0.619967163756061,0.604506876356335
"736","GPX4",0.02467567,-0.444680144877644,0.700254212756948
"737","GRB2",-0.00232537500000007,0.0565438428458497,0.962488301804133
"738","GRHL2",0.0862858399999999,-0.741032025794056,0.567043127081869
"739","GRK2",0.0370343,-10.7453381754627,0.0139533536223096
"740","GRPEL1",0.0317012250000001,-5.43386863398319,0.041959781652335
"741","GRSF1",0.00467429999999991,-0.260031118533534,0.824808706703612
"742","GRWD1",0.064985205,-1.78689346486543,0.261780127033313
"743","GSK3B",-0.01327017,0.653062997203757,0.614843047451011
"744","GSPT1",-0.00745816500000007,0.174488853406238,0.885155961530905
"745","GTF2A1",0.0192287,-0.608249120171929,0.625817735650089
"746","GTF2A2",-0.0225159450000001,1.69467198069702,0.242134448526726
"747","GTF2B",-0.031331875,1.62706913688646,0.340940279802146
"748","GTF2E1",-0.017316245,2.04844036742778,0.264839203423214
"749","GTF2E2",0.0279872999999999,-1.25820418963337,0.407956409858487
"750","GTF2F2",0.016786785,-0.41897470700253,0.747159203364113
"751","GTF2H3",0.07915777,-1.70375551138274,0.270230402153733
"752","GTF2H4",0.037791735,-1.01317368689248,0.467264872768101
"753","GTF3A",0.0391794550000001,-7.55828898066669,0.0824262055734488
"754","GTF3C1",0.0424936,-1.90006132785855,0.198063640017772
"755","GTF3C3",0.07937319,-1.8660197883102,0.305440050933797
"756","GTF3C4",0.0794980750000001,-1.88414707804502,0.21266970068827
"757","GTF3C5",-0.0124341050000001,0.244451506848275,0.847318612511392
"758","GTF3C6",0.06863537,-2.55421212864427,0.236267766266204
"759","GTPBP10",-0.02569222,0.456357274648266,0.726641997682102
"760","GTPBP4",0.000448730000000008,-0.0127884153407654,0.991738705007303
"761","GTSE1",0.013149605,-0.26375538822732,0.817439879994409
"762","GUK1",0.00732213500000001,-0.212581846614566,0.860762742443146
"763","H2AC15",0.042092125,-1.63065730022118,0.28245281459697
"764","H2AC17",0.047877325,-0.871860140279935,0.477780392274219
"765","H2AC20",0.011641515,-0.92700809974302,0.47796361899107
"766","H2AX",0.09764023,-1.11513793920235,0.443027492565454
"767","H2AZ1",0.07663529,-2.16910927956697,0.204016396771554
"768","H2BC11",0.02187985,-0.893636111295087,0.46583977930491
"769","H2BC13",0.058938165,-1.94262076251251,0.201594669474705
"770","H2BC15",0.0596825600000001,-1.79723019459402,0.275261289285788
"771","H2BC21",0.07133143,-1.14383581683016,0.43063285437198
"772","H2BC26",0.042092125,-1.63065730022118,0.28245281459697
"773","H2BC4",0.00663463500000006,-0.196058644983556,0.865882156191714
"774","H2BC6",0.0596675099999999,-2.1330235959138,0.22196771411321
"775","H2BC9",0.0596825600000001,-1.79723019459402,0.275261289285788
"776","H3-3A",-0.032446925,1.69732249053918,0.278876116806849
"777","HARS1",-0.079010295,1.87585478907785,0.310081894218533
"778","HARS2",0.0948231749999999,-0.876256822076086,0.511913293985953
"779","HAUS1",-0.05758365,1.85417067616133,0.261985438166083
"780","HAUS3",-0.09097087,2.39767487830459,0.208601543365206
"781","HAUS4",-0.03644305,1.40404982724812,0.330537268422055
"782","HAUS5",0.01510824,-0.384056668987988,0.766053001915651
"783","HAUS6",-0.05495341,2.68366440051286,0.134800030553549
"784","HAUS7",0.131756115,-2.60121187590938,0.175141130556699
"785","HAUS8",0.0236945800000001,-1.53729890430808,0.321016654001652
"786","HCCS",0.1144053,-0.957572424707721,0.512065322385886
"787","HCFC1",0.01543687,-0.214394585850795,0.858584779997901
"788","HDAC1",0.00774198000000004,-0.425006324518392,0.735618995292446
"789","HDAC3",-0.00543320000000003,0.270074697556218,0.815430872867038
"790","HEATR1",-0.00288396499999999,0.120410669075669,0.918788074732429
"791","HEATR3",0.08145055,-4.30577558670378,0.119489419814495
"792","HECTD1",0.0134286349999999,-1.27666923113504,0.378513151627742
"793","HGS",0.0381089999999999,-1.08566393338308,0.443713524460531
"794","HINFP",0.04843821,-0.68880038747734,0.609288357990784
"795","HIRA",0.140909065,-41.6601693419712,0.000600428054580031
"796","HJURP",0.01224247,-0.354789052586746,0.782877375863058
"797","HK2",0.0382994749999999,-2.97172968073187,0.100950299141206
"798","HMBS",0.051037655,-1.14321675543585,0.42494155656681
"799","HMGA1",0.02844406,-0.599511610660673,0.612592023768886
"800","HMGB1",0.000282749999999998,-0.00662584903084417,0.995428960817321
"801","HMGCR",-0.0243456200000001,0.917644988479101,0.455833673883887
"802","HMGCS1",-0.0763420750000001,2.13101690371006,0.167981639365337
"803","HNF1B",0.15160947,-3.08218353064218,0.12044052546365
"804","HNRNPA1",0.016361935,-0.185511184514264,0.871659023834807
"805","HNRNPA1L2",0.0284539500000001,-0.417299033232983,0.74071553054574
"806","HNRNPA2B1",0.044032695,-0.295835297249314,0.808400822416696
"807","HNRNPC",0.055909635,-1.38519025914481,0.337051589759036
"808","HNRNPF",0.099845745,-1.09586092296872,0.46524715655574
"809","HNRNPH1",0.0224504800000001,-0.435021346783622,0.70864233967388
"810","HNRNPK",0.00341721500000003,-0.033998898729733,0.977251729232481
"811","HNRNPL",-0.000974890000000062,0.0159053598025637,0.988901211908809
"812","HNRNPM",0.0791980800000001,-3.01183408313095,0.101194539316222
"813","HNRNPU",0.030869465,-5.96701987670048,0.105206442153082
"814","HOXD13",0.1697106,-2.70805686299329,0.209632839744229
"815","HS6ST1",0.0314750800000001,-1.26000075889399,0.426074210645849
"816","HSCB",0.00497476499999994,-0.223264025377653,0.85043647546786
"817","HSD17B10",0.05907643,-1.22339221852589,0.436193792616401
"818","HSD17B12",0.16721985,-3.6476548295264,0.124550944226193
"819","HSF1",0.0103171800000001,-0.208862415200307,0.857983890940163
"820","HSP90AB1",0.143482,-2.37205603594321,0.226053513357324
"821","HSP90B1",0.0997998,-1.91263600079907,0.301530134869162
"822","HSPA13",0.0948734,-32.5916837083179,0.000940437201527342
"823","HSPA14",0.133610815,-3.12032314988386,0.136627523326243
"824","HSPA5",0.0467653250000001,-4.81146927737593,0.0430442480203296
"825","HSPA8",0.0745795650000001,-2.74060398842282,0.143049414049918
"826","HSPA9",-0.000927569999999989,0.102809386504093,0.934203861527713
"827","HSPD1",0.0717238649999999,-2.95552266754764,0.207232361970014
"828","HSPE1",0.045368205,-0.695514353326793,0.561523325128771
"829","HTATSF1",0.07965342,-1.76028281956219,0.221546481135497
"830","HTRA2",0.18528968,-3.99473369155801,0.141509391091513
"831","HUS1",0.0249385149999999,-0.354632911421846,0.774415716896837
"832","HUWE1",0.02966838,-0.496862489087278,0.669083284688762
"833","HYOU1",0.01507083,-0.514690933559173,0.660881406477844
"834","HYPK",0.0408312149999999,-1.26994790686058,0.336196036159895
"835","IARS1",0.019928175,-2.36713998425407,0.191888514718984
"836","IARS2",0.083738925,-13.4415204657338,0.0230755001892001
"837","IBA57",0.0072801950000001,-8.46476582839527,0.0148611336732879
"838","ICE1",0.060547585,-4.34941325473613,0.0644784482909592
"839","ICE2",0.08694994,-1.67164340124681,0.317231350432189
"840","ICMT",-0.030370075,1.08073178139778,0.407365538222354
"841","IDH3A",0.03993395,-4.60321222869436,0.122617664876951
"842","IER3IP1",0.08965672,-3.57867399020214,0.15026122249937
"843","IFITM3",0.0889103199999999,-2.2146212413651,0.258002340821484
"844","IGBP1",0.01065298,-0.433730423963594,0.731252787889658
"845","IGF1R",-0.04211692,0.724611819530261,0.545330764397918
"846","IK",0.069965385,-2.99738670008243,0.187817942297411
"847","IKBKG",0.12954935,-1.61963902798272,0.296223714439681
"848","ILF2",0.01475432,-0.321004997848112,0.783989293667005
"849","ILF3",0.13157718,-3.07610969437501,0.150825926151301
"850","ILK",0.12382018,-1.74556427853627,0.329383438391513
"851","IMP3",-0.00842570999999992,0.283836399015504,0.809884279859649
"852","IMP4",0.0311756950000001,-1.03430203600516,0.410296750747496
"853","IMPDH2",0.0192594850000001,-0.841320506779186,0.543442514719772
"854","INCENP",-0.0496546800000001,1.21586664405365,0.43463153337355
"855","ING3",0.00811565999999997,-0.150702416704132,0.901887800607723
"856","INO80",0.0511015850000001,-1.58927055494565,0.349075092371484
"857","INTS1",0.06914202,-3.96554286972804,0.076963614262286
"858","INTS10",0.081262825,-10.3587498704646,0.029554223131505
"859","INTS11",-0.0356947,2.04009461743463,0.243291110457284
"860","INTS12",0.0250139300000001,-0.745320053190066,0.580422740077115
"861","INTS13",0.057608975,-0.856040312130645,0.490565089096697
"862","INTS14",0.0107166350000001,-0.271762243697366,0.828327139215716
"863","INTS3",-0.0323780950000001,0.731654035870615,0.573861023310277
"864","INTS5",0.00838349999999999,-1.59700761919018,0.341644191949387
"865","INTS6",-0.0448955649999999,2.08085373391384,0.274890117394483
"866","INTS7",0.00987129500000017,-0.469659510782535,0.704223986554142
"867","INTS8",0.0220096,-2.15218383351447,0.195188026167061
"868","INTS9",-0.00570906999999998,0.382247371162053,0.751495241622708
"869","IPO11",0.0977686499999999,-1.10868482375238,0.394112343286058
"870","IPO13",0.129195765,-2.22410867713203,0.244081533705421
"871","IPO5",0.0625258899999999,-0.673189470568715,0.583764320657188
"872","IPO7",0.034327105,-1.50604145964114,0.271870683623114
"873","IPO9",0.0105783400000001,-0.751679042992939,0.583483279699985
"874","IPPK",0.055978705,-3.24094392336045,0.118801728544458
"875","IREB2",0.05658058,-3.60150786805765,0.0968761343581468
"876","IRF2",0.106399275,-2.11687010249612,0.2245436847514
"877","IRF2BP2",0.061132725,-1.75477988563272,0.271212485403006
"878","IRF4",0.0320039700000001,-1.88582411450682,0.307633149447845
"879","IRS2",0.075861435,-3.28903950931665,0.172670493371255
"880","ISCA1",0.031508035,-1.09402511712645,0.415974979215462
"881","ISCA2",-0.02232195,0.588853344680157,0.615832843081805
"882","ISCU",0.00997439499999997,-0.307409764532593,0.805481136016041
"883","ISG20L2",0.037168665,-3.72577231938249,0.0673529951150436
"884","ISL1",0.0953873650000001,-1.83087744888403,0.282763694451629
"885","ISY1",0.057192605,-3.38689819949759,0.133712674755437
"886","ITGA3",0.0666862000000001,-1.09390896057525,0.447170517997484
"887","ITGAV",-0.000709699999999924,0.0192692277410357,0.987564145457573
"888","ITGB1",0.077263445,-3.16175316123676,0.111917105570678
"889","ITGB5",0.03642495,-1.65561995735674,0.288018544025063
"890","ITPK1",0.0281883700000001,-0.887768186455793,0.469007737780001
"891","JMJD6",0.0406832499999999,-1.12982500206899,0.446738521963158
"892","JTB",0.11118754,-1.83600968621765,0.317020174837332
"893","JUN",-0.00366030500000003,0.0394693031872561,0.97450851366548
"894","JUNB",0.033520385,-1.11175215136812,0.445607553193168
"895","KANSL1",0.0165195499999999,-0.233055381576415,0.844416358813807
"896","KANSL2",0.03243737,-0.615881635129178,0.63737539517324
"897","KANSL3",0.0133643,-0.311632827396562,0.784856316173236
"898","KARS1",-0.0449178399999999,1.20801052348236,0.404759551804379
"899","KAT8",-0.01720497,0.21136108068365,0.861869961020586
"900","KATNB1",0.101551975,-3.33361671872396,0.174446219733221
"901","KCMF1",0.0122054,-0.266871717093287,0.832562604123523
"902","KCTD10",-0.00124630999999997,0.0971554303994841,0.932336061169753
"903","KCTD5",0.0770012250000001,-2.57654828197625,0.22554840471087
"904","KDM2A",0.0376505150000001,-5.93712369788658,0.104814317223636
"905","KDM5C",0.04225965,-1.460057891029,0.344959829001533
"906","KDM8",0.12758929,-3.47290893358099,0.147290749465397
"907","KDSR",0.0833097199999999,-2.19624773951763,0.159630093032943
"908","KEAP1",0.0280953900000001,-1.74241585526304,0.324250956012016
"909","KHSRP",0.1198178,-0.703524715678392,0.609686290624804
"910","KIDINS220",0.054075415,-2.49977448932894,0.241945671222748
"911","KIF11",-0.070657105,0.939159563164292,0.460701003637698
"912","KIF14",-0.025694215,0.336071999289431,0.773083851030781
"913","KIF18A",-0.0078663000000001,0.245185691293031,0.837975294376065
"914","KIF18B",-0.017945,0.923260743670814,0.493609662146497
"915","KIF20A",0.067122565,-1.20340982806796,0.368084652676019
"916","KIF23",-0.02396915,0.568165584505003,0.659910994058531
"917","KIF2C",0.06510745,-1.27441709854702,0.355090819241396
"918","KIF4A",-0.02343995,0.421440721759806,0.732273590913029
"919","KIN",0.0134161749999999,-0.343869228620976,0.774634802232648
"920","KIRREL1",0.146937005,-2.59725588163611,0.121926804813471
"921","KLF5",0.088487845,-6.56130352313888,0.0324464327244916
"922","KMT2A",0.08323339,-2.53179675252245,0.234731990613429
"923","KMT2D",0.0234053950000001,-0.408747328558618,0.745024166590695
"924","KNL1",-0.00247768500000001,0.0918492431793031,0.935198106192152
"925","KNTC1",0.0505947,-1.18096225111504,0.398561787713728
"926","KPNA2",0.062151445,-2.36041516459542,0.165390766972409
"927","KPNB1",0.0994900249999999,-0.998177937835482,0.480698346528269
"928","KRAS",0.0082027899999999,-0.469893567665428,0.701018390513552
"929","KRI1",0.038852165,-1.13413010961213,0.460037874136968
"930","KRR1",0.037739995,-1.56260067809447,0.34805694053736
"931","KRT18",0.04006391,-3.13209968154225,0.160229377835549
"932","KTI12",0.022096435,-1.50435964545523,0.373466814302209
"933","LAMTOR2",0.03246765,-0.656843438268385,0.629381199955571
"934","LAMTOR3",0.07471977,-2.93801864312863,0.117787053109544
"935","LAMTOR4",0.032944345,-0.508870276158519,0.661901595074821
"936","LARP1",0.07378162,-3.8658859390872,0.115835113355702
"937","LARP7",0.08031575,-3.01192450186377,0.13758971766729
"938","LARS1",0.01152153,-0.394489542586811,0.755254595200557
"939","LARS2",0.060593535,-2.89387252250972,0.169912133210006
"940","LAS1L",0.0115893500000001,-0.818004929195991,0.520251249169432
"941","LCE2B",0.0179128200000001,-0.959703401669846,0.439336060447914
"942","LCMT1",0.0244180850000001,-0.468948740103952,0.699744837956449
"943","LDB1",0.14524318,-3.08865288384162,0.195857177327632
"944","LDLR",0.156272465,-2.41198470266239,0.231371146836016
"945","LEMD2",0.029666535,-0.782472385837608,0.515895997061036
"946","LETM1",0.0806100200000001,-4.00273931212543,0.0629506106056252
"947","LIAS",0.13437303,-2.25661997707883,0.226495879106408
"948","LIG1",0.0725571,-0.529100162391083,0.684056893253556
"949","LIN54",0.0541314700000001,-1.43577174656409,0.288566405950917
"950","LIPT1",-0.0432860949999999,1.02459694863955,0.491431307416905
"951","LMNA",0.0439226799999999,-1.99627954546428,0.255608449435528
"952","LMNB1",0.0995052749999999,-3.2062362105714,0.13662203128417
"953","LONP1",-0.02581811,0.286135171148923,0.802445955788897
"954","LRP8",-0.00966845000000016,0.427401451197575,0.742630019503602
"955","LRPPRC",0.0296364900000001,-1.33114037769441,0.407934304106401
"956","LRR1",-0.0505641,2.08046738886999,0.262176751710868
"957","LSG1",0.069243305,-3.26074584287222,0.148962285983694
"958","LSM11",0.0222436349999999,-1.61375927426817,0.321707366659488
"959","LSM2",-0.03725288,1.15878939662527,0.373678881404611
"960","LSM3",-0.013854415,0.316227107181111,0.803205907815478
"961","LSM4",0.05910547,-0.937528414978553,0.452121344875735
"962","LSM5",0.0680245150000001,-8.28160813384997,0.0760255874313946
"963","LSM6",0.0714809599999999,-4.89278905972229,0.07499036634671
"964","LSM7",0.028119105,-1.18598549068967,0.438907901212736
"965","LSM8",0.0137624,-0.578562096314368,0.636478151784936
"966","LTO1",-0.03456335,0.232756318282593,0.85406738516585
"967","LUC7L2",0.0850725499999999,-3.06128959836375,0.199797066237763
"968","LUC7L3",0.00470926999999999,-0.124585365723318,0.921078499831599
"969","LYRM4",0.0230347500000001,-0.533886030931353,0.681903020087742
"970","MAD2L1",-0.05398232,2.61813561592958,0.135496090523473
"971","MAD2L1BP",-0.0159283800000001,0.40807365399927,0.731546494399054
"972","MAD2L2",0.101157375,-0.738951245258779,0.587023110599831
"973","MAEA",0.127255085,-6.69398897864337,0.0405190988900595
"974","MAGOH",0.057368365,-0.976179510032307,0.459493664260964
"975","MAK16",-0.0049872150000001,0.0974610725726251,0.937945248846936
"976","MALSU1",-0.0176849100000001,1.13533566483969,0.449273606947973
"977","MANF",0.0464368799999999,-1.50835399822022,0.344587154000076
"978","MAP3K7",0.03464788,-0.769136719424397,0.525832445947568
"979","MAP4K4",0.17645662,-3.08940619086979,0.194780445733085
"980","MAPK1",0.03607295,-2.76341643555252,0.203749864183285
"981","MAPK14",0.0693332550000001,-2.76882828850962,0.109461904198044
"982","MARCHF5",0.00740419999999997,-0.237269743271452,0.851622991021662
"983","MARK2",0.05662733,-1.80239085431669,0.321919142403431
"984","MARS1",-0.03101348,0.915943500755561,0.527482520332729
"985","MARS2",0.097382765,-1.25695312672766,0.427830510177412
"986","MASTL",-0.0150429000000001,0.731045608470652,0.551799490107515
"987","MAT2A",0.075113745,-3.72448339137017,0.0679657327065134
"988","MAU2",0.043055375,-1.3678122425947,0.308655443640913
"989","MAX",0.0283832000000001,-0.768109134777387,0.526204668237403
"990","MBNL1",0.02504593,-0.993279716132122,0.442855245895913
"991","MBTPS1",-0.00508635000000002,0.228004525289468,0.854182894055654
"992","MBTPS2",0.196076205,-6.95553710891382,0.0840700842934044
"993","MCL1",0.012863225,-0.274389587677767,0.822435425246228
"994","MCM2",0.0203038700000001,-0.297878192453632,0.810989951753733
"995","MCM3",0.0319741900000001,-50.1739912469213,0.0114267864792598
"996","MCM3AP",0.0453556449999999,-0.775670721613883,0.570503337029254
"997","MCM4",0.000746949999999913,-0.0258889183823246,0.983352786083395
"998","MCM5",-0.0153700700000001,0.768403256079058,0.582833441030902
"999","MCM6",0.025781375,-0.582455042145518,0.647211798730814
"1000","MCM7",0.00839655500000003,-0.200629527735799,0.873938010585151
"1001","MCMBP",0.00342571499999988,-0.0681369368619617,0.956520656862272
"1002","MDM2",-0.024121705,0.11956644889243,0.920080212253885
"1003","MDM4",0.0735275,-3.66980062644484,0.113892456480838
"1004","MDN1",0.0347121499999999,-0.651983125936838,0.614909927460483
"1005","MEAF6",-0.00522288999999998,0.0975627116169647,0.934772337451687
"1006","MED1",-0.0322975899999999,4.61585314220175,0.052359118352459
"1007","MED10",0.127409245,-1.52906640204462,0.368695535418683
"1008","MED11",-0.0628184199999999,0.444838542260998,0.733276712613563
"1009","MED12",0.0344800350000001,-0.76635622320658,0.574988850320891
"1010","MED13",0.095001015,-5.27353615388323,0.117436384716902
"1011","MED14",-0.0503405650000001,0.424102029460177,0.729392761818242
"1012","MED15",-0.0215312799999999,23.934496097584,0.00716063892785607
"1013","MED16",0.03802363,-0.723704820251207,0.600648998548347
"1014","MED17",-0.0188233,0.629377971845077,0.59912153413034
"1015","MED18",0.0191952249999999,-0.157703764164445,0.900397233061297
"1016","MED19",0.143011055,-2.73962294346662,0.130880733883662
"1017","MED23",0.08930591,-1.94052170255334,0.272897243523854
"1018","MED24",0.14928415,-1.59908601900307,0.342604865101152
"1019","MED25",0.16674262,-4.95137267754548,0.124494947617893
"1020","MED26",0.216958565,-2.24863247918823,0.266174114130389
"1021","MED28",0.10081908,-1.64178634806687,0.338949911171593
"1022","MED30",0.10379716,-0.726832450185464,0.599558106596638
"1023","MED31",0.0135473199999999,-0.199530030578068,0.862292538645552
"1024","MED4",0.10369019,-1.47014555994598,0.32478667711555
"1025","MED6",0.0208362150000001,-0.274187199475317,0.817952029234723
"1026","MED7",0.0213402149999999,-0.657477997282194,0.580626932550246
"1027","MED8",0.03759655,-2.84177060935295,0.158709902249414
"1028","MEF2C",-0.0180455,0.331002601672553,0.792376676657621
"1029","MEMO1",0.0983275250000001,-3.99964888048466,0.154920298883044
"1030","MEN1",0.0490071150000001,-0.461900777175332,0.698674176920705
"1031","MEPCE",0.072920345,-1.58046826857623,0.278785829943084
"1032","METAP1",0.060049655,-2.6839579966114,0.165208926349975
"1033","METAP2",0.0440982050000001,-3.22286046057127,0.138096334783526
"1034","METTL1",0.10417392,-2.3566422396053,0.240779287446903
"1035","METTL14",-0.000461684999999989,0.0348019055618465,0.977321881336148
"1036","METTL16",0.058317425,-10.1776966662638,0.0501608666295397
"1037","METTL17",0.0257398799999999,-0.662521634080204,0.625863885759977
"1038","METTL3",0.06496601,-1.41582842734876,0.321993691204414
"1039","MFAP1",-0.0293861000000001,0.935978927324552,0.489122555482636
"1040","MFN2",0.10546973,-1.45387925150053,0.382815677010171
"1041","MGAT1",0.00934028500000006,-0.0964445978644699,0.933047845106075
"1042","MIB1",0.04415335,-3.50563825585783,0.073864457902849
"1043","MICOS10",0.0945344,-2.72539693506232,0.120531620458301
"1044","MIOS",0.000948499999999908,-0.0199855864561926,0.987278473505972
"1045","MIPEP",0.00785620999999992,-0.314467372814039,0.783964354858202
"1046","MIS12",-0.05499458,2.93173841989067,0.099416671262193
"1047","MIS18A",0.0564954750000002,-1.300841824882,0.37154276769875
"1048","MIS18BP1",0.0314748500000001,-0.804089828640751,0.531807207013897
"1049","MLST8",0.10600382,-2.02960694380722,0.179534036656609
"1050","MMGT1",0.10372592,-1.52251595390263,0.364583980544638
"1051","MMS19",-0.0119178550000001,0.336920312204379,0.791529184584855
"1052","MMS22L",0.01399426,-0.174445369338274,0.882017989100274
"1053","MNAT1",0.11067237,-1.69317151344403,0.338030701116524
"1054","MNT",0.0171094049999999,-0.27332889920871,0.814251993747708
"1055","MOCS3",0.04093526,-0.855459734587443,0.519114763094277
"1056","MON2",0.0204358100000002,-0.358106131197758,0.769380889329217
"1057","MORF4L1",0.09609566,-1.48927701563877,0.322700721334211
"1058","MPHOSPH10",0.0440903800000001,-2.98548775165576,0.105830183405342
"1059","MRE11",0.137149985,-6.1379845999328,0.0704545916542746
"1060","MRGBP",0.09225375,-1.11104709743289,0.434087248453832
"1061","MRM2",0.050864995,-1.53077104509885,0.346019604040714
"1062","MRM3",0.10294993,-1.91917923766285,0.246945232632953
"1063","MRPL10",-0.0346197350000002,0.673086832580994,0.604256786296676
"1064","MRPL12",0.0599204250000001,-1.73388080093132,0.323339681106784
"1065","MRPL13",-0.00340226999999993,0.0778852963846688,0.950462742402113
"1066","MRPL15",0.0551680999999999,-16.247626790987,0.00377206787846702
"1067","MRPL16",0.02374245,-3.41097746876249,0.144772068122736
"1068","MRPL18",0.0308636,-2.59623887494704,0.203972644757938
"1069","MRPL2",0.068046645,-2.82146246604074,0.165500781334859
"1070","MRPL20",0.0602952400000001,-2.34825839778261,0.255907852034977
"1071","MRPL22",0.0503815,-1.90276595885938,0.306573095942531
"1072","MRPL23",0.03632638,-1.77134010247811,0.228634713459388
"1073","MRPL24",0.0521970700000001,-2.52955847086804,0.164775400297091
"1074","MRPL27",0.02853788,-1.44787123433445,0.36372398734119
"1075","MRPL28",0.10057715,-1.43038980323322,0.382769646507196
"1076","MRPL3",0.092604945,-3.47336080590413,0.116515751988511
"1077","MRPL32",0.0097541000000001,-1.56734702932085,0.350269489245354
"1078","MRPL34",0.0250522799999999,-0.962266864770842,0.509267011774669
"1079","MRPL35",0.0869391700000001,-2.59009152321126,0.200599795059667
"1080","MRPL36",0.0566688,-3.14277419203346,0.192583249044759
"1081","MRPL41",0.0256831,-0.892647785990469,0.534095749418965
"1082","MRPL43",0.0295939150000001,-1.06702950716106,0.479155845641428
"1083","MRPL44",0.0310962399999999,-1.17655270544115,0.44820337839742
"1084","MRPL47",0.02809682,-1.19154067890669,0.433073365746005
"1085","MRPL51",0.022244165,-1.73629172489901,0.326215950875482
"1086","MRPL55",0.0173743,-0.544533443927304,0.682151043443432
"1087","MRPL57",0.0486593750000001,-1.83176235955998,0.307168605605394
"1088","MRPL58",0.07988722,-7.3565529042691,0.0238278062227212
"1089","MRPL9",0.01241965,-0.453117261039153,0.72905813439524
"1090","MRPS11",0.0551788700000001,-1.39324887875379,0.394556596805874
"1091","MRPS12",0.0501475,-1.55422979699811,0.338496431092741
"1092","MRPS14",0.0377011,-1.84939312861098,0.220397610150597
"1093","MRPS16",-0.019705065,0.638455750361587,0.621679684046237
"1094","MRPS17",0.06722987,-32.8331789829018,0.00247378977717306
"1095","MRPS18B",0.00833581999999999,-8.45235520509099,0.0191220264120646
"1096","MRPS18C",0.0941665500000001,-18.851593143159,0.0311222668861804
"1097","MRPS2",0.075810505,-1.94109831059423,0.287218417388085
"1098","MRPS21",0.03340845,-4.74947912011744,0.0540975578419262
"1099","MRPS24",0.023285615,-0.753912482367541,0.533536375558763
"1100","MRPS27",0.00154930500000017,-0.0365124411904126,0.975806502921515
"1101","MRPS30",0.0725495299999999,-2.45057678459256,0.136400096366997
"1102","MRPS34",0.0329814700000001,-2.0866101710382,0.267184931373547
"1103","MRPS5",0.01302705,-0.233085918052741,0.844990252015252
"1104","MRPS6",0.0230299250000001,-0.821501374323345,0.497727921179239
"1105","MRPS7",0.077240725,-6.0105825188879,0.102468147627029
"1106","MRTO4",0.0425436300000001,-2.26243854320841,0.258965109369621
"1107","MSL1",0.0422349999999999,-9.96251526762287,0.0182528250158159
"1108","MSTO1",0.077476985,-2.75094822078869,0.182012325090439
"1109","MT1E",0.0276100300000002,-0.36403362068039,0.753521506519526
"1110","MT2A",0.025962625,-0.34940448987758,0.761243609226694
"1111","MTBP",-0.07203657,1.68935367311738,0.340205116775229
"1112","MTCH2",0.0415927300000001,-1.17901017032283,0.44721364048379
"1113","MTERF4",0.05433078,-2.30821949660884,0.166527077889888
"1114","MTF1",0.06172942,-2.10436450359053,0.175859144282147
"1115","MTG1",0.0539680849999999,-1.41113818265562,0.322745158065026
"1116","MTG2",-0.01669499,0.450519988470522,0.700509743210835
"1117","MTHFD1",0.0474990500000001,-1.16867047432757,0.449832383405957
"1118","MTOR",-0.047707135,1.72492221927107,0.277048564243687
"1119","MTPAP",0.04485311,-1.17612918020454,0.367402544648192
"1120","MTREX",-0.02386537,0.501037101435632,0.685478331002069
"1121","MTRF1L",0.0325458799999999,-2.89146674277556,0.199589042472171
"1122","MTX2",0.1035614,-8.00604768018167,0.0216875086360767
"1123","MUC20",0.02283818,-1.56285464134697,0.327208272685459
"1124","MVD",0.0796081850000001,-1.36377877126494,0.402782041573521
"1125","MVK",0.11751267,-4.92493021607494,0.109620962421804
"1126","MYB",0.08754465,-1.66226726067443,0.274671652495445
"1127","MYBBP1A",0.115945705,-3.97615032439936,0.0647266164042902
"1128","MYBL2",0.042609525,-0.801994547582516,0.523237220312465
"1129","MYC",-0.0903203849999999,2.03450858103382,0.275073439403549
"1130","MYCN",0.04795815,-2.31163814019805,0.222359218016213
"1131","MYH9",0.0261789100000001,-3.11542601663225,0.0946564355609884
"1132","MZT1",0.005821615,-0.279316781074597,0.820154580862108
"1133","N6AMT1",0.00455132499999988,-0.809381576205076,0.536481220605594
"1134","NAA10",0.0770882000000001,-2.04896997383146,0.268920158992463
"1135","NAA15",0.0253624650000001,-3.09533081771724,0.0956926590033518
"1136","NAA20",0.0784990750000001,-1.72227668510584,0.310159710829005
"1137","NAA25",0.01785753,-0.461522372543082,0.695640932320819
"1138","NAA35",0.10947077,-1.45411522676347,0.283129158031222
"1139","NAA50",0.05330377,-4.37980978163505,0.126250642342062
"1140","NACA",0.020504955,-1.19616794401358,0.441629138509552
"1141","NAE1",0.0660570250000001,-4.48194548964891,0.0512844914317723
"1142","NAMPT",0.07414225,-1.68880674102463,0.338030070912986
"1143","NAPA",0.0287627500000001,-0.68754911293819,0.590295836010722
"1144","NAPG",0.03327338,-3.11330174369346,0.190890719967989
"1145","NARS1",0.073581395,-0.756851049421126,0.576845769541608
"1146","NARS2",0.0502124849999999,-0.731384324303399,0.540901623074683
"1147","NAT10",-0.00752741499999998,0.189417369969432,0.880709428785881
"1148","NBAS",0.08294747,-1.59873954547816,0.255283695586757
"1149","NCAPD2",0.033881965,-0.802581176061491,0.563072818858359
"1150","NCAPD3",-0.01002815,0.140614077381513,0.904296559408197
"1151","NCAPG",-0.0282161750000001,0.953096657438147,0.51175451275936
"1152","NCAPG2",-7.22199999999562e-05,0.00120545804467547,0.999149850163818
"1153","NCAPH2",-0.00795088499999996,0.256363603998862,0.840228963115747
"1154","NCBP1",-0.03548605,0.660808329554965,0.611638714634756
"1155","NCBP2",-0.04444388,1.01166657439312,0.496307850788944
"1156","NCKAP1",0.0671215249999999,-7.11049731213753,0.0883710706480868
"1157","NCL",0.0531687699999999,-2.648889919086,0.202758000871459
"1158","NCOA4",0.0296520199999999,-0.903650701170098,0.528253820233029
"1159","NDC1",0.00401658000000005,-0.0383354621088554,0.972952581236066
"1160","NDC80",-0.01629675,0.691187739761689,0.586058479392691
"1161","NDE1",0.00374869500000008,-0.194664130768769,0.877499894612743
"1162","NDOR1",-0.0360681299999999,0.875676385281015,0.532420318868213
"1163","NDUFA1",0.04282997,-2.40525106545424,0.212325430503142
"1164","NDUFA10",0.0433668,-3.4116187280199,0.179548900423855
"1165","NDUFA11",0.040900405,-2.29658864681253,0.240243345497741
"1166","NDUFA2",0.0374971249999999,-4.53066368342407,0.048213092248725
"1167","NDUFA3",0.039072095,-7.09799112210647,0.0245445342686451
"1168","NDUFA4",0.03847094,-2.32150390838002,0.25637273777101
"1169","NDUFA6",0.0502345949999999,-3.36760190295727,0.144228602935619
"1170","NDUFA8",0.03792735,-1.33258169903286,0.401641940199477
"1171","NDUFA9",0.030937455,-4.21632104795226,0.111175509396536
"1172","NDUFAB1",0.04628097,-1.64133990521449,0.348337409751074
"1173","NDUFAF1",0.0367276600000001,-2.01363740253032,0.263889168028892
"1174","NDUFAF3",0.048152865,-3.04793857444017,0.190649113042237
"1175","NDUFAF4",0.040360905,-1.31930469098383,0.349551227770837
"1176","NDUFAF6",0.05083799,-3.48677772426528,0.090918775985314
"1177","NDUFAF7",0.038483845,-2.23515670632293,0.249864620013283
"1178","NDUFAF8",-0.106498805,1.46018519524152,0.354270333377993
"1179","NDUFB10",0.0238521249999999,-0.876139919974776,0.52608935747811
"1180","NDUFB11",0.040009255,-3.33093835238225,0.178133904692208
"1181","NDUFB2",0.04360109,-2.96105712001098,0.203400108291597
"1182","NDUFB3",0.03298238,-2.16299177612705,0.244521143263847
"1183","NDUFB4",0.0406350500000001,-2.7372382793872,0.188468162948845
"1184","NDUFB6",0.0363115350000001,-2.94831930341905,0.146396710904585
"1185","NDUFB7",0.027431395,-5.55056968159593,0.0826232792256927
"1186","NDUFB8",0.0238968749999999,-1.30781513592137,0.370659245551996
"1187","NDUFB9",0.03027907,-1.01583262060883,0.419810246783745
"1188","NDUFC1",0.0691812350000001,-2.04516816938363,0.223559436622399
"1189","NDUFC2",0.057601135,-5.05742682813942,0.0559232747087182
"1190","NDUFS1",-0.050495315,1.08592954218793,0.440376365624286
"1191","NDUFS2",0.0268426,-1.22935750818063,0.350075343145306
"1192","NDUFS3",0.0379581949999999,-1.97823913914958,0.291360534764836
"1193","NDUFS5",0.0395830850000001,-7.6752864514589,0.0428855403469375
"1194","NDUFS7",0.0258892049999999,-1.56642000177094,0.360382433430365
"1195","NDUFS8",0.0648756699999999,-13.95376573561,0.0391617205243675
"1196","NDUFV2",0.0305765550000001,-1.97582038323432,0.234337300126596
"1197","NEDD1",-0.123364245,6.98631095731346,0.0570399828425482
"1198","NEDD8",-0.01295706,0.367449117297535,0.749894873767626
"1199","NELFA",-0.0074394499999999,0.235131088474872,0.846407855576276
"1200","NELFB",0.03875564,-1.9890841307981,0.296317192219938
"1201","NELFCD",0.081983,-2.13683827285004,0.214302313712632
"1202","NEPRO",0.14315353,-1.94202674733757,0.268867313458324
"1203","NF1",0.069102725,-2.90267844143821,0.189995295855569
"1204","NF2",0.0764618100000001,-3.95989315505239,0.100925208809998
"1205","NFE2L2",0.021351915,-0.500909825541339,0.674304097539257
"1206","NFRKB",0.0219636950000001,-0.462242524459559,0.689779020511816
"1207","NFS1",-0.0466232,1.20753602664392,0.365631530111354
"1208","NFYB",-0.00164884500000007,0.0336456831614523,0.978586443898309
"1209","NFYC",0.0473401149999999,-1.68501285401545,0.249527450214896
"1210","NGLY1",-0.0107704,0.176621566010008,0.878898160294904
"1211","NHP2",0.07657988,-10.2231225772264,0.0096608623602324
"1212","NIFK",-0.02662837,4.74108556310722,0.041909612868215
"1213","NIP7",0.05057988,-12.4256736843261,0.0227910398172727
"1214","NIPBL",0.01478863,-1.38787800921079,0.309649439630831
"1215","NKAP",3.00099999999137e-05,-0.000489211587182933,0.999682845800307
"1216","NMD3",0.02356171,-0.72717702620212,0.54305396347859
"1217","NMNAT1",0.0891228500000001,-1.6641630048433,0.294536311972412
"1218","NMT1",0.00919811999999998,-0.381149148485987,0.757402852538419
"1219","NOA1",0.08840488,-1.63193205215546,0.248011281572537
"1220","NOB1",0.07102146,-2.85229651342048,0.105231829015335
"1221","NOC3L",0.059417775,-1.17478771642832,0.368318410942525
"1222","NOC4L",0.0850785199999999,-2.38933635135531,0.149930530983933
"1223","NOL10",0.0312061149999999,-0.95735946504036,0.450058680322713
"1224","NOL6",0.018375255,-1.14269785989701,0.433045189329394
"1225","NOL8",0.0575661750000001,-1.6281262834098,0.350483195571185
"1226","NOL9",0.00665741999999991,-0.151145488693629,0.904466578312266
"1227","NOLC1",0.092900355,-1.79943581805082,0.268630161652532
"1228","NOM1",0.0481103599999999,-0.564023094239649,0.638071953961701
"1229","NONO",0.0968928100000001,-10.1707610188794,0.00956224791851974
"1230","NOP10",0.0270650499999999,-0.765363480632866,0.583809467234794
"1231","NOP14",0.0530323,-1.85705958673909,0.217447758730281
"1232","NOP16",0.0342193749999999,-1.32324528804041,0.379430545603527
"1233","NOP2",0.106127415,-5.36959911580979,0.0977074471021566
"1234","NOP56",0.00706717999999995,-0.453756869581603,0.702292984564131
"1235","NOP58",-0.012874355,0.604156406921417,0.608890214843948
"1236","NOP9",0.108125295,-2.14890785612623,0.168148364413452
"1237","NPAT",0.025167155,-3.18872548643767,0.159768735732669
"1238","NPEPPS",-0.0495320750000001,0.981933613009754,0.474176121427221
"1239","NPLOC4",0.120328925,-1.26510171552705,0.39687872799971
"1240","NPM1",0.0518152000000001,-2.3254150351272,0.147255061287751
"1241","NRAS",-0.00177993499999995,0.0574658172249545,0.963445621994343
"1242","NRBP1",0.0727322499999999,-1.49743153801957,0.371865199129744
"1243","NRDE2",-0.0516594500000001,2.00525014812036,0.238491687486029
"1244","NRF1",-0.000203549999999941,0.0060460913299515,0.996102109784275
"1245","NSA2",0.0259546249999999,-1.81983290331585,0.298566913632765
"1246","NSF",-0.112439015,0.838711429536117,0.530892446607502
"1247","NSL1",0.0287577699999999,-0.810778938366856,0.562916905071615
"1248","NSMCE1",0.0576823000000001,-1.14899173729573,0.449516114494338
"1249","NSMCE2",0.00965469999999991,-0.282927235511939,0.810185644010651
"1250","NSMCE3",0.06935724,-1.07018197916701,0.456819104556136
"1251","NSMCE4A",0.0543208550000001,-5.61699997467744,0.104031456710277
"1252","NSUN4",0.0261296,-0.430585984117766,0.732790768551781
"1253","NUBP1",-0.015400655,0.596990532111891,0.634661961329657
"1254","NUBP2",0.10612335,-4.84521696580734,0.056781537371769
"1255","NUDC",0.017532255,-5.23756039826831,0.0354214920557801
"1256","NUDCD3",0.087679725,-2.39576019191773,0.2339462335135
"1257","NUDT21",0.00844349,-0.265138408221647,0.834767345311449
"1258","NUF2",-0.0848032500000001,2.75660290616077,0.221105851518695
"1259","NUMA1",0.12806517,-3.46206123704154,0.173528846322359
"1260","NUP107",0.06327575,-1.32481888946321,0.386346215065553
"1261","NUP133",-0.014611975,0.472621270680861,0.707170111717649
"1262","NUP153",0.00741476499999993,-0.284681582327435,0.823315863722198
"1263","NUP155",0.043839665,-1.04265272326161,0.407908019471914
"1264","NUP160",0.0433374,-1.74874849079763,0.258770464806031
"1265","NUP205",-0.023795865,0.371770643221292,0.749898062728045
"1266","NUP214",0.0945893,-1.16068743157289,0.367892924368142
"1267","NUP35",0.04601268,-0.496359812991598,0.680545675316431
"1268","NUP37",0.101940655,-3.15038974189927,0.0913808500939043
"1269","NUP43",-0.00468683000000003,0.0946820946586584,0.937556035758585
"1270","NUP50",0.0644527149999999,-3.38751807121929,0.17027916405302
"1271","NUP54",0.04680577,-0.668220214536328,0.624555075159763
"1272","NUP58",0.107553675,-83.641721730905,0.00739651244262942
"1273","NUP62",-0.0024097649999999,0.14611762558725,0.907010207354958
"1274","NUP85",0.000345899999999899,-0.012036883140932,0.992284586188857
"1275","NUP88",0.0138357549999999,-0.606183207368275,0.607124752525713
"1276","NUP93",-0.036504285,0.648736910106693,0.6315334905103
"1277","NUP98",0.03446107,-2.49799662740763,0.193520000223926
"1278","NUS1",0.152448415,-4.66994877777457,0.101511969957989
"1279","NUTF2",0.03511594,-0.305453604589609,0.792332567480213
"1280","NVL",0.02421333,-1.52101882957541,0.32408564446888
"1281","NXF1",0.0983741450000001,-3.51297002734676,0.118759554671799
"1282","NXT1",0.093890935,-1.25897894213633,0.427261211058126
"1283","OGDH",-0.00797086000000002,0.281256978999016,0.811951254895754
"1284","OGT",-0.0368001499999999,0.803296222863572,0.508752550303092
"1285","OIP5",-0.00449173000000003,0.0535199292275871,0.964844197610148
"1286","OPA1",0.1261595,-24.8672220827847,0.0171598429002523
"1287","ORC1",0.112908455,-2.86189055709508,0.161997906749845
"1288","ORC3",0.02615353,-0.502167188834305,0.665898249165286
"1289","ORC4",0.069678275,-6.79909740753856,0.0666642727263103
"1290","ORC5",0.12245143,-2.9469253990339,0.119021697026907
"1291","ORC6",0.12745992,-4.96787907537577,0.0564980137931899
"1292","OSGEP",0.00161235000000004,-0.0726682189052781,0.950604635953874
"1293","OST4",0.0755425299999999,-7.47643743169334,0.0201774470426731
"1294","OSTC",0.033325585,-1.82666143136115,0.237347673831156
"1295","OTUD5",0.06714674,-2.63958291067634,0.118750034615585
"1296","OXA1L",0.020666335,-1.32782911564651,0.379877509035738
"1297","OXSM",0.0470650699999999,-1.24598780763162,0.356434057638425
"1298","PABIR1",0.0187762,-0.739516619717111,0.536636536922467
"1299","PABPC1",0.0700592350000001,-1.39360502393641,0.389759981107288
"1300","PABPN1",-0.029200895,0.967022597678071,0.460341576524293
"1301","PAFAH1B1",-0.152436495,1.67118849992025,0.342457478719596
"1302","PAGR1",0.083663885,-1.27753665534088,0.375066168472067
"1303","PAICS",0.037005515,-1.33969140764898,0.314744488844146
"1304","PAK1IP1",0.086928355,-14.1968405051905,0.00607137258905964
"1305","PAK2",0.0621622550000001,-6.05323231605369,0.0971218440621221
"1306","PALB2",0.04378584,-2.27764844875428,0.245609546739999
"1307","PAM16",0.055911695,-1.32098205313805,0.405126235565037
"1308","PARD3",0.03745935,-0.845485791504402,0.487860844383341
"1309","PARD6B",0.094120695,-2.32534473154572,0.159773081270017
"1310","PARS2",0.02907742,-0.444757935305976,0.706050017105212
"1311","PAX8",0.045529685,-1.32088053646348,0.320305971670724
"1312","PAXBP1",0.0168023650000001,-3.9052613462444,0.0607031439423309
"1313","PAXIP1",0.066316225,-6.49259429569469,0.0257092989932486
"1314","PBRM1",0.0285671749999999,-1.0294344973137,0.411708051720104
"1315","PCBP1",0.07613165,-1.1504537914311,0.408516078587154
"1316","PCBP2",0.01387144,-0.243893527408765,0.832662044435472
"1317","PCF11",-0.027229445,0.737459598086248,0.568239121372148
"1318","PCGF1",0.0554574999999999,-2.91858665909741,0.155403193128281
"1319","PCID2",0.0725486799999999,-2.22676660138125,0.258874802033671
"1320","PCM1",0.07651427,-2.95068832046069,0.172131552355346
"1321","PCNA",-0.059063025,0.673316262832556,0.612846148113128
"1322","PCYT1A",0.0224985050000001,-0.392382669536285,0.740694782263071
"1323","PDCD10",0.15422285,-3.75097360111508,0.0770988870119866
"1324","PDCD11",0.0351237250000001,-2.99879824963909,0.151917872378135
"1325","PDCD2",0.0259845350000001,-0.294435894710613,0.798401991903126
"1326","PDCD5",0.050263795,-2.17193716507653,0.240287637865115
"1327","PDCD6IP",0.123626475,-0.9274192912313,0.518120097427271
"1328","PDCD7",-0.0869053000000001,0.856014545715165,0.53451944305294
"1329","PDCL",0.05561105,-1.03562183595425,0.486991844348594
"1330","PDE12",-0.0178774650000001,0.896984788180181,0.497819394063922
"1331","PDE4DIP",-0.0308610199999999,0.81216938109144,0.506688691224217
"1332","PDHA1",-0.0209338099999999,1.31070590008213,0.395168826136898
"1333","PDPK1",-0.00557532500000013,0.439764317509675,0.709976688784592
"1334","PDRG1",0.00905352500000001,-0.191585114968602,0.87018390519134
"1335","PDS5A",0.039996365,-1.30696361892869,0.400085000980585
"1336","PDSS1",0.0659633000000001,-1.45861534402522,0.353314341498048
"1337","PDSS2",0.0591212999999999,-1.33112132887272,0.363030485274886
"1338","PELO",-0.02826635,3.16317205535323,0.115062252858131
"1339","PELP1",0.0952707749999999,-4.31173216988849,0.122839946742901
"1340","PES1",0.0921084649999999,-3.03525644481617,0.202556128271459
"1341","PET117",-0.0130660499999999,0.426376967062762,0.717490776970023
"1342","PEX1",0.0535879599999999,-2.62601834343317,0.119983131303102
"1343","PEX6",0.11264652,-1.98294188562718,0.297351649131618
"1344","PFAS",0.0568442800000001,-1.87253526113082,0.209237711512653
"1345","PFDN1",0.0488855,-3.17188433219415,0.105178408266966
"1346","PFDN2",0.0292244149999999,-0.675536942117748,0.580108345001573
"1347","PFDN4",0.10428756,-1.8133072263405,0.288892482833463
"1348","PFDN5",0.0499942299999999,-1.2686229870405,0.392836795148921
"1349","PFDN6",-0.0799781650000001,1.89186804006858,0.301267070372273
"1350","PFN1",0.099503565,-2.07961678500547,0.199503096246633
"1351","PGD",0.166403095,-2.47704572379215,0.213896203169096
"1352","PGGT1B",0.00101891499999995,-0.0672348660221342,0.953824040848978
"1353","PGK1",0.055293065,-1.37557170819431,0.321015860762463
"1354","PGM3",0.03174977,-1.44581362356497,0.314423102374589
"1355","PGP",0.0703148250000001,-0.568665103869453,0.629499700980406
"1356","PGS1",0.00984772499999997,-0.529825879879622,0.683373888622895
"1357","PHAX",0.080902035,-1.36910612147437,0.363887550375945
"1358","PHB2",-0.036826475,1.71973102188607,0.331985846977904
"1359","PHF12",0.0378616999999999,-1.04418805958712,0.446591457021268
"1360","PHF5A",-0.07627193,1.03969403710081,0.416055990250063
"1361","PI4KA",0.094514125,-3.60628309748508,0.0885060677088604
"1362","PI4KB",0.15682152,-3.02434175299234,0.102490890776651
"1363","PICALM",0.04756735,-1.88409413505302,0.20967985500073
"1364","PIK3C3",0.00767466499999991,-0.304691804675879,0.811407800198895
"1365","PIK3CA",0.0306431349999999,-1.11857972729109,0.420095768759509
"1366","PIK3CB",0.0380555249999999,-2.03051874632149,0.286303476655452
"1367","PIK3R1",0.0569509699999999,-1.39874888212926,0.387635591653562
"1368","PIK3R4",0.0556807100000001,-1.93580488522131,0.197591152664217
"1369","PITRM1",0.0138242049999999,-0.864992302498253,0.544737659097962
"1370","PKM",0.014382635,-0.688159000763263,0.616242641481291
"1371","PKMYT1",0.0289258950000001,-0.956879932685748,0.476242428962172
"1372","PKN2",0.050794295,-4.72336950530152,0.131747612388032
"1373","PLK1",-0.058974285,0.510041979510688,0.698163160852461
"1374","PLK4",0.030111725,-1.22775797950812,0.434791662901551
"1375","PLRG1",0.1234113,-1.47681051601616,0.37600407950896
"1376","PMF1",-0.03629255,0.55471905815371,0.663361568325078
"1377","PMM2",0.0513894850000001,-0.804660306411289,0.52597305255378
"1378","PMPCA",-0.10985405,3.21542314072848,0.0856749603507737
"1379","PMPCB",-0.10457254,3.62795378011221,0.0964285480822608
"1380","PMVK",0.0555760350000001,-1.44738488752328,0.382171143986622
"1381","PNKP",0.035169005,-1.57413826094749,0.259307350630067
"1382","PNN",0.00735779999999986,-2.47627349090074,0.229019629474279
"1383","PNPT1",0.0365576750000001,-1.02905087739618,0.429844610891126
"1384","POC1A",0.214140655,-7.06188215546154,0.0851262894185033
"1385","POLA1",0.0333363,-0.825741195422781,0.525658208310904
"1386","POLA2",0.05383642,-1.36118380363925,0.310139275305822
"1387","POLD1",-0.067500225,1.26429313261248,0.333711113060882
"1388","POLD2",0.0292175749999999,-0.830923173510988,0.494663058209037
"1389","POLD3",0.00137040999999993,-0.0108792663820206,0.99303047508761
"1390","POLE",0.018496245,-2.06493479479161,0.186845415686001
"1391","POLE2",0.112066125,-5.11641160098584,0.049838316524321
"1392","POLE3",0.15598866,-2.21186740854417,0.260955083813249
"1393","POLE4",0.211977845,-1.69057901068249,0.339722971960907
"1394","POLG",0.03216495,-0.674211473186533,0.609489560149405
"1395","POLG2",0.03669835,-0.609496424006367,0.605141537455061
"1396","POLR1A",0.04498669,-1.05740689461342,0.437487985320722
"1397","POLR1B",-0.0307382799999999,1.51311389796091,0.304487506377957
"1398","POLR1C",0.03275363,-0.456921166429523,0.725240809797407
"1399","POLR1E",0.0842070349999999,-1.8517882196987,0.275337872244737
"1400","POLR1F",-0.088999385,2.24582624541655,0.254784449863737
"1401","POLR1H",0.0551707750000001,-1.75556538077532,0.231255300856202
"1402","POLR2B",-0.108748815,3.81704811486559,0.160188752271656
"1403","POLR2C",-0.07889845,2.37437330884657,0.205815599723266
"1404","POLR2D",-0.0928348800000001,2.14408716880315,0.201530415943595
"1405","POLR2E",0.0194219449999999,-0.722840309608612,0.590068885041691
"1406","POLR2F",-0.027061495,1.35246902963509,0.357902906347225
"1407","POLR2G",-0.0222766700000001,1.04898851529332,0.482957304191174
"1408","POLR2H",-0.0493569150000001,0.584002334964938,0.656402801927465
"1409","POLR2I",0.023032155,-0.652213102344122,0.612508817894801
"1410","POLR2K",0.0298113200000001,-2.19930428355272,0.255156263393448
"1411","POLR2L",-0.013412245,0.530612919720561,0.684048934137943
"1412","POLR2M",0.0776722350000001,-4.66002114128015,0.10123000560782
"1413","POLR3A",-0.03567201,1.97939663226429,0.203541735673573
"1414","POLR3B",0.0200505649999999,-0.327494792972858,0.79281070238502
"1415","POLR3C",0.0765356500000001,-20.8184121900602,0.0109028162946135
"1416","POLR3D",0.064143065,-6.70351086928297,0.0223198321331134
"1417","POLR3E",0.085962935,-5.03278885003964,0.0615146197869502
"1418","POLR3F",0.035469655,-3.78411185105456,0.103836744302767
"1419","POLR3H",0.02131609,-1.77546304161592,0.218882552105544
"1420","POLR3K",-0.00435628499999996,1.1548661526601,0.420894777271356
"1421","POLRMT",0.0288359500000001,-1.07451166541682,0.417437655522148
"1422","POM121C",0.078516735,-0.553092205324938,0.678351481557759
"1423","POMP",0.04449959,-1.87067313717057,0.286500676623263
"1424","POP1",0.111746555,-1.71379007158132,0.327258047437812
"1425","POP4",0.0294964000000001,-0.551336046423859,0.653910358707299
"1426","POP5",0.0293529,-3.48222229515547,0.0811105065372895
"1427","POP7",0.0100353550000001,-0.151484370820012,0.904250485895635
"1428","POT1",0.15700033,-1.18438844003785,0.446049733713683
"1429","POU2AF1",0.06696591,-3.61975427066344,0.124540624451308
"1430","PPA1",0.0680965549999999,-5.27274766298841,0.0729699390201261
"1431","PPA2",0.0965843,-6.40240396710129,0.0250343191820131
"1432","PPAN",0.0276719249999999,-0.768496698267331,0.531587337857471
"1433","PPAT",0.033907735,-0.794360594573476,0.540413342751995
"1434","PPCDC",0.08297085,-0.634337993932289,0.630241165744289
"1435","PPCS",0.0187534399999999,-0.801597592506228,0.535704898240217
"1436","PPIA",0.0276004799999999,-0.380558871075095,0.76847529344838
"1437","PPIH",0.145859695,-3.84395198308053,0.157139956557866
"1438","PPIL1",0.18182286,-11.1987124007165,0.0522979947978959
"1439","PPIL2",0.0126624000000001,-0.304155599705306,0.791199707139579
"1440","PPIL4",0.08053267,-1.39572644751601,0.374103797016639
"1441","PPM1D",0.02887137,-0.692022759455601,0.572674369608973
"1442","PPM1G",0.019629135,-0.440014138117467,0.703389716076899
"1443","PPME1",0.0987334049999999,-2.34007657587842,0.193445362407787
"1444","PPP1CA",0.098103765,-1.97915366382598,0.213418868456417
"1445","PPP1CB",0.05996713,-2.44842823619561,0.134070736343351
"1446","PPP1R10",0.0082421800000001,-0.210900399469046,0.852584664603976
"1447","PPP1R11",0.038030505,-3.01806545412278,0.156821552611561
"1448","PPP1R12A",-0.0381323,0.723389198460803,0.60130476518317
"1449","PPP1R15B",0.0171145050000001,-0.499744890058739,0.688834028939046
"1450","PPP1R2",0.019144,-0.424282753124866,0.738132150714895
"1451","PPP1R7",-0.026298225,0.776143120974224,0.522468183665721
"1452","PPP1R8",0.064635335,-2.37409324261985,0.156439489605618
"1453","PPP2CA",0.06975745,-0.816821508748362,0.561550277550652
"1454","PPP2R1A",0.0635651399999999,-0.610320009396147,0.645718656672089
"1455","PPP2R2A",0.036168465,-1.04612710479286,0.460249178178202
"1456","PPP2R3C",-0.0170180649999999,0.664250020836052,0.624693558245332
"1457","PPP4C",0.0576797449999999,-0.563905743916246,0.670219691070294
"1458","PPP4R2",0.09525282,-1.95923156712761,0.26520920054153
"1459","PPP6C",0.00178016999999997,-0.108823658826078,0.927675913269685
"1460","PPP6R3",0.0850372399999999,-3.44201324077074,0.172084256052735
"1461","PPRC1",0.11058813,-3.18113878888036,0.180059286929127
"1462","PPWD1",-0.022758575,0.359586729675957,0.756090294899496
"1463","PRC1",-0.0282078749999999,0.797012742470489,0.535556437962553
"1464","PRDX1",0.03090452,-0.421271869938671,0.725639928961435
"1465","PREB",0.0982282699999999,-2.59500538372702,0.217055663942958
"1466","PRELID1",-0.10203285,0.902238274467565,0.464591911196868
"1467","PRELID3B",0.02136899,-0.634837064640403,0.605689795726792
"1468","PRIM1",0.0505530199999999,-0.810562489444453,0.551966209573738
"1469","PRKAR1A",0.05083169,-1.86646567078303,0.31241067159234
"1470","PRKRA",0.13529895,-2.48982837407497,0.179967294932517
"1471","PRMT1",-0.0205411999999999,0.562529207093432,0.655497165328442
"1472","PRMT5",0.05064535,-1.88024165925909,0.310822981762001
"1473","PRORP",0.00898685500000007,-0.23923106139946,0.833595517261614
"1474","PRPF19",-0.03831359,0.622660490250552,0.603598482198442
"1475","PRPF3",0.062875475,-1.78145414952392,0.233793031183687
"1476","PRPF31",-0.00281662999999999,0.244222740850236,0.835738669420911
"1477","PRPF38A",-0.00175194499999998,0.0771519670434523,0.94567747376221
"1478","PRPF38B",0.07117132,-0.592194096476929,0.659437934954264
"1479","PRPF39",0.06746993,-2.28447224202861,0.248902174309868
"1480","PRPF4",-0.0321232299999999,2.26407731691329,0.218590386033982
"1481","PRPF40A",0.000422769999999906,-0.00438451801551882,0.997044026069714
"1482","PRPF6",0.0765460650000001,-2.42755023399222,0.182660951271982
"1483","PRPF8",0.055684005,-0.79626971168335,0.534029979896778
"1484","PSMA1",-0.039611635,2.37770275618491,0.247978679865909
"1485","PSMA2",0.021428485,-0.439168516748831,0.719108622772816
"1486","PSMA3",-0.00316617000000002,0.0538279801917099,0.964438113038825
"1487","PSMA4",0.031714475,-2.51763192044969,0.240446021346826
"1488","PSMA5",0.023997465,-2.97694529969875,0.0971698857980824
"1489","PSMA6",-0.01880212,0.36695027923994,0.775966298553765
"1490","PSMA7",0.000956540000000006,-0.0224969895020655,0.984095978034468
"1491","PSMB1",0.0969373150000001,-2.50894548365224,0.128943377505674
"1492","PSMB2",-0.00516023999999998,0.158925623479621,0.892525493388293
"1493","PSMB3",-0.009369615,0.154322420306994,0.892398990056011
"1494","PSMB4",0.00106866500000002,-0.0338147318949264,0.976151982191737
"1495","PSMB5",0.038107195,-1.42675635254596,0.339682260335759
"1496","PSMB6",0.080206425,-2.5236606220963,0.184598526835566
"1497","PSMB7",0.0720772749999999,-1.44172055902768,0.34379475668716
"1498","PSMC1",-0.00336676499999999,0.066191305205535,0.957788881455703
"1499","PSMC2",0.04590932,-2.48995031450431,0.242242812557967
"1500","PSMC3",-0.0934450149999999,1.698234003919,0.231773071971024
"1501","PSMC4",0.02453882,-0.730810130592245,0.578914857267836
"1502","PSMC5",0.01154465,-0.861384650238858,0.547199908672179
"1503","PSMC6",0.0270511900000001,-1.13830460700669,0.457638481410545
"1504","PSMD1",0.0787774200000001,-1.74652888298616,0.260320368280671
"1505","PSMD11",0.016504735,-0.234617164345281,0.844819752126515
"1506","PSMD12",-0.030906525,0.849603741135716,0.485270967385586
"1507","PSMD13",0.042025785,-0.6832800646363,0.565298293467737
"1508","PSMD14",-0.032737355,0.803932981291501,0.55631634836204
"1509","PSMD2",0.02266092,-1.83318007778075,0.213337840888249
"1510","PSMD3",-0.0116164799999999,0.192781761669694,0.868602306276161
"1511","PSMD4",0.00374076499999998,-0.0730458817431586,0.948998273394186
"1512","PSMD6",0.00488306000000005,-0.123112255795552,0.914766790710771
"1513","PSMD7",-0.0176269699999999,0.262379161143979,0.835875247022183
"1514","PSMD8",0.0472540050000001,-12.7517418147728,0.0113011039565138
"1515","PSMF1",0.179512195,-4.65407443289123,0.055583748902114
"1516","PSMG1",0.04353571,-1.66546565883014,0.32946773169229
"1517","PSMG2",0.037230375,-4.15061004239533,0.139173724334464
"1518","PSMG3",0.04356172,-1.01577823356834,0.420288383258785
"1519","PSMG4",0.050594865,-1.3437841944424,0.383773920460796
"1520","PSTK",0.06239965,-1.26289525589254,0.339384669244526
"1521","PTAR1",0.0156778550000001,-0.537425650008465,0.646220668873528
"1522","PTBP1",0.15364937,-1.99664068281326,0.291975986375926
"1523","PTCD1",0.0341557650000001,-0.757101733085605,0.544604475127361
"1524","PTCD3",0.0117294250000001,-0.425793183226657,0.71550175262981
"1525","PTDSS1",0.010134545,-0.392788108890811,0.747121158345057
"1526","PTEN",0.05657807,-2.18105305288699,0.270707608647524
"1527","PTK2",0.00691932500000003,-0.427591806106238,0.713782275067134
"1528","PTMA",0.09776231,-6.276955737908,0.0297343367276699
"1529","PTPA",0.05064357,-1.89517193153431,0.20341561310767
"1530","PTPMT1",0.02773839,-0.955089535505257,0.503163823972913
"1531","PTPN1",0.0728540150000001,-2.22604081608818,0.207191265730898
"1532","PTPN11",0.00823775000000004,-0.231966885247747,0.838206445027022
"1533","PTPN23",0.052684455,-3.44732277882837,0.0773375621866216
"1534","PUF60",-0.0752252649999999,1.02735047341351,0.415694474935449
"1535","PUM1",0.060968575,-0.70389417849411,0.58354910806141
"1536","PWP1",0.0393945499999999,-2.01083964723581,0.183692853830983
"1537","PWP2",0.00683637999999998,-0.606383296959038,0.652969672282929
"1538","PXN",0.0325428250000001,-1.00566160962373,0.474434335197578
"1539","PYROXD1",-0.04539436,1.54251088666262,0.263004914272461
"1540","QARS1",-0.0070879800000001,0.0942642397518999,0.938776043491444
"1541","QRSL1",0.01108,-0.141246260843693,0.90475114647849
"1542","RAB10",0.05266711,-1.62173989222871,0.348592835834975
"1543","RAB18",0.141942665,-9.26988568640167,0.0498211242743386
"1544","RAB35",0.0333870399999999,-1.01078246022336,0.471806321273785
"1545","RAB6A",0.00848722999999996,-0.241573214514702,0.843731507867832
"1546","RAB7A",0.0592175249999999,-3.63160624108564,0.0726119543057082
"1547","RABGGTA",0.0118530999999999,-0.15945833378645,0.896254851642738
"1548","RABGGTB",0.0586955200000001,-1.81420445737846,0.280257730885813
"1549","RABIF",0.00442886499999995,-0.411108745957796,0.743345730680729
"1550","RAC1",-0.0233404199999999,1.815449196263,0.251840080476956
"1551","RAC3",0.00241987499999996,-0.0763059245511855,0.946663447917305
"1552","RACGAP1",0.00174209999999997,-0.043917171181047,0.969138773467124
"1553","RACK1",0.0501612849999999,-1.02696461512081,0.41672448276693
"1554","RAD1",0.03452285,-0.343785163493146,0.788336780336399
"1555","RAD17",0.20007692,-2.15942722099968,0.233444504964553
"1556","RAD21",-0.00508787999999982,0.133506896671868,0.912642989534829
"1557","RAD51",-0.042914275,1.47395801166997,0.32112512586469
"1558","RAD51B",0.0183068900000001,-2.41029909796161,0.230597523245249
"1559","RAD51C",0.04634454,-1.3354977315632,0.339703409864772
"1560","RAD51D",-0.01789622,0.739999665385596,0.578731787017832
"1561","RAD9A",0.08245329,-0.519214066667229,0.655354486664717
"1562","RAE1",0.00953175499999992,-0.24079557762122,0.834660809157066
"1563","RAF1",0.0438587149999999,-1.34163887141646,0.345884005875685
"1564","RAN",-0.176194238,1.43229705339778,0.290626726365728
"1565","RANBP3",0.09687564,-2.35804691105706,0.173769457632173
"1566","RANGAP1",0.0134957,-0.218707232793684,0.862848956962722
"1567","RARS2",0.0756935249999999,-2.30266298573488,0.163029240832654
"1568","RASA4",0.15508254,-2.97356285606349,0.141369143315865
"1569","RB1CC1",0.05456248,-2.02953851227767,0.290754192302714
"1570","RBBP4",0.0282141949999999,-0.748716187538105,0.544357383789756
"1571","RBBP5",-0.0293611749999999,1.74410694429284,0.223262576018778
"1572","RBBP6",0.0108572899999999,-0.146838708896056,0.897625169494782
"1573","RBBP7",0.0573280700000001,-11.3377142498782,0.0265830683949934
"1574","RBBP8",0.0239231249999999,-5.64662993741724,0.0788653070932346
"1575","RBIS",0.0305081,-0.636310570981166,0.592546032979132
"1576","RBM10",0.06546083,-1.00342207559716,0.497147055747643
"1577","RBM12",0.0740577149999999,-59.11588419268,0.00648405778762713
"1578","RBM14",0.0163937749999999,-0.280629708261409,0.818945135814946
"1579","RBM15",0.09705063,-1.35572855176911,0.367945719201807
"1580","RBM17",0.0564560000000001,-8.40611687206356,0.0426650033294942
"1581","RBM22",0.0248372,-2.67023430960296,0.116893198774123
"1582","RBM25",-0.0241694149999999,0.431496118563887,0.726055514001236
"1583","RBM28",0.0891561400000001,-2.23674540376277,0.267525553792584
"1584","RBM39",-0.097697985,2.76549367670535,0.200164609780722
"1585","RBM42",0.0822797850000001,-1.80573149055748,0.22819416557768
"1586","RBM5",0.0506190850000001,-3.23984439278627,0.182634478338869
"1587","RBM8A",0.0344527499999999,-0.810158325798633,0.524258041763321
"1588","RBMX",0.01612477,-0.522001894677634,0.681326203306532
"1589","RBMX2",0.0620119099999999,-0.749752415643445,0.58953307408274
"1590","RBMXL1",-0.0815367550000001,1.11319274902008,0.443421379812583
"1591","RBSN",0.14277605,-2.95376544938207,0.135653999346922
"1592","RBX1",-0.03791458,2.10303920475559,0.267815721972567
"1593","RCC1",0.02247534,-0.548998355295947,0.67109322912065
"1594","RCC1L",0.188377255,-5.79145839199507,0.0482521829485164
"1595","RCL1",-0.00193738999999993,0.0630753857761471,0.958849468094133
"1596","RCOR1",0.012290235,-0.308755006031842,0.801798947141248
"1597","RELA",0.05359663,-0.822652133099561,0.500395092088822
"1598","REV1",0.02107996,-0.481784386260134,0.695831387793435
"1599","REV3L",0.00877217499999994,-0.146627556065379,0.906267271400773
"1600","REXO2",0.11483247,-3.8222973224668,0.150714496913095
"1601","RFC2",0.0547947,-0.922576694475123,0.482630188435188
"1602","RFC3",0.04599834,-0.68368608598188,0.57144836552955
"1603","RFC5",0.02930625,-0.368933507615093,0.757527292753699
"1604","RFK",-0.00312340499999997,0.128977013396256,0.909583387284507
"1605","RFT1",0.02732017,-1.82153775012644,0.251009733887383
"1606","RGP1",0.14944817,-11.5566167374069,0.0211281940855109
"1607","RHEB",-0.0274517700000001,1.30398472192629,0.365332054956917
"1608","RHOA",0.022367,-0.980478608323235,0.503655867892848
"1609","RHOQ",-0.0540244200000001,1.9568666611317,0.192092927758087
"1610","RIC1",0.0821736150000001,-2.45500245621423,0.242005103515307
"1611","RIC8A",0.00722332999999997,-0.105582339461378,0.929063206476003
"1612","RICTOR",0.078258955,-1.61857768792795,0.352094577469234
"1613","RINT1",0.0865132,-2.20811799531634,0.217984545604527
"1614","RIOK1",0.02750917,-0.979702698288161,0.431030487974961
"1615","RIOK2",0.0200854399999999,-0.551411250082861,0.644429168051138
"1616","RMI1",0.068852885,-1.02133564986651,0.481074025385936
"1617","RMND5A",0.115164025,-3.11933328033437,0.154292448754818
"1618","RNASEH2A",-0.00951504999999997,0.156864652791533,0.900676904102006
"1619","RNASEH2C",0.039065275,-1.07151683205583,0.396268304551583
"1620","RNF113A",0.08312447,-2.34455182363316,0.143951632015326
"1621","RNF146",0.09485625,-2.32748532742214,0.254363670876916
"1622","RNF168",0.0482249400000001,-0.773738245691712,0.558253142730988
"1623","RNF20",0.0151854299999999,-0.418543437069055,0.744783744358547
"1624","RNF31",0.070288825,-1.89443705464608,0.25726802114309
"1625","RNF4",0.06692878,-1.03991364862386,0.459699960204869
"1626","RNF7",0.0289297000000001,-1.05135662837349,0.403385557484134
"1627","RNF8",0.04274292,-2.07453401306574,0.175847405497235
"1628","RNGTT",0.0168950499999999,-0.427297176304552,0.724028341772544
"1629","RNH1",0.045197285,-0.998519815896334,0.439421427308847
"1630","RNMT",-0.000410589999999988,0.0246227502059881,0.983985584704157
"1631","RNPC3",0.010666035,-0.122583802285617,0.913987237376656
"1632","RNPS1",0.0446021700000001,-0.542769373893633,0.646248513216961
"1633","ROCK2",0.0253723849999999,-1.73187202038793,0.321089115843672
"1634","ROMO1",0.13199703,-2.30273137391728,0.166098534619684
"1635","RPA1",0.00887111999999995,-0.158079355531503,0.893339453698277
"1636","RPA2",0.00487525499999997,-0.110814720696265,0.923730466802598
"1637","RPA3",-0.038307435,2.57462949269169,0.150484205745842
"1638","RPAIN",0.106183115,-1.63841874494148,0.28521966749869
"1639","RPAP2",0.03507402,-0.891803604636948,0.536249321896825
"1640","RPE",0.0499900599999999,-1.06768466025195,0.419199750669002
"1641","RPF1",0.031408275,-1.37827891690638,0.38123573434797
"1642","RPF2",0.061248355,-5.65358284282934,0.0303858406156002
"1643","RPIA",0.0335727600000001,-7.5365703266023,0.018012602221697
"1644","RPL10",0.0883988449999999,-2.55995247764212,0.199626481367547
"1645","RPL10A",-0.050126425,1.03796550481612,0.428873552575128
"1646","RPL11",-0.00723607500000001,0.146990856913644,0.906254303615548
"1647","RPL12",-0.00767897500000003,0.237103469599106,0.835981009737612
"1648","RPL13",0.059129375,-0.633362008385341,0.625934765066818
"1649","RPL13A",0.054783085,-1.89121914722029,0.235859427472569
"1650","RPL14",0.10564394,-3.44208264162969,0.134286311902022
"1651","RPL17",-0.00465996000000002,0.0619545193955751,0.95625080514211
"1652","RPL18",0.0128135899999999,-0.159796774156667,0.897868451944934
"1653","RPL18A",0.041714075,-0.883052570018916,0.486155955149892
"1654","RPL19",0.024504495,-0.398588588281925,0.751426631372393
"1655","RPL21",0.020873075,-0.663195885287884,0.627186055831129
"1656","RPL22",0.0339217249999999,-7.46250705323904,0.0383843404711818
"1657","RPL22L1",0.0574282500000001,-1.71446693718929,0.258628000153725
"1658","RPL23",-0.018276095,0.350705003424776,0.759441679588592
"1659","RPL23A",0.023907295,-0.305967542454586,0.794512059584525
"1660","RPL24",-0.00141373499999997,0.114061726848597,0.9196945327243
"1661","RPL26",0.1013381,-2.71353610517276,0.190804156528372
"1662","RPL26L1",0.11811422,-2.71683454792324,0.168712482865756
"1663","RPL27",0.026874505,-1.82408137451975,0.240065311679503
"1664","RPL27A",0.050540825,-0.682138248667367,0.601967200630627
"1665","RPL28",0.0776727150000001,-1.92523804259296,0.19823855414879
"1666","RPL3",0.037365195,-0.997549975946657,0.423615926783242
"1667","RPL30",0.08007862,-0.946710023948746,0.453408042934432
"1668","RPL31",-0.024418305,0.320386907281789,0.779840589807243
"1669","RPL32",0.03796789,-0.819408230797834,0.502032103372774
"1670","RPL35",0.09282599,-3.91676600652487,0.0699961576945144
"1671","RPL36",-0.04849811,0.570874506120698,0.652150853576201
"1672","RPL36A",-0.00468803000000007,0.162585019611638,0.886675364292638
"1673","RPL36AL",0.083671755,-4.34377798973146,0.135697363873955
"1674","RPL37",0.0341890200000001,-0.610411209666774,0.650355036497114
"1675","RPL37A",0.02291887,-0.441443770241163,0.728253701038532
"1676","RPL38",0.045213345,-1.35360057443269,0.387155921974677
"1677","RPL4",0.034486495,-0.603994712985952,0.607240010428
"1678","RPL5",0.019169445,-0.172283835134524,0.888538457838025
"1679","RPL6",0.011349375,-0.272805048577229,0.81362372648434
"1680","RPL7",0.03004845,-0.886534930084727,0.488070320399792
"1681","RPL7A",-0.011040815,0.308811958936892,0.799136211058561
"1682","RPL7L1",-0.0297675500000001,0.721880048249649,0.565422633044523
"1683","RPL8",0.0637382399999999,-0.687035394943357,0.566325042158747
"1684","RPL9",-0.04830614,0.848268774142077,0.486902443184124
"1685","RPLP0",0.02166293,-1.66724311831905,0.29463550637309
"1686","RPLP1",0.00337301000000012,-0.098089774920794,0.937711619493181
"1687","RPLP2",0.049624525,-3.55587749307515,0.163695684840026
"1688","RPN1",0.025989935,-0.911563041862466,0.500271370691276
"1689","RPN2",0.09512614,-2.31435767467842,0.255117039764439
"1690","RPP14",0.1371529,-3.05576073630856,0.193668028719964
"1691","RPP21",0.0314305749999999,-0.556758967206211,0.66703284451855
"1692","RPP25L",0.0632280749999999,-1.86253130886716,0.294051363404724
"1693","RPP30",0.026506015,-0.852448740085957,0.487388352187801
"1694","RPP38",0.063565925,-1.9179743989491,0.214902631958102
"1695","RPP40",0.08006949,-2.39921632535167,0.218191028643028
"1696","RPRD1B",0.019451495,-0.328324174900736,0.780240479758177
"1697","RPRD2",-0.000753879999999985,0.0285356895441286,0.979843046243266
"1698","RPS11",-0.013258865,0.181998793786573,0.876628023294198
"1699","RPS12",0.017085715,-0.639206343253164,0.636054296258434
"1700","RPS13",0.00657947999999997,-0.164156344664726,0.891756018858892
"1701","RPS14",0.055159495,-14.2064053597524,0.0325995007757268
"1702","RPS15",0.01627574,-0.352731143061604,0.770849839138491
"1703","RPS15A",0.04105801,-0.876610472881181,0.536269526808844
"1704","RPS16",0.01212535,-0.271985736721869,0.821336466239035
"1705","RPS17",-0.02280279,0.256190685210612,0.825896670843513
"1706","RPS18",0.03397058,-1.01356134284907,0.465173900245768
"1707","RPS19",0.01844424,-0.279547399987661,0.81790037634803
"1708","RPS2",0.02039543,-2.92171846763973,0.201349568698318
"1709","RPS20",-0.04798223,0.568392039109553,0.64701023354093
"1710","RPS21",0.016691715,-0.404397077978498,0.743848101951392
"1711","RPS23",0.00497688500000004,-0.0781017741823313,0.948730424999495
"1712","RPS24",-0.000733855000000005,0.0325511979067758,0.977046007567762
"1713","RPS25",0.0354775850000001,-1.4393898861719,0.386064259878008
"1714","RPS27A",-0.00729382000000001,0.195863615014944,0.862815344166471
"1715","RPS28",0.10845074,-5.3169492171576,0.118329518647962
"1716","RPS29",-0.012341335,0.20796118476073,0.862371526479777
"1717","RPS3",0.00562455000000001,-0.141303309528498,0.901728495419426
"1718","RPS3A",0.02529876,-0.403859616279178,0.730215292215624
"1719","RPS4X",0.01866567,-0.466205544736832,0.713644478853114
"1720","RPS5",-0.00434017999999992,0.112049598823714,0.921175477080103
"1721","RPS6",-0.00964657499999999,0.565999054921347,0.671293863870791
"1722","RPS7",-0.08119513,1.76313038683565,0.222070022537043
"1723","RPS8",0.027977365,-0.35702966823799,0.775522273974675
"1724","RPS9",0.00355249000000013,-0.0611856485626269,0.959578921662803
"1725","RPTOR",0.013480275,-0.432604833307943,0.709403831909904
"1726","RPUSD3",0.06222982,-0.894988768988189,0.529586989039535
"1727","RPUSD4",0.039291435,-0.718380089148529,0.576244285606454
"1728","RRAGA",0.015939185,-0.414749416678075,0.733941296712704
"1729","RRAGC",0.0382201799999999,-1.34863635866285,0.326890571048655
"1730","RRM1",0.17328699,-2.85947804135844,0.131823520053294
"1731","RRM2",0.01507676,-0.204806659757436,0.860053784003869
"1732","RRN3",-0.0222074,4.70825483890193,0.133207853616677
"1733","RRP1",0.0676459500000001,-1.36497739744908,0.347866862416684
"1734","RRP12",0.0999927200000001,-1.65527977392635,0.272530214500704
"1735","RRP15",0.0688450700000001,-2.01463984957667,0.29184310580573
"1736","RRP7A",0.08921325,-17.1067591737923,0.00349241725999121
"1737","RRP9",0.08182343,-5.16346291673409,0.111113347833341
"1738","RRS1",0.0696681300000001,-3.61782655473648,0.171680830246884
"1739","RSL1D1",0.0247227099999999,-0.506342608041957,0.681653163405713
"1740","RSL24D1",-0.036551005,0.600237882553311,0.65540852135063
"1741","RTCB",0.050624655,-3.30091671397707,0.156037462992082
"1742","RTEL1",0.049104375,-1.57545986275083,0.270197652935378
"1743","RTF2",0.05654085,-1.52599710098578,0.363858540318356
"1744","RTRAF",0.0812757399999999,-1.47499670372718,0.291475405622775
"1745","RTTN",0.0536561850000001,-1.12612039381017,0.456756373712881
"1746","RUNX1",0.06577719,-2.83099106355444,0.213015446999853
"1747","RUVBL1",0.045365345,-11.2307074969605,0.0225861229197258
"1748","RUVBL2",0.05388436,-5.79720626671384,0.0955870791988694
"1749","SACM1L",-0.0254948349999999,0.884494782065458,0.473746979176807
"1750","SAE1",-0.0327834,0.714834789221486,0.579652144625561
"1751","SAMD4B",0.098425145,-0.994909314584124,0.49140403424999
"1752","SAMM50",0.0632187350000001,-3.30642242783344,0.174191304049291
"1753","SAP130",0.0315624249999999,-1.53951173902255,0.366027636167688
"1754","SAP18",0.00469311000000006,-0.098265471457269,0.932217667964834
"1755","SAP30BP",0.01929588,-1.36467031422519,0.402483246825144
"1756","SARNP",0.16480352,-3.79776738318444,0.121666416411007
"1757","SARS1",-0.08994731,1.09594909822966,0.387458625247908
"1758","SARS2",0.0229439899999999,-0.953792091221541,0.461776884122654
"1759","SART1",0.0789438499999999,-4.30053414870228,0.127058661057296
"1760","SART3",-0.0879624749999999,1.99498610669734,0.185106180804953
"1761","SASS6",-0.0352130150000001,1.71500215609471,0.324509911798642
"1762","SBDS",0.0229285050000001,-0.30740070558024,0.787738552493465
"1763","SCAF4",-0.025773815,0.206080123037607,0.865335611047244
"1764","SCAF8",0.0201983800000001,-0.371964624832459,0.770012881571947
"1765","SCAP",-0.046145935,1.27036433311829,0.343037350965895
"1766","SCD",0.016646545,-0.717450971729681,0.564367407832316
"1767","SCFD1",-0.107104475,1.47530825190253,0.367877195656999
"1768","SCO1",0.02047325,-0.862120203718465,0.487434853006329
"1769","SCO2",0.0501029,-2.11035971609012,0.183505547269314
"1770","SCYL1",0.07168334,-1.82878306192315,0.210513510843965
"1771","SDAD1",0.083342825,-2.84939662030621,0.211354245898337
"1772","SDE2",0.098786635,-1.07368585730491,0.395727699550839
"1773","SDHA",0.047764755,-5.04736072956633,0.124155105890863
"1774","SDHB",0.010580555,-0.203590060380492,0.86382246786142
"1775","SDHC",-0.019956445,3.17639075305312,0.194076779667897
"1776","SDHD",0.064634125,-2.0533603256172,0.257949187130825
"1777","SEC13",-0.0163794500000001,0.311700321973586,0.801656738587959
"1778","SEC16A",0.029440705,-1.03905329505218,0.466039323690437
"1779","SEC61A1",0.0958361850000001,-1.06441083713536,0.399213085406685
"1780","SEC61B",0.0619215700000001,-1.56307171488643,0.342557049257684
"1781","SEC61G",0.0708715899999999,-1.16268404358303,0.370115745266657
"1782","SEC62",0.02033202,-0.434666626314149,0.706700505480734
"1783","SEC63",0.048601095,-1.99249709507836,0.189480643302979
"1784","SEH1L",0.00673072500000005,-0.217985598505611,0.860789317011805
"1785","SEM1",0.03106476,-0.714005700345999,0.589211998382282
"1786","SENP6",-0.00431172000000002,1.03623503272626,0.429631372881979
"1787","SEPHS2",0.0721852249999999,-1.20160223968432,0.410756503539533
"1788","SEPSECS",0.06113806,-1.23873766524121,0.430651666952839
"1789","SERBP1",0.0848037500000001,-0.952705539444486,0.514303852849613
"1790","SETD1A",-0.0057596849999999,0.0833791101464004,0.944362128188555
"1791","SETD1B",0.04469203,-3.51045084328555,0.0745510068943962
"1792","SETD2",0.030163755,-0.84971663687625,0.551369703961334
"1793","SETD5",0.009681575,-0.24900278920495,0.83101966674554
"1794","SETDB1",0.042217325,-0.870879439007509,0.480645627862833
"1795","SF1",0.03489015,-0.853858833230721,0.496125048695932
"1796","SF3A1",-0.013261175,1.17110187659296,0.449465268791823
"1797","SF3A2",0.0772727449999999,-4.42604531502775,0.09112784512936
"1798","SF3A3",-0.04226528,0.74594901628259,0.579333143543872
"1799","SF3B1",0.0414895200000001,-1.31730404594418,0.330029742327339
"1800","SF3B2",0.036680185,-1.27070713609601,0.333066919734898
"1801","SF3B3",-0.0331003550000001,0.75804344313523,0.574610217911113
"1802","SF3B4",0.022008855,-0.427920918878322,0.742551318339882
"1803","SF3B5",-0.066611515,1.99126118335433,0.240557713353754
"1804","SF3B6",0.0172779,-1.34683953505618,0.393726271881817
"1805","SFPQ",-0.00408146499999995,0.265342853361961,0.816943073361107
"1806","SFSWAP",-0.02438003,1.4005806821691,0.306157177778865
"1807","SGF29",0.0292001449999999,-0.548957746456335,0.666689332447031
"1808","SGO1",-0.067739105,1.78505173142521,0.216404788878577
"1809","SH3GL1",0.104645745,-5.27088588416055,0.0469237879835203
"1810","SHC1",0.02887499,-2.14219198514138,0.173682340109576
"1811","SHOC2",0.030582225,-1.46799585497678,0.312081502763692
"1812","SHQ1",0.0703624549999999,-2.62216635508976,0.231152129499726
"1813","SIAH1",0.0610362500000001,-14.3175433112604,0.0150513232375449
"1814","SIN3A",-0.0217444800000001,0.517691307454572,0.665757733006136
"1815","SINHCAF",0.018204325,-0.568461029729438,0.660030324300063
"1816","SIVA1",0.0265643449999999,-1.09109564919897,0.444103435610099
"1817","SKA1",-0.0200766050000001,0.196338002459941,0.874558416170709
"1818","SKA2",-0.0467487650000001,0.643795716054077,0.608373093235096
"1819","SKA3",-0.02035457,0.371649803492683,0.746249016928135
"1820","SKIC8",0.0803863049999999,-1.28851541855961,0.407246697498959
"1821","SKP1",0.0127781549999999,-0.624214574027742,0.636582822127581
"1822","SKP2",0.0453032149999999,-1.17210918379872,0.385616665666842
"1823","SLC16A1",0.0237778949999999,-0.416921466920475,0.743012843632196
"1824","SLC20A1",0.0313591049999999,-0.749325694906324,0.58233058036737
"1825","SLC25A1",0.0951303800000001,-1.88937906558807,0.303870718409357
"1826","SLC25A19",0.12433055,-1.09731940120766,0.416033275400038
"1827","SLC25A26",-0.02975292,2.53666101941842,0.131400136690837
"1828","SLC25A28",0.133702285,-2.85845643906137,0.104508693070083
"1829","SLC25A3",0.02789769,-3.06081348282186,0.0928090756810434
"1830","SLC2A1",0.058834265,-2.60629860926061,0.142143945579035
"1831","SLC30A9",0.04672934,-0.772746829533824,0.579268627016661
"1832","SLC33A1",0.0725795749999999,-7.11562089132723,0.0534140445588082
"1833","SLC35A1",0.071950325,-3.2388770424651,0.175651813528871
"1834","SLC35A2",-0.0413704349999999,0.823684431658059,0.527888070408487
"1835","SLC35B1",0.0390804600000001,-1.45488842205683,0.309911414723709
"1836","SLC35B2",0.10618653,-1.65799035010367,0.257688048457969
"1837","SLC38A2",0.069641675,-4.63287613782901,0.113256021109317
"1838","SLC39A10",0.01006166,-0.356971487535053,0.778210960122728
"1839","SLC39A7",0.096742555,-1.35284888836652,0.358069443890825
"1840","SLC3A2",0.00992174000000001,-0.55513180141575,0.668335057394604
"1841","SLC4A7",0.0436455,-2.02185156240721,0.287872542775029
"1842","SLC7A1",0.06376002,-1.97326331203098,0.285622808965274
"1843","SLC7A5",0.0223684300000001,-0.354602542378067,0.76075588054587
"1844","SLC7A6OS",0.0438027999999999,-1.98285340991762,0.239839336352488
"1845","SLU7",0.0939065699999999,-2.8727385052814,0.102865102838179
"1846","SLX9",0.130321185,-8.30666853487042,0.0417233433936791
"1847","SMAD7",0.03921322,-1.06711094520046,0.442784727177302
"1848","SMARCA2",0.0381298200000001,-1.32164528026369,0.335135545042758
"1849","SMARCA4",0.0283873800000001,-0.3301388400444,0.796900670030166
"1850","SMARCA5",0.070657655,-1.3407706781142,0.39286677479563
"1851","SMARCB1",0.0198923500000001,-0.727423174743733,0.588240097291862
"1852","SMARCD1",0.0408243150000001,-1.33654532957192,0.337020697155605
"1853","SMARCE1",0.0812644050000001,-2.02521887328595,0.288735911123177
"1854","SMC1A",0.0182113800000001,-0.412295354571092,0.750624724817523
"1855","SMC2",-0.073989565,3.3594253622447,0.0783502933922483
"1856","SMC3",0.0176678250000001,-2.3097734840759,0.221721644590797
"1857","SMC4",0.01374751,-0.475421817010887,0.704952537707357
"1858","SMC5",0.06133149,-1.19691307288914,0.442500272886424
"1859","SMC6",-0.0242923050000001,1.016928312094,0.417829681546702
"1860","SMCHD1",0.0195867000000001,-0.890566999183826,0.486543865863429
"1861","SMG1",-0.00626632999999999,0.280282970279125,0.806665985806071
"1862","SMG5",0.013696095,-0.372938463614281,0.769936906157911
"1863","SMG6",0.05298578,-0.796689716487474,0.568238885253313
"1864","SMG7",0.0843845699999999,-3.54591597752083,0.168674929518217
"1865","SMNDC1",0.0529970999999999,-1.14562988170078,0.4530935748392
"1866","SMU1",-0.05168697,0.834957463048972,0.491619961648324
"1867","SNAI2",0.058612185,-1.92411706147966,0.284657576752788
"1868","SNAP23",0.00356480000000003,-0.111303264138415,0.921811239986196
"1869","SNAPC1",-0.019598475,1.78422288570049,0.222858003097259
"1870","SNAPC2",0.039284525,-2.86376261055247,0.212278468684971
"1871","SNAPC3",0.032597685,-4.11216605798398,0.150383728569556
"1872","SNAPC5",0.0308065200000001,-2.48263125002258,0.155098514209224
"1873","SNF8",0.06059786,-1.70703972791423,0.288010561756015
"1874","SNIP1",0.10550353,-3.22927416857163,0.0993876017819747
"1875","SNRNP200",0.0227305600000001,-0.340384479279227,0.771249214771282
"1876","SNRNP25",-0.0236791000000001,0.524012144998971,0.663257989973805
"1877","SNRNP27",0.0776414999999999,-13.5863990285161,0.0169389848129002
"1878","SNRNP35",0.0486994649999999,-0.732351972709903,0.555621009605889
"1879","SNRNP40",0.16768821,-1.88023937818421,0.21017385189769
"1880","SNRNP48",0.01855555,-0.41243367509359,0.736745395011314
"1881","SNRNP70",0.048073885,-3.15692292089806,0.145500365367483
"1882","SNRPA",0.0664074149999999,-1.37733068706917,0.37821355989708
"1883","SNRPA1",-0.06640137,2.6195846338863,0.126003779427848
"1884","SNRPB",0.05109898,-1.33790847608445,0.337190127944962
"1885","SNRPB2",0.0482764750000001,-15.1187648339232,0.0062447603321182
"1886","SNRPC",0.060153635,-2.19083224975984,0.160584344691081
"1887","SNRPD1",-0.02010153,0.994734112876796,0.47264614323737
"1888","SNRPD2",0.059993745,-1.1806026372027,0.447016286053113
"1889","SNRPD3",-0.2127835235,1.89730523367484,0.260701470143823
"1890","SNRPE",0.05703604,-1.72332489713842,0.322669424207515
"1891","SNRPF",-0.0477067799999999,1.55685538247829,0.347220259513717
"1892","SNRPG",0.09449246,-8.54424158231244,0.0490606474970048
"1893","SNU13",0.020732465,-0.28872167550631,0.81886383231912
"1894","SNUPN",0.0414998799999999,-1.35364113991028,0.403031376780344
"1895","SNW1",0.04857501,-4.91882761328239,0.103699801244012
"1896","SOCS3",0.0353872200000001,-1.77148192017868,0.235408350043942
"1897","SOD1",-0.0110979950000001,6.9880075514549,0.0236268736753763
"1898","SOD2",0.05214231,-2.93868491524962,0.0997804525896524
"1899","SON",-0.070165495,4.15561213797768,0.121741142317464
"1900","SOS1",0.055871215,-2.41851142197675,0.214348319509273
"1901","SOX10",0.09017709,-3.89821416659219,0.140971422148676
"1902","SOX2",0.0188766599999999,-0.669495508199782,0.596159985980218
"1903","SOX9",0.03684157,-1.66872659778042,0.264852441780813
"1904","SP1",0.0549503099999999,-0.91698574680465,0.526381447568073
"1905","SPATA31A6",0.0477007749999999,-1.64138955638133,0.273344526099395
"1906","SPC24",-0.094244435,1.62778277545951,0.261196925877723
"1907","SPC25",-0.060974335,0.776173881060133,0.569591639412175
"1908","SPCS1",0.09431219,-2.96309713621569,0.154361074456622
"1909","SPCS2",0.12511462,-9.15179993612609,0.0142727110400515
"1910","SPCS3",0.1171402,-1.06709967196162,0.479296643930728
"1911","SPDL1",-0.048467245,0.672010039167739,0.571204080106363
"1912","SPOUT1",-0.02946627,0.515919693731346,0.684710228275207
"1913","SPRR2G",0.0179128200000001,-0.959703401669846,0.439336060447914
"1914","SPRTN",0.00164890000000006,-0.0327825154725506,0.978443938128893
"1915","SPTLC1",0.066688755,-3.38903568754664,0.0841449558311471
"1916","SPTLC2",0.042782745,-1.27231185236232,0.342276914956684
"1917","SPTSSA",0.0335874349999998,-1.81909526292748,0.276879672421054
"1918","SQLE",0.04830512,-1.95854125167915,0.246904720266473
"1919","SRBD1",0.0218266699999999,-0.419903231207958,0.742399777152441
"1920","SRCAP",0.049572955,-1.79477764578972,0.312144580261497
"1921","SREBF1",0.0334488749999999,-0.609862632734176,0.639535111402106
"1922","SREK1IP1",0.15668925,-6.12620624049851,0.0259062142582095
"1923","SRF",0.017227105,-1.21128077369155,0.350651457338247
"1924","SRFBP1",-0.0268464899999999,0.21175545985574,0.85801575867895
"1925","SRM",0.021233415,-2.06746558503733,0.281109850492023
"1926","SRP14",0.0281218249999999,-0.948031375218551,0.513024524886375
"1927","SRP19",0.00770096999999992,-0.544471320621439,0.666459178271443
"1928","SRP54",-0.06633808,0.874464657359577,0.48582723719438
"1929","SRP72",0.0178454050000001,-0.5570898484599,0.633918648412537
"1930","SRP9",0.108039215,-2.3478521726257,0.182807434120848
"1931","SRPRA",0.02438385,-1.91272723052784,0.247371056734087
"1932","SRRM1",0.0461524500000001,-1.02793893859868,0.412168144346363
"1933","SRRM2",0.1220409,-2.71326073582963,0.184581192090781
"1934","SRRT",-0.11205915,0.885434434719819,0.53135440281452
"1935","SRSF1",0.00714688499999994,-0.469942025459146,0.697681950555118
"1936","SRSF10",0.00834310999999999,-0.0686938521111631,0.956234783370241
"1937","SRSF11",0.0446584700000001,-0.587493704534778,0.618492209621077
"1938","SRSF2",-0.0354201999999999,0.677271346630819,0.613422205319381
"1939","SRSF3",-0.106533755,1.68893676837817,0.324099470677783
"1940","SRSF6",0.096068355,-0.823178283365207,0.521378939146258
"1941","SRSF7",-0.0577180250000001,1.52470006803138,0.319438845627346
"1942","SS18L2",0.0892782899999999,-4.32769364456275,0.0750561398134252
"1943","SSB",0.0951836700000001,-2.11457403928126,0.169456472464653
"1944","SSBP1",0.0256640250000001,-0.504740955783026,0.680319181464868
"1945","SSBP3",0.056754525,-1.99100886562435,0.184746714585086
"1946","SSRP1",0.0579783,-8.21423033525944,0.0164078478697658
"1947","SSU72",-0.032898705,0.362047563014139,0.752066645439473
"1948","STAG1",0.0613000800000001,-2.02249530408418,0.1919354981045
"1949","STAG2",0.0146912499999999,-0.382463289319108,0.760768342287211
"1950","STAMBP",0.0199424500000001,-0.455172893429532,0.695371431861226
"1951","STEEP1",0.023357205,-0.81796323204422,0.56055429579547
"1952","STIL",0.0540694749999999,-0.440169693728535,0.716952484785508
"1953","STK11",0.045643895,-1.44853842675785,0.380212964565029
"1954","STK40",0.0354366600000001,-0.826529052665677,0.495418686757655
"1955","STN1",0.037130715,-2.74684790830358,0.118816439325402
"1956","STRAP",0.06511793,-1.73779118657773,0.248124104348092
"1957","STRIP1",0.172374955,-1.39467788084831,0.355560039588663
"1958","STT3A",0.059976375,-1.27499283509646,0.334337891219684
"1959","STX18",0.0523570950000001,-1.42369056967695,0.345723207279819
"1960","STX4",0.02469798,-1.31211953386297,0.414575578689284
"1961","STX5",0.0253118749999999,-0.414522204528683,0.725956963951218
"1962","STXBP3",-0.0166376400000001,3.49910968479328,0.118800966376875
"1963","SUCO",0.016487865,-0.517151302707163,0.657046655573242
"1964","SUDS3",0.0235165449999999,-0.775226613441214,0.548677039631482
"1965","SUGP1",0.171514055,-3.40916196196949,0.180311415182261
"1966","SUGT1",0.0622282599999999,-1.64040072985448,0.244696741511759
"1967","SUPT16H",-0.00545800500000004,0.217240814710992,0.852390095254209
"1968","SUPT20H",0.0846671700000001,-2.69517643958483,0.126500304860303
"1969","SUPT4H1",0.0590732350000001,-2.00709228547049,0.275011726174928
"1970","SUPT5H",0.03824102,-0.678422303812779,0.567735187202679
"1971","SUPT6H",-0.04352193,0.979537845463872,0.485476857484957
"1972","SUPT7L",0.03059351,-0.497351340449272,0.676521340331407
"1973","SUPV3L1",0.00281798,-0.0674386879700976,0.956018544781919
"1974","SURF4",0.075248855,-7.3757748734932,0.0711521882696857
"1975","SUZ12",-0.00333457000000004,0.0549649320484074,0.964362869737692
"1976","SYF2",0.050708125,-9.30768883130533,0.0456107315956774
"1977","SYMPK",-0.00173179499999998,0.0800817750022073,0.946937360353058
"1978","SYNCRIP",0.13445833,-8.73851848448738,0.0281142461136601
"1979","SYS1",0.1309967,-8.10884937572227,0.0218827153224854
"1980","SYVN1",0.0968876650000001,-2.68227226498941,0.159403318069784
"1981","TACC3",0.018670685,-0.524373256212688,0.687659969527425
"1982","TADA1",0.018217835,-0.484468810789242,0.683905060484458
"1983","TADA2B",0.00964003499999999,-0.103843880232221,0.927090671043539
"1984","TADA3",0.04408952,-0.919841069344582,0.503625874620291
"1985","TAF1",-0.00641661000000004,0.373014517232799,0.762417212499972
"1986","TAF10",0.0385635549999999,-1.6669365527144,0.304916983475212
"1987","TAF12",0.0207164249999999,-0.408762676792461,0.750292063472071
"1988","TAF1B",0.0624178550000001,-3.04600000201764,0.0936443941233357
"1989","TAF1C",0.0797953850000001,-2.50133077616688,0.129532095273703
"1990","TAF2",0.013750925,-0.521979429606682,0.691104855877779
"1991","TAF4",0.00823361500000008,-0.191881843289462,0.878417785730528
"1992","TAF5",0.071561275,-2.31185627432897,0.180094506333866
"1993","TAF5L",0.0914057150000001,-3.37722411538719,0.0997612254794042
"1994","TAF6",-0.0334417500000002,0.611287251860019,0.612134046980721
"1995","TAF6L",0.0461412999999999,-1.76118100950699,0.307993074302919
"1996","TAF7",0.0544911050000001,-1.89063751742303,0.29658134019723
"1997","TAF8",0.026554375,-2.05253136203902,0.180442965904697
"1998","TAFAZZIN",-0.0658503,4.59320384708906,0.0637334541784848
"1999","TAMM41",0.0144846150000001,-0.518637591402972,0.658176634481344
"2000","TANGO6",-0.0413989699999999,1.2313670194035,0.397513031814966
"2001","TAOK1",0.0278472,-0.998257831950503,0.466090205982922
"2002","TAPT1",0.0709540849999999,-1.59109767448281,0.292872168089591
"2003","TARDBP",0.052663865,-0.624192904717946,0.626969000449135
"2004","TARS1",-0.003436895,0.127387740511098,0.917253022028232
"2005","TARS2",0.10317495,-5.06235875265437,0.11923883239252
"2006","TBCA",0.13662514,-3.09859415044126,0.143624870739813
"2007","TBCC",0.06931947,-1.09830080404922,0.470120992445169
"2008","TBCD",-0.02460797,0.245873393105151,0.846343752174447
"2009","TBL1XR1",0.064029275,-4.20169856014342,0.0850162460145453
"2010","TBL3",0.05600625,-1.86430658980881,0.289387221621589
"2011","TCERG1",0.126280905,-4.8907967249569,0.108334019799472
"2012","TCF3",0.0927901750000001,-3.33790409745108,0.155005655170882
"2013","TCF7L2",0.041787,-1.56531024934346,0.357563380700014
"2014","TCOF1",0.067465205,-1.79793864847657,0.298867900947507
"2015","TCP1",0.032908575,-0.588126448768167,0.641288532295328
"2016","TDP2",0.10985158,-1.40108829925336,0.346709437561956
"2017","TEAD1",0.0278815000000001,-1.05078869716238,0.462242198189456
"2018","TEDC1",-0.000867545000000192,0.00629345061017666,0.995986183265681
"2019","TEDC2",0.053741075,-1.70268908028586,0.231762911154773
"2020","TELO2",0.0213494649999999,-0.404004084190184,0.753795476022541
"2021","TEN1",0.084177905,-3.17701887458454,0.160213949603403
"2022","TENT4B",0.0543251549999999,-0.827509473650906,0.55985760248039
"2023","TERF2",0.0481659900000001,-1.36690518168114,0.383683958516491
"2024","TFAM",0.0237571,-0.462707382699844,0.697129845840771
"2025","TFAP2A",0.02236797,-0.233171707639195,0.847587914040657
"2026","TFAP4",0.08267122,-9.03892399942201,0.0630032590962571
"2027","TFB1M",0.0751727449999999,-0.518381198419253,0.663218372433007
"2028","TFB2M",0.0314162500000001,-0.689038787550149,0.611817211853547
"2029","TFDP1",0.0825943649999999,-2.54416560589899,0.138484448432568
"2030","TFIP11",0.0297620249999999,-0.977137964052939,0.442964844815329
"2031","TFRC",0.0686556300000001,-2.47194085783025,0.171566804707016
"2032","TGFBR1",0.0724615249999999,-2.67771121516225,0.166543665239457
"2033","TGIF1",0.0323278849999999,-1.21514813186814,0.418707591851308
"2034","TGS1",0.133540955,-27.0029104468041,0.0141446690798467
"2035","THAP1",0.01147857,-0.292881970321442,0.803617324960021
"2036","THAP11",0.060617205,-1.07580975577182,0.475991036919486
"2037","THAP12",0.03416273,-4.74338247298349,0.101477893983877
"2038","THG1L",0.026581725,-0.679832781431812,0.617126742774038
"2039","THOC1",0.03906882,-1.4894424314255,0.367467999596642
"2040","THOC2",-0.0185664000000001,0.52198969693521,0.655550018403625
"2041","THOC3",0.0694227249999999,-2.63940991814265,0.219291520361075
"2042","THOC5",0.00473464499999998,-0.100224169421275,0.936252776295279
"2043","THOC7",0.0642699499999999,-1.39305147175049,0.396338878766173
"2044","TIAL1",0.077778305,-2.4074572495517,0.250605476194488
"2045","TICRR",-0.0167157849999999,0.522898807826031,0.662173415205068
"2046","TIMELESS",0.0498026499999999,-1.64345127821418,0.260509294882033
"2047","TIMM10",-0.00625600500000001,0.197449941415605,0.872963105081265
"2048","TIMM13",0.199207625,-3.76558615484893,0.158247791234821
"2049","TIMM17A",0.064695685,-2.0357880072203,0.285772379400339
"2050","TIMM22",0.0284942650000001,-0.710574838216835,0.591253445984633
"2051","TIMM23",0.0533452849999999,-0.554799701732857,0.677488869716664
"2052","TIMM29",-0.00218177999999991,0.035556810129344,0.975072286140863
"2053","TIMM44",0.085604135,-8.25872493493647,0.0566846222477943
"2054","TIMM8A",0.181142925,-12.6232933077881,0.00760740443064038
"2055","TIMM9",0.0162187899999999,-0.758899929724131,0.581054229806364
"2056","TINF2",0.0318105050000002,-0.502944450457129,0.685287256980752
"2057","TIPARP",-0.0165640950000001,0.461674172496764,0.72062454301681
"2058","TIPIN",-0.0057832000000001,0.111195210740219,0.922103080902127
"2059","TIPRL",0.125971885,-2.12318712482352,0.255371412987555
"2060","TKT",0.09927292,-2.12926848836809,0.229977621121991
"2061","TLK2",0.0170851299999999,-7.54541422502976,0.0675897435107891
"2062","TLN1",0.04891102,-2.36529623067915,0.245492319016177
"2063","TM9SF3",0.04531455,-1.58812670132082,0.335705488418457
"2064","TMED10",0.0404064850000001,-1.06328977984721,0.456878825319241
"2065","TMED2",0.139670155,-1.78631926946466,0.322583802812681
"2066","TMEM165",0.03380666,-1.12866913150038,0.430044877496369
"2067","TMEM167A",0.07063559,-11.3019929271093,0.00942464401637672
"2068","TMEM199",0.01928559,-1.46234308841006,0.359057031455563
"2069","TMEM41B",0.0659380600000001,-2.32573014368371,0.236553457142483
"2070","TMEM80",0.104060785,-1.84846785521606,0.305922486087229
"2071","TMX2",0.00898578500000013,-0.186838012907078,0.882359405106873
"2072","TNPO1",0.0978698849999999,-1.22774136493591,0.434941436209756
"2073","TNPO3",0.043732975,-0.482610842593709,0.682260509839589
"2074","TOE1",0.128378745,-7.53657855989099,0.0818397054129731
"2075","TOMM20",0.12983379,-6.19155626505477,0.0664030655164672
"2076","TOMM22",-0.0135776249999999,0.372899608269039,0.765662701725604
"2077","TOMM40",0.052638475,-1.20790731581585,0.424454981757757
"2078","TOMM70",0.106791675,-1.74108771915326,0.309171221507895
"2079","TONSL",-0.0645126850000002,2.1379442253808,0.272997343276944
"2080","TOP1",-0.0230128749999999,2.92335025197315,0.185085202814994
"2081","TOP2A",-0.053800655,2.88638239550436,0.19294281957852
"2082","TOP3A",0.0353514700000001,-0.765224643901995,0.529112085068316
"2083","TOPBP1",-0.0395131400000001,1.26332169843377,0.360199710429658
"2084","TP53",0.05409673,-0.600348843331819,0.63133633840182
"2085","TP53BP1",0.02557115,-0.523636976890203,0.692419270729032
"2086","TP53RK",0.050288005,-1.14609998661572,0.440731820851246
"2087","TP63",0.025574875,-0.582679719760943,0.663452612863956
"2088","TPI1",-0.01894997,4.63401178622828,0.117082697668161
"2089","TPK1",-0.00426079999999995,0.0782761948346644,0.946091925677966
"2090","TPR",0.0323454400000001,-1.39448807398257,0.299078841753199
"2091","TPT1",0.089130775,-2.79022499897379,0.193422267764319
"2092","TPX2",-0.12783807,4.06919817023818,0.0570723462222034
"2093","TRA2B",0.098206215,-5.22696641292699,0.042983359949269
"2094","TRAF2",0.07472788,-1.30950757263046,0.322434404253471
"2095","TRAIP",-0.0327623800000001,2.25152780870737,0.166450644741308
"2096","TRAPPC1",0.00786517999999992,-0.556132758070167,0.656132944415363
"2097","TRAPPC11",0.01189405,-0.37616419713024,0.770854819664721
"2098","TRAPPC2L",0.06897401,-1.45327902683034,0.283937698577357
"2099","TRAPPC3",0.048623255,-0.762554961524815,0.531847290985774
"2100","TRAPPC4",0.077134225,-1.52946854895791,0.360407128695624
"2101","TRAPPC5",0.105951555,-1.50553944722521,0.32670027338889
"2102","TRAPPC8",0.00444689999999992,-0.104096755327397,0.933764455445654
"2103","TRIAP1",0.06886185,-2.0256429675574,0.202267750971911
"2104","TRIM28",-0.0103764300000001,0.576273891245748,0.623226213731371
"2105","TRIM37",0.0440362099999999,-0.572682049959309,0.667066885147298
"2106","TRIP12",0.041559145,-2.6391008026349,0.119657443879549
"2107","TRIP13",0.0658481449999999,-1.65742592249781,0.241074524170063
"2108","TRIR",0.0452003999999999,-1.33514707465332,0.326842376209362
"2109","TRIT1",0.135253895,-2.32894989250353,0.211793200101352
"2110","TRMT10C",0.07373113,-1.9272635204324,0.285743864083559
"2111","TRMT112",-0.034986955,0.701650051676429,0.559599836810904
"2112","TRMT6",0.04122052,-0.826286155005738,0.550548061045637
"2113","TRMT61A",0.03970444,-0.552243574752573,0.65236863318471
"2114","TRNAU1AP",0.06237837,-0.686115851000434,0.609883308173268
"2115","TRNT1",-0.0650272000000001,3.92728148095395,0.143885401027676
"2116","TRPM7",0.0825025300000001,-0.727191646397623,0.599607334873185
"2117","TRRAP",-0.0466435199999999,1.57641115674695,0.261657926465008
"2118","TRUB2",0.0556049700000001,-1.45608386487824,0.305873689474263
"2119","TSC1",0.0659819,-1.97844265239209,0.188613812648339
"2120","TSC2",0.068552285,-2.82828872904506,0.186278925681109
"2121","TSEN34",0.10860602,-2.55557890529872,0.15904270272329
"2122","TSEN54",0.0518962550000001,-2.92905572777081,0.10007123194588
"2123","TSG101",0.000975200000000065,-0.0269874682615372,0.981312824807195
"2124","TSR1",0.073302205,-4.61868048205152,0.0442356611724547
"2125","TSR2",0.0602036499999999,-1.0543189750545,0.437474851959638
"2126","TTC1",0.01512624,-0.313177667696362,0.797472017385719
"2127","TTC4",0.108220775,-1.14593481687516,0.456028376629898
"2128","TTC7A",0.093828085,-11.1502022485104,0.050940316910836
"2129","TTF2",0.036003775,-2.47544526379341,0.239490575047448
"2130","TTI1",-0.000911804999999988,0.0247272596104205,0.98335724507477
"2131","TTK",-0.036789665,1.46320606603951,0.340842604482511
"2132","TUBA1B",0.00955975000000009,-0.719774201738139,0.600395376003609
"2133","TUBA1C",0.0274951099999998,-0.403508243247277,0.741170978078088
"2134","TUBB",-0.0323733150000001,1.05116803049466,0.436871386369695
"2135","TUBB3",0.1210472,-2.33628095692461,0.146193704955456
"2136","TUBB4B",-0.00576485000000004,0.329589070144424,0.793563359181039
"2137","TUBD1",-0.00864672000000011,0.180893928853485,0.873359437934873
"2138","TUBE1",0.09542088,-1.91865979375012,0.296042214766098
"2139","TUBG1",-0.0651457499999999,2.68989134517052,0.194546932619819
"2140","TUBGCP2",-0.04158537,1.341553346185,0.37801667947692
"2141","TUBGCP3",-0.052061125,1.51057973365034,0.280606700441017
"2142","TUBGCP4",-0.0472705600000001,1.26414329373908,0.388051479276965
"2143","TUBGCP5",0.0362774650000001,-1.2131636885214,0.404718044579393
"2144","TUBGCP6",-0.0279641,1.09874944885652,0.393304149880401
"2145","TUT1",-0.00824957999999998,0.0973077267075593,0.933569597885763
"2146","TWNK",0.00430750499999988,-0.195552244086025,0.872567402663281
"2147","TXN",0.0122516500000001,-0.347520127134559,0.763053520812304
"2148","TXNL4A",-0.01015495,0.128615520651241,0.917634074276561
"2149","TXNL4B",0.117507375,-1.74777180351222,0.322663116208337
"2150","TXNRD1",0.0762798999999998,-3.1773873222097,0.181583981744805
"2151","TYMS",-0.014075295,0.153969648051668,0.894922024847087
"2152","U2AF1",0.0230561199999999,-2.31389397770657,0.15136669681416
"2153","U2AF2",0.0480927799999999,-4.66418326810181,0.0840463631673048
"2154","U2SURP",0.0387573000000001,-0.980978651344917,0.506078196271525
"2155","UAP1",0.067626145,-4.07685508702824,0.0642021797844349
"2156","UBA1",0.00583084499999997,-0.185663255223903,0.880422548058439
"2157","UBA2",0.0293408549999999,-0.507805638739301,0.688531035283623
"2158","UBA3",0.0159645850000001,-0.606821894441261,0.605686967420425
"2159","UBA5",0.0665430950000001,-2.298422314933,0.221170903136892
"2160","UBA6",0.0931697600000001,-2.06324730690442,0.262336071568091
"2161","UBAP1",0.00877446500000012,-0.356806657935142,0.776264238425911
"2162","UBAP2L",-0.0517427799999999,0.810229616209092,0.528481806211939
"2163","UBE2A",0.02547555,-2.04910544104325,0.264760533296969
"2164","UBE2C",0.07916878,-1.34854289982374,0.405615007469041
"2165","UBE2D3",0.0418336499999999,-4.25204042113535,0.0512450171413887
"2166","UBE2F",0.06130568,-1.21599416728656,0.363051924842267
"2167","UBE2G2",0.0567249750000001,-1.79633617941416,0.220343605324504
"2168","UBE2H",0.07813796,-8.55522755624029,0.0134890162597522
"2169","UBE2I",-0.00114564999999994,0.0169990931506644,0.989147166174596
"2170","UBE2J2",0.00154622999999998,-0.0456108958441069,0.968362552727367
"2171","UBE2K",0.0323897899999999,-0.854239190137233,0.493314409686509
"2172","UBE2L3",-0.013805925,0.41978316582561,0.746253767526252
"2173","UBE2M",-0.0141924699999999,0.349283686227629,0.784733010385251
"2174","UBE2N",0.032823155,-0.948533635076009,0.456052642928497
"2175","UBE2Q1",-0.0465800299999999,1.5500672158602,0.345540625181815
"2176","UBE2S",0.1128515,-1.94743982516074,0.287890856610457
"2177","UBE3D",0.0592311,-3.88622507758839,0.0603932196416161
"2178","UBE4B",0.124906855,-1.7814182000307,0.324127242990595
"2179","UBIAD1",-0.00249255000000015,0.0348185454288437,0.977830807854391
"2180","UBL5",-0.00934932499999996,0.233103095284656,0.853684780584218
"2181","UBR4",0.097732935,-1.23655683581351,0.432796923387063
"2182","UBR5",0.03067212,-0.92354717178907,0.501898083216676
"2183","UBTF",-0.00207505500000005,0.0825314758173798,0.941924416509795
"2184","UBXN4",0.013424625,-0.335527724359588,0.772901657119513
"2185","UCHL5",0.066566975,-5.84465706561025,0.0967141072424823
"2186","UFD1",0.09137324,-1.7383237779219,0.331698104969643
"2187","UFL1",0.0858287250000001,-3.85809555867697,0.0678119664140002
"2188","UFM1",0.07458865,-2.6778154930695,0.216438860002448
"2189","UFSP2",0.0857738300000001,-8.07084745654715,0.073019557129631
"2190","UGCG",0.045687225,-1.71199366002789,0.320442153190416
"2191","UGP2",0.00569606499999997,-0.0827888246463294,0.942479259189885
"2192","UMPS",0.0405141,-0.749896436290758,0.58404051466631
"2193","UNC50",0.0600307250000001,-4.09430942147888,0.054904328524172
"2194","UPF1",0.02585671,-2.53537719236456,0.175954696848789
"2195","UPF2",-0.04637718,1.17952601500786,0.446245744135634
"2196","UQCR10",0.04113525,-2.61314200653806,0.132860085729339
"2197","UQCRB",0.0516179999999999,-14.5265002890817,0.01181402103761
"2198","UQCRC1",0.02738327,-1.47344976972554,0.279858521092273
"2199","UQCRC2",0.0439837450000001,-3.48282995203805,0.082424899709657
"2200","UQCRFS1",-0.0123674850000001,0.557329709225913,0.635978507214133
"2201","URB1",0.0567688000000001,-2.49826089993209,0.22657465446849
"2202","URB2",-0.00384538500000009,0.14194187307924,0.909092884034262
"2203","URI1",0.0162341549999999,-0.955246190311926,0.448570241308204
"2204","URM1",0.041624755,-0.825504490174445,0.530805393122255
"2205","UROD",0.07504128,-3.39733469686143,0.0777853738821718
"2206","UROS",0.10362515,-2.28764812555639,0.2314409537653
"2207","USE1",0.0270446,-0.813011484245749,0.531181814300031
"2208","USP1",0.0628496700000001,-1.64742014517953,0.275728065766707
"2209","USP10",0.12087522,-3.1410992682048,0.176190723393571
"2210","USP14",-0.019981075,0.439699964759682,0.727731660994395
"2211","USP17L10",0.0781639850000001,-0.919607390960318,0.517615999438076
"2212","USP18",0.048137685,-2.10236911071168,0.2137858598325
"2213","USP36",0.0567886950000001,-4.52137334334633,0.132799749061062
"2214","USP37",0.01186614,-0.289234566742903,0.815539033813258
"2215","USP39",-0.01459713,0.213147843884658,0.853967101597497
"2216","USP5",-0.0478691250000001,1.3104948755698,0.320598093328903
"2217","USP7",0.042311415,-5.23480992632088,0.0446369292921255
"2218","USP8",0.02614465,-0.770198975918176,0.577096045308648
"2219","USP9X",0.059194655,-1.4416450012617,0.378828111379926
"2220","USPL1",0.032445265,-1.14594364702428,0.421367665741497
"2221","UTP11",0.0421803000000001,-1.45750780761531,0.330702382918198
"2222","UTP15",-0.01301938,0.791535930982075,0.57113104181138
"2223","UTP18",0.03180797,-1.89515580547008,0.309019914612152
"2224","UTP20",0.122545365,-8.33955338649771,0.0368947421813179
"2225","UTP23",0.090598835,-1.28176752572745,0.410228871693704
"2226","UTP3",0.07774893,-1.68904530835044,0.233271191270234
"2227","UTP4",-0.04012134,1.9339210606509,0.199603652178258
"2228","UXS1",0.00210262499999991,-0.0999247255764073,0.935315369693616
"2229","UXT",0.083591385,-1.60783844306546,0.266333010968312
"2230","VARS1",-0.0181849999999999,0.530850683425005,0.681947746096048
"2231","VARS2",0.05314255,-1.12902588001914,0.376830825611791
"2232","VBP1",0.10773713,-6.6297954879616,0.0813796054737567
"2233","VCL",0.05375502,-2.60652830711701,0.221729048475473
"2234","VCP",-0.220970215,2.33049222246829,0.191894006710242
"2235","VCPIP1",0.0341561800000001,-1.02804184670842,0.469953265991687
"2236","VDAC1",0.064327955,-2.1354718471972,0.166544055417151
"2237","VHL",0.0541967499999999,-4.97590300205408,0.111600580685991
"2238","VIRMA",-0.06483785,8.03528313682772,0.0153737404771819
"2239","VMA21",0.0211884449999999,-0.28800131052915,0.818133195437195
"2240","VMP1",-0.0473638000000001,1.2119072586963,0.349355450230088
"2241","VPS13D",0.0538349950000001,-1.61270467337846,0.305130058847036
"2242","VPS16",0.14895187,-3.83101542759592,0.133404453806468
"2243","VPS18",0.12602693,-4.3107085630256,0.103433619946148
"2244","VPS25",0.0671404,-2.41269723557969,0.250048249716375
"2245","VPS28",0.060453285,-1.80338742363867,0.214889021414209
"2246","VPS29",0.054246455,-1.77243135956167,0.262692385943351
"2247","VPS33A",0.0884560000000001,-2.61399286573271,0.217613690984003
"2248","VPS35",0.0385294349999999,-1.28125424589146,0.354906924237924
"2249","VPS36",0.13954037,-3.63131465715629,0.100199233158391
"2250","VPS37A",0.0464045199999999,-0.550374789056454,0.679605368783593
"2251","VPS41",0.0219768950000001,-1.66772644368582,0.240493926451544
"2252","VPS45",0.04513919,-0.912893498972016,0.457903180912764
"2253","VPS4A",0.0881028700000001,-4.45820626478432,0.105836781009393
"2254","VPS4B",0.0168663849999999,-1.49906070233507,0.334985487542883
"2255","VPS51",0.11610135,-3.63441541404197,0.108512982715195
"2256","VPS52",0.076614955,-1.5945845989136,0.289463366563984
"2257","VPS53",0.093924005,-2.82887066393987,0.107444006770871
"2258","VPS54",0.187663825,-2.54156830126114,0.223061494081105
"2259","VRK1",-0.03987498,1.17099682132711,0.425516114289604
"2260","WAC",0.063135545,-2.8950182726236,0.187139568383983
"2261","WARS1",0.145489105,-4.14170830359904,0.0796970744629298
"2262","WARS2",0.08114392,-1.68448817440681,0.281761724116311
"2263","WASHC2C",0.03876675,-1.34689344396469,0.404129614052977
"2264","WASHC3",0.0346569000000001,-0.733475300442828,0.589633470010438
"2265","WBP11",0.11033756,-1.7869466270578,0.282682237738098
"2266","WDHD1",0.02463562,-0.670046147131634,0.617152917170744
"2267","WDR1",0.052024645,-1.41525986014244,0.334616222480024
"2268","WDR12",0.0110016150000001,-1.03358377436624,0.418129869004236
"2269","WDR18",0.0496028399999999,-3.81133416540476,0.0657685662184672
"2270","WDR24",0.02512744,-0.570521802394564,0.653999828310857
"2271","WDR26",0.0304532749999999,-0.637333638044461,0.599033718744215
"2272","WDR3",0.05955407,-1.40882821180909,0.322064003597993
"2273","WDR33",3.80200000000275e-05,-0.00136833107245005,0.999123944383098
"2274","WDR36",0.01490263,-0.237246759190019,0.840603295743553
"2275","WDR4",0.0546415099999999,-2.65589655540042,0.197323329611127
"2276","WDR43",-0.00087265999999997,0.0302470444872281,0.979422434767452
"2277","WDR46",0.0497544249999999,-2.1533661135042,0.194715599532648
"2278","WDR48",0.12652721,-2.97310668593815,0.206042216243717
"2279","WDR5",0.05794622,-0.637628837766088,0.637329050168848
"2280","WDR55",0.0959586849999999,-0.950993141088604,0.497183108055485
"2281","WDR7",0.02223835,-0.712608931879906,0.557741268293963
"2282","WDR73",-0.00208782499999993,0.0495923228070349,0.964985439521809
"2283","WDR74",-0.06228018,1.05842011865607,0.409782493013729
"2284","WDR75",-0.01372103,1.44347869803024,0.30969966215637
"2285","WDR77",0.02650245,-1.30811773860755,0.372356908211183
"2286","WDR82",0.020272775,-1.64479752432136,0.243384547461452
"2287","WDR83",-0.00273812500000004,0.036243390091617,0.976651930274146
"2288","WEE1",0.0840036,-0.772077049620215,0.539157623848027
"2289","WNK1",0.0278577800000001,-0.822323845503135,0.538069983620599
"2290","WRN",0.0146869649999999,-0.947088261274324,0.515771442574846
"2291","WTAP",0.0406705749999999,-1.53040634540431,0.358393717810004
"2292","WWTR1",0.0292137399999999,-0.996717740221606,0.446162882060956
"2293","XAB2",0.04873919,-1.00584286871705,0.497412902958204
"2294","XPO1",-0.020605685,0.729389204350035,0.550593225285997
"2295","XPO5",0.0788054250000001,-1.34440069216359,0.395317119982571
"2296","XPOT",0.0365494800000001,-0.433532252562098,0.724507604705884
"2297","XPR1",-0.00488704499999992,0.321276077141851,0.796438975268456
"2298","XRCC2",0.0120738499999999,-0.435490643968341,0.726957081884178
"2299","XRCC3",0.015055055,-0.622195534398463,0.597357974323043
"2300","XRCC5",0.0501620500000001,-1.14417308998911,0.455738882217503
"2301","XRCC6",0.043601,-1.05879672134688,0.446049907701648
"2302","XRN1",0.01905398,-0.349553588015358,0.778823916004824
"2303","XRN2",0.0257150449999999,-0.283815088385013,0.814459584497797
"2304","XYLT2",0.10162582,-1.92762552346649,0.196223645980551
"2305","YAP1",0.13403393,-2.98390303396716,0.202756809807866
"2306","YARS1",-0.03861391,0.939286182066327,0.457956726598129
"2307","YARS2",0.0873665000000001,-2.54531281161275,0.229625659326131
"2308","YBX1",0.07433822,-1.07668843091357,0.396570976995006
"2309","YEATS2",0.0493082999999999,-0.831885041581313,0.535535937609211
"2310","YEATS4",0.02410855,-0.99997438117882,0.435285071842655
"2311","YJU2",0.100819435,-2.49627650847857,0.188573224774974
"2312","YJU2B",0.085448245,-0.915977155250947,0.476811762062456
"2313","YKT6",0.025520275,-0.432553679288667,0.712488108106069
"2314","YME1L1",0.1076804,-4.66943788301448,0.123416444661828
"2315","YRDC",0.01459318,-0.196353387476025,0.873676903614408
"2316","YTHDF2",0.00617233500000003,-0.161594142592848,0.887228664785614
"2317","YWHAE",0.0813830000000001,-1.92368645204981,0.290875816325131
"2318","YY1",0.01047347,-0.564028376380504,0.630662057446924
"2319","ZBTB7A",0.12941054,-1.96107049317038,0.255223192590711
"2320","ZBTB8OS",0.0613214,-0.766744279576969,0.564820735758894
"2321","ZC3H10",0.043804155,-0.789537881296161,0.521318585870488
"2322","ZC3H13",0.0640322799999999,-2.24949660060402,0.191861755871842
"2323","ZC3H18",-0.01540433,0.650934780054056,0.589162914907303
"2324","ZC3H8",-0.0120440000000001,0.359602035402306,0.777846716933775
"2325","ZCRB1",0.00293820999999994,-0.041817036216698,0.972677724555512
"2326","ZEB1",-0.00758007000000005,0.0846141632752983,0.940341755653266
"2327","ZEB2",0.03400436,-1.25200316748458,0.38943819128878
"2328","ZFC3H1",0.00107380499999998,-0.0359774299796666,0.975193858653538
"2329","ZFP36L1",0.09743327,-2.44348593123392,0.228386759695042
"2330","ZFP36L2",0.11678647,-2.24126494837505,0.267006031151557
"2331","ZFX",0.00635103500000012,-0.104227335905863,0.929167257810059
"2332","ZMAT2",0.0856349649999999,-1.54466564962671,0.290606663936614
"2333","ZMAT5",0.07076735,-7.91820661113315,0.0257331963832054
"2334","ZMYND8",0.07956685,-4.95819659075651,0.0474448681191444
"2335","ZNF131",0.00941384499999987,-0.361974468852613,0.77873365974452
"2336","ZNF207",-0.0305973900000001,0.586735295891782,0.617027155480276
"2337","ZNF217",0.0484307499999999,-0.808728346180642,0.55803660168152
"2338","ZNF236",0.116219855,-6.21294925813727,0.0989724708808332
"2339","ZNF407",0.020776275,-0.60381044715382,0.607336421793548
"2340","ZNF574",0.092239235,-6.26761711953993,0.0312121927668719
"2341","ZNF622",0.05733987,-1.69356145927348,0.242522550322343
"2342","ZNF830",0.00459627000000007,-0.189480095814818,0.877231236574267
"2343","ZNHIT1",0.136354245,-1.83418779707472,0.295659724830588
"2344","ZNHIT3",0.07732197,-1.64492188110614,0.331494561000591
"2345","ZNHIT6",0.049406205,-0.837917405687152,0.490307220170248
"2346","ZPR1",-0.00109565499999997,0.0987433800531818,0.937243169483911
"2347","ZRANB2",0.13196911,-3.7717431996169,0.0956848969099097
"2348","ZRSR2",0.0482154149999999,-1.67213147571142,0.255751821211009
"2349","ZW10",0.0309700550000001,-0.621514126996255,0.61931680852711
"2350","ZWINT",0.0160498800000001,-0.341423272901672,0.766598425129571
