ID,Description,setSize,enrichmentScore,NES,pvalue,p.adjust,qvalues,rank,leading_edge,core_enrichment,ids
BLALOCK_ALZHEIMERS_DISEASE_UP,BLALOCK_ALZHEIMERS_DISEASE_UP,187,0.214446944,2.232480261,0.001042753,0.021051198,0.012570233,661,"tags=65%, list=51%, signal=37%",TIPARP/TGIF1/PARD3/TP53/TFAP2A/UGCG/SLC35A2/FDFT1/GSK3B/SOX9/ASCL1/SHC1/TCF3/WWTR1/SUPT20H/PAK2/CTNNA1/FGFR1/MAPK1/LMNB1/SNAI2/RRAGC/CARM1/SMARCD1/SPTLC2/MYCN/TCF7L2/CSK/MTF1/MED13/DPH1/SLC2A1/COQ7/CCND3/SREBF1/BCL6/SOX2/EGFR/KLF5/SLC33A1/ITGB5/RCC1L/HMBS/NDE1/JUN/STK11/CREBBP/PDSS2/KMT2A/G6PD/JMJD6/FBXO11/WRN/TCOF1/SINHCAF/PXN/BRD2/LDLR/PDSS1/POLR2M/ARIH2/HTRA2/RBM8A/PI4KB/MED24/RASA4/HDAC1/CDC25B/LARP7/SLC7A5/KDM2A/DLG5/ITPK1/LMNA/TNPO1/ZNF236/SLC25A1/MRPL57/MGAT1/NPEPPS/RBM15/MT2A/CHD1/CCDC22/EDF1/PCM1/ING3/SLC4A7/CRKL/FDPS/RANBP3/KDSR/BRPF1/BRAP/FZR1/BMPR1A/BIRC2/POLRMT/FLII/IGF1R/EP300/PPP6R3/CFLAR/ARID1A/CXXC1/DICER1/DAZAP1/CSDE1/SETD2/PBRM1/PSMF1/STAG1/PPM1D/USP10/MRGBP/LUC7L2/KIF2C/IRS2/PTPA/CBFB/ZFP36L2/RHOQ,1
DACOSTA_UV_RESPONSE_VIA_ERCC3_DN,DACOSTA_UV_RESPONSE_VIA_ERCC3_DN,127,0.265474662,2.490868933,0.001083424,0.021051198,0.012570233,622,"tags=68%, list=48%, signal=39%",ROCK2/ZEB1/TIPARP/TGIF1/COG5/ACSL4/PTEN/STXBP3/ADNP/ATP2B1/PICALM/PARD3/SMAD7/UGCG/ARHGEF7/DUSP4/KIDINS220/PTPN1/GSK3B/SMCHD1/SOX9/WWTR1/SUPT20H/TP53BP1/PTK2/DNAJC13/LMNB1/CDH2/TCF7L2/MED13/RUNX1/SMARCA2/MNT/FERMT2/SOS1/EGFR/PPP2R2A/ZEB2/ANKRD17/PKN2/JUN/TEAD1/CREBBP/MTX2/EMC2/ACSL3/DYRK1A/WRN/MAPK14/LDLR/ATP2C1/YAP1/RAB6A/SUCO/APC/EXT1/CAND1/MBNL1/E2F3/CCND1/SLC7A1/GIGYF2/CDS2/CCDC6/NPEPPS/SCAF8/CHD1/CDK8/TAF4/SLC4A7/RB1CC1/PMM2/TXNRD1/ARHGAP29/BMPR1A/IGF1R/ZMYND8/VCL/SUZ12/DICER1/CNOT4/FBXW11/SETD2/STAG1/RCOR1/CSNK2A1,2
KOINUMA_TARGETS_OF_SMAD2_OR_SMAD3,KOINUMA_TARGETS_OF_SMAD2_OR_SMAD3,92,0.275278967,2.3460398,0.001126126,0.021051198,0.012570233,608,"tags=67%, list=47%, signal=39%",CMIP/TIPARP/AHR/TGIF1/GATA3/CDKN1A/PICALM/RNH1/TFAP2A/SMAD7/ITGB1/WWTR1/FERMT1/PTK2/SLC38A2/ATP1B3/SNAI2/RUNX1/SSBP3/DOCK5/MYH9/MNT/SREBF1/TMEM80/EGFR/FOSL1/RCC1L/ITGAV/GLS/ARID2/NDE1/FCHO2/TLN1/BRD2/YAP1/EXT1/JUNB/MBNL1/SLC20A1/IRF2BP2/SLC7A5/EXT2/MORF4L1/SNAP23/TNPO1/COQ2/SLC7A1/ZW10/MIOS/IKBKG/MT2A/FURIN/SLC25A28/TXNRD1/METTL17/POLG/ARID1A/ZMYND8/VCL/VPS35/EEF2KMT/TEDC1,3
MOOTHA_HUMAN_MITODB_6_2002,MOOTHA_HUMAN_MITODB_6_2002,94,0.25005458,2.131849113,0.001128668,0.021051198,0.012570233,785,"tags=81%, list=60%, signal=34%",PDHA1/ACSL4/COQ7/RAF1/NDUFC1/GLS/HCCS/NDUFA3/ACSL3/ALDH18A1/CYB5B/NDUFA10/CPOX/NDUFV2/NDUFA2/NDUFS8/NDUFS3/NDUFC2/MTCH2/NDUFB8/SLC25A1/MRPL57/NDUFA8/UQCRB/NDUFS2/NDUFB7/NDUFB2/NDUFB6/COX4I1/NDUFA1/SLC25A28/TIMM17A/NDUFS7/NDUFB3/UROS/POLG2/NDUFA6/POLRMT/POLG/NDUFS1/NDUFS5/SDHD/MRPS17/COX11/COX6A1/COX5A/IDH3A/NDUFA9/UQCRC2/ATP5MG/NDUFA4/GATB/REXO2/TIMM8A/GPX4/ATP5ME/FECH/MRPS34/CYC1/MRPL2/COX7B/MRPL13/TOMM70/COX6C/ATP5F1C/AK2/ATP5PO/MRPS16/DHODH/COX7C/SSBP1/SDHC/MRPS2/ATP5PB/FDX1/COX17,4
MILI_PSEUDOPODIA_HAPTOTAXIS_DN,MILI_PSEUDOPODIA_HAPTOTAXIS_DN,81,0.279489245,2.277673428,0.001148106,0.021051198,0.012570233,664,"tags=73%, list=51%, signal=38%",TAPT1/SLC16A1/ARHGEF7/SLC35A2/ITGA3/DERL2/ITGB1/FGFR1/SLC38A2/SPTLC2/SLC2A1/UXS1/ERBB2/SREBF1/SLC35B2/MED15/MANF/TM9SF3/STT3A/MMGT1/SQLE/ICMT/TLN1/LDLR/SUCO/SLC20A1/TAF5L/EMC1/TMX2/SLC7A5/UNC50/ANKRD11/EXT2/CERS2/SURF4/DOLK/ALG12/MGAT1/CDS2/TTC7A/SLC4A7/KDSR/FAF2/FZR1/POLRMT/POLG/IGF1R/SLC39A10/ARID1A/ZMYND8/VCL/SPTLC1/EMC7/HSD17B12/PTPN23/UBIAD1/GLRX3/MEN1/ATG9A,5
GRESHOCK_CANCER_COPY_NUMBER_UP,GRESHOCK_CANCER_COPY_NUMBER_UP,77,0.314988432,2.529580888,0.001149425,0.021051198,0.012570233,514,"tags=65%, list=40%, signal=42%",NF2/FLCN/ARNT/CDH1/PTEN/PICALM/BCL9/TP53/FBXW7/NF1/PAX8/BRAF/IRF4/TCF3/TSC2/TSC1/FGFR1/MYCN/RUNX1/FLI1/MYH9/ERBB2/CCND3/BCL6/NRAS/EGFR/HOXD13/STK11/CREBBP/KMT2A/WRN/PDE4DIP/APC/EXT1/PTPN11/CTNNB1/PIK3CA/EXT2/CCND2/HSP90AB1/CCND1/NCOA4/CCDC6/RBM15/CEP43/PCM1/CDK6/SH3GL1/PRKAR1A/KDSR,6
REACTOME_SIGNALING_BY_RECEPTOR_TYROSINE_KINASES,REACTOME_SIGNALING_BY_RECEPTOR_TYROSINE_KINASES,74,0.335357281,2.651097905,0.001156069,0.021051198,0.012570233,353,"tags=54%, list=27%, signal=42%",ROCK2/GAB1/BRK1/ARF6/BCAR1/PIK3R1/ARHGEF7/DUSP4/KIDINS220/BRAF/ITGA3/PTPN1/ITGB1/MEF2C/ASCL1/SHC1/ELMO2/PAK2/CTNNA1/FGFR1/PTK2/MUC20/MAPK1/CSK/RICTOR/ERBB2/NRAS/SOS1/EGFR/FOSL1/ITGAV/CRK/ERBB3/PIK3CB/MAPK14/PXN/YAP1/JUNB/PTPN11/CTNNB1,7
KEGG_PATHWAYS_IN_CANCER,KEGG_PATHWAYS_IN_CANCER,64,0.401657348,3.051497846,0.001160093,0.021051198,0.012570233,554,"tags=78%, list=43%, signal=47%",ARNT/CDKN1A/CDH1/PTEN/TGFBR1/PIK3R1/TP53/PAX8/BRAF/ITGA3/GSK3B/ITGB1/CTNNA1/FGFR1/PTK2/MAPK1/TCF7L2/RUNX1/SLC2A1/ERBB2/FADD/NRAS/SOS1/EGFR/E2F1/RAF1/ITGAV/JUN/CREBBP/CRK/PIK3CB/APC/EGLN1/E2F3/CTNNB1/HDAC1/PIK3CA/RAC3/HSP90AB1/CCND1/NCOA4/CCDC6/IKBKG/CCNE1/CDK6/CRKL/BIRC2/IGF1R/TRAF2/EP300,8
REACTOME_DISEASES_OF_SIGNAL_TRANSDUCTION_BY_GROWTH_FACTOR_RECEPTORS_AND_SECOND_MESSENGERS,REACTOME_DISEASES_OF_SIGNAL_TRANSDUCTION_BY_GROWTH_FACTOR_RECEPTORS_AND_SECOND_MESSENGERS,64,0.299518988,2.275525523,0.001160093,0.021051198,0.012570233,373,"tags=52%, list=29%, signal=39%",CDKN1A/GAB1/PTEN/TGFBR1/PIK3R1/FBXW7/NF1/BRAF/DERL2/GSK3B/SHC1/TSC2/FGFR1/MAPK1/TCF7L2/CSK/RICTOR/ERBB2/NRAS/SOS1/EGFR/RAF1/CCNC/MIB1/CREBBP/ERBB3/PIK3CB/TLN1/APC/PTPN11/CTNNB1/HDAC1/PIK3CA,9
REACTOME_HEMOSTASIS,REACTOME_HEMOSTASIS,64,0.33518704,2.54650521,0.001160093,0.021051198,0.012570233,391,"tags=58%, list=30%, signal=42%",GNA13/GATA3/STXBP3/ATP2B1/BCAR1/PIK3R1/SLC16A1/TP53/ITGA3/PTPN1/ITGB1/SHC1/PTK2/IRF2/ATP1B3/MAPK1/VPS45/CSK/STX4/DOCK5/CAP1/NRAS/SOS1/MANF/RAF1/ITGAV/CRK/RBSN/PIK3CB/TLN1/MAPK14/MYB/PTPN11/HDAC1/PIK3CA/SLC7A5/ITPK1,10
REACTOME_THE_CITRIC_ACID_TCA_CYCLE_AND_RESPIRATORY_ELECTRON_TRANSPORT,REACTOME_THE_CITRIC_ACID_TCA_CYCLE_AND_RESPIRATORY_ELECTRON_TRANSPORT,62,0.318849506,2.38350551,0.001165501,0.021051198,0.012570233,712,"tags=84%, list=55%, signal=40%",PDHA1/SLC16A1/NDUFAF4/NDUFAF6/NDUFC1/NDUFA3/NDUFAF3/NDUFA10/NDUFV2/COX19/NDUFA2/NDUFAF1/NDUFS8/NDUFS3/COX18/NDUFC2/NDUFB8/NDUFAF7/NDUFA8/UQCRB/UQCR10/NDUFS2/NDUFB7/NDUFB11/NDUFB2/NDUFA11/NDUFB6/COX4I1/NDUFA1/SCO2/NDUFS7/NDUFB3/NDUFA6/NDUFS1/NDUFB10/NDUFS5/SDHD/COX11/COX6A1/COX5A/IDH3A/NDUFA9/UQCRC2/ATP5MG/NDUFA4/ATP5ME/CYC1/NDUFB9/COX7B/COX6C/ATP5F1C/ATP5PO,11
REACTOME_RESPIRATORY_ELECTRON_TRANSPORT_ATP_SYNTHESIS_BY_CHEMIOSMOTIC_COUPLING_AND_HEAT_PRODUCTION_BY_UNCOUPLING_PROTEINS,REACTOME_RESPIRATORY_ELECTRON_TRANSPORT_ATP_SYNTHESIS_BY_CHEMIOSMOTIC_COUPLING_AND_HEAT_PRODUCTION_BY_UNCOUPLING_PROTEINS,58,0.323466689,2.371455658,0.001177856,0.021051198,0.012570233,712,"tags=84%, list=55%, signal=40%",NDUFAF4/NDUFAF6/NDUFC1/NDUFA3/NDUFAF3/NDUFA10/NDUFV2/COX19/NDUFA2/NDUFAF1/NDUFS8/NDUFS3/COX18/NDUFC2/NDUFB8/NDUFAF7/NDUFA8/UQCRB/UQCR10/NDUFS2/NDUFB7/NDUFB11/NDUFB2/NDUFA11/NDUFB6/COX4I1/NDUFA1/SCO2/NDUFS7/NDUFB3/NDUFA6/NDUFS1/NDUFB10/NDUFS5/SDHD/COX11/COX6A1/COX5A/NDUFA9/UQCRC2/ATP5MG/NDUFA4/ATP5ME/CYC1/NDUFB9/COX7B/COX6C/ATP5F1C/ATP5PO,12
MILI_PSEUDOPODIA_CHEMOTAXIS_DN,MILI_PSEUDOPODIA_CHEMOTAXIS_DN,52,0.331116714,2.338143928,0.001201923,0.021051198,0.012570233,576,"tags=71%, list=44%, signal=41%",TGIF1/GGNBP2/BCL9/SLC16A1/SLC35A2/ITGA3/GSK3B/ITGB1/HSF1/CTNNA1/FGFR1/SLC38A2/SOCS3/SLC2A1/MED15/STT3A/TLN1/LDLR/SLC20A1/CHKA/CTNNB1/EMC1/ANKRD11/MTCH2/DOLK/CDS2/TTC7A/SLC4A7/RANBP3/BIRC2/USP14/POLG/IGF1R/ACLY/PPP6R3/VCL/SPTLC1,13
WP_NONALCOHOLIC_FATTY_LIVER_DISEASE,WP_NONALCOHOLIC_FATTY_LIVER_DISEASE,52,0.412826674,2.915129739,0.001201923,0.021051198,0.012570233,693,"tags=92%, list=53%, signal=45%",PIK3R1/SMAD7/GSK3B/SOCS3/SREBF1/NDUFC1/JUN/NDUFA3/PIK3CB/NDUFA10/NDUFV2/NDUFA2/PIK3CA/NDUFS8/NDUFS3/NDUFC2/ATF4/NDUFB8/NDUFA8/UQCRB/UQCR10/NDUFS2/NDUFB7/NDUFB11/NDUFB2/NDUFA11/NDUFB6/COX4I1/NDUFA1/NDUFS7/NDUFB3/NDUFA6/NDUFS1/TRAF2/NDUFB10/NDUFS5/SDHD/COX6A1/COX5A/NDUFA9/UQCRC2/NDUFA4/IRS2/CYC1/NDUFB9/COX7B/COX6C/RELA,14
CUI_TCF21_TARGETS_2_DN,CUI_TCF21_TARGETS_2_DN,50,0.44504118,3.100889859,0.001204819,0.021051198,0.012570233,649,"tags=92%, list=50%, signal=48%",KIRREL1/TAOK1/TIPARP/GATA3/ACSL4/ARNT/STXBP3/RFK/ITGB1/MEF2C/PTAR1/WWTR1/ZFX/SPTLC2/MED13/RICTOR/DOCK5/FLI1/FERMT2/ZEB2/SLC33A1/ITGB5/CREBBP/CRK/PARD6B/PDE4DIP/POLR2M/IRF2BP2/PIK3CA/UGP2/SNAP23/VMA21/NCOA4/ING3/EXOC8/MED23/ARHGAP29/BMPR1A/EP300/CFLAR/VCL/EMC7/EAF1/LUC7L2/TADA2B/VPS54,15
PEREZ_TP53_TARGETS,PEREZ_TP53_TARGETS,51,0.340524008,2.385776807,0.001204819,0.021051198,0.012570233,627,"tags=78%, list=48%, signal=42%",MON2/GATA3/CDKN1A/GAB1/TMEM165/SMAD7/RFK/IRF4/ASCL1/ELMO2/TSC2/HS6ST1/CNIH4/FLI1/ARID2/FCHO2/UBE2Q1/MYB/LDB1/JUNB/MBNL1/SPTSSA/CHKA/KDM2A/EXT2/DLG5/ADRM1/SLC7A1/GRHL2/CRAMP1/CEP43/BRPF1/MED23/BAP1/IGF1R/CFLAR/MDM2/EAF1/USP18/RIC1,16
REACTOME_MAPK_FAMILY_SIGNALING_CASCADES,REACTOME_MAPK_FAMILY_SIGNALING_CASCADES,45,0.339052366,2.27291869,0.001216545,0.021051198,0.012570233,373,"tags=56%, list=29%, signal=41%",GOLGA7/PIK3R1/NF1/DUSP4/BRAF/SHC1/PAK2/FGFR1/PTK2/MAPK1/CSK/ERBB2/CCND3/NRAS/SOS1/EGFR/RAF1/JUN/ICMT/ERBB3/PIK3CB/TLN1/PTPN11/RASA4/PIK3CA,17
KEGG_ALZHEIMERS_DISEASE,KEGG_ALZHEIMERS_DISEASE,48,0.318171022,2.173846522,0.001221001,0.021051198,0.012570233,779,"tags=90%, list=60%, signal=37%",GSK3B/MAPK1/FADD/NDUFC1/NDUFA3/CHP1/NDUFA10/NDUFV2/NDUFA2/NDUFS8/NDUFS3/NDUFC2/NDUFB8/NDUFA8/UQCRB/UQCR10/NDUFS2/NDUFB7/NDUFB2/NDUFB6/COX4I1/NDUFA1/NDUFS7/NDUFB3/NDUFA6/NDUFS1/NDUFB10/NDUFS5/SDHD/COX6A1/COX5A/NDUFA9/UQCRC2/NDUFA4/CYC1/NDUFB9/COX7B/COX6C/ATP5F1C/ATP5PO/COX7C/SDHC/ATP5PB,18
REACTOME_RESPIRATORY_ELECTRON_TRANSPORT,REACTOME_RESPIRATORY_ELECTRON_TRANSPORT,48,0.425987596,2.910483952,0.001221001,0.021051198,0.012570233,691,"tags=94%, list=53%, signal=46%",NDUFAF4/NDUFAF6/NDUFC1/NDUFA3/NDUFAF3/NDUFA10/NDUFV2/COX19/NDUFA2/NDUFAF1/NDUFS8/NDUFS3/COX18/NDUFC2/NDUFB8/NDUFAF7/NDUFA8/UQCRB/UQCR10/NDUFS2/NDUFB7/NDUFB11/NDUFB2/NDUFA11/NDUFB6/COX4I1/NDUFA1/SCO2/NDUFS7/NDUFB3/NDUFA6/NDUFS1/NDUFB10/NDUFS5/SDHD/COX11/COX6A1/COX5A/NDUFA9/UQCRC2/NDUFA4/CYC1/NDUFB9/COX7B/COX6C,19
WP_PI3KAKT_SIGNALING_PATHWAY,WP_PI3KAKT_SIGNALING_PATHWAY,47,0.344759912,2.343539549,0.001221001,0.021051198,0.012570233,490,"tags=68%, list=38%, signal=44%",CDKN1A/PTEN/PIK3R1/TP53/ITGA3/GSK3B/ITGB1/TSC2/TSC1/FGFR1/PTK2/MAPK1/CCND3/NRAS/SOS1/EGFR/PPP2R2A/ITGB5/PKN2/RAF1/ITGAV/STK11/PIK3CB/MYB/PIK3CA/CCND2/ATF4/HSP90AB1/CCND1/IKBKG/CCNE1/CDK6,20
DUTERTRE_ESTRADIOL_RESPONSE_24HR_DN,DUTERTRE_ESTRADIOL_RESPONSE_24HR_DN,38,0.439960552,2.723766395,0.001231527,0.021051198,0.012570233,332,"tags=66%, list=26%, signal=50%",ROCK2/MAP4K4/AHR/CDKN1A/GAB1/ATP2B1/TFAP2A/DUSP4/CAB39/TP63/WWTR1/SNAI2/CDH2/SLC35A1/MYH9/ERBB2/FERMT2/KLF5/ARID4B/ITGAV/JUN/FCHO2/ACSL3/EXT1/JUNB,21
BRUINS_UVC_RESPONSE_VIA_TP53_GROUP_A,BRUINS_UVC_RESPONSE_VIA_TP53_GROUP_A,35,0.423175585,2.551690303,0.001233046,0.021051198,0.012570233,268,"tags=57%, list=21%, signal=47%",GATA3/CDH1/ATP2B1/RNH1/PIK3R1/MEF2C/ASCL1/GNPNAT1/DPH1/DOCK5/BCL6/MED15/PPP2R2A/ZEB2/EMC6/FOSL1/TEAD1/KCTD10/PTCD1/RABIF,22
MEISSNER_BRAIN_HCP_WITH_H3K4ME3_AND_H3K27ME3,MEISSNER_BRAIN_HCP_WITH_H3K4ME3_AND_H3K27ME3,37,0.380151166,2.332380592,0.001233046,0.021051198,0.012570233,202,"tags=49%, list=16%, signal=42%",GAB1/CDH1/NFE2L2/DUSP4/ISL1/SOX9/ASCL1/WWTR1/MYCN/TCF7L2/RUNX1/DOCK5/FLI1/ERBB2/SOX2/EGFR/FOSL1/ITGB5,23
WP_TGFBETA_SIGNALING_PATHWAY,WP_TGFBETA_SIGNALING_PATHWAY,35,0.468062003,2.822349198,0.001233046,0.021051198,0.012570233,358,"tags=69%, list=28%, signal=51%",ZEB1/TGIF1/CDKN1A/TGFBR1/BCAR1/PIK3R1/TP53/SMAD7/ITGB1/MEF2C/SHC1/PAK2/PTK2/MAPK1/SOS1/ZEB2/RAF1/JUN/MAP3K7/CREBBP/MAPK14/YAP1/JUNB/HDAC1,24
FEVR_CTNNB1_TARGETS_UP,FEVR_CTNNB1_TARGETS_UP,43,0.399421763,2.592552174,0.001236094,0.021051198,0.012570233,570,"tags=79%, list=44%, signal=46%",GNA13/CDKN1A/UGCG/ITGA3/FDFT1/ELMO2/MTF1/SOCS3/SLC2A1/DOCK5/CAP1/MARK2/BCL6/ITGB5/GRK2/JUN/PARD6B/RAB6A/SUCO/VPS41/AQP7/JUNB/SLC20A1/SPRR2G/UGP2/LMNA/SURF4/CDS2/KCTD5/MT2A/PRKAR1A/HNF1B/NDUFS5/SLC3A2,25
WP_FOCAL_ADHESIONPI3KAKTMTORSIGNALING_PATHWAY,WP_FOCAL_ADHESIONPI3KAKTMTORSIGNALING_PATHWAY,41,0.387036665,2.471845883,0.001236094,0.021051198,0.012570233,277,"tags=56%, list=21%, signal=46%",CDKN1A/PTEN/PIK3R1/ITGA3/GSK3B/ITGB1/CAB39/TSC2/TSC1/FGFR1/PTK2/MAPK1/SLC2A1/SREBF1/NRAS/SOS1/EGFR/ITGB5/RAF1/ITGAV/STK11/PIK3CB/FOXA1,26
ZWANG_CLASS_1_TRANSIENTLY_INDUCED_BY_EGF,ZWANG_CLASS_1_TRANSIENTLY_INDUCED_BY_EGF,42,0.343937938,2.218412408,0.001236094,0.021051198,0.012570233,366,"tags=57%, list=28%, signal=42%",AHR/RNH1/BCAR1/DUSP4/PTPN1/ITGB1/SOX9/CAB39/SLC38A2/SNAI2/DOCK5/MNT/FOSL1/JUN/KCTD10/PARD6B/STK40/WRN/SINHCAF/LDLR/RAB6A/EXT1/IRF2BP2/TAF5L,27
KEGG_FOCAL_ADHESION,KEGG_FOCAL_ADHESION,40,0.442828605,2.790017525,0.001239157,0.021051198,0.012570233,419,"tags=72%, list=32%, signal=51%",ROCK2/PTEN/BCAR1/PIK3R1/BRAF/ITGA3/GSK3B/ITGB1/SHC1/PAK2/PTK2/MAPK1/ERBB2/CCND3/SOS1/EGFR/ITGB5/RAF1/ITGAV/JUN/CRK/PIK3CB/TLN1/PXN/CTNNB1/PIK3CA/CCND2/RAC3/CCND1,28
KEGG_REGULATION_OF_ACTIN_CYTOSKELETON,KEGG_REGULATION_OF_ACTIN_CYTOSKELETON,40,0.426221746,2.685386915,0.001239157,0.021051198,0.012570233,320,"tags=62%, list=25%, signal=49%",GNA13/ROCK2/BRK1/BCAR1/PIK3R1/ARHGEF7/BRAF/ITGA3/ITGB1/PAK2/FGFR1/PTK2/MAPK1/CSK/MYH9/NRAS/SOS1/EGFR/ITGB5/RAF1/ITGAV/CRK/PIK3CB/PXN/APC,29
WP_FOCAL_ADHESION,WP_FOCAL_ADHESION,40,0.442828605,2.790017525,0.001239157,0.021051198,0.012570233,419,"tags=72%, list=32%, signal=51%",ROCK2/PTEN/BCAR1/PIK3R1/BRAF/ITGA3/GSK3B/ITGB1/SHC1/PAK2/PTK2/MAPK1/ERBB2/CCND3/SOS1/EGFR/ITGB5/RAF1/ITGAV/JUN/CRK/PIK3CB/TLN1/PXN/CTNNB1/PIK3CA/CCND2/RAC3/CCND1,30
CHARAFE_BREAST_CANCER_LUMINAL_VS_BASAL_DN,CHARAFE_BREAST_CANCER_LUMINAL_VS_BASAL_DN,32,0.448925648,2.615609761,0.001251564,0.021051198,0.012570233,334,"tags=66%, list=26%, signal=50%",KIRREL1/MAP4K4/SLC16A1/NFE2L2/FDFT1/SMCHD1/ITGB1/TP63/WWTR1/FERMT1/ATP1B3/SNAI2/DOCK5/EGFR/KLF5/FOSL1/PKN2/CRK/YAP1/EXT1/MBNL1,31
KEGG_MAPK_SIGNALING_PATHWAY,KEGG_MAPK_SIGNALING_PATHWAY,32,0.445297616,2.594471485,0.001251564,0.021051198,0.012570233,405,"tags=72%, list=31%, signal=51%",TAOK1/MAP4K4/TGFBR1/TP53/NF1/DUSP4/BRAF/MEF2C/PAK2/FGFR1/MAPK1/NRAS/SOS1/EGFR/RAF1/JUN/MAP3K7/CRK/MAPK14/CHP1/CDC25B/RAC3/ATF4,32
KEGG_PROSTATE_CANCER,KEGG_PROSTATE_CANCER,32,0.446329186,2.600481801,0.001251564,0.021051198,0.012570233,698,"tags=97%, list=54%, signal=46%",CDKN1A/PTEN/PIK3R1/TP53/BRAF/GSK3B/FGFR1/MAPK1/TCF7L2/ERBB2/NRAS/SOS1/EGFR/E2F1/RAF1/CREBBP/PIK3CB/E2F3/CTNNB1/PIK3CA/ATF4/HSP90AB1/CCND1/IKBKG/CCNE1/IGF1R/EP300/MDM2/HSP90B1/RELA/KRAS,33
WP_EGFEGFR_SIGNALING_PATHWAY,WP_EGFEGFR_SIGNALING_PATHWAY,32,0.451284246,2.629351845,0.001251564,0.021051198,0.012570233,251,"tags=59%, list=19%, signal=49%",GAB1/PTEN/ARF6/BCAR1/PIK3R1/BRAF/MEF2C/SHC1/PTK2/MAPK1/CSK/RICTOR/ERBB2/SOS1/EGFR/E2F1/RAF1/JUN/CRK,34
WP_HEAD_AND_NECK_SQUAMOUS_CELL_CARCINOMA,WP_HEAD_AND_NECK_SQUAMOUS_CELL_CARCINOMA,32,0.421381958,2.455129858,0.001251564,0.021051198,0.012570233,275,"tags=59%, list=21%, signal=48%",CDKN1A/GAB1/PTEN/PIK3R1/NFE2L2/TP53/TSC2/TSC1/TP63/FGFR1/RICTOR/ERBB2/KEAP1/FADD/NRAS/EGFR/E2F1/STK11/PIK3CB,35
HAN_SATB1_TARGETS_DN,HAN_SATB1_TARGETS_DN,30,0.387827885,2.194370308,0.001261034,0.021051198,0.012570233,299,"tags=57%, list=23%, signal=45%",SLC16A1/TPK1/ITGA3/DDX19A/CDH2/NDUFAF4/TCF7L2/ERBB2/ATMIN/EGFR/SLC33A1/SQLE/PDSS2/RABIF/ERBB3/PPME1/PXN,36
REACTOME_COMPLEX_I_BIOGENESIS,REACTOME_COMPLEX_I_BIOGENESIS,30,0.52009924,2.942775318,0.001261034,0.021051198,0.012570233,556,"tags=93%, list=43%, signal=55%",NDUFAF4/NDUFAF6/NDUFC1/NDUFA3/NDUFAF3/NDUFA10/NDUFV2/NDUFA2/NDUFAF1/NDUFS8/NDUFS3/NDUFC2/NDUFB8/NDUFAF7/NDUFA8/NDUFS2/NDUFB7/NDUFB11/NDUFB2/NDUFA11/NDUFB6/NDUFA1/NDUFS7/NDUFB3/NDUFA6/NDUFS1/NDUFB10/NDUFS5,37
WP_SIGNALING_PATHWAYS_IN_GLIOBLASTOMA,WP_SIGNALING_PATHWAYS_IN_GLIOBLASTOMA,30,0.432600976,2.44770109,0.001261034,0.021051198,0.012570233,554,"tags=83%, list=43%, signal=49%",CDKN1A/GAB1/PTEN/PIK3R1/TP53/NF1/BRAF/TSC2/TSC1/FGFR1/MAPK1/ERBB2/NRAS/EGFR/E2F1/RAF1/ERBB3/PIK3CB/PIK3CA/CCND2/CCND1/CCNE1/CDK6/IGF1R/EP300,38
WP_BREAST_CANCER_PATHWAY,WP_BREAST_CANCER_PATHWAY,31,0.431993419,2.477120586,0.001262626,0.021051198,0.012570233,373,"tags=68%, list=29%, signal=49%",CDKN1A/PTEN/PIK3R1/TP53/BRAF/GSK3B/SHC1/FGFR1/MAPK1/TCF7L2/ERBB2/NRAS/SOS1/EGFR/E2F1/RAF1/JUN/APC/E2F3/CTNNB1/PIK3CA,39
WP_INSULIN_SIGNALING,WP_INSULIN_SIGNALING,31,0.546918125,3.136117558,0.001262626,0.021051198,0.012570233,413,"tags=84%, list=32%, signal=59%",MAP4K4/GAB1/PTEN/STXBP3/ARF6/PIK3R1/PTPN1/GSK3B/SHC1/TSC2/TSC1/MAPK1/SOCS3/SLC2A1/STX4/CAP1/SOS1/RAF1/JUN/MAP3K7/CRK/PIK3CB/MAPK14/PTPN11/PIK3CA/SNAP23,40
WP_MAPK_SIGNALING_PATHWAY,WP_MAPK_SIGNALING_PATHWAY,31,0.436582685,2.503436186,0.001262626,0.021051198,0.012570233,405,"tags=71%, list=31%, signal=50%",TAOK1/MAP4K4/TGFBR1/TP53/NF1/DUSP4/BRAF/MEF2C/PAK2/FGFR1/MAPK1/NRAS/SOS1/EGFR/RAF1/JUN/MAP3K7/CRK/MAPK14/CDC25B/RAC3/ATF4,41
WP_REGULATION_OF_ACTIN_CYTOSKELETON,WP_REGULATION_OF_ACTIN_CYTOSKELETON,31,0.440629998,2.526644136,0.001262626,0.021051198,0.012570233,320,"tags=65%, list=25%, signal=50%",GNA13/ROCK2/BRK1/BCAR1/PIK3R1/ARHGEF7/BRAF/PAK2/FGFR1/PTK2/MAPK1/CSK/NRAS/SOS1/EGFR/RAF1/CRK/PIK3CB/PXN/APC,42
WP_DNA_DAMAGE_RESPONSE_ONLY_ATM_DEPENDENT,WP_DNA_DAMAGE_RESPONSE_ONLY_ATM_DEPENDENT,29,0.53911236,3.008629043,0.001264223,0.021051198,0.012570233,419,"tags=83%, list=32%, signal=57%",CDKN1A/PTEN/PIK3R1/TP53/GSK3B/SHC1/MAPK1/TCF7L2/ERBB2/CCND3/BCL6/NRAS/SOS1/FOSL1/JUN/MAP3K7/PIK3CB/LDLR/APC/CTNNB1/PIK3CA/CCND2/RAC3/CCND1,43
WP_GASTRIN_SIGNALING_PATHWAY,WP_GASTRIN_SIGNALING_PATHWAY,29,0.441784146,2.465468634,0.001264223,0.021051198,0.012570233,373,"tags=69%, list=29%, signal=50%",CDKN1A/CDH1/BCAR1/PIK3R1/GSK3B/ITGB1/MEF2C/SHC1/PTK2/MAPK1/SOS1/EGFR/RAF1/JUN/CRK/MAPK14/PXN/PTPN11/CTNNB1/PIK3CA,44
KEGG_CHRONIC_MYELOID_LEUKEMIA,KEGG_CHRONIC_MYELOID_LEUKEMIA,27,0.456104001,2.469203923,0.001293661,0.021051198,0.012570233,505,"tags=81%, list=39%, signal=51%",CDKN1A/TGFBR1/PIK3R1/TP53/BRAF/SHC1/MAPK1/RUNX1/NRAS/SOS1/E2F1/RAF1/CRK/PIK3CB/PTPN11/E2F3/HDAC1/PIK3CA/CCND1/IKBKG/CDK6/CRKL,45
SMID_BREAST_CANCER_BASAL_DN,SMID_BREAST_CANCER_BASAL_DN,27,0.509556481,2.758578875,0.001293661,0.021051198,0.012570233,571,"tags=93%, list=44%, signal=53%",KRT18/MON2/GATA3/FASN/UGCG/NF1/DUSP4/ASCL1/SPTLC2/COQ7/ERBB2/SREBF1/MSL1/ERBB3/ACSL3/MYB/MED24/COG7/DLG5/CCND1/ALG12/ACACA/SLC4A7/IGF1R/ZMYND8,46
WP_MITOCHONDRIAL_COMPLEX_I_ASSEMBLY_MODEL_OXPHOS_SYSTEM,WP_MITOCHONDRIAL_COMPLEX_I_ASSEMBLY_MODEL_OXPHOS_SYSTEM,27,0.548202928,2.967798612,0.001293661,0.021051198,0.012570233,556,"tags=96%, list=43%, signal=56%",NDUFAF4/NDUFAF6/FOXRED1/NDUFC1/NDUFA3/NDUFAF3/NDUFA10/NDUFV2/NDUFA2/NDUFAF1/NDUFS3/NDUFC2/NDUFB8/NDUFAF7/NDUFA8/NDUFS2/NDUFB7/NDUFB11/NDUFB2/NDUFB6/NDUFA1/NDUFB3/NDUFA6/NDUFS1/NDUFB10/NDUFS5,47
KEGG_CHEMOKINE_SIGNALING_PATHWAY,KEGG_CHEMOKINE_SIGNALING_PATHWAY,24,0.509917755,2.63836609,0.001297017,0.021051198,0.012570233,505,"tags=88%, list=39%, signal=54%",ROCK2/PARD3/BCAR1/PIK3R1/BRAF/GSK3B/SHC1/PTK2/MAPK1/CSK/NRAS/SOS1/RAF1/GRK2/CRK/PIK3CB/PXN/PIK3CA/IKBKG/CCL4/CRKL,48
REACTOME_PLATELET_ACTIVATION_SIGNALING_AND_AGGREGATION,REACTOME_PLATELET_ACTIVATION_SIGNALING_AND_AGGREGATION,26,0.52374793,2.797747154,0.001297017,0.021051198,0.012570233,373,"tags=77%, list=29%, signal=56%",GNA13/STXBP3/BCAR1/PIK3R1/PTPN1/SHC1/PTK2/MAPK1/CSK/STX4/CAP1/SOS1/MANF/RAF1/CRK/PIK3CB/TLN1/MAPK14/PTPN11/PIK3CA,49
REACTOME_SIGNALING_BY_VEGF,REACTOME_SIGNALING_BY_VEGF,24,0.460930234,2.384899694,0.001297017,0.021051198,0.012570233,373,"tags=71%, list=29%, signal=51%",ROCK2/BRK1/BCAR1/PIK3R1/ELMO2/PAK2/CTNNA1/PTK2/RICTOR/NRAS/ITGAV/CRK/PIK3CB/MAPK14/PXN/CTNNB1/PIK3CA,50
WP_ANGIOPOIETIN_LIKE_PROTEIN_8_REGULATORY_PATHWAY,WP_ANGIOPOIETIN_LIKE_PROTEIN_8_REGULATORY_PATHWAY,24,0.593875056,3.072769664,0.001297017,0.021051198,0.012570233,294,"tags=79%, list=23%, signal=62%",MAP4K4/FASN/PIK3R1/PTPN1/GSK3B/SHC1/TSC2/TSC1/MAPK1/RICTOR/SLC2A1/CAP1/SREBF1/SOS1/RAF1/MAP3K7/CRK/PIK3CB/MAPK14,51
WP_CHEMOKINE_SIGNALING_PATHWAY,WP_CHEMOKINE_SIGNALING_PATHWAY,24,0.509917755,2.63836609,0.001297017,0.021051198,0.012570233,505,"tags=88%, list=39%, signal=54%",ROCK2/PARD3/BCAR1/PIK3R1/BRAF/GSK3B/SHC1/PTK2/MAPK1/CSK/NRAS/SOS1/RAF1/GRK2/CRK/PIK3CB/PXN/PIK3CA/IKBKG/CCL4/CRKL,52
WP_ENDOMETRIAL_CANCER,WP_ENDOMETRIAL_CANCER,24,0.581500082,3.008740292,0.001297017,0.021051198,0.012570233,419,"tags=88%, list=32%, signal=60%",CDKN1A/CDH1/PTEN/PIK3R1/TP53/BRAF/GSK3B/CTNNA1/FGFR1/MAPK1/TCF7L2/ERBB2/NRAS/SOS1/EGFR/RAF1/PIK3CB/APC/CTNNB1/PIK3CA/CCND1,53
DURCHDEWALD_SKIN_CARCINOGENESIS_DN,DURCHDEWALD_SKIN_CARCINOGENESIS_DN,25,0.483375731,2.527930133,0.001315789,0.021051198,0.012570233,304,"tags=68%, list=23%, signal=53%",TAOK1/TIPARP/MAP4K4/ARNT/ADNP/NFE2L2/SMAD7/UGCG/GSK3B/ITGB1/MED13/RUNX1/MYH9/CREBBP/SQLE/PIK3CB/ATP2C1,54
KEGG_ENDOMETRIAL_CANCER,KEGG_ENDOMETRIAL_CANCER,22,0.57023247,2.833478697,0.001315789,0.021051198,0.012570233,419,"tags=86%, list=32%, signal=59%",CDH1/PTEN/PIK3R1/TP53/BRAF/GSK3B/CTNNA1/MAPK1/TCF7L2/ERBB2/NRAS/SOS1/EGFR/RAF1/PIK3CB/APC/CTNNB1/PIK3CA/CCND1,55
KEGG_ERBB_SIGNALING_PATHWAY,KEGG_ERBB_SIGNALING_PATHWAY,22,0.636990639,3.165199285,0.001315789,0.021051198,0.012570233,275,"tags=82%, list=21%, signal=66%",CDKN1A/GAB1/PIK3R1/BRAF/GSK3B/SHC1/PAK2/PTK2/MAPK1/ERBB2/NRAS/SOS1/EGFR/RAF1/JUN/CRK/ERBB3/PIK3CB,56
KEGG_NEUROTROPHIN_SIGNALING_PATHWAY,KEGG_NEUROTROPHIN_SIGNALING_PATHWAY,25,0.479511257,2.507719932,0.001315789,0.021051198,0.012570233,405,"tags=76%, list=31%, signal=53%",GAB1/PIK3R1/TP53/KIDINS220/BRAF/GSK3B/SHC1/MAPK1/CSK/NRAS/SOS1/RAF1/JUN/CRK/PIK3CB/MAPK14/PTPN11/PIK3CA/ATF4,57
KEGG_RENAL_CELL_CARCINOMA,KEGG_RENAL_CELL_CARCINOMA,25,0.475628618,2.487414737,0.001315789,0.021051198,0.012570233,373,"tags=72%, list=29%, signal=52%",FLCN/ARNT/GAB1/PIK3R1/BRAF/PAK2/MAPK1/SLC2A1/NRAS/SOS1/RAF1/JUN/CREBBP/CRK/PIK3CB/EGLN1/PTPN11/PIK3CA,58
PID_MET_PATHWAY,PID_MET_PATHWAY,25,0.584309912,3.05578981,0.001315789,0.021051198,0.012570233,373,"tags=84%, list=29%, signal=61%",GAB1/CDH1/ARF6/BCAR1/PIK3R1/PTPN1/SHC1/PAK2/CTNNA1/PTK2/MUC20/MAPK1/SOS1/RAF1/JUN/CRK/PXN/APC/PTPN11/CTNNB1/PIK3CA,59
PID_PDGFRB_PATHWAY,PID_PDGFRB_PATHWAY,25,0.51433727,2.68985098,0.001315789,0.021051198,0.012570233,373,"tags=76%, list=29%, signal=55%",GAB1/BRK1/PTEN/BCAR1/PIK3R1/BRAF/PTPN1/SHC1/MAPK1/CSK/NRAS/SOS1/RAF1/ITGAV/JUN/CRK/PIK3CB/PTPN11/PIK3CA,60
REACTOME_SIGNALING_BY_NTRKS,REACTOME_SIGNALING_BY_NTRKS,25,0.466714261,2.44079495,0.001315789,0.021051198,0.012570233,373,"tags=72%, list=29%, signal=52%",GAB1/PIK3R1/DUSP4/KIDINS220/BRAF/MEF2C/ASCL1/SHC1/MAPK1/NRAS/SOS1/FOSL1/CRK/PIK3CB/MAPK14/JUNB/PTPN11/PIK3CA,61
WONG_ADULT_TISSUE_STEM_MODULE,WONG_ADULT_TISSUE_STEM_MODULE,22,0.510562288,2.536978241,0.001315789,0.021051198,0.012570233,332,"tags=73%, list=26%, signal=55%",ZEB1/GATA3/CDKN1A/SMAD7/DUSP4/TP53BP1/CDH2/MYCN/SOCS3/SMARCA2/FERMT2/ITGB5/JUN/KMT2A/FOXA1/JUNB,62
WP_B_CELL_RECEPTOR_SIGNALING_PATHWAY,WP_B_CELL_RECEPTOR_SIGNALING_PATHWAY,22,0.537463906,2.670652073,0.001315789,0.021051198,0.012570233,350,"tags=77%, list=27%, signal=57%",GAB1/PIK3R1/BRAF/GSK3B/IRF4/MEF2C/SHC1/MAPK1/BCL6/SOS1/RAF1/JUN/MAP3K7/CRK/MAPK14/PTPN11/E2F3,63
WP_ERBB_SIGNALING_PATHWAY,WP_ERBB_SIGNALING_PATHWAY,25,0.580539664,3.03607239,0.001315789,0.021051198,0.012570233,275,"tags=76%, list=21%, signal=61%",CDKN1A/GAB1/PIK3R1/TP53/BRAF/GSK3B/SHC1/PAK2/PTK2/MAPK1/ERBB2/NRAS/SOS1/EGFR/RAF1/JUN/CRK/ERBB3/PIK3CB,64
WP_INTEGRINMEDIATED_CELL_ADHESION,WP_INTEGRINMEDIATED_CELL_ADHESION,22,0.614995547,3.055905922,0.001315789,0.021051198,0.012570233,299,"tags=82%, list=23%, signal=64%",ROCK2/BCAR1/ARHGEF7/BRAF/ITGA3/ITGB1/SHC1/PAK2/PTK2/MAPK1/CSK/SOS1/ITGB5/RAF1/ITGAV/CRK/TLN1/PXN,65
LU_AGING_BRAIN_UP,LU_AGING_BRAIN_UP,23,0.472519563,2.387163688,0.001317523,0.021051198,0.012570233,514,"tags=83%, list=40%, signal=51%",TIPARP/TGIF1/PICALM/SLC16A1/NFE2L2/ITGB1/ASCL1/WWTR1/FERMT2/ZEB2/ITGAV/ERBB3/TLN1/PDE4DIP/SPTSSA/SNAP23/MT2A/MT1E/KDSR,66
MCBRYAN_PUBERTAL_BREAST_4_5WK_UP,MCBRYAN_PUBERTAL_BREAST_4_5WK_UP,23,0.536070876,2.708224233,0.001317523,0.021051198,0.012570233,305,"tags=70%, list=23%, signal=54%",KRT18/TGIF1/GATA3/CDH1/SOX9/TP63/RUNX1/SLC2A1/CAP1/BCL6/KLF5/JUN/ERBB3/FOXA1/ATP2C1/MYB,67
PID_CXCR4_PATHWAY,PID_CXCR4_PATHWAY,23,0.496117856,2.506382011,0.001317523,0.021051198,0.012570233,373,"tags=74%, list=29%, signal=54%",GNA13/PTEN/BCAR1/PIK3R1/ITGA3/ITGB1/PTK2/CSK/RICTOR/VPS4B/GRK2/ITGAV/CRK/PIK3CB/PXN/PTPN11/PIK3CA,68
WP_EPITHELIAL_TO_MESENCHYMAL_TRANSITION_IN_COLORECTAL_CANCER,WP_EPITHELIAL_TO_MESENCHYMAL_TRANSITION_IN_COLORECTAL_CANCER,23,0.523607884,2.645261334,0.001317523,0.021051198,0.012570233,373,"tags=78%, list=29%, signal=57%",ZEB1/CDH1/TGFBR1/PIK3R1/TP53/GSK3B/SHC1/MAPK1/SNAI2/CDH2/SOS1/ZEB2/RAF1/EZH2/PIK3CB/MAPK14/CTNNB1/PIK3CA,69
WP_RAS_SIGNALING,WP_RAS_SIGNALING,23,0.472352414,2.386319257,0.001317523,0.021051198,0.012570233,545,"tags=87%, list=42%, signal=51%",GAB1/ARF6/PIK3R1/NF1/SHC1/PAK2/FGFR1/MAPK1/NRAS/SOS1/EGFR/RAF1/PIK3CB/PTPN11/RASA4/PIK3CA/RAC3/IKBKG/BRAP/IGF1R,70
BENPORATH_SUZ12_TARGETS,BENPORATH_SUZ12_TARGETS,19,0.625578569,2.908456026,0.001336898,0.021051198,0.012570233,309,"tags=84%, list=24%, signal=65%",GATA3/PARD3/PAX8/ARHGEF7/DUSP4/ISL1/SOX9/ASCL1/SOX10/FLI1/ZEB2/DPY19L2/HOXD13/JUN/FOXA1/PDE4DIP,71
MCBRYAN_PUBERTAL_TGFB1_TARGETS_UP,MCBRYAN_PUBERTAL_TGFB1_TARGETS_UP,19,0.568878673,2.644845407,0.001336898,0.021051198,0.012570233,331,"tags=79%, list=26%, signal=60%",KRT18/TGIF1/CDKN1A/PICALM/TGFBR1/SOX9/MEF2C/RUNX1/SLC2A1/CAP1/ITGAV/CRK/FOXA1/MAPK14/EGLN1,72
BENPORATH_ES_WITH_H3K27ME3,BENPORATH_ES_WITH_H3K27ME3,21,0.599275145,2.891774674,0.001344086,0.021051198,0.012570233,309,"tags=81%, list=24%, signal=63%",GATA3/PAX8/ARHGEF7/DUSP4/ZBTB7A/IRF4/ISL1/SOX9/ASCL1/SNAI2/FLI1/ZEB2/DPY19L2/HOXD13/JUN/MYB/PDE4DIP,73
WP_EGFR_TYROSINE_KINASE_INHIBITOR_RESISTANCE,WP_EGFR_TYROSINE_KINASE_INHIBITOR_RESISTANCE,21,0.540429965,2.607819962,0.001344086,0.021051198,0.012570233,275,"tags=71%, list=21%, signal=57%",GAB1/PTEN/PIK3R1/NF1/BRAF/GSK3B/SHC1/MAPK1/ERBB2/NRAS/SOS1/EGFR/RAF1/ERBB3/PIK3CB,74
WP_PROLACTIN_SIGNALING_PATHWAY,WP_PROLACTIN_SIGNALING_PATHWAY,21,0.561442115,2.709213125,0.001344086,0.021051198,0.012570233,373,"tags=81%, list=29%, signal=59%",PIK3R1/PTPN1/GSK3B/ITGB1/SHC1/PTK2/MAPK1/SOCS3/ERBB2/SOS1/RAF1/JUN/PIK3CB/MAPK14/PXN/PTPN11/PIK3CA,75
PID_FAK_PATHWAY,PID_FAK_PATHWAY,20,0.593068049,2.80954305,0.001351351,0.021051198,0.012570233,419,"tags=90%, list=32%, signal=62%",ROCK2/BCAR1/PIK3R1/ARHGEF7/BRAF/ITGB1/PTK2/MAPK1/SOS1/ITGB5/RAF1/ITGAV/JUN/CRK/TLN1/PXN/PIK3CA/CCND1,76
WP_LEPTIN_SIGNALING_PATHWAY,WP_LEPTIN_SIGNALING_PATHWAY,20,0.517030467,2.449329984,0.001351351,0.021051198,0.012570233,464,"tags=85%, list=36%, signal=55%",ROCK2/PTEN/PIK3R1/PTPN1/GSK3B/SHC1/PTK2/MAPK1/SOCS3/ERBB2/SOS1/RAF1/MAPK14/PTPN11/CCND1/IKBKG/ACACA,77
WP_RAC1PAK1P38MMP2_PATHWAY,WP_RAC1PAK1P38MMP2_PATHWAY,20,0.542593159,2.570428199,0.001351351,0.021051198,0.012570233,373,"tags=80%, list=29%, signal=58%",PIK3R1/TP53/ITGB1/PTK2/MAPK1/ERBB2/NRAS/SOS1/EGFR/CRK/MAPK14/PXN/YAP1/PTPN11/CTNNB1/PIK3CA,78
REACTOME_CELL_CELL_COMMUNICATION,REACTOME_CELL_CELL_COMMUNICATION,18,0.573535685,2.595048741,0.00135318,0.021051198,0.012570233,373,"tags=83%, list=29%, signal=60%",KIRREL1/CDH1/PARD3/PIK3R1/ITGB1/CTNNA1/PTK2/CDH2/FERMT2/PIK3CB/PARD6B/PXN/PTPN11/CTNNB1/PIK3CA,79
COULOUARN_TEMPORAL_TGFB1_SIGNATURE_UP,COULOUARN_TEMPORAL_TGFB1_SIGNATURE_UP,17,0.617515517,2.733375153,0.001364256,0.021051198,0.012570233,369,"tags=88%, list=28%, signal=64%",TGIF1/PICALM/TGFBR1/NFE2L2/SMAD7/DUSP4/VCPIP1/SOX9/ASNS/PDCD10/HMBS/FCHO2/SQLE/SLC20A1/TMX2,80
REACTOME_PI3K_AKT_SIGNALING_IN_CANCER,REACTOME_PI3K_AKT_SIGNALING_IN_CANCER,17,0.561371085,2.484857032,0.001364256,0.021051198,0.012570233,373,"tags=82%, list=29%, signal=59%",CDKN1A/GAB1/PTEN/PIK3R1/GSK3B/TSC2/FGFR1/RICTOR/ERBB2/EGFR/ERBB3/PIK3CB/PTPN11/PIK3CA,81
SIG_PIP3_SIGNALING_IN_CARDIAC_MYOCTES,SIG_PIP3_SIGNALING_IN_CARDIAC_MYOCTES,17,0.559407111,2.476163683,0.001364256,0.021051198,0.012570233,178,"tags=65%, list=14%, signal=57%",GAB1/PTEN/PARD3/PTPN1/GSK3B/SHC1/TSC2/TSC1/PAK2/PTK2/SOS1,82
WP_ESC_PLURIPOTENCY_PATHWAYS,WP_ESC_PLURIPOTENCY_PATHWAYS,17,0.575765146,2.548571009,0.001364256,0.021051198,0.012570233,353,"tags=82%, list=27%, signal=61%",GAB1/PTEN/SMAD7/BRAF/GSK3B/FGFR1/MAPK1/SOS1/EGFR/RAF1/JUN/APC/PTPN11/CTNNB1,83
WP_THYROID_HORMONES_PRODUCTION_AND_THEIR_PERIPHERAL_DOWNSTREAM_SIGNALLING_EFFECTS,WP_THYROID_HORMONES_PRODUCTION_AND_THEIR_PERIPHERAL_DOWNSTREAM_SIGNALLING_EFFECTS,17,0.560096348,2.479214528,0.001364256,0.021051198,0.012570233,373,"tags=82%, list=29%, signal=59%",TP53/PAX8/GSK3B/TSC2/TSC1/FGFR1/MAPK1/SOS1/RAF1/ITGAV/MAPK14/AQP7/CTNNB1/PIK3CA,84
WP_NEURAL_CREST_DIFFERENTIATION,WP_NEURAL_CREST_DIFFERENTIATION,16,0.632808746,2.717387376,0.001398601,0.021051198,0.012570233,358,"tags=88%, list=28%, signal=64%",CDH1/TFAP2A/GSK3B/ISL1/ITGB1/SOX9/ASCL1/FGFR1/SNAI2/CDH2/SOX10/MYB/CTNNB1/HDAC1,85
LIM_MAMMARY_STEM_CELL_UP,LIM_MAMMARY_STEM_CELL_UP,14,0.644531142,2.634992613,0.001404494,0.021051198,0.012570233,402,"tags=93%, list=31%, signal=65%",CDKN1A/BCAR1/ITGB1/MEF2C/TP63/SNAI2/FERMT2/EGFR/TCOF1/PXN/EXT1/MBNL1/CCND2,86
PID_ERBB1_RECEPTOR_PROXIMAL_PATHWAY,PID_ERBB1_RECEPTOR_PROXIMAL_PATHWAY,14,0.655802301,2.681071725,0.001404494,0.021051198,0.012570233,373,"tags=93%, list=29%, signal=67%",GAB1/PIK3R1/PTPN1/SHC1/PTK2/MAPK1/NRAS/SOS1/EGFR/PIK3CB/TLN1/PTPN11/PIK3CA,87
KEGG_NATURAL_KILLER_CELL_MEDIATED_CYTOTOXICITY,KEGG_NATURAL_KILLER_CELL_MEDIATED_CYTOTOXICITY,13,0.625483827,2.481853391,0.001426534,0.021051198,0.012570233,404,"tags=92%, list=31%, signal=64%",PIK3R1/BRAF/SHC1/MAPK1/NRAS/SOS1/RAF1/PIK3CB/CHP1/PTPN11/PIK3CA/RAC3,88
PID_RET_PATHWAY,PID_RET_PATHWAY,13,0.649112091,2.575607831,0.001426534,0.021051198,0.012570233,373,"tags=92%, list=29%, signal=66%",GAB1/BCAR1/PIK3R1/SHC1/PTK2/MAPK1/SOS1/JUN/CRK/PXN/PTPN11/PIK3CA,89
SCHUETZ_BREAST_CANCER_DUCTAL_INVASIVE_UP,SCHUETZ_BREAST_CANCER_DUCTAL_INVASIVE_UP,13,0.760128294,3.016108333,0.001426534,0.021051198,0.012570233,228,"tags=92%, list=18%, signal=77%",ZEB1/MAP4K4/ACSL4/PTEN/SMAD7/MEF2C/WWTR1/SNAI2/FLI1/FERMT2/ZEB2/GLS,90
SMID_BREAST_CANCER_LUMINAL_B_DN,SMID_BREAST_CANCER_LUMINAL_B_DN,13,0.606535838,2.406669781,0.001426534,0.021051198,0.012570233,191,"tags=69%, list=15%, signal=60%",SLC16A1/WWTR1/FERMT1/MYCN/TCF7L2/SOX10/FERMT2/EGFR/KLF5,91
WP_SIGNALING_OF_HEPATOCYTE_GROWTH_FACTOR_RECEPTOR,WP_SIGNALING_OF_HEPATOCYTE_GROWTH_FACTOR_RECEPTOR,13,0.646866426,2.566697269,0.001426534,0.021051198,0.012570233,373,"tags=92%, list=29%, signal=66%",GAB1/PTEN/ITGB1/PTK2/MAPK1/SOS1/RAF1/JUN/CRK/PXN/PTPN11/PIK3CA,92
BENPORATH_PRC2_TARGETS,BENPORATH_PRC2_TARGETS,12,0.691500231,2.649557485,0.001455604,0.021051198,0.012570233,309,"tags=92%, list=24%, signal=70%",GATA3/PAX8/DUSP4/ISL1/ASCL1/FLI1/ZEB2/DPY19L2/HOXD13/JUN/PDE4DIP,93
BIOCARTA_MET_PATHWAY,BIOCARTA_MET_PATHWAY,12,0.640582823,2.454461961,0.001455604,0.021051198,0.012570233,373,"tags=92%, list=29%, signal=66%",GAB1/PTEN/PIK3R1/ITGB1/MAPK1/SOS1/RAF1/JUN/CRK/PTPN11/PIK3CA,94
PID_ANGIOPOIETIN_RECEPTOR_PATHWAY,PID_ANGIOPOIETIN_RECEPTOR_PATHWAY,12,0.643780914,2.46671579,0.001455604,0.021051198,0.012570233,373,"tags=92%, list=29%, signal=66%",CDKN1A/PIK3R1/ITGB1/SHC1/PTK2/MAPK1/CRK/MAPK14/PXN/PTPN11/PIK3CA,95
PID_KIT_PATHWAY,PID_KIT_PATHWAY,12,0.640869954,2.455562136,0.001455604,0.021051198,0.012570233,373,"tags=92%, list=29%, signal=66%",GAB1/PTEN/PIK3R1/GSK3B/SHC1/SNAI2/SOS1/RAF1/CREBBP/PTPN11/PIK3CA,96
PID_LYSOPHOSPHOLIPID_PATHWAY,PID_LYSOPHOSPHOLIPID_PATHWAY,12,0.702227568,2.690660432,0.001455604,0.021051198,0.012570233,299,"tags=92%, list=23%, signal=71%",GNA13/GAB1/BCAR1/PIK3R1/GSK3B/PTK2/EGFR/JUN/CRK/PIK3CB/PXN,97
REACTOME_NEGATIVE_REGULATION_OF_THE_PI3K_AKT_NETWORK,REACTOME_NEGATIVE_REGULATION_OF_THE_PI3K_AKT_NETWORK,12,0.64272388,2.462665652,0.001455604,0.021051198,0.012570233,373,"tags=92%, list=29%, signal=66%",GAB1/PTEN/PIK3R1/FGFR1/MAPK1/ERBB2/EGFR/ERBB3/PIK3CB/PTPN11/PIK3CA,98
WP_IL6_SIGNALING_PATHWAY,WP_IL6_SIGNALING_PATHWAY,12,0.730948678,2.800708452,0.001455604,0.021051198,0.012570233,358,"tags=100%, list=28%, signal=73%",GAB1/PIK3R1/GSK3B/SHC1/MAPK1/SOCS3/SOS1/MAP3K7/CREBBP/JUNB/PTPN11/HDAC1,99
WU_CELL_MIGRATION,WU_CELL_MIGRATION,12,0.618147955,2.368500353,0.001455604,0.021051198,0.012570233,201,"tags=75%, list=15%, signal=64%",KRT18/GATA3/CDH1/UGCG/SOX9/WWTR1/SNAI2/KLF5/FOSL1,100
BERTUCCI_MEDULLARY_VS_DUCTAL_BREAST_CANCER_DN,BERTUCCI_MEDULLARY_VS_DUCTAL_BREAST_CANCER_DN,10,0.724516006,2.614649101,0.001470588,0.021051198,0.012570233,273,"tags=90%, list=21%, signal=72%",PICALM/KIDINS220/SNAI2/RUNX1/MYH9/FERMT2/ITGB5/MMGT1/ACSL3,101
BIOCARTA_HER2_PATHWAY,BIOCARTA_HER2_PATHWAY,11,0.63349682,2.349482682,0.001470588,0.021051198,0.012570233,373,"tags=91%, list=29%, signal=65%",PIK3R1/SHC1/MAPK1/CARM1/ERBB2/SOS1/EGFR/RAF1/ERBB3/PIK3CA,102
BIOCARTA_INTEGRIN_PATHWAY,BIOCARTA_INTEGRIN_PATHWAY,11,0.61794594,2.291808321,0.001470588,0.021051198,0.012570233,282,"tags=82%, list=22%, signal=65%",BCAR1/ITGB1/SHC1/MAPK1/CSK/SOS1/RAF1/JUN/TLN1,103
PID_FGF_PATHWAY,PID_FGF_PATHWAY,11,0.718725719,2.66557554,0.001470588,0.021051198,0.012570233,373,"tags=100%, list=29%, signal=72%",GAB1/CDH1/PIK3R1/SHC1/FGFR1/MAPK1/CDH2/SOS1/JUN/PTPN11/PIK3CA,104
PID_PTP1B_PATHWAY,PID_PTP1B_PATHWAY,11,0.663501389,2.460762189,0.001470588,0.021051198,0.012570233,251,"tags=82%, list=19%, signal=67%",BCAR1/PIK3R1/PTPN1/SHC1/CDH2/CSK/SOCS3/EGFR/CRK,105
PID_TCPTP_PATHWAY,PID_TCPTP_PATHWAY,11,0.636424351,2.360340167,0.001470588,0.021051198,0.012570233,373,"tags=91%, list=29%, signal=65%",GAB1/PIK3R1/PTPN1/ITGB1/SHC1/SOS1/EGFR/CREBBP/PIK3CB/PIK3CA,106
WP_BDNFTRKB_SIGNALING,WP_BDNFTRKB_SIGNALING,10,0.687916243,2.482567082,0.001470588,0.021051198,0.012570233,178,"tags=80%, list=14%, signal=70%",GAB1/BRAF/SHC1/TSC2/TSC1/MAPK1/NRAS/SOS1,107
WP_NANOPARTICLEMEDIATED_ACTIVATION_OF_RECEPTOR_SIGNALING,WP_NANOPARTICLEMEDIATED_ACTIVATION_OF_RECEPTOR_SIGNALING,11,0.693469565,2.571906728,0.001470588,0.021051198,0.012570233,299,"tags=91%, list=23%, signal=71%",ITGB1/PTK2/MAPK1/NRAS/SOS1/EGFR/RAF1/TLN1/MAPK14/PXN,108
BRUINS_UVC_RESPONSE_LATE,BRUINS_UVC_RESPONSE_LATE,130,0.226261025,2.134141886,0.002157497,0.025983193,0.015515259,522,"tags=56%, list=40%, signal=37%",CMIP/PGP/AHR/ACSL4/PTEN/ATP2B1/ARHGEF7/GSK3B/LCMT1/SHC1/ELMO2/CAB39/TSC2/WWTR1/HSF1/DPY30/DDX19A/LMNB1/UFSP2/TADA3/STX4/NDUFAF6/COQ7/DPM1/BCL6/SOS1/PDCD10/MED15/DSCC1/E2F1/CLPB/IER3IP1/VPS36/MAP3K7/STK11/PAGR1/MIB1/EZH2/MTX2/EMC2/G6PD/FRG1/GCSH/DYRK1A/TLN1/LDLR/NDUFAF3/UBE2K/EXT1/HTRA2/PTPN11/FBXO7/DOHH/PPCDC/NDUFS3/RNF31/WASHC3/CCND2/NDUFAF7/ZW10/NMT1/TTC7A/VPS33A/OSTC/COA3/CCNE1/CCDC22/NDUFA1/SLC4A7/RAB10/PRKAR1A/KDSR/COG1,109
BUYTAERT_PHOTODYNAMIC_THERAPY_STRESS_UP,BUYTAERT_PHOTODYNAMIC_THERAPY_STRESS_UP,89,0.243034743,2.058509887,0.002249719,0.025983193,0.015515259,639,"tags=67%, list=49%, signal=37%",GNA13/TIPARP/AHR/CDKN1A/STXBP3/ATP2B1/NFE2L2/UGCG/PAX8/ARHGEF7/GSK3B/TSC1/FGFR1/SLC38A2/ZFX/RRAGC/SPTLC2/TCF7L2/MTF1/NRAS/SOS1/PPP2R2A/ZEB2/VPS4B/KLF5/SLC33A1/CCNL1/CBLL1/ARID4B/CREBBP/WAC/JMJD6/WRN/BRD2/PDE4DIP/RMND5A/RAB6A/CHKA/SETD5/PIK3CA/KDM2A/ATF4/SNAP23/HSP90AB1/CDK8/HSPA13/SLC4A7/RB1CC1/TXNRD1/BRAP/IGF1R/EP300/SLC3A2/UBAP1/CNOT4/SETD2/CSNK2A1/WASHC2C/RAB7A/IRS2,110
DACOSTA_UV_RESPONSE_VIA_ERCC3_COMMON_DN,DACOSTA_UV_RESPONSE_VIA_ERCC3_COMMON_DN,74,0.275712042,2.179584757,0.002312139,0.025983193,0.015515259,748,"tags=80%, list=58%, signal=36%",ROCK2/TIPARP/ATP2B1/PICALM/PARD3/UGCG/ARHGEF7/GSK3B/SMCHD1/PTK2/DNAJC13/TCF7L2/MED13/RUNX1/SMARCA2/FERMT2/SOS1/EGFR/PPP2R2A/ANKRD17/PKN2/JUN/CREBBP/MTX2/G6PD/ACSL3/DYRK1A/WRN/YAP1/RAB6A/EXT1/MBNL1/E2F3/SLC7A1/GIGYF2/CDS2/NPEPPS/SCAF8/CHD1/CDK8/TAF4/SLC4A7/PMM2/ARHGAP29/ZMYND8/SUZ12/CNOT4/FBXW11/SETD2/STAG1/RCOR1/TLK2/WDR7/CDK13/PUM1/USP9X/TRIP12/NFYC/SSBP1,111
REACTOME_METABOLISM_OF_LIPIDS,REACTOME_METABOLISM_OF_LIPIDS,63,0.283178639,2.130835963,0.002331002,0.025983193,0.015515259,689,"tags=78%, list=53%, signal=38%",AHR/ACSL4/ARNT/PTEN/FASN/PIK3R1/UGCG/FDFT1/CARM1/SPTLC2/MTF1/MED13/SREBF1/MED15/CCNC/CREBBP/SQLE/ACSL3/PIK3CB/PTDSS1/CEPT1/PI4KB/SPTSSA/CHKA/MED24/PIK3CA/CERS2/MED25/MED16/SLC25A1/CDS2/ACACA/CDK8/FDPS/KDSR/MED23/TXNRD1/MED10/EP300/ACLY/SPTLC1/HSD17B12/SP1/CSNK2A1/ARF1/MBTPS1/GPX4/TBL1XR1/MED11,112
BENPORATH_EED_TARGETS,BENPORATH_EED_TARGETS,32,0.393997652,2.295578589,0.002503129,0.025983193,0.015515259,323,"tags=59%, list=25%, signal=46%",AHR/GATA3/PARD3/PAX8/DUSP4/ZBTB7A/ISL1/ASCL1/PTAR1/ATP1B3/FLI1/EGFR/ZEB2/DPY19L2/HOXD13/JUN/MYB/PDE4DIP/UBE2K,113
CREIGHTON_ENDOCRINE_THERAPY_RESISTANCE_3,CREIGHTON_ENDOCRINE_THERAPY_RESISTANCE_3,30,0.380384494,2.152254831,0.002522068,0.025983193,0.015515259,464,"tags=70%, list=36%, signal=46%",AHR/TMEM165/DUSP4/RFK/SLC35A2/FDFT1/UAP1/MYCN/UXS1/SOS1/PPP2R2A/DPY19L2/TM9SF3/SQLE/ACSL3/CNOT11/UGP2/MIOS/UQCR10/GOLT1B/ACACA,114
KEGG_INSULIN_SIGNALING_PATHWAY,KEGG_INSULIN_SIGNALING_PATHWAY,28,0.399351333,2.188649922,0.002583979,0.025983193,0.015515259,275,"tags=57%, list=21%, signal=46%",FASN/PIK3R1/BRAF/PTPN1/GSK3B/SHC1/TSC2/TSC1/MAPK1/SOCS3/SREBF1/NRAS/SOS1/RAF1/CRK/PIK3CB,115
PID_P53_DOWNSTREAM_PATHWAY,PID_P53_DOWNSTREAM_PATHWAY,28,0.382643959,2.097084951,0.002583979,0.025983193,0.015515259,350,"tags=61%, list=27%, signal=45%",MAP4K4/CDKN1A/PTEN/TP53/COP1/TSC2/TP63/SNAI2/CARM1/BCL6/EGFR/E2F1/JUN/CREBBP/FOXA1/APC/E2F3,116
GOZGIT_ESR1_TARGETS_DN,GOZGIT_ESR1_TARGETS_DN,27,0.376989202,2.040901232,0.002587322,0.025983193,0.015515259,661,"tags=85%, list=51%, signal=43%",NF2/FLCN/AHR/GATA3/TPK1/UGCG/SOX9/PTK2/BCL6/SOX2/JUN/ACSL3/FOXA1/CHD8/LMNA/GRHL2/MT2A/CDK6/PRKAR1A/IGF1R/CNOT4/USP18/RHOQ,117
CREIGHTON_ENDOCRINE_THERAPY_RESISTANCE_5,CREIGHTON_ENDOCRINE_THERAPY_RESISTANCE_5,24,0.394478642,2.041072432,0.002594034,0.025983193,0.015515259,475,"tags=71%, list=37%, signal=46%",GOLGA7/AHR/GAB1/ATP2B1/NF1/RFK/CAB39/RICTOR/CAP1/MYH9/ERBB2/MBNL1/SLC20A1/CTNNB1/AP1G1/MIOS/CCNE1,118
HIRSCH_CELLULAR_TRANSFORMATION_SIGNATURE_UP,HIRSCH_CELLULAR_TRANSFORMATION_SIGNATURE_UP,26,0.405690673,2.167111048,0.002594034,0.025983193,0.015515259,413,"tags=65%, list=32%, signal=45%",TGIF1/UGCG/UBXN4/UAP1/IRF2/RRAGC/SOCS3/SLC33A1/FOSL1/ACSL3/PCGF1/MAPK14/EGLN1/JUNB/HTRA2/RNF31/SNAP23,119
WP_HIPPOMERLIN_SIGNALING_DYSREGULATION,WP_HIPPOMERLIN_SIGNALING_DYSREGULATION,24,0.44339052,2.294147438,0.002594034,0.025983193,0.015515259,239,"tags=58%, list=18%, signal=48%",NF2/CDH1/ITGA3/ITGB1/PAK2/CTNNA1/FGFR1/PTK2/CDH2/NRAS/EGFR/ITGB5/ITGAV/TEAD1,120
CHARAFE_BREAST_CANCER_LUMINAL_VS_MESENCHYMAL_UP,CHARAFE_BREAST_CANCER_LUMINAL_VS_MESENCHYMAL_UP,25,0.409244024,2.140240468,0.002631579,0.025983193,0.015515259,444,"tags=72%, list=34%, signal=48%",JTB/GATA3/CDH1/COP1/SPTLC2/VPS45/SLC35A1/ERBB2/PAGR1/ERBB3/FOXA1/MYB/SUCO/DDI2/COG7/ITPK1/GRHL2/CCDC6,121
DELYS_THYROID_CANCER_UP,DELYS_THYROID_CANCER_UP,22,0.453522408,2.25354772,0.002631579,0.025983193,0.015515259,419,"tags=73%, list=32%, signal=50%",TIPARP/MAP4K4/CDKN1A/BCL9/DUSP4/ITGA3/ATP1B3/CDH2/MED13/RUNX1/ITGB5/ERBB3/UBE2A/SLC7A5/CCND2/CCND1,122
KEGG_ADHERENS_JUNCTION,KEGG_ADHERENS_JUNCTION,22,0.440391887,2.188302308,0.002631579,0.025983193,0.015515259,241,"tags=59%, list=19%, signal=49%",CDH1/PARD3/TGFBR1/PTPN1/CTNNA1/FGFR1/MAPK1/SNAI2/TCF7L2/ERBB2/EGFR/MAP3K7/CREBBP,123
MCBRYAN_PUBERTAL_BREAST_6_7WK_UP,MCBRYAN_PUBERTAL_BREAST_6_7WK_UP,22,0.430720362,2.140244608,0.002631579,0.025983193,0.015515259,703,"tags=95%, list=54%, signal=45%",TAOK1/PTEN/KDM5C/TGFBR1/PIK3R1/SOX9/MEF2C/RUNX1/KEAP1/ZEB2/MAPK14/PDCD6IP/EGLN1/CCND2/ACACA/ACLY/PPP6R3/CSNK2A1/MBTPS1/SMARCA4/SYNCRIP,124
WP_MELANOMA,WP_MELANOMA,22,0.436746352,2.170187687,0.002631579,0.025983193,0.015515259,419,"tags=73%, list=32%, signal=50%",CDKN1A/CDH1/PTEN/PIK3R1/TP53/NF1/BRAF/MAPK1/NRAS/SOS1/E2F1/RAF1/PIK3CB/E2F3/PIK3CA/CCND1,125
WP_PANCREATIC_ADENOCARCINOMA_PATHWAY,WP_PANCREATIC_ADENOCARCINOMA_PATHWAY,22,0.468168436,2.326323669,0.002631579,0.025983193,0.015515259,490,"tags=82%, list=38%, signal=52%",CDKN1A/TGFBR1/PIK3R1/TP53/BRAF/PAK2/MAPK1/ERBB2/EGFR/E2F1/RAF1/PIK3CB/E2F3/PIK3CA/RAC3/CCND1/IKBKG/CDK6,126
KEGG_WNT_SIGNALING_PATHWAY,KEGG_WNT_SIGNALING_PATHWAY,23,0.456344769,2.305448806,0.002635046,0.025983193,0.015515259,419,"tags=74%, list=32%, signal=51%",ROCK2/TP53/GSK3B/TCF7L2/CCND3/FOSL1/JUN/MAP3K7/CREBBP/SIAH1/CHD8/CHP1/APC/CTNNB1/CCND2/RAC3/CCND1,127
PID_ERBB1_DOWNSTREAM_PATHWAY,PID_ERBB1_DOWNSTREAM_PATHWAY,23,0.441556288,2.230737562,0.002635046,0.025983193,0.015515259,275,"tags=61%, list=21%, signal=49%",GAB1/BRK1/PIK3R1/BRAF/MEF2C/MAPK1/RICTOR/NRAS/SOS1/EGFR/PPP2R2A/RAF1/JUN/PIK3CB,128
WP_HEPATITIS_B_INFECTION,WP_HEPATITIS_B_INFECTION,23,0.423841527,2.141242784,0.002635046,0.025983193,0.015515259,459,"tags=74%, list=35%, signal=49%",CDKN1A/TGFBR1/PIK3R1/BRAF/MAPK1/FADD/NRAS/SOS1/RAF1/JUN/MAP3K7/CREBBP/PIK3CB/MAPK14/PIK3CA/ATF4/IKBKG,129
PID_CDC42_PATHWAY,PID_CDC42_PATHWAY,19,0.537486764,2.498897333,0.002673797,0.025983193,0.015515259,373,"tags=79%, list=29%, signal=57%",CDH1/BCAR1/PIK3R1/ARHGEF7/BRAF/GSK3B/PAK2/CTNNA1/MAPK1/RAF1/JUN/MAPK14/APC/CTNNB1/PIK3CA,130
WP_MET_IN_TYPE_1_PAPILLARY_RENAL_CELL_CARCINOMA,WP_MET_IN_TYPE_1_PAPILLARY_RENAL_CELL_CARCINOMA,19,0.529325795,2.460955146,0.002673797,0.025983193,0.015515259,373,"tags=79%, list=29%, signal=57%",CDKN1A/GAB1/PIK3R1/BRAF/PAK2/PTK2/MAPK1/NRAS/SOS1/RAF1/JUN/CRK/PIK3CB/PTPN11/PIK3CA,131
WP_NONSMALL_CELL_LUNG_CANCER,WP_NONSMALL_CELL_LUNG_CANCER,19,0.494615849,2.299580769,0.002673797,0.025983193,0.015515259,419,"tags=79%, list=32%, signal=54%",CDKN1A/PIK3R1/TP53/BRAF/MAPK1/ERBB2/NRAS/SOS1/EGFR/E2F1/RAF1/PIK3CB/E2F3/PIK3CA/CCND1,132
FARMER_BREAST_CANCER_APOCRINE_VS_LUMINAL,FARMER_BREAST_CANCER_APOCRINE_VS_LUMINAL,21,0.423386886,2.043033961,0.002688172,0.025983193,0.015515259,601,"tags=86%, list=46%, signal=47%",GATA3/FASN/FDFT1/SPTLC2/MED13/NRAS/EGFR/G6PD/ACSL3/PIK3CB/YAP1/CCDC6/NPEPPS/POLG2/IGF1R/SMARCE1/SUZ12/MDM2,133
KEGG_GLIOMA,KEGG_GLIOMA,21,0.464793724,2.242840755,0.002688172,0.025983193,0.015515259,419,"tags=76%, list=32%, signal=52%",CDKN1A/PTEN/PIK3R1/TP53/BRAF/SHC1/MAPK1/NRAS/SOS1/EGFR/E2F1/RAF1/PIK3CB/E2F3/PIK3CA/CCND1,134
KEGG_MELANOMA,KEGG_MELANOMA,21,0.46527845,2.245179777,0.002688172,0.025983193,0.015515259,419,"tags=76%, list=32%, signal=52%",CDKN1A/CDH1/PTEN/PIK3R1/TP53/BRAF/FGFR1/MAPK1/NRAS/EGFR/E2F1/RAF1/PIK3CB/E2F3/PIK3CA/CCND1,135
STARK_PREFRONTAL_CORTEX_22Q11_DELETION_UP,STARK_PREFRONTAL_CORTEX_22Q11_DELETION_UP,21,0.425597985,2.053703521,0.002688172,0.025983193,0.015515259,550,"tags=81%, list=42%, signal=47%",GNA13/ATP2B1/PIK3R1/GSK3B/MEF2C/RICTOR/SMARCA2/MYH9/ZEB2/CBLL1/EGLN1/CHKA/ANKRD11/ACIN1/DOT1L/IGF1R/TIAL1,136
ZWANG_CLASS_3_TRANSIENTLY_INDUCED_BY_EGF,ZWANG_CLASS_3_TRANSIENTLY_INDUCED_BY_EGF,21,0.439905944,2.122745916,0.002688172,0.025983193,0.015515259,336,"tags=67%, list=26%, signal=50%",TIPARP/TGIF1/SMAD7/UGCG/TP63/MTF1/RUNX1/SOCS3/SLC2A1/FERMT2/CCNL1/FOXA1/JUNB/SLC20A1,137
IVANOVA_HEMATOPOIESIS_MATURE_CELL,IVANOVA_HEMATOPOIESIS_MATURE_CELL,20,0.464434632,2.200167575,0.002702703,0.025983193,0.015515259,538,"tags=85%, list=41%, signal=51%",TAPT1/PICALM/SLC16A1/DERL2/ASNS/MTF1/CCND3/EGFR/PIK3CB/WDR26/RAB6A/CHP1/HECTD1/OTUD5/CDCA3/CDK8/BMPR1A,138
KEGG_PANCREATIC_CANCER,KEGG_PANCREATIC_CANCER,20,0.449754504,2.130623361,0.002702703,0.025983193,0.015515259,490,"tags=80%, list=38%, signal=51%",TGFBR1/PIK3R1/TP53/BRAF/MAPK1/ERBB2/EGFR/E2F1/RAF1/PIK3CB/E2F3/PIK3CA/RAC3/CCND1/IKBKG/CDK6,139
PID_VEGFR1_2_PATHWAY,PID_VEGFR1_2_PATHWAY,20,0.459465339,2.176626528,0.002702703,0.025983193,0.015515259,416,"tags=75%, list=32%, signal=52%",GAB1/PIK3R1/BRAF/PAK2/CTNNA1/PTK2/MAPK1/RAF1/ITGAV/MAPK14/PXN/PTPN11/CTNNB1/PIK3CA/HSP90AB1,140
REACTOME_SIGNALING_BY_MET,REACTOME_SIGNALING_BY_MET,20,0.456452668,2.162354593,0.002702703,0.025983193,0.015515259,373,"tags=70%, list=29%, signal=51%",GAB1/ARF6/PIK3R1/ITGA3/PTPN1/ITGB1/SHC1/PTK2/MUC20/NRAS/SOS1/CRK/PTPN11/PIK3CA,141
KEGG_COLORECTAL_CANCER,KEGG_COLORECTAL_CANCER,18,0.544351173,2.462999013,0.00270636,0.025983193,0.015515259,419,"tags=83%, list=32%, signal=57%",TGFBR1/PIK3R1/TP53/BRAF/GSK3B/MAPK1/TCF7L2/RAF1/JUN/PIK3CB/APC/CTNNB1/PIK3CA/RAC3/CCND1,142
KEGG_T_CELL_RECEPTOR_SIGNALING_PATHWAY,KEGG_T_CELL_RECEPTOR_SIGNALING_PATHWAY,18,0.464665556,2.102449416,0.00270636,0.025983193,0.015515259,373,"tags=72%, list=29%, signal=52%",PIK3R1/GSK3B/PAK2/MAPK1/NRAS/SOS1/RAF1/JUN/MAP3K7/PIK3CB/MAPK14/CHP1/PIK3CA,143
WP_LNCRNA_INVOLVEMENT_IN_CANONICAL_WNT_SIGNALING_AND_COLORECTAL_CANCER,WP_LNCRNA_INVOLVEMENT_IN_CANONICAL_WNT_SIGNALING_AND_COLORECTAL_CANCER,18,0.535781223,2.424222984,0.00270636,0.025983193,0.015515259,490,"tags=89%, list=38%, signal=56%",TFAP2A/GSK3B/TCF3/TCF7L2/CCND3/FOSL1/JUN/MAP3K7/EZH2/CHD8/APC/CTNNB1/CCND2/CCND1/CDK8/CDK6,144
WP_SENESCENCE_AND_AUTOPHAGY_IN_CANCER,WP_SENESCENCE_AND_AUTOPHAGY_IN_CANCER,18,0.474269425,2.145903569,0.00270636,0.025983193,0.015515259,360,"tags=72%, list=28%, signal=53%",CDKN1A/PTEN/TP53/BRAF/GSK3B/MAPK1/E2F1/RAF1/AMBRA1/JUN/KMT2A/MAPK14/CDC25B,145
WP_WNT_SIGNALING_PATHWAY_AND_PLURIPOTENCY,WP_WNT_SIGNALING_PATHWAY_AND_PLURIPOTENCY,18,0.537552057,2.432235388,0.00270636,0.025983193,0.015515259,419,"tags=83%, list=32%, signal=57%",TP53/GSK3B/TCF7L2/CCND3/SOX2/PPP2R2A/FOSL1/JUN/MAP3K7/CREBBP/LDLR/APC/CTNNB1/CCND2/CCND1,146
KEGG_NON_SMALL_CELL_LUNG_CANCER,KEGG_NON_SMALL_CELL_LUNG_CANCER,17,0.524121692,2.31997605,0.002728513,0.025983193,0.015515259,490,"tags=88%, list=38%, signal=56%",PIK3R1/TP53/BRAF/MAPK1/ERBB2/NRAS/SOS1/EGFR/E2F1/RAF1/PIK3CB/E2F3/PIK3CA/CCND1/CDK6,147
WP_PATHWAYS_AFFECTED_IN_ADENOID_CYSTIC_CARCINOMA,WP_PATHWAYS_AFFECTED_IN_ADENOID_CYSTIC_CARCINOMA,17,0.498518007,2.206643712,0.002728513,0.025983193,0.015515259,602,"tags=94%, list=46%, signal=51%",PTEN/TP53/FBXW7/MYCN/SMARCA2/ERBB2/RAF1/ARID4B/CREBBP/MYB/PIK3CA/MORF4L1/EP300/ARID1A/SMARCE1/SETD2,148
KEGG_BLADDER_CANCER,KEGG_BLADDER_CANCER,16,0.502341143,2.157137505,0.002797203,0.025983193,0.015515259,209,"tags=62%, list=16%, signal=53%",CDKN1A/CDH1/TP53/BRAF/MAPK1/ERBB2/NRAS/EGFR/E2F1/RAF1,149
KEGG_LEUKOCYTE_TRANSENDOTHELIAL_MIGRATION,KEGG_LEUKOCYTE_TRANSENDOTHELIAL_MIGRATION,16,0.495653537,2.128419798,0.002797203,0.025983193,0.015515259,373,"tags=75%, list=29%, signal=54%",ROCK2/BCAR1/PIK3R1/ITGB1/CTNNA1/PTK2/PIK3CB/MAPK14/PXN/PTPN11/CTNNB1/PIK3CA,150
LEE_BMP2_TARGETS_UP,LEE_BMP2_TARGETS_UP,16,0.554998328,2.38325633,0.002797203,0.025983193,0.015515259,232,"tags=69%, list=18%, signal=57%",KRT18/FLCN/ACSL4/CDH1/PIK3R1/IRF2/SNAI2/MYCN/SMARCA2/ITGB5/JUN,151
PID_ERBB2_ERBB3_PATHWAY,PID_ERBB2_ERBB3_PATHWAY,16,0.553318949,2.376044793,0.002797203,0.025983193,0.015515259,373,"tags=81%, list=29%, signal=59%",NF2/PIK3R1/SHC1/MAPK1/ERBB2/NRAS/SOS1/RAF1/JUN/ERBB3/PIK3CB/PTPN11/PIK3CA,152
REACTOME_CELL_SURFACE_INTERACTIONS_AT_THE_VASCULAR_WALL,REACTOME_CELL_SURFACE_INTERACTIONS_AT_THE_VASCULAR_WALL,16,0.555837541,2.386860053,0.002797203,0.025983193,0.015515259,374,"tags=81%, list=29%, signal=59%",PIK3R1/SLC16A1/ITGA3/ITGB1/SHC1/ATP1B3/NRAS/SOS1/ITGAV/PIK3CB/PTPN11/PIK3CA/SLC7A5,153
WP_ASSOCIATION_BETWEEN_PHYSICOCHEMICAL_FEATURES_AND_TOXICITY_ASSOCIATED_PATHWAYS,WP_ASSOCIATION_BETWEEN_PHYSICOCHEMICAL_FEATURES_AND_TOXICITY_ASSOCIATED_PATHWAYS,16,0.581664466,2.497765218,0.002797203,0.025983193,0.015515259,353,"tags=81%, list=27%, signal=60%",ROCK2/CDKN1A/GSK3B/SHC1/PTK2/MAPK1/ERBB2/SOS1/EGFR/RAF1/JUN/APC/CTNNB1,154
WP_BLADDER_CANCER,WP_BLADDER_CANCER,16,0.56672523,2.433613623,0.002797203,0.025983193,0.015515259,209,"tags=69%, list=16%, signal=58%",CDKN1A/CDH1/PIK3R1/TP53/BRAF/MAPK1/ERBB2/NRAS/EGFR/E2F1/RAF1,155
WP_CHROMOSOMAL_AND_MICROSATELLITE_INSTABILITY_IN_COLORECTAL_CANCER,WP_CHROMOSOMAL_AND_MICROSATELLITE_INSTABILITY_IN_COLORECTAL_CANCER,16,0.525922428,2.258399515,0.002797203,0.025983193,0.015515259,419,"tags=81%, list=32%, signal=56%",CDKN1A/TGFBR1/TP53/BRAF/GSK3B/MAPK1/TCF7L2/RAF1/JUN/APC/CTNNB1/RAC3/CCND1,156
WP_ONCOSTATIN_M_SIGNALING_PATHWAY,WP_ONCOSTATIN_M_SIGNALING_PATHWAY,16,0.573932002,2.464560717,0.002797203,0.025983193,0.015515259,344,"tags=81%, list=27%, signal=60%",PIK3R1/TP53/SHC1/MAPK1/SOCS3/RICTOR/SOS1/RAF1/MAPK14/PXN/LDLR/JUNB/PTPN11,157
WP_TCELL_ANTIGEN_RECEPTOR_TCR_SIGNALING_PATHWAY,WP_TCELL_ANTIGEN_RECEPTOR_TCR_SIGNALING_PATHWAY,16,0.511270388,2.19548119,0.002797203,0.025983193,0.015515259,344,"tags=75%, list=27%, signal=56%",GATA3/PIK3R1/IRF4/SHC1/MAPK1/SOS1/RAF1/JUN/MAP3K7/CRK/MAPK14/PTPN11,158
REACTOME_INTERLEUKIN_4_AND_INTERLEUKIN_13_SIGNALING,REACTOME_INTERLEUKIN_4_AND_INTERLEUKIN_13_SIGNALING,15,0.573028721,2.40318758,0.002805049,0.025983193,0.015515259,174,"tags=67%, list=13%, signal=58%",ZEB1/GATA3/CDKN1A/PIK3R1/TP53/IRF4/ITGB1/SOCS3/BCL6/SOX2,159
WP_ARYL_HYDROCARBON_RECEPTOR_NETPATH,WP_ARYL_HYDROCARBON_RECEPTOR_NETPATH,15,0.551180399,2.311559337,0.002805049,0.025983193,0.015515259,209,"tags=67%, list=16%, signal=57%",AHR/ARNT/CDKN1A/NFE2L2/NF1/MAPK1/NRAS/EGFR/E2F1/RAF1,160
SIG_INSULIN_RECEPTOR_PATHWAY_IN_CARDIAC_MYOCYTES,SIG_INSULIN_RECEPTOR_PATHWAY_IN_CARDIAC_MYOCYTES,14,0.5881411,2.40445706,0.002808989,0.025983193,0.015515259,209,"tags=71%, list=16%, signal=61%",PTEN/PARD3/PIK3R1/PTPN1/GSK3B/SHC1/MAPK1/CAP1/SOS1/RAF1,161
PID_FCER1_PATHWAY,PID_FCER1_PATHWAY,13,0.582642935,2.311865281,0.002853067,0.025983193,0.015515259,459,"tags=92%, list=35%, signal=60%",PIK3R1/SHC1/PAK2/PTK2/MAPK1/SOS1/RAF1/JUN/PXN/PTPN11/PIK3CA/IKBKG,162
WP_WNT_SIGNALING_PATHWAY_NETPATH,WP_WNT_SIGNALING_PATHWAY_NETPATH,13,0.571179732,2.266380507,0.002853067,0.025983193,0.015515259,490,"tags=92%, list=38%, signal=58%",BCL9/GSK3B/TCF3/TSC2/TSC1/MAPK1/TCF7L2/MAP3K7/APC/CTNNB1/CCND1/CDK6,163
MCBRYAN_PUBERTAL_BREAST_3_4WK_UP,MCBRYAN_PUBERTAL_BREAST_3_4WK_UP,12,0.573872473,2.198854083,0.002911208,0.025983193,0.015515259,560,"tags=100%, list=43%, signal=57%",KRT18/TGIF1/GATA3/GAB1/CDH1/SOX9/RUNX1/FOXA1/MYB/MTCH2/ACACA/ACLY,164
REACTOME_INSULIN_RECEPTOR_SIGNALLING_CASCADE,REACTOME_INSULIN_RECEPTOR_SIGNALLING_CASCADE,12,0.56607957,2.168994737,0.002911208,0.025983193,0.015515259,373,"tags=83%, list=29%, signal=60%",GAB1/PIK3R1/SHC1/FGFR1/MAPK1/NRAS/SOS1/PIK3CB/PTPN11/PIK3CA,165
REACTOME_SIGNALING_BY_FGFR1,REACTOME_SIGNALING_BY_FGFR1,12,0.589483879,2.258670863,0.002911208,0.025983193,0.015515259,373,"tags=83%, list=29%, signal=60%",GAB1/PIK3R1/BRAF/SHC1/FGFR1/MAPK1/NRAS/SOS1/PTPN11/PIK3CA,166
SASSON_RESPONSE_TO_FORSKOLIN_DN,SASSON_RESPONSE_TO_FORSKOLIN_DN,12,0.551754096,2.114105144,0.002911208,0.025983193,0.015515259,202,"tags=67%, list=16%, signal=57%",KRT18/MAP4K4/TP53/KIDINS220/ITGA3/PTPN1/SMARCD1/ITGB5,167
WP_APOPTOSISRELATED_NETWORK_DUE_TO_ALTERED_NOTCH3_IN_OVARIAN_CANCER,WP_APOPTOSISRELATED_NETWORK_DUE_TO_ALTERED_NOTCH3_IN_OVARIAN_CANCER,12,0.566764377,2.171618648,0.002911208,0.025983193,0.015515259,403,"tags=83%, list=31%, signal=58%",CDKN1A/SMAD7/PAK2/CTNNA1/PTK2/MAPK1/SOCS3/ERBB3/HDAC1/RNF7,168
WP_KIT_RECEPTOR_SIGNALING_PATHWAY,WP_KIT_RECEPTOR_SIGNALING_PATHWAY,12,0.58304209,2.233988456,0.002911208,0.025983193,0.015515259,344,"tags=83%, list=27%, signal=62%",PIK3R1/SHC1/MAPK1/SNAI2/SOS1/RAF1/CRK/MAPK14/JUNB/PTPN11,169
WP_SYNAPTIC_SIGNALING_PATHWAYS_ASSOCIATED_WITH_AUTISM_SPECTRUM_DISORDER,WP_SYNAPTIC_SIGNALING_PATHWAYS_ASSOCIATED_WITH_AUTISM_SPECTRUM_DISORDER,12,0.567453013,2.174257234,0.002911208,0.025983193,0.015515259,373,"tags=83%, list=29%, signal=60%",PTEN/PIK3R1/NF1/GSK3B/TSC2/TSC1/MAPK1/NRAS/PIK3CB/PIK3CA,170
BIOCARTA_PTEN_PATHWAY,BIOCARTA_PTEN_PATHWAY,10,0.680617904,2.456228678,0.002941176,0.025983193,0.015515259,181,"tags=80%, list=14%, signal=69%",PTEN/BCAR1/PIK3R1/ITGB1/SHC1/MAPK1/SOS1/EGFR,171
LEE_NEURAL_CREST_STEM_CELL_UP,LEE_NEURAL_CREST_STEM_CELL_UP,10,0.63537736,2.292963618,0.002941176,0.025983193,0.015515259,368,"tags=90%, list=28%, signal=65%",CDH1/TFAP2A/MEF2C/SHC1/SNAI2/SOX10/ZEB2/ERBB3/EMC1,172
PID_NECTIN_PATHWAY,PID_NECTIN_PATHWAY,10,0.633680664,2.286840545,0.002941176,0.025983193,0.015515259,373,"tags=90%, list=29%, signal=65%",CDH1/PIK3R1/CTNNA1/PTK2/ITGAV/CRK/TLN1/CTNNB1/PIK3CA,173
REACTOME_CONSTITUTIVE_SIGNALING_BY_ABERRANT_PI3K_IN_CANCER,REACTOME_CONSTITUTIVE_SIGNALING_BY_ABERRANT_PI3K_IN_CANCER,10,0.625783684,2.258341752,0.002941176,0.025983193,0.015515259,373,"tags=90%, list=29%, signal=65%",GAB1/PIK3R1/FGFR1/ERBB2/EGFR/ERBB3/PIK3CB/PTPN11/PIK3CA,174
REACTOME_SIGNALING_BY_ERBB2_IN_CANCER,REACTOME_SIGNALING_BY_ERBB2_IN_CANCER,10,0.627887909,2.265935525,0.002941176,0.025983193,0.015515259,373,"tags=90%, list=29%, signal=65%",GAB1/PIK3R1/SHC1/ERBB2/NRAS/SOS1/EGFR/ERBB3/PIK3CA,175
HOLLEMAN_ASPARAGINASE_RESISTANCE_B_ALL_UP,HOLLEMAN_ASPARAGINASE_RESISTANCE_B_ALL_UP,11,-0.702865856,-3.035874435,0.00310559,0.026673568,0.0159275,206,"tags=91%, list=16%, signal=77%",H3-3A/RACK1/EEF1B2/RPS5/RPL7A/RPL13A/RPL5/RPL6/RPS3,176
REACTOME_ACTIVATED_PKN1_STIMULATES_TRANSCRIPTION_OF_AR_ANDROGEN_RECEPTOR_REGULATED_GENES_KLK2_AND_KLK3,REACTOME_ACTIVATED_PKN1_STIMULATES_TRANSCRIPTION_OF_AR_ANDROGEN_RECEPTOR_REGULATED_GENES_KLK2_AND_KLK3,11,-0.746697747,-3.225196644,0.00310559,0.026673568,0.0159275,338,"tags=100%, list=26%, signal=75%",H2AX/H2AZ1/H2BC21/H2BC13/H2BC15/H2BC9/H2BC11/H2BC6/H3-3A/H2BC4,177
REACTOME_DNA_METHYLATION,REACTOME_DNA_METHYLATION,11,-0.746697747,-3.225196644,0.00310559,0.026673568,0.0159275,338,"tags=100%, list=26%, signal=75%",H2AX/H2AZ1/H2BC21/H2BC13/H2BC15/H2BC9/H2BC11/H2BC6/H3-3A/H2BC4,178
REACTOME_SIRT1_NEGATIVELY_REGULATES_RRNA_EXPRESSION,REACTOME_SIRT1_NEGATIVELY_REGULATES_RRNA_EXPRESSION,11,-0.746697747,-3.225196644,0.00310559,0.026673568,0.0159275,338,"tags=100%, list=26%, signal=75%",H2AX/H2AZ1/H2BC21/H2BC13/H2BC15/H2BC9/H2BC11/H2BC6/H3-3A/H2BC4,179
WP_TRANSLATION_FACTORS,WP_TRANSLATION_FACTORS,11,-0.737108977,-3.183780062,0.00310559,0.026673568,0.0159275,209,"tags=91%, list=16%, signal=77%",EEF1G/EIF5A/EIF3F/PABPC1/EEF1B2/EIF3G/EIF2S2/EIF3E/EIF1AX,180
REACTOME_BASE_EXCISION_REPAIR_AP_SITE_FORMATION,REACTOME_BASE_EXCISION_REPAIR_AP_SITE_FORMATION,12,-0.648689682,-2.954997435,0.003174603,0.026673568,0.0159275,338,"tags=92%, list=26%, signal=68%",H2AX/TERF2/H2AZ1/H2BC21/H2BC13/H2BC15/H2BC9/H2BC11/H2BC6/H2BC4,181
REACTOME_FORMATION_OF_TC_NER_PRE_INCISION_COMPLEX,REACTOME_FORMATION_OF_TC_NER_PRE_INCISION_COMPLEX,12,-0.53663609,-2.444556025,0.003174603,0.026673568,0.0159275,469,"tags=92%, list=36%, signal=59%",GPS1/USP7/POLR2K/POLR2H/COPS8/ZNF830/COPS5/CDK7/RPS27A/POLR2G,182
REACTOME_RECOGNITION_AND_ASSOCIATION_OF_DNA_GLYCOSYLASE_WITH_SITE_CONTAINING_AN_AFFECTED_PURINE,REACTOME_RECOGNITION_AND_ASSOCIATION_OF_DNA_GLYCOSYLASE_WITH_SITE_CONTAINING_AN_AFFECTED_PURINE,12,-0.648689682,-2.954997435,0.003174603,0.026673568,0.0159275,338,"tags=92%, list=26%, signal=68%",H2AX/TERF2/H2AZ1/H2BC21/H2BC13/H2BC15/H2BC9/H2BC11/H2BC6/H2BC4,183
REACTOME_RRNA_MODIFICATION_IN_THE_NUCLEUS_AND_CYTOSOL,REACTOME_RRNA_MODIFICATION_IN_THE_NUCLEUS_AND_CYTOSOL,12,-0.685069984,-3.120721824,0.003174603,0.026673568,0.0159275,418,"tags=100%, list=32%, signal=68%",UTP3/DDX52/DHX37/TBL3/UTP4/BUD23/IMP3/TRMT112/RPS7/RPS14/SNU13,184
BILANGES_RAPAMYCIN_SENSITIVE_VIA_TSC1_AND_TSC2,BILANGES_RAPAMYCIN_SENSITIVE_VIA_TSC1_AND_TSC2,13,-0.5327085,-2.477811472,0.003322259,0.026747405,0.01597159,369,"tags=85%, list=28%, signal=61%",ATP5F1A/TOMM20/BTF3/HNRNPA1/RTRAF/PAICS/EIF3E/RPS28/RPL36A/RPL36,185
REACTOME_ERCC6_CSB_AND_EHMT2_G9A_POSITIVELY_REGULATE_RRNA_EXPRESSION,REACTOME_ERCC6_CSB_AND_EHMT2_G9A_POSITIVELY_REGULATE_RRNA_EXPRESSION,14,-0.580380561,-2.757879767,0.003448276,0.026747405,0.01597159,338,"tags=86%, list=26%, signal=64%",H2AX/H2AZ1/H2BC21/H2BC13/H2BC15/H2BC9/H2BC11/CHD4/H2BC6/H3-3A/H2BC4,186
BILANGES_SERUM_RESPONSE_TRANSLATION,BILANGES_SERUM_RESPONSE_TRANSLATION,15,-0.659746454,-3.233963812,0.003460208,0.026747405,0.01597159,209,"tags=87%, list=16%, signal=74%",EEF1G/EIF3F/RACK1/EEF1B2/RPL10/RPS5/RPS7/RPL6/RPS3/RPL14/RPS19/RPL21,187
KEGG_SYSTEMIC_LUPUS_ERYTHEMATOSUS,KEGG_SYSTEMIC_LUPUS_ERYTHEMATOSUS,15,-0.674980514,-3.308638561,0.003460208,0.026747405,0.01597159,433,"tags=100%, list=33%, signal=67%",H2AC17/H2AC20/H2AX/SSB/H2AZ1/H2BC21/H2BC13/H2BC15/H2BC9/H2BC11/H2BC6/H3-3A/H2BC4/SNRPD1,188
REACTOME_AMYLOID_FIBER_FORMATION,REACTOME_AMYLOID_FIBER_FORMATION,15,-0.510048637,-2.500170825,0.003460208,0.026747405,0.01597159,338,"tags=80%, list=26%, signal=60%",H2AX/H2AZ1/H2BC21/H2BC13/H2BC15/H2BC9/H2BC11/H2BC6/H3-3A/H2BC4/RPS27A,189
REACTOME_CONDENSATION_OF_PROPHASE_CHROMOSOMES,REACTOME_CONDENSATION_OF_PROPHASE_CHROMOSOMES,15,-0.749025721,-3.671595447,0.003460208,0.026747405,0.01597159,338,"tags=100%, list=26%, signal=75%",NCAPD3/H2AX/NCAPH2/H2AZ1/H2BC21/CCNB1/H2BC13/H2BC15/H2BC9/NCAPG2/H2BC11/H2BC6/H3-3A/H2BC4,190
REACTOME_MEIOTIC_RECOMBINATION,REACTOME_MEIOTIC_RECOMBINATION,15,-0.553091472,-2.711159408,0.003460208,0.026747405,0.01597159,486,"tags=93%, list=37%, signal=59%",CDK2/H2AC20/H2AX/H2AZ1/H2BC21/H2BC13/H2BC15/H2BC9/H2BC11/H2BC6/H3-3A/H2BC4/RPA3,191
REACTOME_RHO_GTPASES_ACTIVATE_PKNS,REACTOME_RHO_GTPASES_ACTIVATE_PKNS,16,-0.520086585,-2.617482809,0.003484321,0.026747405,0.01597159,347,"tags=81%, list=27%, signal=60%",H2AC20/H2AX/H2AZ1/H2BC21/PPP1CB/H2BC13/H2BC15/H2BC9/H2BC11/H2BC6/H3-3A/H2BC4,192
REACTOME_TRANSCRIPTION_COUPLED_NUCLEOTIDE_EXCISION_REPAIR_TC_NER,REACTOME_TRANSCRIPTION_COUPLED_NUCLEOTIDE_EXCISION_REPAIR_TC_NER,16,-0.432273499,-2.175538619,0.003484321,0.026747405,0.01597159,539,"tags=88%, list=42%, signal=52%",GTF2H4/GPS1/LIG1/USP7/POLR2K/POLR2H/COPS8/ZNF830/COPS5/CDK7/RPS27A/POLR2G/RPA3,193
YAMASHITA_LIVER_CANCER_WITH_EPCAM_UP,YAMASHITA_LIVER_CANCER_WITH_EPCAM_UP,16,-0.531254615,-2.673689077,0.003484321,0.026747405,0.01597159,387,"tags=88%, list=30%, signal=62%",TOMM20/HNRNPA1/EIF3F/RPS7/RPL35/RPS27A/RPL7A/RPL13A/RPS24/RPL6/RPS3/RPS3A/RPL17,194
GAVIN_FOXP3_TARGETS_CLUSTER_P6,GAVIN_FOXP3_TARGETS_CLUSTER_P6,17,-0.469977006,-2.429017819,0.003703704,0.026747405,0.01597159,518,"tags=88%, list=40%, signal=54%",ASPM/CLSPN/KIF20A/TPI1/TYMS/CCNB1/CEP55/CKS1B/CENPE/NCAPG2/AURKA/CDCA8/CENPK/AURKB,195
REACTOME_APC_C_CDH1_MEDIATED_DEGRADATION_OF_CDC20_AND_OTHER_APC_C_CDH1_TARGETED_PROTEINS_IN_LATE_MITOSIS_EARLY_G1,REACTOME_APC_C_CDH1_MEDIATED_DEGRADATION_OF_CDC20_AND_OTHER_APC_C_CDH1_TARGETED_PROTEINS_IN_LATE_MITOSIS_EARLY_G1,17,-0.415300546,-2.146429323,0.003703704,0.026747405,0.01597159,767,"tags=100%, list=59%, signal=41%",PSMF1/CDC26/UBE2S/SKP2/UBE2C/SEM1/ANAPC1/PSMC2/ANAPC2/AURKA/PSMA4/RPS27A/AURKB/PSMA6/CDC27/PSMB3,196
REACTOME_BASE_EXCISION_REPAIR,REACTOME_BASE_EXCISION_REPAIR,17,-0.444641395,-2.298073855,0.003703704,0.026747405,0.01597159,381,"tags=76%, list=29%, signal=55%",H2AC20/H2AX/TERF2/H2AZ1/H2BC21/H2BC13/H2BC15/H2BC9/H2BC11/H2BC6/H2BC4/RPA3,197
REACTOME_CYTOSOLIC_TRNA_AMINOACYLATION,REACTOME_CYTOSOLIC_TRNA_AMINOACYLATION,17,-0.867291179,-4.482486801,0.003703704,0.026747405,0.01597159,188,"tags=100%, list=14%, signal=87%",WARS1/GARS1/EPRS1/MARS1/VARS1/NARS1/KARS1/LARS1/QARS1/AARS1/CARS1/SARS1/IARS1/DARS1/YARS1/TARS1,198
REACTOME_INHIBITION_OF_DNA_RECOMBINATION_AT_TELOMERE,REACTOME_INHIBITION_OF_DNA_RECOMBINATION_AT_TELOMERE,17,-0.607494722,-3.139761064,0.003703704,0.026747405,0.01597159,338,"tags=88%, list=26%, signal=66%",H2AX/TERF2/H2AZ1/H2BC21/H2BC13/H2BC15/H2BC9/H2BC11/H2BC6/H3-3A/POLR2K/POLR2H/H2BC4/POLR2G,199
REACTOME_MEIOTIC_SYNAPSIS,REACTOME_MEIOTIC_SYNAPSIS,17,-0.409094572,-2.114354515,0.003703704,0.026747405,0.01597159,338,"tags=71%, list=26%, signal=53%",H2AX/TERF2/H2AZ1/H2BC21/H2BC13/H2BC15/H2BC9/H2BC11/H2BC6/RAD21/H2BC4,200
REACTOME_MHC_CLASS_II_ANTIGEN_PRESENTATION,REACTOME_MHC_CLASS_II_ANTIGEN_PRESENTATION,17,-0.419032002,-2.165714886,0.003703704,0.026747405,0.01597159,672,"tags=94%, list=52%, signal=46%",ARF1/RAB7A/TUBB3/KIF20A/AP2M1/CAPZB/TUBA1C/TUBB4B/DYNLL1/DCTN6/CENPE/ACTR1A/KIF4A/DYNC1I2/KIF23,201
REACTOME_MRNA_SPLICING_MINOR_PATHWAY,REACTOME_MRNA_SPLICING_MINOR_PATHWAY,17,-0.613675195,-3.17170407,0.003703704,0.026747405,0.01597159,297,"tags=88%, list=23%, signal=69%",ZRSR2/POLR2K/GTF2F2/POLR2H/SNRNP25/YBX1/POLR2G/SF3B5/SF3B4/SNRPG/SNU13/SF3B6/LSM2/SNRPD1,202
BHATTACHARYA_EMBRYONIC_STEM_CELL,BHATTACHARYA_EMBRYONIC_STEM_CELL,18,-0.438476547,-2.337386434,0.003787879,0.026747405,0.01597159,369,"tags=78%, list=28%, signal=56%",SSB/CCNB1/MAD2L2/KIF4A/NPM1/EPRS1/CCT8/RPL7/RSL24D1/RPL24/AURKB/RPS24/RPL6,203
FLOTHO_PEDIATRIC_ALL_THERAPY_RESPONSE_UP,FLOTHO_PEDIATRIC_ALL_THERAPY_RESPONSE_UP,18,-0.604479155,-3.222296348,0.003787879,0.026747405,0.01597159,217,"tags=83%, list=17%, signal=70%",EEF1G/RPL7/RPS5/RPS28/RSL24D1/RPL37A/RPL13A/RPL5/FAU/RPL6/RPS16/RPS20/RPS19/RPL17,204
REACTOME_B_WICH_COMPLEX_POSITIVELY_REGULATES_RRNA_EXPRESSION,REACTOME_B_WICH_COMPLEX_POSITIVELY_REGULATES_RRNA_EXPRESSION,18,-0.547662663,-2.919424737,0.003787879,0.026747405,0.01597159,338,"tags=83%, list=26%, signal=62%",H2AX/H2AZ1/H2BC21/H2BC13/H2BC15/H2BC9/POLR1H/H2BC11/H2BC6/H3-3A/POLR2K/POLR2H/H2BC4/POLR1F,205
REACTOME_RNA_POLYMERASE_I_PROMOTER_ESCAPE,REACTOME_RNA_POLYMERASE_I_PROMOTER_ESCAPE,18,-0.685216559,-3.652683137,0.003787879,0.026747405,0.01597159,338,"tags=94%, list=26%, signal=71%",H2AX/H2AZ1/H2BC21/H2BC13/H2BC15/H2BC9/POLR1H/H2BC11/H2BC6/H3-3A/POLR2K/POLR2H/H2BC4/CDK7/RRN3/POLR1F,206
TIEN_INTESTINE_PROBIOTICS_6HR_UP,TIEN_INTESTINE_PROBIOTICS_6HR_UP,18,-0.621038257,-3.310567936,0.003787879,0.026747405,0.01597159,206,"tags=83%, list=16%, signal=71%",EIF5A/H3-3A/MYC/PPIA/RPS17/RPS7/RPL37A/RPS14/RPS24/RPL5/RPS23/RPL23/RPS19/RPS3A,207
REACTOME_G2_M_DNA_DAMAGE_CHECKPOINT,REACTOME_G2_M_DNA_DAMAGE_CHECKPOINT,20,-0.425215804,-2.412034887,0.003802281,0.026747405,0.01597159,439,"tags=80%, list=34%, signal=54%",RAD9A/BRIP1/H2AX/H2BC21/CCNB1/RMI1/H2BC13/H2BC15/H2BC9/UBE2N/RAD17/H2BC11/H2BC6/H2BC4/RPA3,208
REACTOME_NUCLEOTIDE_EXCISION_REPAIR,REACTOME_NUCLEOTIDE_EXCISION_REPAIR,20,-0.404998927,-2.297354738,0.003802281,0.026747405,0.01597159,539,"tags=85%, list=42%, signal=50%",NFRKB/GTF2H4/ACTB/GPS1/LIG1/USP7/UBE2N/POLR2K/POLR2H/COPS8/ZNF830/COPS5/CDK7/RPS27A/POLR2G/RPA3,209
REACTOME_NEGATIVE_EPIGENETIC_REGULATION_OF_RRNA_EXPRESSION,REACTOME_NEGATIVE_EPIGENETIC_REGULATION_OF_RRNA_EXPRESSION,21,-0.527853175,-3.063685574,0.003861004,0.026747405,0.01597159,469,"tags=90%, list=36%, signal=59%",SIN3A/H2AC20/H2AX/H2AZ1/H2BC21/H2BC13/H2BC15/H2BC9/POLR1H/SAP30BP/H2BC11/H2BC6/H3-3A/POLR2K/POLR2H/H2BC4/CDK7/POLR1F,210
REACTOME_POSITIVE_EPIGENETIC_REGULATION_OF_RRNA_EXPRESSION,REACTOME_POSITIVE_EPIGENETIC_REGULATION_OF_RRNA_EXPRESSION,21,-0.468167485,-2.717266918,0.003861004,0.026747405,0.01597159,338,"tags=76%, list=26%, signal=57%",H2AX/H2AZ1/H2BC21/H2BC13/H2BC15/H2BC9/POLR1H/H2BC11/CHD4/H2BC6/H3-3A/POLR2K/POLR2H/H2BC4/POLR1F,211
REACTOME_RNA_POLYMERASE_I_TRANSCRIPTION,REACTOME_RNA_POLYMERASE_I_TRANSCRIPTION,21,-0.579635569,-3.364233112,0.003861004,0.026747405,0.01597159,338,"tags=86%, list=26%, signal=64%",H2AX/H2AZ1/H2BC21/H2BC13/H2BC15/H2BC9/POLR1H/H2BC11/CHD4/H2BC6/H3-3A/POLR2K/POLR2H/H2BC4/CDK7/RRN3/POLR1F,212
REACTOME_TRANSCRIPTIONAL_REGULATION_BY_SMALL_RNAS,REACTOME_TRANSCRIPTIONAL_REGULATION_BY_SMALL_RNAS,21,-0.485609899,-2.818503538,0.003861004,0.026747405,0.01597159,461,"tags=86%, list=36%, signal=56%",NUP50/NUP35/NDC1/H2AC20/H2AX/H2AZ1/H2BC21/H2BC13/H2BC15/H2BC9/H2BC11/H2BC6/H3-3A/POLR2K/POLR2H/H2BC4/POLR2G,213
FARMER_BREAST_CANCER_BASAL_VS_LULMINAL,FARMER_BREAST_CANCER_BASAL_VS_LULMINAL,28,0.373126998,2.044927126,0.003875969,0.026747405,0.01597159,350,"tags=57%, list=27%, signal=43%",KRT18/GATA3/FASN/SLC16A1/TFAP2A/UGCG/NDUFAF4/SPTLC2/SREBF1/KLF5/ITGB5/CCNC/GLS/PDSS1/MYB/E2F3,214
BLANCO_MELO_COVID19_SARS_COV_2_INFECTION_A594_ACE2_EXPRESSING_CELLS_RUXOLITINIB_UP,BLANCO_MELO_COVID19_SARS_COV_2_INFECTION_A594_ACE2_EXPRESSING_CELLS_RUXOLITINIB_UP,26,0.379769172,2.028644047,0.003891051,0.026747405,0.01597159,232,"tags=50%, list=18%, signal=42%",TIPARP/FLCN/FBXW7/IRF4/SOX9/ANKRD49/EPC1/ZEB2/FOSL1/CCNL1/C3orf38/ARID4B/JUN,215
DOUGLAS_BMI1_TARGETS_DN,DOUGLAS_BMI1_TARGETS_DN,24,0.38350121,1.984274086,0.003891051,0.026747405,0.01597159,577,"tags=79%, list=44%, signal=45%",COG5/ACSL4/ISL1/RRAGC/STX4/FOXRED1/SLC33A1/VPS36/NGLY1/PIK3CB/DDI2/MED16/GOLT1B/IREB2/UROS/DCP2/BIRC2/ELAVL1/PPCS,216
FERRANDO_T_ALL_WITH_MLL_ENL_FUSION_DN,FERRANDO_T_ALL_WITH_MLL_ENL_FUSION_DN,19,-0.384505131,-2.09880019,0.003937008,0.026747405,0.01597159,560,"tags=84%, list=43%, signal=49%",VBP1/BCLAF1/UBE2S/HMGA1/C1QBP/KHSRP/UBE2C/CDK2/TYMS/ELOC/MYC/DUT/PKMYT1/SRSF3/PSMA6,217
REACTOME_DEPOSITION_OF_NEW_CENPA_CONTAINING_NUCLEOSOMES_AT_THE_CENTROMERE,REACTOME_DEPOSITION_OF_NEW_CENPA_CONTAINING_NUCLEOSOMES_AT_THE_CENTROMERE,19,-0.564434256,-3.080933465,0.003937008,0.026747405,0.01597159,338,"tags=84%, list=26%, signal=63%",H2AX/CENPI/CENPO/H2AZ1/H2BC21/CENPC/H2BC13/H2BC15/H2BC9/H2BC11/H2BC6/KNL1/NPM1/CENPK/H2BC4,218
REACTOME_SWITCHING_OF_ORIGINS_TO_A_POST_REPLICATIVE_STATE,REACTOME_SWITCHING_OF_ORIGINS_TO_A_POST_REPLICATIVE_STATE,19,-0.370602033,-2.022910893,0.003937008,0.026747405,0.01597159,825,"tags=79%, list=64%, signal=29%",SKP2/UBE2C/CDK2/SEM1/ANAPC1/PSMC2/ANAPC2/MCM4/SKP1/PSMA4/RPS27A/PSMA6/CDC27/PSMB3,219
BILD_HRAS_ONCOGENIC_SIGNATURE,BILD_HRAS_ONCOGENIC_SIGNATURE,22,0.421893467,2.096383871,0.003947368,0.026747405,0.01597159,439,"tags=73%, list=34%, signal=49%",ATP2B1/DUSP4/UAP1/FERMT1/TCF7L2/RUNX1/BCL6/KLF5/FOSL1/CCNL1/LDLR/JUNB/SLC20A1/MED25/LRP8/GRHL2,220
WP_MESODERMAL_COMMITMENT_PATHWAY,WP_MESODERMAL_COMMITMENT_PATHWAY,22,0.426068634,2.117130225,0.003947368,0.026747405,0.01597159,602,"tags=86%, list=46%, signal=47%",GATA3/NFE2L2/FGFR1/SOX2/KLF5/TEAD1/FOXA1/YAP1/EXT1/EMSY/EXT2/CCND1/GRHL2/CCDC6/ACACA/PRKAR1A/BMPR1A/TRIM28/SETD2,221
PASINI_SUZ12_TARGETS_DN,PASINI_SUZ12_TARGETS_DN,20,0.423401937,2.005783268,0.004054054,0.026747405,0.01597159,658,"tags=90%, list=51%, signal=45%",KRT18/ACSL4/CDKN1A/ITGA3/ITGB1/WWTR1/CDH2/CAP1/ITGAV/JUN/KCTD10/LRP8/CDK6/ZMYND8/VCL/SUZ12/IRS2/ILK,222
REACTOME_RAC1_GTPASE_CYCLE,REACTOME_RAC1_GTPASE_CYCLE,18,0.435180329,1.969039059,0.00405954,0.026747405,0.01597159,205,"tags=56%, list=16%, signal=47%",GNA13/BRK1/PIK3R1/ARHGEF7/ITGB1/PAK2/DOCK5/FERMT2/SOS1/PKN2,223
REACTOME_GENE_SILENCING_BY_RNA,REACTOME_GENE_SILENCING_BY_RNA,23,-0.448122955,-2.685826434,0.004115226,0.026747405,0.01597159,466,"tags=83%, list=36%, signal=54%",NUP58/NUP50/NUP35/NDC1/H2AC20/H2AX/H2AZ1/H2BC21/H2BC13/H2BC15/H2BC9/H2BC11/H2BC6/H3-3A/POLR2K/POLR2H/H2BC4/POLR2G,224
REACTOME_PROCESSING_OF_DNA_DOUBLE_STRAND_BREAK_ENDS,REACTOME_PROCESSING_OF_DNA_DOUBLE_STRAND_BREAK_ENDS,23,-0.468270203,-2.806579029,0.004115226,0.026747405,0.01597159,495,"tags=87%, list=38%, signal=55%",PPP4R2/CLSPN/RAD9A/CDK2/BRIP1/H2AX/H2BC21/RMI1/H2BC13/H2BC15/H2BC9/UBE2N/RAD17/H2BC11/TIPIN/H2BC6/H2BC4/RPS27A/RPA3,225
REACTOME_ACTIVATION_OF_THE_MRNA_UPON_BINDING_OF_THE_CAP_BINDING_COMPLEX_AND_EIFS_AND_SUBSEQUENT_BINDING_TO_43S,REACTOME_ACTIVATION_OF_THE_MRNA_UPON_BINDING_OF_THE_CAP_BINDING_COMPLEX_AND_EIFS_AND_SUBSEQUENT_BINDING_TO_43S,22,-0.789594857,-4.66467947,0.004132231,0.026747405,0.01597159,209,"tags=95%, list=16%, signal=81%",EIF3F/PABPC1/EIF3G/EIF2S2/RPS17/EIF3E/RPS5/RPS7/RPS28/RPS27A/EIF1AX/RPS14/RPS24/FAU/RPS3/RPS16/RPS23/RPS20/RPS19/RPS3A,226
REACTOME_APC_C_MEDIATED_DEGRADATION_OF_CELL_CYCLE_PROTEINS,REACTOME_APC_C_MEDIATED_DEGRADATION_OF_CELL_CYCLE_PROTEINS,22,-0.460223776,-2.718858133,0.004132231,0.026747405,0.01597159,488,"tags=86%, list=38%, signal=55%",SKP2/UBE2C/CDK2/CCNB1/SEM1/FBXO5/ANAPC1/PSMC2/ANAPC2/AURKA/MAD2L1/SKP1/PSMA4/RPS27A/AURKB/PSMA6/CDC27/PSMB3,227
REACTOME_TRNA_AMINOACYLATION,REACTOME_TRNA_AMINOACYLATION,25,-0.544097909,-3.462467544,0.004132231,0.026747405,0.01597159,406,"tags=88%, list=31%, signal=62%",PPA2/IARS2/FARS2/CARS2/HARS1/WARS1/GARS1/EPRS1/MARS1/VARS1/NARS1/KARS1/LARS1/QARS1/AARS1/CARS1/SARS1/IARS1/DARS1/YARS1/TARS1,228
PID_IL2_1PATHWAY,PID_IL2_1PATHWAY,15,0.483518799,2.027797788,0.004207574,0.026747405,0.01597159,373,"tags=73%, list=29%, signal=53%",PIK3R1/SHC1/MAPK1/SOCS3/NRAS/SOS1/RAF1/JUN/MAPK14/PTPN11/PIK3CA,229
REACTOME_SLC_MEDIATED_TRANSMEMBRANE_TRANSPORT,REACTOME_SLC_MEDIATED_TRANSMEMBRANE_TRANSPORT,15,0.515330242,2.161209713,0.004207574,0.026747405,0.01597159,570,"tags=93%, list=44%, signal=53%",SLC16A1/SLC35A2/SLC38A2/SLC35A1/RUNX1/SLC2A1/SLC35B2/SLC33A1/SLC20A1/SLC7A5/SLC7A1/SLC4A7/SLC39A10/SLC3A2,230
WP_WNT_SIGNALING,WP_WNT_SIGNALING,14,0.562453795,2.299441406,0.004213483,0.026747405,0.01597159,419,"tags=86%, list=32%, signal=59%",ROCK2/GSK3B/TCF7L2/CCND3/FOSL1/JUN/MAP3K7/CHD8/APC/CTNNB1/CCND2/CCND1,231
KEGG_THYROID_CANCER,KEGG_THYROID_CANCER,13,0.535161955,2.123465794,0.004279601,0.026747405,0.01597159,444,"tags=85%, list=34%, signal=56%",CDH1/TP53/PAX8/BRAF/MAPK1/TCF7L2/NRAS/CTNNB1/CCND1/NCOA4/CCDC6,232
KEGG_VEGF_SIGNALING_PATHWAY,KEGG_VEGF_SIGNALING_PATHWAY,13,0.558071397,2.214368027,0.004279601,0.026747405,0.01597159,404,"tags=85%, list=31%, signal=59%",PIK3R1/PTK2/MAPK1/NRAS/RAF1/PIK3CB/MAPK14/PXN/CHP1/PIK3CA/RAC3,233
ZWANG_EGF_INTERVAL_DN,ZWANG_EGF_INTERVAL_DN,13,0.565616434,2.244305933,0.004279601,0.026747405,0.01597159,389,"tags=85%, list=30%, signal=60%",BCL9/TMEM165/PIK3R1/SNAI2/SREBF1/CCNL1/PARD6B/NDUFAF3/JUNB/ANKRD11/NDUFS8,234
CHNG_MULTIPLE_MYELOMA_HYPERPLOID_UP,CHNG_MULTIPLE_MYELOMA_HYPERPLOID_UP,26,-0.743522159,-4.800758395,0.004329004,0.026747405,0.01597159,283,"tags=96%, list=22%, signal=77%",HNRNPA1/EEF1G/RPLP1/NPM1/EEF1B2/EIF3G/IMP3/RPS17/QARS1/RPL37/RPL35/RSL24D1/RPL24/RPS14/RPL7A/RPL13A/RPL36/RPS3/RPL14/RPS16/RPS23/RPL32/RPS19/RPL21,235
CROONQUIST_IL6_DEPRIVATION_DN,CROONQUIST_IL6_DEPRIVATION_DN,26,-0.446293533,-2.881618793,0.004329004,0.026747405,0.01597159,672,"tags=96%, list=52%, signal=47%",ZWINT/GPX4/KPNA2/TRIP13/KNTC1/HMGA1/SKP2/KIF14/CCNF/UBE2C/LIG1/TYMS/CCNB1/CKS1B/CENPE/H2BC11/MCM4/DUT/AURKA/SPOUT1/FANCI/MAD2L1/AURKB/SNRPA1,236
KEGG_AMINOACYL_TRNA_BIOSYNTHESIS,KEGG_AMINOACYL_TRNA_BIOSYNTHESIS,24,-0.536935231,-3.321986051,0.004329004,0.026747405,0.01597159,214,"tags=75%, list=16%, signal=64%",HARS1/WARS1/GARS1/EPRS1/MARS1/VARS1/NARS1/KARS1/LARS1/QARS1/AARS1/CARS1/SARS1/IARS1/DARS1/YARS1/TARS1,237
MALONEY_RESPONSE_TO_17AAG_DN,MALONEY_RESPONSE_TO_17AAG_DN,26,-0.438063423,-2.828478791,0.004329004,0.026747405,0.01597159,441,"tags=81%, list=34%, signal=54%",YWHAE/UBE2C/TPI1/ARF4/CYCS/TIMM23/SSB/DYNLL1/HNRNPA1/XRCC5/RPL36AL/ELOB/NACA/RPL30/MAD2L1/RPL35/IARS1/SRSF3/RPS16/SNRPG,238
REACTOME_HOST_INTERACTIONS_OF_HIV_FACTORS,REACTOME_HOST_INTERACTIONS_OF_HIV_FACTORS,26,-0.318693106,-2.057731009,0.004329004,0.026747405,0.01597159,470,"tags=73%, list=36%, signal=48%",NUP58/NUP50/AP2M1/NUP35/NDC1/SEM1/ATP6V1H/PSMC2/ELOC/PPIA/ELOB/NPM1/SKP1/PSMA4/RPS27A/BANF1/PSMA6/PSMB3,239
REACTOME_RNA_POLYMERASE_II_TRANSCRIBES_SNRNA_GENES,REACTOME_RNA_POLYMERASE_II_TRANSCRIBES_SNRNA_GENES,24,-0.475652531,-2.942833665,0.004329004,0.026747405,0.01597159,437,"tags=83%, list=34%, signal=56%",INTS10/INTS12/INTS6/RPAP2/ICE1/PHAX/INTS13/TAF8/SNAPC5/SNAPC2/POLR2K/GTF2F2/GTF2E2/POLR2H/INTS8/INTS9/CDK7/INTS11/POLR2G,240
REACTOME_SENESCENCE_ASSOCIATED_SECRETORY_PHENOTYPE_SASP,REACTOME_SENESCENCE_ASSOCIATED_SECRETORY_PHENOTYPE_SASP,26,-0.313592405,-2.024796915,0.004329004,0.026747405,0.01597159,488,"tags=73%, list=38%, signal=47%",CDK4/UBE2C/CDK2/H2AC20/H2AX/H2AZ1/H2BC21/H2BC13/H2BC15/H2BC9/H2BC11/ANAPC1/ANAPC2/H2BC6/H3-3A/H2BC4/RPS27A/CDC27,241
YAO_TEMPORAL_RESPONSE_TO_PROGESTERONE_CLUSTER_11,YAO_TEMPORAL_RESPONSE_TO_PROGESTERONE_CLUSTER_11,24,-0.348307465,-2.154957384,0.004329004,0.026747405,0.01597159,653,"tags=88%, list=50%, signal=44%",KPNA2/HSP90B1/KRAS/SRM/GMPPB/PELO/TFRC/CYCS/BOP1/STRAP/AK6/UTP4/RRS1/NIFK/EPRS1/MAK16/MARS1/AARS1/TARS1/SRSF3,242
IWANAGA_CARCINOGENESIS_BY_KRAS_UP,IWANAGA_CARCINOGENESIS_BY_KRAS_UP,12,0.541816534,2.076028305,0.004366812,0.026747405,0.01597159,359,"tags=75%, list=28%, signal=55%",SLC16A1/DERL2/RUNX1/TADA1/SOX2/SUPT7L/CREBBP/LDLR/TEDC2,243
KEGG_JAK_STAT_SIGNALING_PATHWAY,KEGG_JAK_STAT_SIGNALING_PATHWAY,12,0.538613448,2.063755338,0.004366812,0.026747405,0.01597159,419,"tags=83%, list=32%, signal=57%",PIK3R1/SOCS3/CCND3/SOS1/CREBBP/PIK3CB/PTPN11/PIK3CA/CCND2/CCND1,244
REACTOME_DNA_REPLICATION,REACTOME_DNA_REPLICATION,27,-0.276414467,-1.810389772,0.004366812,0.026747405,0.01597159,825,"tags=74%, list=64%, signal=28%",UBE2S/SKP2/UBE2C/CDK2/LIG1/SEM1/DBF4/ANAPC1/PSMC2/GINS4/ANAPC2/MCM4/SKP1/PSMA4/RPS27A/RPA3/PSMA6/CDC27/PSMB3,245
REACTOME_HOMOLOGY_DIRECTED_REPAIR,REACTOME_HOMOLOGY_DIRECTED_REPAIR,27,-0.359197501,-2.352581209,0.004366812,0.026747405,0.01597159,614,"tags=85%, list=47%, signal=46%",RAD51B/POLE3/RNF4/PPP4R2/CLSPN/RAD9A/CDK2/BRIP1/H2AX/H2BC21/RMI1/H2BC13/H2BC15/H2BC9/UBE2N/RAD17/H2BC11/TIPIN/H2BC6/H2BC4/RPS27A/RPA3,246
REACTOME_RUNX1_REGULATES_TRANSCRIPTION_OF_GENES_INVOLVED_IN_DIFFERENTIATION_OF_HSCS,REACTOME_RUNX1_REGULATES_TRANSCRIPTION_OF_GENES_INVOLVED_IN_DIFFERENTIATION_OF_HSCS,27,-0.339835567,-2.225769294,0.004366812,0.026747405,0.01597159,338,"tags=67%, list=26%, signal=50%",H2AX/H2AZ1/H2BC21/SEM1/H2BC13/H2BC15/H2BC9/H2BC11/PSMC2/H2BC6/H3-3A/H2BC4/PSMA4/CDK7/RPS27A/PSMA6/PSMB3,247
REACTOME_TELOMERE_MAINTENANCE,REACTOME_TELOMERE_MAINTENANCE,27,-0.333861828,-2.186644009,0.004366812,0.026747405,0.01597159,424,"tags=70%, list=33%, signal=48%",CDK2/LIG1/H2AC20/H2AX/TERF2/H2AZ1/H2BC21/H2BC13/H2BC15/H2BC9/H2BC11/H2BC6/H3-3A/POLR2K/POLR2H/H2BC4/POLR2G/RPA3,248
SCHUHMACHER_MYC_TARGETS_UP,SCHUHMACHER_MYC_TARGETS_UP,27,-0.282236059,-1.848518563,0.004366812,0.026747405,0.01597159,586,"tags=78%, list=45%, signal=44%",VRK1/DHODH/NAMPT/SRM/CDK4/TFRC/MRPL3/IMPDH2/CYCS/BOP1/TBL3/PAICS/PPAT/MYC/RRS1/POLR2H/VARS1/DDX10/IARS1/HSPE1,249
WP_MICRORNAS_IN_CARDIOMYOCYTE_HYPERTROPHY,WP_MICRORNAS_IN_CARDIOMYOCYTE_HYPERTROPHY,12,0.532787326,2.041431924,0.004366812,0.026747405,0.01597159,545,"tags=92%, list=42%, signal=54%",ROCK2/PIK3R1/GSK3B/MAPK1/RAF1/PIK3CB/MAPK14/CTNNB1/PIK3CA/IKBKG/IGF1R,250
LIU_PROSTATE_CANCER_DN,LIU_PROSTATE_CANCER_DN,11,0.584266089,2.166898103,0.004411765,0.026747405,0.01597159,227,"tags=73%, list=17%, signal=61%",KIRREL1/GATA3/PIK3R1/TP63/FGFR1/SNAI2/FERMT2/HOXD13,251
REACTOME_SIGNALING_BY_FGFR3,REACTOME_SIGNALING_BY_FGFR3,11,0.576592296,2.138437905,0.004411765,0.026747405,0.01597159,373,"tags=82%, list=29%, signal=59%",GAB1/PIK3R1/BRAF/SHC1/MAPK1/NRAS/SOS1/PTPN11/PIK3CA,252
REACTOME_SIGNALING_BY_FGFR4,REACTOME_SIGNALING_BY_FGFR4,11,0.576592296,2.138437905,0.004411765,0.026747405,0.01597159,373,"tags=82%, list=29%, signal=59%",GAB1/PIK3R1/BRAF/SHC1/MAPK1/NRAS/SOS1/PTPN11/PIK3CA,253
SENESE_HDAC1_TARGETS_DN,SENESE_HDAC1_TARGETS_DN,11,0.576497677,2.138086989,0.004411765,0.026747405,0.01597159,358,"tags=82%, list=28%, signal=60%",EIPR1/ROCK2/BCAR1/FDFT1/FGFR1/SOX2/GET1/RASA4/HDAC1,254
WP_MECHANOREGULATION_AND_PATHOLOGY_OF_YAPTAZ_VIA_HIPPO_AND_NONHIPPO_MECHANISMS,WP_MECHANOREGULATION_AND_PATHOLOGY_OF_YAPTAZ_VIA_HIPPO_AND_NONHIPPO_MECHANISMS,11,0.576303071,2.137365244,0.004411765,0.026747405,0.01597159,353,"tags=82%, list=27%, signal=60%",NF2/MAP4K4/CDH1/ITGB1/PAK2/CTNNA1/ITGB5/TEAD1/CTNNB1,255
REACTOME_EPIGENETIC_REGULATION_OF_GENE_EXPRESSION,REACTOME_EPIGENETIC_REGULATION_OF_GENE_EXPRESSION,29,-0.323230369,-2.21421785,0.004739336,0.027590392,0.01647496,469,"tags=72%, list=36%, signal=47%",SIN3A/ACTB/H2AC20/H2AX/H2AZ1/H2BC21/H2BC13/H2BC15/H2BC9/POLR1H/SAP30BP/H2BC11/CHD4/H2BC6/H3-3A/POLR2K/POLR2H/H2BC4/CDK7/POLR1F,256
REACTOME_MITOTIC_SPINDLE_CHECKPOINT,REACTOME_MITOTIC_SPINDLE_CHECKPOINT,29,-0.281196729,-1.926275737,0.004739336,0.027590392,0.01647496,319,"tags=59%, list=25%, signal=45%",CENPO/CENPC/DYNLL1/CENPE/AHCTF1/ANAPC1/SGO1/ANAPC2/KNL1/MIS12/CDCA8/CENPK/MAD2L1/AURKB/DYNC1I2/CDC27,257
BLANCO_MELO_BRONCHIAL_EPITHELIAL_CELLS_INFLUENZA_A_DEL_NS1_INFECTION_DN,BLANCO_MELO_BRONCHIAL_EPITHELIAL_CELLS_INFLUENZA_A_DEL_NS1_INFECTION_DN,31,-0.260787441,-1.840968717,0.004761905,0.027590392,0.01647496,672,"tags=81%, list=52%, signal=40%",ZWINT/CHTF18/CIT/DDX11/KIF18B/CLSPN/KIF14/UBE2C/KIF20A/CENPI/CENPO/CEP55/CENPE/NCAPG2/GINS4/SGO1/KNL1/MCM4/KIF4A/PKMYT1/AURKA/FANCI/CDCA8/AURKB,258
LEE_LIVER_CANCER_SURVIVAL_DN,LEE_LIVER_CANCER_SURVIVAL_DN,31,-0.261247263,-1.844214726,0.004761905,0.027590392,0.01647496,755,"tags=77%, list=58%, signal=33%",USP1/SNRPB2/KNTC1/CDK4/RPE/PTMA/NDC1/HNRNPC/CCNB1/DYNLL1/HNRNPA1/PFDN4/NPM1/CDCA8/LSM8/RPS5/RPS7/RPL35/RPL36A/RPS3/SNRPG/RPS3A/RPL17,259
WP_MRNA_PROCESSING,WP_MRNA_PROCESSING,31,-0.430719608,-3.040565609,0.004761905,0.027590392,0.01647496,267,"tags=71%, list=21%, signal=58%",CSTF2/CPSF1/NXF1/TRA2B/DHX16/PCBP2/SRSF10/CPSF4/YBX1/LSM7/SF3A3/SF3B5/SF3B4/SRSF3/SNRPG/SNU13/SNRPA1/LSM2/PHF5A/SNRPD1/SRP54,260
HOFFMANN_LARGE_TO_SMALL_PRE_BII_LYMPHOCYTE_UP,HOFFMANN_LARGE_TO_SMALL_PRE_BII_LYMPHOCYTE_UP,30,-0.29182617,-2.027077695,0.004784689,0.027590392,0.01647496,672,"tags=83%, list=52%, signal=41%",KPNA2/TUBB3/CIT/IPO5/TRIP13/UBE2S/UBE2C/KIF20A/LIG1/TUBB4B/H2AX/NCAPH2/CCNB1/DBF4/PPP1CA/CKS1B/CENPE/SGO1/KIF4A/HAUS6/AURKA/AARS1/AURKB/KIF23,261
REACTOME_MITOTIC_PROPHASE,REACTOME_MITOTIC_PROPHASE,30,-0.310772337,-2.158681218,0.004784689,0.027590392,0.01647496,461,"tags=70%, list=36%, signal=46%",NUP50/NUMA1/NUP35/NDC1/H2AC20/NCAPD3/H2AX/NCAPH2/H2AZ1/H2BC21/CCNB1/H2BC13/H2BC15/H2BC9/NCAPG2/H2BC11/H2BC6/H3-3A/H2BC4/BANF1,262
REACTOME_RESOLUTION_OF_SISTER_CHROMATID_COHESION,REACTOME_RESOLUTION_OF_SISTER_CHROMATID_COHESION,30,-0.274384602,-1.905925389,0.004784689,0.027590392,0.01647496,689,"tags=60%, list=53%, signal=29%",TUBB4B/CENPI/CENPO/CENPC/CCNB1/DYNLL1/CENPE/AHCTF1/SGO1/KNL1/RAD21/MIS12/CDCA8/CENPK/MAD2L1/AURKB/DYNC1I2,263
WP_ELECTRON_TRANSPORT_CHAIN_OXPHOS_SYSTEM_IN_MITOCHONDRIA,WP_ELECTRON_TRANSPORT_CHAIN_OXPHOS_SYSTEM_IN_MITOCHONDRIA,47,0.309498724,2.103848144,0.004884005,0.027590392,0.01647496,785,"tags=89%, list=60%, signal=37%",NDUFC1/NDUFA3/NDUFA10/NDUFV2/NDUFA2/NDUFS8/NDUFS3/NDUFC2/NDUFB8/NDUFA8/UQCRB/UQCR10/NDUFS2/NDUFB7/NDUFB2/NDUFB6/COX4I1/NDUFA1/NDUFS7/NDUFB3/NDUFA6/NDUFS1/NDUFB10/NDUFS5/SDHD/COX11/COX6A1/COX5A/NDUFA9/UQCRC2/ATP5MG/NDUFA4/ATP5ME/NDUFB9/COX7B/COX6C/ATP5F1C/ATP5PO/COX7C/SDHC/ATP5PB/COX17,264
REACTOME_HCMV_EARLY_EVENTS,REACTOME_HCMV_EARLY_EVENTS,32,-0.273457785,-1.94897513,0.004926108,0.027590392,0.01647496,763,"tags=88%, list=59%, signal=37%",EED/DAXX/TRIM28/SUZ12/TBL1XR1/TUBB3/NUP62/RBBP7/NUP58/H2AC15/NUP50/H2AC17/HDAC3/NUP35/NDC1/TUBA1C/H2AC20/TUBB4B/H2BC21/DYNLL1/H2BC13/H2BC15/H2BC9/H2BC11/H2BC6/H2BC4/DYNC1I2,265
PHONG_TNF_RESPONSE_VIA_P38_COMPLETE,PHONG_TNF_RESPONSE_VIA_P38_COMPLETE,31,0.359680497,2.06246652,0.005050505,0.027590392,0.01647496,581,"tags=77%, list=45%, signal=44%",MAP4K4/TGIF1/ATP2B1/DERL2/SHC1/STX4/SOS1/CCNL1/ARID4B/STK11/CRK/KMT2A/GET1/ACSL3/EXT1/KDM2A/DLG5/SLC7A1/NDUFB2/ACACA/RPRD2/LARP1/ZMYND8/VPS35,266
MCCABE_BOUND_BY_HOXC6,MCCABE_BOUND_BY_HOXC6,29,0.355882894,1.986078768,0.00505689,0.027590392,0.01647496,392,"tags=62%, list=30%, signal=44%",FLCN/COP1/PAK2/SPTLC2/RUNX1/FERMT2/VPS4B/KLF5/AMBRA1/KCTD10/SQLE/PARD6B/JMJD6/ALDH18A1/PDE4DIP/FBXO7/OTUD5/NDUFS3,267
FERREIRA_EWINGS_SARCOMA_UNSTABLE_VS_STABLE_UP,FERREIRA_EWINGS_SARCOMA_UNSTABLE_VS_STABLE_UP,34,-0.31876807,-2.36232771,0.005102041,0.027590392,0.01647496,708,"tags=88%, list=55%, signal=41%",NDUFA9/EAF1/KIF2C/ZWINT/KPNA2/CHTF18/SYNCRIP/KNTC1/NAMPT/NDC1/UBR5/FANCM/BRIP1/H2AZ1/CCNB1/CEP55/DBF4/EP400/CENPE/NCAPG2/MCM3AP/KNL1/CENPK/ESPL1/KIF23/ERH/RPA3/SNRPA1/SNRPD1,268
FLECHNER_PBL_KIDNEY_TRANSPLANT_OK_VS_DONOR_UP,FLECHNER_PBL_KIDNEY_TRANSPLANT_OK_VS_DONOR_UP,34,-0.264547202,-1.96050748,0.005102041,0.027590392,0.01647496,494,"tags=71%, list=38%, signal=45%",SETD1A/VDAC1/ACTB/TFRC/CAPZB/ATP5F1A/TAF7/HYOU1/ZPR1/TUBGCP2/IK/EIF3F/RACK1/EEF1B2/PSMA4/RPL35/SARS1/SF3B4/SRSF3/RPS23/RPL23/LSM2/RPS20,269
FLORIO_NEOCORTEX_BASAL_RADIAL_GLIA_DN,FLORIO_NEOCORTEX_BASAL_RADIAL_GLIA_DN,34,-0.276530655,-2.049314503,0.005102041,0.027590392,0.01647496,672,"tags=82%, list=52%, signal=41%",ZWINT/KPNA2/GTSE1/KIF18B/KNTC1/ASPM/ESCO2/KIF14/UBE2C/KIF20A/BRIP1/POC1A/CCNB1/FBXO5/CKS1B/CENPE/NCAPG2/SGO1/KIF4A/AURKA/FANCI/CDCA8/CENPK/MAD2L1/ESPL1/AURKB/KIF23,270
KIM_MYC_AMPLIFICATION_TARGETS_UP,KIM_MYC_AMPLIFICATION_TARGETS_UP,34,-0.274958734,-2.037665305,0.005102041,0.027590392,0.01647496,757,"tags=88%, list=58%, signal=38%",SLC39A10/ACLY/IDH3A/HSD17B12/MRPS34/COX7B/MRPL13/GPI/VRK1/SSBP1/MRPS2/TRMT10C/MRPL36/ATP5F1B/CYCS/SSB/TIPIN/PAICS/PPAT/UTP4/MYC/NIFK/EIF2S2/HSPD1/MAK16/KARS1/RSL24D1/RPL5/RPS23,271
KEGG_RIBOSOME,KEGG_RIBOSOME,40,-0.755342553,-6.085664951,0.005128205,0.027590392,0.01647496,252,"tags=95%, list=19%, signal=79%",RPL26L1/RPL22/RPLP1/RPL10/RPL30/RPS17/RPL7/RPS5/RPS7/RPL37/RPS28/RPL35/RPS27A/RSL24D1/RPL36A/RPL24/RPL37A/RPL7A/RPL13A/RPL36/RPS24/RPL5/FAU/RPL6/RPS3/RPL14/RPS16/RPS23/RPL26/RPL23/RPL8/RPL32/RPS20/RPS19/RPS3A/RPL21/RPL17,272
REACTOME_MITOTIC_PROMETAPHASE,REACTOME_MITOTIC_PROMETAPHASE,40,-0.269666654,-2.172657821,0.005128205,0.027590392,0.01647496,689,"tags=82%, list=53%, signal=40%",CSNK2A1/KIF2C/ZWINT/TUBB3/STAG2/CENPP/KNTC1/YWHAE/NUMA1/TUBA1C/TUBB4B/CENPI/CENPO/TUBGCP5/CENPC/CCNB1/DYNLL1/CENPE/AHCTF1/TUBGCP2/ACTR1A/SGO1/KNL1/HAUS6/RAD21/MZT1/MIS12/CDCA8/CENPK/MAD2L1/AURKB/DYNC1I2,273
ROSTY_CERVICAL_CANCER_PROLIFERATION_CLUSTER,ROSTY_CERVICAL_CANCER_PROLIFERATION_CLUSTER,40,-0.282503853,-2.276084928,0.005128205,0.027590392,0.01647496,672,"tags=82%, list=52%, signal=41%",ZWINT/KPNA2/TRIP13/GTSE1/KIF18B/ASPM/UBE2S/HMGA1/KIF14/CCNF/UBE2C/KIF20A/TYMS/H2AZ1/CCNB1/CEP55/DBF4/FBXO5/DPAGT1/CENPE/GINS4/MCM4/KIF4A/AURKA/FANCI/CDCA8/PRELID3B/MAD2L1/ESPL1/AURKB/KIF23/RPA3,274
PEDERSEN_METASTASIS_BY_ERBB2_ISOFORM_7,PEDERSEN_METASTASIS_BY_ERBB2_ISOFORM_7,28,0.351533291,1.92658255,0.005167959,0.027590392,0.01647496,588,"tags=75%, list=45%, signal=42%",CDKN1A/PIK3R1/TP53/ITGA3/ITGB1/WWTR1/LMNB1/SLC35A1/SOX2/ITGB5/EZH2/WDR26/PXN/LDLR/ANKRD11/ITPK1/KCTD5/SLC4A7/NDUFS1/CFLAR/HK2,275
CHARAFE_BREAST_CANCER_LUMINAL_VS_MESENCHYMAL_DN,CHARAFE_BREAST_CANCER_LUMINAL_VS_MESENCHYMAL_DN,27,0.358435389,1.940456712,0.005174644,0.027590392,0.01647496,239,"tags=48%, list=18%, signal=40%",KIRREL1/ZEB1/MAP4K4/PICALM/WWTR1/SNAI2/SOCS3/FLI1/EGFR/FOSL1/ITGAV/GLS/TEAD1,276
FUJII_YBX1_TARGETS_DN,FUJII_YBX1_TARGETS_DN,33,-0.256797027,-1.83390164,0.005181347,0.027590392,0.01647496,653,"tags=79%, list=50%, signal=40%",ZWINT/IPO5/NUP62/VRK1/TRIP13/UBE4B/ASPM/SKP2/CCNF/CDK2/LIG1/BRIP1/H2AX/FBXO5/MAD2L2/CKS1B/NCAPG2/TIPIN/MCM4/KIF4A/DUT/FANCI/CENPK/MAD2L1/KIF23,277
JISON_SICKLE_CELL_DISEASE_DN,JISON_SICKLE_CELL_DISEASE_DN,42,-0.373658029,-3.086714093,0.005181347,0.027590392,0.01647496,217,"tags=62%, list=17%, signal=53%",EIF3H/EEF1G/RPLP1/EIF3F/NPM1/DDX5/EEF1B2/POLR2H/NACA/RPL30/EIF3E/RPL7/RPS7/RPL37/RPS28/RPS27A/RPL24/RPL13A/RPS24/RPL5/RPL6/RPL14/RPS20/RPL21/RPL17,278
MARKEY_RB1_ACUTE_LOF_UP,MARKEY_RB1_ACUTE_LOF_UP,42,-0.233561143,-1.929401799,0.005181347,0.027590392,0.01647496,441,"tags=62%, list=34%, signal=42%",CCNF/KIF20A/FUBP1/CDK2/TFDP1/SASS6/TRIM37/H2AX/HNRNPC/TYMS/H2AZ1/CCNB1/CKS1B/TIPIN/MCM4/KIF4A/TARDBP/RAD21/AURKA/HSPD1/CENPK/MAD2L1/LSM3/BANF1/KIF23,279
REACTOME_EUKARYOTIC_TRANSLATION_ELONGATION,REACTOME_EUKARYOTIC_TRANSLATION_ELONGATION,41,-0.795696507,-6.552325342,0.005181347,0.027590392,0.01647496,252,"tags=98%, list=19%, signal=81%",RPL26L1/RPL22/EEF1G/RPLP1/EEF1B2/RPL10/RPL30/RPS17/RPL7/RPS5/RPS7/RPL37/RPS28/RPL35/RPS27A/RPL36A/RPL24/RPL37A/RPS14/RPL7A/RPL13A/RPL36/RPS24/RPL5/FAU/RPL6/RPS3/RPL14/RPS16/RPS23/RPL26/RPL23/RPL8/RPL32/RPS20/RPS19/RPS3A/RPL21/RPL17,280
REACTOME_G2_M_CHECKPOINTS,REACTOME_G2_M_CHECKPOINTS,33,-0.427883388,-3.055705343,0.005181347,0.027590392,0.01647496,467,"tags=82%, list=36%, signal=54%",YWHAE/RAD9A/CDK2/BRIP1/H2AX/H2BC21/CCNB1/SEM1/DBF4/RMI1/H2BC13/H2BC15/H2BC9/UBE2N/RAD17/H2BC11/PSMC2/H2BC6/MCM4/PKMYT1/H2BC4/PSMA4/RPS27A/RPA3/PSMA6/PSMB3,281
REACTOME_SEPARATION_OF_SISTER_CHROMATIDS,REACTOME_SEPARATION_OF_SISTER_CHROMATIDS,43,-0.332028809,-2.803665687,0.005181347,0.027590392,0.01647496,691,"tags=88%, list=53%, signal=43%",STAG1/KIF2C/ZWINT/CDC26/TUBB3/STAG2/CENPP/KNTC1/UBE2S/UBE2C/TUBA1C/TUBB4B/CENPI/CENPO/CENPC/SEM1/DYNLL1/CENPE/AHCTF1/ANAPC1/PSMC2/SGO1/ANAPC2/KNL1/RAD21/MIS12/CDCA8/CENPK/MAD2L1/ESPL1/PSMA4/RPS27A/AURKB/DYNC1I2/PSMA6/CDC27/PSMB3,282
SENGUPTA_NASOPHARYNGEAL_CARCINOMA_UP,SENGUPTA_NASOPHARYNGEAL_CARCINOMA_UP,33,-0.264896334,-1.891742389,0.005181347,0.027590392,0.01647496,461,"tags=67%, list=36%, signal=44%",ESCO2/CCNF/TFRC/NFYB/NDC1/G3BP1/BRIP1/TYMS/CEP55/DBF4/CENPE/KNL1/MCM4/HAUS6/DUT/FANCI/SRSF10/CENPK/MAD2L1/KIF23/SRSF3,283
TIEN_INTESTINE_PROBIOTICS_24HR_DN,TIEN_INTESTINE_PROBIOTICS_24HR_DN,42,-0.269355024,-2.225087874,0.005181347,0.027590392,0.01647496,246,"tags=55%, list=19%, signal=46%",HYOU1/EEF1G/EIF5A/PABPC1/RACK1/WARS1/RPL10/GARS1/THOC2/AARS1/RPS7/SARS1/RPL37A/RPS14/RPL13A/RPS24/RPL5/RPS3/RPS23/RPL23/RPS19/RPS3A,284
BILANGES_SERUM_AND_RAPAMYCIN_SENSITIVE_GENES,BILANGES_SERUM_AND_RAPAMYCIN_SENSITIVE_GENES,35,-0.778745776,-5.872632531,0.005235602,0.027590392,0.01647496,209,"tags=94%, list=16%, signal=81%",EEF1G/EIF3F/RACK1/EEF1B2/RPL10/RPL30/RPS17/RPL7/RPS5/QARS1/RPS7/RPS27A/RPL36A/RPL24/RPS14/RPL7A/RPL13A/RPS24/RPL5/FAU/RPL6/RPS3/RPL14/RPS16/RPS23/RPL26/RPL23/RPL8/RPL32/RPS19/RPS3A/RPL21,285
KEGG_SPLICEOSOME,KEGG_SPLICEOSOME,37,-0.508590719,-3.87874697,0.005235602,0.027590392,0.01647496,329,"tags=81%, list=25%, signal=62%",LSM6/HNRNPA1L2/DDX42/PPIL1/HNRNPA1/THOC3/TRA2B/DHX16/DDX5/SRSF10/THOC2/LSM8/RBM22/PCBP1/LSM7/LSM3/SF3A3/SF3B5/SF3B4/SRSF3/PUF60/SNRPG/SNU13/SNRPA1/SF3B6/LSM2/PHF5A/PRPF38A/SNRPD1,286
WP_CYTOPLASMIC_RIBOSOMAL_PROTEINS,WP_CYTOPLASMIC_RIBOSOMAL_PROTEINS,37,-0.817292716,-6.233050522,0.005235602,0.027590392,0.01647496,124,"tags=92%, list=10%, signal=86%",RPL30/RPS17/RPL7/RPS5/RPS7/RPL37/RPS28/RPL35/RPS27A/RPL36A/RPL24/RPL37A/RPS14/RPL7A/RPL13A/RPL36/RPS24/RPL5/FAU/RPL6/RPS3/RPL14/RPS16/RPS23/RPL26/RPL23/RPL8/RPL32/RPS20/RPS19/RPS3A/RPL21/RPL17,287
REACTOME_HCMV_INFECTION,REACTOME_HCMV_INFECTION,38,-0.263248401,-2.040830998,0.005263158,0.027590392,0.01647496,769,"tags=87%, list=59%, signal=36%",NUP37/EED/DAXX/UBAP1/TRIM28/SUZ12/TBL1XR1/TUBB3/NUP62/VPS4A/RBBP7/NUP58/VPS37A/H2AC15/NUP50/H2AC17/HDAC3/NUP35/NDC1/TUBA1C/H2AC20/TUBB4B/H2BC21/DYNLL1/H2BC13/H2BC15/H2BC9/H2BC11/H2BC6/VPS28/H2BC4/DYNC1I2,288
REACTOME_HIV_LIFE_CYCLE,REACTOME_HIV_LIFE_CYCLE,38,-0.268276198,-2.079808946,0.005263158,0.027590392,0.01647496,838,"tags=92%, list=65%, signal=34%",FURIN/TAF4/CHMP7/NUP37/UBAP1/ELOA/NELFCD/NUP62/VPS4A/HMGA1/GTF2H4/NUP58/VPS37A/NUP50/LIG1/NUP35/CHMP5/NDC1/TAF7/TAF2/TAF10/XRCC5/ELOC/PPIA/ELOB/POLR2K/VPS28/GTF2F2/GTF2E2/POLR2H/CDK7/RPS27A/POLR2G/BANF1,289
WP_FRAGILE_X_SYNDROME,WP_FRAGILE_X_SYNDROME,22,0.377339469,1.874995558,0.005263158,0.027590392,0.01647496,209,"tags=50%, list=16%, signal=43%",GAB1/PTEN/SLC16A1/NF1/BRAF/SHC1/TSC2/TSC1/MAPK1/SOS1/RAF1,290
WP_BRAINDERIVED_NEUROTROPHIC_FACTOR_BDNF_SIGNALING_PATHWAY,WP_BRAINDERIVED_NEUROTROPHIC_FACTOR_BDNF_SIGNALING_PATHWAY,23,0.389773928,1.969133644,0.005270092,0.027590392,0.01647496,353,"tags=61%, list=27%, signal=45%",PIK3R1/KIDINS220/GSK3B/MEF2C/SHC1/TSC2/MAPK1/CDH2/RAF1/JUN/MAPK14/APC/PTPN11/CTNNB1,291
DANG_MYC_TARGETS_UP,DANG_MYC_TARGETS_UP,36,-0.331782316,-2.524478652,0.005319149,0.027590392,0.01647496,502,"tags=78%, list=39%, signal=49%",CDK4/HMGA1/EIF4B/PTMA/UBE2C/TFRC/TYMS/H2AZ1/CCNB1/HNRNPA1/RPL22/PPAT/PPIA/NPM1/DDX5/RPL10/RPS17/HSPD1/DDX10/RPS5/RPL5/RPS16/RPL26/RPL32/RPS20/RPS19/HSPE1,292
REACTOME_CHROMOSOME_MAINTENANCE,REACTOME_CHROMOSOME_MAINTENANCE,36,-0.328285119,-2.497869041,0.005319149,0.027590392,0.01647496,424,"tags=69%, list=33%, signal=48%",CDK2/LIG1/H2AC20/H2AX/CENPI/CENPO/TERF2/H2AZ1/H2BC21/CENPC/H2BC13/H2BC15/H2BC9/H2BC11/H2BC6/KNL1/H3-3A/POLR2K/NPM1/POLR2H/CENPK/H2BC4/POLR2G/RPA3,293
BASAKI_YBX1_TARGETS_DN,BASAKI_YBX1_TARGETS_DN,21,0.400321795,1.931734425,0.005376344,0.027590392,0.01647496,354,"tags=62%, list=27%, signal=46%",CDH1/PTEN/PIK3R1/UBXN4/SMCHD1/RICTOR/TM9SF3/MIB1/SINHCAF/ATP2C1/JUNB/SLC20A1/IRF2BP2,294
REACTOME_NONSENSE_MEDIATED_DECAY_NMD,REACTOME_NONSENSE_MEDIATED_DECAY_NMD,44,-0.662118258,-5.610653201,0.005376344,0.027590392,0.01647496,252,"tags=89%, list=19%, signal=74%",RPL26L1/RPL22/RPLP1/PABPC1/RPL10/RPL30/RPS17/RPL7/RPS5/RPS7/RPL37/RPS28/RPL35/RPS27A/RPL36A/RPL24/RPL37A/RPS14/RPL7A/RPL13A/RPL36/RPS24/RPL5/FAU/RPL6/RPS3/RPL14/RPS16/RPS23/RPL26/RPL23/RPL8/RPL32/RPS20/RPS19/RPS3A/RPL21/RPL17,295
REACTOME_RESPONSE_OF_EIF2AK4_GCN2_TO_AMINO_ACID_DEFICIENCY,REACTOME_RESPONSE_OF_EIF2AK4_GCN2_TO_AMINO_ACID_DEFICIENCY,44,-0.660039176,-5.59303549,0.005376344,0.027590392,0.01647496,252,"tags=89%, list=19%, signal=74%",RPL26L1/RPL22/RPLP1/RPL10/EIF2S2/RPL30/RPS17/RPL7/RPS5/RPS7/RPL37/RPS28/RPL35/RPS27A/RPL36A/RPL24/RPL37A/RPS14/RPL7A/RPL13A/RPL36/RPS24/RPL5/FAU/RPL6/RPS3/RPL14/RPS16/RPS23/RPL26/RPL23/RPL8/RPL32/RPS20/RPS19/RPS3A/RPL21/RPL17,296
REACTOME_EUKARYOTIC_TRANSLATION_INITIATION,REACTOME_EUKARYOTIC_TRANSLATION_INITIATION,47,-0.774131948,-6.799722221,0.005464481,0.027590392,0.01647496,252,"tags=96%, list=19%, signal=80%",RPL26L1/RPL22/EIF3H/RPLP1/EIF3F/PABPC1/EIF3G/RPL10/EIF2S2/RPL30/RPS17/EIF3E/RPL7/RPS5/RPS7/RPL37/RPS28/RPL35/RPS27A/RPL36A/RPL24/RPL37A/EIF1AX/RPS14/RPL7A/RPL13A/RPL36/RPS24/RPL5/FAU/RPL6/RPS3/RPL14/RPS16/RPS23/RPL26/RPL23/RPL8/RPL32/RPS20/RPS19/RPS3A/RPL21/RPL17,297
REACTOME_SELENOAMINO_ACID_METABOLISM,REACTOME_SELENOAMINO_ACID_METABOLISM,49,-0.744167775,-6.572184462,0.005555556,0.027590392,0.01647496,252,"tags=94%, list=19%, signal=79%",RPL26L1/RPL22/RPLP1/RPL10/RPL30/RPS17/EPRS1/MARS1/KARS1/LARS1/RPL7/RPS5/QARS1/RPS7/RPL37/RPS28/RPL35/SARS1/RPS27A/IARS1/RPL36A/RPL24/DARS1/RPL37A/RPS14/RPL7A/RPL13A/RPL36/RPS24/RPL5/FAU/RPL6/RPS3/RPL14/RPS16/RPS23/RPL26/RPL23/RPL8/RPL32/RPS20/RPS19/RPS3A/RPL21/RPL17,298
REACTOME_SRP_DEPENDENT_COTRANSLATIONAL_PROTEIN_TARGETING_TO_MEMBRANE,REACTOME_SRP_DEPENDENT_COTRANSLATIONAL_PROTEIN_TARGETING_TO_MEMBRANE,45,-0.714596449,-6.051617871,0.005555556,0.027590392,0.01647496,273,"tags=93%, list=21%, signal=76%",RPL36AL/SPCS2/RPL26L1/RPL22/SEC61G/RPLP1/RPL10/RPL30/RPS17/RPL7/RPS5/RPS7/RPL37/RPS28/RPL35/RPS27A/RPL36A/RPL24/RPL37A/RPS14/RPL7A/RPL13A/RPL36/RPS24/RPL5/FAU/RPL6/RPS3/RPL14/RPS16/RPS23/RPL26/RPL23/RPL8/RPL32/RPS20/RPS19/SRP54/RPS3A/RPL21/RPL17,299
SCHAEFFER_PROSTATE_DEVELOPMENT_48HR_DN,SCHAEFFER_PROSTATE_DEVELOPMENT_48HR_DN,16,0.486138091,2.087558871,0.005594406,0.027590392,0.01647496,309,"tags=69%, list=24%, signal=53%",ZEB1/AHR/PTEN/ATP2B1/KDM5C/ASNS/MYCN/RUNX1/SREBF1/MYB/PDE4DIP,300
KEGG_B_CELL_RECEPTOR_SIGNALING_PATHWAY,KEGG_B_CELL_RECEPTOR_SIGNALING_PATHWAY,14,0.521283324,2.131126985,0.005617978,0.027590392,0.01647496,459,"tags=86%, list=35%, signal=56%",PIK3R1/GSK3B/MAPK1/NRAS/SOS1/RAF1/JUN/PIK3CB/CHP1/PIK3CA/RAC3/IKBKG,301
KEGG_MTOR_SIGNALING_PATHWAY,KEGG_MTOR_SIGNALING_PATHWAY,14,0.470190527,1.922247793,0.005617978,0.027590392,0.01647496,275,"tags=64%, list=21%, signal=51%",PIK3R1/BRAF/CAB39/TSC2/TSC1/MAPK1/RICTOR/STK11/PIK3CB,302
PID_AJDISS_2PATHWAY,PID_AJDISS_2PATHWAY,14,0.494266015,2.020673967,0.005617978,0.027590392,0.01647496,241,"tags=64%, list=19%, signal=53%",GNA13/CDH1/ARF6/PTPN1/CTNNA1/CDH2/EGFR/CBLL1/CREBBP,303
PID_BCR_5PATHWAY,PID_BCR_5PATHWAY,14,0.521183436,2.130718618,0.005617978,0.027590392,0.01647496,459,"tags=86%, list=35%, signal=56%",PTEN/PIK3R1/SHC1/MAPK1/CSK/SOS1/RAF1/JUN/MAP3K7/MAPK14/PIK3CA/IKBKG,304
PID_REG_GR_PATHWAY,PID_REG_GR_PATHWAY,14,0.468068536,1.913572603,0.005617978,0.027590392,0.01647496,697,"tags=100%, list=54%, signal=47%",GATA3/CDKN1A/TP53/GSK3B/MAPK1/SMARCD1/JUN/CREBBP/MAPK14/HDAC1/EP300/MDM2/RELA/SMARCA4,305
SASSON_RESPONSE_TO_GONADOTROPHINS_DN,SASSON_RESPONSE_TO_GONADOTROPHINS_DN,14,0.516830755,2.112923852,0.005617978,0.027590392,0.01647496,294,"tags=71%, list=23%, signal=56%",KRT18/MAP4K4/TP53/KIDINS220/ITGA3/PTPN1/SMARCD1/ITGB5/TLN1/MAPK14,306
WP_AMPACTIVATED_PROTEIN_KINASE_AMPK_SIGNALING,WP_AMPACTIVATED_PROTEIN_KINASE_AMPK_SIGNALING,14,0.531551817,2.173106961,0.005617978,0.027590392,0.01647496,275,"tags=71%, list=21%, signal=57%",CDKN1A/FASN/PIK3R1/TP53/CAB39/TSC2/TSC1/SREBF1/STK11/PIK3CB,307
WP_CORTICOTROPINRELEASING_HORMONE_SIGNALING_PATHWAY,WP_CORTICOTROPINRELEASING_HORMONE_SIGNALING_PATHWAY,14,0.471183801,1.926308527,0.005617978,0.027590392,0.01647496,693,"tags=100%, list=53%, signal=47%",TFAP2A/BRAF/GSK3B/PTK2/MAPK1/FOSL1/RAF1/MAPK14/JUNB/CTNNB1/ACACA/TRIM28/SP1/RELA,308
WP_NCRNAS_INVOLVED_IN_WNT_SIGNALING_IN_HEPATOCELLULAR_CARCINOMA,WP_NCRNAS_INVOLVED_IN_WNT_SIGNALING_IN_HEPATOCELLULAR_CARCINOMA,14,0.491092958,2.007701774,0.005617978,0.027590392,0.01647496,419,"tags=79%, list=32%, signal=54%",GSK3B/TCF7L2/CCND3/FOSL1/JUN/EZH2/CHD8/APC/CTNNB1/CCND2/CCND1,309
REACTOME_HIV_INFECTION,REACTOME_HIV_INFECTION,51,-0.259789265,-2.325260931,0.005813953,0.027590392,0.01647496,470,"tags=67%, list=36%, signal=44%",GTF2H4/NUP58/VPS37A/NUP50/AP2M1/LIG1/NUP35/CHMP5/NDC1/TAF7/TAF2/SEM1/TAF10/XRCC5/ATP6V1H/PSMC2/ELOC/PPIA/ELOB/POLR2K/NPM1/VPS28/GTF2F2/GTF2E2/POLR2H/SKP1/PSMA4/CDK7/RPS27A/POLR2G/BANF1/PSMA6/PSMB3,310
SOTIRIOU_BREAST_CANCER_GRADE_1_VS_3_UP,SOTIRIOU_BREAST_CANCER_GRADE_1_VS_3_UP,51,-0.216266426,-1.935706894,0.005813953,0.027590392,0.01647496,672,"tags=76%, list=52%, signal=38%",ZWINT/KPNA2/COX7B/TOMM70/VRK1/TRIP13/GTSE1/KIF18B/ASPM/UBE2S/MRPL15/KIF14/UBE2C/KIF20A/CDK2/TUBA1C/CENPI/H2AZ1/CCNB1/CEP55/FBXO5/CENPE/NCAPG2/UBE2N/ELOC/MCM4/KIF4A/POLR2K/PKMYT1/AURKA/CDCA8/XPOT/MARS1/NUTF2/MAD2L1/ESPL1/AURKB/SNRPG,311
ONDER_CDH1_TARGETS_2_DN,ONDER_CDH1_TARGETS_2_DN,12,0.517698009,1.983615586,0.005822416,0.027590392,0.01647496,439,"tags=83%, list=34%, signal=56%",KRT18/CDH1/SOX9/TP63/FERMT1/KLF5/ERBB3/SLC7A5/CCND2/GRHL2,312
RODRIGUES_THYROID_CARCINOMA_POORLY_DIFFERENTIATED_DN,RODRIGUES_THYROID_CARCINOMA_POORLY_DIFFERENTIATED_DN,62,0.27353231,2.044744479,0.005827506,0.027590392,0.01647496,672,"tags=74%, list=52%, signal=38%",MON2/PTEN/GGNBP2/NF1/PAX8/SUPT20H/ERBB2/TMEM80/PPP2R2A/ZEB2/RNF146/ARID2/JUN/PAGR1/KCTD10/PTCD1/CRTC3/ERBB3/HECTD1/MBNL1/RBM8A/PI4KB/RASA4/FBXO7/NDUFS8/CCND2/SNAP23/LRP8/RPUSD3/GRHL2/TTC7A/ACIN1/MED23/REV1/UFL1/SLC39A10/CFLAR/SMARCE1/DICER1/SP1/CSNK2A1/RBM5/MDM4/ZFP36L2/RHOQ/TBL1XR1,313
KEGG_ARRHYTHMOGENIC_RIGHT_VENTRICULAR_CARDIOMYOPATHY_ARVC,KEGG_ARRHYTHMOGENIC_RIGHT_VENTRICULAR_CARDIOMYOPATHY_ARVC,11,0.53206278,1.973288969,0.005882353,0.027590392,0.01647496,406,"tags=82%, list=31%, signal=57%",ITGA3/ITGB1/CTNNA1/CDH2/TCF7L2/ITGB5/ITGAV/CTNNB1/LMNA,314
KEGG_FC_EPSILON_RI_SIGNALING_PATHWAY,KEGG_FC_EPSILON_RI_SIGNALING_PATHWAY,10,0.602456939,2.174159687,0.005882353,0.027590392,0.01647496,404,"tags=90%, list=31%, signal=62%",PIK3R1/MAPK1/NRAS/SOS1/RAF1/PIK3CB/MAPK14/PIK3CA/RAC3,315
KEGG_TOLL_LIKE_RECEPTOR_SIGNALING_PATHWAY,KEGG_TOLL_LIKE_RECEPTOR_SIGNALING_PATHWAY,11,0.542258992,2.01110419,0.005882353,0.027590392,0.01647496,492,"tags=91%, list=38%, signal=57%",PIK3R1/MAPK1/FADD/JUN/MAP3K7/PIK3CB/MAPK14/PIK3CA/IKBKG/CCL4,316
LINDGREN_BLADDER_CANCER_CLUSTER_3_UP,LINDGREN_BLADDER_CANCER_CLUSTER_3_UP,52,-0.24650158,-2.234002743,0.005882353,0.027590392,0.01647496,697,"tags=81%, list=54%, signal=39%",PPM1D/KIF2C/ZWINT/TLK2/KPNA2/COX7B/AK2/VRK1/TRIP13/PRDX1/RBBP7/KIF14/UBE2C/CDK2/PPA2/TFRC/LIG1/TYMS/H2AZ1/POC1A/CCNB1/CEP55/DBF4/MAD2L2/CSTF2/CKS1B/CENPE/NCAPG2/ATP6V1C1/PPAT/MCM4/KIF4A/AURKA/CDCA8/XPOT/HSPD1/MAD2L1/YARS1/KIF23/TARS1/RPA3,317
MANALO_HYPOXIA_DN,MANALO_HYPOXIA_DN,52,-0.208842816,-1.892707639,0.005882353,0.027590392,0.01647496,711,"tags=79%, list=55%, signal=37%",HEATR3/IDH3A/GATB/UBIAD1/ZWINT/TOE1/USP1/VRK1/DDX11/TRIP13/LETM1/SRM/UBE2S/HMGA1/C1QBP/SKP2/CCNF/BOP1/TUBB4B/NCAPD3/GEMIN6/DBF4/FBXO5/DPAGT1/TIPIN/SNAPC5/PPAT/MCM4/RRS1/BUD23/PKMYT1/FANCI/VARS1/POP5/MAD2L1/IARS1/YARS1/KIF23/SNRPA1/SNRPD1,318
PID_EPHB_FWD_PATHWAY,PID_EPHB_FWD_PATHWAY,11,0.558485749,2.07128521,0.005882353,0.027590392,0.01647496,373,"tags=82%, list=29%, signal=59%",MAP4K4/PIK3R1/SHC1/PTK2/MAPK1/NRAS/CRK/PXN/PIK3CA,319
PID_ER_NONGENOMIC_PATHWAY,PID_ER_NONGENOMIC_PATHWAY,11,0.537618674,1.993894401,0.005882353,0.027590392,0.01647496,178,"tags=64%, list=14%, signal=55%",GNA13/ROCK2/BCAR1/PIK3R1/SHC1/NRAS/SOS1,320
PID_SHP2_PATHWAY,PID_SHP2_PATHWAY,11,0.549695503,2.038684366,0.005882353,0.027590392,0.01647496,373,"tags=82%, list=29%, signal=59%",GAB1/PIK3R1/SHC1/NRAS/SOS1/EGFR/RAF1/PTPN11/PIK3CA,321
REACTOME_REGULATION_OF_EXPRESSION_OF_SLITS_AND_ROBOS,REACTOME_REGULATION_OF_EXPRESSION_OF_SLITS_AND_ROBOS,52,-0.637682488,-5.779210114,0.005882353,0.027590392,0.01647496,252,"tags=87%, list=19%, signal=73%",RPL26L1/RPL22/PSMC2/ELOC/RPLP1/PABPC1/ELOB/RPL10/RPL30/RPS17/RPL7/RPS5/RPS7/RPL37/PSMA4/RPS28/RPL35/RPS27A/RPL36A/RPL24/RPL37A/RPS14/RPL7A/RPL13A/RPL36/RPS24/RPL5/FAU/RPL6/RPS3/RPL14/RPS16/RPS23/RPL26/RPL23/PSMA6/RPL8/RPL32/RPS20/RPS19/PSMB3/RPS3A/RPL21/RPL17,322
REACTOME_SIGNALING_BY_PDGF,REACTOME_SIGNALING_BY_PDGF,11,0.532400064,1.97453987,0.005882353,0.027590392,0.01647496,505,"tags=91%, list=39%, signal=56%",BCAR1/PIK3R1/NRAS/SOS1/CRK/PIK3CB/PTPN11/PIK3CA/FURIN/CRKL,323
REACTOME_SIGNALLING_TO_ERKS,REACTOME_SIGNALLING_TO_ERKS,10,0.593268837,2.141001468,0.005882353,0.027590392,0.01647496,294,"tags=80%, list=23%, signal=62%",KIDINS220/BRAF/SHC1/MAPK1/NRAS/SOS1/CRK/MAPK14,324
WP_ARRHYTHMOGENIC_RIGHT_VENTRICULAR_CARDIOMYOPATHY,WP_ARRHYTHMOGENIC_RIGHT_VENTRICULAR_CARDIOMYOPATHY,11,0.53206278,1.973288969,0.005882353,0.027590392,0.01647496,406,"tags=82%, list=31%, signal=57%",ITGA3/ITGB1/CTNNA1/CDH2/TCF7L2/ITGB5/ITGAV/CTNNB1/LMNA,325
WP_IL2_SIGNALING_PATHWAY,WP_IL2_SIGNALING_PATHWAY,11,0.547530586,2.030655226,0.005882353,0.027590392,0.01647496,505,"tags=91%, list=39%, signal=56%",PIK3R1/SHC1/MAPK1/SOCS3/SOS1/RAF1/JUN/PTPN11/CCND2/CRKL,326
WP_NETRINUNC5B_SIGNALING_PATHWAY,WP_NETRINUNC5B_SIGNALING_PATHWAY,11,0.557424551,2.067349492,0.005882353,0.027590392,0.01647496,373,"tags=82%, list=29%, signal=59%",TP53/PTK2/MAPK1/RAF1/JUN/MAPK14/YAP1/PTPN11/PIK3CA,327
WP_PRIMARY_FOCAL_SEGMENTAL_GLOMERULOSCLEROSIS_FSGS,WP_PRIMARY_FOCAL_SEGMENTAL_GLOMERULOSCLEROSIS_FSGS,11,0.565507732,2.097328006,0.005882353,0.027590392,0.01647496,353,"tags=82%, list=27%, signal=60%",CDKN1A/ITGA3/ITGB1/PTK2/CDH2/MYH9/ITGAV/TLN1/CTNNB1,328
WP_TOLLLIKE_RECEPTOR_SIGNALING_PATHWAY,WP_TOLLLIKE_RECEPTOR_SIGNALING_PATHWAY,11,0.542258992,2.01110419,0.005882353,0.027590392,0.01647496,492,"tags=91%, list=38%, signal=57%",PIK3R1/MAPK1/FADD/JUN/MAP3K7/PIK3CB/MAPK14/PIK3CA/IKBKG/CCL4,329
FULCHER_INFLAMMATORY_RESPONSE_LECTIN_VS_LPS_UP,FULCHER_INFLAMMATORY_RESPONSE_LECTIN_VS_LPS_UP,58,0.279571779,2.049645602,0.005889282,0.027590392,0.01647496,425,"tags=55%, list=33%, signal=39%",CMIP/JTB/TAPT1/TGFBR1/NDUFAF8/SMAD7/DUSP4/IRF4/TCF3/CSK/RUNX1/MYH9/UXS1/FADD/GLS/JUN/TRAPPC2L/G6PD/ACSL3/PTDSS1/SINHCAF/ATP2C1/CYB5B/SLC20A1/IRF2BP2/NDUFV2/TMX2/NDUFA2/NDUFS8/COX18/SLC7A1/LRP8,330
DUTERTRE_ESTRADIOL_RESPONSE_24HR_UP,DUTERTRE_ESTRADIOL_RESPONSE_24HR_UP,53,-0.270309827,-2.486962704,0.005988024,0.027968233,0.016700579,672,"tags=81%, list=52%, signal=41%",ZWINT/DCLRE1B/CHTF18/CIT/VRK1/TRIP13/GTSE1/KNTC1/ASPM/CLSPN/ESCO2/SKP2/UBE2C/CDK2/TFDP1/LIG1/FANCA/BRIP1/NCAPD3/H2AX/TYMS/CENPI/CENPO/NCAPH2/CEP55/RMI1/FBXO5/NCAPG2/KNL1/MCM4/KIF4A/DUT/PKMYT1/AURKA/FANCI/TONSL/DDX10/SNRNP25/ESPL1/AURKB/KIF23/RPA3,331
REACTOME_INFLUENZA_INFECTION,REACTOME_INFLUENZA_INFECTION,54,-0.553797122,-5.081992776,0.006024096,0.028051967,0.016750579,252,"tags=80%, list=19%, signal=67%",RPL26L1/RPL22/RPLP1/POLR2K/GTF2F2/POLR2H/RPL10/RPL30/RPS17/CPSF4/RPL7/RPS5/RPS7/RPL37/RPS28/RPL35/RPS27A/RPL36A/RPL24/RPL37A/POLR2G/RPS14/RPL7A/RPL13A/RPL36/RPS24/RPL5/FAU/RPL6/RPS3/RPL14/RPS16/RPS23/RPL26/RPL23/RPL8/RPL32/RPS20/RPS19/RPS3A/RPL21/RPL17,332
DOUGLAS_BMI1_TARGETS_UP,DOUGLAS_BMI1_TARGETS_UP,45,0.317461508,2.128179205,0.006082725,0.028159779,0.016814956,503,"tags=64%, list=39%, signal=41%",TIPARP/FASN/BCL9/SLC16A1/UGCG/TCF3/CNIH4/CARM1/SLC2A1/UXS1/SREBF1/MED15/ITGB5/GRK2/TEAD1/ICMT/KMT2A/PCGF1/TLN1/MYB/CYB5B/E2F3/UGP2/LRP8/MGAT1/ACACA/ACIN1/XYLT2/XPR1,333
KOBAYASHI_EGFR_SIGNALING_24HR_DN,KOBAYASHI_EGFR_SIGNALING_24HR_DN,55,-0.213329715,-1.989605308,0.00617284,0.028159779,0.016814956,589,"tags=71%, list=45%, signal=40%",VRK1/TRIP13/GTSE1/KIF18B/ASPM/SRM/UBE2S/KIF14/CCNF/UBE2C/CDK2/TFDP1/TUBB4B/NCAPD3/TYMS/H2AZ1/CCNB1/CEP55/DBF4/RMI1/CKS1B/DPAGT1/NCAPG2/TIPIN/PAICS/MCM4/KIF4A/DUT/PKMYT1/AURKA/FANCI/CDCA8/MAD2L1/ESPL1/AURKB/KIF23/SNRPA1/SNRPD1,334
REACTOME_MRNA_SPLICING,REACTOME_MRNA_SPLICING,55,-0.457281145,-4.264801995,0.00617284,0.028159779,0.016814956,343,"tags=76%, list=26%, signal=59%",HNRNPC/CCAR1/LSM6/DDX42/ZRSR2/PPIL1/HNRNPA1/CSTF2/CPSF1/TRA2B/DHX16/POLR2K/PCBP2/DDX5/GTF2F2/TFIP11/POLR2H/SRSF10/CPSF4/LSM8/MTREX/RBM22/SNRNP25/PCBP1/YBX1/LSM7/LSM3/POLR2G/SF3A3/SF3B5/SF3B4/SRSF3/PUF60/SNRPG/SNU13/SNRPA1/SF3B6/LSM2/PHF5A/PRPF38A/SNRPD1,335
LUI_TARGETS_OF_PAX8_PPARG_FUSION,LUI_TARGETS_OF_PAX8_PPARG_FUSION,10,-0.557068707,-2.247874134,0.00621118,0.028159779,0.016814956,390,"tags=90%, list=30%, signal=63%",ATP5F1A/EIF3G/RPS5/SKP1/SARS1/SRSF3/RPL21/RPL17,336
LUI_THYROID_CANCER_PAX8_PPARG_DN,LUI_THYROID_CANCER_PAX8_PPARG_DN,11,-0.574877004,-2.483054748,0.00621118,0.028159779,0.016814956,390,"tags=91%, list=30%, signal=64%",FKBP1A/ATP5F1A/EIF3F/RPS5/SKP1/SARS1/SRSF3/RPL21/RPL17,337
REACTOME_HIV_TRANSCRIPTION_INITIATION,REACTOME_HIV_TRANSCRIPTION_INITIATION,11,-0.529365292,-2.28647692,0.00621118,0.028159779,0.016814956,469,"tags=91%, list=36%, signal=59%",TAF7/TAF2/TAF10/POLR2K/GTF2F2/GTF2E2/POLR2H/CDK7/POLR2G,338
REACTOME_ORC1_REMOVAL_FROM_CHROMATIN,REACTOME_ORC1_REMOVAL_FROM_CHROMATIN,11,-0.538696592,-2.326781414,0.00621118,0.028159779,0.016814956,450,"tags=91%, list=35%, signal=60%",CDK2/SEM1/PSMC2/MCM4/SKP1/PSMA4/RPS27A/PSMA6/PSMB3,339
REACTOME_SIGNALING_BY_ROBO_RECEPTORS,REACTOME_SIGNALING_BY_ROBO_RECEPTORS,57,-0.536358335,-5.198826213,0.00621118,0.028159779,0.016814956,252,"tags=79%, list=19%, signal=67%",RPL26L1/RPL22/PSMC2/ELOC/RPLP1/PABPC1/ELOB/RPL10/RPL30/RPS17/RPL7/RPS5/RPS7/RPL37/PSMA4/RPS28/RPL35/RPS27A/RPL36A/RPL24/RPL37A/RPS14/RPL7A/RPL13A/RPL36/RPS24/RPL5/FAU/RPL6/RPS3/RPL14/RPS16/RPS23/RPL26/RPL23/PSMA6/RPL8/RPL32/RPS20/RPS19/PSMB3/RPS3A/RPL21/RPL17,340
WIERENGA_PML_INTERACTOME,WIERENGA_PML_INTERACTOME,10,-0.52173913,-2.10531283,0.00621118,0.028159779,0.016814956,627,"tags=100%, list=48%, signal=52%",ATP5F1C/GCN1/YTHDF2/HNRNPF/ACTG1/ARF4/EEF1G/KARS1/RPS3,341
WP_NUCLEAR_RECEPTORS_METAPATHWAY,WP_NUCLEAR_RECEPTORS_METAPATHWAY,27,0.3533652,1.913008296,0.006468305,0.029098438,0.017375454,642,"tags=81%, list=49%, signal=42%",AHR/ARNT/FASN/NFE2L2/SNAI2/SLC2A1/KEAP1/SREBF1/EGFR/JUN/G6PD/JUNB/SLC7A5/HSP90AB1/CCND1/TXNRD1/BIRC2/EP300/SLC39A10/SP1/IRS2/PTPA,342
DAZARD_RESPONSE_TO_UV_SCC_DN,DAZARD_RESPONSE_TO_UV_SCC_DN,26,0.35317708,1.886594896,0.006485084,0.029098438,0.017375454,594,"tags=77%, list=46%, signal=43%",TIPARP/TGIF1/GATA3/ADNP/ARHGEF7/DUSP4/TP63/FADD/SIAH1/DYRK1A/CHD8/EXT1/E2F3/KDM2A/MT2A/CHD1/CRKL/PMM2/ZMYND8/CNOT4,343
OSMAN_BLADDER_CANCER_DN,OSMAN_BLADDER_CANCER_DN,58,-0.194845597,-1.872385541,0.006535948,0.029098438,0.017375454,218,"tags=45%, list=17%, signal=39%",RPL22/EEF1G/TARDBP/EEF1B2/RPL10/RPS17/MARS1/RPS5/RPS7/RPL37/SS18L2/RPL35/RPL36A/RPL24/RPL7A/RPL13A/RPL36/RPS24/FAU/RPS3/RPL14/RPS16/RPL32/RPS20/RPS3A,344
REACTOME_CELLULAR_RESPONSE_TO_STARVATION,REACTOME_CELLULAR_RESPONSE_TO_STARVATION,58,-0.484781391,-4.658548509,0.006535948,0.029098438,0.017375454,270,"tags=76%, list=21%, signal=63%",RPL36AL/RPL26L1/ATP6V1F/ATP6V1H/ATP6V1C1/RPL22/RPLP1/RPL10/EIF2S2/RPL30/RPS17/RPL7/ATP6V1B2/RPS5/RPS7/RPL37/RPS28/RPL35/RPS27A/RPL36A/RPL24/RPL37A/RPS14/RPL7A/RPL13A/RPL36/RPS24/RPL5/FAU/RPL6/RPS3/RPL14/RPS16/RPS23/RPL26/RPL23/RPL8/RPL32/RPS20/RPS19/RPS3A/RPL21/RPL17,345
REACTOME_MITOTIC_METAPHASE_AND_ANAPHASE,REACTOME_MITOTIC_METAPHASE_AND_ANAPHASE,58,-0.250401827,-2.406257918,0.006535948,0.029098438,0.017375454,691,"tags=81%, list=53%, signal=40%",STAG1/KIF2C/ZWINT/CDC26/TUBB3/STAG2/NUP62/CENPP/VRK1/VPS4A/KNTC1/UBE2S/NUP58/UBE2C/NUP35/NDC1/TUBA1C/TUBB4B/CENPI/CENPO/CENPC/CCNB1/SEM1/DYNLL1/FBXO5/CENPE/AHCTF1/ANAPC1/PSMC2/SGO1/ANAPC2/KNL1/RAD21/MIS12/CDCA8/CENPK/MAD2L1/ESPL1/PSMA4/RPS27A/AURKB/DYNC1I2/BANF1/PSMA6/CDC27/PSMB3,346
BROWNE_HCMV_INFECTION_16HR_UP,BROWNE_HCMV_INFECTION_16HR_UP,25,0.372062397,1.945790169,0.006578947,0.029098438,0.017375454,616,"tags=80%, list=47%, signal=43%",GNA13/SLC16A1/BRAF/RFK/ISL1/SOS1/RAF1/CCNC/RMND5A/PTPN11/DOHH/SLC7A1/THAP12/CHD1/IREB2/BAP1/EED/SUZ12/SETD2/THAP11,347
BURTON_ADIPOGENESIS_6,BURTON_ADIPOGENESIS_6,25,0.376173141,1.967288295,0.006578947,0.029098438,0.017375454,772,"tags=96%, list=59%, signal=40%",MAP4K4/FASN/NDUFC1/GCSH/CYB5B/AQP7/NDUFS3/NDUFB8/SLC25A1/UQCRB/UQCR10/NDUFB7/NDUFB2/NDUFB6/NDUFB3/NDUFS1/NDUFA9/UQCRC2/HSD17B12/NDUFB9/COX7B/ATP5PO/ISCA1/SDHC,348
BONOME_OVARIAN_CANCER_SURVIVAL_OPTIMAL_DEBULKING,BONOME_OVARIAN_CANCER_SURVIVAL_OPTIMAL_DEBULKING,23,0.378579552,1.912579777,0.006587615,0.029098438,0.017375454,524,"tags=74%, list=40%, signal=45%",ARNT/TCF3/SPTLC2/RUNX1/CCND3/TDP2/ACTR5/JMJD6/VPS41/EMC1/COQ2/MAD2L1BP/NDUFB2/PCM1/NDUFA1/SH3GL1/NDUFB3,349
ZHOU_INFLAMMATORY_RESPONSE_FIMA_UP,ZHOU_INFLAMMATORY_RESPONSE_FIMA_UP,23,0.373194101,1.885372535,0.006587615,0.029098438,0.017375454,302,"tags=57%, list=23%, signal=44%",ATP2B1/PTPN1/GSK3B/MTF1/FERMT2/EPC1/EGFR/ZEB2/KLF5/FOSL1/JUN/KMT2A/LDLR,350
KEGG_PURINE_METABOLISM,KEGG_PURINE_METABOLISM,13,-0.452931654,-2.10674177,0.006644518,0.029183026,0.017425964,599,"tags=92%, list=46%, signal=50%",POLE3/POLR3D/PKM/ADSS2/IMPDH2/POLR1H/PAICS/PPAT/POLR2K/POLR2H/POLR2G,351
KEGG_RNA_DEGRADATION,KEGG_RNA_DEGRADATION,13,-0.471725781,-2.194159753,0.006644518,0.029183026,0.017425964,440,"tags=85%, list=34%, signal=56%",CNOT9/LSM6/EXOSC4/EXOSC6/HSPD1/LSM8/MTREX/LSM7/LSM3/LSM2,352
KOKKINAKIS_METHIONINE_DEPRIVATION_48HR_UP,KOKKINAKIS_METHIONINE_DEPRIVATION_48HR_UP,19,0.425126477,1.976508987,0.006684492,0.029275424,0.017481138,271,"tags=58%, list=21%, signal=46%",CDKN1A/CDH1/PTEN/TP53/SMAD7/FDFT1/SHC1/ERBB2/JUN/CREBBP/ERBB3,353
RICKMAN_METASTASIS_DN,RICKMAN_METASTASIS_DN,21,0.38896609,1.876937995,0.00672043,0.029349675,0.017525475,175,"tags=48%, list=13%, signal=42%",CDKN1A/RNH1/PAX8/ZBTB7A/CARM1/CENPT/SLC2A1/CAP1/KEAP1/TRIR,354
WP_TNF_ALPHA_SIGNALING_PATHWAY,WP_TNF_ALPHA_SIGNALING_PATHWAY,17,0.432549241,1.91463909,0.006821282,0.029603248,0.01767689,622,"tags=88%, list=48%, signal=47%",RFK/MAPK1/FADD/NRAS/SOS1/RAF1/JUN/MAP3K7/CREBBP/IKBKG/BIRC2/TRAF2/CFLAR/FBXW11/CSNK2A1,355
WP_VEGFAVEGFR2_SIGNALING_PATHWAY,WP_VEGFAVEGFR2_SIGNALING_PATHWAY,81,0.233187682,1.90034285,0.006888634,0.029603248,0.01767689,429,"tags=49%, list=33%, signal=35%",ROCK2/ARNT/GAB1/ARF6/BCAR1/PIK3R1/PTPN1/GSK3B/ITGB1/MEF2C/SHC1/PAK2/CTNNA1/PTK2/MAPK1/CSK/RICTOR/SMARCA2/MYH9/DPM1/FADD/PPM1G/ITGB5/RAF1/ITGAV/JUN/CREBBP/CRK/MAPK14/PXN/PDE4DIP/PTPN11/CTNNB1/HDAC1/LARP7/PIK3CA/ATF4/CCND1/SLC7A1/GIGYF2,356
REACTOME_PRC2_METHYLATES_HISTONES_AND_DNA,REACTOME_PRC2_METHYLATES_HISTONES_AND_DNA,15,-0.441568075,-2.164490871,0.006920415,0.029603248,0.01767689,338,"tags=73%, list=26%, signal=55%",H2AX/H2AZ1/H2BC21/H2BC13/H2BC15/H2BC9/H2BC11/H2BC6/H3-3A/H2BC4,357
BORCZUK_MALIGNANT_MESOTHELIOMA_UP,BORCZUK_MALIGNANT_MESOTHELIOMA_UP,63,-0.2199516,-2.224340724,0.006944444,0.029603248,0.01767689,573,"tags=70%, list=44%, signal=41%",USP9X/SSBP1/VBP1/WTAP/UBE2S/CDK4/VDAC1/HMGA1/UBE2D3/CCNF/UBE2C/PKM/TFDP1/DNAJA1/MRPL3/FKBP1A/ATP5F1A/FNTA/IARS2/G3BP1/HNRNPC/SERBP1/H2AZ1/CCNB1/XRCC5/CKS1B/UBE2N/EIF3H/SEC61G/ELOC/PABPC1/RAD21/SRSF10/GARS1/XPOT/EPRS1/MAD2L1/COPS5/SKP1/CDK7/SRSF3/PUF60/CDC27,358
ZAMORA_NOS2_TARGETS_UP,ZAMORA_NOS2_TARGETS_UP,16,-0.378813723,-1.906487182,0.006968641,0.029603248,0.01767689,534,"tags=81%, list=41%, signal=48%",SRM/ACTG1/CDK2/LIG1/TYMS/H2AZ1/EIF4E2/ATP6V1C1/MCM4/RACK1/EEF1B2/CDK7,359
KEGG_ACUTE_MYELOID_LEUKEMIA,KEGG_ACUTE_MYELOID_LEUKEMIA,15,0.47811159,2.005120848,0.007012623,0.029603248,0.01767689,459,"tags=80%, list=35%, signal=52%",PIK3R1/BRAF/MAPK1/TCF7L2/RUNX1/NRAS/SOS1/RAF1/PIK3CB/PIK3CA/CCND1/IKBKG,360
PANGAS_TUMOR_SUPPRESSION_BY_SMAD1_AND_SMAD5_DN,PANGAS_TUMOR_SUPPRESSION_BY_SMAD1_AND_SMAD5_DN,15,0.472453645,1.981392366,0.007012623,0.029603248,0.01767689,489,"tags=80%, list=38%, signal=50%",SLC16A1/UGCG/BRAF/FDFT1/MAP3K7/ACSL3/LDLR/SUCO/EXT1/LRP8/ALG12/HSPA13,361
REACTOME_RRNA_PROCESSING,REACTOME_RRNA_PROCESSING,61,-0.576556081,-5.680245478,0.007092199,0.029603248,0.01767689,252,"tags=80%, list=19%, signal=68%",RPP21/RPL26L1/DHX37/EXOSC4/RPL22/TBL3/RPLP1/UTP4/BUD23/EXOSC6/IMP3/RPL10/RPL30/RPS17/TRMT112/MTREX/RPL7/RPS5/RPS7/RPL37/RPS28/RPL35/RPS27A/RPL36A/RPL24/RPL37A/RPS14/RPL7A/RPL13A/RPL36/RPS24/RPL5/FAU/RPL6/RPS3/RPL14/RPS16/RPS23/RPL26/SNU13/RPL23/RPL8/RPL32/RPS20/RPS19/RPS3A/RPL21/RPL17,362
VANTVEER_BREAST_CANCER_ESR1_UP,VANTVEER_BREAST_CANCER_ESR1_UP,13,0.501278841,1.989021199,0.007132668,0.029603248,0.01767689,396,"tags=77%, list=31%, signal=54%",KRT18/GATA3/UGCG/SREBF1/CAMLG/ERBB3/FOXA1/MYB/ITPK1/CERS2,363
WP_MIRNA_REGULATION_OF_PROSTATE_CANCER_SIGNALING_PATHWAYS,WP_MIRNA_REGULATION_OF_PROSTATE_CANCER_SIGNALING_PATHWAYS,13,0.509664161,2.022293256,0.007132668,0.029603248,0.01767689,459,"tags=85%, list=35%, signal=55%",CDKN1A/TP53/GSK3B/MAPK1/SOS1/RAF1/CREBBP/CTNNB1/PIK3CA/CCND1/IKBKG,364
REACTOME_DNA_REPAIR,REACTOME_DNA_REPAIR,64,-0.294968705,-2.944890821,0.007142857,0.029603248,0.01767689,765,"tags=89%, list=59%, signal=38%",REV1/EP300/POT1/MRE11/USP10/DCLRE1B/KPNA2/RAD51D/PNKP/USP1/RAD51B/WDR48/POLE3/RNF4/PPP4R2/NFRKB/FANCF/GTF2H4/CLSPN/ACTB/RAD9A/GPS1/CDK2/LIG1/FANCA/FANCM/H2AC20/BRIP1/H2AX/TERF2/H2AZ1/H2BC21/USP7/RMI1/MAD2L2/H2BC13/H2BC15/H2BC9/XRCC5/UBE2N/RAD17/H2BC11/TIPIN/H2BC6/POLR2K/FANCI/POLR2H/UFD1/COPS8/ZNF830/H2BC4/COPS5/CDK7/RPS27A/POLR2G/RPA3,365
REACTOME_METABOLISM_OF_AMINO_ACIDS_AND_DERIVATIVES,REACTOME_METABOLISM_OF_AMINO_ACIDS_AND_DERIVATIVES,64,-0.534360259,-5.334913812,0.007142857,0.029603248,0.01767689,124,"tags=70%, list=10%, signal=67%",RPL30/RPS17/EPRS1/MARS1/KARS1/LARS1/RPL7/RPS5/QARS1/RPS7/RPL37/PSMA4/RPS28/RPL35/SARS1/RPS27A/IARS1/RPL36A/RPL24/DARS1/RPL37A/RPS14/RPL7A/RPL13A/RPL36/RPS24/RPL5/FAU/RPL6/RPS3/RPL14/RPS16/RPS23/RPL26/RPL23/PSMA6/RPL8/RPL32/RPS20/RPS19/PSMB3/RPS3A/RPL21/RPL17,366
ACOSTA_PROLIFERATION_INDEPENDENT_MYC_TARGETS_DN,ACOSTA_PROLIFERATION_INDEPENDENT_MYC_TARGETS_DN,12,0.496862567,1.903782347,0.00727802,0.029603248,0.01767689,376,"tags=75%, list=29%, signal=54%",KRT18/IRF4/SHC1/CAP1/HMBS/PEX6/JUNB/TWNK/UGP2,367
MIYAGAWA_TARGETS_OF_EWSR1_ETS_FUSIONS_UP,MIYAGAWA_TARGETS_OF_EWSR1_ETS_FUSIONS_UP,12,0.512932924,1.965357651,0.00727802,0.029603248,0.01767689,244,"tags=67%, list=19%, signal=55%",ROCK2/KRT18/FGFR1/SPTLC2/SSBP3/FLI1/ZEB2/EZH2,368
PID_IL6_7_PATHWAY,PID_IL6_7_PATHWAY,12,0.499010031,1.912010586,0.00727802,0.029603248,0.01767689,373,"tags=75%, list=29%, signal=54%",GAB1/PIK3R1/SOCS3/SOS1/JUN/MAPK14/JUNB/PTPN11/PIK3CA,369
REACTOME_CELL_JUNCTION_ORGANIZATION,REACTOME_CELL_JUNCTION_ORGANIZATION,12,0.509169396,1.950937287,0.00727802,0.029603248,0.01767689,353,"tags=75%, list=27%, signal=55%",CDH1/PARD3/ITGB1/CTNNA1/CDH2/FERMT2/PARD6B/PXN/CTNNB1,370
WP_TNF_RELATED_WEAK_INDUCER_OF_APOPTOSIS_TWEAK_SIGNALING_PATHWAY,WP_TNF_RELATED_WEAK_INDUCER_OF_APOPTOSIS_TWEAK_SIGNALING_PATHWAY,12,0.505128036,1.935452382,0.00727802,0.029603248,0.01767689,549,"tags=92%, list=42%, signal=53%",GSK3B/MAPK1/FADD/RAF1/JUN/MAP3K7/MAPK14/CTNNB1/HDAC1/BIRC2/TRAF2,371
WP_VITAMIN_D_RECEPTOR_PATHWAY,WP_VITAMIN_D_RECEPTOR_PATHWAY,12,0.502761637,1.926385268,0.00727802,0.029603248,0.01767689,475,"tags=83%, list=37%, signal=53%",CDKN1A/ATP2B1/IRF4/BCL6/CCNC/G6PD/JUNB/LCE2B/CCND1/CCNE1,372
MEBARKI_HCC_PROGENITOR_FZD8CRD_UP,MEBARKI_HCC_PROGENITOR_FZD8CRD_UP,75,-0.204481215,-2.252876621,0.00729927,0.029603248,0.01767689,649,"tags=73%, list=50%, signal=39%",DCLRE1B/KPNA2/CIT/CENPP/RAD51B/VRK1/DDX11/TRIP13/GTSE1/KNTC1/ASPM/ESCO2/KIF14/CCNF/KIF20A/H2AC17/CDK2/TFDP1/WDR1/SASS6/TUBA1C/FANCA/FANCM/TUBB4B/NCAPD3/H2AX/TYMS/CENPI/CENPO/H2BC21/CCNB1/CEP55/SEM1/FBXO5/CKS1B/CENPE/NCAPG2/TIPIN/SGO1/H2BC6/KNL1/KIF4A/HAUS6/PKMYT1/MZT1/AURKA/FANCI/TONSL/CDCA8/MTBP/MAD2L1/ESPL1/AURKB/KIF23,373
MOOTHA_VOXPHOS,MOOTHA_VOXPHOS,45,0.309304881,2.073499303,0.00729927,0.029603248,0.01767689,779,"tags=89%, list=60%, signal=37%",NDUFC1/NDUFA3/NDUFA10/NDUFA2/NDUFS8/NDUFS3/NDUFC2/NDUFB8/NDUFA8/UQCRB/UQCR10/NDUFS2/NDUFB7/NDUFB2/NDUFB6/COX4I1/NDUFA1/NDUFS7/NDUFB3/NDUFA6/NDUFS1/NDUFS5/SDHD/COX11/COX6A1/COX5A/NDUFA9/UQCRC2/ATP5MG/NDUFA4/GATB/ATP5ME/CYC1/COX7B/COX6C/ATP5F1C/ATP5PO/COX7C/SDHC/ATP5PB,374
REACTOME_CELL_CYCLE_CHECKPOINTS,REACTOME_CELL_CYCLE_CHECKPOINTS,67,-0.29013572,-2.933671233,0.00729927,0.029603248,0.01767689,337,"tags=60%, list=26%, signal=47%",H2AX/CENPI/CENPO/H2BC21/CENPC/CCNB1/SEM1/DYNLL1/DBF4/RMI1/H2BC13/H2BC15/H2BC9/CENPE/AHCTF1/UBE2N/RAD17/H2BC11/ANAPC1/PSMC2/SGO1/ANAPC2/H2BC6/KNL1/MCM4/PKMYT1/MIS12/CDCA8/CENPK/H2BC4/MAD2L1/PSMA4/RPS27A/AURKB/DYNC1I2/RPA3/PSMA6/CDC27/PSMB3,375
PID_CXCR3_PATHWAY,PID_CXCR3_PATHWAY,10,0.537776617,1.940739938,0.007352941,0.029603248,0.01767689,373,"tags=80%, list=29%, signal=57%",PIK3R1/MAPK1/RICTOR/NRAS/RAF1/PIK3CB/MAPK14/PIK3CA,376
PID_IL2_PI3K_PATHWAY,PID_IL2_PI3K_PATHWAY,10,0.548652033,1.979987376,0.007352941,0.029603248,0.01767689,373,"tags=80%, list=29%, signal=57%",PIK3R1/UGCG/SHC1/SOS1/E2F1/MYB/PTPN11/PIK3CA,377
PID_LKB1_PATHWAY,PID_LKB1_PATHWAY,10,0.569309294,2.054535746,0.007352941,0.029603248,0.01767689,236,"tags=70%, list=18%, signal=58%",TP53/GSK3B/CAB39/TSC2/TSC1/MARK2/STK11,378
PLASARI_TGFB1_TARGETS_10HR_UP,PLASARI_TGFB1_TARGETS_10HR_UP,10,0.531055901,1.91648607,0.007352941,0.029603248,0.01767689,614,"tags=100%, list=47%, signal=53%",TGFBR1/RUNX1/SLC2A1/FOSL1/PDE4DIP/JUNB/SLC20A1/LRP8/HK2/UBE2G2,379
REACTOME_DOWNSTREAM_SIGNAL_TRANSDUCTION,REACTOME_DOWNSTREAM_SIGNAL_TRANSDUCTION,10,0.530025122,1.912766173,0.007352941,0.029603248,0.01767689,373,"tags=80%, list=29%, signal=57%",BCAR1/PIK3R1/NRAS/SOS1/CRK/PIK3CB/PTPN11/PIK3CA,380
REACTOME_IRS_MEDIATED_SIGNALLING,REACTOME_IRS_MEDIATED_SIGNALLING,10,0.533404495,1.924961728,0.007352941,0.029603248,0.01767689,373,"tags=80%, list=29%, signal=57%",GAB1/PIK3R1/FGFR1/NRAS/SOS1/PIK3CB/PTPN11/PIK3CA,381
REACTOME_SIGNALING_BY_ERBB4,REACTOME_SIGNALING_BY_ERBB4,10,0.559347232,2.018584442,0.007352941,0.029603248,0.01767689,373,"tags=80%, list=29%, signal=57%",PIK3R1/SHC1/NRAS/SOS1/EGFR/ERBB3/YAP1/PIK3CA,382
WEIGEL_OXIDATIVE_STRESS_BY_HNE_AND_H2O2,WEIGEL_OXIDATIVE_STRESS_BY_HNE_AND_H2O2,10,0.562600672,2.030325527,0.007352941,0.029603248,0.01767689,353,"tags=80%, list=27%, signal=59%",TSC2/FGFR1/CDH2/ERBB2/JUN/UBE2A/APC/CTNNB1,383
WP_IL5_SIGNALING_PATHWAY,WP_IL5_SIGNALING_PATHWAY,10,0.572242356,2.065120644,0.007352941,0.029603248,0.01767689,344,"tags=80%, list=27%, signal=59%",PIK3R1/GSK3B/SHC1/MAPK1/SOS1/RAF1/JUN/PTPN11,384
REACTOME_PROCESSING_OF_CAPPED_INTRON_CONTAINING_PRE_MRNA,REACTOME_PROCESSING_OF_CAPPED_INTRON_CONTAINING_PRE_MRNA,68,-0.411763054,-4.221047937,0.007462687,0.029967048,0.017894125,505,"tags=82%, list=39%, signal=53%",PTBP1/CASC3/HNRNPF/NUP58/SRSF6/NUP50/NXT1/SYF2/NUP35/NDC1/SRRM2/HNRNPC/CCAR1/LSM6/DDX42/ZRSR2/PPIL1/HNRNPA1/CSTF2/CPSF1/NXF1/THOC3/TRA2B/DHX16/POLR2K/PCBP2/DDX5/GTF2F2/TFIP11/POLR2H/SRSF10/THOC2/CPSF4/LSM8/MTREX/RBM22/SNRNP25/PCBP1/YBX1/LSM7/LSM3/POLR2G/SF3A3/SF3B5/SF3B4/SRSF3/PUF60/SNRPG/SNU13/SNRPA1/SF3B6/LSM2/PHF5A/PRPF38A/SNRPD1,385
GARY_CD5_TARGETS_DN,GARY_CD5_TARGETS_DN,76,-0.237183317,-2.634375158,0.007518797,0.030114145,0.017981961,733,"tags=82%, list=56%, signal=38%",GLMN/CNOT4/COX5A/PBRM1/PSMF1/STAG1/ELOA/ZWINT/KPNA2/ATP6V0E1/HSP90B1/SYNCRIP/IPO5/GRSF1/MRPS16/UBAP2L/ISCA1/POLE3/UFM1/TRMT10C/BCLAF1/CLSPN/MRPL15/MRPL36/SKP2/GEMIN4/KIF14/FUBP1/TFRC/DNAJA1/MRPS11/UTP3/DHX29/HNRNPC/CCAR1/CENPI/ICE1/SERBP1/PHAX/CCNB1/GEMIN6/PPIL1/FBXO5/EIF4E2/CSTF2/ELP1/ATP6V1C1/TIPIN/NXF1/PSMC2/UBE2L3/TARDBP/UFD1/SRSF10/RBM22/SBDS/EIF1AX/KIF23/POLR1F/SRSF3/CDC27,386
MASSARWEH_TAMOXIFEN_RESISTANCE_UP,MASSARWEH_TAMOXIFEN_RESISTANCE_UP,30,0.348792941,1.973506554,0.007566204,0.030185879,0.018024795,715,"tags=87%, list=55%, signal=40%",ROCK2/GAB1/TAPT1/ATP2B1/CAB39/RICTOR/DOCK5/ERBB2/FERMT2/BCL6/TM9SF3/WDR26/CHP1/SLC20A1/MIOS/GOLT1B/ACACA/CCNE1/CDK6/TXNRD1/MTERF4/TADA2B/REXO2/FECH/TENT4B/GFPT1,387
REACTOME_TRNA_PROCESSING_IN_THE_NUCLEUS,REACTOME_TRNA_PROCESSING_IN_THE_NUCLEUS,18,-0.394575347,-2.103362354,0.007575758,0.030185879,0.018024795,461,"tags=78%, list=36%, signal=51%",NUP50/NUP35/NDC1/RTCB/CSTF2/RPP21/CPSF1/RTRAF/TRNT1/POP1/XPOT/CPSF4/POP5,388
BROCKE_APOPTOSIS_REVERSED_BY_IL6,BROCKE_APOPTOSIS_REVERSED_BY_IL6,19,0.424037346,1.971445374,0.00802139,0.031879356,0.019036015,378,"tags=68%, list=29%, signal=49%",GNA13/TGIF1/IRF4/SOCS3/DPM1/BCL6/SOX2/CCNC/JUN/LDLR/JUNB/PTPN11/DOHH,389
KOKKINAKIS_METHIONINE_DEPRIVATION_96HR_UP,KOKKINAKIS_METHIONINE_DEPRIVATION_96HR_UP,18,0.420669314,1.90338178,0.00811908,0.031942149,0.01907351,241,"tags=56%, list=19%, signal=46%",CDKN1A/PTEN/TP53/SMAD7/FDFT1/SHC1/FGFR1/ERBB2/JUN/CREBBP,390
WP_ADIPOGENESIS,WP_ADIPOGENESIS,17,0.42928004,1.900168275,0.008185539,0.031942149,0.01907351,406,"tags=71%, list=31%, signal=49%",AHR/GATA3/CDKN1A/MEF2C/WWTR1/SOCS3/SREBF1/KLF5/E2F1/MBNL1/CTNNB1/LMNA,391
KEGG_OOCYTE_MEIOSIS,KEGG_OOCYTE_MEIOSIS,23,-0.326795001,-1.958646932,0.008230453,0.031942149,0.01907351,295,"tags=61%, list=23%, signal=48%",PPP1CB/PPP1CA/FBXO5/MAD2L2/ANAPC1/SGO1/ANAPC2/PKMYT1/AURKA/MAD2L1/ESPL1/SKP1/CDC27,392
REACTOME_HCMV_LATE_EVENTS,REACTOME_HCMV_LATE_EVENTS,23,-0.312773963,-1.874611791,0.008230453,0.031942149,0.01907351,461,"tags=70%, list=36%, signal=46%",VPS37A/H2AC15/NUP50/H2AC17/NUP35/NDC1/H2AC20/H2BC21/H2BC13/H2BC15/H2BC9/H2BC11/H2BC6/VPS28/H2BC4,393
ZHOU_CELL_CYCLE_GENES_IN_IR_RESPONSE_24HR,ZHOU_CELL_CYCLE_GENES_IN_IR_RESPONSE_24HR,23,-0.314347628,-1.88404356,0.008230453,0.031942149,0.01907351,629,"tags=83%, list=48%, signal=43%",USP1/TRIP13/KNTC1/ASPM/UBE2C/KIF20A/CDK2/H2AX/NCAPH2/POC1A/CCNB1/CEP55/FBXO5/PAICS/CDCA8/CENPK/MAD2L1/KIF23,394
KAUFFMANN_DNA_REPLICATION_GENES,KAUFFMANN_DNA_REPLICATION_GENES,22,-0.330923539,-1.954992773,0.008264463,0.031942149,0.01907351,808,"tags=95%, list=62%, signal=37%",POLE4/POLG2/POLRMT/POLG/REV1/CHTF18/PNKP/SSBP1/POLE3/RAD9A/CDK2/LIG1/CENPE/RAD17/MCM3AP/EIF5A/MCM4/PPIA/DUT/RPA3,395
REACTOME_MEIOSIS,REACTOME_MEIOSIS,22,-0.335561239,-1.982390852,0.008264463,0.031942149,0.01907351,338,"tags=64%, list=26%, signal=48%",H2AX/TERF2/H2AZ1/H2BC21/H2BC13/H2BC15/H2BC9/H2BC11/H2BC6/H3-3A/RAD21/H2BC4/RPA3,396
REACTOME_MITOCHONDRIAL_TRANSLATION,REACTOME_MITOCHONDRIAL_TRANSLATION,22,-0.343995096,-2.032215445,0.008264463,0.031942149,0.01907351,733,"tags=91%, list=56%, signal=40%",MTRF1L/MRPL43/MRPL23/MRPS34/MRPL55/MRPL2/MRPL13/MRPS16/MRPL41/GFM2/MRPS2/ERAL1/MRPL15/MRPL58/MRPL36/MRPS21/MRPL3/MRPS11/MRPL10,397
REACTOME_REPRODUCTION,REACTOME_REPRODUCTION,22,-0.335561239,-1.982390852,0.008264463,0.031942149,0.01907351,338,"tags=64%, list=26%, signal=48%",H2AX/TERF2/H2AZ1/H2BC21/H2BC13/H2BC15/H2BC9/H2BC11/H2BC6/H3-3A/RAD21/H2BC4/RPA3,398
REACTOME_TRNA_PROCESSING,REACTOME_TRNA_PROCESSING,25,-0.303249863,-1.929786515,0.008264463,0.031942149,0.01907351,787,"tags=92%, list=61%, signal=37%",NUP37/TRIT1/ADAT3/NUP62/TRMT10C/NUP58/NUP50/NUP35/NDC1/RTCB/CSTF2/RPP21/CPSF1/RTRAF/TRNT1/POP1/XPOT/EPRS1/CPSF4/TRMT112/POP5/THG1L,399
YAO_TEMPORAL_RESPONSE_TO_PROGESTERONE_CLUSTER_14,YAO_TEMPORAL_RESPONSE_TO_PROGESTERONE_CLUSTER_14,25,-0.278301033,-1.771020031,0.008264463,0.031942149,0.01907351,627,"tags=80%, list=48%, signal=42%",TOMM70/SMARCA4/SYNCRIP/IPO5/TMEM167A/CDK4/GPS1/PKM/TYMS/UBE2N/SLC39A7/DDX41/PRELID3B/CCT8/VARS1/NARS1/BANF1/SNRPA1/PSMB3,400
RASHI_RESPONSE_TO_IONIZING_RADIATION_2,RASHI_RESPONSE_TO_IONIZING_RADIATION_2,16,0.464898596,1.9963529,0.008391608,0.032088891,0.019161134,702,"tags=100%, list=54%, signal=46%",GNA13/TGIF1/CDKN1A/GAB1/NFE2L2/WWTR1/KLF5/ERBB3/SINHCAF/JUNB/RAB10/MDM2/ZWINT/SRPRA/RELA/RBMXL1,401
WP_THE_OVERLAP_BETWEEN_SIGNAL_TRANSDUCTION_PATHWAYS_THAT_CONTRIBUTE_TO_A_RANGE_OF_LMNA_LAMINOPATHIES,WP_THE_OVERLAP_BETWEEN_SIGNAL_TRANSDUCTION_PATHWAYS_THAT_CONTRIBUTE_TO_A_RANGE_OF_LMNA_LAMINOPATHIES,16,0.467535107,2.007674525,0.008391608,0.032088891,0.019161134,406,"tags=75%, list=31%, signal=52%",CDKN1A/GSK3B/TCF7L2/SREBF1/E2F1/CREBBP/ICMT/APC/JUNB/CTNNB1/HDAC1/LMNA,402
REACTOME_M_PHASE,REACTOME_M_PHASE,88,-0.27568596,-3.202358553,0.008403361,0.032088891,0.019161134,377,"tags=60%, list=29%, signal=46%",NUP35/NDC1/TUBA1C/H2AC20/TUBB4B/NCAPD3/H2AX/CENPI/CENPO/NCAPH2/TUBGCP5/H2AZ1/H2BC21/CENPC/CCNB1/SEM1/DYNLL1/FBXO5/H2BC13/H2BC15/H2BC9/CENPE/AHCTF1/NCAPG2/TUBGCP2/H2BC11/ANAPC1/PSMC2/ACTR1A/SGO1/ANAPC2/H2BC6/KNL1/H3-3A/HAUS6/RAD21/MZT1/MIS12/CDCA8/CENPK/H2BC4/MAD2L1/ESPL1/PSMA4/RPS27A/AURKB/DYNC1I2/BANF1/KIF23/PSMA6/CDC27/PSMB3,403
WAMUNYOKOLI_OVARIAN_CANCER_LMP_DN,WAMUNYOKOLI_OVARIAN_CANCER_LMP_DN,15,0.470173639,1.971830395,0.008415147,0.032088891,0.019161134,559,"tags=87%, list=43%, signal=50%",TAOK1/ARNT/ATP2B1/UFSP2/FERMT2/RNF146/GET1/POLR2M/UGP2/HSP90AB1/EPC2/PRKAR1A/SLC39A10,404
WP_COPPER_HOMEOSTASIS,WP_COPPER_HOMEOSTASIS,15,0.466851455,1.957897707,0.008415147,0.032088891,0.019161134,621,"tags=93%, list=48%, signal=49%",PTEN/TP53/GSK3B/MTF1/JUN/APC/PIK3CA/CCND1/MT2A/MT1E/SCO2/COX11/MDM2/SP1,405
PID_AVB3_INTEGRIN_PATHWAY,PID_AVB3_INTEGRIN_PATHWAY,14,0.458722741,1.87536483,0.008426966,0.032088891,0.019161134,709,"tags=100%, list=55%, signal=46%",BCAR1/PIK3R1/PTK2/MAPK1/ITGAV/TLN1/PXN/PI4KB/PTPN11/PIK3CA/IGF1R/VCL/ILK/PI4KA,406
WANG_TUMOR_INVASIVENESS_UP,WANG_TUMOR_INVASIVENESS_UP,95,-0.177761328,-2.184365765,0.00862069,0.032625965,0.019481835,367,"tags=53%, list=28%, signal=41%",ATP5F1A/CDC42/STRAP/TUBB4B/SSB/TOMM20/SERBP1/H2AZ1/GTF3A/CKS1B/ARIH1/ATP6V1C1/EIF4G2/EIF3H/PSMC2/PPIA/PABPC1/TARDBP/NPM1/IFITM3/DDX5/SPOUT1/EIF2S2/NACA/RPL30/HSPD1/CENPK/NEDD8/RPL7/RPS5/NUTF2/PCBP1/YBX1/RPS7/PSMA4/RPL35/RPS14/RPL13A/FAU/RPL6/RPS3/RPL14/SRSF3/RPS16/RPL8/RPL32/RPS20/RPL21/HSPE1,407
GRAESSMANN_RESPONSE_TO_MC_AND_DOXORUBICIN_UP,GRAESSMANN_RESPONSE_TO_MC_AND_DOXORUBICIN_UP,35,0.345150167,2.081207812,0.008631319,0.032625965,0.019481835,491,"tags=69%, list=38%, signal=44%",RIC8A/FLCN/GATA3/CDKN1A/BCAR1/PTPN1/HS6ST1/CENPT/ANKRD17/SLC33A1/E2F1/KCTD10/ICMT/RNASEH2C/PDE4DIP/SLC20A1/PTPN11/CPOX/RASA4/SURF4/DOLK/MRPL28/NDUFA11/EXOC8,408
YAGI_AML_WITH_T_8_21_TRANSLOCATION,YAGI_AML_WITH_T_8_21_TRANSLOCATION,35,0.331253205,1.997411051,0.008631319,0.032625965,0.019481835,430,"tags=60%, list=33%, signal=41%",TGIF1/TGFBR1/PIK3R1/SHC1/TSC2/CDH2/SMARCD1/CSK/SOCS3/CCND3/TFAP4/GLS/KMT2A/RASA4/HDAC1/NDUFA2/UGP2/EXT2/ADRM1/CCND1/SLC25A1,409
WP_PHOTODYNAMIC_THERAPYINDUCED_AP1_SURVIVAL_SIGNALING,WP_PHOTODYNAMIC_THERAPYINDUCED_AP1_SURVIVAL_SIGNALING,12,0.494742476,1.895658992,0.008733624,0.032932155,0.019664669,564,"tags=92%, list=43%, signal=52%",CDKN1A/NFE2L2/TP53/EGFR/JUN/MAPK14/JUNB/CCND1/CCNE1/TRAF2/CFLAR,410
GRAESSMANN_APOPTOSIS_BY_SERUM_DEPRIVATION_DN,GRAESSMANN_APOPTOSIS_BY_SERUM_DEPRIVATION_DN,11,0.522415656,1.937510175,0.008823529,0.03319021,0.019818761,522,"tags=91%, list=40%, signal=55%",RIC8A/ELMO2/SLC2A1/PAXIP1/JUN/EGLN1/ARMC5/MED24/EMC4/COG1,411
REACTOME_NERVOUS_SYSTEM_DEVELOPMENT,REACTOME_NERVOUS_SYSTEM_DEVELOPMENT,97,-0.201097233,-2.510559535,0.009009009,0.033723796,0.02013738,181,"tags=43%, list=14%, signal=40%",RPLP1/KIF4A/PABPC1/ELOB/RPL10/RPL30/RPS17/RPL7/RPS5/RPS7/RPL37/PSMA4/RPS28/RPL35/RPS27A/RPL36A/RPL24/RPL37A/RPS14/RPL7A/RPL13A/RPL36/RPS24/RPL5/FAU/RPL6/RPS3/RPL14/RPS16/RPS23/RPL26/RPL23/PSMA6/RPL8/RPL32/RPS20/RPS19/PSMB3/RPS3A/RPL21/RPL17,412
RODRIGUES_THYROID_CARCINOMA_POORLY_DIFFERENTIATED_UP,RODRIGUES_THYROID_CARCINOMA_POORLY_DIFFERENTIATED_UP,98,-0.181166501,-2.243843501,0.009009009,0.033723796,0.02013738,649,"tags=71%, list=50%, signal=39%",CBFB/GLRX3/KPNA2/MRPL13/CIT/USP1/GFPT1/MRPS16/YME1L1/GTSE1/SSBP1/GFM2/TMEM167A/KNTC1/NAMPT/UBA6/UBE2S/PPP2R3C/RPE/SRSF6/KIF14/NUP50/UBE2C/ACTR2/TFRC/SASS6/NDC1/CYCS/TIMM23/TYMS/H2AZ1/CCNB1/DBF4/FBXO5/MAD2L2/PFDN4/H2BC9/CKS1B/RPL26L1/AK6/ATP6V1C1/EIF4G2/TIPIN/PAM16/PAICS/PPAT/ELOC/H2BC6/EIF5A/KNL1/MCM4/HAUS6/NPM1/AURKA/FANCI/SRSF10/COPS8/NMD3/NIFK/GARS1/EIF2S2/EPRS1/HSPD1/CCT8/MTREX/MAD2L1/CARS1/TARS1/SNRPD1,413
WP_EUKARYOTIC_TRANSCRIPTION_INITIATION,WP_EUKARYOTIC_TRANSCRIPTION_INITIATION,10,-0.510093168,-2.05831924,0.00931677,0.03479161,0.020775,642,"tags=100%, list=49%, signal=51%",POLR3D/GTF2H4/TAF7/POLR2K/GTF2F2/GTF2E2/POLR2H/CDK7/POLR2G,414
REACTOME_DEVELOPMENTAL_BIOLOGY,REACTOME_DEVELOPMENTAL_BIOLOGY,165,0.172980097,1.749658975,0.009433962,0.035144351,0.020985631,353,"tags=36%, list=27%, signal=30%",ROCK2/KRT18/CDKN1A/GAB1/PIK3R1/ARHGEF7/GSK3B/ISL1/ITGB1/SOX9/MEF2C/SHC1/TCF3/WWTR1/PAK2/CTNNA1/FGFR1/PTK2/MAPK1/CARM1/CDH2/MED13/RUNX1/SOX10/FLI1/CAP1/MYH9/ERBB2/CCND3/SREBF1/SOX2/NRAS/SOS1/EGFR/MED15/KLF5/E2F1/CCNC/PAXIP1/ITGAV/JUN/PAGR1/TEAD1/CREBBP/EZH2/SIAH1/KMT2A/PIK3CB/TLN1/MAPK14/MYB/YAP1/LDB1/RBM8A/LCE2B/SPRR2G/PTPN11/MED24/CTNNB1,415
REACTOME_RHO_GTPASES_ACTIVATE_FORMINS,REACTOME_RHO_GTPASES_ACTIVATE_FORMINS,31,-0.255406833,-1.802985559,0.00952381,0.035393773,0.021134567,672,"tags=81%, list=52%, signal=40%",ZWINT/TUBB3/CENPP/KNTC1/ACTG1/ACTB/CDC42/TUBA1C/PFN1/TUBB4B/CENPI/CENPO/CENPC/DYNLL1/CENPE/AHCTF1/SGO1/KNL1/MIS12/CDCA8/CENPK/MAD2L1/AURKB/DYNC1I2,416
STARK_PREFRONTAL_CORTEX_22Q11_DELETION_DN,STARK_PREFRONTAL_CORTEX_22Q11_DELETION_DN,104,-0.178667012,-2.298458897,0.009708738,0.035994505,0.021493281,939,"tags=90%, list=72%, signal=27%",TMX2/NDUFA2/UGP2/NDUFS8/NDUFS3/ELOF1/PDCD5/SLC25A1/MRPL57/NDUFA8/UQCR10/NDUFB11/NDUFB2/MRPL28/NDUFA11/COA3/TIMM17A/FDPS/MICOS10/NDUFS7/NDUFS1/NDUFB10/MRPS17/VPS35/IDH3A/NDUFA9/UQCRC2/ATP5MG/RHEB/ATP5ME/MRPL55/CYC1/KPNA2/ATP5F1C/GPI/USP1/ATP5PO/MRPL41/VPS4A/COX7C/PRDX1/ZNHIT1/WTAP/HIRA/ATP5MF/MRPL15/ESS2/C1QBP/GET3/TPI1/AP2M1/ROMO1/MRPL3/CYCS/FNTA/MRPS11/TXNL4B/TIMM23/TOMM20/PFDN5/H2AZ1/ATP5F1E/ATP6AP1/DYNLL1/PPP1CA/DCTN6/GTF3A/RTRAF/EIF4G2/EIF3H/GINS4/TRA2B/ELOC/SNAPC2/EIF3F/ELOB/POMP/UFD1/NIFK/NACA/RPS17/TRMT112/NARS1/SBDS/SS18L2/SARS1/RPL36A/RPL5/RPL26/SMU1/RPL8/PSMB3/HSPE1,417
REACTOME_SIGNALING_BY_EGFR,REACTOME_SIGNALING_BY_EGFR,16,0.448754511,1.92702748,0.00979021,0.036052543,0.021527936,373,"tags=69%, list=29%, signal=50%",GAB1/PIK3R1/ARHGEF7/SHC1/CSK/NRAS/SOS1/EGFR/PXN/PTPN11/PIK3CA,418
NAGASHIMA_NRG1_SIGNALING_UP,NAGASHIMA_NRG1_SIGNALING_UP,15,0.455403297,1.909886029,0.009817672,0.036052543,0.021527936,332,"tags=67%, list=26%, signal=50%",TIPARP/DUSP4/SNAI2/FERMT2/FOSL1/CCNL1/JUN/JMJD6/LDLR/JUNB,419
PHONG_TNF_RESPONSE_VIA_P38_PARTIAL,PHONG_TNF_RESPONSE_VIA_P38_PARTIAL,15,0.451378457,1.893006516,0.009817672,0.036052543,0.021527936,336,"tags=67%, list=26%, signal=50%",TIPARP/CDKN1A/TCF7L2/BCL6/EGFR/ITGAV/JUN/LDLR/JUNB/SLC20A1,420
WP_REGULATION_OF_TOLLLIKE_RECEPTOR_SIGNALING_PATHWAY,WP_REGULATION_OF_TOLLLIKE_RECEPTOR_SIGNALING_PATHWAY,15,0.448872118,1.882495344,0.009817672,0.036052543,0.021527936,492,"tags=80%, list=38%, signal=50%",PIK3R1/MAPK1/FADD/JUN/MAP3K7/PIK3CB/MAPK14/OTUD5/PIK3CA/RNF31/IKBKG/CCL4,421
REACTOME_TRANSLATION,REACTOME_TRANSLATION,103,-0.449279528,-5.749647084,0.00990099,0.036250801,0.021646322,645,"tags=93%, list=50%, signal=51%",MRPL23/MRPS34/MRPL55/MRPL2/MRPL13/MRPS16/MRPL41/MARS2/GFM2/RPL28/MRPS2/VARS2/ERAL1/MRPL15/MRPL58/MRPL36/EIF4B/MRPS21/AARS2/PPA2/MRPL3/IARS2/MRPS11/FARS2/MRPL10/SRP14/RPL36AL/SPCS2/RPL26L1/RPL22/CARS2/EIF3H/EEF1G/HARS1/SEC61G/RPLP1/EIF3F/PABPC1/EEF1B2/EIF3G/WARS1/RPL10/GARS1/EIF2S2/RPL30/RPS17/EPRS1/TRMT112/MARS1/VARS1/NARS1/KARS1/EIF3E/LARS1/RPL7/RPS5/QARS1/AARS1/RPS7/RPL37/CARS1/RPS28/RPL35/SARS1/RPS27A/IARS1/RPL36A/RPL24/DARS1/RPL37A/YARS1/EIF1AX/RPS14/RPL7A/RPL13A/RPL36/RPS24/RPL5/FAU/RPL6/TARS1/RPS3/RPL14/RPS16/RPS23/RPL26/RPL23/RPL8/RPL32/RPS20/RPS19/SRP54/RPS3A/RPL21/RPL17,422
PID_FANCONI_PATHWAY,PID_FANCONI_PATHWAY,13,-0.432684825,-2.012566764,0.009966777,0.036250801,0.021646322,743,"tags=100%, list=57%, signal=43%",FBXW11/USP1/WDR48/FANCF/RAD9A/FANCA/FANCM/BRIP1/H2AX/RMI1/RAD17/FANCI,423
REICHERT_MITOSIS_LIN9_TARGETS,REICHERT_MITOSIS_LIN9_TARGETS,13,-0.430907725,-2.004300856,0.009966777,0.036250801,0.021646322,503,"tags=85%, list=39%, signal=52%",CCNF/KIF20A/CCNB1/CEP55/FBXO5/CENPE/ANAPC1/KNL1/AURKA/KIF23,424
PID_TRKR_PATHWAY,PID_TRKR_PATHWAY,13,0.480097176,1.904974601,0.009985735,0.036250801,0.021646322,505,"tags=85%, list=39%, signal=52%",GAB1/PIK3R1/SHC1/MAPK1/NRAS/SOS1/CRK/PTPN11/PIK3CA/CCND1/CRKL,425
MOOTHA_MITOCHONDRIA,MOOTHA_MITOCHONDRIA,103,0.214599088,1.880564737,0.009988901,0.036250801,0.021646322,787,"tags=78%, list=61%, signal=33%",PDHA1/TP53/COQ7/ERBB2/SLC30A9/RAF1/NDUFC1/HCCS/NDUFA3/MTX2/G6PD/CYB5B/NDUFA10/HTRA2/CPOX/TWNK/NDUFV2/NDUFA2/NDUFS8/NDUFS3/NDUFC2/MTCH2/NDUFB8/SLC25A1/MRPL57/NDUFA8/UQCRB/NDUFS2/NDUFB7/NDUFB2/MRPL28/NDUFB6/COX4I1/NDUFA1/SLC25A28/TIMM17A/NDUFB3/METTL17/POLG2/NDUFA6/POLRMT/POLG/NDUFS1/NDUFS5/SDHD/MRPS17/COX11/COX6A1/COX5A/IDH3A/UQCRC2/ATP5MG/NDUFA4/DDX28/GATB/TIMM8A/GPX4/ATP5ME/FECH/MRPS34/CYC1/MRPL2/COX7B/MRPL13/TOMM70/COX6C/ATP5F1C/AK2/ATP5PO/MRPS16/DHODH/COX7C/YME1L1/SSBP1/SDHC/MRPS2/ATP5PB/FDX1/COX17/TFB2M,426
HELLER_HDAC_TARGETS_SILENCED_BY_METHYLATION_UP,HELLER_HDAC_TARGETS_SILENCED_BY_METHYLATION_UP,29,0.338731054,1.890359345,0.01011378,0.036618042,0.021865611,172,"tags=41%, list=13%, signal=37%",KRT18/AHR/GATA3/CDKN1A/CDH1/MEF2C/FGFR1/PTK2/SPTLC2/MYCN/TADA3/BCL6,427
REACTOME_SIGNALING_BY_TYPE_1_INSULIN_LIKE_GROWTH_FACTOR_1_RECEPTOR_IGF1R,REACTOME_SIGNALING_BY_TYPE_1_INSULIN_LIKE_GROWTH_FACTOR_1_RECEPTOR_IGF1R,12,0.485384208,1.859801783,0.010189229,0.036719224,0.02192603,373,"tags=75%, list=29%, signal=54%",GAB1/PIK3R1/SHC1/FGFR1/NRAS/SOS1/PIK3CB/PTPN11/PIK3CA,428
WP_IL4_SIGNALING_PATHWAY,WP_IL4_SIGNALING_PATHWAY,12,0.485642811,1.860792647,0.010189229,0.036719224,0.02192603,373,"tags=75%, list=29%, signal=54%",GATA3/PIK3R1/SHC1/MAPK1/SOCS3/SOS1/MAPK14/PTPN11/PIK3CA,429
KEGG_GNRH_SIGNALING_PATHWAY,KEGG_GNRH_SIGNALING_PATHWAY,10,0.513901235,1.85457794,0.010294118,0.036808355,0.021979252,405,"tags=80%, list=31%, signal=55%",MAPK1/NRAS/SOS1/EGFR/RAF1/JUN/MAPK14/ATF4,430
BASAKI_YBX1_TARGETS_UP,BASAKI_YBX1_TARGETS_UP,43,-0.225999566,-1.908350151,0.010362694,0.036808355,0.021979252,428,"tags=60%, list=33%, signal=42%",UBE2C/CNOT9/KIF20A/CDK2/WDR1/TUBB4B/TYMS/CENPI/CENPO/CCNB1/CEP55/DPAGT1/ACTR1A/MCM4/RRS1/KIF4A/AURKA/FANCI/CDCA8/MARS1/MAD2L1/ESPL1/AURKB/KIF23/SNRPA1,431
ZHOU_INFLAMMATORY_RESPONSE_LIVE_UP,ZHOU_INFLAMMATORY_RESPONSE_LIVE_UP,24,0.356383513,1.843964378,0.010376135,0.036808355,0.021979252,347,"tags=58%, list=27%, signal=44%",ATP2B1/PTPN1/GSK3B/TCF7L2/MTF1/TADA3/FERMT2/ZEB2/KLF5/FOSL1/LDLR/MBNL1/PTPN11/ARMC5,432
ALCALAY_AML_BY_NPM1_LOCALIZATION_DN,ALCALAY_AML_BY_NPM1_LOCALIZATION_DN,15,-0.423371922,-2.075296453,0.010380623,0.036808355,0.021979252,454,"tags=80%, list=35%, signal=53%",CCNF/UBE2C/TFDP1/TYMS/CCNB1/CKS1B/MCM4/KIF4A/DUT/MAD2L1/KIF23,433
CROONQUIST_NRAS_SIGNALING_DN,CROONQUIST_NRAS_SIGNALING_DN,15,-0.40844093,-2.002107295,0.010380623,0.036808355,0.021979252,672,"tags=93%, list=52%, signal=46%",ZWINT/GPX4/TRIP13/HMGA1/UBE2C/H2AX/CCNB1/CKS1B/MCM4/DUT/AURKA/AURKB/SNRPA1,434
REACTOME_SNRNP_ASSEMBLY,REACTOME_SNRNP_ASSEMBLY,15,-0.416596821,-2.042086071,0.010380623,0.036808355,0.021979252,461,"tags=80%, list=36%, signal=52%",GEMIN4/NUP50/TGS1/NUP35/NDC1/PHAX/GEMIN6/GEMIN7/SNUPN/SNRPG/SNRPD1,435
REACTOME_TRANSCRIPTION_OF_THE_HIV_GENOME,REACTOME_TRANSCRIPTION_OF_THE_HIV_GENOME,15,-0.425640545,-2.086416854,0.010380623,0.036808355,0.021979252,345,"tags=73%, list=27%, signal=54%",TAF2/TAF10/ELOC/ELOB/POLR2K/GTF2F2/GTF2E2/POLR2H/CDK7/POLR2G,436
REACTOME_REGULATION_OF_PLK1_ACTIVITY_AT_G2_M_TRANSITION,REACTOME_REGULATION_OF_PLK1_ACTIVITY_AT_G2_M_TRANSITION,16,-0.370720523,-1.865755865,0.010452962,0.036980043,0.022081771,347,"tags=69%, list=27%, signal=51%",TUBB4B/CCNB1/PPP1CB/DYNLL1/ACTR1A/HAUS6/AURKA/SKP1/RPS27A/DYNC1I2,437
FISCHER_DIRECT_P53_TARGETS_META_ANALYSIS,FISCHER_DIRECT_P53_TARGETS_META_ANALYSIS,25,0.356791374,1.865926667,0.010526316,0.03715453,0.022185962,306,"tags=52%, list=24%, signal=41%",MON2/CDKN1A/PTEN/TP53/NDUFAF8/FBXW7/RFK/ITGA3/BCL6/SUPT7L/FCHO2/PARD6B/YAP1,438
GRAHAM_CML_DIVIDING_VS_NORMAL_QUIESCENT_UP,GRAHAM_CML_DIVIDING_VS_NORMAL_QUIESCENT_UP,36,-0.255314288,-1.942645641,0.010638298,0.037464256,0.022370908,672,"tags=81%, list=52%, signal=40%",ZWINT/KPNA2/SYNCRIP/VRK1/TRIP13/KIF18B/ASPM/UBE2S/UBE2C/KIF20A/TYMS/CCNB1/CEP55/FBXO5/CKS1B/DPAGT1/MCM4/KIF4A/DUT/AURKA/FANCI/MAD2L1/SNRNP25/ESPL1/AURKB/EIF1AX/RPA3/SNRPD1,439
REACTOME_METABOLISM_OF_VITAMINS_AND_COFACTORS,REACTOME_METABOLISM_OF_VITAMINS_AND_COFACTORS,19,0.40880681,1.900635172,0.010695187,0.037578999,0.022439424,464,"tags=74%, list=36%, signal=48%",FASN/TPK1/RFK/SLC2A1/COQ7/SLC25A19/NMNAT1/PDSS2/LDLR/PDSS1/PPCDC/COQ2/LRP8/ACACA,440
PECE_MAMMARY_STEM_CELL_UP,PECE_MAMMARY_STEM_CELL_UP,44,-0.229356838,-1.943522417,0.010752688,0.037610081,0.022457984,860,"tags=91%, list=66%, signal=32%",NDUFB2/NDUFA11/COX4I1/MT2A/MT1E/EDF1/NDUFA6/NDUFS5/ATP5MG/ATP5ME/COX6C/SMARCA4/RPL28/ACTG1/PTMA/TRAPPC5/TUBB4B/ATP5F1E/DYNLL1/RPL36AL/RPL22/SEC61G/RPLP1/PPIA/NACA/MARS1/KARS1/RPS7/RPS28/RPL24/RPS14/RPL7A/RPL13A/FAU/RPS3/RPS16/RPL8/RPS20/RPS19,441
PID_SMAD2_3NUCLEAR_PATHWAY,PID_SMAD2_3NUCLEAR_PATHWAY,21,0.384279941,1.854325195,0.010752688,0.037610081,0.022457984,241,"tags=52%, list=19%, signal=43%",TGIF1/GATA3/CDKN1A/SMAD7/MEF2C/TCF3/RUNX1/MED15/ITGB5/JUN/CREBBP,442
HSIAO_HOUSEKEEPING_GENES,HSIAO_HOUSEKEEPING_GENES,109,-0.306091131,-3.958006886,0.011111111,0.038776022,0.023154199,609,"tags=80%, list=47%, signal=46%",ATP5F1C/CFL1/PI4KA/COX7C/PRDX1/RPL28/ATP5PB/BCLAF1/HMGB1/CASC3/HNRNPF/ACTG1/C1QBP/ACTB/UBE2D3/PTMA/UBE2C/GPS1/ATP5F1B/FKBP1A/ARF4/ATP5F1A/FNTA/PFN1/HNRNPC/SSB/PFDN5/H2AZ1/DHPS/DYNLL1/SRP14/HNRNPA1/RPL36AL/SPCS2/ATP6V1F/EIF4G2/EEF1G/H3-3A/RPLP1/EIF3F/PPIA/PABPC1/NPM1/RACK1/PCBP2/IFITM3/DDX5/EEF1B2/WARS1/NACA/RPS17/HSPD1/KARS1/EIF3E/NEDD8/RPL7/RPS5/QARS1/YBX1/AARS1/RPS7/RPS28/RPL35/SARS1/RPS27A/RPL36A/RPL24/PHB2/RPL37A/RPS14/RPL7A/RPL13A/RPL6/RPS3/RPL14/ERH/RPS16/RPS23/RPL23/RPL8/RPL32/RPS19/PSMB3/RPS3A/RPL21/RPL17,443
WP_HUMAN_THYROID_STIMULATING_HORMONE_TSH_SIGNALING_PATHWAY,WP_HUMAN_THYROID_STIMULATING_HORMONE_TSH_SIGNALING_PATHWAY,16,0.439396721,1.886843551,0.011188811,0.038959239,0.023263602,373,"tags=69%, list=29%, signal=50%",GNA13/PIK3R1/PAX8/BRAF/MAPK1/CCND3/E2F1/RAF1/JUN/MAPK14/PIK3CA,444
BURTON_ADIPOGENESIS_3,BURTON_ADIPOGENESIS_3,20,-0.331536518,-1.880639527,0.011406844,0.039540316,0.023610579,426,"tags=70%, list=33%, signal=48%",KIF20A/TFDP1/IMPDH2/TYMS/CCNB1/CSTF2/CKS1B/MCM4/KIF4A/AURKA/CDCA8/CENPK/MAD2L1,445
TAKAO_RESPONSE_TO_UVB_RADIATION_UP,TAKAO_RESPONSE_TO_UVB_RADIATION_UP,20,-0.331075412,-1.878023907,0.011406844,0.039540316,0.023610579,716,"tags=90%, list=55%, signal=41%",COX5A/NDUFA4/GPX4/COX7B/COX6C/PPP1R11/FUBP1/PFDN5/H2AZ1/SEM1/DYNLL1/NXF1/RPS5/RPS28/RPL36A/PSMA6/RPL21,446
KIM_BIPOLAR_DISORDER_OLIGODENDROCYTE_DENSITY_CORR_UP,KIM_BIPOLAR_DISORDER_OLIGODENDROCYTE_DENSITY_CORR_UP,110,-0.199542168,-2.524351958,0.011494253,0.039754172,0.023738278,792,"tags=83%, list=61%, signal=35%",PRKAR1A/NDUFS7/NDUFB3/UROS/BAP1/NDUFA6/LARP1/TRIM28/COX6A1/COX5A/UQCRC2/KATNB1/GPX4/CYC1/TUBB3/HSP90B1/COX6C/ATP5F1C/CFL1/ATP5PO/WDR7/COX7C/PRDX1/ISCA1/COX17/VBP1/DRAP1/RNF4/ACTG1/ATP5MF/C1QBP/EIF4B/ADAR/TPI1/PPP1R11/PKM/VPS51/ARPC3/FKBP1A/SCAP/TRIM37/PFN1/TUBB4B/EFR3A/RTCB/PFDN5/ATP6AP1/SEM1/TAF10/SRP14/XRCC5/RPL36AL/HYOU1/ATP6V1F/PSMC2/ACTR1A/TRA2B/RPLP1/EIF3F/VPS28/EIF3G/GARS1/NACA/RPS17/CCT8/NARS1/EIF3E/NEDD8/RPL7/ATP6V1B2/YBX1/AARS1/COPS5/RPL37/PSMA4/RPL35/SARS1/RPS27A/RPL24/PHB2/YARS1/RPS24/SF3B4/FAU/PUF60/SNU13/RPL8/RPL32/RPS19/PSMB3,447
REACTOME_DNA_DAMAGE_TELOMERE_STRESS_INDUCED_SENESCENCE,REACTOME_DNA_DAMAGE_TELOMERE_STRESS_INDUCED_SENESCENCE,21,-0.303648491,-1.762390654,0.011583012,0.039971732,0.023868189,481,"tags=71%, list=37%, signal=46%",HMGA1/CDK2/H2AC20/H2AX/TERF2/H2AZ1/H2BC21/H2BC13/EP400/H2BC15/H2BC9/H2BC11/H2BC6/H2BC4,448
HUANG_GATA2_TARGETS_UP,HUANG_GATA2_TARGETS_UP,10,0.504701786,1.821378769,0.011764706,0.040328681,0.024081333,48,"tags=50%, list=4%, signal=49%",TGIF1/CDKN1A/GAB1/TAPT1/TGFBR1,449
PID_PI3K_PLC_TRK_PATHWAY,PID_PI3K_PLC_TRK_PATHWAY,10,0.503662853,1.817629444,0.011764706,0.040328681,0.024081333,419,"tags=80%, list=32%, signal=55%",GAB1/PIK3R1/GSK3B/SHC1/NRAS/SOS1/PIK3CA/CCND1,450
WP_PATHWAYS_REGULATING_HIPPO_SIGNALING,WP_PATHWAYS_REGULATING_HIPPO_SIGNALING,11,0.508224408,1.884878355,0.011764706,0.040328681,0.024081333,545,"tags=91%, list=42%, signal=53%",NF2/CDH1/FGFR1/CDH2/TCF7L2/EGFR/TEAD1/CTNNB1/PRKAR1A/IGF1R,451
WHITEFORD_PEDIATRIC_CANCER_MARKERS,WHITEFORD_PEDIATRIC_CANCER_MARKERS,19,-0.32403809,-1.768744162,0.011811024,0.040397882,0.024122654,486,"tags=74%, list=37%, signal=47%",KIF14/UBE2C/H2AX/TYMS/CCNB1/DBF4/CKS1B/CENPE/MCM4/AURKA/CDCA8/MAD2L1/ESPL1,452
GOBERT_OLIGODENDROCYTE_DIFFERENTIATION_DN,GOBERT_OLIGODENDROCYTE_DIFFERENTIATION_DN,51,0.286776867,2.009213985,0.012048193,0.041118115,0.024552725,312,"tags=47%, list=24%, signal=37%",AHR/MON2/GAB1/STXBP3/BCAR1/KIDINS220/GSK3B/SPTLC2/TCF7L2/SOCS3/RICTOR/SMARCA2/ATMIN/PDCD10/TMEM80/PPP2R2A/ZEB2/JUN/TM9SF3/WAC/MMGT1/ICMT/WRN/NDUFAF3,453
DELACROIX_RARG_BOUND_MEF,DELACROIX_RARG_BOUND_MEF,35,0.312676652,1.885397007,0.012330456,0.041840891,0.024984314,551,"tags=69%, list=42%, signal=41%",ROCK2/DUSP4/SHC1/WWTR1/CNIH4/HOXD13/STK11/FCHO2/G6PD/YAP1/JUNB/MBNL1/CHKA/OTUD5/NDUFS8/CERS2/NDUFB8/CCND1/FURIN/COA3/SLC25A28/RB1CC1/PMM2/NDUFB10,454
KIM_ALL_DISORDERS_OLIGODENDROCYTE_NUMBER_CORR_UP,KIM_ALL_DISORDERS_OLIGODENDROCYTE_NUMBER_CORR_UP,128,-0.173900479,-2.406243664,0.012345679,0.041840891,0.024984314,659,"tags=71%, list=51%, signal=39%",PTPA/NCKAP1/GPX4/MRPL23/ILK/ATG9A/CYC1/TUBB3/ATP5F1C/GPI/SMARCA4/CFL1/ATP5PO/WDR7/COX7C/PRDX1/RPL28/RBM10/COX17/DRAP1/RNF4/ANAPC13/ACTG1/ATP5MF/STAMBP/DPF2/DHX30/C1QBP/ATP5F1D/ADAR/TPI1/PPP1R11/AP2M1/VPS51/FKBP1A/IMPDH2/SCAP/TRIM37/PFN1/TUBB4B/EFR3A/PFDN5/DDX42/ATP6AP1/SEM1/DHPS/TAF10/PPP1CA/SRP14/GTF3A/RPL36AL/HYOU1/ATP6V1F/EIF4G2/ACTR1A/TRA2B/ELOC/RPLP1/EIF3F/PPIA/ELOB/VPS28/RACK1/EIF3G/RPS17/HSPD1/CCT8/NARS1/NEDD8/ATP6V1B2/AARS1/COPS5/LSM7/RPL37/RPL35/SARS1/RPS27A/RPL24/YARS1/FAU/RPS3/RPS16/PUF60/SNRPG/SNU13/PSMA6/RPL8/RPL32/RPS19/PSMB3,455
MARSON_BOUND_BY_E2F4_UNSTIMULATED,MARSON_BOUND_BY_E2F4_UNSTIMULATED,128,-0.246040456,-3.404437375,0.012345679,0.041840891,0.024984314,634,"tags=75%, list=49%, signal=43%",KPNA2/CHTF18/HSP90B1/MRPL13/CIT/AK2/TOE1/CENPP/USP1/RAD51B/VRK1/DDX11/CDIN1/YME1L1/GTSE1/MARS2/TMEM167A/KIF18B/CD2BP2/POLE3/ICE2/ENY2/ASPM/UBE2S/CLSPN/ESCO2/SRSF6/SKP2/PTMA/NUP50/CCNF/UBE2C/CNOT9/KIF20A/INTS12/NXT1/SASS6/NDC1/UTP3/FANCA/FANCM/BRIP1/NCAPD3/H2AX/CENPI/SERBP1/H2AZ1/POC1A/PELP1/GEMIN6/CEP55/PPIL1/FBXO5/H2BC13/H2BC9/CKS1B/CENPE/CMTR1/AHCTF1/TIPIN/SNAPC5/PAICS/PPAT/SGO1/TRA2B/KNL1/MYC/MCM4/RRS1/KIF4A/HAUS6/MZT1/AURKA/MIS12/EIF3G/FANCI/UFD1/SRSF10/TONSL/IMP3/CDCA8/MTBP/CENPK/NUTF2/MAD2L1/ESPL1/SBDS/LSM3/AURKB/KIF23/SF3B5/LSM2/RPS20/PRPF38A/RPS3A,456
REACTOME_FORMATION_OF_RNA_POL_II_ELONGATION_COMPLEX,REACTOME_FORMATION_OF_RNA_POL_II_ELONGATION_COMPLEX,11,-0.478632479,-2.067347692,0.01242236,0.041840891,0.024984314,683,"tags=100%, list=53%, signal=48%",ELOA/NELFCD/GTF2H4/ELOC/ELOB/POLR2K/GTF2F2/POLR2H/CDK7/POLR2G,457
REACTOME_MITOCHONDRIAL_TRNA_AMINOACYLATION,REACTOME_MITOCHONDRIAL_TRNA_AMINOACYLATION,11,-0.46950808,-2.027936858,0.01242236,0.041840891,0.024984314,549,"tags=91%, list=42%, signal=53%",VARS2/AARS2/PPA2/IARS2/FARS2/CARS2/GARS1/KARS1/QARS1,458
WP_PYRIMIDINE_METABOLISM,WP_PYRIMIDINE_METABOLISM,11,-0.449716885,-1.942453147,0.01242236,0.041840891,0.024984314,575,"tags=91%, list=44%, signal=51%",POLE3/POLR3D/TYMS/POLR1H/POLR2K/DUT/POLR2H/POLR2G/POLR1F,459
PID_IGF1_PATHWAY,PID_IGF1_PATHWAY,16,0.435923335,1.871928247,0.012587413,0.042304652,0.025261238,373,"tags=69%, list=29%, signal=50%",BCAR1/PIK3R1/PTPN1/SHC1/PTK2/SOS1/RAF1/CRK/PXN/PTPN11/PIK3CA,460
BIOCARTA_MAPK_PATHWAY,BIOCARTA_MAPK_PATHWAY,14,0.453725395,1.85493452,0.012640449,0.042390748,0.025312648,294,"tags=64%, list=23%, signal=50%",MAP4K4/TGFBR1/SHC1/PAK2/MAPK1/RAF1/JUN/MAP3K7/MAPK14,461
KAMMINGA_EZH2_TARGETS,KAMMINGA_EZH2_TARGETS,12,-0.444790047,-2.026166723,0.012698413,0.042492957,0.02537368,727,"tags=100%, list=56%, signal=44%",KPNA2/IPO5/TFDP1/SETDB1/H2AZ1/DBF4/MCM4/AURKA/MAD2L1/AURKB/RPA3,462
WP_SMALL_CELL_LUNG_CANCER,WP_SMALL_CELL_LUNG_CANCER,25,0.345812792,1.808511521,0.013157895,0.043909366,0.026219455,549,"tags=72%, list=42%, signal=42%",CDKN1A/PTEN/PIK3R1/TP53/ITGA3/ITGB1/PTK2/E2F1/ITGAV/PIK3CB/E2F3/PIK3CA/CCND1/IKBKG/CCNE1/CDK6/BIRC2/TRAF2,463
GROSS_HYPOXIA_VIA_ELK3_DN,GROSS_HYPOXIA_VIA_ELK3_DN,11,0.494342645,1.833394337,0.013235294,0.043909366,0.026219455,158,"tags=55%, list=12%, signal=48%",TGIF1/ACSL4/DUSP4/ASNS/SLC2A1/MYH9,464
REACTOME_DEACTIVATION_OF_THE_BETA_CATENIN_TRANSACTIVATING_COMPLEX,REACTOME_DEACTIVATION_OF_THE_BETA_CATENIN_TRANSACTIVATING_COMPLEX,11,0.493296901,1.829515934,0.013235294,0.043909366,0.026219455,358,"tags=73%, list=28%, signal=53%",BCL9/SOX9/TCF7L2/SOX2/CHD8/APC/CTNNB1/HDAC1,465
WP_NOTCH_SIGNALING_PATHWAY_NETPATH,WP_NOTCH_SIGNALING_PATHWAY_NETPATH,10,0.50009173,1.804741899,0.013235294,0.043909366,0.026219455,77,"tags=50%, list=6%, signal=47%",GATA3/CDKN1A/PIK3R1/FBXW7/GSK3B,466
REACTOME_CELL_CYCLE_MITOTIC,REACTOME_CELL_CYCLE_MITOTIC,130,-0.194473634,-2.735495282,0.013333333,0.0441399,0.026357113,461,"tags=58%, list=36%, signal=42%",ESCO2/SKP2/YWHAE/NUP50/UBE2C/KIF20A/CDK2/TFDP1/LIG1/NUMA1/NUP35/NDC1/TUBA1C/PPP1R12A/H2AC20/TUBB4B/NCAPD3/H2AX/TYMS/CENPI/CENPO/NCAPH2/TUBGCP5/H2AZ1/H2BC21/CENPC/CCNB1/PPP1CB/SEM1/DYNLL1/DBF4/FBXO5/H2BC13/H2BC15/H2BC9/CKS1B/CENPE/AHCTF1/NCAPG2/TUBGCP2/H2BC11/ANAPC1/PSMC2/ACTR1A/GINS4/SGO1/ANAPC2/H2BC6/KNL1/H3-3A/MYC/MCM4/HAUS6/RAD21/PKMYT1/MZT1/AURKA/MIS12/CDCA8/CENPK/H2BC4/MAD2L1/ESPL1/SKP1/PSMA4/CDK7/RPS27A/AURKB/DYNC1I2/BANF1/KIF23/RPA3/PSMA6/CDC27/PSMB3,467
KEGG_PARKINSONS_DISEASE,KEGG_PARKINSONS_DISEASE,49,0.282329743,1.94925934,0.013381995,0.044206334,0.026396783,779,"tags=86%, list=60%, signal=36%",UBE2J2/NDUFC1/NDUFA3/NDUFA10/HTRA2/NDUFV2/NDUFA2/NDUFS8/NDUFS3/NDUFC2/NDUFB8/NDUFA8/UQCRB/UQCR10/NDUFS2/NDUFB7/NDUFB2/NDUFB6/COX4I1/NDUFA1/NDUFS7/NDUFB3/NDUFA6/NDUFS1/NDUFB10/NDUFS5/SDHD/COX6A1/COX5A/NDUFA9/UQCRC2/UBE2G2/NDUFA4/CYC1/NDUFB9/COX7B/COX6C/ATP5F1C/ATP5PO/COX7C/SDHC/ATP5PB,468
BLANCO_MELO_COVID19_SARS_COV_2_INFECTION_A594_ACE2_EXPRESSING_CELLS_UP,BLANCO_MELO_COVID19_SARS_COV_2_INFECTION_A594_ACE2_EXPRESSING_CELLS_UP,32,0.319719312,1.862805029,0.013767209,0.045178258,0.026977145,222,"tags=44%, list=17%, signal=37%",TIPARP/FLCN/NFE2L2/FBXW7/SMCHD1/SOX9/ANKRD49/SOCS3/EPC1/ZEB2/FOSL1/CCNL1/C3orf38/ARID4B,469
FARMER_BREAST_CANCER_APOCRINE_VS_BASAL,FARMER_BREAST_CANCER_APOCRINE_VS_BASAL,32,0.319639743,1.862341428,0.013767209,0.045178258,0.026977145,273,"tags=47%, list=21%, signal=38%",KRT18/CDH1/FASN/PIK3R1/SLC16A1/DUSP4/FDFT1/SPTLC2/TCF7L2/SREBF1/NRAS/KLF5/GLS/G6PD/ACSL3,470
REACTOME_GLOBAL_GENOME_NUCLEOTIDE_EXCISION_REPAIR_GG_NER,REACTOME_GLOBAL_GENOME_NUCLEOTIDE_EXCISION_REPAIR_GG_NER,14,-0.41292638,-1.962163076,0.013793103,0.045178258,0.026977145,539,"tags=86%, list=42%, signal=51%",NFRKB/GTF2H4/ACTB/GPS1/LIG1/UBE2N/COPS8/COPS5/CDK7/RPS27A/RPA3,471
REACTOME_NONHOMOLOGOUS_END_JOINING_NHEJ,REACTOME_NONHOMOLOGOUS_END_JOINING_NHEJ,14,-0.411083379,-1.953405417,0.013793103,0.045178258,0.026977145,333,"tags=71%, list=26%, signal=54%",H2BC21/H2BC13/H2BC15/H2BC9/XRCC5/UBE2N/H2BC11/H2BC6/H2BC4,472
GRADE_COLON_AND_RECTAL_CANCER_UP,GRADE_COLON_AND_RECTAL_CANCER_UP,63,-0.214143146,-2.165600621,0.013888889,0.045300047,0.027049868,566,"tags=70%, list=44%, signal=41%",PRDX1/NSMCE2/KNTC1/VBP1/HMGB1/EIF4B/MLST8/UTP11/TPI1/PKM/MRPL3/MBTPS2/SSB/H2AZ1/CCNB1/GEMIN6/USP7/HNRNPA1/GTF3A/UBE2N/THOC3/MYC/MCM4/PPIA/NPM1/GTF2F2/AURKA/POMP/COPS8/RTF2/GARS1/EIF2S2/EPRS1/CCT8/MARS1/KARS1/EIF3E/AARS1/CDK7/KIF23/TARS1/PSMB3/HSPE1,473
REN_ALVEOLAR_RHABDOMYOSARCOMA_DN,REN_ALVEOLAR_RHABDOMYOSARCOMA_DN,31,0.324015309,1.857956524,0.013888889,0.045300047,0.027049868,430,"tags=61%, list=33%, signal=42%",ACSL4/PTEN/TMEM165/SMAD7/SLC35A2/UAP1/RRAGC/CAP1/MYH9/EGFR/SLC33A1/ITGAV/TLN1/UBE2A/EXT1/MBNL1/SNAP23/CCND1/SLC25A1,474
JISON_SICKLE_CELL_DISEASE_UP,JISON_SICKLE_CELL_DISEASE_UP,15,0.429595624,1.801652922,0.014025245,0.045616561,0.027238867,520,"tags=80%, list=40%, signal=49%",CDKN1A/PTK2/LMNB1/SPTLC2/ITGB5/SQLE/NDUFAF3/CDS2/NDUFS2/NDUFB7/TIMM17A/TXNRD1,475
ZHU_CMV_8_HR_DN,ZHU_CMV_8_HR_DN,14,0.451416324,1.845494503,0.014044944,0.045616561,0.027238867,406,"tags=71%, list=31%, signal=50%",AHR/TFAP2A/TP53BP1/TCF7L2/RUNX1/MYH9/TFAP4/MAPK14/CDC25B/LMNA,476
VERHAAK_GLIOBLASTOMA_PRONEURAL,VERHAAK_GLIOBLASTOMA_PRONEURAL,13,0.467811691,1.856227101,0.014265335,0.046235237,0.027608295,350,"tags=69%, list=27%, signal=51%",GSK3B/ASCL1/FERMT1/SOX10/SOX2/ZEB2/ERBB3/MYB/E2F3,477
REACTOME_SIGNALING_BY_INTERLEUKINS,REACTOME_SIGNALING_BY_INTERLEUKINS,54,0.264825144,1.888994249,0.014354067,0.046425497,0.027721904,344,"tags=46%, list=27%, signal=36%",ZEB1/GATA3/CDKN1A/PIK3R1/TP53/DUSP4/IRF4/ITGB1/MEF2C/SHC1/PAK2/MAPK1/LMNB1/SOCS3/STX4/BCL6/SOX2/SOS1/JUN/MAP3K7/CRK/PIK3CB/MAPK14/JUNB/PTPN11,478
SWEET_LUNG_CANCER_KRAS_DN,SWEET_LUNG_CANCER_KRAS_DN,22,0.359016362,1.783948247,0.014473684,0.046714647,0.027894563,310,"tags=55%, list=24%, signal=42%",ZEB1/AHR/MEF2C/TCF3/WWTR1/SMARCA2/FERMT2/SOX2/JUN/SIAH1/MYB/POLR2M,479
KEGG_AXON_GUIDANCE,KEGG_AXON_GUIDANCE,12,0.481563407,1.845161972,0.014556041,0.046882581,0.027994842,177,"tags=58%, list=14%, signal=51%",ROCK2/GSK3B/ITGB1/PAK2/PTK2/MAPK1/NRAS,480
CAIRO_HEPATOBLASTOMA_CLASSES_UP,CAIRO_HEPATOBLASTOMA_CLASSES_UP,146,-0.259111418,-3.934011689,0.014705882,0.047071002,0.028107353,631,"tags=76%, list=49%, signal=44%",KPNA2/TOMM70/PNKP/SMARCA4/IPO5/GCN1/PI4KA/ZNHIT3/VRK1/TRIP13/GTSE1/KIF18B/RPL28/KNTC1/ENY2/ASPM/AATF/POLR3D/UBE2S/CDK4/HMGA1/MRPL15/C1QBP/SKP2/EIF4B/KIF14/MLST8/CCNF/UBE2C/KIF20A/TPI1/GPS1/TGS1/TFRC/LIG1/NDC1/IMPDH2/FNTA/BOP1/FANCA/HUWE1/HNRNPC/SSB/TIMM9/TOMM20/CENPI/SERBP1/DDX42/CCNB1/ATP6AP1/DBF4/FBXO5/EIF4E2/CIAPIN1/XRCC5/CPSF1/NCAPG2/ATP6V1H/RTRAF/EXOSC4/RPL22/EIF3H/DDX41/PPAT/GINS4/SEC61G/MCM4/RRS1/KIF4A/EIF3F/NPM1/RACK1/AURKA/EEF1B2/FANCI/CDCA8/EIF2S2/EPRS1/HSPD1/VARS1/KARS1/DDX10/EIF3E/MAD2L1/QARS1/YBX1/AARS1/COPS5/IARS1/THG1L/RPL24/DARS1/AURKB/PHB2/RPL37A/RPS14/RPL36/KIF23/RPL5/RPL6/RPS3/RPL14/RPS16/PUF60/SNU13/RPL23/RPL8/LSM2/CDC27/SNRPD1,481
MARTENS_TRETINOIN_RESPONSE_DN,MARTENS_TRETINOIN_RESPONSE_DN,146,-0.158320678,-2.403735829,0.014705882,0.047071002,0.028107353,515,"tags=60%, list=40%, signal=41%",TRMT10C/DRAP1/SRM/HMGB1/HNRNPF/ACTG1/ERAL1/HMGA1/NUP58/SRSF6/WDR73/GMPPB/PTMA/GEMIN4/NXT1/ROMO1/TIMM13/TBCC/MOCS3/IMPDH2/CYCS/TUBA1C/UTP3/ARFRP1/TAF7/NSMCE3/CENATAC/H2AX/TYMS/MEPCE/SERBP1/EIF5AL1/H2BC21/ATP5F1E/DHPS/FBXO5/HNRNPA1/TRNT1/PAICS/EIF5A/PSMG3/MYC/RRS1/PPIA/PABPC1/THAP1/TARDBP/DUT/RACK1/PKMYT1/DDX5/AURKA/EEF1B2/EIF3G/RPL10/RPL30/HSPD1/H2BC4/RPL7/RPS5/MAD2L1/PCBP1/YBX1/RPL37/SS18L2/RPL35/RPS27A/RPL24/PHB2/RPL37A/RPS14/RPL7A/RPL13A/RPL36/RPS24/RPL5/RPS3/RPL14/RPS16/RPS23/RPL26/RPL23/RPL32/RPS19/RPL21/RPL17/HSPE1,482
PLASARI_TGFB1_TARGETS_10HR_DN,PLASARI_TGFB1_TARGETS_10HR_DN,11,0.487419867,1.807719469,0.014705882,0.047071002,0.028107353,269,"tags=64%, list=21%, signal=51%",PTEN/PIK3R1/MEF2C/CDH2/TCF7L2/SMARCA2/G6PD,483
WP_INTEGRATED_BREAST_CANCER_PATHWAY,WP_INTEGRATED_BREAST_CANCER_PATHWAY,39,0.306938989,1.920548489,0.014742015,0.047089163,0.028118197,698,"tags=79%, list=54%, signal=38%",AHR/CDH1/PTEN/TGFBR1/TP53/SMAD7/NF1/BRAF/TSC2/TSC1/MAPK1/FADD/EGFR/E2F1/FOSL1/JUN/STK11/CTNNB1/HDAC1/CDC25B/CCND1/UBE2F/BMPR1A/EP300/MRE11/ZMYND8/MDM2/SP1/RHEB/SMARCA4/KRAS,484
RAO_BOUND_BY_SALL4,RAO_BOUND_BY_SALL4,30,0.318543609,1.802352703,0.015132409,0.048236502,0.028803304,174,"tags=40%, list=13%, signal=35%",GNA13/MAP4K4/ARNT/TP53/ASNS/GNPNAT1/TP53BP1/FGFR1/SLC38A2/MYCN/SSBP3/SOX2,485
FARMER_BREAST_CANCER_CLUSTER_2,FARMER_BREAST_CANCER_CLUSTER_2,10,-0.498323926,-2.010828199,0.01552795,0.048843675,0.029165863,503,"tags=90%, list=39%, signal=56%",MRPL15/KIF20A/CEP55/CENPE/MCM4/RRS1/KIF4A/MAD2L1,486
KEGG_VIBRIO_CHOLERAE_INFECTION,KEGG_VIBRIO_CHOLERAE_INFECTION,10,-0.491459627,-1.983129496,0.01552795,0.048843675,0.029165863,666,"tags=100%, list=51%, signal=49%",ATP6V0E1/ACTG1/ACTB/ATP6AP1/ATP6V1F/ATP6V1H/ATP6V1C1/SEC61G/ATP6V1B2,487
MOLENAAR_TARGETS_OF_CCND1_AND_CDK4_DN,MOLENAAR_TARGETS_OF_CCND1_AND_CDK4_DN,11,-0.428127428,-1.849202238,0.01552795,0.048843675,0.029165863,748,"tags=100%, list=58%, signal=43%",KIF2C/TRIP13/KIF20A/MED30/CEP55/KNL1/KIF4A/AURKA/CDCA8/CENPK,488
REACTOME_HIV_TRANSCRIPTION_ELONGATION,REACTOME_HIV_TRANSCRIPTION_ELONGATION,10,-0.50555754,-2.040017153,0.01552795,0.048843675,0.029165863,181,"tags=70%, list=14%, signal=61%",ELOB/POLR2K/GTF2F2/POLR2H/CDK7/POLR2G,489
REACTOME_HSP90_CHAPERONE_CYCLE_FOR_STEROID_HORMONE_RECEPTORS_SHR,REACTOME_HSP90_CHAPERONE_CYCLE_FOR_STEROID_HORMONE_RECEPTORS_SHR,10,-0.474369053,-1.914165902,0.01552795,0.048843675,0.029165863,390,"tags=80%, list=30%, signal=56%",CAPZB/TUBA1C/TUBB4B/DYNLL1/DCTN6/ACTR1A/DYNC1I2,490
REACTOME_TNFR2_NON_CANONICAL_NF_KB_PATHWAY,REACTOME_TNFR2_NON_CANONICAL_NF_KB_PATHWAY,11,-0.418026418,-1.805573147,0.01552795,0.048843675,0.029165863,761,"tags=100%, list=59%, signal=42%",TRAF2/FBXW11/PSMF1/SEM1/PSMC2/SKP1/PSMA4/RPS27A/PSMA6/PSMB3,491
REACTOME_DNA_DOUBLE_STRAND_BREAK_REPAIR,REACTOME_DNA_DOUBLE_STRAND_BREAK_REPAIR,33,-0.239639234,-1.711370218,0.015544041,0.048843675,0.029165863,629,"tags=76%, list=48%, signal=40%",RAD51D/RAD51B/POLE3/RNF4/PPP4R2/CLSPN/RAD9A/CDK2/BRIP1/H2AX/H2BC21/RMI1/H2BC13/H2BC15/H2BC9/XRCC5/UBE2N/RAD17/H2BC11/TIPIN/H2BC6/H2BC4/RPS27A/RPA3,492
PID_RAC1_PATHWAY,PID_RAC1_PATHWAY,13,0.456539915,1.811501892,0.015691869,0.049108561,0.029324033,353,"tags=69%, list=27%, signal=51%",BRK1/CDH1/BCAR1/PAK2/CTNNA1/JUN/CRK/MAPK14/CTNNB1,493
REACTOME_SIGNALING_BY_ERBB2,REACTOME_SIGNALING_BY_ERBB2,13,0.453993556,1.801398207,0.015691869,0.049108561,0.029324033,271,"tags=62%, list=21%, signal=49%",GAB1/PIK3R1/SHC1/ERBB2/NRAS/SOS1/EGFR/ERBB3,494
SENESE_HDAC3_TARGETS_UP,SENESE_HDAC3_TARGETS_UP,44,0.275746116,1.818391984,0.015931373,0.049757378,0.029711459,421,"tags=55%, list=32%, signal=38%",GNA13/TAOK1/ATP2B1/TGFBR1/SLC16A1/NF1/GSK3B/RAB35/HSF1/DNAJC13/BCL6/GLS/TEAD1/FCHO2/WAC/MAPK14/SINHCAF/MBNL1/PTPN11/SETD5/CCND2/SNAP23/HSP90AB1/SLC7A1,495
GOTTWEIN_TARGETS_OF_KSHV_MIR_K12_11,GOTTWEIN_TARGETS_OF_KSHV_MIR_K12_11,12,0.471881975,1.808066524,0.016011645,0.049907264,0.02980096,395,"tags=75%, list=30%, signal=53%",PICALM/RFK/MUC20/SLC33A1/PTDSS1/MYB/E2F3/PIK3CA/RNF31,496
GARGALOVIC_RESPONSE_TO_OXIDIZED_PHOSPHOLIPIDS_TURQUOISE_UP,GARGALOVIC_RESPONSE_TO_OXIDIZED_PHOSPHOLIPIDS_TURQUOISE_UP,10,0.494689826,1.785247388,0.016176471,0.050117883,0.029926727,564,"tags=90%, list=43%, signal=51%",TIPARP/AHR/HS6ST1/RRAGC/RICTOR/JUN/TNPO1/SLC4A7/CFLAR,497
MILI_PSEUDOPODIA_CHEMOTAXIS_UP,MILI_PSEUDOPODIA_CHEMOTAXIS_UP,11,0.482232607,1.788481207,0.016176471,0.050117883,0.029926727,402,"tags=73%, list=31%, signal=51%",ZEB1/VCPIP1/ZEB2/RBIS/KCTD10/APC/ANKRD11/CCND2,498
REACTOME_EXTRA_NUCLEAR_ESTROGEN_SIGNALING,REACTOME_EXTRA_NUCLEAR_ESTROGEN_SIGNALING,10,0.495922111,1.789694486,0.016176471,0.050117883,0.029926727,419,"tags=80%, list=32%, signal=55%",PIK3R1/SHC1/PTK2/MAPK1/NRAS/EGFR/PIK3CA/CCND1,499
WP_IL18_SIGNALING_PATHWAY,WP_IL18_SIGNALING_PATHWAY,32,0.309674121,1.804277964,0.016270338,0.050307885,0.030040182,234,"tags=44%, list=18%, signal=37%",PTEN/ARF6/TMEM165/PIK3R1/TP53/FBXW7/ZBTB7A/GSK3B/MAPK1/SOCS3/FADD/NDUFC1/JUN/MAP3K7,500
REACTOME_SIGNALING_BY_GPCR,REACTOME_SIGNALING_BY_GPCR,17,0.409792871,1.813910129,0.016371078,0.050417702,0.030105756,210,"tags=53%, list=16%, signal=45%",GNA13/ROCK2/PIK3R1/ARHGEF7/MAPK1/NRAS/SOS1/EGFR/GRK2,501
REACTOME_SIGNALING_BY_PTK6,REACTOME_SIGNALING_BY_PTK6,17,0.405216273,1.793652243,0.016371078,0.050417702,0.030105756,299,"tags=59%, list=23%, signal=46%",BCAR1/PTPN1/ELMO2/SOCS3/ERBB2/NRAS/EGFR/CRK/ERBB3/PXN,502
NAKAYAMA_SOFT_TISSUE_TUMORS_PCA2_UP,NAKAYAMA_SOFT_TISSUE_TUMORS_PCA2_UP,13,-0.400117687,-1.861085742,0.016611296,0.051055791,0.030486777,555,"tags=85%, list=43%, signal=49%",ASPM/UBE2S/UBE2C/KIF20A/CCNB1/CEP55/CENPE/MCM4/CDCA8/ESPL1,503
FOSTER_TOLERANT_MACROPHAGE_DN,FOSTER_TOLERANT_MACROPHAGE_DN,28,0.327051387,1.792409171,0.016795866,0.051520651,0.030764357,663,"tags=79%, list=51%, signal=39%",ZEB1/TIPARP/CDKN1A/BCL9/SLC16A1/VCPIP1/IRF2/SOCS3/ITGAV/PDSS1/EXT1/JUNB/CCND2/RAC3/LMNA/CHD1/SLC4A7/DCP2/MARCHF5/DAXX/CHD7/TLK2,504
DODD_NASOPHARYNGEAL_CARCINOMA_UP,DODD_NASOPHARYNGEAL_CARCINOMA_UP,45,0.274210536,1.838235959,0.01703163,0.052140397,0.031134423,689,"tags=76%, list=53%, signal=37%",ARNT/RNH1/BCAR1/NFE2L2/UGCG/NF1/ZBTB7A/MEF2C/CTNNA1/MUC20/SPTLC2/MTF1/RUNX1/ERBB2/BCL6/KLF5/STK40/WDR26/PXN/PDCD6IP/HECTD1/ITPK1/MED16/TTC7A/MT1E/PRKAR1A/STN1/BAP1/WASHC2C/DDX28/TADA2B/KATNB1/FECH/MED11,505
KYNG_DNA_DAMAGE_DN,KYNG_DNA_DAMAGE_DN,25,0.337648093,1.765812254,0.017105263,0.052262326,0.031207231,654,"tags=80%, list=50%, signal=40%",UGCG/ITGB1/CAB39/IRF2/TCF7L2/ITGB5/CCNC/CREBBP/RAB6A/ANKRD11/PDCD5/MORF4L1/CCND1/NDUFB6/NMT1/DAXX/CSDE1/ARF1/RAB7A/ATP5ME,506
CASORELLI_ACUTE_PROMYELOCYTIC_LEUKEMIA_DN,CASORELLI_ACUTE_PROMYELOCYTIC_LEUKEMIA_DN,94,-0.146170678,-1.785007678,0.017241379,0.052574305,0.031393522,580,"tags=64%, list=45%, signal=38%",MRM2/TRIP13/GTSE1/CD2BP2/MRM3/ASPM/AATF/HNRNPF/VDAC1/RPE/ACTB/KIF20A/TPI1/AP2M1/ACTR2/FUBP1/G3BP1/HNRNPC/TYMS/NCAPH2/SERBP1/CCNB1/CEP55/ELP3/EIF4E2/HNRNPA1/XRCC5/CKS1B/CENPE/DNAJC17/EXOSC4/TBL3/DDX41/PAICS/GINS4/EIF5A/MCM4/KIF4A/TARDBP/NPM1/AURKA/FANCI/WARS1/GARS1/EIF2S2/EPRS1/HSPD1/MTREX/SNRNP25/YBX1/AARS1/ESPL1/THG1L/AURKB/SF3A3/SRSF3/SNU13/SNRPA1/SRP54,507
BIOCARTA_IL2RB_PATHWAY,BIOCARTA_IL2RB_PATHWAY,12,0.4670915,1.789711305,0.017467249,0.052686105,0.031460281,209,"tags=58%, list=16%, signal=49%",PIK3R1/SHC1/MAPK1/SOCS3/SOS1/E2F1/RAF1,508
PEDRIOLI_MIR31_TARGETS_UP,PEDRIOLI_MIR31_TARGETS_UP,12,0.468550226,1.795300571,0.017467249,0.052686105,0.031460281,516,"tags=83%, list=40%, signal=51%",GATA3/FASN/HS6ST1/LMNB1/ERBB2/PPME1/LDB1/TAF5L/NDUFB11/PMM2,509
PID_PS1_PATHWAY,PID_PS1_PATHWAY,12,0.461522479,1.768373002,0.017467249,0.052686105,0.031460281,622,"tags=92%, list=48%, signal=48%",GSK3B/MAPK1/JUN/MAP3K7/CREBBP/APC/CTNNB1/HDAC1/CCND1/FBXW11/CSNK2A1,510
ZHANG_BREAST_CANCER_PROGENITORS_DN,ZHANG_BREAST_CANCER_PROGENITORS_DN,12,0.46652293,1.787532765,0.017467249,0.052686105,0.031460281,155,"tags=50%, list=12%, signal=44%",ZEB1/UGCG/DNAJC13/LMNB1/SOCS3/SOX10,511
MARTORIATI_MDM4_TARGETS_FETAL_LIVER_DN,MARTORIATI_MDM4_TARGETS_FETAL_LIVER_DN,63,0.243724137,1.833952445,0.017482517,0.052686105,0.031460281,660,"tags=70%, list=51%, signal=36%",ROCK2/ARNT/PTEN/ATP2B1/TGFBR1/PIK3R1/UGCG/UBXN4/RFK/COP1/SHC1/SLC38A2/ZFX/CDH2/TCF7L2/MARK2/FERMT2/NRAS/MSL1/ARID4B/PARD6B/WDR26/MYB/RMND5A/CEPT1/CHP1/CAND1/CNOT11/MED16/AP1G1/FOXM1/ING3/RAB10/SLC39A10/VCL/SUZ12/FBXW11/THAP11/RBM5/MDM4/RAB7A/SRPRA/MEN1/ZFP36L2,512
YOSHIMURA_MAPK8_TARGETS_UP,YOSHIMURA_MAPK8_TARGETS_UP,62,0.241922724,1.80845237,0.017482517,0.052686105,0.031460281,330,"tags=44%, list=25%, signal=34%",KRT18/NF2/ARNT/CDKN1A/UGCG/DUSP4/GSK3B/ISL1/TCF3/PTK2/IRF2/MYCN/SOCS3/SOX10/ERBB2/MARK2/CCND3/EGFR/RAF1/HMBS/JUN/RABIF/ERBB3/DYRK1A/MAPK14/APC/AQP7,513
HADDAD_B_LYMPHOCYTE_PROGENITOR,HADDAD_B_LYMPHOCYTE_PROGENITOR,24,0.341972957,1.769402698,0.018158236,0.054616017,0.032612683,264,"tags=50%, list=20%, signal=41%",MAP4K4/TGIF1/UGCG/ARHGEF7/IRF4/MEF2C/TCF3/IRF2/UXS1/PKN2/JUN/KMT2A,514
SHEDDEN_LUNG_CANCER_GOOD_SURVIVAL_A12,SHEDDEN_LUNG_CANCER_GOOD_SURVIVAL_A12,15,0.419032926,1.757354714,0.018232819,0.054733861,0.03268305,192,"tags=53%, list=15%, signal=46%",TFAP2A/NF1/IRF4/VCPIP1/TP63/CENPT/SOX10/MANF,515
REACTOME_INTRACELLULAR_SIGNALING_BY_SECOND_MESSENGERS,REACTOME_INTRACELLULAR_SIGNALING_BY_SECOND_MESSENGERS,48,0.264910656,1.809954606,0.018315018,0.054874067,0.032766771,386,"tags=50%, list=30%, signal=36%",CDKN1A/GAB1/PTEN/PIK3R1/TP53/GSK3B/TSC2/FGFR1/MAPK1/SNAI2/RRAGC/RICTOR/ERBB2/EGFR/RNF146/GRK2/JUN/EZH2/ERBB3/PIK3CB/PTPN11/HDAC1/PIK3CA/RRAGA,516
REACTOME_DECTIN_1_MEDIATED_NONCANONICAL_NF_KB_SIGNALING,REACTOME_DECTIN_1_MEDIATED_NONCANONICAL_NF_KB_SIGNALING,10,-0.461956522,-1.864079069,0.01863354,0.055292617,0.033016698,704,"tags=100%, list=54%, signal=46%",PSMF1/RELA/SEM1/PSMC2/SKP1/PSMA4/RPS27A/PSMA6/PSMB3,517
REACTOME_FORMATION_OF_ATP_BY_CHEMIOSMOTIC_COUPLING,REACTOME_FORMATION_OF_ATP_BY_CHEMIOSMOTIC_COUPLING,10,-0.472826087,-1.907939752,0.01863354,0.055292617,0.033016698,690,"tags=100%, list=53%, signal=47%",ATP5ME/ATP5F1C/ATP5PO/ATP5PB/ATP5MF/ATP5F1D/ATP5F1B/ATP5F1A/ATP5F1E,518
REACTOME_PCP_CE_PATHWAY,REACTOME_PCP_CE_PATHWAY,10,-0.429509788,-1.733150563,0.01863354,0.055292617,0.033016698,409,"tags=80%, list=32%, signal=55%",PFN1/SEM1/PSMC2/PSMA4/RPS27A/PSMA6/PSMB3,519
REACTOME_REGULATION_OF_RUNX3_EXPRESSION_AND_ACTIVITY,REACTOME_REGULATION_OF_RUNX3_EXPRESSION_AND_ACTIVITY,10,-0.429347826,-1.732497017,0.01863354,0.055292617,0.033016698,746,"tags=100%, list=57%, signal=43%",MDM2/PSMF1/CBFB/SEM1/PSMC2/PSMA4/RPS27A/PSMA6/PSMB3,520
REACTOME_RNA_POLYMERASE_I_TRANSCRIPTION_INITIATION,REACTOME_RNA_POLYMERASE_I_TRANSCRIPTION_INITIATION,10,-0.461733138,-1.863177673,0.01863354,0.055292617,0.033016698,534,"tags=90%, list=41%, signal=53%",GTF2H4/POLR1H/CHD4/POLR2K/POLR2H/CDK7/RRN3/POLR1F,521
CHEMNITZ_RESPONSE_TO_PROSTAGLANDIN_E2_DN,CHEMNITZ_RESPONSE_TO_PROSTAGLANDIN_E2_DN,19,0.383344954,1.782257255,0.018716578,0.055432622,0.033100299,322,"tags=58%, list=25%, signal=44%",AHR/CDKN1A/BCAR1/TPK1/PAX8/SPTLC2/ICMT/PDSS2/SINHCAF/PDCD6IP/CYB5B,522
REACTOME_CELL_CYCLE,REACTOME_CELL_CYCLE,156,-0.172266889,-2.734014294,0.018867925,0.055681041,0.033248637,467,"tags=56%, list=36%, signal=41%",NUP58/ESCO2/SKP2/YWHAE/RAD9A/NUP50/UBE2C/CHTF8/KIF20A/CDK2/TFDP1/LIG1/NUMA1/NUP35/NDC1/TUBA1C/PPP1R12A/H2AC20/BRIP1/TUBB4B/NCAPD3/H2AX/TYMS/CENPI/CENPO/NCAPH2/TERF2/TUBGCP5/H2AZ1/H2BC21/CENPC/CCNB1/PPP1CB/SEM1/DYNLL1/DBF4/RMI1/FBXO5/H2BC13/H2BC15/H2BC9/CKS1B/CENPE/AHCTF1/NCAPG2/UBE2N/RAD17/TUBGCP2/H2BC11/ANAPC1/PSMC2/ACTR1A/GINS4/SGO1/ANAPC2/H2BC6/KNL1/H3-3A/MYC/MCM4/HAUS6/RAD21/POLR2K/NPM1/PKMYT1/MZT1/AURKA/MIS12/POLR2H/CDCA8/CENPK/H2BC4/MAD2L1/ESPL1/SKP1/PSMA4/CDK7/RPS27A/AURKB/POLR2G/DYNC1I2/BANF1/KIF23/RPA3/PSMA6/CDC27/PSMB3,523
IWANAGA_CARCINOGENESIS_BY_KRAS_PTEN_DN,IWANAGA_CARCINOGENESIS_BY_KRAS_PTEN_DN,30,0.311182415,1.760702308,0.018915511,0.055681041,0.033248637,572,"tags=70%, list=44%, signal=40%",ZEB1/PICALM/SMCHD1/RICTOR/CCND3/CTDSPL2/ARID4B/PAXIP1/EARS2/JUN/DYRK1A/PDE4DIP/TNPO1/LRP8/IPPK/XPR1/METTL17/DCP2/NDUFB10/SLC39A10/VCL,524
REACTOME_PHOSPHOLIPID_METABOLISM,REACTOME_PHOSPHOLIPID_METABOLISM,12,0.458009331,1.754911998,0.018922853,0.055681041,0.033248637,709,"tags=100%, list=55%, signal=46%",PTEN/PIK3R1/PIK3CB/PTDSS1/CEPT1/PI4KB/CHKA/PIK3CA/CDS2/CSNK2A1/ARF1/PI4KA,525
DAVICIONI_TARGETS_OF_PAX_FOXO1_FUSIONS_UP,DAVICIONI_TARGETS_OF_PAX_FOXO1_FUSIONS_UP,18,0.384612963,1.740239382,0.01894452,0.055681041,0.033248637,639,"tags=83%, list=49%, signal=43%",KRT18/MAP4K4/TGIF1/SNAI2/MYCN/TCF7L2/CAP1/MYH9/JUN/UGP2/CCND2/NCOA4/ARHGAP29/DICER1/IRS2,526
STEIN_ESRRA_TARGETS_UP,STEIN_ESRRA_TARGETS_UP,56,0.245348528,1.758806864,0.019184652,0.056279834,0.033606192,836,"tags=86%, list=64%, signal=32%",PDHA1/SLC16A1/RAB35/ASNS/NDUFAF4/SPTLC2/PDCD10/MANF/HCCS/MTX2/PCGF1/JMJD6/PDSS1/NDUFA10/EGLN1/RASA4/MAEA/UGP2/NDUFS8/NDUFS3/NDUFA8/UQCRB/NDUFS2/TIMM17A/NDUFS7/STN1/NDUFS1/CFLAR/SDHD/COX5A/IDH3A/NDUFA9/UQCRC2/ATP5MG/TIMM8A/RHOQ/MRPL2/COX7B/TOMM70/ATP5F1C/GPI/ATP5PO/ISCA1/FDX1/RGP1/RNF4/FANCF/MRPL15,527
REACTOME_INFECTIOUS_DISEASE,REACTOME_INFECTIOUS_DISEASE,157,-0.211444371,-3.30429458,0.019230769,0.056308275,0.033623175,470,"tags=62%, list=36%, signal=45%",GTF2H4/NUP58/ACTB/VPS37A/H2AC15/NUP50/AP2M1/ACTR2/H2AC17/AHCYL1/HDAC3/ARPC3/LIG1/FKBP1A/NUP35/CHMP5/NDC1/IMPDH2/CDC42/TUBA1C/HGS/TAF7/H2AC20/TUBB4B/H2BC21/TAF2/SEM1/DYNLL1/TAF10/H2BC13/H2BC15/H2BC9/XRCC5/RPL36AL/RPL26L1/ATP6V1H/RPL22/H2BC11/PSMC2/CHD4/ELOC/H2BC6/RPLP1/PPIA/ELOB/POLR2K/NPM1/VPS28/DDX5/GTF2F2/GTF2E2/POLR2H/RPL10/RPL30/RPS17/CPSF4/H2BC4/RPL7/RPS5/RPS7/RPL37/SKP1/PSMA4/RPS28/RPL35/CDK7/RPS27A/RPL36A/RPL24/RPL37A/POLR2G/DYNC1I2/RPS14/RPL7A/BANF1/RPL13A/RPL36/RPS24/RPL5/FAU/RPL6/RPS3/RPL14/RPS16/RPS23/RPL26/RPL23/PSMA6/RPL8/RPL32/RPS20/RPS19/PSMB3/RPS3A/RPL21/RPL17,528
LEE_BMP2_TARGETS_DN,LEE_BMP2_TARGETS_DN,160,-0.113342787,-1.767964613,0.019607843,0.057275927,0.034200986,634,"tags=64%, list=49%, signal=37%",CYC1/KPNA2/TOMM70/PDE12/AK2/RBMXL1/SYNCRIP/USP1/NOA1/VRK1/DHODH/DPH2/TRIP13/TMEM167A/NAMPT/MRM3/MRPS2/TRMT10C/SRM/RNF4/CLSPN/NUP58/C1QBP/SKP2/GEMIN4/NUP50/KTI12/GPS1/FUBP1/TFDP1/TFRC/FPGS/NUP35/NDC1/CYCS/BOP1/FANCA/STRAP/TIMM23/CHCHD4/G3BP1/NCAPD3/DHX29/SSB/TIMM9/TOMM20/CENPI/LSM6/GEMIN6/TAF2/DBF4/PFDN4/CSTF2/CIAPIN1/CKS1B/CUL3/CACTIN/RAD17/TIPIN/TBL3/POP1/PPAT/SGO1/ELOC/NUS1/UTP4/MCM4/RRS1/HAUS6/TARDBP/DUT/GTF2E2/AURKA/SRSF10/COPS8/NMD3/NIFK/EIF2S2/PRELID3B/XPOT/HSPD1/CCT8/MAK16/MARS1/NARS1/LSM8/MTREX/MAD2L1/AARS1/CDK7/IARS1/INTS11/LSM3/RRN3/RPS24/POLR1F/SRSF3/SNU13/SNRPA1/PHF5A/HSPE1,529
DITTMER_PTHLH_TARGETS_DN,DITTMER_PTHLH_TARGETS_DN,15,0.418628472,1.755658499,0.019635344,0.057275927,0.034200986,524,"tags=80%, list=40%, signal=48%",PIK3R1/PTK2/SPTLC2/MYH9/FERMT2/GLS/MAP3K7/FBXO7/PIK3CA/LMNA/MT2A/NDUFB3,530
CHEN_LVAD_SUPPORT_OF_FAILING_HEART_UP,CHEN_LVAD_SUPPORT_OF_FAILING_HEART_UP,13,0.442903038,1.757392211,0.019971469,0.058120301,0.034705184,639,"tags=92%, list=49%, signal=47%",TIPARP/CDKN1A/PIK3R1/SLC38A2/SNAI2/BCL6/JUN/MT2A/MT1E/REV1/VCL/IRS2,531
FISCHER_DREAM_TARGETS,FISCHER_DREAM_TARGETS,174,-0.187201646,-2.978503188,0.02,0.058120301,0.034705184,695,"tags=74%, list=54%, signal=39%",TEDC1/STAG1/SP1/KIF2C/DCAF15/RHEB/ZWINT/DCLRE1B/KPNA2/CHTF18/CIT/AK2/SYNCRIP/NUP62/TOE1/CENPP/USP1/RAD51B/VRK1/DDX11/TRIP13/GTSE1/KIF18B/POLE3/KNTC1/BCLAF1/ASPM/PTBP1/HMGB1/UBE2S/HNRNPF/CDK4/CLSPN/SIN3A/NUP58/ESCO2/SKP2/UBE2D3/KHSRP/RAD9A/H2AC15/KIF14/NUP50/CCNF/UBE2C/CNOT9/KIF20A/NXT1/H2AC17/CDK2/TFDP1/MRPL3/SASS6/NUP35/NDC1/TUBA1C/TRIM37/FANCA/G3BP1/FANCM/H2AC20/BRIP1/NCAPD3/H2AX/MED30/CENPO/NCAPH2/H2AZ1/H2BC21/POC1A/CENPC/CCNB1/CEP55/DBF4/RMI1/FBXO5/HNRNPA1/H2BC13/H2BC9/CKS1B/CUL3/CENPE/AHCTF1/NCAPG2/TIPIN/ANAPC1/PAICS/PPAT/GINS4/SGO1/TRA2B/H2BC6/KNL1/UTP4/MYC/MCM4/KIF4A/HAUS6/RAD21/DUT/PKMYT1/MZT1/AURKA/MIS12/FANCI/SRSF10/TONSL/GARS1/CDCA8/HSPD1/MTBP/MARS1/CENPK/DDX10/H2BC4/MAD2L1/SNRNP25/AARS1/ESPL1/LSM3/AURKB/KIF23/TARS1/POLR1F/SRSF3/SNRPD1/HSPE1,532
PUJANA_CHEK2_PCC_NETWORK,PUJANA_CHEK2_PCC_NETWORK,184,-0.219781462,-3.609489339,0.020408163,0.05919516,0.035347011,609,"tags=70%, list=47%, signal=43%",SMARCA4/KRAS/SYNCRIP/IPO5/NUP62/TOE1/USP1/ATP5PO/ZNHIT3/VRK1/UBAP2L/DPH2/TRIP13/PRDX1/SNRPB2/GTSE1/SSBP1/POU2AF1/POLE3/KNTC1/SREK1IP1/VBP1/WTAP/AATF/UBE2S/HNRNPF/CDK4/HIRA/ATP5MF/GTF2H4/PRKRA/MRPL58/C1QBP/SMG7/UBE2D3/KHSRP/PTMA/C1D/YWHAE/RAD9A/KIF14/CCNF/UBE2C/CNOT9/FUBP1/TFDP1/TFRC/NFYB/MRPL3/LIG1/CYCS/BOP1/IARS2/UTP3/G3BP1/HNRNPC/TYMS/SSB/CENPI/LSM6/H2AZ1/DDX52/EIF5AL1/BTF3/CENPC/CCNB1/PELP1/TAF2/SEM1/DBF4/PFDN4/GTF3A/XRCC5/CKS1B/CENPE/UBE2N/EIF3H/PSMC2/PAICS/SEC61G/TRA2B/ELOC/MYC/MCM4/RRS1/PPIA/PABPC1/TARDBP/RAD21/NPM1/DUT/GTF2E2/AURKA/EEF1B2/FANCI/POLR2H/SRSF10/EIF2S2/NACA/HSPD1/CPSF4/CCT8/MAK16/KARS1/DDX10/POP5/NUTF2/MAD2L1/YBX1/ESPL1/RPS7/LSM7/PSMA4/RPS27A/IARS1/LSM3/DARS1/AURKB/POLR2G/RPL6/ERH/SRSF3/SNRPG/RPA3/SNRPA1/RPL23/PSMA6/HSPE1,533
PID_DELTA_NP63_PATHWAY,PID_DELTA_NP63_PATHWAY,11,0.474329204,1.759169446,0.020588235,0.059494228,0.035525592,601,"tags=91%, list=46%, signal=49%",FASN/FBXW7/ITGA3/GSK3B/TP63/RUNX1/YAP1/ADRM1/MRE11/MDM2,534
WP_THE_INFLUENCE_OF_LAMINOPATHIES_ON_WNT_SIGNALING,WP_THE_INFLUENCE_OF_LAMINOPATHIES_ON_WNT_SIGNALING,11,0.473636335,1.756599767,0.020588235,0.059494228,0.035525592,587,"tags=91%, list=45%, signal=50%",GSK3B/TCF7L2/SREBF1/ICMT/APC/CTNNB1/LMNA/CCND1/CDK6/DICER1,535
NIKOLSKY_BREAST_CANCER_8Q12_Q22_AMPLICON,NIKOLSKY_BREAST_CANCER_8Q12_Q22_AMPLICON,15,-0.366629877,-1.797156693,0.020761246,0.059659639,0.035624364,220,"tags=60%, list=17%, signal=50%",VIRMA/POP1/ELOC/PABPC1/POLR2K/INTS8/RPL30/RPL7,536
REACTOME_DNA_DOUBLE_STRAND_BREAK_RESPONSE,REACTOME_DNA_DOUBLE_STRAND_BREAK_RESPONSE,15,-0.357268394,-1.751268311,0.020761246,0.059659639,0.035624364,333,"tags=67%, list=26%, signal=50%",H2BC21/H2BC13/H2BC15/H2BC9/UBE2N/H2BC11/H2BC6/H2BC4/RPS27A,537
REACTOME_RECRUITMENT_OF_NUMA_TO_MITOTIC_CENTROSOMES,REACTOME_RECRUITMENT_OF_NUMA_TO_MITOTIC_CENTROSOMES,15,-0.357432338,-1.752071936,0.020761246,0.059659639,0.035624364,439,"tags=73%, list=34%, signal=49%",NUMA1/TUBA1C/TUBB4B/TUBGCP5/DYNLL1/TUBGCP2/ACTR1A/HAUS6/MZT1/DYNC1I2,538
REACTOME_METABOLISM_OF_RNA,REACTOME_METABOLISM_OF_RNA,165,-0.459195738,-7.165237267,0.020833333,0.05975572,0.035681737,540,"tags=85%, list=42%, signal=57%",RPL28/MRM3/ZFP36L1/TRMT10C/WTAP/PTBP1/CASC3/HNRNPF/GTF2H4/NUP58/SRSF6/SMG7/EIF4B/ADAR/KHSRP/C1D/GEMIN4/NUP50/CNOT9/UTP11/NXT1/SYF2/TGS1/NUP35/NDC1/BOP1/UTP3/SRRM2/HNRNPC/CCAR1/RTCB/LSM6/DDX52/PHAX/DDX42/PELP1/ZRSR2/GEMIN6/SEM1/PPIL1/HNRNPA1/CSTF2/RPL36AL/RPP21/CPSF1/GEMIN7/RPL26L1/SNUPN/RTRAF/DHX37/EXOSC4/TRNT1/RPL22/TBL3/POP1/NXF1/PSMC2/THOC3/TRA2B/DHX16/RPLP1/UTP4/BUD23/PABPC1/POLR2K/PCBP2/DDX5/GTF2F2/EXOSC6/TFIP11/POLR2H/SRSF10/IMP3/RPL10/THOC2/XPOT/RPL30/RPS17/EPRS1/CPSF4/TRMT112/LSM8/MTREX/RPL7/POP5/RBM22/RPS5/SNRNP25/PCBP1/YBX1/RPS7/LSM7/RPL37/PSMA4/RPS28/RPL35/CDK7/RPS27A/LSM3/RPL36A/THG1L/RPL24/RPL37A/POLR2G/SF3A3/RPS14/RPL7A/RPL13A/RPL36/RPS24/SF3B5/RPL5/SF3B4/FAU/RPL6/RPS3/RPL14/SRSF3/RPS16/RPS23/PUF60/SNRPG/RPL26/SNU13/SNRPA1/RPL23/PSMA6/RPL8/SF3B6/LSM2/PHF5A/RPL32/RPS20/RPS19/PRPF38A/SNRPD1/PSMB3/RPS3A/RPL21/RPL17,539
LINDGREN_BLADDER_CANCER_CLUSTER_2B,LINDGREN_BLADDER_CANCER_CLUSTER_2B,16,0.404437658,1.736723448,0.020979021,0.06006216,0.03586472,515,"tags=75%, list=40%, signal=46%",TGFBR1/UBE2J2/PTK2/SOCS3/SREBF1/JUN/CDC25B/TTC7A/MT2A/MT1E/PRKAR1A/BRPF1,540
REACTOME_S_PHASE,REACTOME_S_PHASE,38,-0.224045495,-1.736910798,0.021052632,0.060129613,0.035904998,488,"tags=66%, list=38%, signal=42%",CDK4/ESCO2/SKP2/UBE2C/CDK2/TFDP1/LIG1/SEM1/CKS1B/ANAPC1/PSMC2/GINS4/ANAPC2/MYC/MCM4/RAD21/SKP1/PSMA4/CDK7/RPS27A/RPA3/PSMA6/CDC27/PSMB3,541
FULCHER_INFLAMMATORY_RESPONSE_LECTIN_VS_LPS_DN,FULCHER_INFLAMMATORY_RESPONSE_LECTIN_VS_LPS_DN,23,0.342594901,1.73078571,0.021080369,0.060129613,0.035904998,819,"tags=96%, list=63%, signal=36%",TIPARP/STXBP3/ATP2B1/ELMO2/SPTLC2/SOCS3/BCL6/ZEB2/KLF5/CCNL1/FCHO2/PCM1/USP18/WASHC2C/ZFP36L2/SEPHS2/AK2/NUP62/CDK13/NAMPT/WTAP/HIRA,542
REACTOME_CELLULAR_RESPONSES_TO_EXTERNAL_STIMULI,REACTOME_CELLULAR_RESPONSES_TO_EXTERNAL_STIMULI,170,-0.148770804,-2.363630568,0.021276596,0.060577564,0.036172481,746,"tags=75%, list=57%, signal=37%",POT1/MRE11/EED/COX11/SUZ12/COX6A1/COX5A/MDM2/PSMF1/SP1/CSNK2A1/NDUFA4/MDM4/RHEB/CDC26/TBL1XR1/TUBB3/ATP6V0E1/COX7B/COX6C/RELA/NUP62/GCN1/COX7C/PRDX1/VHL/LAMTOR4/RPL28/RBBP7/EIF2AK4/UBE2S/CDK4/HIRA/HMGA1/SIN3A/NUP58/SKP2/UBE2D3/YWHAE/MLST8/NUP50/UBE2C/TGS1/CDK2/TFDP1/HDAC3/DNAJA1/NUP35/CAPZB/NDC1/CYCS/TUBA1C/H2AC20/TUBB4B/H2AX/TERF2/H2AZ1/H2BC21/SEM1/DYNLL1/DCTN6/LAMTOR3/H2BC13/EP400/H2BC15/H2BC9/RPL36AL/CUL3/RPL26L1/ATP6V1F/ATP6V1H/ATP6V1C1/RPL22/H2BC11/ANAPC1/PSMC2/ACTR1A/ANAPC2/ELOC/H2BC6/H3-3A/RPLP1/ELOB/RPL10/EIF2S2/RPL30/RPS17/H2BC4/RPL7/ATP6V1B2/RPS5/RPS7/RPL37/SKP1/PSMA4/RPS28/RPL35/RPS27A/RPL36A/RPL24/RPL37A/DYNC1I2/RPS14/RPL7A/RPL13A/RPL36/RPS24/RPL5/FAU/RPL6/RPS3/RPL14/RPS16/RPS23/RPL26/RPA3/RPL23/PSMA6/RPL8/RPL32/RPS20/RPS19/CDC27/PSMB3/RPS3A/RPL21/RPL17,543
GRYDER_PAX3FOXO1_ENHANCERS_KO_DOWN,GRYDER_PAX3FOXO1_ENHANCERS_KO_DOWN,52,0.252156223,1.780573184,0.021634615,0.061483668,0.03671354,850,"tags=87%, list=65%, signal=31%",GOLGA7/MAP4K4/TMEM165/NFE2L2/UGCG/SHC1/LMNB1/MYCN/RUNX1/SOCS3/SMARCA2/CAP1/MYH9/PKN2/CCNC/FOXK1/ACSL3/CAND1/FBXO7/EXT2/PPCDC/DLG5/RRAGA/CCND2/ZW10/MIOS/PRKAR1A/CAPRIN1/ARID1A/COX11/ZNF217/DICER1/RHOQ/USP1/VRK1/POLE3/GLRX5/VDAC1/ACTG1/PPP4R2/FANCF/ZC3H13/SRSF6/ACTB/SKP2,544
REACTOME_METABOLISM_OF_NUCLEOTIDES,REACTOME_METABOLISM_OF_NUCLEOTIDES,10,-0.428088274,-1.727414492,0.02173913,0.061667331,0.036823211,599,"tags=90%, list=46%, signal=49%",DHODH/ADSS2/IMPDH2/TYMS/AK6/PAICS/PPAT/DUT,545
RICKMAN_TUMOR_DIFFERENTIATED_WELL_VS_POORLY_DN,RICKMAN_TUMOR_DIFFERENTIATED_WELL_VS_POORLY_DN,26,0.326958161,1.746539152,0.022049287,0.062432596,0.03728017,627,"tags=77%, list=48%, signal=41%",CDKN1A/TP63/MAPK1/MTF1/SLC2A1/KCTD10/PXN/PDCD6IP/UBE2A/SLC7A5/ELOF1/IPPK/NPEPPS/KCTD5/GOLT1B/RAB10/SPTLC1/UBAP1/MTRF1L/RIC1,546
REACTOME_DUAL_INCISION_IN_TC_NER,REACTOME_DUAL_INCISION_IN_TC_NER,12,-0.385692068,-1.75695576,0.022222222,0.062578425,0.037367249,803,"tags=58%, list=62%, signal=22%",POLR2H/ZNF830/CDK7/RPS27A/POLR2G/RPA3,547
REACTOME_HDACS_DEACETYLATE_HISTONES,REACTOME_HDACS_DEACETYLATE_HISTONES,17,-0.342327066,-1.769274946,0.022222222,0.062578425,0.037367249,680,"tags=71%, list=52%, signal=34%",H2AC17/HDAC3/H2AC20/H2BC21/H2BC13/H2BC15/H2BC9/H2BC11/CHD4/H2BC6/H2BC4,548
SCHLOSSER_MYC_TARGETS_REPRESSED_BY_SERUM,SCHLOSSER_MYC_TARGETS_REPRESSED_BY_SERUM,49,-0.185380613,-1.637205512,0.022222222,0.062578425,0.037367249,750,"tags=80%, list=58%, signal=35%",SLC3A2/COX11/HK2/IDH3A/USP10/KPNA2/TOMM70/ATP5F1C/IPO5/ISCA1/SSBP1/POLE3/HIRA/NUP58/ADSS2/MRPL3/CYCS/IARS2/SSB/TOMM20/SERBP1/BTF3/HNRNPA1/PFDN4/UBE2N/GARS1/XPOT/EPRS1/HSPD1/CCT8/DDX10/MAD2L1/SARS1/IARS1/DARS1/YARS1/TARS1/HSPE1,549
BERENJENO_TRANSFORMED_BY_RHOA_DN,BERENJENO_TRANSFORMED_BY_RHOA_DN,25,0.326629263,1.708186621,0.022368421,0.062875598,0.037544699,165,"tags=40%, list=13%, signal=36%",PTEN/PIK3R1/SHC1/FGFR1/SLC38A2/SNAI2/RRAGC/STX4/SMARCA2/MNT,550
LEE_EARLY_T_LYMPHOCYTE_UP,LEE_EARLY_T_LYMPHOCYTE_UP,18,-0.328734544,-1.752384863,0.022727273,0.063768355,0.038077788,548,"tags=78%, list=42%, signal=46%",KIF18B/ASPM/KIF14/UBE2C/KIF20A/TUBB4B/TYMS/CCNB1/CEP55/KNL1/MCM4/AURKA/FANCI,551
SESTO_RESPONSE_TO_UV_C8,SESTO_RESPONSE_TO_UV_C8,12,0.446449467,1.710619134,0.023289665,0.065227939,0.038949345,467,"tags=75%, list=36%, signal=48%",FASN/ITGA3/FDFT1/CTNNA1/SLC2A1/SLC7A5/ITPK1/CCND2/MT2A,552
KYNG_DNA_DAMAGE_BY_GAMMA_AND_UV_RADIATION,KYNG_DNA_DAMAGE_BY_GAMMA_AND_UV_RADIATION,10,0.475834062,1.717200299,0.023529412,0.06554319,0.03913759,461,"tags=80%, list=36%, signal=52%",MEF2C/CCNC/CREBBP/SIAH1/RAB6A/MORF4L1/CCND1/NDUFB6,553
REACTOME_RUNX1_INTERACTS_WITH_CO_FACTORS_WHOSE_PRECISE_EFFECT_ON_RUNX1_TARGETS_IS_NOT_KNOWN,REACTOME_RUNX1_INTERACTS_WITH_CO_FACTORS_WHOSE_PRECISE_EFFECT_ON_RUNX1_TARGETS_IS_NOT_KNOWN,11,0.466977467,1.731903675,0.023529412,0.06554319,0.03913759,697,"tags=100%, list=54%, signal=47%",SMARCD1/RUNX1/SMARCA2/ARID2/EP300/ARID1A/SMARCE1/PBRM1/CSNK2A1/CBFB/SMARCA4,554
WP_PI3KAKTMTOR_SIGNALING_PATHWAY_AND_THERAPEUTIC_OPPORTUNITIES,WP_PI3KAKTMTOR_SIGNALING_PATHWAY_AND_THERAPEUTIC_OPPORTUNITIES,11,0.466200466,1.729021972,0.023529412,0.06554319,0.03913759,698,"tags=100%, list=54%, signal=47%",PTEN/PIK3R1/GSK3B/TSC2/RICTOR/NRAS/PIK3CB/PIK3CA/RB1CC1/RHEB/KRAS,555
REACTOME_E3_UBIQUITIN_LIGASES_UBIQUITINATE_TARGET_PROTEINS,REACTOME_E3_UBIQUITIN_LIGASES_UBIQUITINATE_TARGET_PROTEINS,14,-0.380072013,-1.806044145,0.024137931,0.067117341,0.040077557,266,"tags=64%, list=20%, signal=52%",H2BC15/H2BC9/UBE2N/H2BC11/UBE2L3/H2BC6/H2BC4/RPS27A,556
PILON_KLF1_TARGETS_UP,PILON_KLF1_TARGETS_UP,45,0.264348868,1.77212591,0.0243309,0.067532445,0.040325427,662,"tags=73%, list=51%, signal=37%",ACSL4/PICALM/BCAR1/COP1/PTAR1/CDH2/MED13/FERMT2/CCNC/MIB1/TEAD1/KMT2A/CHD8/PITRM1/RAB6A/HECTD1/MBNL1/EMSY/GIGYF2/MIOS/XPR1/PMM2/ARHGAP29/IGF1R/TIAL1/PPP6R3/MDM2/LUC7L2/RIC1/TADA2B/RBM5/IRS2/FECH,557
IRITANI_MAD1_TARGETS_DN,IRITANI_MAD1_TARGETS_DN,10,-0.408161619,-1.647006797,0.02484472,0.068711875,0.041029696,605,"tags=90%, list=47%, signal=48%",IPO5/SRM/C1QBP/RPL22/EEF1G/NPM1/DUT/RPL5,558
YU_MYC_TARGETS_UP,YU_MYC_TARGETS_UP,10,-0.407204952,-1.64314647,0.02484472,0.068711875,0.041029696,629,"tags=90%, list=48%, signal=47%",ASPM/UBE2S/KIF20A/TFDP1/STRAP/CCNB1/CKS1B/AURKA,559
KEGG_HUNTINGTONS_DISEASE,KEGG_HUNTINGTONS_DISEASE,57,0.242253864,1.755283734,0.024970273,0.068894831,0.041138944,712,"tags=75%, list=55%, signal=36%",TP53/NDUFC1/CREBBP/NDUFA3/NDUFA10/HDAC1/NDUFV2/NDUFA2/NDUFS8/NDUFS3/NDUFC2/NDUFB8/NDUFA8/UQCRB/UQCR10/NDUFS2/NDUFB7/NDUFB2/NDUFB6/COX4I1/NDUFA1/TAF4/NDUFS7/NDUFB3/NDUFA6/NDUFS1/NDUFB10/EP300/NDUFS5/SDHD/COX6A1/COX5A/NDUFA9/UQCRC2/RCOR1/SP1/NDUFA4/CYC1/NDUFB9/COX7B/COX6C/ATP5F1C/ATP5PO,560
KEGG_ADIPOCYTOKINE_SIGNALING_PATHWAY,KEGG_ADIPOCYTOKINE_SIGNALING_PATHWAY,10,0.469720497,1.695137533,0.025,0.068894831,0.041138944,693,"tags=100%, list=53%, signal=47%",ACSL4/SOCS3/SLC2A1/STK11/ACSL3/PTPN11/IKBKG/TRAF2/IRS2/RELA,561
REACTOME_SELECTIVE_AUTOPHAGY,REACTOME_SELECTIVE_AUTOPHAGY,12,-0.377380634,-1.719094409,0.025396825,0.069863865,0.04171758,678,"tags=92%, list=52%, signal=44%",TUBB3/TOMM70/VDAC1/TUBA1C/TUBB4B/TOMM20/DYNLL1/UBE2N/RPS27A/DYNC1I2,562
ENK_UV_RESPONSE_EPIDERMIS_DN,ENK_UV_RESPONSE_EPIDERMIS_DN,49,0.254501259,1.757126089,0.025547445,0.070153375,0.041890454,660,"tags=71%, list=51%, signal=36%",GNA13/GATA3/ATP2B1/SMAD7/UGCG/UAP1/TSC2/SNAI2/VPS45/PPP2R2A/FOSL1/ITGAV/KMT2A/PIK3CB/SINHCAF/YAP1/SUCO/APC/VPS41/EXT1/EGLN1/SLC20A1/LCE2B/SLC7A5/CCND1/THAP12/TXNRD1/ARHGAP29/ARID1A/UBAP1/ZNF217/HK2/IRS2/MBTPS1/ZFP36L2,563
KEGG_APOPTOSIS,KEGG_APOPTOSIS,13,0.430860342,1.709608075,0.025677603,0.070385771,0.042029224,564,"tags=85%, list=43%, signal=48%",PIK3R1/TP53/FADD/PIK3CB/CHP1/PIK3CA/IKBKG/PRKAR1A/BIRC2/TRAF2/CFLAR,564
ZHU_CMV_ALL_DN,ZHU_CMV_ALL_DN,17,0.379783297,1.681075535,0.025920873,0.070815338,0.04228573,419,"tags=65%, list=32%, signal=44%",AHR/TFAP2A/TP53BP1/TCF7L2/RUNX1/MYH9/TFAP4/MAPK14/CDC25B/LMNA/CCND1,565
ZHOU_CELL_CYCLE_GENES_IN_IR_RESPONSE_6HR,ZHOU_CELL_CYCLE_GENES_IN_IR_RESPONSE_6HR,17,-0.338531163,-1.749656293,0.025925926,0.070815338,0.04228573,589,"tags=82%, list=45%, signal=46%",TRIP13/KNTC1/KIF20A/CDK2/H2AX/NCAPH2/POC1A/CEP55/FBXO5/PAICS/CDCA8/CENPK/MAD2L1,566
REACTOME_SIGNALING_BY_ERYTHROPOIETIN,REACTOME_SIGNALING_BY_ERYTHROPOIETIN,10,0.465838509,1.681128132,0.026470588,0.072087195,0.043045189,698,"tags=100%, list=54%, signal=47%",GAB1/PIK3R1/SHC1/NRAS/SOS1/PIK3CB/PIK3CA/CRKL/IRS2/KRAS,567
MORI_LARGE_PRE_BII_LYMPHOCYTE_UP,MORI_LARGE_PRE_BII_LYMPHOCYTE_UP,18,-0.319010931,-1.700551209,0.026515152,0.072087195,0.043045189,629,"tags=83%, list=48%, signal=44%",SMARCA4/HMGB1/UBE2S/HMGA1/LIG1/TUBB4B/H2AX/H2AZ1/CCNB1/CKS1B/CENPE/RAD21/AURKA/KIF23,568
BHATI_G2M_ARREST_BY_2METHOXYESTRADIOL_DN,BHATI_G2M_ARREST_BY_2METHOXYESTRADIOL_DN,13,-0.378432901,-1.760222301,0.026578073,0.072087195,0.043045189,200,"tags=62%, list=15%, signal=53%",GARS1/RPS17/EPRS1/AARS1/SARS1/RPL36A/RPL26,569
IVANOVA_HEMATOPOIESIS_INTERMEDIATE_PROGENITOR,IVANOVA_HEMATOPOIESIS_INTERMEDIATE_PROGENITOR,13,-0.380706906,-1.770799489,0.026578073,0.072087195,0.043045189,346,"tags=69%, list=27%, signal=51%",G3BP1/FANCM/DDX52/GTF3A/SNUPN/DHX37/EEF1B2/QARS1,570
LIM_MAMMARY_STEM_CELL_DN,LIM_MAMMARY_STEM_CELL_DN,19,0.364739132,1.695754586,0.026737968,0.072393868,0.043228312,277,"tags=53%, list=21%, signal=42%",KRT18/GATA3/CDH1/TFAP2A/SLC35A1/ERBB2/FADD/GET1/ERBB3/FOXA1,571
KINSEY_TARGETS_OF_EWSR1_FLII_FUSION_UP,KINSEY_TARGETS_OF_EWSR1_FLII_FUSION_UP,193,-0.142660186,-2.249009304,0.027027027,0.072936257,0.043552187,713,"tags=71%, list=55%, signal=38%",HK2/GABPB1/IDH3A/PBRM1/UQCRC2/STAG1/UBE2G2/USP10/RCOR1/CSNK2A1/KIF2C/ARF1/RHEB/ZWINT/GLRX3/DCLRE1B/KPNA2/AK2/NUP62/USP1/GRSF1/GFPT1/CDK13/MRM2/TRIP13/YME1L1/GTSE1/NFYC/GFM2/KIF18B/POLE3/KNTC1/MEMO1/SDHC/FDX1/UBE4B/ASPM/AATF/PTBP1/HMGB1/UBE2S/HNRNPF/RPE/MRPL15/NUP58/C1QBP/ACTB/SKP2/YWHAE/GEMIN4/KIF14/NUP50/CCNF/CNOT9/ACTR2/ADSS2/TIMM29/FUBP1/CDK2/TFDP1/PPA2/NFYB/LIG1/NUP35/NDC1/UBR5/CYCS/FNTA/BOP1/FANCA/G3BP1/BRIP1/HNRNPC/TYMS/DPH3/CENPO/SERBP1/POC1A/CCNB1/TAF2/CEP55/DBF4/RMI1/FBXO5/CIAPIN1/XRCC5/CUL3/NCAPG2/UBE2N/ZPR1/TIPIN/POP1/SNAPC5/PAICS/PPAT/GINS4/TRA2B/ELOC/EIF5A/KNL1/UTP4/MCM4/RRS1/KIF4A/THAP1/HAUS6/POLR2K/NPM1/PKMYT1/MZT1/GTF2F2/AURKA/MIS12/FANCI/SRSF10/NIFK/CDCA8/EIF2S2/HSPD1/BRF2/LARS1/MAD2L1/PCBP1/YBX1/AARS1/ESPL1/COPS5/DARS1/AURKB/EIF1AX/KIF23/SRSF3/SNRPA1/PHF5A/SNRPD1/SRP54,572
BROWNE_HCMV_INFECTION_24HR_UP,BROWNE_HCMV_INFECTION_24HR_UP,13,0.426546714,1.692492056,0.027104137,0.072936257,0.043552187,425,"tags=69%, list=33%, signal=47%",PAK2/KEAP1/PPM1G/FOXA1/APEX2/CHKA/E2F3/TAF5L/LRP8,573
WALLACE_PROSTATE_CANCER_RACE_UP,WALLACE_PROSTATE_CANCER_RACE_UP,13,0.423434578,1.680143431,0.027104137,0.072936257,0.043552187,492,"tags=77%, list=38%, signal=48%",PDHA1/CDH2/FLI1/SOS1/MYB/CTNNB1/RASA4/SLC7A5/CCND1/CCL4,574
RUTELLA_RESPONSE_TO_CSF2RB_AND_IL4_UP,RUTELLA_RESPONSE_TO_CSF2RB_AND_IL4_UP,37,0.281005196,1.724080115,0.027127004,0.072936257,0.043552187,737,"tags=81%, list=57%, signal=36%",MAP4K4/CDKN1A/IRF4/TCF3/ATP1B3/LMNB1/RUNX1/UFSP2/GLS/NDE1/MTX2/EMC2/SQLE/ACSL3/LDLR/PDCD6IP/PDE4DIP/CCND1/CDS2/NDUFS2/CFLAR/SLC3A2/EED/SUZ12/ELOA/ATP6V0E1/GRSF1/GFPT1/UBAP2L/PRDX1,575
DAVICIONI_MOLECULAR_ARMS_VS_ERMS_UP,DAVICIONI_MOLECULAR_ARMS_VS_ERMS_UP,24,0.330233776,1.708662988,0.027237354,0.073105815,0.043653435,445,"tags=62%, list=34%, signal=42%",GGNBP2/TFAP2A/NF1/MYCN/SLC30A9/ANKRD17/HCCS/MYB/PITRM1/RBM8A/DET1/RRAGA/WASHC3/CDS2/NPEPPS,576
SCHLOSSER_SERUM_RESPONSE_UP,SCHLOSSER_SERUM_RESPONSE_UP,17,0.378287718,1.674455492,0.02728513,0.073107124,0.043654216,340,"tags=59%, list=26%, signal=44%",MAP4K4/GAB1/PTPN1/ZBTB7A/FGFR1/CSK/MAP3K7/CHD8/BRD2/PI4KB,577
WAKABAYASHI_ADIPOGENESIS_PPARG_BOUND_8D,WAKABAYASHI_ADIPOGENESIS_PPARG_BOUND_8D,73,0.216112467,1.706789907,0.027809965,0.074246014,0.044334278,722,"tags=71%, list=56%, signal=33%",GNA13/ROCK2/PICALM/NFE2L2/ARHGEF7/GSK3B/IRF4/ELMO2/WWTR1/MARK2/KEAP1/SOS1/ANKRD17/STK11/MIB1/EZH2/DYRK1A/PPME1/BRD2/BIRC6/NDUFA2/CERS2/NDUFB2/TTC7A/ACACA/EMC4/CHD1/EDF1/PRKAR1A/CAPRIN1/TXNRD1/METTL17/USP14/MTERF4/NDUFB10/ACLY/SLC3A2/UBAP1/DICER1/FBXW11/OXSM/PSMF1/UBIAD1/ATP5ME/ZFP36L2/PHF12/RAD51D/MED11/NELFCD/AK2/RAD51B/MRPL41,578
GAVIN_FOXP3_TARGETS_CLUSTER_T7,GAVIN_FOXP3_TARGETS_CLUSTER_T7,16,-0.340773451,-1.715038756,0.027874564,0.074246014,0.044334278,389,"tags=69%, list=30%, signal=49%",TIMM13/LIG1/STRAP/RTCB/EIF3H/IK/RPL10/QARS1/RPS7/RPL32,579
LY_AGING_OLD_DN,LY_AGING_OLD_DN,16,-0.340187693,-1.712090763,0.027874564,0.074246014,0.044334278,486,"tags=75%, list=37%, signal=48%",KIF14/CCNF/UBE2C/H2AX/TYMS/H2AZ1/CCNB1/CKS1B/PSMC2/PKMYT1/KIF23,580
PLASARI_TGFB1_SIGNALING_VIA_NFIC_1HR_DN,PLASARI_TGFB1_SIGNALING_VIA_NFIC_1HR_DN,10,0.464748211,1.677193438,0.027941176,0.074246014,0.044334278,380,"tags=70%, list=29%, signal=50%",PIK3R1/RICTOR/CAP1/SOX2/CREBBP/FOXA1/ANKRD11,581
REACTOME_RNA_POLYMERASE_II_TRANSCRIPTION_TERMINATION,REACTOME_RNA_POLYMERASE_II_TRANSCRIPTION_TERMINATION,11,-0.399053889,-1.723625481,0.027950311,0.074246014,0.044334278,490,"tags=82%, list=38%, signal=51%",SRSF6/CSTF2/CPSF1/THOC3/THOC2/CPSF4/SRSF3/SNRPG,582
PID_AP1_PATHWAY,PID_AP1_PATHWAY,15,0.40501106,1.69854933,0.028050491,0.074384321,0.044416865,653,"tags=87%, list=50%, signal=44%",PTEN/TP53/TCF7L2/FOSL1/JUN/MYB/JUNB/CTNNB1/CCND1/MT2A/EP300/SP1/CBFB,583
ACEVEDO_LIVER_TUMOR_VS_NORMAL_ADJACENT_TISSUE_UP,ACEVEDO_LIVER_TUMOR_VS_NORMAL_ADJACENT_TISSUE_UP,133,-0.13532847,-1.883794109,0.028169014,0.074443241,0.044452047,534,"tags=59%, list=41%, signal=38%",SDHC/UFM1/UBE4B/TFB2M/VBP1/ASPM/UBE2S/GTF2H4/MRPL58/C1QBP/MRPL36/MRPS21/AARS2/TIMM29/TFDP1/TFRC/CHMP5/IARS2/TUBA1C/PFN1/H2AC20/TUBB4B/H2AX/DHX29/FARS2/TYMS/DPH3/TERF2/H2AZ1/H2BC21/BTF3/GEMIN6/DYNLL1/PPP1CA/RMI1/CSTF2/CKS1B/RPL36AL/RPP21/HYOU1/SPCS2/RPL26L1/RTRAF/UBE2N/EFL1/IK/PPAT/SEC61G/ELOC/DHX16/MCM4/RRS1/CCDC51/EIF3F/VPS28/AURKA/TFIP11/POLR2H/XPOT/RPL30/RPS17/EPRS1/CCT8/TRMT112/MARS1/LARS1/NEDD8/RPS5/RPS7/RPS27A/LSM3/SF3B4/SRSF3/RPL26/RPA3/SNU13/SF3B6,584
REACTOME_RHO_GTPASE_EFFECTORS,REACTOME_RHO_GTPASE_EFFECTORS,65,-0.165914974,-1.68031088,0.028169014,0.074443241,0.044452047,672,"tags=72%, list=52%, signal=37%",NCKAP1/ZWINT/MEN1/RHOQ/TUBB3/CIT/CFL1/CENPP/KNTC1/ACTG1/ACTB/YWHAE/KIF14/ACTR2/ARPC3/CDC42/TUBA1C/PPP1R12A/PFN1/H2AC20/TUBB4B/H2AX/CENPI/CENPO/H2AZ1/H2BC21/CENPC/PPP1CB/DYNLL1/H2BC13/H2BC15/H2BC9/CENPE/AHCTF1/H2BC11/SGO1/H2BC6/KNL1/H3-3A/MIS12/CDCA8/CENPK/H2BC4/MAD2L1/AURKB/DYNC1I2,585
WP_DNA_REPAIR_PATHWAYS_FULL_NETWORK,WP_DNA_REPAIR_PATHWAYS_FULL_NETWORK,22,-0.280670378,-1.658112814,0.02892562,0.076312301,0.045568113,803,"tags=77%, list=62%, signal=30%",USP1/WDR48/POLE3/HMGB1/FANCF/GTF2H4/LIG1/FANCA/FANCM/BRIP1/H2AX/TERF2/XRCC5/FANCI/CDK7/RPA3,586
PID_ERBB1_INTERNALIZATION_PATHWAY,PID_ERBB1_INTERNALIZATION_PATHWAY,16,0.39168914,1.68197916,0.029370629,0.07719964,0.046097967,275,"tags=56%, list=21%, signal=45%",PIK3R1/ARHGEF7/SHC1/PTK2/NRAS/SOS1/EGFR/RAF1/PIK3CB,587
DODD_NASOPHARYNGEAL_CARCINOMA_DN,DODD_NASOPHARYNGEAL_CARCINOMA_DN,222,-0.166493929,-2.904241175,0.029411765,0.07719964,0.046097967,631,"tags=67%, list=49%, signal=42%",NDUFB9/KPNA2/HSP90B1/TOMM70/SMARCA4/AK2/IPO5/NUP62/GRSF1/UBAP2L/DDX11/MRM2/UBA5/SSBP1/MARS2/TMEM167A/KIF18B/KNTC1/MEMO1/ICE2/TFB2M/EIF2AK4/ENY2/ASPM/AATF/RNF4/CDK4/CIAO2A/STAMBP/RPE/NUP58/ESCO2/C1QBP/SKP2/ADAR/KHSRP/KIF14/CCNF/UBE2C/CNOT9/KIF20A/INTS12/TPI1/NXT1/TGS1/FUBP1/TFRC/NFYB/MRPL3/SASS6/FKBP1A/NUP35/MBTPS2/NDC1/CYCS/FNTA/STRAP/CHCHD4/G3BP1/FANCM/BRIP1/NCAPD3/HNRNPC/CCAR1/TYMS/CENPI/CENPO/LSM6/H2AZ1/DDX52/CCNB1/CEP55/ELP3/DBF4/FBXO5/EIF4E2/HNRNPA1/PFDN4/TRPM7/XRCC5/CKS1B/CENPE/AHCTF1/INTS13/NCAPG2/RPL22/TIPIN/ANAPC1/POP1/PAICS/UBE2L3/PPAT/SGO1/TRA2B/ELOC/KNL1/MYC/MCM4/KIF4A/PPIA/HAUS6/RAD21/NPM1/DUT/GTF2F2/AURKA/FANCI/POLR2H/SRSF10/NMD3/INTS8/NIFK/GARS1/EIF2S2/XPOT/RPL30/EPRS1/HSPD1/CPSF4/CCT8/MARS1/CENPK/LSM8/LARS1/ATP6V1B2/MAD2L1/YBX1/PSMA4/IARS1/RRN3/DARS1/RPL37A/SF3A3/YARS1/EIF1AX/RPS24/KIF23/SF3B4/RPL6/TARS1/SRSF3/SNRPG/PHF5A/RPS19/CDC27/SNRPD1/PSMB3/HSPE1,588
EPPERT_HSC_R,EPPERT_HSC_R,10,0.462547901,1.669252913,0.029411765,0.07719964,0.046097967,379,"tags=70%, list=29%, signal=50%",ZEB1/PTK2/SMARCA2/EPC1/JUN/KMT2A/KDM2A,589
MCBRYAN_PUBERTAL_BREAST_5_6WK_DN,MCBRYAN_PUBERTAL_BREAST_5_6WK_DN,20,0.352268233,1.668801359,0.02972973,0.077875393,0.046501477,697,"tags=85%, list=54%, signal=40%",TAOK1/PTEN/SOX9/MEF2C/RUNX1/KEAP1/ZEB2/MAPK14/EGLN1/CCND2/ACACA/ACLY/PPP6R3/CSNK2A1/RBM5/MBTPS1/SMARCA4,590
WP_THERMOGENESIS,WP_THERMOGENESIS,18,0.365828088,1.655244379,0.029769959,0.077875393,0.046501477,294,"tags=56%, list=23%, signal=44%",ACSL4/TSC2/TSC1/FGFR1/SMARCD1/SMARCA2/NRAS/SOS1/ACSL3/MAPK14,591
NIKOLSKY_BREAST_CANCER_8Q23_Q24_AMPLICON,NIKOLSKY_BREAST_CANCER_8Q23_Q24_AMPLICON,24,-0.263633214,-1.631082873,0.03030303,0.079002504,0.047174505,631,"tags=79%, list=49%, signal=41%",NDUFB9/MRPL13/NSMCE2/ENY2/BOP1/MED30/TAF2/UTP23/CPSF1/EXOSC4/EIF3H/MYC/RAD21/VPS28/TONSL/MTBP/PUF60/RPL8,592
PUJANA_ATM_PCC_NETWORK,PUJANA_ATM_PCC_NETWORK,216,-0.123882655,-2.109726291,0.03030303,0.079002504,0.047174505,597,"tags=62%, list=46%, signal=40%",NUP62/TOE1/USP1/ZNHIT3/VRK1/CDK13/UBAP2L/DPH2/YME1L1/SNRPB2/GTSE1/SSBP1/POU2AF1/VHL/POLE3/KNTC1/RBBP7/SREK1IP1/ATP5PB/WTAP/AATF/POLR3D/SETD1A/UBE2S/HNRNPF/HIRA/GTF2H4/SRSF6/C1QBP/SMG7/EIF4B/MVK/ADAR/UBE2D3/PTMA/INTS1/RAD9A/NUP50/CCNF/UBE2C/CNOT9/INTS10/PKM/ACTR2/H2AC17/FUBP1/TFDP1/NFYB/MRPL3/ARPC3/TBCC/ATP5F1A/UTP3/G3BP1/HNRNPC/SSB/CENPI/ICE1/SERBP1/LSM6/H2AZ1/DDX52/EIF5AL1/BTF3/CENPC/PELP1/TAF2/HNRNPA1/EP400/GTF3A/CIAPIN1/RPL36AL/RPL22/EIF3H/PAICS/IK/TRA2B/DHX16/MYC/MCM4/RRS1/EIF3F/PPIA/PABPC1/RAD21/NPM1/DUT/DDX5/GTF2F2/AURKA/EEF1B2/FANCI/SRSF10/THOC2/NACA/RPL30/CPSF4/CCT8/MAK16/DDX10/EIF3E/RPL7/POP5/NUTF2/MAD2L1/PCBP1/YBX1/ESPL1/RPS7/RPL37/PSMA4/RPS27A/RPL36A/DARS1/AURKB/RPL13A/RPS24/RPL5/SF3B4/RPL6/RPL14/ERH/SRSF3/RPS23/RPA3/SNRPA1/RPL23/RPS20/RPS19/RPS3A/RPL21/RPL17,593
KIM_WT1_TARGETS_12HR_UP,KIM_WT1_TARGETS_12HR_UP,12,0.436938104,1.674175324,0.030567686,0.07955832,0.047506398,336,"tags=67%, list=26%, signal=50%",SOX9/FGFR1/SNAI2/MYCN/FERMT2/ITGB5/JUNB/SLC20A1,594
LIAO_METASTASIS,LIAO_METASTASIS,58,0.234023595,1.715714776,0.030624264,0.079571617,0.047514338,763,"tags=78%, list=59%, signal=33%",FLCN/MAP4K4/TMEM165/SOX9/SHC1/TCF3/ASNS/FERMT1/PTK2/SLC2A1/RBIS/SLC25A19/E2F1/GLS/EZH2/G6PD/SNRPA/ALDH18A1/ATP2C1/MBNL1/RASA4/HDAC1/EMC1/DLG5/TNPO1/IPPK/CCNE1/FOXM1/ACIN1/SLC39A10/PPP6R3/SMARCE1/CHD7/PTPA/RHOQ/CHTF18/PNKP/SYNCRIP/CDK13/UBAP2L/TRIP13/GTSE1/POU2AF1/KIF18B/RBM10,595
WP_ANDROGEN_RECEPTOR_SIGNALING_PATHWAY,WP_ANDROGEN_RECEPTOR_SIGNALING_PATHWAY,28,0.306709112,1.680923083,0.031007752,0.08043286,0.048028609,621,"tags=75%, list=48%, signal=40%",ROCK2/TGIF1/CDKN1A/PTEN/PIK3R1/GSK3B/PTK2/CARM1/EGFR/JUN/CREBBP/CTNNB1/HDAC1/CCND1/NCOA4/CCNE1/EP300/DAXX/SMARCE1/MDM2/SP1,596
MODY_HIPPOCAMPUS_PRENATAL,MODY_HIPPOCAMPUS_PRENATAL,16,-0.339137517,-1.706805456,0.031358885,0.081207431,0.048491126,556,"tags=81%, list=43%, signal=47%",CDK4/SRSF6/UBE2C/NFYB/H2AX/BTF3/EEF1G/EIF2S2/RPL30/RPL37/RPL13A/RPL8,597
LI_AMPLIFIED_IN_LUNG_CANCER,LI_AMPLIFIED_IN_LUNG_CANCER,37,-0.219299038,-1.672475429,0.031413613,0.081213119,0.048494522,181,"tags=46%, list=14%, signal=41%",PABPC1/NACA/RPL30/HSPD1/RPL7/RPS5/RPS7/RPL37/RPL35/RPL36A/RPL37A/RPS16/RPL8/RPS20/RPL17/HSPE1,598
WEST_ADRENOCORTICAL_TUMOR_DN,WEST_ADRENOCORTICAL_TUMOR_DN,30,0.296785707,1.679244239,0.031525851,0.081367222,0.048586542,488,"tags=60%, list=38%, signal=38%",IRF4/SOX9/FERMT1/ATP1B3/CDH2/RUNX1/SREBF1/KLF5/CCNL1/KMT2A/ERBB3/EXT1/JUNB/NPEPPS/NDUFB11/MT2A/MT1E/SLC25A28,599
BRUECKNER_TARGETS_OF_MIRLET7A3_UP,BRUECKNER_TARGETS_OF_MIRLET7A3_UP,12,0.436236392,1.67148664,0.03202329,0.082513343,0.049270921,737,"tags=100%, list=57%, signal=44%",NFE2L2/FERMT1/SLC38A2/ATP1B3/FOXA1/CDK6/TXNRD1/GLMN/KRAS/USP9X/COX7C/PRDX1,600
FISCHER_G2_M_CELL_CYCLE,FISCHER_G2_M_CELL_CYCLE,44,-0.197588802,-1.674326647,0.032258065,0.082537371,0.049285269,771,"tags=82%, list=59%, signal=34%",FZR1/NUP37/CFLAR/KIF2C/KPNA2/CIT/TRIP13/GTSE1/KIF18B/ASPM/RNF4/UBE2S/KIF14/NUP50/CCNF/UBE2C/KIF20A/NFYB/NUP35/NDC1/H2AX/CCNB1/CEP55/DBF4/CKS1B/CENPE/SGO1/RAD21/AURKA/CDCA8/MAD2L1/ESPL1/AURKB/KIF23/CDC27,601
WANG_CISPLATIN_RESPONSE_AND_XPC_DN,WANG_CISPLATIN_RESPONSE_AND_XPC_DN,34,0.285464558,1.706201742,0.032258065,0.082537371,0.049285269,232,"tags=41%, list=18%, signal=35%",TGIF1/CDKN1A/RNH1/SMAD7/TSC1/ZFX/SLC35A1/MED13/RUNX1/FLI1/FERMT2/BCL6/KLF5/JUN,602
FONTAINE_FOLLICULAR_THYROID_ADENOMA_UP,FONTAINE_FOLLICULAR_THYROID_ADENOMA_UP,10,0.457284606,1.65025862,0.032352941,0.082537371,0.049285269,475,"tags=80%, list=37%, signal=51%",GATA3/CDH1/PAX8/PTK2/ARIH2/MBNL1/SETD5/CCNE1,603
MARKEY_RB1_CHRONIC_LOF_UP,MARKEY_RB1_CHRONIC_LOF_UP,10,0.454283631,1.639428636,0.032352941,0.082537371,0.049285269,258,"tags=60%, list=20%, signal=48%",GATA3/CDKN1A/FDFT1/SIVA1/EZH2/SQLE,604
PID_AVB3_OPN_PATHWAY,PID_AVB3_OPN_PATHWAY,10,0.4568624,1.648734954,0.032352941,0.082537371,0.049285269,232,"tags=60%, list=18%, signal=50%",ROCK2/BCAR1/PIK3R1/MAPK1/ITGAV/JUN,605
PID_IL2_STAT5_PATHWAY,PID_IL2_STAT5_PATHWAY,10,0.454257071,1.639332787,0.032352941,0.082537371,0.049285269,490,"tags=80%, list=38%, signal=50%",PIK3R1/SHC1/CCND3/SOS1/PTPN11/PIK3CA/CCND2/CDK6,606
KEGG_SMALL_CELL_LUNG_CANCER,KEGG_SMALL_CELL_LUNG_CANCER,24,0.326087067,1.687207499,0.032425422,0.082585999,0.049314306,549,"tags=71%, list=42%, signal=42%",PTEN/PIK3R1/TP53/ITGA3/ITGB1/PTK2/E2F1/ITGAV/PIK3CB/E2F3/PIK3CA/CCND1/IKBKG/CCNE1/CDK6/BIRC2/TRAF2,607
WP_EBOLA_VIRUS_PATHWAY_ON_HOST,WP_EBOLA_VIRUS_PATHWAY_ON_HOST,25,0.31693927,1.657510464,0.032894737,0.083643525,0.049945783,849,"tags=96%, list=65%, signal=34%",PIK3R1/TFAP2A/ITGA3/ITGB1/MAPK1/SOCS3/EGFR/ITGAV/CREBBP/PIK3CB/VPS41/PIK3CA/VPS33A/IGF1R/EP300/RAB7A/RELA/VPS16/VPS4A/ACTG1/VPS18/PRKRA/C1QBP/ACTB,608
DAZARD_RESPONSE_TO_UV_NHEK_DN,DAZARD_RESPONSE_TO_UV_NHEK_DN,39,0.26385665,1.650977908,0.033169533,0.084065735,0.050197896,594,"tags=67%, list=46%, signal=37%",TIPARP/AHR/ADNP/ATP2B1/NFE2L2/SMAD7/ARHGEF7/TP63/PTK2/MNT/KEAP1/FERMT2/CREBBP/ERBB3/DYRK1A/SUCO/E2F3/TAF5L/LARP7/SLC7A1/CHD1/CCNE1/BIRC2/ZMYND8/ZNF217/CNOT4,609
RUTELLA_RESPONSE_TO_HGF_UP,RUTELLA_RESPONSE_TO_HGF_UP,39,0.262670512,1.64355612,0.033169533,0.084065735,0.050197896,737,"tags=79%, list=57%, signal=35%",IRF4/TCF3/ATP1B3/RUNX1/UFSP2/GLS/MTX2/EMC2/SQLE/ACSL3/LDLR/PDCD6IP/PDE4DIP/CCND1/NCOA4/CDS2/NDUFS2/MT2A/CFLAR/SLC3A2/EED/SUZ12/HK2/EMC7/ELOA/RHOQ/ATP6V0E1/GRSF1/GFPT1/UBAP2L/PRDX1,610
PICCALUGA_ANGIOIMMUNOBLASTIC_LYMPHOMA_DN,PICCALUGA_ANGIOIMMUNOBLASTIC_LYMPHOMA_DN,19,0.355425085,1.65245148,0.03342246,0.084568123,0.050497885,485,"tags=68%, list=37%, signal=43%",TIPARP/GATA3/FBXW7/DUSP4/EPC1/CCNL1/JUN/SUCO/NDUFA10/IRF2BP2/TTC7A/CHD1/ING3,611
BLANCO_MELO_BRONCHIAL_EPITHELIAL_CELLS_INFLUENZA_A_DEL_NS1_INFECTION_UP,BLANCO_MELO_BRONCHIAL_EPITHELIAL_CELLS_INFLUENZA_A_DEL_NS1_INFECTION_UP,28,0.303076551,1.661014788,0.033591731,0.084857543,0.050670706,232,"tags=43%, list=18%, signal=36%",GNA13/TIPARP/TGIF1/GATA3/SOX9/MEF2C/CAB39/IRF2/SOCS3/RICTOR/CCNL1/JUN,612
WP_STEROL_REGULATORY_ELEMENTBINDING_PROTEINS_SREBP_SIGNALLING,WP_STEROL_REGULATORY_ELEMENTBINDING_PROTEINS_SREBP_SIGNALLING,15,0.392075871,1.644301287,0.033660589,0.084892774,0.050691743,644,"tags=87%, list=50%, signal=44%",FASN/FDFT1/SREBF1/MED15/SQLE/LDLR/PIK3CA/ACACA/CDK8/FDPS/ACLY/SP1/MBTPS1,613
GARY_CD5_TARGETS_UP,GARY_CD5_TARGETS_UP,57,0.231393837,1.676595915,0.034482759,0.086824666,0.051845327,570,"tags=60%, list=44%, signal=35%",GNA13/TAOK1/CDKN1A/FASN/TP53/NF1/BRAF/FDFT1/GSK3B/CAB39/ASNS/HSF1/CTNNA1/SLC38A2/CAMLG/PKN2/GRK2/WAC/SQLE/TLN1/LDLR/JUNB/PI4KB/IRF2BP2/ANKRD11/ATF4/SLC7A1/SLC25A1/CCL4/STN1/BAP1/ACLY/ARID1A/SLC3A2,614
REACTOME_ANTIVIRAL_MECHANISM_BY_IFN_STIMULATED_GENES,REACTOME_ANTIVIRAL_MECHANISM_BY_IFN_STIMULATED_GENES,15,-0.339368451,-1.663525865,0.034602076,0.08698343,0.05194013,763,"tags=93%, list=59%, signal=39%",USP18/KPNA2/PDE12/NUP62/NUP58/NUP50/NUP35/NDC1/EIF4E2/ARIH1/UBE2N/EIF4G2/RPS27A,615
WP_ENDODERM_DIFFERENTIATION,WP_ENDODERM_DIFFERENTIATION,19,0.35229462,1.637897237,0.034759358,0.087076293,0.05199558,553,"tags=74%, list=43%, signal=43%",DUSP4/SOX2/EZH2/FOXA1/APC/EXT1/CAND1/EMSY/CTNNB1/GRHL2/ACACA/BMPR1A/ELAVL1/HNF1B,616
GRAESSMANN_APOPTOSIS_BY_DOXORUBICIN_DN,GRAESSMANN_APOPTOSIS_BY_DOXORUBICIN_DN,243,0.144306899,1.573574823,0.034836066,0.087076293,0.05199558,331,"tags=34%, list=26%, signal=31%",PDHA1/ROCK2/NF2/TAOK1/JTB/ACSL4/GAB1/RAB18/TEN1/ARF6/ADNP/BRAT1/BCL9/PARD3/PIK3R1/TPK1/NF1/BRAF/RFK/FDFT1/COP1/GSK3B/TCF3/SUPT20H/GNPNAT1/FGFR1/DPY30/DNAJC13/LMNB1/SNAI2/CARM1/NDUFAF4/TCF7L2/RUNX1/TADA3/STX4/DOCK5/SMARCA2/CAP1/ERBB2/MNT/KEAP1/FERMT2/EPC1/NRAS/TMEM80/ZEB2/ATXN7L3/ANKRD17/TFAP4/RAF1/AMBRA1/DPH6/RCC1L/ARID4B/HMBS/PAXIP1/EARS2/TM9SF3/PAGR1/WAC/MMGT1/CRK/SQLE/KMT2A/RABIF/GCSH/DYRK1A/PARD6B/SNRPA/TCOF1/SINHCAF/ALDH18A1/LDLR/PDSS1/MYB/HECTD1/CYB5B/UBE2K/EXT1/PPIH/EGLN1,617
BOYAULT_LIVER_CANCER_SUBCLASS_G23_UP,BOYAULT_LIVER_CANCER_SUBCLASS_G23_UP,12,-0.356070867,-1.622021327,0.034920635,0.087076293,0.05199558,589,"tags=83%, list=45%, signal=46%",MEMO1/UBE2S/PKM/TFRC/TYMS/H2AZ1/DBF4/KIF4A/IARS1,618
REACTOME_DEADENYLATION_DEPENDENT_MRNA_DECAY,REACTOME_DEADENYLATION_DEPENDENT_MRNA_DECAY,12,-0.352431861,-1.605444442,0.034920635,0.087076293,0.05199558,448,"tags=75%, list=35%, signal=50%",CNOT9/LSM6/EXOSC4/PABPC1/EXOSC6/LSM7/LSM3/LSM2,619
REACTOME_RECRUITMENT_OF_MITOTIC_CENTROSOME_PROTEINS_AND_COMPLEXES,REACTOME_RECRUITMENT_OF_MITOTIC_CENTROSOME_PROTEINS_AND_COMPLEXES,12,-0.367851722,-1.675687044,0.034920635,0.087076293,0.05199558,439,"tags=75%, list=34%, signal=50%",TUBB4B/TUBGCP5/DYNLL1/TUBGCP2/ACTR1A/HAUS6/MZT1/DYNC1I2,620
GROSS_HYPOXIA_VIA_ELK3_AND_HIF1A_UP,GROSS_HYPOXIA_VIA_ELK3_AND_HIF1A_UP,11,0.451562719,1.674734195,0.035294118,0.087724608,0.052382706,285,"tags=64%, list=22%, signal=50%",TGIF1/GATA3/DUSP4/SLC2A1/SOX2/CRTC3/JMJD6,621
MASSARWEH_TAMOXIFEN_RESISTANCE_DN,MASSARWEH_TAMOXIFEN_RESISTANCE_DN,11,0.44912965,1.665710547,0.035294118,0.087724608,0.052382706,545,"tags=82%, list=42%, signal=48%",TIPARP/PIK3R1/LMNB1/TEAD1/PARD6B/MYB/DLG5/MT2A/IGF1R,622
GOBERT_OLIGODENDROCYTE_DIFFERENTIATION_UP,GOBERT_OLIGODENDROCYTE_DIFFERENTIATION_UP,96,-0.136834622,-1.68966588,0.035714286,0.088626462,0.052921228,629,"tags=66%, list=48%, signal=37%",CHTF18/CIT/CENPP/USP1/VRK1/DDX11/TRIP13/GTSE1/KIF18B/RBM10/KNTC1/ASPM/SRM/HIRA/ERAL1/CLSPN/ESCO2/SKP2/CCNF/UBE2C/KIF20A/CDK2/SASS6/LIG1/NDC1/FANCA/H2AX/TYMS/CENPI/NCAPH2/H2AZ1/CCNB1/GEMIN6/CEP55/DYNLL1/DBF4/FBXO5/POLR1H/CKS1B/CENPE/NCAPG2/TIPIN/SGO1/KNL1/MCM4/KIF4A/PABPC1/HAUS6/DUT/PKMYT1/AURKA/FANCI/TONSL/CDCA8/VARS1/CENPK/MAD2L1/AARS1/ESPL1/AURKB/KIF23/LSM2,623
LIU_SOX4_TARGETS_UP,LIU_SOX4_TARGETS_UP,15,0.386840676,1.622345748,0.036465638,0.090345956,0.053947984,587,"tags=80%, list=45%, signal=44%",SOX9/WWTR1/EGFR/SLC33A1/E2F3/EMC1/MORF4L1/NCOA4/RB1CC1/STN1/BRAP/DICER1,624
REACTOME_TP53_REGULATES_METABOLIC_GENES,REACTOME_TP53_REGULATES_METABOLIC_GENES,29,0.299377833,1.670740479,0.036662453,0.090688243,0.054152372,759,"tags=86%, list=58%, signal=37%",PTEN/TP53/TSC2/TSC1/TP63/RRAGC/GLS/G6PD/COX19/RRAGA/COX18/COX4I1/SCO2/TXNRD1/COX11/COX6A1/COX5A/NDUFA4/RHEB/COX7B/COX6C/GPI/COX7C/PRDX1/LAMTOR4,625
BYSTRYKH_HEMATOPOIESIS_STEM_CELL_AND_BRAIN_QTL_TRANS,BYSTRYKH_HEMATOPOIESIS_STEM_CELL_AND_BRAIN_QTL_TRANS,17,0.370301818,1.639106644,0.036834925,0.090824233,0.054233575,444,"tags=65%, list=34%, signal=43%",TIPARP/FLCN/NF1/FASTKD5/SPTLC2/SLC2A1/MNT/STK11/CHD8/NDUFS2/CCDC6,626
PID_BETA_CATENIN_NUC_PATHWAY,PID_BETA_CATENIN_NUC_PATHWAY,17,0.371502488,1.6444213,0.036834925,0.090824233,0.054233575,419,"tags=65%, list=32%, signal=44%",CDH1/BCL9/SNAI2/TCF7L2/JUN/CHD8/APC/CTNNB1/HDAC1/CCND2/CCND1,627
HAMAI_APOPTOSIS_VIA_TRAIL_DN,HAMAI_APOPTOSIS_VIA_TRAIL_DN,13,0.404910004,1.606639886,0.037089872,0.091307232,0.054521987,237,"tags=54%, list=18%, signal=44%",CMIP/KRT18/SHC1/CDH2/ERBB2/JUN/PAGR1,628
KEGG_OXIDATIVE_PHOSPHORYLATION,KEGG_OXIDATIVE_PHOSPHORYLATION,56,0.231043057,1.65625658,0.037170264,0.091307301,0.054522028,785,"tags=80%, list=60%, signal=33%",NDUFC1/NDUFA3/NDUFA10/NDUFV2/NDUFA2/NDUFS8/NDUFS3/NDUFC2/NDUFB8/NDUFA8/UQCRB/UQCR10/NDUFS2/NDUFB7/NDUFB2/NDUFA11/NDUFB6/COX4I1/NDUFA1/NDUFS7/NDUFB3/NDUFA6/NDUFS1/NDUFB10/NDUFS5/SDHD/COX11/COX6A1/COX5A/NDUFA9/UQCRC2/ATP5MG/NDUFA4/ATP5ME/CYC1/NDUFB9/ATP6V0E1/COX7B/COX6C/ATP5F1C/ATP5PO/COX7C/SDHC/ATP5PB/COX17,629
KEGG_PYRIMIDINE_METABOLISM,KEGG_PYRIMIDINE_METABOLISM,11,-0.385392385,-1.664617622,0.037267081,0.091307301,0.054522028,803,"tags=100%, list=62%, signal=38%",TXNRD1/DHODH/POLE3/POLR3D/TYMS/POLR1H/POLR2K/DUT/POLR2H/POLR2G,630
ZAMORA_NOS2_TARGETS_DN,ZAMORA_NOS2_TARGETS_DN,11,-0.384680698,-1.661543645,0.037267081,0.091307301,0.054522028,524,"tags=82%, list=40%, signal=49%",FDX1/VDAC1/ATP5F1D/ACTB/PPP1CA/EIF5A/EIF2S2/SARS1,631
WONG_MITOCHONDRIA_GENE_MODULE,WONG_MITOCHONDRIA_GENE_MODULE,66,0.213948286,1.637432069,0.037383178,0.091446824,0.054605341,736,"tags=74%, list=57%, signal=34%",PDHA1/ATP1B3/SLC25A19/NDUFC1/HCCS/NDUFA3/MTX2/NDUFA10/NDUFV2/NDUFAF1/NDUFS8/NDUFS3/COX18/NDUFC2/NDUFB8/SLC25A1/NDUFA8/UQCRB/UQCR10/NDUFS2/NDUFB2/NDUFB6/COX4I1/NDUFA1/SCO2/NDUFB3/NDUFA6/NDUFB10/NDUFS5/MRPS17/COX11/COX6A1/COX5A/NDUFA9/ATP5MG/NDUFA4/GPX4/ATP5ME/CYC1/NDUFB9/COX7B/MRPL13/TOMM70/COX6C/ATP5F1C/AK2/ATP5PO/MRPS16/COX7C,632
SMITH_TERT_TARGETS_UP,SMITH_TERT_TARGETS_UP,30,0.289962864,1.640639892,0.037831021,0.092286217,0.055106565,280,"tags=43%, list=22%, signal=35%",AHR/TGIF1/KDM5C/SMAD7/ASNS/FERMT2/EGFR/PPP2R2A/KLF5/SLC33A1/CREBBP/G6PD/DYRK1A,633
BOSCO_ALLERGEN_INDUCED_TH2_ASSOCIATED_MODULE,BOSCO_ALLERGEN_INDUCED_TH2_ASSOCIATED_MODULE,12,0.423646123,1.623245671,0.037845706,0.092286217,0.055106565,310,"tags=58%, list=24%, signal=45%",CDH1/DUSP4/IRF4/MEF2C/BCL6/PITRM1/POLR2M,634
GARGALOVIC_RESPONSE_TO_OXIDIZED_PHOSPHOLIPIDS_BLUE_UP,GARGALOVIC_RESPONSE_TO_OXIDIZED_PHOSPHOLIPIDS_BLUE_UP,14,0.40158904,1.641789025,0.037921348,0.092325046,0.055129751,285,"tags=57%, list=22%, signal=45%",GNA13/VCPIP1/SOS1/KLF5/FOSL1/CBLL1/CREBBP/JMJD6,635
BLANCO_MELO_BETA_INTERFERON_TREATED_BRONCHIAL_EPITHELIAL_CELLS_UP,BLANCO_MELO_BETA_INTERFERON_TREATED_BRONCHIAL_EPITHELIAL_CELLS_UP,19,0.347379132,1.615044027,0.038770053,0.094242929,0.05627497,146,"tags=42%, list=11%, signal=38%",ROCK2/DUSP4/CAB39/FERMT1/IRF2/MED13/SOCS3/RICTOR,636
FEVR_CTNNB1_TARGETS_DN,FEVR_CTNNB1_TARGETS_DN,103,-0.13065207,-1.672017636,0.03960396,0.096118874,0.057395147,647,"tags=67%, list=50%, signal=36%",GLRX3/KPNA2/CHTF18/MRPL13/CFAP20/RBMXL1/NUP62/CENPP/USP1/GRSF1/TRIP13/SNRPB2/KNTC1/TFB2M/VBP1/WTAP/HMGB1/SRSF6/SKP2/GEMIN4/KIF20A/NXT1/AHCYL1/MRPL3/LIG1/IMPDH2/TRIM37/UTP3/STRAP/TYMS/SSB/CENPI/CENPO/ICE1/H2AZ1/BTF3/PPP1CB/FBXO5/CENPE/ELP1/TRNT1/TUBGCP2/PAICS/PPAT/MCM4/RRS1/EIF3F/PABPC1/HAUS6/RAD21/DDX5/EIF2S2/NACA/MTBP/CENPK/EIF3E/NUTF2/AURKB/SF3A3/RPS24/KIF23/POLR1F/ERH/SRSF3/PSMA6/LSM2/RPL32/SNRPD1,637
BROWN_MYELOID_CELL_DEVELOPMENT_DN,BROWN_MYELOID_CELL_DEVELOPMENT_DN,17,-0.316177803,-1.634125727,0.040740741,0.098722861,0.058950057,171,"tags=53%, list=13%, signal=47%",NPM1/IFITM3/XPOT/HSPD1/NARS1/NUTF2/ERH/RPL23,638
BERENJENO_ROCK_SIGNALING_NOT_VIA_RHOA_DN,BERENJENO_ROCK_SIGNALING_NOT_VIA_RHOA_DN,11,0.435637443,1.615671293,0.041176471,0.099466912,0.05939435,191,"tags=55%, list=15%, signal=47%",FASN/UGCG/DOCK5/MYH9/FERMT2/KLF5,639
KEGG_CARDIAC_MUSCLE_CONTRACTION,KEGG_CARDIAC_MUSCLE_CONTRACTION,11,0.436674437,1.619517247,0.041176471,0.099466912,0.05939435,736,"tags=100%, list=57%, signal=44%",ATP1B3/UQCRB/UQCR10/COX4I1/COX6A1/COX5A/UQCRC2/CYC1/COX7B/COX6C/COX7C,640
SARRIO_EPITHELIAL_MESENCHYMAL_TRANSITION_DN,SARRIO_EPITHELIAL_MESENCHYMAL_TRANSITION_DN,13,0.401770821,1.594183944,0.041369472,0.099777229,0.059579649,172,"tags=46%, list=13%, signal=40%",CDH1/PTEN/NFE2L2/TCF3/TP63/BCL6,641
WP_SUDDEN_INFANT_DEATH_SYNDROME_SIDS_SUSCEPTIBILITY_PATHWAYS,WP_SUDDEN_INFANT_DEATH_SYNDROME_SIDS_SUSCEPTIBILITY_PATHWAYS,18,0.352194094,1.593555318,0.041948579,0.10101636,0.060319567,680,"tags=83%, list=52%, signal=40%",GATA3/MEF2C/ASCL1/TCF3/SOX2/JUN/CREBBP/MYB/CTNNB1/HDAC1/FOXM1/PRKAR1A/EP300/SP1/HSP90B1,642
SHEDDEN_LUNG_CANCER_POOR_SURVIVAL_A6,SHEDDEN_LUNG_CANCER_POOR_SURVIVAL_A6,88,-0.149860687,-1.740776545,0.042016807,0.101023302,0.060323712,712,"tags=73%, list=55%, signal=35%",GABPB1/NDUFA9/MRGBP/KIF2C/TIMM8A/ZWINT/KPNA2/MRPL13/PNKP/SYNCRIP/IPO5/NUP62/TRIP13/YME1L1/GTSE1/KIF18B/KNTC1/MEMO1/ASPM/SRM/UBA6/UBE2S/PPP2R3C/HMGA1/KIF14/UBE2C/CNOT9/KIF20A/PKM/TFDP1/DNAJA1/FANCA/BRIP1/NCAPD3/TYMS/CENPI/H2AZ1/CCNB1/CEP55/DBF4/FBXO5/EIF4E2/H2BC9/DPAGT1/CENPE/INTS13/NCAPG2/UBE2N/PAICS/PPAT/GINS4/MCM4/KIF4A/AURKA/FANCI/WARS1/CDCA8/MAD2L1/DARS1/AURKB/KIF23/SNRPA1/CDC27,643
WP_MITOCHONDRIAL_CIV_ASSEMBLY,WP_MITOCHONDRIAL_CIV_ASSEMBLY,14,0.39953271,1.633382271,0.042134831,0.101149766,0.060399227,785,"tags=100%, list=60%, signal=40%",COX19/COX18/COA6/COX4I1/COA3/SCO2/COX11/COX6A1/COX5A/NDUFA4/COX7B/COX6C/COX7C/COX17,644
REACTOME_RHO_GTPASE_CYCLE,REACTOME_RHO_GTPASE_CYCLE,46,0.239805865,1.616987016,0.042682927,0.102306674,0.061090048,205,"tags=35%, list=16%, signal=30%",GNA13/ROCK2/BRK1/PICALM/PIK3R1/ARHGEF7/KIDINS220/ITGB1/ELMO2/PAK2/LMNB1/CSK/DOCK5/FERMT2/SOS1/PKN2,645
LU_EZH2_TARGETS_DN,LU_EZH2_TARGETS_DN,36,0.265131801,1.609366637,0.042997543,0.102901241,0.061445079,741,"tags=81%, list=57%, signal=36%",GNA13/ATP2B1/PICALM/BCL9/CTNNA1/DNAJC13/EGFR/ANKRD17/EZH2/CRK/ATP2C1/EXT2/DNAAF5/LRP8/CCNE1/EXOC8/DCP2/BIRC2/HNF1B/VCL/SPTLC1/DICER1/HK2/IRS2/CBFB/KPNA2/PI4KA/GFPT1/MCL1,646
REACTOME_ACTIVATION_OF_ANTERIOR_HOX_GENES_IN_HINDBRAIN_DEVELOPMENT_DURING_EARLY_EMBRYOGENESIS,REACTOME_ACTIVATION_OF_ANTERIOR_HOX_GENES_IN_HINDBRAIN_DEVELOPMENT_DURING_EARLY_EMBRYOGENESIS,26,-0.241016711,-1.556191682,0.043290043,0.103411371,0.061749692,423,"tags=62%, list=33%, signal=42%",HDAC3/H2AC20/H2AX/H2AZ1/H2BC21/H2BC13/H2BC15/H2BC9/H2BC11/H2BC6/H3-3A/POLR2K/POLR2H/H2BC4/POLR2G,647
CAIRO_HEPATOBLASTOMA_UP,CAIRO_HEPATOBLASTOMA_UP,22,0.332164295,1.650520628,0.043421053,0.103411371,0.061749692,560,"tags=73%, list=43%, signal=42%",ROCK2/MAP4K4/FASN/TP53/FDFT1/VPS45/UXS1/SQLE/SUCO/DLG5/HSP90AB1/ACACA/FDPS/DCP2/NUP37/ACLY,648
GARGALOVIC_RESPONSE_TO_OXIDIZED_PHOSPHOLIPIDS_TURQUOISE_DN,GARGALOVIC_RESPONSE_TO_OXIDIZED_PHOSPHOLIPIDS_TURQUOISE_DN,11,-0.376706902,-1.627102588,0.043478261,0.103411371,0.061749692,669,"tags=91%, list=52%, signal=44%",TIMM8A/SKP2/CCNF/GEMIN6/NXF1/RRS1/CCDC51/AURKA/ESPL1,649
WP_PATHWAYS_IN_CLEAR_CELL_RENAL_CELL_CARCINOMA,WP_PATHWAYS_IN_CLEAR_CELL_RENAL_CELL_CARCINOMA,23,0.320784314,1.620598862,0.043478261,0.103411371,0.061749692,889,"tags=100%, list=68%, signal=32%",ZEB1/ARNT/PTEN/FASN/KDM5C/TSC2/TSC1/SLC2A1/EGFR/CREBBP/ACACA/BAP1/EP300/ACLY/HK2/SETD2/PBRM1/RHEB/GPI/VHL/MLST8/TPI1/PKM,650
PID_IL4_2PATHWAY,PID_IL4_2PATHWAY,12,0.414615144,1.588642504,0.043668122,0.103703406,0.061924073,373,"tags=67%, list=29%, signal=48%",PIK3R1/IRF4/SHC1/SOCS3/BCL6/MAPK14/MYB/PIK3CA,651
GRAESSMANN_APOPTOSIS_BY_DOXORUBICIN_UP,GRAESSMANN_APOPTOSIS_BY_DOXORUBICIN_UP,97,0.183686775,1.581297804,0.043771044,0.103788395,0.061974823,505,"tags=52%, list=39%, signal=34%",RIC8A/GNA13/TIPARP/FLCN/AHR/GATA3/CDKN1A/GGNBP2/BCAR1/PTPN1/LCMT1/HS6ST1/SGF29/SIVA1/RRAGC/CENPT/PDCD10/KLF5/ANKRD17/SLC33A1/E2F1/FOSL1/PEX6/KCTD10/NMNAT1/ICMT/SIAH1/ERBB3/RNASEH2C/PDCD6IP/PDE4DIP/CHP1/JUNB/SLC20A1/PTPN11/CPOX/RASA4/OTUD5/SURF4/DOLK/NCOA4/IPPK/RBM15/MRPL28/NDUFA11/EMC4/EXOC8/FLVCR1/UBE2F/CRKL,652
PID_ECADHERIN_NASCENT_AJ_PATHWAY,PID_ECADHERIN_NASCENT_AJ_PATHWAY,11,0.433150567,1.606448089,0.044117647,0.10445005,0.062369915,419,"tags=73%, list=32%, signal=50%",CDH1/ARF6/PIK3R1/CTNNA1/CRK/CTNNB1/PIK3CA/CCND1,653
THUM_SYSTOLIC_HEART_FAILURE_UP,THUM_SYSTOLIC_HEART_FAILURE_UP,33,0.277069686,1.64134161,0.044499382,0.105192729,0.062813388,914,"tags=97%, list=70%, signal=29%",ZEB1/ARF6/PICALM/SLC16A1/ITGB1/SHC1/CTNNA1/PTK2/RICTOR/FLI1/PTPN11/MORF4L1/SNAP23/HSP90AB1/CCL4/CAPRIN1/VPS35/ZNF217/FBXW11/SP1/ARF1/ZFP36L2/TBL1XR1/HSP90B1/GFM2/NAMPT/BCLAF1/ACTG1/ACTB/YWHAE/ACTR2/WDR1,654
VECCHI_GASTRIC_CANCER_EARLY_UP,VECCHI_GASTRIC_CANCER_EARLY_UP,71,-0.147490357,-1.592683065,0.044776119,0.105609885,0.063062483,649,"tags=69%, list=50%, signal=37%",CYC1/MRPL13/SMARCA4/NELFCD/MRPS16/TRIP13/GTSE1/KIF18B/ASPM/AATF/HMGB1/HMGA1/NUP58/ESCO2/SKP2/PTMA/KIF14/UBE2C/KIF20A/FUBP1/TIMM13/BRIP1/CCNB1/CEP55/PFDN4/CKS1B/NCAPG2/POP1/THOC3/GINS4/KNL1/UTP4/MCM4/RRS1/KIF4A/NPM1/IFITM3/MZT1/AURKA/FANCI/VARS1/CENPK/MAD2L1/POLR2G/RPA3/RPL8/SNRPD1/HSPE1,655
TARTE_PLASMA_CELL_VS_PLASMABLAST_UP,TARTE_PLASMA_CELL_VS_PLASMABLAST_UP,14,-0.34066178,-1.618772738,0.044827586,0.105609885,0.063062483,262,"tags=64%, list=20%, signal=52%",RPLP1/IFITM3/RPL24/PHB2/RPL37A/RPS14/RPL7A/RPS16,656
GAUSSMANN_MLL_AF4_FUSION_TARGETS_A_UP,GAUSSMANN_MLL_AF4_FUSION_TARGETS_A_UP,15,0.379892021,1.593204239,0.044880785,0.105609885,0.063062483,355,"tags=60%, list=27%, signal=44%",KDM5C/TP53/MYH9/WAC/CHD8/PITRM1/APC/SLC20A1/SETD5,657
NUYTTEN_EZH2_TARGETS_UP,NUYTTEN_EZH2_TARGETS_UP,64,0.214199704,1.627332199,0.045243619,0.106301878,0.063475691,937,"tags=91%, list=72%, signal=27%",GNA13/FLCN/CDKN1A/PTPN1/UAP1/CAB39/IRF2/SLC2A1/FERMT2/ITGB5/JUN/FCHO2/KCTD10/ICMT/RBSN/PIK3CB/STK40/WDR26/CEPT1/EGLN1/JUNB/SPTSSA/MAEA/PIK3CA/RNF7/NMT1/MT2A/MT1E/OSTC/EDF1/SLC25A28/RANBP3/BIRC2/FIS1/CFLAR/SPTLC1/HK2/PSMF1/USP18/ZFP36L2/RHOQ/HSP90B1/NUP62/PRDX1/MCL1/GFM2/NAMPT/ZFP36L1/FDX1/HIRA/ADAR/TPI1/ADSS2/DNAJA1/WDR1/FKBP1A/CHMP5/CDC42,658
ODONNELL_TFRC_TARGETS_DN,ODONNELL_TFRC_TARGETS_DN,22,-0.26135357,-1.543995152,0.045454545,0.106473829,0.063578367,431,"tags=64%, list=33%, signal=43%",NUP50/KIF20A/TFRC/G3BP1/CCNB1/CEP55/DBF4/FBXO5/CKS1B/CENPE/KIF4A/AURKA/AURKB,659
REACTOME_TRANSPORT_OF_MATURE_TRANSCRIPT_TO_CYTOPLASM,REACTOME_TRANSPORT_OF_MATURE_TRANSCRIPT_TO_CYTOPLASM,18,-0.310091981,-1.653006972,0.045454545,0.106473829,0.063578367,490,"tags=72%, list=38%, signal=46%",NUP58/SRSF6/NUP50/NXT1/NUP35/NDC1/CPSF1/NXF1/THOC3/THOC2/CPSF4/SRSF3,660
REN_BOUND_BY_E2F,REN_BOUND_BY_E2F,13,-0.339737253,-1.580235463,0.046511628,0.10862539,0.064863122,496,"tags=77%, list=38%, signal=48%",CDK2/H2AX/H2AZ1/H2BC21/DBF4/CENPE/DUT/MAD2L1/RPA3,661
REACTOME_ASSEMBLY_OF_THE_PRE_REPLICATIVE_COMPLEX,REACTOME_ASSEMBLY_OF_THE_PRE_REPLICATIVE_COMPLEX,10,-0.38990371,-1.573332794,0.046583851,0.10862539,0.064863122,284,"tags=70%, list=22%, signal=55%",PSMC2/MCM4/PSMA4/RPS27A/PSMA6/PSMB3,662
REACTOME_DNA_DAMAGE_BYPASS,REACTOME_DNA_DAMAGE_BYPASS,10,-0.385093168,-1.553921375,0.046583851,0.10862539,0.064863122,803,"tags=100%, list=62%, signal=38%",REV1/USP10/USP1/WDR48/POLE3/MAD2L2/UFD1/RPS27A/RPA3,663
MONNIER_POSTRADIATION_TUMOR_ESCAPE_DN,MONNIER_POSTRADIATION_TUMOR_ESCAPE_DN,20,0.33714364,1.59715158,0.047297297,0.110122924,0.065757339,584,"tags=75%, list=45%, signal=42%",KRT18/SMAD7/SSBP3/ITGB5/JUN/ACSL3/NDUFAF3/UBE2A/RASA4/UGP2/VMA21/NDUFB3/UROS/ARHGAP29/COX6A1,664
KONDO_EZH2_TARGETS,KONDO_EZH2_TARGETS,13,0.395082828,1.567646698,0.04850214,0.112758358,0.067331027,257,"tags=54%, list=20%, signal=44%",ZEB1/TSC1/WWTR1/ZFX/FLI1/EGFR/NMNAT1,665
KYNG_DNA_DAMAGE_UP,KYNG_DNA_DAMAGE_UP,23,0.319837996,1.615818076,0.048748353,0.113160591,0.067571212,317,"tags=52%, list=24%, signal=40%",PDHA1/ARNT/SOX9/MEF2C/GNPNAT1/PDCD10/EGFR/SIAH1/MYB/PDE4DIP/CEPT1/RAB6A,666
HORIUCHI_WTAP_TARGETS_UP,HORIUCHI_WTAP_TARGETS_UP,12,0.405909798,1.555287034,0.049490539,0.114572835,0.0684145,776,"tags=100%, list=60%, signal=41%",DUSP4/ZEB2/EMC6/CLPB/ATP2C1/VPS41/KDM2A/RANBP3/SMARCE1/PPM1D/GFPT1/ZFP36L1,667
TIEN_INTESTINE_PROBIOTICS_24HR_UP,TIEN_INTESTINE_PROBIOTICS_24HR_UP,103,-0.118054884,-1.510805363,0.04950495,0.114572835,0.0684145,962,"tags=87%, list=74%, signal=25%",MED24/TWNK/NDUFV2/NDUFA2/UNC50/PDCD5/TNPO1/CCND1/SLC25A1/NDUFA8/MIOS/NDUFB2/NDUFB6/COA3/FOXM1/FDPS/NDUFB3/NDUFA6/USP14/ACLY/EED/DICER1/HEATR3/NDUFA9/ATP5MG/WASHC2C/ZWINT/CBFB/ATP6V0E1/SYNCRIP/VRK1/UBAP2L/TRIP13/GTSE1/SDHC/GLRX5/MRPS2/COX17/BCLAF1/ATP5MF/C1QBP/SKP2/ADAR/C1D/GEMIN4/KIF14/KIF20A/FAM32A/DNAJA1/TIMM13/CHMP5/CDC42/IARS2/TIMM23/G3BP1/DHX29/TYMS/CENPI/DDX52/CCNB1/DYNLL1/DBF4/USP7/FBXO5/CIAPIN1/RPL26L1/UBE2N/TIPIN/UBE2L3/HARS1/MCM4/TARDBP/DUT/AURKA/NEDD8/POP5/MAD2L1/SNRNP25/ESPL1/LSM7/LSM3/KIF23/ERH/SRSF3/SNRPG/RPA3/PSMA6/SNRPD1/HSPE1,668
SHEN_SMARCA2_TARGETS_UP,SHEN_SMARCA2_TARGETS_UP,72,0.201331348,1.58268799,0.049710983,0.114877697,0.068596541,837,"tags=81%, list=64%, signal=30%",STXBP3/NF1/KIDINS220/ELMO2/CTNNA1/VPS45/UFSP2/SMARCA2/ATMIN/DPM1/TMEM80/ANKRD17/PKN2/RNF146/RAF1/ARID4B/TDP2/FBXO11/POLR2M/RMND5A/UBE2A/RAB6A/APC/CAND1/PTPN11/LARP7/UNC50/MORF4L1/TNPO1/NPEPPS/SCAF8/NDUFB6/PRKAR1A/DCP2/ARHGAP29/REV1/SDHD/EED/SPTLC1/FBXW11/UQCRC2/PSMF1/STAG1/RAB7A/NCKAP1/ATP6V0E1/USP1/ATP5PO/USP9X/TRIP12/ISCA1/NFYC/VBP1/BCLAF1/EAPP/DPF2/PRKRA/ZC3H13,669
