"","genes","diff_","t_","p_"
"1","AAMP",-0.0992489799999999,2.23288937439455,0.235377121408104
"2","AARS1",-0.0613228200000001,0.893300676869609,0.484245438406224
"3","AARS2",-0.0980054499999999,1.05513977114875,0.481355325787122
"4","AASDHPPT",-0.0250672649999999,0.37391338151682,0.770334683800415
"5","AATF",0.005436365,-0.134326576873586,0.914836975266694
"6","ABCB7",-0.0259266,1.93159212940361,0.281375611781473
"7","ABCE1",-0.00549629499999998,0.0955719461307608,0.934794368780353
"8","ABCF1",-0.064002515,1.37925263030236,0.386423207272059
"9","ABT1",-0.123706075,4.11908673692272,0.100776011322922
"10","ACACA",-0.020328895,1.08861396584348,0.425742011799066
"11","ACIN1",0.0142911900000001,-0.109156804458257,0.926240880395333
"12","ACLY",-0.0561703649999999,1.66381906922643,0.260572889568017
"13","ACO2",0.011143455,-0.357375296529512,0.777053822877078
"14","ACSL3",-0.05784079,1.02273951378987,0.415598053530379
"15","ACSL4",0.00893701999999996,-0.173107255905055,0.885675329613735
"16","ACTB",-0.09552939,1.77373108566187,0.231165788706227
"17","ACTG1",-0.117927765,19.7212216170539,0.0171183028361999
"18","ACTL6A",0.0159205599999999,-0.896194461158331,0.465482568725723
"19","ACTR10",0.0109368999999999,-0.459763677759824,0.723650928933397
"20","ACTR1A",-0.151168525,4.84281332568471,0.0493531784272355
"21","ACTR2",0.034335285,-0.870806692378134,0.542026377047962
"22","ACTR3",-0.0702766750000001,2.36248702841432,0.208329581401372
"23","ACTR5",-0.086688515,1.19846287266438,0.420945539946678
"24","ACTR6",-0.0789384150000001,2.65416900428627,0.212927878558486
"25","ACTR8",-0.084329535,5.02816735663898,0.0747375723282462
"26","ADAR",-0.0951170100000001,2.05021072428674,0.288872862426811
"27","ADAT2",-0.08470335,1.66793153519355,0.237308067139292
"28","ADAT3",-0.0907756149999999,2.71419079932029,0.13365112449926
"29","ADNP",-0.0638057249999999,1.15747886590413,0.40707263699924
"30","ADRM1",-0.029188685,0.933510149769536,0.503596566304174
"31","ADSL",-0.14929177,2.85116064661888,0.191566892429029
"32","ADSS2",-0.0811009050000001,1.49967996775648,0.289778361432516
"33","AFG3L2",-0.020678235,0.910977970855755,0.458570340376145
"34","AHCTF1",2.78499999999404e-05,-0.00132482899865408,0.999134295015333
"35","AHCY",-0.06839941,2.13389645888744,0.211016574461517
"36","AHCYL1",-0.102507615,1.68327480472894,0.252170456533473
"37","AHR",-0.03847917,1.2794887998909,0.392191776411575
"38","AIFM1",-0.016311645,0.503458633387699,0.699035875090921
"39","AK2",-0.14759193,3.12319004413683,0.185019322918013
"40","AK6",-0.0470753000000002,5.94612594736889,0.0278042670397209
"41","AKIRIN2",0.026582055,-0.691071362070825,0.57337353083792
"42","ALDH18A1",-0.0891795399999999,3.61259040993311,0.135263694666242
"43","ALDOA",-0.127812205,1.11755365545574,0.386563913343805
"44","ALG1",-0.05659817,2.25114806499314,0.221847118860589
"45","ALG11",0.03033407,-1.49053084931857,0.303966255462561
"46","ALG12",-0.078751355,1.17343919437293,0.416975421765808
"47","ALG13",-0.010975755,0.381285373257042,0.753577758112421
"48","ALG14",-0.0567960199999999,2.34493909813819,0.248625257209069
"49","ALG2",-0.00400450500000005,0.131929747858081,0.91557357061801
"50","ALG8",-0.0791445049999999,3.06555225459846,0.200545453827168
"51","ALYREF",-0.081540015,11.1817200273691,0.0079039574865483
"52","AMBRA1",-0.0348964150000001,0.454485312354406,0.697464788400283
"53","AMD1",-0.102075775,3.29663306131164,0.134866115083804
"54","ANAPC1",0.0106340749999999,-0.319790408373111,0.780440538413291
"55","ANAPC10",-0.0499005,2.5080751931283,0.218461273912906
"56","ANAPC11",-0.00609672500000014,0.160894812573099,0.897281342575379
"57","ANAPC13",-0.09429575,1.98893353403593,0.236474350802445
"58","ANAPC15",-0.115748705,1.67816097321078,0.342063427242007
"59","ANAPC2",-0.08827913,1.61244825174379,0.348836389023222
"60","ANAPC4",0.00414763500000004,-0.119417754703494,0.915864240048104
"61","ANAPC5",-0.01059013,0.369652861738613,0.758363499688464
"62","ANKLE2",0.0765494349999999,-0.761816919515336,0.567671303192584
"63","ANKRD11",-0.03452715,0.486150389563551,0.699044988786998
"64","ANKRD17",-0.0496367850000001,1.49327144108344,0.342667727591767
"65","ANKRD49",-0.07554558,1.4012772256363,0.310324765693386
"66","ANLN",-0.24666527,10.4308511740429,0.0591939416807347
"67","AP1G1",-0.02588343,1.2707542658908,0.378507664466397
"68","AP2M1",-0.0590624299999999,1.06256887723603,0.433243816978644
"69","AP2S1",-0.036716745,1.75342724552063,0.307722732110108
"70","APC",-0.0281535099999999,1.65557882599738,0.340088035198485
"71","APEX2",-0.04948606,1.53855742693518,0.307052852047333
"72","AQP7",-0.020375025,0.484766035278034,0.679220991364301
"73","AQR",-0.04684967,3.02217059758717,0.132101082012041
"74","ARCN1",-0.042843325,1.06702465846544,0.470534488399828
"75","ARF1",-0.10928172,1.35688258856834,0.334409742905232
"76","ARF4",-0.106832865,3.11238881848092,0.116057246479775
"77","ARF6",-0.0260682299999999,0.543076776910227,0.649181337648765
"78","ARFRP1",-0.0519785650000001,0.929865609909664,0.453710943498089
"79","ARHGAP29",-0.0633809350000001,2.74064106239395,0.209870449480221
"80","ARHGEF7",-0.0488152749999999,1.25672013696467,0.424715024326382
"81","ARID1A",-0.071199375,1.28774057935689,0.420343608247084
"82","ARID2",-0.0318010950000001,1.6139900203033,0.306093329324858
"83","ARID4B",-0.036483225,1.95886554211606,0.277940609441269
"84","ARIH1",-0.050521795,0.62416618141214,0.639189853087214
"85","ARIH2",-0.126252175,1.9554750306951,0.273077664463517
"86","ARL2",-0.09825902,0.827297918909124,0.557343629475523
"87","ARMC5",0.03630366,-0.371375037526009,0.769351330511854
"88","ARNT",-0.0577567449999999,4.06479368030388,0.107475169267918
"89","ARPC3",-0.11720875,2.45356782571846,0.237383184167589
"90","ARPC4",-0.00640826500000002,0.27731502467227,0.82704671390944
"91","ASCC3",-0.07388244,2.87057740686575,0.111402443975897
"92","ASCL1",-0.0855587750000001,2.07191152018382,0.270716466803642
"93","ASNS",-0.0570512949999999,1.40890249043008,0.304192609846576
"94","ASPM",-0.16140115,2.04678373442037,0.271190613263328
"95","ATF4",-0.0420289700000001,1.04463960440656,0.432477965926692
"96","ATG9A",-0.0440541999999999,0.594539744117246,0.634234130389688
"97","ATIC",-0.06340807,1.7049172385304,0.257038564132198
"98","ATL2",-0.04105801,1.74390839827564,0.329303866185384
"99","ATMIN",-0.0133626050000001,0.631786723978703,0.616784484940985
"100","ATP1A1",-0.0246922599999999,0.673470403006502,0.570366239487752
"101","ATP1B3",-0.00520913500000009,0.100178364140108,0.931354982518891
"102","ATP2A2",-0.0823586700000001,0.754544369640277,0.543012892352046
"103","ATP2B1",0.02610855,-1.75723958990814,0.233432702048447
"104","ATP2C1",-0.085325595,1.47303539250284,0.296286158169453
"105","ATP5F1A",-0.0782672,1.77251798801137,0.281475953405844
"106","ATP5F1B",-0.0192074249999999,0.460687334057163,0.72460767739775
"107","ATP5F1C",0.00225427,-0.0481213913303974,0.969299474109
"108","ATP5F1D",-0.0757799100000001,2.6257008751383,0.119863565391358
"109","ATP5F1E",-0.0268473650000001,0.653115124294377,0.623925172066392
"110","ATP5ME",-0.0650591500000001,2.02383558276918,0.203085110369649
"111","ATP5MF",-0.0325873800000001,1.01581035914047,0.464248821781261
"112","ATP5MG",-0.0615119200000001,1.50079290355547,0.290770019986258
"113","ATP5PB",-0.073514385,1.66756078233327,0.302556661812389
"114","ATP5PO",-0.073833675,2.3779188968908,0.164221765054015
"115","ATP6AP1",0.000475745000000027,-0.00737816692422395,0.994785071247626
"116","ATP6AP2",-0.00210076999999997,0.0514538595159725,0.965273856018117
"117","ATP6V0B",-0.00851485500000004,0.130277110904151,0.908370616888627
"118","ATP6V0C",0.05709007,-0.69790324137968,0.603984528841471
"119","ATP6V0D1",0.00914324499999997,-0.14652707716917,0.899375868573072
"120","ATP6V0E1",-0.1227094,3.36346256672101,0.154921214897133
"121","ATP6V1A",-0.00883769499999998,0.149036011161771,0.905724174617645
"122","ATP6V1B2",0.0181932800000001,-0.364312589544392,0.773950073404494
"123","ATP6V1C1",-0.0167016050000001,0.339002141716838,0.788743978905496
"124","ATP6V1D",-0.067506175,1.14593737197715,0.397331487460929
"125","ATP6V1E1",0.009014525,-0.123421196087408,0.921327933831162
"126","ATP6V1F",0.00862823000000001,-0.150254934403157,0.899669814502257
"127","ATP6V1G1",-0.0116220499999999,0.224360652176444,0.846423949771864
"128","ATP6V1H",-0.022639055,0.363008646959612,0.772202660094849
"129","ATR",-0.0589773450000001,1.50114449781785,0.334231761615385
"130","ATRIP",-0.0299064499999999,1.40066412854008,0.302092351066835
"131","ATXN7L3",-0.0291450950000001,0.356275201183316,0.772601210570264
"132","AURKA",-0.122608595,7.04359509199033,0.0332111802689365
"133","AURKB",0.06805083,-3.41685629359582,0.108312326221774
"134","BANF1",-0.00313018999999998,0.0999551147430047,0.92949694069225
"135","BANP",-0.02757168,0.679883546455972,0.567118571033024
"136","BAP1",-0.039692775,0.801450802730211,0.507395698792994
"137","BARD1",-0.0685033050000001,3.26448313839471,0.0881036447542591
"138","BCAR1",0.0141826350000001,-0.476404722800432,0.704820289969343
"139","BCAS2",0.028420085,-0.64944463004879,0.595782122818465
"140","BCL2L1",0.0269923,-1.28461698371737,0.338627699253097
"141","BCL6",-0.0368618350000001,1.0605821107267,0.427564562857719
"142","BCL9",-0.00743475500000002,0.0719712463374141,0.952100546823555
"143","BCLAF1",-0.0746700050000001,10.8133877382333,0.00858788292430781
"144","BCS1L",-0.0977140999999999,2.16062552475872,0.27593864335176
"145","BDP1",-0.0588951099999999,2.08430084224789,0.176910190602949
"146","BET1",-0.0904550199999999,3.3299288418744,0.0803752583310003
"147","BIRC2",-0.0728189100000001,2.86991156741328,0.159407920520803
"148","BIRC5",-0.00780174,0.162433953120358,0.895924155198247
"149","BIRC6",-0.01140013,0.833780932361477,0.529323737679901
"150","BMPR1A",0.043412625,-0.415043707740917,0.749133239390841
"151","BMS1",-0.084792035,13.9953850101843,0.0133891399924381
"152","BNIP1",-0.144795165,5.49304454541532,0.0679337978728929
"153","BOP1",0.03798409,-1.00005263981107,0.431782477459784
"154","BORA",-0.0892597000000001,4.5800770700021,0.0888601672036999
"155","BPTF",-0.0642144299999999,1.02348841043741,0.433587051721829
"156","BRAF",-0.053614105,1.19938320499813,0.369032591267695
"157","BRAP",-0.00156319999999999,0.0843563946918841,0.941698683896771
"158","BRAT1",-0.00630654999999991,0.222984121019558,0.844663425957324
"159","BRCA1",-0.10922882,3.18310578338356,0.107715119699457
"160","BRCA2",-0.0469077849999999,1.2027971764639,0.403278637273168
"161","BRD2",-0.0542358249999999,1.1304050052582,0.376882379144664
"162","BRD4",-0.018240645,0.528103849544091,0.685956790367943
"163","BRF1",0.00153779999999992,-0.0442623559222477,0.968898876146978
"164","BRF2",-0.056350185,1.33967453120284,0.314617786210747
"165","BRIP1",-0.138564795,2.91817807592537,0.161552012077211
"166","BRIX1",-0.0855644,2.42962921300815,0.135791163685082
"167","BRK1",-0.0221412050000001,0.929184891884278,0.506753549665308
"168","BRPF1",-0.0606444849999999,2.55510063002382,0.1359137392835
"169","BTAF1",-0.17544525,4.19852892578555,0.0878107627845973
"170","BTF3",-0.0886092550000001,1.71286219831898,0.236827900712989
"171","BUB1B",-0.16187938,11.2845002868334,0.0454350656719442
"172","BUB3",-0.0380876,0.962993056022623,0.492103653048593
"173","BUD13",-0.112125635,1.83716110510837,0.2823547560555
"174","BUD23",0.0215426,-0.145570829718668,0.907114905210478
"175","BUD31",0.042560235,-1.48513377936451,0.2930009431167
"176","BYSL",-0.020269965,1.00890017921757,0.484056517521297
"177","C1D",-0.164643495,4.35789859688888,0.128239282295436
"178","C1QBP",-0.111925155,1.72009707277294,0.288952956454957
"179","C3orf38",-0.0206110300000001,0.342473119904214,0.789930477544488
"180","CAB39",-0.0585850799999998,1.51683807523167,0.309187791152904
"181","CACTIN",-0.111381825,0.811805075539493,0.561431364261195
"182","CAD",-0.163254125,2.9374864121388,0.100613071978173
"183","CAMLG",-0.00468747999999997,0.111296695569954,0.926356644042038
"184","CAND1",-0.00158417,0.127655203717105,0.919116069087121
"185","CAP1",-0.015421015,0.558732901722358,0.633623019116492
"186","CAPRIN1",-0.1568738,8.30618295972335,0.0146290915815392
"187","CAPZB",-0.057815425,1.30948306985103,0.393714140438683
"188","CARM1",-0.04095268,2.04170784722751,0.199057163023044
"189","CARS1",-0.018438595,0.486163093458717,0.711914193442057
"190","CARS2",-0.197732885,3.72488872605901,0.157786137008776
"191","CASC3",-0.13101839,2.01556503417115,0.211846992048759
"192","CBFB",-0.14161587,0.989672893626868,0.50237022905584
"193","CBLL1",-0.0358279100000001,0.937954152500819,0.469908965177896
"194","CCAR1",-0.1344021,2.36711301586807,0.170611948273851
"195","CCDC115",-0.0112555499999999,0.170188893326677,0.89044135678519
"196","CCDC22",-0.105241275,2.16802326830766,0.18237811670962
"197","CCDC51",-0.27079619,2.12710279816416,0.210868204398777
"198","CCDC6",-0.056311355,1.36067520025295,0.318605697376564
"199","CCL4",-0.033398305,0.321107241682454,0.781711888686433
"200","CCNA2",-0.1260514,3.06011042874294,0.155884890029554
"201","CCNB1",-0.10271765,18.3012703635753,0.00428291018556726
"202","CCNC",-0.01421385,0.202270940820901,0.870110145861251
"203","CCND1",0.093231535,-2.16181328452688,0.18290053715407
"204","CCND2",-0.063908975,1.24990503804831,0.340613790729191
"205","CCND3",0.00101897500000003,-0.036051682634898,0.976630545074196
"206","CCNE1",-0.10701297,3.39131745067574,0.123952610004322
"207","CCNF",-0.195558275,5.54457709092087,0.113594509171817
"208","CCNH",0.0216593650000001,-0.311026427568931,0.800512416162515
"209","CCNK",-0.000183105000000072,0.00234668590929204,0.998418843681563
"210","CCNL1",-0.0205648250000001,0.628217799370077,0.642181868003539
"211","CCT2",-0.08226281,2.87528205505081,0.124420806609373
"212","CCT3",0.00952788000000004,-0.305596639343258,0.801776883488762
"213","CCT4",-0.0232887949999999,2.50314350656132,0.241794512660392
"214","CCT5",-0.067982155,1.85868735485969,0.271571511442923
"215","CCT6A",0.01319508,-0.70229401650675,0.556084405598225
"216","CCT7",-0.0284144199999999,0.537940264490571,0.64516795048646
"217","CCT8",-0.04236637,2.43240671045283,0.157857346883345
"218","CD2BP2",-0.11920885,1.61782381829533,0.352156975834503
"219","CDAN1",-0.00122637000000003,0.0281310780653678,0.98096656435218
"220","CDC123",0.125769,-1.52256882207669,0.345694206571954
"221","CDC16",0.01555312,-1.85888043798557,0.224877568209195
"222","CDC20",-0.028672575,0.458933064127308,0.724145662184233
"223","CDC23",0.0599337049999999,-2.50671652241902,0.129117304840763
"224","CDC25B",-0.059710985,1.13122639736618,0.45985874909245
"225","CDC26",-0.03259801,0.65706258575231,0.598653473602097
"226","CDC27",0.01367985,-0.29005013605617,0.80989620322275
"227","CDC37",-0.06487392,2.23099599678255,0.155733977367316
"228","CDC40",-0.169672065,2.24182600532512,0.168463375950394
"229","CDC42",-0.0107686600000001,0.404162254130636,0.729261824327363
"230","CDC45",0.052061525,-0.650673631738455,0.584373299636878
"231","CDC5L",-0.058194475,3.02952135817301,0.189984771278382
"232","CDC6",-0.0135136950000001,0.626638911958251,0.628927773864968
"233","CDC7",-0.000960445000000032,0.0135205576070018,0.991084685049164
"234","CDC73",-0.03001035,0.745655115494825,0.54228274629659
"235","CDCA3",-0.0533525650000001,1.12397715007882,0.429396363720351
"236","CDCA5",-0.0930160150000001,3.50138045758838,0.0993131096360579
"237","CDCA8",-0.0261324000000001,1.72383069299657,0.275827581971144
"238","CDH1",-0.0615588749999999,0.995403512824975,0.43941763533902
"239","CDH2",-0.03515293,0.702312087466356,0.560386950880931
"240","CDIN1",-0.0773259850000001,1.27479282515836,0.350299166399218
"241","CDIPT",-0.0673480099999999,4.83106722968315,0.0411503984910459
"242","CDK1",0.1103094,-1.24940315651429,0.370914555797998
"243","CDK12",-0.0799670300000001,1.10444897121712,0.429604983538883
"244","CDK13",-0.10545935,1.82420635112007,0.23292363508518
"245","CDK2",-0.040771775,1.44229180023832,0.286339045644604
"246","CDK4",-0.0475533250000001,2.48329875484304,0.19252990829923
"247","CDK6",-0.048375825,3.95787257610991,0.0598906076166358
"248","CDK7",-0.00874227999999994,0.19957073693787,0.866580899651142
"249","CDK8",-0.11045322,2.69084571918625,0.11796228001331
"250","CDK9",-0.0288668000000001,1.07080367463139,0.410172043875391
"251","CDKN1A",-0.069865105,1.87257184997359,0.29760199118855
"252","CDS2",-0.06118745,5.00098962193001,0.112407608571009
"253","CDT1",0.027979685,-0.3430933475251,0.776398473668799
"254","CEBPZ",-0.0773735950000001,3.49583966627774,0.168662623990169
"255","CENATAC",0.03851022,-0.698178168437699,0.601332579310882
"256","CENPA",-0.112963825,15.2690626327782,0.0101283196202086
"257","CENPC",-0.0574128999999999,1.35321329122199,0.398779234927454
"258","CENPE",-0.07105724,1.32229933565065,0.405134002940344
"259","CENPH",-0.12311367,1.23193947297147,0.423860505876038
"260","CENPI",-0.115322395,8.78564879935646,0.0219817915910075
"261","CENPK",-0.03518069,0.743738809635167,0.56133950938124
"262","CENPM",-0.0761500750000002,2.61970250071219,0.124938858066963
"263","CENPN",-0.0592648,2.77995332794597,0.183445888442137
"264","CENPO",-0.11940056,2.623518802581,0.130901786267745
"265","CENPP",-0.121153315,5.97081846527739,0.0934085987614358
"266","CENPT",0.07744788,-1.6128476858002,0.297896618352758
"267","CENPW",-0.03288315,1.36460684599957,0.36884454350883
"268","CEP192",0.012261545,-0.322656334463294,0.800279856414616
"269","CEP43",-0.0598118700000001,0.697443603945924,0.611682231969851
"270","CEP55",-0.18958515,7.24483103305492,0.0872740685329046
"271","CEP85",-0.0171925799999999,0.481000555457559,0.71385094993673
"272","CEPT1",-0.0460185800000001,1.57164700821474,0.263135107654442
"273","CERS2",-0.06902147,1.07706294952635,0.399805800583077
"274","CFAP20",-0.0548624,1.55753002102266,0.354887207917767
"275","CFAP298",0.0132077799999999,-0.346001351979703,0.769301590672429
"276","CFL1",-0.10488322,2.10704576938527,0.170530923904241
"277","CFLAR",-0.0271210400000002,0.65674166847449,0.60795559135614
"278","CHAF1A",-0.029729965,0.763820413810271,0.568861010876894
"279","CHAF1B",0.03440744,-0.405233893557088,0.753886672132273
"280","CHCHD4",-0.0292649999999999,1.59394610683483,0.346303348095389
"281","CHD1",-0.094685555,3.89962933483378,0.142399209131728
"282","CHD4",-0.0427716499999999,1.31260801128347,0.39042359386947
"283","CHD7",-0.12333733,9.98028698109708,0.0258108253223805
"284","CHD8",0.00309649499999998,-0.103473897005379,0.927797687270647
"285","CHEK1",-0.0409652899999999,1.17516911331734,0.383447944145514
"286","CHERP",0.0315636549999999,-0.339249521504538,0.774287174237588
"287","CHKA",-0.06199317,2.88281533292353,0.125807493581445
"288","CHMP2A",0.0587881699999999,-1.18358031642202,0.443389993654723
"289","CHMP3",-0.05839878,1.25582159018748,0.350497899548343
"290","CHMP4B",0.0372320700000001,-0.735542422133857,0.577052109365479
"291","CHMP5",-0.08651916,3.97999090536164,0.0577231119291587
"292","CHMP6",-0.10863049,2.45870370087331,0.185926394313587
"293","CHMP7",-0.03468986,0.856770535591997,0.542939729680093
"294","CHORDC1",-0.064363775,1.43121937299048,0.310851290328083
"295","CHP1",-0.071109395,2.59345797065456,0.233799406421478
"296","CHTF18",-0.14562516,5.2146343382842,0.0598685245850877
"297","CHTF8",-0.07304773,10.7055574751125,0.00906020553933475
"298","CIAO1",-0.0322489499999999,0.911161334342795,0.506842150707891
"299","CIAO2A",-0.111528615,1.38263284917914,0.389082299764173
"300","CIAO2B",-0.0456778799999999,1.3654829867851,0.392138611036807
"301","CIAO3",0.0902371800000001,-1.81761850793511,0.239823128879512
"302","CIAPIN1",-0.03288663,1.0984186606079,0.445269134035
"303","CINP",-0.06005232,1.21142367674832,0.355103144776573
"304","CIT",-0.0772690699999999,5.9251773495936,0.0991293988069959
"305","CKAP5",-0.021277405,0.442254654174863,0.73234968748306
"306","CKS1B",-0.15840504,5.87168276906628,0.104389622732323
"307","CLASRP",-0.0560084750000001,0.492268331989151,0.686577281588652
"308","CLNS1A",-0.00841122500000002,0.20184708137074,0.872962496519761
"309","CLP1",-0.05789004,1.51399231951713,0.320798245193833
"310","CLPB",-0.0859597449999999,1.1859545105961,0.388502413912511
"311","CLSPN",-0.025424545,0.733689839357737,0.539987905303402
"312","CLTC",-0.05493195,12.4066100073393,0.0150691234449513
"313","CMIP",0.03805155,-1.07304864296108,0.399513454417922
"314","CMPK1",-0.137922645,10.7359609778003,0.0526363826225394
"315","CMTR1",-0.024051885,0.37824784581914,0.747583046989037
"316","CNIH4",0.025881905,-0.67086253807602,0.583645428130862
"317","CNOT1",-0.0118453049999999,0.155327644090999,0.90153011362808
"318","CNOT11",-0.043397865,0.483709547106642,0.693180616912375
"319","CNOT2",-0.00500508,0.367907648713029,0.753970064633287
"320","CNOT3",0.08674735,-3.14649826928562,0.10656359969007
"321","CNOT4",-0.0755906500000001,1.21743833361469,0.37567637778781
"322","CNOT9",-0.127339015,1.87890591806274,0.209045860475945
"323","COA3",-0.056872565,0.746463485867684,0.535765071094767
"324","COA5",-0.06862233,3.2793876980588,0.139281924109445
"325","COA6",-0.0463057650000001,1.08045852415572,0.393773867170771
"326","COASY",-0.087718035,1.08780013119582,0.468056122290405
"327","COG1",-0.036831555,0.72378065575135,0.546870110222561
"328","COG2",-0.0584783249999999,1.36951289410286,0.309117382110896
"329","COG3",-0.0124275650000001,0.368437826716364,0.773800510520194
"330","COG5",0.000664470000000028,-0.0312326199248893,0.977942288550274
"331","COG7",-0.071009685,0.860513465026742,0.511009386633722
"332","COG8",-0.00359249000000006,0.110333173075279,0.922284038200379
"333","COP1",-0.00631317999999992,0.241973032505483,0.845611295605486
"334","COPA",0.0147249150000001,-0.242573231270032,0.848497703202284
"335","COPB1",0.084486025,-1.19088068489342,0.413704140741433
"336","COPB2",0.06107598,-1.53058058629829,0.286865176938672
"337","COPE",-0.0483439000000001,1.94919926918216,0.279588159225781
"338","COPG1",-0.0396277749999999,0.672354044410248,0.596969736604086
"339","COPS2",-0.0999628699999999,1.54409863930925,0.350910660637287
"340","COPS3",-0.090674505,3.38917180559978,0.132736561276766
"341","COPS4",-0.097951775,1.69144095291412,0.312535467655083
"342","COPS5",0.00467938500000004,-0.183453009135042,0.87201268131524
"343","COPS6",-0.039054275,8.77102514976074,0.0129738909005577
"344","COPS8",-0.118298775,1.95921019076457,0.227879050741284
"345","COPZ1",-0.09767177,3.19043431010995,0.106670045413448
"346","COQ2",-0.0382421500000001,0.893552048935594,0.534592007285388
"347","COQ4",-0.022536255,0.574833562531669,0.630330113302107
"348","COQ7",-0.0202467200000001,0.542681425527207,0.647175277268551
"349","COX10",-0.057428315,1.73111969441611,0.254004301541152
"350","COX11",-0.07299745,1.82142659852107,0.245178366509176
"351","COX15",-0.060504895,1.1671248908724,0.363786331848732
"352","COX17",-0.0580752850000001,1.40995921320599,0.302752372354334
"353","COX18",-0.105367335,4.01261543596547,0.155272568701115
"354","COX19",-0.060961015,1.96374415954897,0.240009461355113
"355","COX4I1",-0.03735095,0.960571986416079,0.439648327963263
"356","COX5A",-0.0327778150000001,0.915386271078361,0.459397181935094
"357","COX5B",-0.07439029,1.85187986210499,0.216072120050616
"358","COX6A1",-0.0166456400000001,0.541890938158356,0.643209264684441
"359","COX6B1",-0.01581904,0.410598258503906,0.741783942017963
"360","COX6C",-0.0467666400000001,0.96561197077241,0.439140561816821
"361","COX7B",-0.011183315,0.393740035120609,0.745233107940466
"362","COX7C",-0.082174025,5.49805682285066,0.112772320485923
"363","CPOX",-0.0701452,2.42598265445437,0.143849163523979
"364","CPSF1",-0.00801092999999997,0.253318276059209,0.842048014026426
"365","CPSF2",-0.06771906,2.11820935292613,0.280714246966019
"366","CPSF3",-0.001160155,0.0252313499883637,0.982214066622659
"367","CPSF4",-0.01879595,0.310392361521866,0.786179891690711
"368","CPSF6",-0.07573058,1.07648717668235,0.437260875357353
"369","CRAMP1",-0.09473538,1.93176095264816,0.199476298734469
"370","CRCP",0.00900910499999996,-0.545947296041726,0.639914086321912
"371","CREBBP",-0.0530989199999999,1.07793850330108,0.395248406987431
"372","CRK",-0.0312979950000001,0.523113781756284,0.681820457771436
"373","CRKL",0.0338840800000001,-0.738097163171342,0.548313547718197
"374","CRLS1",-0.03250357,0.575265737999721,0.623208585660193
"375","CRNKL1",-0.071430295,1.13271648768677,0.378913783345944
"376","CRTC3",-0.076313365,1.07007344971912,0.435389874947345
"377","CSDE1",-0.0430714249999999,1.42425696252877,0.387905263787959
"378","CSE1L",-0.0356656,0.394775134773854,0.737034833558028
"379","CSH2",-0.094171185,3.75370996618852,0.156169654282455
"380","CSK",-0.08163353,2.57413249033498,0.235882799792421
"381","CSNK1A1",-0.103464585,2.64561349108703,0.140611110242508
"382","CSNK2A1",-0.12856668,3.76058961540269,0.0656904325652471
"383","CSNK2B",0.019650455,-0.479332144067054,0.704500363020861
"384","CSTF1",-0.0908351249999999,1.79065736559038,0.249087223667007
"385","CSTF2",-0.1615881,1.14703234309428,0.424547403478592
"386","CSTF3",-0.04907023,1.12597037164988,0.4586319468958
"387","CTC1",0.12873901,-14.8872222976235,0.0330101674704021
"388","CTCF",0.027548575,-0.308947287466808,0.802463717856164
"389","CTDNEP1",-0.0429770600000001,1.59211557212777,0.349901767397816
"390","CTDP1",0.00572569999999994,-0.180940986952742,0.876142305369646
"391","CTDSPL2",-0.057929935,1.56994422224175,0.269752377188186
"392","CTNNA1",-0.0662932850000001,1.09445034427189,0.395131391858638
"393","CTNNB1",-0.060936225,1.84226784953046,0.235225734825204
"394","CTNNBL1",-0.00152105000000002,0.0251857966881122,0.983759644235726
"395","CTPS1",-0.0630842899999999,0.969077377177631,0.438156751510214
"396","CTR9",-0.10119372,4.67208581974463,0.133412181255584
"397","CTU1",-0.10258521,2.27543397213149,0.151253629290565
"398","CTU2",-0.0955707399999999,2.01500661076381,0.26028195752276
"399","CUL1",-0.1373291,3.31558959024946,0.179228758433207
"400","CUL2",-0.126756085,68.614622287521,0.000266957399910684
"401","CUL3",-0.11171597,5.25023096221538,0.0872135141101926
"402","CWC22",-0.0774856800000001,3.77778584101327,0.162111317603608
"403","CWF19L2",-0.0774549100000002,3.0076939004902,0.115690309516442
"404","CXXC1",-0.063787775,0.883689265744111,0.473521873809251
"405","CYB5B",-0.0455184150000001,1.3807023452541,0.335636274907616
"406","CYB5R4",-0.04389656,0.761702453297943,0.558181409764422
"407","CYC1",-0.0384246499999998,1.340750201112,0.312408820231538
"408","CYCS",-0.0417375,1.11581423168342,0.393429829660067
"409","DAD1",-0.04451552,1.27534658561896,0.36433287821328
"410","DAP3",-0.0969384249999999,4.08979153251176,0.0887102506989589
"411","DARS1",-0.017878095,8.5278408157716,0.0159510740389236
"412","DARS2",-0.0560811349999999,3.99366596280558,0.0588481953974915
"413","DAXX",-0.1365052,3.85946064352076,0.11608060788174
"414","DAZAP1",-0.112024345,3.10491066664585,0.194483029632957
"415","DBF4",-0.129488325,6.85390263265217,0.0483875689079546
"416","DBR1",-0.119193015,3.61787570660547,0.0952414127690809
"417","DCAF15",-0.0382352449999999,0.594825110892594,0.616207932432911
"418","DCLRE1B",0.0353777850000001,-0.628824472639501,0.617639964672613
"419","DCP2",-0.08378515,1.81081947174185,0.219111328240133
"420","DCPS",-0.10600352,9.14299940828629,0.0305476084117038
"421","DCTN2",-0.06894855,2.73997135607022,0.220151508623558
"422","DCTN3",-0.07156177,1.00031014494165,0.499899942706545
"423","DCTN5",0.017846575,-0.589791343134226,0.659705926716309
"424","DCTN6",0.04171208,-3.5737006845786,0.120602662852882
"425","DDB1",-0.01224904,0.675055299090295,0.609205194890633
"426","DDI2",-0.0657208250000001,1.29101722363144,0.351952076697977
"427","DDOST",-0.0487962199999998,2.79400479160322,0.140705732880688
"428","DDX10",-0.106059065,4.28941132528076,0.0982113733656271
"429","DDX11",-0.015844525,0.495487611260983,0.701022882002512
"430","DDX18",-0.023857315,0.432026162692371,0.728649223399874
"431","DDX19A",0.0253842200000001,-0.668582505215075,0.583977706771597
"432","DDX20",-0.1067144,4.29778075778408,0.0710209680382985
"433","DDX21",-0.03530647,2.92112565502574,0.197326637328232
"434","DDX23",-0.0764801150000001,3.97158401317055,0.0907781604511334
"435","DDX27",-0.031653795,1.64140945718773,0.26118530890697
"436","DDX28",-0.082900475,3.74638674801874,0.0931187577571868
"437","DDX39B",-0.09071976,1.89900842811953,0.241071447707145
"438","DDX3X",-0.077727185,9.5230615903136,0.0331712844298327
"439","DDX41",-0.04511128,1.25178516170253,0.358732280918967
"440","DDX42",-0.0485075800000001,1.30510376434649,0.324585581210557
"441","DDX47",-0.04675632,1.46883046860444,0.289087620043526
"442","DDX49",0.01768562,-0.946957163230015,0.463723812079962
"443","DDX5",-0.143545615,1.87121140304312,0.285925371319149
"444","DDX51",-0.110060085,4.0820742222241,0.055102733712179
"445","DDX52",-0.090002385,1.56391131822455,0.281569402186507
"446","DDX54",0.00050443,-0.026667268059336,0.982423113581598
"447","DDX56",-0.05567793,2.72565882375266,0.216155107802015
"448","DDX6",-0.0159082699999999,0.239725667960573,0.842154252291435
"449","DENR",-0.085695255,1.88932678159179,0.207055252029829
"450","DERL2",0.00969970000000009,-0.171812588781349,0.885041541549345
"451","DET1",-0.0432474350000001,1.24498349378639,0.373795105903421
"452","DHDDS",-0.10917836,22.009845702379,0.00211782822233553
"453","DHFR",-0.00593743499999988,0.114112131517114,0.919572045974178
"454","DHODH",-0.10686468,4.72005416709267,0.132908659768366
"455","DHPS",-0.0647583700000001,3.45979893241835,0.0779287098475487
"456","DHX15",-0.0637838150000001,2.70601332734412,0.223242986297785
"457","DHX16",-0.0228461049999999,0.544957592715181,0.682271994494329
"458","DHX29",-0.186263955,3.63253985575686,0.100753388597813
"459","DHX30",-0.1291211,3.90955746609463,0.140709102047972
"460","DHX33",-0.05421037,3.12615350049404,0.127777414368725
"461","DHX35",-0.193456905,2.46378746718188,0.168979145937378
"462","DHX36",-0.09893387,1.27680462070904,0.407937148279074
"463","DHX37",0.042844925,-0.771622902645086,0.571288745123353
"464","DHX8",0.01913312,-0.362914983935806,0.777348682630435
"465","DHX9",-0.02530656,0.372415952169056,0.747391074478109
"466","DICER1",-0.0698720499999999,2.17221900434542,0.180023333084712
"467","DIDO1",-0.11361758,2.46767663682952,0.138399150809551
"468","DIS3",-0.14863667,3.33583847526325,0.118767762723366
"469","DKC1",-0.0771971050000001,4.7180180924203,0.0422755865641004
"470","DLD",-0.0432708100000001,1.6039145340729,0.337332773265191
"471","DLG5",-0.07689998,1.42746033487634,0.34693038891722
"472","DLST",-0.016888985,1.03903281979333,0.472921740683644
"473","DMAP1",-0.00134169499999992,0.0253832517485676,0.983619624314436
"474","DNAAF10",-0.03760388,3.00014137359988,0.109693242134005
"475","DNAAF5",-0.139162755,6.838325690069,0.0255750460063961
"476","DNAJA1",-0.0913010700000001,1.52282666824786,0.357505792923655
"477","DNAJA3",-0.0427131299999999,0.897506467957296,0.479099251367247
"478","DNAJC11",-0.1762654,8.55011447093641,0.0487883400788907
"479","DNAJC13",-0.031618685,1.08028138836644,0.407825724686177
"480","DNAJC17",-0.023392065,1.79102353153209,0.29282198878818
"481","DNAJC19",-0.07060799,4.01191931514183,0.155397819593791
"482","DNAJC2",-0.183461325,12.593085061333,0.0503023413472221
"483","DNAJC21",-0.10303866,2.54485566139358,0.236014411663347
"484","DNAJC9",-0.035784305,0.594598311019696,0.647996411624687
"485","DNLZ",0.0111925199999999,-0.263600262989597,0.831092087719071
"486","DNM1L",-0.09055241,4.18879727277563,0.122263348932669
"487","DNM2",-0.062856855,2.7380363903784,0.222457401688663
"488","DOCK5",-0.06669797,1.7287309196987,0.226023464128834
"489","DOHH",-0.0490567000000001,1.40630520479587,0.295929388429471
"490","DOLK",-0.06679905,2.69015437898406,0.181455879674382
"491","DOLPP1",-0.06220548,1.66325843500836,0.252757359882959
"492","DONSON",-0.073715025,0.834019383538156,0.555202342338993
"493","DOT1L",-0.125364,4.66777735722562,0.0543120324823086
"494","DPAGT1",-0.00193346000000005,0.115721844427229,0.926612894525797
"495","DPF2",-0.134405545,0.974372269162128,0.502749259787628
"496","DPH1",-0.00726222499999996,0.189394307639486,0.876087959130906
"497","DPH2",-0.14800353,3.53232050875551,0.174759102437887
"498","DPH3",-0.0361201999999999,0.593490312539104,0.649713378242482
"499","DPH5",-0.147057475,6.68817814746243,0.0941369508656472
"500","DPH6",-0.04411805,0.994707472783085,0.492841665196724
"501","DPM1",-0.0590112500000001,2.01479706966077,0.267919347909858
"502","DPM2",-0.04071406,7.16302575212088,0.0249902541257201
"503","DPY19L2",-0.0653533000000001,2.06515341371296,0.195074348414764
"504","DPY30",-0.0154861450000001,0.46331021907958,0.693286640498108
"505","DR1",-0.09453962,2.69435536779422,0.213461698280884
"506","DRAP1",-0.10554725,1.22111727741332,0.400601462022966
"507","DSCC1",-0.02758007,0.506577066092419,0.676402928296811
"508","DSN1",-0.0115437700000001,0.416450714968104,0.724869648224456
"509","DTL",0.04428917,-1.34258253208126,0.321921453660272
"510","DTYMK",0.0148758699999999,-0.383892369829155,0.749239832095565
"511","DUSP4",-0.0535799800000001,2.73675645212203,0.14956740515443
"512","DUT",0.063118785,-1.01539531549712,0.451952851686981
"513","DYNC1H1",-0.04041552,1.87080436995298,0.299805402256577
"514","DYNC1I2",-0.069596125,1.72050274125522,0.317934326832563
"515","DYNLL1",-0.13588456,3.2850528919182,0.187068189558498
"516","DYNLRB1",0.028326085,-1.69891935381769,0.264186783713008
"517","DYRK1A",-0.0593857249999998,1.36268309782799,0.308032546623546
"518","E2F1",-0.0446724749999999,1.50080763303108,0.273795235759966
"519","E2F3",-0.057933995,5.91981528867979,0.0281711277490027
"520","E4F1",-0.0837300300000001,1.13438750373654,0.381232033246198
"521","EAF1",-0.05134573,0.916468120977853,0.470090294517873
"522","EAPP",-0.050702175,1.4628184395117,0.378463097310168
"523","EARS2",-0.0417573599999999,1.22387057782327,0.346950374665171
"524","EBNA1BP2",-0.0698138349999999,10.3521015504465,0.0157835861723773
"525","ECD",0.0515123,-0.776182176293376,0.524481234644891
"526","ECT2",-0.13005654,3.09565595166973,0.0952347912970233
"527","EDF1",-0.093511795,1.27998648979006,0.409045199070616
"528","EED",-0.10580517,3.81968202803512,0.10395202743129
"529","EEF1A1",0.057473405,-1.4403148330213,0.289012431206772
"530","EEF1B2",-0.172372775,2.42346854017408,0.144706619223079
"531","EEF1G",-0.0992778400000001,2.42236015186795,0.142055335746619
"532","EEF2",0.04324607,-0.912686881182029,0.482178271152762
"533","EEF2KMT",0.015749865,-0.255132268758036,0.839618346748321
"534","EEFSEC",-0.0971888950000001,1.59055778592501,0.29842434081574
"535","EFL1",-0.103515925,4.72703607066629,0.128907467756005
"536","EFR3A",-0.142026825,1.28434984462183,0.35822383902916
"537","EFTUD2",0.00473796999999998,-0.130806516934807,0.917174442683397
"538","EGFR",0.0156514149999999,-0.331425782201911,0.777488933166561
"539","EGLN1",-0.123936245,4.36405617769592,0.0693609594037738
"540","EIF1",-0.0295185800000001,0.544218916108069,0.643517260320824
"541","EIF1AD",-0.0483028749999999,1.31185153176224,0.387563918425282
"542","EIF1AX",-0.12219581,2.19986259106515,0.217157904389856
"543","EIF2AK4",-0.1955867,4.84455991829052,0.114312807661246
"544","EIF2B1",-0.0751704299999999,1.63644200809372,0.295368500527431
"545","EIF2B2",-0.0251772800000001,0.505633334069053,0.669142822325833
"546","EIF2B3",-0.075851775,2.0350295529074,0.239479258186047
"547","EIF2B4",0.0837328549999999,-2.02947968354444,0.250969739626308
"548","EIF2B5",-0.011637455,0.167977321267759,0.890956218808045
"549","EIF2S1",-0.0137767799999999,0.293878096602912,0.797281261694179
"550","EIF2S2",-0.054449635,1.74978243895505,0.330448406024927
"551","EIF2S3",-0.0897107500000001,2.28888653330744,0.213872394889468
"552","EIF3A",-0.026745955,0.601383285130733,0.645393069152565
"553","EIF3B",0.0140015849999999,-0.295498726789667,0.79561111593644
"554","EIF3D",-0.02015945,1.42897052946481,0.383844849781493
"555","EIF3E",-0.08204272,2.58650995400178,0.141436174415407
"556","EIF3F",-0.0186985,0.675475084526027,0.5908109931609
"557","EIF3G",-0.078309075,2.20993130513296,0.241721060867507
"558","EIF3H",-0.10496825,1.39343984049551,0.318508819654663
"559","EIF3I",-0.0676948799999999,3.03287218523681,0.197374223900002
"560","EIF3J",-0.174392365,6.13188755226217,0.0257432271997902
"561","EIF3M",-0.115012955,1.90573737354348,0.197042914690696
"562","EIF4A1",-0.05930228,1.15365483717178,0.405826182245392
"563","EIF4A3",0.151057875,-1.44603318515273,0.311182342107209
"564","EIF4B",-0.099654535,1.41101800875317,0.311266660348876
"565","EIF4E",-0.10683407,1.61335661206802,0.353148018647855
"566","EIF4E2",-0.204820245,27.5270350566773,0.0230531767613419
"567","EIF4G1",-0.08162888,1.56076676534144,0.300418105479545
"568","EIF4G2",-0.16043803,5.44304809361431,0.0617773705651172
"569","EIF5",-0.07546676,1.85380587611951,0.268773531899133
"570","EIF5A",-0.148579325,3.57233057473979,0.168289145362125
"571","EIF5AL1",-0.158806295,3.86316443845643,0.0975323124580888
"572","EIF6",-0.157162285,2.31317498005193,0.258245546636958
"573","EIPR1",-0.00455173499999995,0.102571620654273,0.934926241899274
"574","ELAC2",0.00632845500000001,-0.160552829583612,0.887680881494807
"575","ELAVL1",-0.10212193,16.1849639734652,0.015914389093257
"576","ELL",-0.0583238150000001,10.7395655789372,0.0304152751653508
"577","ELMO2",-0.0273875899999999,0.454887143215601,0.713791631812153
"578","ELOA",-0.110546185,2.33202043923533,0.207194605888247
"579","ELOB",-0.04512467,1.76968072995293,0.323506291408122
"580","ELOC",-0.0338181400000001,9.20865222065492,0.0455953358068738
"581","ELOF1",-0.0426563049999999,1.22458211139779,0.435796939070711
"582","ELP1",-0.082081135,2.36408542694868,0.254452859622916
"583","ELP2",-0.0554379,0.964129752201058,0.511422415269703
"584","ELP3",-0.07513425,1.54955222313207,0.361433465675104
"585","ELP4",-0.0568358549999999,0.854317214924149,0.517858916655907
"586","ELP5",-0.06649768,1.15023579021792,0.390583358615746
"587","ELP6",-0.074135325,1.24716748394745,0.34585404314875
"588","EMC1",-0.054494635,1.27783541980937,0.417038910286234
"589","EMC2",-0.06799011,1.76059657205491,0.320656553495093
"590","EMC3",-0.057637575,1.30893819000196,0.389443765102939
"591","EMC4",-0.056890595,0.970144767764801,0.469138880549885
"592","EMC6",-0.049788725,1.28240802535479,0.328379098028313
"593","EMC7",-0.0123828500000001,0.533599759135541,0.687323163639693
"594","EMSY",-0.05619022,2.00751579929259,0.185444731917237
"595","ENO1",-0.09960917,2.28229493956311,0.161713139143983
"596","ENY2",-0.04089863,1.6140422827278,0.252668833222365
"597","EP300",-0.0835360500000001,3.96684534960579,0.157201904888292
"598","EP400",-0.05921813,1.1455109355096,0.446047219038198
"599","EPC1",-0.0603285500000001,0.909644477093931,0.520357209840902
"600","EPC2",-0.08173973,1.98390890618063,0.198563905801065
"601","EPRS1",-0.013669915,0.243822145139082,0.845224425171512
"602","ERAL1",-0.0596498749999999,1.07126971408423,0.4772090384514
"603","ERBB2",-0.0357692349999998,0.746487864806956,0.546474190571931
"604","ERBB3",-0.0456801200000001,0.83709608202668,0.510892800166862
"605","ERCC2",-0.0736049099999999,0.976559301648374,0.435222326679874
"606","ERCC3",0.0121383700000001,-0.246682321696655,0.828257782949681
"607","ERH",-0.066204955,1.75943811984605,0.319310511532758
"608","ESCO2",-0.115723085,4.7031647755513,0.0685366426545042
"609","ESF1",-0.05449648,1.82911012410652,0.210018723747298
"610","ESPL1",0.0550467,-1.11140149195022,0.396400552474105
"611","ESS2",-0.02639556,0.789819478426159,0.574212797144846
"612","ETF1",-0.00183244999999999,0.0979415663193185,0.935924361924537
"613","EXOC8",-0.0295543699999999,0.640189625841613,0.592434170468989
"614","EXOSC1",-0.15767115,12.0269356421851,0.0267658856417761
"615","EXOSC10",-0.12278005,1.89304243386134,0.230963072102906
"616","EXOSC2",-0.0370965000000001,1.09478741354706,0.394247544359655
"617","EXOSC3",-0.01875453,0.915516395396071,0.516868653125152
"618","EXOSC4",-0.0457354000000001,6.39127178358428,0.0649448575473418
"619","EXOSC6",-0.083454505,1.44594566006453,0.380935841603187
"620","EXOSC7",-0.10272568,3.65811718109368,0.07454316839911
"621","EXOSC8",-0.09873471,5.62824822467746,0.0944769574418246
"622","EXT1",-0.039822005,1.28009741388128,0.357873496864214
"623","EXT2",-0.0732411749999999,1.16920422699596,0.370007937009419
"624","EZH2",-0.0991949700000001,2.20344434959363,0.160805282363624
"625","FADD",-0.0295835200000001,0.672854362648972,0.596063998099333
"626","FAF2",-0.02658315,0.658626833755353,0.582534268109673
"627","FAM32A",-0.03468713,0.430258429722277,0.734541005622398
"628","FAM50A",-0.04567603,1.03943684237694,0.40881813379518
"629","FAM98B",-0.04825243,1.0375376362195,0.420801728005193
"630","FANCA",-0.17278653,1.84919105701843,0.220793852304747
"631","FANCF",-0.1929833,2.09082455750673,0.175455935276028
"632","FANCI",-0.26116208,4.24832763907603,0.146622123498673
"633","FANCM",-0.14050583,3.68330544274812,0.0819893805894742
"634","FARS2",-0.173851875,18.7039221619049,0.0126236671139597
"635","FARSA",-0.115011725,2.12587611240749,0.177410182688532
"636","FARSB",0.011126905,-0.207004280301628,0.862192809849561
"637","FASN",-0.00729093999999997,0.173325671283995,0.889723758735467
"638","FASTKD5",-0.0521321850000001,8.07029712764033,0.0153139361907968
"639","FAU",0.0698114599999999,-9.92723811204327,0.0445667403704169
"640","FBL",-0.02083227,0.630064685264446,0.619671575711651
"641","FBXO11",-0.0315525849999999,0.708550898762497,0.564402483241284
"642","FBXO5",0.06244797,-2.12568298435221,0.239471980836419
"643","FBXO7",-0.104931215,4.5291253320255,0.0643280095942367
"644","FBXW11",-0.0542306000000001,1.45261546899252,0.378776179836609
"645","FBXW7",-0.085476725,3.3388220773475,0.133957794135035
"646","FCF1",-0.073021625,1.06947514139675,0.478632327117879
"647","FCHO2",-0.0488061850000001,1.27691278830927,0.366658747322734
"648","FDFT1",-0.091806815,3.52975345895813,0.173953072198205
"649","FDPS",-0.0410412800000001,0.975260950018168,0.490663441960587
"650","FDX1",-0.0637079699999999,5.74794580931439,0.105241638162837
"651","FDX2",-0.0446504050000001,1.52112311034069,0.35317355516615
"652","FDXR",-0.0876218,2.47295830405512,0.225694539409433
"653","FECH",-0.06973339,2.71112166641525,0.171593625786604
"654","FEN1",-0.101664425,2.79518663281634,0.128293227416828
"655","FERMT1",-0.051840375,1.01563601867058,0.419598451191767
"656","FERMT2",0.00229472999999991,-0.151716447287716,0.893880857665288
"657","FGFR1",-0.057667685,1.87048597632728,0.235645045576378
"658","FIP1L1",-0.074821355,2.76401515250223,0.112376272711302
"659","FIS1",-0.0756243449999999,1.67870819047379,0.330866678498943
"660","FKBP1A",-0.17328645,3.18436859233843,0.0975433164984745
"661","FLCN",-0.00822166999999996,0.215374387381827,0.853548197597695
"662","FLI1",-0.0918631799999999,4.58693073056318,0.0797991058827343
"663","FLII",-0.0776770999999999,2.6478228345331,0.139902271861065
"664","FLVCR1",-0.07861426,1.31866909953429,0.348971265119358
"665","FNTA",0.00734570499999987,-0.366964764318271,0.772956309640388
"666","FNTB",-0.060799395,0.716563061700851,0.581130934724877
"667","FOSL1",-0.02278878,0.77241052530523,0.537285719068318
"668","FOXA1",-0.0816059500000001,2.41223314394726,0.174449961311838
"669","FOXK1",-0.046537185,1.36519330630335,0.306449835023733
"670","FOXM1",-0.0526664849999999,2.31901260084528,0.250184804545856
"671","FOXRED1",-0.0617772700000001,1.67066818986171,0.332241608998439
"672","FPGS",-0.138364215,2.70720039140391,0.207656833754455
"673","FRG1",-0.07880348,1.03135648519089,0.431092095927901
"674","FUBP1",-0.165235895,2.36828980803721,0.142982160993538
"675","FURIN",-0.101778795,8.1266765566173,0.0198601754535954
"676","FXN",-0.0722874650000001,1.83595473488918,0.215241059009804
"677","FZR1",-0.099699075,2.47238674328467,0.230149534437493
"678","G3BP1",-0.23354576,3.06561874938522,0.120448823909557
"679","G6PD",-0.093847255,1.80420716379491,0.231159950337507
"680","GAB1",-0.0323691500000001,0.504836207472734,0.702083680334893
"681","GABPA",-0.0941284499999999,5.04007375014249,0.057259235443288
"682","GABPB1",-0.00324827999999999,0.0720123711359202,0.950059529173466
"683","GADD45GIP1",-0.0549440450000001,4.21202570908062,0.0758835063876816
"684","GAK",-0.127932,4.15856345530516,0.0590339149424185
"685","GAPDH",0.02734422,-0.686953499396983,0.567003547135098
"686","GARS1",-0.0258475,1.46246237408549,0.375772363896669
"687","GART",-0.12341829,10.4728299681355,0.0528462341175598
"688","GATA3",-0.05198115,1.21337124632546,0.37091159254416
"689","GATB",-0.21454372,2.58578853559474,0.202550702739394
"690","GATC",-0.16272858,1.75606224548084,0.275776000922767
"691","GBF1",0.017148165,-0.601698057805735,0.654353666592972
"692","GCN1",-0.0780586349999999,2.68907007009658,0.116663668030595
"693","GCSH",-0.0724770499999999,0.832635308632957,0.493875853466597
"694","GEMIN2",-0.14193142,4.12930847917565,0.0944975374140703
"695","GEMIN4",-0.06757265,0.751382840420025,0.563828258293497
"696","GEMIN5",-0.11717212,1.73036223731472,0.247118117739925
"697","GEMIN6",-0.0810966999999999,0.754520613814809,0.544130773615554
"698","GEMIN7",-0.15780989,9.69299716148257,0.0623230485833732
"699","GEMIN8",-0.14880466,2.3995900864635,0.240578375001115
"700","GET1",-0.02227566,0.569318921087379,0.641449933918681
"701","GET3",-0.047491625,1.90016992068001,0.254182390828528
"702","GET4",-0.0308641200000001,0.563144914879505,0.669768118549175
"703","GFER",-0.0905295350000002,4.47122674207081,0.137040324797568
"704","GFM1",-0.07625572,2.91924787945698,0.194188783451423
"705","GFM2",-0.11458365,5.17403170539175,0.101869333883523
"706","GFPT1",-0.10136,2.43995498793831,0.231609168395843
"707","GGNBP2",-0.027105325,0.634235702445461,0.625825590663058
"708","GGPS1",-0.07226214,0.994311414995201,0.481525575675425
"709","GGTLC2",0.045807825,-3.35566996080836,0.0790930255587078
"710","GIGYF2",-0.06921328,1.09376398466743,0.405064944043865
"711","GINS1",-0.03928408,0.485568504570992,0.702753496078886
"712","GINS2",0.0282804,-0.679815927580933,0.584402772358243
"713","GINS3",-0.0623972699999999,1.09078873803997,0.471505570075626
"714","GINS4",0.045889095,-1.36756183894709,0.306778788159311
"715","GLMN",-0.060574935,1.67544567812455,0.332191587969119
"716","GLRX3",-0.13035095,2.12079215295164,0.258449433380298
"717","GLRX5",-0.07239147,2.13678727173068,0.273683808169037
"718","GLS",-0.0575220799999999,4.25075270511236,0.0528927342531869
"719","GMNN",-0.1165742,2.57333332274016,0.20084936234084
"720","GMPPB",-0.043444825,4.48232851226865,0.0987466838299389
"721","GMPS",-0.09286622,2.207474980012,0.265887168996165
"722","GNA13",-0.0448471949999999,1.11244294909679,0.45467300739984
"723","GNB1L",-0.1746879,2.78712270295751,0.158030106684796
"724","GNL2",-0.038803755,1.72964342393348,0.333158419937416
"725","GNL3",0.035719555,-1.09316858426168,0.421559836756132
"726","GNL3L",-0.15114497,2.86088161790066,0.123690473087889
"727","GNPNAT1",-0.0209135,0.371950788615399,0.769586620693586
"728","GOLGA7",-0.0120557499999999,0.221189583531005,0.857901962627485
"729","GOLGA8R",-0.0346012149999999,1.47599401730552,0.3649110569945
"730","GOLT1B",-0.0627884550000001,0.969061927698172,0.502176068944764
"731","GOSR2",-0.015860275,0.740914308360933,0.557989605412014
"732","GPATCH1",-0.129964595,3.45068969965355,0.179463371085434
"733","GPI",-0.0902199849999999,1.23414846211804,0.393698612813073
"734","GPKOW",-0.174080225,8.68568331077988,0.0130320800998478
"735","GPS1",0.012973585,-0.537604064242692,0.682180642495453
"736","GPX4",-0.0418195499999999,0.501527918346245,0.669361385210591
"737","GRB2",-0.00663820999999998,0.311310237362939,0.801847902739888
"738","GRHL2",-0.0695909299999999,0.786430660870021,0.517537008703315
"739","GRK2",-0.00642825499999999,0.170460902337807,0.888138259232529
"740","GRPEL1",-0.010987485,0.318097089484088,0.803904738390416
"741","GRSF1",-0.114972975,8.51618268364438,0.0563536243575987
"742","GRWD1",-0.0293997250000001,1.85493390611237,0.313170468434442
"743","GSK3B",-0.0518207800000001,1.22018254380201,0.382418360605388
"744","GSPT1",-0.0200566999999999,0.745866105399457,0.5425314288142
"745","GTF2A1",-0.102572995,3.93851779781874,0.0598134940307541
"746","GTF2A2",-0.0546687849999999,1.28508977835075,0.41731871512533
"747","GTF2B",-0.0278574049999999,0.994963165464878,0.43707150081439
"748","GTF2E1",-0.0320843500000001,1.07199281624431,0.448871809991857
"749","GTF2E2",-0.0357073050000001,1.52871716443274,0.323622277797195
"750","GTF2F2",-0.146399265,3.32976563949699,0.181662767675902
"751","GTF2H3",-0.0974294899999999,3.08770506938736,0.124418361698061
"752","GTF2H4",-0.069134455,10.1045509750162,0.0410615900056627
"753","GTF3A",-0.03516772,36.4969247620406,0.000766291668558996
"754","GTF3C1",-0.0252389,2.14805746485306,0.171512742225115
"755","GTF3C3",-0.0775754850000001,2.15045401076679,0.190013463540138
"756","GTF3C4",-0.04031621,6.73747823889293,0.0225077422901206
"757","GTF3C5",-0.0407492500000001,1.03200222866199,0.419043309744612
"758","GTF3C6",-0.078756055,0.954562944446368,0.503217514570045
"759","GTPBP10",-0.070904195,2.22146039385143,0.156832454955323
"760","GTPBP4",-0.0116512,0.75683986835345,0.538705579293391
"761","GTSE1",-0.14553063,23.6378672520873,0.0017999629757367
"762","GUK1",-0.0864767049999999,3.04145078140819,0.166004796693147
"763","H2AC15",-0.020315225,0.823859277856219,0.509998249710261
"764","H2AC17",-0.02599735,0.459647085965504,0.693535159080706
"765","H2AC20",-0.11233513,2.99006376735434,0.0982982669189748
"766","H2AX",-0.12401773,5.59257871271315,0.111694482171106
"767","H2AZ1",-0.0647811950000001,4.60084585851928,0.111353543137982
"768","H2BC11",-0.0290794849999999,0.913077426616889,0.524214770887335
"769","H2BC13",-0.0700618100000001,1.67351034267691,0.292436601659981
"770","H2BC15",-0.029195575,0.804035677138842,0.565756052316102
"771","H2BC21",-0.0752439650000001,1.57546323332375,0.319213648451233
"772","H2BC26",-0.020315225,0.823859277856219,0.509998249710261
"773","H2BC4",0.000900244999999966,-0.0584720274372073,0.962080922961141
"774","H2BC6",-0.02214513,0.952256388070964,0.485481640320105
"775","H2BC9",-0.029195575,0.804035677138842,0.565756052316102
"776","H3-3A",-0.052719475,0.99067545049628,0.497225065793622
"777","HARS1",0.0335378399999999,-0.444026594947119,0.70981141694288
"778","HARS2",-0.17309517,2.44317032829498,0.172736473882594
"779","HAUS1",-0.044911905,2.16210638907337,0.177576155572511
"780","HAUS3",-0.0445285449999999,3.00226052833879,0.097803167542985
"781","HAUS4",-0.07483652,1.47506780351067,0.378831882656423
"782","HAUS5",-0.0650491799999999,1.60364717241434,0.354819908061682
"783","HAUS6",-0.0170014999999999,1.55581454474338,0.342134714594528
"784","HAUS7",0.00239877000000011,-0.0727332492730111,0.951450916038096
"785","HAUS8",-0.00228945000000003,0.0270878914330632,0.982396377865065
"786","HCCS",-0.0485555400000001,0.933197982845788,0.505036644962774
"787","HCFC1",0.020689955,-0.612455819510425,0.648312430662186
"788","HDAC1",-0.10928558,5.37365448352006,0.0625367049366102
"789","HDAC3",-0.029068625,0.437983896300304,0.705194204249878
"790","HEATR1",0.044762185,-1.87716212761881,0.258101881881393
"791","HEATR3",-0.080076445,2.25123247840208,0.229427514087856
"792","HECTD1",-0.0411249499999999,1.02621164983245,0.437154046419574
"793","HGS",-0.10506905,2.43593417351106,0.224882520777427
"794","HINFP",0.0156123350000001,-0.202207044211804,0.870092686742404
"795","HIRA",-0.10469875,4.67438819101912,0.0439445729452442
"796","HJURP",-0.13772312,9.16565204510489,0.0283017344313145
"797","HK2",-0.0869784,1.7349016645335,0.225481893776865
"798","HMBS",-0.0847796000000001,3.01577942924126,0.130414157056141
"799","HMGA1",-0.10028587,1.18933523656415,0.444943962431625
"800","HMGB1",-0.11204894,6.95463349145724,0.0253483579112746
"801","HMGCR",-0.06287973,2.01621978376517,0.23783500869315
"802","HMGCS1",-0.06010379,0.847541265080931,0.543150981295757
"803","HNF1B",-0.0735839,0.71230390660657,0.605686324863954
"804","HNRNPA1",-0.103392075,1.17304771342037,0.36466498548304
"805","HNRNPA1L2",-0.146486595,1.44857244650244,0.379254518166208
"806","HNRNPA2B1",-0.193963815,1.50491585274634,0.2908575455173
"807","HNRNPC",-0.00467360000000006,0.130992012100602,0.908577761270114
"808","HNRNPF",-0.194358645,2.14449727401735,0.168911219971048
"809","HNRNPH1",-0.076324775,1.08283544960702,0.394459962006864
"810","HNRNPK",0.06541294,-2.38636953223241,0.226890977464852
"811","HNRNPL",-0.064137545,0.715324729238109,0.604693197721819
"812","HNRNPM",-0.08409808,1.2107465737156,0.412218616026738
"813","HNRNPU",-0.070081945,1.27645549137803,0.36065629370881
"814","HOXD13",-0.11144238,1.32391042324149,0.40987656025583
"815","HS6ST1",0.04485658,-0.850911530909733,0.508856922203669
"816","HSCB",-0.0785154850000001,2.06860894329873,0.211003283221362
"817","HSD17B10",-0.061676885,1.44592166894507,0.303846032221373
"818","HSD17B12",-0.0882751449999999,1.6932874423734,0.258352957383155
"819","HSF1",-0.041849785,1.93512917536686,0.300244696060882
"820","HSP90AB1",-0.08041868,1.76282296872395,0.263563629407711
"821","HSP90B1",-0.0393128199999999,1.40370646332457,0.297022291590516
"822","HSPA13",-0.0767667000000001,1.14263446241484,0.435056480342358
"823","HSPA14",-0.1362633,1.76173344542501,0.327623292780093
"824","HSPA5",-0.02282975,0.421519696694701,0.746013474295591
"825","HSPA8",-0.114938595,1.6612788800774,0.323458082160758
"826","HSPA9",0.05198347,-2.46399939808509,0.139490289147333
"827","HSPD1",-0.050844715,1.05298801193915,0.424961054198223
"828","HSPE1",0.00141221499999999,-0.021819029328616,0.985889790313768
"829","HTATSF1",-0.16113828,11.8042743400282,0.00733743144858929
"830","HTRA2",-0.07485177,2.64905434852453,0.121699020255303
"831","HUS1",-0.00364079500000014,0.0798287261230286,0.943656794555977
"832","HUWE1",-0.06113784,3.07628751597289,0.0996464665736112
"833","HYOU1",-0.0543829849999999,2.77433313887226,0.10908051882267
"834","HYPK",-0.0839620500000001,3.35965921492342,0.0901775747422832
"835","IARS1",-0.0345634500000001,4.12703122959993,0.135398392747465
"836","IARS2",-0.00484030499999999,0.211644951251725,0.859417868183065
"837","IBA57",-0.046859945,1.65773753137665,0.258294433247625
"838","ICE1",-0.046309155,1.58836324810964,0.281298742140746
"839","ICE2",-0.047343495,1.17923662445063,0.375288919004219
"840","ICMT",-0.0206989000000001,0.582237805237006,0.644136387773203
"841","IDH3A",-0.03598457,1.61398141622947,0.347236457642362
"842","IER3IP1",-0.05466587,1.8782691656294,0.239328514076627
"843","IFITM3",-0.126497605,3.38595476202223,0.0826296406088762
"844","IGBP1",-0.00688112500000004,0.291507202945091,0.807780054556087
"845","IGF1R",-0.078214295,1.01558317133844,0.487243070728189
"846","IK",-0.0308292250000001,0.510999927551589,0.676580819165465
"847","IKBKG",-0.07220461,3.38353559127589,0.0814502691885865
"848","ILF2",-0.0993114800000001,4.95199098473063,0.0823012705595337
"849","ILF3",0.01057868,-0.401300579972665,0.736673911885645
"850","ILK",-0.130322115,2.20675571011378,0.206185012061784
"851","IMP3",-0.060432155,6.48274091671773,0.0287314659165403
"852","IMP4",-0.0319341550000001,4.83259299044578,0.0411735680210368
"853","IMPDH2",-0.0716362349999999,1.57396607900714,0.257124517870022
"854","INCENP",-0.08047453,1.58397630802023,0.310876076077607
"855","ING3",-0.057484015,1.17379471963379,0.366548834988245
"856","INO80",-0.0295175750000001,0.996187317251464,0.479053953332443
"857","INTS1",-0.037437935,0.894865271913206,0.465408696803826
"858","INTS10",-0.0779663199999999,2.1810354870174,0.249191167323941
"859","INTS11",0.020652025,-0.406180001343913,0.751983899108288
"860","INTS12",-0.120650945,1.51221055740634,0.27757465329404
"861","INTS13",-0.199365505,10.2304291841403,0.0462549000093076
"862","INTS14",-0.058594575,0.593488135428163,0.629082909239732
"863","INTS3",0.000752719999999929,-0.0326094020314972,0.979059523213971
"864","INTS5",-0.0763664050000001,1.46005683028587,0.361102164455497
"865","INTS6",-0.050009605,0.849388370139065,0.522753350938798
"866","INTS7",-0.04886373,0.957336139009141,0.502186131263036
"867","INTS8",-0.0677831900000001,1.11868251644575,0.460688877717118
"868","INTS9",-0.050607365,1.25340864820359,0.427798829038994
"869","IPO11",0.0192732699999999,-0.472466015517815,0.697899651670574
"870","IPO13",-0.0562150499999999,0.990181684317683,0.491467094223371
"871","IPO5",-0.161109745,2.19502238312724,0.241832292395002
"872","IPO7",-0.0552561499999999,2.01295757541892,0.272274391587057
"873","IPO9",-0.0773255749999999,2.25225072655203,0.234021893224071
"874","IPPK",0.035946275,-1.06638057286493,0.417151623780907
"875","IREB2",-0.083266975,2.54173494651853,0.127683830653519
"876","IRF2",-0.111343785,3.1629503487073,0.132004686239005
"877","IRF2BP2",-0.089376485,1.85356575782564,0.269801862922959
"878","IRF4",-0.06321945,1.17204955007032,0.414867229120648
"879","IRS2",-0.05108845,1.34157346420044,0.312035913958732
"880","ISCA1",-0.03996361,1.09827490620797,0.469373524524594
"881","ISCA2",0.01008297,-0.292200888033585,0.801216940533884
"882","ISCU",0.06098263,-15.2114335337387,0.0404729473731712
"883","ISG20L2",-0.111148865,8.5474518880808,0.0158867812394353
"884","ISL1",-0.05516027,0.479448693171306,0.679722166764341
"885","ISY1",-0.034342305,10.3057088621329,0.0210125058588441
"886","ITGA3",-0.0211970049999999,0.432737654601023,0.718369187658446
"887","ITGAV",0.030144375,-1.43117644741169,0.387392747915922
"888","ITGB1",-0.0547997499999999,1.02578635580931,0.425522840143487
"889","ITGB5",-0.017601805,0.400937089030993,0.735336550505183
"890","ITPK1",-0.03691553,1.08281934054384,0.471975487846704
"891","JMJD6",-0.0415537850000001,0.878032783396457,0.511540888664563
"892","JTB",0.0328670049999999,-1.29105720384054,0.347170501686922
"893","JUN",-0.01823339,0.570890658043784,0.649546080619795
"894","JUNB",-0.070427065,1.44024619838567,0.359788999430493
"895","KANSL1",-0.00412793000000011,0.12183883188956,0.917163361479265
"896","KANSL2",0.0065245049999999,-0.191447076904525,0.865865738546059
"897","KANSL3",0.00428436499999996,-0.127181647772356,0.910610197890228
"898","KARS1",-0.0703669,1.85577221080309,0.240934356920759
"899","KAT8",0.0808761499999999,-2.03397298098578,0.259626950598092
"900","KATNB1",-0.124556715,8.80105370324384,0.0137109617430565
"901","KCMF1",0.01686263,-0.448220745398026,0.70397273454189
"902","KCTD10",-0.029475575,0.626303298997319,0.612605825727167
"903","KCTD5",-0.070977835,1.16141520381787,0.409846526702327
"904","KDM2A",-0.019387955,0.818883530751311,0.548809295270627
"905","KDM5C",-0.0516169400000002,1.59902559762269,0.350759198086853
"906","KDM8",-0.049161785,1.63521127608408,0.261119650359727
"907","KDSR",-0.090577295,3.59166539545958,0.0704468342816793
"908","KEAP1",-0.0358265800000001,0.847968770313636,0.491953126031973
"909","KHSRP",-0.14389816,1.67159031299499,0.236737236294388
"910","KIDINS220",-0.0740163,1.14588039670843,0.407329194362368
"911","KIF11",0.0581049849999999,-1.60071731498187,0.333853638745108
"912","KIF14",-0.19932831,4.44492684544407,0.0781993368461762
"913","KIF18A",-0.0841981249999999,1.37900432121274,0.382321271802725
"914","KIF18B",-0.05960898,1.49455420709739,0.363826611042434
"915","KIF20A",-0.09799313,27.5470378585567,0.00176427108957377
"916","KIF23",-0.055749965,1.78279006912579,0.312635530600206
"917","KIF2C",-0.108954475,1.6851985259692,0.327327387730986
"918","KIF4A",-0.188267015,2.43212082221484,0.203025442333647
"919","KIN",-0.00203890000000007,0.0981423509013041,0.937231765215396
"920","KIRREL1",-0.0105163650000001,0.249223302187123,0.829416955040337
"921","KLF5",-0.0389657250000001,0.759718862814953,0.535645446902913
"922","KMT2A",-0.0741130999999999,1.54166760412755,0.263121748951932
"923","KMT2D",-0.0313133550000001,0.435607274637085,0.738456095023172
"924","KNL1",-0.114972515,2.61192864141554,0.135733514665357
"925","KNTC1",-0.129114005,2.27304061784043,0.253135278619813
"926","KPNA2",-0.0910698,1.31468110783155,0.344501100705937
"927","KPNB1",0.1503039,-2.12789034004874,0.277681873208781
"928","KRAS",-0.0233301700000001,2.99363359826533,0.102633964039135
"929","KRI1",-0.092852305,2.74050322193935,0.146271339602853
"930","KRR1",-0.0872951550000001,4.27896463682217,0.0639260085962696
"931","KRT18",-0.035692795,1.13426935671692,0.374922795591143
"932","KTI12",-0.0762403,1.33715522433469,0.32286026356775
"933","LAMTOR2",-0.08139623,1.16442398921399,0.451554469888119
"934","LAMTOR3",-0.139518965,2.23073644084012,0.160106667158911
"935","LAMTOR4",-0.078485275,1.36514563469256,0.347670940984056
"936","LARP1",-0.12249087,2.48419586305638,0.161673198173246
"937","LARP7",-0.0658223100000001,0.624365263123371,0.596211770583315
"938","LARS1",-0.0306847299999999,0.865902868432444,0.509793144199202
"939","LARS2",-0.09557995,2.72967115002688,0.147293905522616
"940","LAS1L",-0.064086965,1.39552627890433,0.394572637686153
"941","LCE2B",-0.00877883499999998,0.18663536482931,0.876420887114575
"942","LCMT1",0.0008958349999999,-0.024465346766007,0.984293404947226
"943","LDB1",-0.0911255399999999,4.29711703250254,0.111854052344533
"944","LDLR",-0.074864515,0.999958509123756,0.469790379236171
"945","LEMD2",-0.0915881,4.40230158702232,0.0554084504288652
"946","LETM1",-0.0210703500000001,0.662915287855857,0.578466718364133
"947","LIAS",-0.0376687600000001,1.00273060948275,0.471920414262378
"948","LIG1",-0.10687467,5.44028313991137,0.11349235155367
"949","LIN54",-0.112874275,2.95546621858475,0.148271337504355
"950","LIPT1",-0.0405605999999999,1.02479812239443,0.434666329069451
"951","LMNA",-0.059230625,3.26822095480986,0.0904507752824637
"952","LMNB1",-0.0521762849999999,1.03976518174503,0.413410821001842
"953","LONP1",0.03130238,-0.668915617921712,0.579352608828447
"954","LRP8",-0.0645534999999999,1.12271832401693,0.461772835821526
"955","LRPPRC",-0.0266701249999999,0.896747934937797,0.465410170380691
"956","LRR1",0.058099675,-0.891735657682983,0.516934552077751
"957","LSG1",-0.09737127,1.91326501869173,0.278326912321446
"958","LSM11",-0.0604535750000001,1.64708099104272,0.312025742292671
"959","LSM2",-0.017100815,0.489248745724292,0.675170602850213
"960","LSM3",-0.01312894,0.308837213083974,0.788203015778444
"961","LSM4",0.020473725,-0.550742389843371,0.665806041019554
"962","LSM5",-0.10473772,1.12441674264808,0.450584176667032
"963","LSM6",-0.09654224,1.47608085845389,0.373514874976812
"964","LSM7",-0.00242937500000001,0.0557425320848975,0.961538411994331
"965","LSM8",-0.000810559999999905,0.0234258885925264,0.984940451037096
"966","LTO1",0.02985673,-0.364184208189973,0.771184127866768
"967","LUC7L2",-0.099037405,1.61362874423877,0.273347133739082
"968","LUC7L3",-0.040811065,3.44179965138911,0.0888958768198511
"969","LYRM4",-0.0173126250000001,0.997504508439154,0.429458511010433
"970","MAD2L1",-0.00912209999999991,0.15818081102989,0.899661109091217
"971","MAD2L1BP",-0.026234085,3.45808939012398,0.131606210605161
"972","MAD2L2",-0.123802585,3.74938012134879,0.154936553267032
"973","MAEA",-0.0848880999999999,12.6750412948772,0.0413689954905191
"974","MAGOH",-0.0861566549999999,2.40776448331403,0.168132538861134
"975","MAK16",-0.0339147200000001,1.29541744512999,0.402734854881326
"976","MALSU1",-0.024835555,0.598894137995133,0.642407481935993
"977","MANF",-0.07195271,2.05048643877246,0.283796743464558
"978","MAP3K7",-0.103605375,1.85299930952237,0.241246205561438
"979","MAP4K4",0.027315795,-0.773886509430503,0.570748705389435
"980","MAPK1",-0.05087295,1.05245609868052,0.403629994535461
"981","MAPK14",-0.08603958,2.54961447333457,0.211868044279673
"982","MARCHF5",-0.042563745,1.37912472568695,0.347233057327407
"983","MARK2",-0.061667425,2.19267304576638,0.24746868458829
"984","MARS1",-0.007858535,0.21895904659594,0.861987192459021
"985","MARS2",-0.0630239850000001,1.9782200941625,0.186538118005846
"986","MASTL",-0.0158391999999999,0.26674434498955,0.834036643581616
"987","MAT2A",0.12927311,-1.80034629992462,0.31680217976261
"988","MAU2",-0.0308155,1.19017657994075,0.370780714876281
"989","MAX",-0.057608585,0.906034315134153,0.530333907964762
"990","MBNL1",-0.02568749,1.4582377655005,0.335912302985926
"991","MBTPS1",-0.0681296899999999,1.67647049377827,0.338261851378674
"992","MBTPS2",-0.143088645,5.17694091884581,0.0866888345269656
"993","MCL1",0.04914097,-0.38478825262924,0.756397107733891
"994","MCM2",0.0568883800000001,-1.28053955565225,0.376860196426084
"995","MCM3",-0.05359448,1.41550335349684,0.365885769871671
"996","MCM3AP",-0.00549382999999992,0.255456694428046,0.82933458327839
"997","MCM4",-0.0320056249999999,0.64014976123806,0.630854895578772
"998","MCM5",-0.07392931,2.16868055872143,0.208311754875068
"999","MCM6",-0.01013639,0.273803938882433,0.825044038268185
"1000","MCM7",-0.07911895,1.90403554701426,0.232737763422263
"1001","MCMBP",-0.133470495,2.55220396724673,0.19479742277844
"1002","MDM2",0.0359097449999999,-0.65071667018496,0.628059617194246
"1003","MDM4",-0.068254425,2.31228783170581,0.163547569312575
"1004","MDN1",-0.0163109050000001,0.530205224872347,0.656240202591912
"1005","MEAF6",-0.13228893,3.60249268963223,0.139300485193442
"1006","MED1",-0.0470184150000001,0.534652546767155,0.653419542068439
"1007","MED10",-0.02188552,0.693379211194246,0.589155950781803
"1008","MED11",0.211432985,-4.2202302639257,0.0567346773961648
"1009","MED12",-0.0393721,0.711405353513528,0.592965871551628
"1010","MED13",-0.10082898,2.20755300159656,0.218616627518339
"1011","MED14",-0.00669825499999999,0.0914234674986052,0.941936487321639
"1012","MED15",-0.0320948700000001,1.3000418260996,0.341159107766887
"1013","MED16",-0.071866495,1.3627774354718,0.366166246005069
"1014","MED17",-0.094045135,5.80255929038287,0.0749413430513012
"1015","MED18",0.130081715,-2.89321513487963,0.101587229409861
"1016","MED19",-0.233289145,9.67797519719033,0.0537119318282583
"1017","MED23",-0.0972348199999999,5.51165081601435,0.036525895236437
"1018","MED24",-0.05451785,1.02860356497728,0.414681117903624
"1019","MED25",-0.0227287900000001,0.259629973771359,0.82209572631498
"1020","MED26",-0.12672573,6.55409804246875,0.0796956701705781
"1021","MED28",0.0461824949999999,-0.515982460240255,0.659782882797558
"1022","MED30",0.12826557,-1.76133689177479,0.328652979610731
"1023","MED31",-0.01935485,0.340276336686844,0.789171690133658
"1024","MED4",-0.08977177,1.26588825539532,0.422525173066033
"1025","MED6",0.0191600949999999,-0.264306161929392,0.834195144551477
"1026","MED7",-0.0675681699999999,1.85547131700243,0.240465644034194
"1027","MED8",-0.0613315350000001,1.35994975526739,0.356512662061251
"1028","MEF2C",-0.075823,2.16030432041191,0.208487156732971
"1029","MEMO1",-0.136384015,2.74779744701273,0.128646203072873
"1030","MEN1",-0.011754195,0.0991302471739805,0.936109807081597
"1031","MEPCE",-0.0494394150000002,1.171253821444,0.364283654341312
"1032","METAP1",-0.0768358699999999,2.8601420497836,0.211484728471765
"1033","METAP2",-0.10583987,4.55952462939374,0.0965266268574658
"1034","METTL1",-0.13835578,2.34156552539401,0.158498833850658
"1035","METTL14",-0.0250242850000001,0.509638955917309,0.663362843138269
"1036","METTL16",0.0546747949999999,-1.09698980442898,0.46836610293302
"1037","METTL17",-0.0372968849999999,1.33610163174946,0.407272642911291
"1038","METTL3",-0.18195237,6.68062051009478,0.0250561773771176
"1039","MFAP1",-0.06327827,0.899777794862041,0.530382990009798
"1040","MFN2",-0.0542538300000001,1.80376182816154,0.228488234170259
"1041","MGAT1",-0.075299225,1.35011374253596,0.320490444371181
"1042","MIB1",-0.04623725,1.11899798490881,0.40806102621107
"1043","MICOS10",-0.0539350700000001,1.5436986803904,0.272867764666483
"1044","MIOS",-0.031607235,0.70015622493792,0.582400646557185
"1045","MIPEP",-0.09747583,2.00050013153233,0.279740206881465
"1046","MIS12",-0.0874201349999999,1.64519109734283,0.264685901698192
"1047","MIS18A",-0.18193235,4.98670257330412,0.046852577706269
"1048","MIS18BP1",-0.117970265,7.79647550038965,0.0498482107081321
"1049","MLST8",-0.11700257,1.84966999731945,0.208889683818103
"1050","MMGT1",-0.060433,0.824855338110091,0.542675915095221
"1051","MMS19",-0.102184695,6.65923484662596,0.0947307366530519
"1052","MMS22L",-0.090250225,2.58062281841453,0.222216810525399
"1053","MNAT1",-0.108967295,2.134574744063,0.167900536206197
"1054","MNT",-0.000645720000000072,0.00666439871646904,0.995584118211648
"1055","MOCS3",-0.08013095,2.29309214833705,0.255041605857187
"1056","MON2",0.039596425,-0.904374148081134,0.466174628099132
"1057","MORF4L1",-0.115262075,2.59151997754589,0.123555160824617
"1058","MPHOSPH10",-0.0136265899999999,0.467680045723236,0.69105257783123
"1059","MRE11",-0.05147263,1.12728722223014,0.431298386948805
"1060","MRGBP",-0.043440095,1.25333720444668,0.410901129435851
"1061","MRM2",-0.127684925,7.23263058888478,0.0186467909837447
"1062","MRM3",-0.181623395,6.11144914383344,0.0616994985797933
"1063","MRPL10",-0.0378871699999999,0.887773705621029,0.504073324250402
"1064","MRPL12",-0.100365875,4.81936546982306,0.0467968019423857
"1065","MRPL13",-0.125733645,3.73845024278937,0.157938476048132
"1066","MRPL15",-0.113548855,2.76082009001209,0.118866601098451
"1067","MRPL16",-0.09331267,1.83425962512447,0.224384280979646
"1068","MRPL18",-0.0528985749999999,1.81351829390333,0.299324973024899
"1069","MRPL2",-0.10440765,2.26399610148194,0.165996270971413
"1070","MRPL20",-0.0628149099999999,2.31861688002087,0.175095335480363
"1071","MRPL22",-0.0904622000000002,1.81101443065612,0.219260076015698
"1072","MRPL23",-0.0560616499999999,1.39685818412155,0.382809390951516
"1073","MRPL24",-0.058056815,1.10889698471289,0.424228926986157
"1074","MRPL27",-0.0609858449999999,1.78981772895633,0.274749613413144
"1075","MRPL28",-0.0603838249999999,0.674736461308656,0.61241693157234
"1076","MRPL3",-0.12568022,2.16811735183733,0.168617277286995
"1077","MRPL32",-0.0627074400000001,2.30133177503754,0.241101272490464
"1078","MRPL34",-0.0312855,1.48767119795639,0.376686501187811
"1079","MRPL35",-0.0540253350000001,0.912479167055771,0.491385240827624
"1080","MRPL36",-0.0948090549999999,4.09456196564127,0.0552134029162394
"1081","MRPL41",-0.04741762,1.46408860985314,0.318702265210834
"1082","MRPL43",-0.0408951000000001,1.14259328010242,0.420293214849682
"1083","MRPL44",-0.04320935,1.40765245038776,0.311546029588916
"1084","MRPL47",-0.06612493,1.8782838184193,0.302953387762122
"1085","MRPL51",-0.04021045,1.48147281832502,0.367972623166856
"1086","MRPL55",-0.045436725,1.43328509319474,0.347412172927118
"1087","MRPL57",-0.0414337300000001,5.26348360490671,0.0806995288148303
"1088","MRPL58",-0.10555998,4.35480459806689,0.136596700754965
"1089","MRPL9",-0.0497094,1.72615553525941,0.29345563019594
"1090","MRPS11",-0.0686154999999999,2.4361325586876,0.156166288373838
"1091","MRPS12",-0.0572825499999999,2.98645019333162,0.148494318086712
"1092","MRPS14",-0.0651158199999999,1.86275638038887,0.240917145669472
"1093","MRPS16",-0.0592732650000001,2.12641216655744,0.271390710220755
"1094","MRPS17",-0.0883019350000001,3.1066894432431,0.198235341248729
"1095","MRPS18B",-0.0530500650000001,5.29545310352705,0.118481967552164
"1096","MRPS18C",-0.0768304449999999,1.77757446065652,0.251831218527367
"1097","MRPS2",-0.117538045,2.18673666105954,0.225169493382494
"1098","MRPS21",-0.00553492500000008,0.196142551920962,0.869503676759612
"1099","MRPS24",-0.0547802850000001,1.12860196087184,0.403840059284975
"1100","MRPS27",-0.06646895,3.03221592514781,0.093790976207257
"1101","MRPS30",0.0136688,-0.262718332064062,0.817833109618078
"1102","MRPS34",-0.061852355,1.70544498685307,0.264268727028905
"1103","MRPS5",-0.0675892,1.70836704228648,0.331310078640921
"1104","MRPS6",-0.06358945,1.7580303379747,0.264549386139334
"1105","MRPS7",-0.08492227,2.3974011400945,0.16260116168604
"1106","MRTO4",-0.0653302349999999,1.60183354555266,0.308631547579547
"1107","MSL1",-0.00170834999999991,0.267831186283112,0.816286516369861
"1108","MSTO1",-0.0784224650000001,1.49560534809854,0.35812525511733
"1109","MT1E",-0.0095772300000001,0.154961355142218,0.901764240438055
"1110","MT2A",-0.00738119999999998,0.11637600424432,0.925807723004034
"1111","MTBP",-0.013320925,0.293532668716476,0.796906093597659
"1112","MTCH2",-0.0628493749999999,1.86691610323603,0.233489885226226
"1113","MTERF4",-0.0926397200000001,1.49292674884353,0.291611453034952
"1114","MTF1",-0.0423863500000001,0.461035148201618,0.693010170569019
"1115","MTG1",-0.1995426,4.79326126989336,0.0408754478262399
"1116","MTG2",-0.0639495849999999,1.89759322726557,0.254843068460245
"1117","MTHFD1",-0.03299137,2.05885881838101,0.287475872955399
"1118","MTOR",-0.0096460599999999,6.91808144866008,0.0206692236322825
"1119","MTPAP",0.00768192999999995,-0.14925416248712,0.904294266738545
"1120","MTREX",-0.05297606,1.22649787600965,0.344838218254136
"1121","MTRF1L",-0.06365344,1.72280081685261,0.228246554014492
"1122","MTX2",-0.10368115,1.76238041210209,0.319318915264097
"1123","MUC20",-0.00272230500000004,0.0478991548755534,0.968868302143915
"1124","MVD",-0.0997189000000001,2.01678962605585,0.248162866841052
"1125","MVK",-0.0491537999999999,1.19688116943312,0.442544185227412
"1126","MYB",-0.0629976799999999,1.39427087135463,0.314351190540531
"1127","MYBBP1A",-0.09481751,3.35627254658725,0.0844350797476089
"1128","MYBL2",-0.07594945,2.09507187640381,0.184244357159045
"1129","MYC",0.00875082999999999,-0.590560611610189,0.614941850517875
"1130","MYCN",-0.022913575,0.954133008329159,0.45545783964783
"1131","MYH9",-0.0480361300000001,1.71604336028054,0.255482473240666
"1132","MZT1",0.00775503500000008,-0.122517151928259,0.921680802779794
"1133","N6AMT1",-0.12579928,2.26376278695041,0.152639051000614
"1134","NAA10",0.00686579500000017,-0.205727854422018,0.862648214399799
"1135","NAA15",-0.085445855,1.54651693021285,0.365197146810342
"1136","NAA20",-0.0930038,3.30280211868045,0.161637755719602
"1137","NAA25",-0.00361221,0.12355712085018,0.921177872593602
"1138","NAA35",-0.0832284999999999,2.6685387444871,0.137434596928461
"1139","NAA50",0.0120905299999999,-0.466571356251563,0.711279634106694
"1140","NACA",-0.0558726300000001,4.1574159397854,0.084595811340699
"1141","NAE1",-0.0537122,4.28788379969672,0.0769916755367461
"1142","NAMPT",-0.0943502150000001,1.20372824706873,0.391739536222965
"1143","NAPA",-0.033484655,0.894841028545191,0.519528418727258
"1144","NAPG",-0.01402518,0.137880060347007,0.908171670405143
"1145","NARS1",0.011155185,-0.307094641376969,0.810290264858547
"1146","NARS2",-0.041545225,1.0881887797184,0.433575517066204
"1147","NAT10",-0.0922287500000001,2.99433341416945,0.191549428332513
"1148","NBAS",-0.09922765,2.05433478869535,0.194257357949866
"1149","NCAPD2",-0.0338910299999999,1.28589558856204,0.408192004407793
"1150","NCAPD3",-0.036314625,0.650484210686072,0.627928979641969
"1151","NCAPG",-0.047068875,1.77869893061271,0.267384158612733
"1152","NCAPG2",-0.025123995,0.891249698993453,0.514098568557934
"1153","NCAPH2",-0.0506977999999999,1.76043526967254,0.307007417956101
"1154","NCBP1",-0.12033171,2.15411480735275,0.228838662904188
"1155","NCBP2",-0.11207688,1.48600931003297,0.305018124170173
"1156","NCKAP1",-0.07492412,2.94539995091657,0.150928177790623
"1157","NCL",-0.019962935,0.475595990910944,0.685620287261306
"1158","NCOA4",-0.108788195,7.66784468990611,0.0821486321030907
"1159","NDC1",-0.085996115,2.20521840642436,0.176690645986955
"1160","NDC80",-0.04619752,1.01457501963579,0.495278377878598
"1161","NDE1",0.014029615,-0.17360612804843,0.890440836163067
"1162","NDOR1",-0.060487005,2.4417565967541,0.226013460495403
"1163","NDUFA1",-0.0641031499999999,1.54694254541615,0.322897762049324
"1164","NDUFA10",-0.0597303850000001,1.93358232366688,0.268841299905249
"1165","NDUFA11",-0.0479257,1.34611016685193,0.35911356778616
"1166","NDUFA2",-0.0568865199999999,1.58647415014497,0.282958932835098
"1167","NDUFA3",-0.0382903399999999,0.785416286804132,0.53056404159378
"1168","NDUFA4",-0.10280437,3.99877795469548,0.0813928784819185
"1169","NDUFA6",-0.05256648,1.50588454799439,0.329083846278894
"1170","NDUFA8",-0.01272016,0.358062442208501,0.76455077679057
"1171","NDUFA9",-0.0706439650000001,2.48871622460566,0.143612457759262
"1172","NDUFAB1",-0.0550465,1.48432460790588,0.30020131039451
"1173","NDUFAF1",-0.0355375499999999,0.806005842431503,0.533856380285652
"1174","NDUFAF3",-0.0595532249999999,1.58434711067366,0.329199629114347
"1175","NDUFAF4",0.0241353449999999,-0.623258711934685,0.607887582276749
"1176","NDUFAF6",-0.059836985,1.30957508422539,0.32229134831146
"1177","NDUFAF7",-0.0410465800000001,0.854410018658649,0.508897009987209
"1178","NDUFAF8",0.00124277999999989,-0.0260645984805325,0.981794118605858
"1179","NDUFB10",-0.04992333,3.16751951812329,0.10682245717402
"1180","NDUFB11",-0.0500828,1.31107915443836,0.391063815317376
"1181","NDUFB2",-0.06603869,1.8500870568776,0.28378116268776
"1182","NDUFB3",-0.0414932699999999,0.89051616886162,0.499668506670234
"1183","NDUFB4",-0.0598779500000001,1.68793044163893,0.305654482231815
"1184","NDUFB6",-0.058912835,1.61261041188078,0.303606454133323
"1185","NDUFB7",-0.03738956,1.70309703384921,0.249741723421641
"1186","NDUFB8",-0.04884935,1.13781325392821,0.419616734118577
"1187","NDUFB9",-0.051428955,1.38086909027066,0.330299272764003
"1188","NDUFC1",0.00160566000000006,-0.0795595177266519,0.948389692791738
"1189","NDUFC2",-0.0530339399999999,1.35675282909364,0.327226305286618
"1190","NDUFS1",-0.01451587,0.445492086220565,0.719188687614293
"1191","NDUFS2",-0.0119033150000001,0.283398833635478,0.819573055265371
"1192","NDUFS3",-0.0294959750000001,0.863189595740824,0.53473758173716
"1193","NDUFS5",-0.0337398750000001,0.710135557406996,0.563340430427542
"1194","NDUFS7",-0.031346215,0.853243331684344,0.506677444471917
"1195","NDUFS8",-0.0120991500000001,0.291008237324215,0.798545562459858
"1196","NDUFV2",-0.10278694,3.5772378524855,0.0806961515581133
"1197","NEDD1",-0.01279197,1.2179289992722,0.419024370742916
"1198","NEDD8",-0.00920717000000004,0.260042030240339,0.831882689976671
"1199","NELFA",0.024538015,-0.647481007534597,0.583718216738856
"1200","NELFB",-0.0809497149999999,1.92680531077981,0.272428874751434
"1201","NELFCD",-0.0421390999999999,1.07360083227309,0.46671334531638
"1202","NEPRO",0.00659533999999995,-0.144781460517493,0.903421318511352
"1203","NF1",-0.05881348,1.82869343347355,0.213647758275681
"1204","NF2",-0.06359255,2.36396949899589,0.142092312052755
"1205","NFE2L2",-0.05657372,5.11245401586652,0.0558287998629606
"1206","NFRKB",-0.1159057,3.77504578039905,0.0645810242829915
"1207","NFS1",-0.0101219749999999,0.562648039372336,0.650930407711112
"1208","NFYB",-0.10776315,7.08997775805855,0.0288295439751294
"1209","NFYC",-0.0438129300000001,15.4427618895544,0.0199055120258623
"1210","NGLY1",-0.016668485,0.782739595760546,0.525547226240313
"1211","NHP2",-0.0879004250000002,3.01680974524617,0.0948088229276975
"1212","NIFK",-0.00967962499999997,0.228390144033002,0.840578073039652
"1213","NIP7",0.012864315,-0.634628350431893,0.597576702272546
"1214","NIPBL",-0.062976055,0.949397665360146,0.466129837054449
"1215","NKAP",-0.0201404700000001,0.425935941822596,0.72600205509587
"1216","NMD3",-0.12141419,3.54393491887833,0.159632994547755
"1217","NMNAT1",-0.07703994,2.6932481280497,0.214599281413004
"1218","NMT1",0.0160539750000001,-0.341640563176499,0.767372868405056
"1219","NOA1",-0.160928725,6.61341674481443,0.0221088675222387
"1220","NOB1",-0.077185615,2.01915085697948,0.207274465106943
"1221","NOC3L",-0.11379222,2.54676689243108,0.192506085604985
"1222","NOC4L",-0.06777572,2.68503349910305,0.116341543419693
"1223","NOL10",-0.0485897700000001,2.27740332894221,0.245947113476446
"1224","NOL6",0.0417678099999998,-3.06801713845712,0.0919723728065478
"1225","NOL8",-0.0501100149999999,1.87342898317164,0.275070978509458
"1226","NOL9",-0.0386877450000001,0.846889210335281,0.524343871976474
"1227","NOLC1",-0.0927109450000001,4.6429849947093,0.0990786678853044
"1228","NOM1",-0.09359915,1.07186395005349,0.464456149307172
"1229","NONO",-0.081909775,2.26760217884105,0.239097284930179
"1230","NOP10",-0.119723035,2.5188671499282,0.234728637629873
"1231","NOP14",-0.0359013250000001,1.02690139172826,0.415364037209256
"1232","NOP16",0.00207774999999999,-0.0709539216052875,0.950770735466141
"1233","NOP2",-0.0839169150000001,11.930937878811,0.00843712051197309
"1234","NOP56",-0.016285145,0.512954340982157,0.66113231539979
"1235","NOP58",0.0193385349999999,-1.58175871362793,0.351254076123154
"1236","NOP9",-0.1346945,5.9127457222027,0.105081505819669
"1237","NPAT",-0.0323225749999999,1.27740100833205,0.376117224842684
"1238","NPEPPS",-0.0537741999999999,0.669226388114482,0.600567930149567
"1239","NPLOC4",-0.00707082499999989,0.136580427721058,0.905044813390369
"1240","NPM1",-0.15963107,3.52678919276811,0.122463223998843
"1241","NRAS",-0.0451198749999999,16.6482176757282,0.0216166988578271
"1242","NRBP1",-0.0718310249999999,3.65752517722941,0.0676041752645316
"1243","NRDE2",-0.011929085,0.284456021522759,0.808619365777547
"1244","NRF1",-0.00824385500000002,0.190085374495332,0.876074574987509
"1245","NSA2",-0.062487395,31.0372791517731,0.0121443558194336
"1246","NSF",-0.00488894500000003,0.186905171166886,0.869206387103422
"1247","NSL1",0.00899293000000001,-0.157772309324912,0.899252621245228
"1248","NSMCE1",-0.1079895,2.11887974686959,0.214277042677752
"1249","NSMCE2",-0.0798837649999999,1.43367350698637,0.387441518253899
"1250","NSMCE3",-0.02791239,0.709681921719564,0.554463473437238
"1251","NSMCE4A",-0.0396329900000001,2.05018985632196,0.27984530740215
"1252","NSUN4",-0.11517355,2.60937989234797,0.166266936882099
"1253","NUBP1",0.0332301049999999,-0.797388371555318,0.568134132668484
"1254","NUBP2",0.00131248499999992,-0.0514203143271786,0.96721799013255
"1255","NUDC",-0.055948065,2.27735783001382,0.15305373672088
"1256","NUDCD3",-0.0387069749999999,3.83276202826539,0.128442101439906
"1257","NUDT21",-0.026663345,0.928554656971228,0.503269446067066
"1258","NUF2",-0.0820281150000001,1.91006900446091,0.292731160843722
"1259","NUMA1",-0.11072379,2.27662352737181,0.199026886252609
"1260","NUP107",-0.0901723499999999,1.20178364867359,0.403021323040384
"1261","NUP133",0.042869515,-1.27937425978229,0.37819943034113
"1262","NUP153",-0.113847275,2.43714423925248,0.222171006811686
"1263","NUP155",-0.0698906100000001,1.78281219480109,0.247162658628018
"1264","NUP160",-0.0389579250000001,1.49673069665197,0.311136518925295
"1265","NUP205",-0.148033585,3.60955712686654,0.120147361908543
"1266","NUP214",0.05401382,-0.815015817956219,0.502796245298289
"1267","NUP35",-0.120513325,2.55262486945596,0.125275208933665
"1268","NUP37",-0.0905097750000001,1.71798001955192,0.242025296742296
"1269","NUP43",-0.03412094,1.06614053327147,0.458726356172002
"1270","NUP50",-0.0764954,6.3646023405363,0.0251055225103538
"1271","NUP54",-0.0641788799999999,1.17001890467816,0.445551186193757
"1272","NUP58",-0.03706933,0.613381733234386,0.647675560849348
"1273","NUP62",-0.0458368749999999,1.05146273999777,0.417273987572259
"1274","NUP85",-0.0268416699999999,1.03201721492558,0.412709048515783
"1275","NUP88",0.000405144999999885,-0.06298074984718,0.956664600020043
"1276","NUP93",0.0564664,-3.97099962413083,0.1174556231824
"1277","NUP98",-0.0496789650000001,1.77146743008856,0.242094948453536
"1278","NUS1",-0.0528331,1.41934076473308,0.359312586896508
"1279","NUTF2",0.016796385,-0.563315239600753,0.663633945929504
"1280","NVL",-0.04209587,0.727970898947079,0.585820590032305
"1281","NXF1",-0.054850675,0.620051043558495,0.636640906613734
"1282","NXT1",-0.11096645,2.22557482588755,0.190063335463096
"1283","OGDH",0.0174481400000001,-0.548931567559952,0.680332567755618
"1284","OGT",0.02707973,-0.902069580194713,0.483831457536741
"1285","OIP5",-0.18132095,7.8763897677462,0.0280108417425052
"1286","OPA1",-0.12577397,4.18836154936743,0.0672799979521331
"1287","ORC1",-0.06960934,1.62891948764323,0.350464620463465
"1288","ORC3",-0.07910757,6.63960249430254,0.0903776566231622
"1289","ORC4",-0.058204025,1.08769898499262,0.436021987312844
"1290","ORC5",-0.0745948299999999,1.57070190111481,0.344666483733696
"1291","ORC6",-0.00186710000000001,0.0251799186542654,0.983967852737631
"1292","OSGEP",-0.12820285,4.15409345703179,0.148771704012938
"1293","OST4",-0.0326805250000001,8.01936991379333,0.0159716805868491
"1294","OSTC",-0.058642305,2.43997847184369,0.140753889736901
"1295","OTUD5",-0.0381103749999999,0.576620136160011,0.665884190333158
"1296","OXA1L",-0.05313223,2.35972269136776,0.167368888740878
"1297","OXSM",-0.109409795,2.65975550401449,0.220935613194533
"1298","PABIR1",0.00969122499999986,-0.860484238898547,0.546756764453879
"1299","PABPC1",-0.108470945,1.84587497028456,0.313904917713656
"1300","PABPN1",-0.01114802,0.148154944086906,0.90075379133245
"1301","PAFAH1B1",0.070243615,-0.612405148460779,0.648495848158656
"1302","PAGR1",-0.0945345000000001,1.65048499777211,0.249898536447569
"1303","PAICS",-0.14829585,3.06839107926056,0.192473120983418
"1304","PAK1IP1",-0.07593838,5.88693686288482,0.0277092963860246
"1305","PAK2",-0.032223495,0.820411961477465,0.49873447967145
"1306","PALB2",-0.06202515,1.51331024610073,0.269667131476912
"1307","PAM16",-0.00958875000000003,0.284876275783456,0.822887878397168
"1308","PARD3",-0.0631555499999999,1.44899003864949,0.338713695964023
"1309","PARD6B",-0.0660870549999999,1.28798684671409,0.362722581609312
"1310","PARS2",-0.0867604150000001,1.5512159184865,0.357564137603179
"1311","PAX8",-0.03930707,1.26845041244222,0.422513612729493
"1312","PAXBP1",0.0127312400000001,-0.272839002146101,0.811574347202543
"1313","PAXIP1",-0.0226498550000001,0.620833788416269,0.641055555448619
"1314","PBRM1",-0.0826640649999999,1.44273119758568,0.289545692383602
"1315","PCBP1",-0.10084197,4.68082674538519,0.12354612661333
"1316","PCBP2",-0.079675285,1.04447692861366,0.47865179498596
"1317","PCF11",-0.0596777749999999,0.866489549679894,0.515635844810669
"1318","PCGF1",-0.0758477700000001,1.39989732768264,0.296591463299456
"1319","PCID2",-0.0318273200000001,0.898458668408863,0.525271683000029
"1320","PCM1",-0.10378262,1.81512097461069,0.314709655963079
"1321","PCNA",0.01542911,-0.383205269418814,0.749534840704806
"1322","PCYT1A",0.011140005,-0.905272456269209,0.531352481718532
"1323","PDCD10",-0.109933225,2.6923494455777,0.145892703474844
"1324","PDCD11",-0.0550990250000001,3.82150719220415,0.108980370498901
"1325","PDCD2",-0.06803047,2.17885995435461,0.257299299529137
"1326","PDCD5",-0.02760343,0.585534681233746,0.618467282366586
"1327","PDCD6IP",-0.02835115,0.754585591249787,0.582741435785649
"1328","PDCD7",0.07481062,-2.31932588497344,0.162361626753697
"1329","PDCL",-0.0284788,1.22369797895294,0.392546826915461
"1330","PDE12",-0.0570596750000001,3.15014528452508,0.108286799728255
"1331","PDE4DIP",-0.0169303299999999,0.186655792170551,0.869362671104887
"1332","PDHA1",0.0204911000000001,-6.60191743470422,0.0531921572168692
"1333","PDPK1",-0.00833855999999999,0.158080346987507,0.894949007026673
"1334","PDRG1",-0.0889898499999999,0.882069341051944,0.473364761904175
"1335","PDS5A",-0.07383669,1.7958768544518,0.221923298915822
"1336","PDSS1",-0.0473976850000001,1.08356014841923,0.447148954045093
"1337","PDSS2",-0.037635385,0.933507615039754,0.509390431927728
"1338","PELO",-0.0395184450000001,0.866666070792892,0.52439746143555
"1339","PELP1",-0.054974755,1.09402508899157,0.399348784982481
"1340","PES1",-0.11085637,2.03519057278302,0.282755077711589
"1341","PET117",-0.086392445,2.7361026745573,0.171495005446842
"1342","PEX1",-0.01300132,0.474136422885357,0.682402506518885
"1343","PEX6",0.065891285,-1.09932824279833,0.442801139626712
"1344","PFAS",-0.17477887,3.19440699290465,0.0902868770072707
"1345","PFDN1",-0.0526263499999999,1.36038282291065,0.314710698767809
"1346","PFDN2",-0.01114488,0.149763702271104,0.905338878516592
"1347","PFDN4",-0.21948643,11.1512935131687,0.011067514031706
"1348","PFDN5",-0.10262113,4.05402308189204,0.132694120257793
"1349","PFDN6",0.029076445,-1.06035226982375,0.468231641867435
"1350","PFN1",-0.0811615999999999,2.03617655849945,0.289959077195778
"1351","PGD",-0.13882992,2.64032003154389,0.226773304564235
"1352","PGGT1B",0.03135044,-1.84856425096916,0.263544991081536
"1353","PGK1",-0.11369365,3.4726469072737,0.094684217200287
"1354","PGM3",-0.085005035,1.73718471971674,0.332415374043439
"1355","PGP",0.07228437,-0.932632285289961,0.451029194588422
"1356","PGS1",-0.0804756850000001,4.45513063625718,0.046937894451789
"1357","PHAX",-0.030752565,0.954541381738176,0.444946957800771
"1358","PHB2",-0.08334288,1.29962004344327,0.405823821340548
"1359","PHF12",-0.055787245,1.43177769036026,0.331486243590344
"1360","PHF5A",0.02930892,-1.3864856975073,0.308741378862094
"1361","PI4KA",0.00856600499999993,-0.3493920379295,0.785013872740801
"1362","PI4KB",-0.028517575,0.747054320514522,0.543933316907739
"1363","PICALM",-0.0227777299999999,0.956929081485007,0.449985780917726
"1364","PIK3C3",-0.02902181,0.635044878183905,0.595040582212873
"1365","PIK3CA",-0.03379153,0.83860008398451,0.496813384351954
"1366","PIK3CB",-0.030156085,0.853715597130098,0.485389564505148
"1367","PIK3R1",0.00407427499999991,-0.0980145220056013,0.932592716646508
"1368","PIK3R4",-0.032637985,6.50929882054446,0.0663450997456503
"1369","PITRM1",-0.0432053399999999,1.1314021164914,0.437016632573316
"1370","PKM",-0.0541087,2.07540469953808,0.284708029965834
"1371","PKMYT1",-0.06927349,1.09262598299381,0.470540196294037
"1372","PKN2",-0.034636345,1.50887462124799,0.352132275451807
"1373","PLK1",0.141886475,-1.77805557019806,0.322238423944618
"1374","PLK4",-0.0613570200000001,3.23788764059116,0.189928646845236
"1375","PLRG1",-0.13972402,2.90891465530439,0.210450901070755
"1376","PMF1",-0.02683833,0.808694504701568,0.536334955920994
"1377","PMM2",-0.071306835,1.47529678998532,0.376903444241296
"1378","PMPCA",0.0850962750000001,-2.55533950608527,0.231119086937262
"1379","PMPCB",0.0752792799999999,-2.18219441910801,0.271477582249876
"1380","PMVK",-0.082451725,2.4822957451515,0.135113341408793
"1381","PNKP",-0.06923544,1.24061599344323,0.362018082666
"1382","PNN",-0.0957945800000001,4.24916566882192,0.140312340087889
"1383","PNPT1",-0.20550585,5.24420857072984,0.106886832391193
"1384","POC1A",-0.2101793,2.28141895971119,0.261662097150023
"1385","POLA1",-0.0917574250000001,8.2146057944482,0.0634810284549618
"1386","POLA2",0.0970907200000001,-2.71038330884766,0.128450939738207
"1387","POLD1",0.080847505,-3.79704005521083,0.0637618580246082
"1388","POLD2",-0.046691625,2.77178221925086,0.220212760891726
"1389","POLD3",-0.0817718599999999,4.61015508274535,0.0740680115527509
"1390","POLE",-0.0294076550000001,2.02549406023725,0.243290976312736
"1391","POLE2",-0.02108982,0.638907874790228,0.614977150517088
"1392","POLE3",-0.11859883,2.0699073886646,0.203456102276535
"1393","POLE4",-0.1224904,2.77078400987304,0.172870375906469
"1394","POLG",-0.132852615,2.9407410091561,0.197866421815156
"1395","POLG2",-0.100207015,3.65659947966907,0.0760418777112194
"1396","POLR1A",-0.0746627000000001,8.56759948003194,0.0736716950206387
"1397","POLR1B",-0.0410404449999999,1.28043653978925,0.37387727114699
"1398","POLR1C",0.0270219,-0.366177591612272,0.7546567798345
"1399","POLR1E",-0.062581665,1.60728479191433,0.253011267987996
"1400","POLR1F",-0.00993638499999999,0.162652235945131,0.889527093943053
"1401","POLR1H",-0.10225663,4.8639930860132,0.118012637461006
"1402","POLR2B",0.042615485,-1.98953968011573,0.206623994549548
"1403","POLR2C",-0.03253754,1.24449360191982,0.384198377640388
"1404","POLR2D",-0.01508095,1.47624005177581,0.285584029018914
"1405","POLR2E",-0.055590375,7.91974315270032,0.0410361281156668
"1406","POLR2F",-0.00778028499999994,0.210037909395352,0.856666716382083
"1407","POLR2G",-0.08587778,5.33956238851815,0.109148005762214
"1408","POLR2H",0.00374244999999995,-0.144056764442715,0.908901535180062
"1409","POLR2I",-0.0672027900000001,2.94480371542783,0.0993918580266383
"1410","POLR2K",-0.0959829499999999,2.02356837243044,0.224684320773299
"1411","POLR2L",0.000392914999999938,-0.0156873655670304,0.990013793644668
"1412","POLR2M",0.0191055,-0.278313977605792,0.809213403556306
"1413","POLR3A",-0.00324138499999999,0.117972031392681,0.919522442047808
"1414","POLR3B",0.024473215,-0.712387079343565,0.550480552086631
"1415","POLR3C",-0.057174435,5.35917770862674,0.104116484849347
"1416","POLR3D",-0.05943895,4.13300067506388,0.114497109858236
"1417","POLR3E",-0.0784462300000001,2.86854640400393,0.103147915376513
"1418","POLR3F",-0.0379872900000001,3.83513164893057,0.0632341183579448
"1419","POLR3H",0.0028813299999999,-0.156865823556589,0.89679135845393
"1420","POLR3K",-0.0210045999999999,1.00505367815261,0.492224428422104
"1421","POLRMT",-0.01515187,1.4894645761262,0.350422719670924
"1422","POM121C",0.017905365,-0.563169498815089,0.630364703529474
"1423","POMP",-0.209313625,2.9112386653369,0.2061959190288
"1424","POP1",-0.0255131,0.874499910289746,0.540758132319346
"1425","POP4",-0.0581732349999999,0.981586020915488,0.47277755383994
"1426","POP5",-0.079636565,4.11303464470139,0.0611509332575432
"1427","POP7",-0.0141948399999999,0.555712784153392,0.672005380690879
"1428","POT1",-0.0663113499999999,1.48592906312346,0.339794872930975
"1429","POU2AF1",-0.18333545,3.11555057683629,0.0989408240732104
"1430","PPA1",-0.07221408,2.17994009268604,0.234009340464309
"1431","PPA2",-0.153267265,6.87533813640233,0.0706568273480413
"1432","PPAN",-0.0566833050000001,1.29564081516542,0.336782938250354
"1433","PPAT",-0.0870141250000001,6.11294572636426,0.0352819709763958
"1434","PPCDC",-0.0576897799999999,2.8205429981347,0.107796860380697
"1435","PPCS",-0.06590065,1.88567751915378,0.293911819103207
"1436","PPIA",-0.162998175,3.17502637859071,0.17346415936687
"1437","PPIH",-0.0580029500000001,0.68423158807798,0.613017182007155
"1438","PPIL1",-0.156994305,1.49069826409452,0.316744554875533
"1439","PPIL2",-0.014690605,0.527079382332131,0.652552199783432
"1440","PPIL4",-0.054802585,2.31882950030298,0.148499562884808
"1441","PPM1D",-0.10935106,2.8673936301631,0.193716162709735
"1442","PPM1G",-0.0248005649999999,0.453252727517425,0.700348266168267
"1443","PPME1",-0.032486075,0.676140469862903,0.599696928214462
"1444","PPP1CA",-0.1257952,2.52735923622223,0.239651129101528
"1445","PPP1CB",-0.03249196,0.455220040915504,0.719683753426971
"1446","PPP1R10",-0.00292840500000002,0.0674953302884958,0.955127636573334
"1447","PPP1R11",-0.0337463199999999,2.32985143073076,0.19201715036922
"1448","PPP1R12A",-0.03687235,1.81462629996136,0.211624747671672
"1449","PPP1R15B",0.03814126,-0.96811258866738,0.469408046589814
"1450","PPP1R2",-0.06057144,0.822281348111525,0.501536935852914
"1451","PPP1R7",-0.056581715,2.03721313955745,0.210889283328251
"1452","PPP1R8",-0.00628820000000008,0.0865111110684914,0.944129624533735
"1453","PPP2CA",-0.03539271,1.17124749652136,0.393713392081669
"1454","PPP2R1A",-0.1302904,2.44834643643395,0.186208347917262
"1455","PPP2R2A",-0.06874672,2.34694877713261,0.144275348258628
"1456","PPP2R3C",-0.0679400699999999,1.44258681530839,0.385866654613482
"1457","PPP4C",-0.0331245499999999,1.49709831471512,0.372154164510106
"1458","PPP4R2",-0.0421038500000002,1.78594403055213,0.222256465375179
"1459","PPP6C",-0.0557251,0.770822331426761,0.542878487816607
"1460","PPP6R3",-0.06626623,1.50634358504916,0.276427409689451
"1461","PPRC1",-0.061448095,1.01816378727525,0.448420743720576
"1462","PPWD1",-0.0571018349999999,2.03338820614958,0.236147157379796
"1463","PRC1",-0.0106939749999999,0.498287763842867,0.683620033027281
"1464","PRDX1",-0.18799977,4.37294020285509,0.0739156142299827
"1465","PREB",-0.0128503699999999,0.258982164936047,0.833129333264046
"1466","PRELID1",0.07514221,-6.65572018343016,0.0243760966419785
"1467","PRELID3B",0.0377646500000001,-0.574271745401069,0.62861129020727
"1468","PRIM1",0.0526384900000001,-0.457854565291348,0.724712126961262
"1469","PRKAR1A",-0.10547867,2.65970445911386,0.197341771744565
"1470","PRKRA",-0.0870223400000001,4.99483159162734,0.122175469616422
"1471","PRMT1",-0.11958952,3.06721304484375,0.200056024375314
"1472","PRMT5",-0.0944320750000001,1.71627527717076,0.335665207283735
"1473","PRORP",-0.00642294999999993,0.227171893825136,0.856235527978627
"1474","PRPF19",0.09207575,-4.01777935446208,0.0570096991425621
"1475","PRPF3",-0.0982859150000001,1.95825969882282,0.203762780080908
"1476","PRPF31",0.011995585,-0.217293476600207,0.861209203015514
"1477","PRPF38A",-0.0599568700000001,0.817850442919325,0.504210322766826
"1478","PRPF38B",0.0740426500000001,-1.69332149872415,0.285013094415779
"1479","PRPF39",-0.1617231,11.3602552068804,0.00826101371620744
"1480","PRPF4",0.03067385,-0.810850102043062,0.510183367026211
"1481","PRPF40A",-0.123607915,1.24160996478835,0.366543487054376
"1482","PRPF6",-0.1085381,4.90667815458152,0.0784379956983652
"1483","PRPF8",-0.05891093,1.02982574825321,0.478257957985542
"1484","PSMA1",0.01562332,-0.25407642341849,0.841593739597637
"1485","PSMA2",-0.026447255,0.823097733429169,0.498214572696915
"1486","PSMA3",0.093979065,-5.30309055126718,0.0385008078871235
"1487","PSMA4",-0.07884493,1.54292981415102,0.364267752232056
"1488","PSMA5",-0.0104131000000001,0.473156123674888,0.715252867064516
"1489","PSMA6",0.114155355,-2.40615081649666,0.193243273447931
"1490","PSMA7",0.0681910450000001,-4.48466446491544,0.128920474980626
"1491","PSMB1",-0.076736155,1.64856174979858,0.343568061728133
"1492","PSMB2",-0.013015605,0.693490221963614,0.559910518079333
"1493","PSMB3",-0.0577881000000001,3.13869142722036,0.169417739016268
"1494","PSMB4",0.023331675,-0.386455803115112,0.747187378511033
"1495","PSMB5",-0.01484005,0.415429746622777,0.748786399824986
"1496","PSMB6",-0.0222410350000001,0.88977215684508,0.516690709801518
"1497","PSMB7",-0.0722933299999999,3.58996720423346,0.169620878087697
"1498","PSMC1",0.026758785,-0.756114870928706,0.586690337714812
"1499","PSMC2",0.0384094700000001,-0.933831681360456,0.520253197499515
"1500","PSMC3",0.020499395,-0.410584243988653,0.743243161802006
"1501","PSMC4",-0.0443113049999999,12.0916356872108,0.00696565178581275
"1502","PSMC5",-0.0335819949999999,1.90237577075752,0.24630572566228
"1503","PSMC6",-0.00452699000000001,0.153928802774235,0.901299375701346
"1504","PSMD1",0.061806725,-16.05003260739,0.025761240580601
"1505","PSMD11",0.02776497,-5.46446318590002,0.031952311678468
"1506","PSMD12",-0.00719617,0.435082582848687,0.727918156915457
"1507","PSMD13",-0.08621291,0.782973402855113,0.576363159576627
"1508","PSMD14",-0.025899115,1.09847039670044,0.403391687947538
"1509","PSMD2",0.0711982499999999,-3.87236693676535,0.123085100222688
"1510","PSMD3",-0.000368444999999884,0.0197756386786449,0.98603823025885
"1511","PSMD4",0.020156945,-0.50646258676359,0.676423911680851
"1512","PSMD6",-0.030107265,1.33217681366716,0.39436851518359
"1513","PSMD7",0.0154390250000001,-0.396229537073045,0.747923588879678
"1514","PSMD8",-0.0884411700000001,2.97019354675938,0.135832859978739
"1515","PSMF1",-0.11081457,1.20107481040586,0.42517552461247
"1516","PSMG1",-0.057657135,3.162805993299,0.194900905673376
"1517","PSMG2",-0.055856825,1.46891897630756,0.326072854121546
"1518","PSMG3",-0.0383408550000001,1.49161518239286,0.335577114447234
"1519","PSMG4",0.00486188499999995,-0.0897063577853269,0.94034368556818
"1520","PSTK",-0.0859713,1.01830171227986,0.416940938586444
"1521","PTAR1",-0.0102255999999999,0.282991780855588,0.814082549118917
"1522","PTBP1",-0.085398085,1.52889311928366,0.276494878570122
"1523","PTCD1",-0.03465208,0.901718547094519,0.487459901547858
"1524","PTCD3",-0.043790015,2.69387345525367,0.225800499346038
"1525","PTDSS1",-0.05448384,1.81888340959457,0.221421346979769
"1526","PTEN",-0.0971695450000001,1.91107286569861,0.201021686185251
"1527","PTK2",0.0203191149999999,-0.522685299401378,0.693383491580165
"1528","PTMA",-0.132056335,2.61282417819736,0.230589899182288
"1529","PTPA",-0.05542484,1.38792856858238,0.348790143988994
"1530","PTPMT1",-0.07509555,1.16122564154112,0.382639011659702
"1531","PTPN1",-0.020595515,0.326604837302302,0.777304555994911
"1532","PTPN11",0.048695755,-0.968794563140149,0.44649394160975
"1533","PTPN23",0.02222898,-1.17025188295321,0.439529341478132
"1534","PUF60",0.01392439,-0.174739777637613,0.879661409422278
"1535","PUM1",-0.119621115,2.45242381942593,0.17962188736996
"1536","PWP1",-0.066658055,1.57311900131536,0.261769448147956
"1537","PWP2",-0.021651705,1.27568179938242,0.331255804849149
"1538","PXN",-0.0241791349999999,0.573439931988179,0.66805008477774
"1539","PYROXD1",-0.06903848,1.72856211839451,0.260400878393981
"1540","QARS1",-0.0223535500000001,2.24998703675541,0.153757084777104
"1541","QRSL1",-0.269337405,3.04385332404036,0.136797593119158
"1542","RAB10",-0.06719537,1.13693898206548,0.375941798727416
"1543","RAB18",-0.0302699900000001,0.477231300603016,0.685169452050923
"1544","RAB35",-0.08551007,0.864519064021982,0.479267446761349
"1545","RAB6A",-0.0302675300000002,0.532847932996769,0.667378534614964
"1546","RAB7A",-0.05756065,0.95245628969497,0.445275780680004
"1547","RABGGTA",0.0320254,-1.09101444237633,0.394085610890768
"1548","RABGGTB",0.0143567250000001,-0.48520114652682,0.675607462937418
"1549","RABIF",-0.03439158,0.778180315951345,0.521357100586756
"1550","RAC1",-0.0122933000000001,0.555172663027644,0.642181289808221
"1551","RAC3",-0.0709415499999999,4.54848706027071,0.0602521018171334
"1552","RACGAP1",-0.03950074,0.855780327677579,0.492067946988982
"1553","RACK1",0.0463864700000001,-1.62242700147992,0.27198860995877
"1554","RAD1",-0.0600381000000001,1.92043986184873,0.197544298890784
"1555","RAD17",-0.0427136,4.33957707215152,0.0492813135003757
"1556","RAD21",-0.04764155,1.27490881047208,0.407414940012543
"1557","RAD51",-0.07101754,2.53728980270022,0.237729852477174
"1558","RAD51B",-0.10432485,2.42206461359588,0.209034899307277
"1559","RAD51C",-0.0727071049999999,2.55672374675915,0.154681431674109
"1560","RAD51D",-0.0616280300000001,0.874452845848658,0.501633788647093
"1561","RAD9A",0.05975446,-0.725406510135312,0.559561635788518
"1562","RAE1",0.00795064000000001,-0.245866422762306,0.842222414745345
"1563","RAF1",-0.04940599,1.22355283628516,0.369325363799498
"1564","RAN",0.16883515,-3.81326794353114,0.0714731569535114
"1565","RANBP3",-0.00108897999999991,0.00958267677049015,0.993643480709954
"1566","RANGAP1",0.023252465,-2.2217989556987,0.241611796153584
"1567","RARS2",-0.114628575,7.0740634672764,0.0404570271232449
"1568","RASA4",-0.0375387250000001,1.76224413269168,0.236270467248306
"1569","RB1CC1",-0.064798185,1.70416458391346,0.297331932604994
"1570","RBBP4",-0.0701869799999999,6.90323611209451,0.0864925945582046
"1571","RBBP5",-0.0229406699999999,0.352830284377692,0.782557269658249
"1572","RBBP6",-0.080859185,2.98769645474087,0.104380491832661
"1573","RBBP7",-0.15174665,4.16448862313769,0.0597554299044376
"1574","RBBP8",0.00494154999999996,-0.361299484603074,0.767599311114412
"1575","RBIS",-0.01558992,0.283485562461297,0.805763258131813
"1576","RBM10",-0.094291035,3.33770599143623,0.0795670962724997
"1577","RBM12",-0.11732925,2.91123723157883,0.18850984853066
"1578","RBM14",0.01640086,-0.477445009283795,0.700717315798832
"1579","RBM15",-0.04971298,1.5136220714275,0.312881306166131
"1580","RBM17",-0.12775718,1.36580355764633,0.401035108371621
"1581","RBM22",-0.022971425,0.863124179244743,0.53297802186514
"1582","RBM25",-0.02245655,2.21904516904595,0.18913128436164
"1583","RBM28",-0.125883445,8.83866278869322,0.0521491670610722
"1584","RBM39",0.0287628000000001,-0.294850483863706,0.813195083884206
"1585","RBM42",-0.0683994250000001,1.16751336807888,0.449386257127381
"1586","RBM5",-0.062911065,1.41540517026812,0.292628262336143
"1587","RBM8A",0.17441207,-0.829059717779883,0.551861815651404
"1588","RBMX",-0.0678412349999999,2.13343195466321,0.261776287057928
"1589","RBMX2",-0.16133955,1.2627918856455,0.408845800657689
"1590","RBMXL1",-0.039773255,1.96369876184102,0.29361163305186
"1591","RBSN",-0.028983365,1.04624254949431,0.437869889729017
"1592","RBX1",-0.064892845,1.76430603968579,0.240891231619249
"1593","RCC1",-0.0571038349999999,0.833307005920474,0.552573844104708
"1594","RCC1L",-0.0178156700000001,0.218222215239119,0.863009267717086
"1595","RCL1",-0.0386887099999998,1.60137488453598,0.260568026924235
"1596","RCOR1",-0.060928925,0.685870206038059,0.592832373996258
"1597","RELA",-0.09479995,2.04565465122868,0.192596116604742
"1598","REV1",-0.0653504800000001,1.76589571369282,0.295856262967637
"1599","REV3L",-0.107119545,3.08222279878016,0.112465688567227
"1600","REXO2",-0.12255075,4.73962464903494,0.0849381779018875
"1601","RFC2",-0.067932455,1.0675188932018,0.400456098713894
"1602","RFC3",-0.0630705699999999,1.38219462936278,0.357708090536471
"1603","RFC5",-0.03290109,0.63945546469713,0.588109914732106
"1604","RFK",-0.027451465,1.29088667413755,0.352325411274425
"1605","RFT1",-0.0130511800000001,0.626418130332033,0.595007270387822
"1606","RGP1",-0.016835315,0.233379897793922,0.848814617005969
"1607","RHEB",-0.0385804449999999,6.18145727968755,0.0378650515263288
"1608","RHOA",-0.06255492,2.26412232632227,0.261749073792367
"1609","RHOQ",-0.05203893,3.35067025353035,0.0820466976524298
"1610","RIC1",-0.043400565,1.44373641468729,0.383090249315856
"1611","RIC8A",-0.0178002250000001,0.333818229293229,0.791390206655415
"1612","RICTOR",-0.02824377,2.60362609777774,0.132251238062768
"1613","RINT1",-0.0653999000000001,5.43304618987082,0.115827062359814
"1614","RIOK1",-0.0493181,18.8759755808143,0.00318906323958825
"1615","RIOK2",-0.0786896349999999,1.43822511263912,0.371840463710649
"1616","RMI1",-0.11840428,1.29728739313353,0.393849198290074
"1617","RMND5A",-0.0662334,2.34868569819623,0.216153570763547
"1618","RNASEH2A",-0.15535375,2.85363387362301,0.119301206913101
"1619","RNASEH2C",-0.0881320249999999,1.0966987658512,0.410198484888902
"1620","RNF113A",-0.121671325,2.80947436615544,0.110073546236547
"1621","RNF146",-0.11642558,6.87721987630621,0.0695762376147262
"1622","RNF168",-0.04901697,1.96203724426566,0.269180528010547
"1623","RNF20",-0.0677021499999999,1.85206149231791,0.310941565078258
"1624","RNF31",-0.0219510550000002,0.317777000100412,0.804119692121035
"1625","RNF4",-0.04143385,0.962357950821931,0.469519117396154
"1626","RNF7",-0.11552165,2.04353376712251,0.28501651752456
"1627","RNF8",-0.084377725,0.857747142203759,0.548160516424905
"1628","RNGTT",0.086106675,-1.56757414129734,0.336454487630826
"1629","RNH1",-0.0104805449999998,0.116211020589353,0.919131383589358
"1630","RNMT",-0.04482707,0.88682028496476,0.482730007563982
"1631","RNPC3",0.02585616,-0.598815692019528,0.656285938365523
"1632","RNPS1",-0.163122575,1.94999901242835,0.300145042734611
"1633","ROCK2",-0.0559556999999999,2.20595023699695,0.169789072688953
"1634","ROMO1",0.00565283500000002,-0.140352300994961,0.905489990394058
"1635","RPA1",-0.06468183,1.41829847909933,0.387612186331632
"1636","RPA2",0.04222768,-9.30201815288755,0.0148332456300372
"1637","RPA3",0.00370075999999997,-0.214369650786298,0.851103373804046
"1638","RPAIN",0.00213705500000017,-0.144211537971569,0.908191723907439
"1639","RPAP2",-0.0396015749999999,5.5249784947358,0.0417052604116915
"1640","RPE",-0.0861420900000001,1.08015125597056,0.394204111563108
"1641","RPF1",-0.03356746,1.14505726589203,0.397757097874902
"1642","RPF2",-0.039984985,1.34792904442202,0.340469677717805
"1643","RPIA",-0.068056855,1.28300129978863,0.385625352335602
"1644","RPL10",-0.20280393,1.94044578384726,0.301072271073792
"1645","RPL10A",0.01812784,-0.277261195266075,0.814837873087882
"1646","RPL11",-0.02980603,0.755271865898392,0.586802650082066
"1647","RPL12",-0.02842101,0.265470858445837,0.834780337408433
"1648","RPL13",0.0197758100000001,-0.334711573443828,0.793856043856308
"1649","RPL13A",-0.06561806,4.33198718495782,0.139889236624498
"1650","RPL14",-0.0461407,1.67526319909933,0.252908498544001
"1651","RPL17",0.00405447000000003,-0.045859351781571,0.970238098283786
"1652","RPL18",-0.0803403799999999,7.45571447754117,0.0838579251604583
"1653","RPL18A",0.077201985,-2.4065547715429,0.250201822501158
"1654","RPL19",0.02976165,-1.64721301412469,0.250037105739933
"1655","RPL21",0.018820645,-0.463514674181048,0.688677636436595
"1656","RPL22",-0.1037572,1.32195743331262,0.381790463583029
"1657","RPL22L1",-0.19592098,115.128150707189,0.00071770640424096
"1658","RPL23",0.079697565,-2.18089999792559,0.272145480345938
"1659","RPL23A",0.01096084,-0.237001205120561,0.850276997956594
"1660","RPL24",0.024920415,-1.9248712727565,0.293497275784039
"1661","RPL26",-0.118061365,1.03509363313783,0.464139045825662
"1662","RPL26L1",-0.24548077,31.4421372332607,0.0166819122661702
"1663","RPL27",0.00398643499999995,-0.222704081710265,0.850834052717918
"1664","RPL27A",-0.14096904,1.35315200677003,0.405164130896679
"1665","RPL28",-0.0136599049999999,0.242780210114751,0.839462873477336
"1666","RPL3",-0.13222645,2.00942329715523,0.287842830178002
"1667","RPL30",-0.060321275,0.879099237861976,0.489745057482103
"1668","RPL31",0.05954048,-2.32095747163202,0.162851370356601
"1669","RPL32",-0.0463150400000001,1.55572067209222,0.351270849724481
"1670","RPL35",-0.10349952,21.8258934473418,0.0266728528787579
"1671","RPL36",-0.030212385,0.34377879135531,0.776384058339031
"1672","RPL36A",-0.09477165,3.17835110303789,0.0887659072061426
"1673","RPL36AL",-0.10924718,3.11683502619302,0.148194654483494
"1674","RPL37",-0.08647532,4.44954772812126,0.130156478046236
"1675","RPL37A",0.0142458400000001,-0.390226156714535,0.754222406471848
"1676","RPL38",-0.0754216250000001,0.733744739814681,0.596583206767921
"1677","RPL4",-0.0205303,0.483581874730074,0.712524004334532
"1678","RPL5",0.0554332049999999,-0.631311305779003,0.629898714297828
"1679","RPL6",0.00376735500000003,-0.0985633138366116,0.934688215692383
"1680","RPL7",-0.0462946949999999,5.05765012160847,0.0986019275680013
"1681","RPL7A",-0.02877836,2.22962858100219,0.1559683114737
"1682","RPL7L1",0.0271321800000001,-0.35410069888967,0.758223538150499
"1683","RPL8",0.01545273,-0.427033621027496,0.735011598650729
"1684","RPL9",-0.02286213,1.49322819028836,0.301944395819484
"1685","RPLP0",-0.0512137549999999,2.37952771172499,0.227388764194518
"1686","RPLP1",-0.05636471,1.00774614442637,0.447171905093559
"1687","RPLP2",-0.094622545,6.36468904256209,0.0348535338568814
"1688","RPN1",-0.07337142,2.17086458466177,0.219026283651715
"1689","RPN2",-0.07797057,2.6233471334459,0.182455350474812
"1690","RPP14",0.02380724,-0.386136047346359,0.760833166602323
"1691","RPP21",0.000549350000000004,-0.038515964377211,0.973455287109127
"1692","RPP25L",-0.0840469700000001,1.36126260471172,0.395099916165021
"1693","RPP30",-0.0872348500000001,1.51552104979726,0.370676862170257
"1694","RPP38",-0.0036502249999999,0.119228433814871,0.916254255144935
"1695","RPP40",-0.0125036700000001,0.32340205188161,0.784715652029795
"1696","RPRD1B",-0.08304378,1.0894601114409,0.411459455382513
"1697","RPRD2",-0.05465939,0.858936120487033,0.497006686389099
"1698","RPS11",0.0512488,-3.36853567897504,0.138936557708454
"1699","RPS12",-0.03525835,3.45485340128334,0.128961815315542
"1700","RPS13",-0.0625497,3.77877128703038,0.110785891159555
"1701","RPS14",0.0170275,-0.418806120721537,0.745154821381352
"1702","RPS15",0.0155524899999999,-0.378926778480783,0.744582652509655
"1703","RPS15A",-0.110169055,1.8581054316832,0.219213598262506
"1704","RPS16",-0.02260494,0.503817409848917,0.702236383563469
"1705","RPS17",0.068282935,-1.30803572617648,0.401687269728752
"1706","RPS18",-0.00898365500000003,0.623988198208467,0.619919222070663
"1707","RPS19",0.04609498,-0.726302492198665,0.571488964405797
"1708","RPS2",0.0340295799999999,-0.843383305185757,0.505302864515159
"1709","RPS20",0.04301733,-2.28935824656742,0.189792199856042
"1710","RPS21",-0.01667358,0.505097663350933,0.701609737120835
"1711","RPS23",0.0328882100000001,-0.735159490772908,0.596178145250734
"1712","RPS24",-0.0707589949999999,6.50745377110155,0.0790742173913442
"1713","RPS25",-0.034389645,0.899507450379091,0.493056473931344
"1714","RPS27A",0.016520875,-1.41732458328944,0.309875308142766
"1715","RPS28",-0.08459136,1.54059061846935,0.285832147980893
"1716","RPS29",0.0517753,-1.64568172573592,0.347031028604358
"1717","RPS3",0.02258501,-0.66450091387115,0.602573108679794
"1718","RPS3A",0.00279424,-0.0595128490701342,0.962007305915164
"1719","RPS4X",0.00916319999999998,-0.30528966571819,0.811351174638975
"1720","RPS5",-0.012810145,0.332588482094989,0.789814536099522
"1721","RPS6",-0.013162245,0.271100979012121,0.828036543564136
"1722","RPS7",-0.00123714000000003,0.00874210856573932,0.994432478745437
"1723","RPS8",0.05310122,-8.03307505168964,0.0206744583554823
"1724","RPS9",-0.0552138,1.88592690137753,0.218300063718217
"1725","RPTOR",-0.0607760749999999,1.49995961393515,0.367800338257135
"1726","RPUSD3",-0.0900689800000001,1.41759994751736,0.358875174321377
"1727","RPUSD4",-0.0643112300000001,1.85748448024844,0.277073059352575
"1728","RRAGA",-0.042494665,2.13854010292903,0.176277931529172
"1729","RRAGC",0.0250046450000001,-0.660298203952278,0.58826645862687
"1730","RRM1",0.31061973371,-1.54511784084652,0.330126987391059
"1731","RRM2",0.04562227,-1.61042378389449,0.270315139689754
"1732","RRN3",0.00485948000000003,-0.315622097083031,0.782502503517935
"1733","RRP1",-0.03720363,0.760012864016332,0.55620950601636
"1734","RRP12",-0.00752868000000007,0.169807090120315,0.881367736956461
"1735","RRP15",-0.0755266449999999,1.99507247078334,0.273630249172872
"1736","RRP7A",-0.09869682,3.26804017558281,0.0910482318696742
"1737","RRP9",-0.0958403799999999,1.63621229480473,0.244427928323577
"1738","RRS1",-0.043617425,3.24329166193861,0.175029918997599
"1739","RSL1D1",0.0118155200000001,-0.45436166262085,0.715028422954896
"1740","RSL24D1",0.02172191,-0.597132785639047,0.622439484441112
"1741","RTCB",-0.0749991000000001,1.30410619945231,0.364446220871165
"1742","RTEL1",-0.0887794949999999,1.55972425636515,0.262230592770174
"1743","RTF2",-0.07788515,1.5711965760216,0.268806773887062
"1744","RTRAF",-0.232850375,3.04409210978758,0.175604712285771
"1745","RTTN",-0.032455835,0.635680829099045,0.590042710412025
"1746","RUNX1",-0.0590447199999999,0.898604847491952,0.478110860715527
"1747","RUVBL1",-0.0441755799999999,1.08355690791702,0.41113325509416
"1748","RUVBL2",-0.02581456,0.871129621696001,0.48470499454712
"1749","SACM1L",0.0305013500000001,-0.794453476676186,0.511847910810489
"1750","SAE1",-0.0387796850000001,1.05654168901051,0.423713459231544
"1751","SAMD4B",-0.12471274,1.80655776919525,0.213160389589344
"1752","SAMM50",-0.07695562,2.71013539323488,0.113500380519201
"1753","SAP130",-0.0694443,1.21390013267952,0.358123698331378
"1754","SAP18",-0.088305115,2.99495574463928,0.193974948961979
"1755","SAP30BP",-0.00582086999999998,0.0961629879290894,0.936018648482346
"1756","SARNP",-0.099383445,1.49362971667861,0.275841711999366
"1757","SARS1",0.03553265,-0.181127479128297,0.872961999831819
"1758","SARS2",-0.096384815,2.33609910314156,0.144753018155115
"1759","SART1",-0.0881951699999999,1.1381493724216,0.457898289112975
"1760","SART3",-0.0167225499999999,0.348106391264708,0.772518686227037
"1761","SASS6",-0.0419131150000001,1.46344401576061,0.284839755610442
"1762","SBDS",-0.00870032000000004,0.173905912062453,0.883997356471657
"1763","SCAF4",-0.15042558,1.81320277804067,0.244508146809316
"1764","SCAF8",-0.07742119,1.44219361824041,0.343061738783977
"1765","SCAP",0.00569069999999994,-0.138055927916699,0.907434603436319
"1766","SCD",-0.0331307249999999,0.935140807026654,0.521248644539347
"1767","SCFD1",-0.00840174999999999,0.210187480777913,0.854005451595423
"1768","SCO1",-0.0879067250000001,2.80546791980416,0.117838685377394
"1769","SCO2",-0.09651945,3.14389108601933,0.135478490589556
"1770","SCYL1",-0.00583382999999993,0.335151190193339,0.772451844638051
"1771","SDAD1",-0.030516435,1.93954112077876,0.210228644483617
"1772","SDE2",0.142290175,-12.1675834487597,0.0421166732564908
"1773","SDHA",-0.0711512749999998,3.18941342063826,0.135351552874337
"1774","SDHB",-0.0390337249999999,2.52826090155903,0.232947225807096
"1775","SDHC",0.00966887500000002,-0.281988824803751,0.81559305636847
"1776","SDHD",-0.035450285,0.973331331381846,0.437480414176805
"1777","SEC13",0.051568345,-1.93881523165779,0.232957188996012
"1778","SEC16A",0.01425783,-0.252354555537476,0.842040155106415
"1779","SEC61A1",-0.058525615,2.70341234100101,0.115126378700576
"1780","SEC61B",-0.155537775,1.76352073775855,0.31075528584825
"1781","SEC61G",-0.101388215,1.85741418429817,0.295792166992591
"1782","SEC62",-0.10766724,5.82618132318284,0.0460007957576847
"1783","SEC63",-0.06669006,10.2925739354811,0.014783282177999
"1784","SEH1L",-0.05182016,1.44451736842315,0.294245065315194
"1785","SEM1",-0.04627461,3.151778618831,0.107855127601549
"1786","SENP6",0.00530657000000001,-0.184101678679112,0.870909687667719
"1787","SEPHS2",0.01055067,-0.297282408835129,0.807290193223715
"1788","SEPSECS",-0.102650815,2.2227601056235,0.180867073311414
"1789","SERBP1",-0.12325452,6.52147702489964,0.0710871977653293
"1790","SETD1A",-0.0635875699999999,2.78199069851568,0.196712082658791
"1791","SETD1B",-0.157470915,5.26360052717855,0.111641499614901
"1792","SETD2",-0.063544355,1.62571171729041,0.31700805311594
"1793","SETD5",-0.00373599999999996,0.0847590837130832,0.944782831451728
"1794","SETDB1",-0.1328455,3.08821943558799,0.130469694095176
"1795","SF1",0.01398121,-0.207923638656532,0.865376933955468
"1796","SF3A1",0.000537189999999965,-0.0171512741790833,0.987874360945683
"1797","SF3A2",-0.0569448849999999,1.060468066658,0.413940115384944
"1798","SF3A3",0.089247415,-1.14812012627958,0.405677495449127
"1799","SF3B1",-0.081152325,2.08291802060615,0.265920194912029
"1800","SF3B2",-0.0968968600000001,1.05086647530344,0.48239917922377
"1801","SF3B3",-0.09225917,2.99417341895935,0.201775779023821
"1802","SF3B4",-0.163926365,1.77067538061188,0.237644807047277
"1803","SF3B5",0.113569175,-1.82396644420857,0.225186191126488
"1804","SF3B6",-0.15216715,1.88878583933661,0.292703520230916
"1805","SFPQ",-0.077918175,0.76011194619106,0.567510494946816
"1806","SFSWAP",-0.0232858,1.07017858322557,0.455964050963122
"1807","SGF29",0.0450940499999999,-0.696810573011305,0.56959503069717
"1808","SGO1",-0.09230623,1.38529250756815,0.396655347173364
"1809","SH3GL1",-0.11931132,3.51050135838142,0.129119148656648
"1810","SHC1",0.00452495499999994,-0.0771099602200713,0.947699585425766
"1811","SHOC2",-0.0501573499999999,1.26811311672806,0.362444343417545
"1812","SHQ1",-0.06173463,1.41904794329186,0.389118247734576
"1813","SIAH1",-0.0797993299999999,1.44851536546436,0.35503422524762
"1814","SIN3A",-0.03431533,0.768040461872753,0.580264305570941
"1815","SINHCAF",-0.0100069699999998,0.18140506687106,0.88517724152575
"1816","SIVA1",-0.048352005,0.891433351882628,0.536370763274488
"1817","SKA1",-0.146843535,1.55723307662951,0.322308822271409
"1818","SKA2",-0.11617418,2.12023493277183,0.188544590756118
"1819","SKA3",-0.14592351,3.40372235323828,0.0849393334837004
"1820","SKIC8",-0.08823,1.38350124756549,0.38821382867713
"1821","SKP1",-0.08503028,3.9044380058911,0.10451865272954
"1822","SKP2",-0.0952286550000001,3.85070747515268,0.153155682261864
"1823","SLC16A1",-0.0477287399999999,0.607085389714439,0.636679495623946
"1824","SLC20A1",-0.10041132,2.513103536842,0.205508036979715
"1825","SLC25A1",-0.1211613,3.85677367265382,0.0623062193535868
"1826","SLC25A19",-0.08675297,2.01110355744878,0.199658824677944
"1827","SLC25A26",-0.06002635,2.06107705031987,0.249018425488557
"1828","SLC25A28",-0.0427420700000001,1.17977682088944,0.364236295912597
"1829","SLC25A3",-0.05252692,60.1000510109572,0.000886700626515949
"1830","SLC2A1",-0.05659802,1.1970683921497,0.407513524240889
"1831","SLC30A9",-0.035244425,0.901825903594229,0.514252841155468
"1832","SLC33A1",-0.00252036500000008,0.034990721571274,0.976415664813798
"1833","SLC35A1",-0.04670787,1.38443105899122,0.332350875177965
"1834","SLC35A2",-0.03137612,0.710983652803218,0.556630299375998
"1835","SLC35B1",0.135005435,-0.796416175155311,0.56695438943821
"1836","SLC35B2",-0.034347175,1.14583868953291,0.423190801246568
"1837","SLC38A2",0.000963675000000053,-0.0165656446398342,0.988382553992869
"1838","SLC39A10",-0.0385093299999999,1.11257627192774,0.411494008925165
"1839","SLC39A7",-0.13240798,8.26161053818602,0.0465130397346239
"1840","SLC3A2",-0.05255436,1.77768797980996,0.326194033095488
"1841","SLC4A7",-0.0331910799999999,0.549785743305057,0.640243161510485
"1842","SLC7A1",-0.131632185,2.47649927700737,0.228907977776193
"1843","SLC7A5",-0.0766487200000001,1.74840969081975,0.224374010181912
"1844","SLC7A6OS",-0.0306793750000001,1.06432126570606,0.402956508668194
"1845","SLU7",-0.12911515,1.88610179694379,0.255524179422998
"1846","SLX9",-0.0354099299999999,1.06866718812236,0.447496443848307
"1847","SMAD7",-0.02266818,1.06397223422259,0.429326454939754
"1848","SMARCA2",0.0184198100000001,-0.476255992257117,0.689682195243803
"1849","SMARCA4",-0.07614389,0.810075281294665,0.527473698694078
"1850","SMARCA5",-0.1297892,5.03484633387252,0.0432340461288905
"1851","SMARCB1",-0.09516545,4.30732537408138,0.0823156140441322
"1852","SMARCD1",0.02433855,-0.631011582963061,0.604074832574205
"1853","SMARCE1",-0.01343344,0.271040255811025,0.820558334857929
"1854","SMC1A",0.01608131,-0.375959078243976,0.770190639654141
"1855","SMC2",-0.05885414,1.70598451088961,0.335837469789923
"1856","SMC3",-0.0575547999999999,3.46590158998541,0.074342596814203
"1857","SMC4",0.00581366499999991,-0.189307876710267,0.87581218453633
"1858","SMC5",-0.077997055,2.2260142469789,0.213646892987033
"1859","SMC6",-0.0114533000000001,1.0584001670731,0.475912506733446
"1860","SMCHD1",-0.0523522199999999,2.04288096469508,0.233192942885568
"1861","SMG1",-0.0119507299999999,0.756283135968654,0.559145972946822
"1862","SMG5",0.000649514999999989,-0.0110378689049363,0.992703388661295
"1863","SMG6",-0.050846095,1.46309118375471,0.293730704292027
"1864","SMG7",-0.0974291500000001,2.78540440913683,0.198745147899259
"1865","SMNDC1",-0.0256880500000001,1.16475030661866,0.437925573510432
"1866","SMU1",0.0635012549999999,-0.693303492036361,0.603684084362354
"1867","SNAI2",-0.0520767050000001,1.37387722953574,0.325878937421559
"1868","SNAP23",-0.00177006999999996,0.346245912098328,0.762382290681026
"1869","SNAPC1",-0.0350787600000001,1.08970188049601,0.449521016724831
"1870","SNAPC2",-0.0388305849999999,0.817550104790056,0.523224415408043
"1871","SNAPC3",-0.033755125,0.88471531881094,0.518425258472737
"1872","SNAPC5",-0.0378941350000001,0.976704180028001,0.446286264387514
"1873","SNF8",-0.0749251400000001,2.30586122581512,0.163565738773429
"1874","SNIP1",-0.108930505,1.47717764676833,0.286967532789829
"1875","SNRNP200",-0.036375385,2.18579917714203,0.182500535271645
"1876","SNRNP25",-0.059883185,2.51358928482871,0.148507578702032
"1877","SNRNP27",-0.160799205,7.04167868094811,0.0851965455178685
"1878","SNRNP35",-0.100055375,0.995256732427782,0.458298991372493
"1879","SNRNP40",-0.25273538,12.2990046769192,0.0502950721202537
"1880","SNRNP48",-0.03141145,1.83837282026892,0.300513801432849
"1881","SNRNP70",-0.12795142,1.09028746904866,0.389609530618224
"1882","SNRPA",-0.041450275,1.84755393639084,0.312487908613833
"1883","SNRPA1",0.0420341799999999,-0.62341780323907,0.621357423358304
"1884","SNRPB",-0.095806045,10.2748858687399,0.0123520982086425
"1885","SNRPB2",-0.0691097749999999,2.34337459591657,0.14720196280279
"1886","SNRPC",-0.108074175,3.02303542962132,0.137725383682556
"1887","SNRPD1",-0.03730646,1.42313747369325,0.377649481837948
"1888","SNRPD2",-0.036408505,9.413163379749,0.0111133645295281
"1889","SNRPD3",0.154381115,-2.68282168522077,0.226050855956896
"1890","SNRPE",-0.11218441,4.34686108758098,0.136621136060708
"1891","SNRPF",-0.00247711500000003,0.0595590399586699,0.957955208288473
"1892","SNRPG",-0.14652892,6.01729075053327,0.0293174201154714
"1893","SNU13",-0.029043365,0.637038594945552,0.590626467485197
"1894","SNUPN",-0.0586678150000001,0.664902021329255,0.625303044237514
"1895","SNW1",0.00568806999999993,-0.0638318544228775,0.958766914547269
"1896","SOCS3",-0.0199842499999999,0.355429384465806,0.769422710053065
"1897","SOD1",-0.0589242800000001,2.72550007591544,0.112451094501767
"1898","SOD2",-0.00807928000000002,0.14597153527832,0.89760704933351
"1899","SON",0.00122314000000001,-0.0280892227186873,0.980209953249542
"1900","SOS1",-0.0347605500000001,1.03989968324887,0.40801016825642
"1901","SOX10",-0.023204765,0.531399851098229,0.683450053379468
"1902","SOX2",-0.0737718199999999,2.10778078990158,0.279037410621643
"1903","SOX9",-0.0424437249999999,1.18421280700578,0.358469992589849
"1904","SP1",-0.1219515,5.24007019125507,0.116641809058043
"1905","SPATA31A6",-0.0288789699999999,0.843121153921944,0.505106201812482
"1906","SPC24",0.00411499500000001,-0.123340362879862,0.915606564866663
"1907","SPC25",-0.01511231,0.278952734054209,0.826036738124214
"1908","SPCS1",-0.0932244800000001,1.17083802942324,0.370602147035609
"1909","SPCS2",-0.128398085,1.20443785200287,0.440894603298838
"1910","SPCS3",-0.09354028,3.51928670165449,0.156894119094968
"1911","SPDL1",-0.026756185,0.291692233658452,0.816195281425466
"1912","SPOUT1",-0.105029535,2.38353174515038,0.217543364152357
"1913","SPRR2G",-0.00877883499999998,0.18663536482931,0.876420887114575
"1914","SPRTN",0.00103769499999995,-0.0214533814827138,0.986046888315972
"1915","SPTLC1",-0.07653112,5.0273707177363,0.044732927811646
"1916","SPTLC2",-0.04913755,1.7216306308676,0.227907089926152
"1917","SPTSSA",-0.05519085,2.07365367947286,0.212474157609419
"1918","SQLE",-0.04211215,0.904706273017243,0.462026653920702
"1919","SRBD1",0.00600331999999992,-0.0740286708078341,0.95294271444876
"1920","SRCAP",-0.036134505,1.16642987711765,0.368594426030577
"1921","SREBF1",-0.0804669000000001,19.7075687093622,0.00256647153316349
"1922","SREK1IP1",-0.166654845,0.851045835881793,0.550687431671687
"1923","SRF",-0.033446205,0.877116636471559,0.488873556761865
"1924","SRFBP1",-0.05459075,2.04858651636656,0.273139811500013
"1925","SRM",-0.13940739,7.50721397139834,0.0785824206180328
"1926","SRP14",-0.06824383,1.8369273515153,0.207701403650949
"1927","SRP19",0.016391905,-0.286657794885543,0.80646586155551
"1928","SRP54",-0.176075325,4.48132571410048,0.139661564362971
"1929","SRP72",-0.03577875,1.34975967416279,0.361342586361299
"1930","SRP9",-0.09967295,1.93125178272643,0.200608254569235
"1931","SRPRA",-0.03028641,4.90203964870481,0.065677228601126
"1932","SRRM1",-0.123708825,1.9229798561285,0.263524551590328
"1933","SRRM2",-0.12353638,1.12681005186723,0.40870191262082
"1934","SRRT",-0.03088885,0.898966418173651,0.492408162321526
"1935","SRSF1",-0.097094775,1.21516817391939,0.416148073874237
"1936","SRSF10",-0.1773901,2.03864905314319,0.285796716475545
"1937","SRSF11",-0.163494675,2.49767951997329,0.193690812470565
"1938","SRSF2",0.02277742,-0.825269144700673,0.496349103413362
"1939","SRSF3",0.0598900099999999,-0.796730909300002,0.570035465118965
"1940","SRSF6",-0.134218265,1.47942247792837,0.277144794838497
"1941","SRSF7",-0.031417125,1.43396558033704,0.294204412033314
"1942","SS18L2",-0.08315604,1.08970865182278,0.466759992266061
"1943","SSB",-0.088486235,3.66662927919975,0.0822807324297964
"1944","SSBP1",-0.094277025,3.83501773377272,0.0761093474035968
"1945","SSBP3",-0.017992875,0.638093593942001,0.59019809389576
"1946","SSRP1",-0.04949735,3.1225638997926,0.106860876417403
"1947","SSU72",-0.055542795,0.63445504725566,0.635053493816873
"1948","STAG1",-0.0708003849999999,2.2310423698064,0.20997697064956
"1949","STAG2",-0.0870112599999999,2.21276920830375,0.21006250396074
"1950","STAMBP",-0.11701266,20.9816321707536,0.0295577570599903
"1951","STEEP1",-0.0249798349999999,0.761641320053114,0.525865758992688
"1952","STIL",-0.08664725,2.98185965631762,0.102550502408778
"1953","STK11",-0.0973587499999999,7.80708955068462,0.029357771735402
"1954","STK40",-0.0898118,2.46722543722296,0.147867244133139
"1955","STN1",-0.07168705,1.84684929546092,0.314292630856286
"1956","STRAP",-0.0920733950000001,4.75106555116255,0.130853663061245
"1957","STRIP1",0.020598975,-0.431943933005431,0.730271865805901
"1958","STT3A",-0.07968401,4.65219021070291,0.118979468270391
"1959","STX18",-0.00684177000000008,0.170020554160057,0.890733426933976
"1960","STX4",0.00989319999999994,-0.167341686743163,0.882704342138678
"1961","STX5",0.03724618,-1.0308475349661,0.467778835007622
"1962","STXBP3",0.04274767,-2.22131999002715,0.175297903033329
"1963","SUCO",-0.028656685,1.94046125355918,0.291849708352416
"1964","SUDS3",-0.0202509750000001,0.588953542520221,0.624715825332414
"1965","SUGP1",-0.146439905,1.66893169372374,0.331879607643391
"1966","SUGT1",0.05260045,-0.40512638835469,0.751424082672868
"1967","SUPT16H",-0.040816715,1.48574835028722,0.334232231212678
"1968","SUPT20H",-0.0172404300000001,0.198976032628075,0.870876541972821
"1969","SUPT4H1",-0.059191025,1.98599823004966,0.205344348135216
"1970","SUPT5H",-0.03896255,2.61640362537318,0.223906366217787
"1971","SUPT6H",-0.0217701100000001,0.730594523734898,0.56034205520276
"1972","SUPT7L",-0.02855841,0.333001966099516,0.787517806301682
"1973","SUPV3L1",-0.01319087,0.122369993798322,0.916654381610408
"1974","SURF4",-0.082431795,3.18238570917925,0.12100494478774
"1975","SUZ12",-0.0776154099999999,2.76682236631352,0.191917039126192
"1976","SYF2",-0.045231465,1.40606911254696,0.306239038363523
"1977","SYMPK",-0.0271333499999999,0.424279330321489,0.729345144702235
"1978","SYNCRIP",-0.133397875,6.53194222466266,0.0951264934374366
"1979","SYS1",-0.024806725,0.229593349099593,0.852926597539312
"1980","SYVN1",-0.05078143,1.1018977124027,0.39477033951484
"1981","TACC3",-0.0356397399999999,1.05510231524661,0.458547523656426
"1982","TADA1",-0.0217458549999999,0.217904309575173,0.858049272254766
"1983","TADA2B",-0.111788,3.12179791562216,0.196648190594507
"1984","TADA3",-0.01795504,0.224428729422101,0.855102772278957
"1985","TAF1",-0.0616921950000001,3.05419939558019,0.115210409975869
"1986","TAF10",-0.107376485,2.7310452577107,0.221069546493406
"1987","TAF12",-0.08564732,2.92308033977044,0.209132720665567
"1988","TAF1B",-0.0716441999999999,1.02803705655879,0.415189874467101
"1989","TAF1C",-0.04733136,1.11981774917325,0.380025936450977
"1990","TAF2",-0.10791543,2.19336834737028,0.16575687059491
"1991","TAF4",-0.06931639,1.51852233651358,0.333725987650168
"1992","TAF5",-0.157258195,2.50950007050629,0.221026864758686
"1993","TAF5L",-0.0383486000000001,0.506014702805393,0.692405579168741
"1994","TAF6",-0.0778590300000001,1.66547431504332,0.339399916381827
"1995","TAF6L",-0.0250800799999999,0.432985916200572,0.731780314275299
"1996","TAF7",-0.106633275,6.55569020655203,0.0269243524529059
"1997","TAF8",-0.06575407,2.26350407050035,0.152210022508751
"1998","TAFAZZIN",-0.0275154200000001,1.47513703421387,0.355147945023971
"1999","TAMM41",-0.0321108600000001,1.20860777903916,0.353153927837557
"2000","TANGO6",-0.053290925,1.10497108463177,0.386296190691668
"2001","TAOK1",-0.0705408,2.57911672342333,0.194310857921793
"2002","TAPT1",-0.037565,1.1349864783204,0.449547686375849
"2003","TARDBP",-0.17324577,5.02804698384158,0.0469824162222001
"2004","TARS1",-0.10621282,1.85087303959794,0.213574865720479
"2005","TARS2",-0.13718906,2.75971750059423,0.172947188171008
"2006","TBCA",-0.142078205,1.90654013826456,0.19906682703044
"2007","TBCC",-0.0357091150000001,0.910303370450036,0.482184706970208
"2008","TBCD",-0.01806215,0.431055854958799,0.740601873335309
"2009","TBL1XR1",-0.0791673000000001,1.31088336420488,0.366878912796705
"2010","TBL3",-0.02302373,2.37349796196896,0.253751173393027
"2011","TCERG1",-0.125582525,14.2518221820394,0.00681076345895725
"2012","TCF3",-0.03594107,0.969159473344462,0.500679406158545
"2013","TCF7L2",-0.03804913,0.536439905961205,0.647622714441226
"2014","TCOF1",-0.00606689999999999,0.244934934900239,0.844998963627282
"2015","TCP1",0.0252919050000001,-1.12557049459012,0.457417969880062
"2016","TDP2",-0.0751835399999998,1.80326761961525,0.240579870670186
"2017","TEAD1",-0.0277505699999999,0.42366314620965,0.713130130407094
"2018","TEDC1",-0.137121205,1.56781268226034,0.257502011449122
"2019","TEDC2",-0.08479398,1.9978742228292,0.233677166888302
"2020","TELO2",-0.0417750299999999,0.708720617625277,0.597090650049962
"2021","TEN1",0.03648434,-2.67614807266039,0.180307747549072
"2022","TENT4B",-0.0932245,2.0481693920184,0.238618886905698
"2023","TERF2",-0.0304788100000001,2.21679489079065,0.241010857638708
"2024","TFAM",-0.132886855,5.46662520133483,0.114063153660664
"2025","TFAP2A",0.039905785,-0.302146114851596,0.800882993778142
"2026","TFAP4",-0.00609519000000014,0.112100585856877,0.928472593260003
"2027","TFB1M",-0.107249985,7.3502169948063,0.074295659596692
"2028","TFB2M",-0.03706338,1.53574747838081,0.363902907544984
"2029","TFDP1",-0.124877775,1.24706522451759,0.338634647546901
"2030","TFIP11",-0.073869255,0.936621718453713,0.478768569370675
"2031","TFRC",-0.06650342,1.86630498466141,0.203699932083667
"2032","TGFBR1",-0.091416915,2.98380030124018,0.0999371471745564
"2033","TGIF1",0.01370565,-0.345184552637299,0.781336594141467
"2034","TGS1",-0.0642829050000001,1.4081265105141,0.386937516332821
"2035","THAP1",-0.0713898550000001,1.43946394964322,0.365838431054699
"2036","THAP11",-0.093528375,1.87328226834869,0.217587070233329
"2037","THAP12",-0.06467395,2.14252770958266,0.19804176377272
"2038","THG1L",-0.22580858,7.00903324142529,0.0862389016591901
"2039","THOC1",-0.06139585,5.69690742785503,0.0690967101280673
"2040","THOC2",-0.03815776,1.60383290403501,0.31558810420825
"2041","THOC3",-0.0390022249999999,0.558074965816269,0.646025364318884
"2042","THOC5",-0.0421954,1.32818275378,0.361582578752203
"2043","THOC7",-0.06181921,4.77710167292199,0.123082248838844
"2044","TIAL1",-0.0330645350000001,0.222055998517288,0.857470337564303
"2045","TICRR",0.11160509,-7.92464377491066,0.0427067972130705
"2046","TIMELESS",0.00262007500000005,-0.0440272886478416,0.971505515935381
"2047","TIMM10",-0.044333555,1.41122078902529,0.301509943713971
"2048","TIMM13",-0.0977789199999999,7.43207545640316,0.0178595662537065
"2049","TIMM17A",-0.094912925,2.38177377735782,0.205361051339502
"2050","TIMM22",-0.10387352,4.56654287273744,0.136277581805416
"2051","TIMM23",-0.039273415,1.75430076368742,0.322846767289888
"2052","TIMM29",-0.069624315,1.42311377021896,0.326831868340734
"2053","TIMM44",-0.0339623499999999,2.11354439573565,0.185677823486943
"2054","TIMM8A",-0.12754457,23.010120357917,0.0123941773874636
"2055","TIMM9",-0.10387328,6.12357069389343,0.0794236719618728
"2056","TINF2",0.05614314,-0.882496132671537,0.535362565835849
"2057","TIPARP",-0.0245904800000001,0.568574188699348,0.667256135408846
"2058","TIPIN",-0.102706085,2.19596667617025,0.166521393306719
"2059","TIPRL",-0.0973713349999999,2.31688931000436,0.146487534124224
"2060","TKT",-0.134131385,1.77125361149948,0.252488439971121
"2061","TLK2",-0.0244075,0.804061370708684,0.514259753675256
"2062","TLN1",-0.035884095,0.791131823378084,0.57038487913487
"2063","TM9SF3",-0.066065095,1.35398187909526,0.377871268049329
"2064","TMED10",-0.01361718,0.336219722671719,0.780930109646671
"2065","TMED2",-0.0775117550000001,9.2133150791831,0.0650578103098183
"2066","TMEM165",-0.000346425000000039,0.0105308764258616,0.992715545880332
"2067","TMEM167A",-0.081559865,2.56728680399881,0.19854905583683
"2068","TMEM199",-0.0817385150000001,1.86994593425652,0.303644284719359
"2069","TMEM41B",-0.0697420599999999,2.00509417529506,0.2944706732502
"2070","TMEM80",-0.0468654849999999,0.775405836507482,0.557189760331379
"2071","TMX2",-0.0672862150000001,1.23124078618739,0.381570787381937
"2072","TNPO1",-0.014343475,0.227361950160675,0.854183975554671
"2073","TNPO3",0.033752315,-0.839064495188491,0.549568059128519
"2074","TOE1",-0.0822795500000001,1.14999302848043,0.413120789133477
"2075","TOMM20",-0.14823965,3.45570573246564,0.104279996816306
"2076","TOMM22",-0.05725179,1.24805315167357,0.365517920497266
"2077","TOMM40",-0.014639215,1.27919460848206,0.410010674365541
"2078","TOMM70",-0.10653246,1.80219588511074,0.226690160727171
"2079","TONSL",0.0214203199999999,-0.740946762752465,0.584355354233095
"2080","TOP1",-0.0592485650000001,1.86819421389161,0.275729197415197
"2081","TOP2A",-0.026148835,0.646670489311457,0.612940718718338
"2082","TOP3A",-0.0926403099999999,3.8566886241923,0.069535518923403
"2083","TOPBP1",-0.052053295,2.11126395130756,0.251595669283799
"2084","TP53",-0.0993744750000001,2.15567842237401,0.238240228505943
"2085","TP53BP1",-0.078099115,11.8685744381642,0.0193898687471753
"2086","TP53RK",-0.0358753549999999,1.22365892178075,0.366326187305766
"2087","TP63",-0.0545979,0.356948259130024,0.755361332971213
"2088","TPI1",-0.0509623650000001,0.638152239436691,0.628981025304169
"2089","TPK1",-0.059844825,1.15256558733729,0.405407582726266
"2090","TPR",-0.1170575,3.33555838999097,0.091207709607593
"2091","TPT1",-0.16917209,3.19687394778389,0.0866051039809487
"2092","TPX2",-0.0552524000000001,2.58322279046379,0.234928922455777
"2093","TRA2B",-0.196036945,2.75613651012149,0.145831548574487
"2094","TRAF2",-0.0754457450000001,1.01522780264963,0.424967156154175
"2095","TRAIP",-0.0210306650000001,0.426833807666244,0.725489529253075
"2096","TRAPPC1",-0.0459525049999999,1.43570081132543,0.374238232930624
"2097","TRAPPC11",-0.070191425,2.29143592833223,0.257004730391742
"2098","TRAPPC2L",-0.0585889850000001,1.06058571156288,0.458073264247628
"2099","TRAPPC3",0.000175364999999927,-0.00765716849182824,0.995125368394393
"2100","TRAPPC4",-0.040017815,0.777562747267282,0.576484669384616
"2101","TRAPPC5",-0.07206797,1.09724916398074,0.462200141394845
"2102","TRAPPC8",-0.0382948299999999,5.72150988385999,0.10633822976762
"2103","TRIAP1",-0.13132117,2.2278617313463,0.173626005351255
"2104","TRIM28",-0.0824808300000001,1.8849261806307,0.294697175554155
"2105","TRIM37",-0.1284116,4.22909185862279,0.0959255711229099
"2106","TRIP12",-0.08885162,5.10505187870839,0.0863887039924585
"2107","TRIP13",-0.12816829,6.61432996128916,0.0232738338155866
"2108","TRIR",-0.07151944,2.14987091254749,0.252864188190019
"2109","TRIT1",-0.177829355,12.44076615095,0.00908430477587537
"2110","TRMT10C",-0.155296775,4.09099611907136,0.129309870999399
"2111","TRMT112",-0.00747897499999994,0.164123160840599,0.896294332534255
"2112","TRMT6",-0.133059145,3.67350696637321,0.0702550165145947
"2113","TRMT61A",-0.154401255,4.60035098957048,0.136242679889074
"2114","TRNAU1AP",-0.166327765,1.99610932242436,0.207682961866166
"2115","TRNT1",-0.0290389200000001,0.967458674620719,0.435463221938095
"2116","TRPM7",-0.07330827,2.80411392740576,0.124446062347963
"2117","TRRAP",0.000648289999999996,-0.0435810513523472,0.96981487131299
"2118","TRUB2",-0.0294342400000001,1.85913709057623,0.238459224091365
"2119","TSC1",-0.075563665,5.8827419582042,0.0936832484314947
"2120","TSC2",-0.068429455,5.16160959913164,0.0429559150710428
"2121","TSEN34",-0.0450491550000001,0.809431946689555,0.540152921505694
"2122","TSEN54",-0.039123525,0.605378100497484,0.619495139691054
"2123","TSG101",-0.03650063,0.863251677961623,0.481763609955728
"2124","TSR1",-0.03192952,2.51463944180643,0.228752556244966
"2125","TSR2",-0.067577835,7.43334090638544,0.0206471811077821
"2126","TTC1",-0.0337831049999999,1.38905346436797,0.336874179001191
"2127","TTC4",-0.12769091,3.05046038802256,0.135655121991038
"2128","TTC7A",-0.0927702749999999,2.85570328199369,0.179172402024296
"2129","TTF2",-0.098239315,1.69283677697596,0.26918597701475
"2130","TTI1",-0.045321885,2.08725048335949,0.257493787030519
"2131","TTK",-0.034395215,0.586344207565915,0.619340045026556
"2132","TUBA1B",-0.0426274249999999,2.47317661022504,0.215879193805799
"2133","TUBA1C",-0.08425724,1.38300687575304,0.319935701225854
"2134","TUBB",-0.05318772,6.92409637220045,0.0518421872629083
"2135","TUBB3",-0.16528134,1.65781488753801,0.260247609397536
"2136","TUBB4B",-0.09274642,1.32854779081683,0.408469127643294
"2137","TUBD1",-0.07085272,19.8384744359771,0.0166597528745555
"2138","TUBE1",-0.157329295,8.62638320647304,0.0191379626503716
"2139","TUBG1",0.01884131,-0.846107250115186,0.489155249873937
"2140","TUBGCP2",-0.0555977949999999,4.0510886627152,0.151570740431952
"2141","TUBGCP3",-0.0408288,2.07119565467743,0.279966420189724
"2142","TUBGCP4",-0.0409014749999999,3.49708259156182,0.101158215451304
"2143","TUBGCP5",-0.00219332000000005,0.100173420565163,0.930864898305518
"2144","TUBGCP6",-0.065668525,3.11314912094122,0.185453950223285
"2145","TUT1",-0.0103287400000001,0.204445168984484,0.861255547642005
"2146","TWNK",-0.01113054,0.254430150696616,0.826929835063812
"2147","TXN",-0.0249340299999999,0.87548799414358,0.498816447291055
"2148","TXNL4A",0.01903558,-2.32421646938564,0.162991336422438
"2149","TXNL4B",-0.0523105050000001,1.89943364584432,0.246700055340803
"2150","TXNRD1",-0.0798786500000001,5.23082539613906,0.103652963411421
"2151","TYMS",-0.10904357,4.10421746779725,0.0584909655888732
"2152","U2AF1",-0.06259952,0.66025164389741,0.588595502322795
"2153","U2AF2",-0.07258092,2.10342238985508,0.28231257897282
"2154","U2SURP",-0.037599625,0.755561242920925,0.549510509826295
"2155","UAP1",0.01599868,-0.759263693441304,0.530880051487933
"2156","UBA1",-0.0436375800000001,2.98696566055194,0.105910898435017
"2157","UBA2",8.48999999999434e-05,-0.00352413493961708,0.997632984464905
"2158","UBA3",-0.05448153,2.56355406188558,0.126695347467879
"2159","UBA5",-0.0869337849999999,1.66280691479894,0.263706705579236
"2160","UBA6",-0.13727014,5.38418256345183,0.105148651607685
"2161","UBAP1",0.044471715,-0.695120873759191,0.59480195831627
"2162","UBAP2L",-0.0954360649999999,1.32113201584221,0.320890104843616
"2163","UBE2A",-0.099931035,2.96279853212092,0.107152741513529
"2164","UBE2C",-0.0502644250000001,0.789130002397481,0.567795379441072
"2165","UBE2D3",-0.0504981200000001,1.02072672784813,0.485288194570917
"2166","UBE2F",-0.1572519,22.0736960270879,0.0151340583061544
"2167","UBE2G2",-0.165630675,2.26917124874811,0.177680890626247
"2168","UBE2H",-0.071336135,1.42157616417503,0.375520131707839
"2169","UBE2I",-0.0612203,1.56577596336395,0.31398553156863
"2170","UBE2J2",-0.00166998000000018,0.0870262909257478,0.943520420117613
"2171","UBE2K",-0.10086552,3.43885525977632,0.124540935601929
"2172","UBE2L3",-0.084628095,22.6055027582913,0.016358049204433
"2173","UBE2M",-0.01587377,0.437480202274855,0.715165824911652
"2174","UBE2N",-0.08256435,1.86379712699413,0.280520158820906
"2175","UBE2Q1",-0.0761059449999999,1.24629208255676,0.34235513600944
"2176","UBE2S",-0.0641903349999999,0.976348502270419,0.457962057064384
"2177","UBE3D",-0.12755489,1.52002860430225,0.370193568309777
"2178","UBE4B",-0.11923901,4.62871292621417,0.0641179425807936
"2179","UBIAD1",-0.0733154650000001,1.24803769519822,0.341217534811218
"2180","UBL5",0.051254285,-0.829639825794873,0.517550976512136
"2181","UBR4",0.0450493749999999,-0.711906943262409,0.576221236996372
"2182","UBR5",-0.142843235,9.66162385585844,0.028824590850929
"2183","UBTF",-0.0539367500000001,2.84916612734533,0.180002386353379
"2184","UBXN4",-0.0932933500000001,1.98741573359409,0.259023869381021
"2185","UCHL5",-0.10844201,2.83035731007346,0.109059237350277
"2186","UFD1",-0.04314743,1.18839686283542,0.415838317875765
"2187","UFL1",-0.038030475,0.558288654765615,0.65364267525136
"2188","UFM1",-0.061856385,0.953785046242134,0.507038059788695
"2189","UFSP2",-0.0553419549999999,20.9960002374119,0.0234897770639886
"2190","UGCG",-0.04767047,0.891057126762457,0.471732884208647
"2191","UGP2",-0.0279937499999999,0.53029462797909,0.658103550441701
"2192","UMPS",-0.1789868,3.47952683384204,0.0741350181347838
"2193","UNC50",-0.027920675,0.591811244417223,0.613993714293648
"2194","UPF1",-0.028831825,0.381126786986323,0.744460403316722
"2195","UPF2",-0.07939775,5.10599965536163,0.116049849211368
"2196","UQCR10",-0.05944363,1.11647193560582,0.405562933610167
"2197","UQCRB",-0.013702275,0.366056754923872,0.754559126647997
"2198","UQCRC1",-0.043722955,1.48383873649823,0.276882386255076
"2199","UQCRC2",-0.0423394499999999,1.64588024531859,0.250938441210953
"2200","UQCRFS1",0.00658293499999996,-0.172124016722989,0.879186471587998
"2201","URB1",-0.01185228,0.340137040848702,0.784423791903225
"2202","URB2",-0.0266411600000001,0.611116278461825,0.64775276510909
"2203","URI1",0.0331035200000001,-0.677611498497039,0.585485584857079
"2204","URM1",-0.028214105,1.55311807413633,0.298862639864425
"2205","UROD",-0.00896157499999994,0.154869555453199,0.902039429007093
"2206","UROS",-0.158167865,5.35816310826809,0.0342866665237645
"2207","USE1",-0.01700097,0.45241683541166,0.721560240927462
"2208","USP1",-0.125243115,2.10785508205652,0.245270458974
"2209","USP10",-0.018733565,0.774333104001249,0.534933247088126
"2210","USP14",-0.083153175,3.19615535952251,0.0891823586633798
"2211","USP17L10",-0.056268615,1.10950999778023,0.389507251812998
"2212","USP18",-0.0643508500000001,2.8166685432522,0.214632913253379
"2213","USP36",0.0143052050000001,-0.519083913419683,0.695074005221135
"2214","USP37",-0.000921795000000003,0.0206292517076305,0.985449314897244
"2215","USP39",-0.032219485,0.449406176015502,0.722510010713706
"2216","USP5",0.01724688,-0.752913014132577,0.583831901810942
"2217","USP7",-0.10971332,5.12523792918745,0.122665391571724
"2218","USP8",-0.07716466,1.83748788368124,0.208102393169135
"2219","USP9X",-0.06479117,2.96975630868122,0.14702778907029
"2220","USPL1",0.0127540650000001,-0.232473000477623,0.83826399979383
"2221","UTP11",-0.0556332300000001,1.27430385082619,0.388240783100804
"2222","UTP15",-0.01462922,1.62308304342749,0.312758558391234
"2223","UTP18",-0.0609835949999999,2.45352161421438,0.246099920584601
"2224","UTP20",-0.057106085,4.29279054171574,0.0746694439960791
"2225","UTP23",-0.0806594550000002,3.398834472153,0.165717654594029
"2226","UTP3",-0.14488067,1.66382859437938,0.338550473301613
"2227","UTP4",0.0297908,-1.3026098096732,0.347975344768128
"2228","UXS1",0.00104606499999993,-0.0203992804519854,0.985592732318729
"2229","UXT",-0.108395085,1.15783292002332,0.421230242312054
"2230","VARS1",-0.0331944049999999,0.841725757433111,0.513623807135521
"2231","VARS2",-0.0916051,1.48412353529186,0.278004531015275
"2232","VBP1",-0.10629128,1.89250519979565,0.208007071331538
"2233","VCL",-0.0525449499999999,0.671308598677764,0.622872563294132
"2234","VCP",0.169676155,-3.4591847710611,0.124017020628913
"2235","VCPIP1",-0.010857425,0.344817116232786,0.765957426333423
"2236","VDAC1",-0.0351429200000001,0.820927513756899,0.501159233410757
"2237","VHL",-0.0462223199999999,5.26726338886841,0.0342100053538398
"2238","VIRMA",-0.00401004999999999,0.522853788287815,0.671589524008116
"2239","VMA21",-0.04167079,0.563602187726933,0.637442415837998
"2240","VMP1",0.000308925000000015,-0.00492312933537391,0.99666789500088
"2241","VPS13D",0.0916075,-0.906232563738529,0.51946572149466
"2242","VPS16",-0.0683341900000001,0.984029984026295,0.488585837268367
"2243","VPS18",-0.05802313,0.98473826548626,0.480408785213393
"2244","VPS25",0.068306415,-0.595339085155314,0.613661674267105
"2245","VPS28",0.0065333500000001,-0.358415271670304,0.754722458342332
"2246","VPS29",-0.015441335,0.577892975152361,0.630328230731982
"2247","VPS33A",-0.0610937500000002,1.82871943620054,0.213155834730244
"2248","VPS35",-0.03644603,0.950439220359677,0.442204358948153
"2249","VPS36",-0.0479159300000001,0.853219969940921,0.483428480477724
"2250","VPS37A",-0.10721305,2.25012560522538,0.176345205211875
"2251","VPS41",-0.0147799949999999,0.288247988133931,0.800820158463561
"2252","VPS45",0.0140410249999999,-0.193424146739416,0.871300552284348
"2253","VPS4A",-0.108363375,2.0711093707452,0.174462355401101
"2254","VPS4B",-0.05382997,0.921940223179454,0.471500353771796
"2255","VPS51",-0.0723082350000001,1.03389768775587,0.422976769637739
"2256","VPS52",-0.110791745,2.83946136363452,0.105211877286865
"2257","VPS53",-0.027603165,0.452846014419191,0.701004824523227
"2258","VPS54",-0.077969285,1.8050840218608,0.320138935122877
"2259","VRK1",-0.10770466,3.82396862643344,0.0625223318698256
"2260","WAC",-0.020078925,0.925576648803037,0.456087866320799
"2261","WARS1",-0.08857425,5.96646030509877,0.0416008368368083
"2262","WARS2",-0.034092135,1.65565659002396,0.300169834161034
"2263","WASHC2C",-0.0363450249999999,1.11116031778353,0.443641493248741
"2264","WASHC3",-0.0513751800000001,1.15312992184811,0.430318312164435
"2265","WBP11",-0.119682,2.8766040088908,0.149839835946823
"2266","WDHD1",-0.0354030000000001,0.839511616327606,0.553093438592462
"2267","WDR1",-0.086800845,1.57081665631408,0.357352944627148
"2268","WDR12",-0.02303202,0.885167419935133,0.518734530776548
"2269","WDR18",-0.0157686749999999,0.446169829097245,0.699313379026912
"2270","WDR24",-0.037273325,0.614106521486637,0.626263289800868
"2271","WDR26",-0.022753085,0.715246056921431,0.578499057239974
"2272","WDR3",0.0402928200000001,-1.11683978662063,0.390672309362719
"2273","WDR33",0.00167552500000001,-0.0917565902841569,0.941745437465394
"2274","WDR36",0.044252565,-1.17469794920507,0.418062909260885
"2275","WDR4",-0.120398815,2.80673148715435,0.178490542745377
"2276","WDR43",0.0507468599999999,-2.818740766836,0.215185891911817
"2277","WDR46",-0.0806278349999999,4.70123560326144,0.113524699864821
"2278","WDR48",-0.0936987499999999,2.30442776014863,0.173985148388479
"2279","WDR5",-0.0401117999999999,1.20415853834956,0.351786543413774
"2280","WDR55",-0.14886469,2.04148768743471,0.283989885635287
"2281","WDR7",-0.0185794000000001,0.930699515528194,0.482431759375797
"2282","WDR73",-0.128644015,6.21637311017534,0.0249245031436175
"2283","WDR74",0.05118594,-2.17232207753478,0.1695424729669
"2284","WDR75",-0.00840741,0.247655204585784,0.84441509373452
"2285","WDR77",-0.072383565,0.76021701580815,0.585227766129159
"2286","WDR82",-0.00769780000000009,0.324558754107879,0.797134902084353
"2287","WDR83",-0.0569109349999999,1.03953650873647,0.455588207642714
"2288","WEE1",0.17485399,-6.27240689312983,0.0274206128976448
"2289","WNK1",0.0558495250000001,-2.45253762637574,0.221790667637415
"2290","WRN",-0.069619535,2.05223504046699,0.282792010327518
"2291","WTAP",-0.0135389449999999,0.209326015896773,0.862494893587897
"2292","WWTR1",-0.01300124,0.364445912647485,0.773513326148741
"2293","XAB2",-0.0359039,0.515091219820672,0.685065084350236
"2294","XPO1",0.00972379000000001,-0.229922428916317,0.856088169077746
"2295","XPO5",-0.095294215,5.18704476361687,0.0469265552362121
"2296","XPOT",-0.253012275,6.72891883107825,0.0922627265838756
"2297","XPR1",-0.1256126,1.78138147171708,0.319764804485904
"2298","XRCC2",-0.0994640750000001,1.33103514574598,0.35002291287004
"2299","XRCC3",-0.07521298,1.82806732966273,0.209459782896305
"2300","XRCC5",0.000192130000000068,-0.00695878184419723,0.995325148278553
"2301","XRCC6",-0.03582158,1.27329767646811,0.357578647695754
"2302","XRN1",-0.08742448,1.76533731183783,0.22236692747247
"2303","XRN2",-0.075301855,0.652731169434001,0.596697100974808
"2304","XYLT2",-0.0606543399999999,0.570947735717173,0.635362172226392
"2305","YAP1",-0.079775205,1.54115786097978,0.285050125384319
"2306","YARS1",-0.029931935,2.22974311653514,0.160267738478092
"2307","YARS2",-0.105079095,11.5961946108256,0.0514781385310654
"2308","YBX1",-0.170781285,2.04747754846481,0.219653651786537
"2309","YEATS2",-0.027915225,0.379002005051606,0.762623658328992
"2310","YEATS4",-0.1277574,5.78528609305433,0.108836105246072
"2311","YJU2",-0.12330176,2.20081702014329,0.166372887231825
"2312","YJU2B",-0.144844695,1.54506182256644,0.348130946984907
"2313","YKT6",0.0170976300000001,-0.339966673076943,0.791373832717236
"2314","YME1L1",-0.1103293,5.88197981613347,0.107025555239192
"2315","YRDC",-0.067067195,2.38050880188348,0.150264149255159
"2316","YTHDF2",-0.1629605,5.29819650668253,0.0482148015800584
"2317","YWHAE",-0.10685965,4.14148579359417,0.150701273980799
"2318","YY1",-0.0226708,0.900839059053496,0.527647784108652
"2319","ZBTB7A",-0.0236305499999999,0.670955580485393,0.599711722307826
"2320","ZBTB8OS",0.02814277,-2.00562862516889,0.215544675078633
"2321","ZC3H10",-0.0512677500000001,0.595287643514115,0.65602936718812
"2322","ZC3H13",-0.07764131,1.39500133112585,0.321893832103625
"2323","ZC3H18",-0.072931445,2.52580165179494,0.224828301297043
"2324","ZC3H8",-0.068630325,1.3703112421613,0.327549374185443
"2325","ZCRB1",-0.0649412749999999,4.13828759435317,0.141664019921328
"2326","ZEB1",0.0182512499999999,-0.302354416692284,0.791926481517658
"2327","ZEB2",-0.03742365,0.89305993879487,0.515078031014567
"2328","ZFC3H1",-0.061509415,1.3128228124881,0.321491811389816
"2329","ZFP36L1",-0.132622735,2.23137652764528,0.21510212262009
"2330","ZFP36L2",-0.0952368499999999,1.52337898999116,0.290551355827825
"2331","ZFX",-0.01439645,0.600515314236166,0.629649600817584
"2332","ZMAT2",-0.01991839,0.430947749009658,0.740914451437721
"2333","ZMAT5",-0.156081645,2.19837807329049,0.163641087129864
"2334","ZMYND8",-0.06533247,1.04583825078136,0.457246218131813
"2335","ZNF131",0.0244344,-1.24867027166631,0.347446687417572
"2336","ZNF207",-0.0750272,1.05383674507766,0.46377061787567
"2337","ZNF217",-0.077560175,1.39059597737069,0.316805682624463
"2338","ZNF236",-0.0692781250000001,1.27931751792128,0.392776352327943
"2339","ZNF407",0.000833050000000002,-0.0764385960287745,0.950193485169705
"2340","ZNF574",-0.0317315499999999,0.536420575904046,0.685857587532172
"2341","ZNF622",-0.107612115,2.27814962794212,0.233030279058105
"2342","ZNF830",-0.1515575,4.81321251759781,0.128307993914589
"2343","ZNHIT1",-0.0904165,1.00876533698967,0.419961063901378
"2344","ZNHIT3",-0.03480474,1.77812328486686,0.319117202572177
"2345","ZNHIT6",-0.0476308250000002,1.08360507320268,0.394865479245017
"2346","ZPR1",-0.0642960849999998,2.54018784938314,0.230099660779551
"2347","ZRANB2",-0.0880622600000001,2.50402424599426,0.230609332825145
"2348","ZRSR2",-0.138649405,1.29435816545673,0.390869319624909
"2349","ZW10",-0.16101184,3.02434235169073,0.150174401583655
"2350","ZWINT",-0.09119682,1.61421640795919,0.287337963662338
