ID,Description,setSize,enrichmentScore,NES,pvalue,p.adjust,qvalues,rank,leading_edge,core_enrichment
BRUINS_UVC_RESPONSE_LATE,BRUINS_UVC_RESPONSE_LATE,130,0.228910623,2.205608295,0.001082251,0.020256813,0.013585457,402,"tags=48%, list=31%, signal=37%",ARHGEF7/ATP2B1/LDLR/PDCD10/UFSP2/PTEN/TSC2/PGP/MTX2/ELMO2/DPY30/G6PD/TLN1/LMNB1/FBXO7/HTRA2/CLPB/DPM1/KDSR/SHC1/CAB39/CCNE1/SARNP/CSNK2A1/CMIP/SOS1/WWTR1/EMC2/NDUFAF6/IER3IP1/BCL6/ZW10/DYRK1A/VPS36/CD2BP2/FRG1/CCND2/UBE2K/COA3/TADA3/AHR/SPTLC1/E2F1/CCDC22/PAGR1/PRKAR1A/PPP6R3/STK11/LCMT1/GSK3B/MAP3K7/DOHH/TTC7A/RAB10/PPCDC/DDX19A/EXT1/WASHC3/MIB1/ACTG1/HSF1/NDUFAF3
DACOSTA_UV_RESPONSE_VIA_ERCC3_DN,DACOSTA_UV_RESPONSE_VIA_ERCC3_DN,127,0.259694995,2.476571063,0.001091703,0.020256813,0.013585457,636,"tags=69%, list=49%, signal=39%",ARHGEF7/ATP2B1/LDLR/MED13/PTEN/MTX2/ZEB1/KIDINS220/UGCG/PTPN1/FERMT2/PARD3/RUNX1/SUPT20H/DUSP4/LMNB1/CDK8/TEAD1/CDH2/PICALM/SMCHD1/TP53BP1/TCF7L2/ADNP/YAP1/MAPK14/PPP2R2A/CSNK2A1/SLC7A1/SOS1/WWTR1/SMAD7/EMC2/TGIF1/ANKRD17/SOX9/ROCK2/ZEB2/WRN/DYRK1A/CREBBP/EGFR/PTK2/ATP2C1/ARHGAP29/BMPR1A/COG5/TIPARP/CBFB/DNAJC13/GSK3B/GIGYF2/CDS2/TAF4/PKN2/EXT1/CHD1/SMARCA2/VCL/MNT/CNOT4/MBNL1/JUN/SUCO/ZFP36L2/ACSL3/APC/FUBP1/CCDC6/NCKAP1/TXNRD1/STXBP3/E2F3/RB1CC1/PMM2/NAMPT/ACSL4/CDK13/EFR3A/RCOR1/FBXW11/FARS2/SCAF8/RAB6A/CCND1/SLC4A7/ZMYND8
KOINUMA_TARGETS_OF_SMAD2_OR_SMAD3,KOINUMA_TARGETS_OF_SMAD2_OR_SMAD3,92,0.262256301,2.298725318,0.001145475,0.020256813,0.013585457,523,"tags=60%, list=40%, signal=38%",CDKN1A/FERMT1/ITGB1/IRF2BP2/GATA3/SNAI2/GLS/MORF4L1/RUNX1/DOCK5/TLN1/RNH1/RCC1L/PICALM/YAP1/JUNB/TMEM80/CMIP/SLC7A1/SREBF1/IKBKG/WWTR1/SMAD7/TGIF1/ZW10/EXT2/ITGAV/EGFR/PTK2/SSBP3/TIPARP/AHR/POLG/MYH9/FCHO2/TNPO1/SLC20A1/FOSL1/EXT1/FURIN/NDE1/VCL/SLC7A5/SLC25A28/MNT/SLC38A2/BRD2/MBNL1/MRPL2/ZFP36L1/FUBP1/YME1L1/TFAP2A/TXNRD1/ARID2
KRIEG_HYPOXIA_NOT_VIA_KDM3A,KRIEG_HYPOXIA_NOT_VIA_KDM3A,74,0.28382303,2.319954597,0.001156069,0.020256813,0.013585457,480,"tags=59%, list=37%, signal=40%",ARHGEF7/ITGA3/GNA13/PDCD10/RIC8A/TCF3/RUNX1/SLC16A1/SLC2A1/EGLN1/SH3GL1/ALDH18A1/SMAD7/CTDSPL2/MAPK1/EGFR/SGF29/TIPARP/CRAMP1/CNOT11/TUBB3/UAP1/PAGR1/POLG/MYH9/CTNNB1/ITGB5/GSK3B/CDS2/IRS2/KNTC1/TRIP13/JMJD6/USP1/ACTG1/SLC7A5/FOXM1/ATG9A/SLC38A2/WAC/JUN/GRSF1/PAXIP1/RRAGA
REACTOME_SIGNALING_BY_RECEPTOR_TYROSINE_KINASES,REACTOME_SIGNALING_BY_RECEPTOR_TYROSINE_KINASES,74,0.371413997,3.03591858,0.001156069,0.020256813,0.013585457,375,"tags=59%, list=29%, signal=45%",ARHGEF7/GAB1/ITGA3/BRK1/ITGB1/CTNNA1/KIDINS220/ATP6V0E1/ASCL1/BCAR1/BRAF/CRK/ELMO2/PTPN1/PXN/DUSP4/PAK2/ARF6/ERBB2/SHC1/YAP1/MAPK14/CSK/JUNB/SH3GL1/SOS1/ROCK2/FGFR1/MAPK1/ITGAV/EGFR/PTK2/ERBB3/NRAS/MEF2C/RICTOR/PIK3R1/CTNNB1/PIK3CB/IRS2/FOSL1/MUC20/TIAL1/FURIN
GRESHOCK_CANCER_COPY_NUMBER_UP,GRESHOCK_CANCER_COPY_NUMBER_UP,77,0.372116872,3.062253132,0.001169591,0.020256813,0.013585457,307,"tags=55%, list=24%, signal=44%",NF2/ARNT/TP53/TSC1/PTEN/TSC2/FLCN/CDH1/NF1/HOXD13/BRAF/FLI1/POU2AF1/TCF3/FBXW7/RUNX1/IRF4/PICALM/KDSR/KMT2A/ERBB2/PAX8/CEP43/PCM1/SH3GL1/MYCN/BCL9/BCL6/FGFR1/WRN/EXT2/CREBBP/EGFR/CCND2/FANCF/BMPR1A/NRAS/PRKAR1A/CBFB/STK11/MYH9/CTNNB1
KEGG_PATHWAYS_IN_CANCER,KEGG_PATHWAYS_IN_CANCER,64,0.340222098,2.651997446,0.001176471,0.020256813,0.013585457,314,"tags=53%, list=24%, signal=42%",ARNT/CDKN1A/TGFBR1/ITGA3/TP53/PTEN/ITGB1/CTNNA1/CDH1/BRAF/CRK/RUNX1/ERBB2/SLC2A1/TCF7L2/CCNE1/PAX8/EGLN1/IKBKG/SOS1/RAF1/FGFR1/MAPK1/CREBBP/ITGAV/EGFR/PTK2/E2F1/NRAS/PIK3R1/CTNNB1/GSK3B/FADD/PIK3CB
REACTOME_DISEASES_OF_SIGNAL_TRANSDUCTION_BY_GROWTH_FACTOR_RECEPTORS_AND_SECOND_MESSENGERS,REACTOME_DISEASES_OF_SIGNAL_TRANSDUCTION_BY_GROWTH_FACTOR_RECEPTORS_AND_SECOND_MESSENGERS,64,0.306522324,2.389311056,0.001176471,0.020256813,0.013585457,407,"tags=55%, list=31%, signal=39%",CDKN1A/TGFBR1/GAB1/PTEN/TSC2/NF1/BRAF/FBXW7/TLN1/CDK8/ERBB2/SHC1/PSMF1/TCF7L2/CSK/CEP43/SOS1/RAF1/FGFR1/MAPK1/CREBBP/EGFR/ERBB3/NRAS/RICTOR/PIK3R1/CTNNB1/GSK3B/PIK3CB/IRS2/MIB1/VCL/ACTG1/CCNC/DERL2
FULCHER_INFLAMMATORY_RESPONSE_LECTIN_VS_LPS_UP,FULCHER_INFLAMMATORY_RESPONSE_LECTIN_VS_LPS_UP,58,0.304083157,2.255321552,0.001210654,0.020256813,0.013585457,391,"tags=55%, list=30%, signal=40%",TGFBR1/TAPT1/IRF2BP2/JTB/GLS/TCF3/RUNX1/G6PD/IRF4/DUSP4/CSK/CMIP/COX18/SLC7A1/POLE4/SMAD7/NDUFV2/TRAPPC2L/ATP2C1/COA3/LRP8/TMX2/MYH9/FADD/PTDSS1/UBE2G2/SLC20A1/CYB5B/PPA2/NDUFA2/UXS1/VCL
CUI_TCF21_TARGETS_2_DN,CUI_TCF21_TARGETS_2_DN,50,0.348465251,2.464810469,0.001230012,0.020256813,0.013585457,722,"tags=88%, list=56%, signal=41%",KIRREL1/ARNT/MED13/ITGB1/TAOK1/IRF2BP2/GATA3/CRK/FLI1/FERMT2/DOCK5/SPTLC2/PARD6B/WWTR1/ZEB2/CREBBP/RFK/ARHGAP29/BMPR1A/TIPARP/MEF2C/RICTOR/SLC33A1/ITGB5/TADA2B/VCL/MED23/UGP2/LUC7L2/PIK3CA/PTAR1/STXBP3/VMA21/ACSL4/EAF1/VPS54/PDE4DIP/NCOA4/EXOC8/CFLAR/POLR2M/ZFX/EMC7/VPS37A
MILI_PSEUDOPODIA_CHEMOTAXIS_DN,MILI_PSEUDOPODIA_CHEMOTAXIS_DN,52,0.345556464,2.47331387,0.001239157,0.020256813,0.013585457,455,"tags=63%, list=35%, signal=43%",ITGA3/LDLR/ITGB1/CTNNA1/TLN1/SLC16A1/SLC2A1/SLC35A2/BCL9/SOCS3/TGIF1/FGFR1/GCN1/GGNBP2/STT3A/SPTLC1/HSD17B12/POLG/PPP6R3/CTNNB1/GSK3B/CDS2/RANBP3/SLC20A1/ANKRD11/TTC7A/CHKA/VCL/HSF1/SLC38A2/MTCH2/EMC1/DOLK
WP_NONALCOHOLIC_FATTY_LIVER_DISEASE,WP_NONALCOHOLIC_FATTY_LIVER_DISEASE,52,0.332222539,2.377876555,0.001239157,0.020256813,0.013585457,770,"tags=90%, list=59%, signal=38%",SREBF1/SOCS3/SMAD7/NDUFV2/PIK3R1/GSK3B/PIK3CB/IRS2/NDUFA3/NDUFA2/NDUFC1/NDUFA10/NDUFA4/PIK3CA/NDUFC2/TRAF2/JUN/NDUFB2/SDHD/NDUFS8/UQCR10/NDUFA1/COX7C/UQCRB/NDUFB6/NDUFS5/NDUFB8/NDUFB11/NDUFA11/COX4I1/NDUFA8/NDUFA6/RELA/NDUFA9/ATF4/UQCRC2/NDUFS3/NDUFB7/COX6A1/NDUFB3/NDUFS2/NDUFS7/COX5A/NDUFB9/COX6C/NDUFB10/CYC1
REACTOME_RESPIRATORY_ELECTRON_TRANSPORT,REACTOME_RESPIRATORY_ELECTRON_TRANSPORT,48,0.342376908,2.374298985,0.001243781,0.020256813,0.013585457,770,"tags=92%, list=59%, signal=39%",COX18/NDUFAF6/NDUFV2/NDUFA3/NDUFA2/NDUFAF4/NDUFC1/NDUFAF3/SCO2/NDUFA10/NDUFA4/NDUFC2/NDUFB2/SDHD/NDUFS8/UQCR10/NDUFA1/COX7C/UQCRB/NDUFB6/NDUFS5/NDUFB8/COX19/NDUFAF1/NDUFAF7/NDUFB11/NDUFA11/COX4I1/NDUFA8/NDUFA6/NDUFA9/UQCRC2/NDUFS3/NDUFB7/COX6A1/NDUFB3/NDUFS2/NDUFS7/COX5A/COX11/NDUFB9/COX6C/NDUFB10/CYC1
WP_PI3KAKT_SIGNALING_PATHWAY,WP_PI3KAKT_SIGNALING_PATHWAY,47,0.370430534,2.537887371,0.001253133,0.020256813,0.013585457,352,"tags=60%, list=27%, signal=45%",CDKN1A/ITGA3/TP53/TSC1/PTEN/ITGB1/TSC2/CCNE1/CSH2/PPP2R2A/IKBKG/SOS1/RAF1/FGFR1/MYB/MAPK1/ITGAV/EGFR/PTK2/CCND2/NRAS/STK11/PIK3R1/ITGB5/GSK3B/PIK3CB/PKN2/HSP90AB1
DOUGLAS_BMI1_TARGETS_UP,DOUGLAS_BMI1_TARGETS_UP,45,0.316567494,2.138473021,0.001256281,0.020256813,0.013585457,433,"tags=60%, list=33%, signal=41%",UGCG/TCF3/PCGF1/TLN1/TEAD1/SLC16A1/KMT2A/SLC2A1/SREBF1/BCL9/XYLT2/MYB/CARM1/LRP8/XPR1/FASN/TIPARP/SPTLC1/ITGB5/IRS2/CYB5B/MGAT1/CNIH4/UXS1/UGP2/ATG9A/GRK2
KEGG_FOCAL_ADHESION,KEGG_FOCAL_ADHESION,40,0.398068924,2.556298213,0.001283697,0.020256813,0.013585457,314,"tags=60%, list=24%, signal=47%",ITGA3/PTEN/ITGB1/BCAR1/BRAF/CRK/PXN/TLN1/PAK2/ERBB2/SHC1/SOS1/RAF1/ROCK2/MAPK1/ITGAV/EGFR/PTK2/CCND2/PIK3R1/CTNNB1/ITGB5/GSK3B/PIK3CB
KEGG_REGULATION_OF_ACTIN_CYTOSKELETON,KEGG_REGULATION_OF_ACTIN_CYTOSKELETON,40,0.400696631,2.573172684,0.001283697,0.020256813,0.013585457,314,"tags=60%, list=24%, signal=47%",ARHGEF7/ITGA3/GNA13/BRK1/ITGB1/BCAR1/BRAF/CRK/PXN/PAK2/CSK/SOS1/RAF1/ROCK2/FGFR1/MAPK1/ITGAV/EGFR/PTK2/NRAS/PIK3R1/MYH9/ITGB5/PIK3CB
WP_FOCAL_ADHESION,WP_FOCAL_ADHESION,40,0.398068924,2.556298213,0.001283697,0.020256813,0.013585457,314,"tags=60%, list=24%, signal=47%",ITGA3/PTEN/ITGB1/BCAR1/BRAF/CRK/PXN/TLN1/PAK2/ERBB2/SHC1/SOS1/RAF1/ROCK2/MAPK1/ITGAV/EGFR/PTK2/CCND2/PIK3R1/CTNNB1/ITGB5/GSK3B/PIK3CB
WP_FOCAL_ADHESIONPI3KAKTMTORSIGNALING_PATHWAY,WP_FOCAL_ADHESIONPI3KAKTMTORSIGNALING_PATHWAY,41,0.424895227,2.738128178,0.001287001,0.020256813,0.013585457,359,"tags=66%, list=28%, signal=49%",CDKN1A/ITGA3/TSC1/PTEN/ITGB1/TSC2/FOXA1/SLC2A1/CAB39/SREBF1/IKBKG/SOS1/RAF1/FGFR1/MAPK1/ITGAV/EGFR/PTK2/NRAS/STK11/PIK3R1/ITGB5/GSK3B/PIK3CB/IRS2/HSP90AB1/RAB10
MEISSNER_BRAIN_HCP_WITH_H3K4ME3_AND_H3K27ME3,MEISSNER_BRAIN_HCP_WITH_H3K4ME3_AND_H3K27ME3,37,0.381020301,2.386130747,0.001293661,0.020256813,0.013585457,341,"tags=59%, list=26%, signal=45%",GAB1/ISL1/CDH1/ASCL1/FLI1/RUNX1/DUSP4/DOCK5/ERBB2/TCF7L2/SOX2/MYCN/WWTR1/SOX9/MYB/NFE2L2/EGFR/ARHGAP29/ERBB3/CBFB/ITGB5/FOSL1
WP_TGFBETA_SIGNALING_PATHWAY,WP_TGFBETA_SIGNALING_PATHWAY,35,0.428101161,2.61117994,0.001315789,0.020256813,0.013585457,331,"tags=63%, list=26%, signal=48%",CDKN1A/TGFBR1/TP53/ITGB1/ZEB1/BCAR1/PAK2/SHC1/YAP1/MAPK14/JUNB/SOS1/SMAD7/RAF1/TGIF1/ZEB2/MAPK1/CREBBP/PTK2/MEF2C/PIK3R1/MAP3K7
DUTERTRE_ESTRADIOL_RESPONSE_24HR_DN,DUTERTRE_ESTRADIOL_RESPONSE_24HR_DN,38,0.406050716,2.540477298,0.001317523,0.020256813,0.013585457,663,"tags=89%, list=51%, signal=45%",CDKN1A/ATP2B1/GAB1/SLC35A1/TP63/SNAI2/FERMT2/DUSP4/CDH2/ERBB2/CAB39/JUNB/WWTR1/ROCK2/ITGAV/AHR/MAP4K4/MYH9/FCHO2/KLF5/EXT1/UGP2/JUN/ZFP36L1/ACSL3/ZNF217/TFAP2A/ARID4B/CDK6/NAMPT/VPS54/UBA5/SLC4A7/UBE2H
HAN_SATB1_TARGETS_DN,HAN_SATB1_TARGETS_DN,30,0.398120471,2.299167148,0.001319261,0.020256813,0.013585457,413,"tags=67%, list=32%, signal=47%",ITGA3/PXN/CDH2/SLC16A1/ERBB2/TCF7L2/CCNE1/PCM1/RABIF/VPS4A/GCN1/TPK1/EGFR/ERBB3/SLC33A1/PPME1/SQLE/DDX19A/NDUFAF4/ATMIN
REACTOME_COMPLEX_I_BIOGENESIS,REACTOME_COMPLEX_I_BIOGENESIS,30,0.387401987,2.237267327,0.001319261,0.020256813,0.013585457,766,"tags=97%, list=59%, signal=41%",NDUFAF6/NDUFV2/NDUFA3/NDUFA2/NDUFAF4/NDUFC1/NDUFAF3/NDUFA10/NDUFC2/NDUFB2/NDUFS8/NDUFA1/NDUFB6/NDUFS5/NDUFB8/NDUFAF1/NDUFAF7/NDUFB11/NDUFA11/NDUFA8/NDUFA6/NDUFA9/NDUFS3/NDUFB7/NDUFB3/NDUFS2/NDUFS7/NDUFB9/NDUFB10
WP_SIGNALING_PATHWAYS_IN_GLIOBLASTOMA,WP_SIGNALING_PATHWAYS_IN_GLIOBLASTOMA,30,0.464537098,2.682726747,0.001319261,0.020256813,0.013585457,314,"tags=67%, list=24%, signal=52%",CDKN1A/GAB1/TP53/TSC1/PTEN/TSC2/NF1/BRAF/ERBB2/CCNE1/RAF1/FGFR1/MAPK1/EGFR/CCND2/ERBB3/E2F1/NRAS/PIK3R1/PIK3CB
CHARAFE_BREAST_CANCER_LUMINAL_VS_BASAL_DN,CHARAFE_BREAST_CANCER_LUMINAL_VS_BASAL_DN,32,0.408623837,2.414585802,0.00132626,0.020256813,0.013585457,372,"tags=66%, list=29%, signal=48%",KIRREL1/FERMT1/ITGB1/TP63/SNAI2/CRK/DOCK5/SLC16A1/FDFT1/REXO2/SMCHD1/YAP1/WWTR1/NFE2L2/EGFR/MAP4K4/IRS2/KLF5/PKN2/FOSL1/EXT1
KEGG_MAPK_SIGNALING_PATHWAY,KEGG_MAPK_SIGNALING_PATHWAY,32,0.436585775,2.579814782,0.00132626,0.020256813,0.013585457,646,"tags=91%, list=50%, signal=47%",TGFBR1/TP53/TAOK1/NF1/BRAF/CRK/DUSP4/PAK2/MAPK14/IKBKG/SOS1/RAF1/FGFR1/MAPK1/EGFR/MAP4K4/NRAS/MEF2C/MAP3K7/CDC25B/CHP1/DAXX/TRAF2/JUN/RAC3/LAMTOR3/RELA/ATF4/CRKL
KEGG_PROSTATE_CANCER,KEGG_PROSTATE_CANCER,32,0.42096397,2.487504481,0.00132626,0.020256813,0.013585457,352,"tags=66%, list=27%, signal=49%",CDKN1A/TP53/PTEN/BRAF/ERBB2/TCF7L2/CCNE1/IKBKG/SOS1/RAF1/FGFR1/MAPK1/CREBBP/EGFR/E2F1/NRAS/PIK3R1/CTNNB1/GSK3B/PIK3CB/HSP90AB1
WP_EGFEGFR_SIGNALING_PATHWAY,WP_EGFEGFR_SIGNALING_PATHWAY,32,0.410830673,2.427626147,0.00132626,0.020256813,0.013585457,299,"tags=59%, list=23%, signal=47%",GAB1/PTEN/BCAR1/BRAF/CRK/ARF6/ERBB2/SHC1/MAPK14/CSK/SOS1/RAF1/MAPK1/EGFR/PTK2/E2F1/MEF2C/RICTOR/PIK3R1
WP_HEAD_AND_NECK_SQUAMOUS_CELL_CARCINOMA,WP_HEAD_AND_NECK_SQUAMOUS_CELL_CARCINOMA,32,0.417347493,2.466134473,0.00132626,0.020256813,0.013585457,314,"tags=62%, list=24%, signal=49%",CDKN1A/GAB1/TP53/TSC1/PTEN/TP63/TSC2/ERBB2/FGFR1/NFE2L2/EGFR/E2F1/NRAS/RICTOR/KEAP1/STK11/PIK3R1/CTNNB1/FADD/PIK3CB
WP_BREAST_CANCER_PATHWAY,WP_BREAST_CANCER_PATHWAY,31,0.42897063,2.494995876,0.001331558,0.020256813,0.013585457,540,"tags=81%, list=42%, signal=48%",CDKN1A/TP53/PTEN/BRAF/ERBB2/SHC1/TCF7L2/CSNK2A1/SOS1/RAF1/FGFR1/MAPK1/EGFR/E2F1/NRAS/PIK3R1/CTNNB1/GSK3B/SP1/PIK3CA/JUN/APC/MRE11/CDK6/E2F3
WP_INSULIN_SIGNALING,WP_INSULIN_SIGNALING,31,0.454101695,2.641164166,0.001331558,0.020256813,0.013585457,331,"tags=68%, list=26%, signal=52%",GAB1/TSC1/PTEN/TSC2/CRK/PTPN1/ARF6/SLC2A1/SHC1/MAPK14/SOCS3/SOS1/RAF1/CAP1/MAPK1/MAP4K4/PIK3R1/GSK3B/PIK3CB/IRS2/MAP3K7
WP_MAPK_SIGNALING_PATHWAY,WP_MAPK_SIGNALING_PATHWAY,31,0.433747476,2.522779154,0.001331558,0.020256813,0.013585457,646,"tags=90%, list=50%, signal=46%",TGFBR1/TP53/TAOK1/NF1/BRAF/CRK/DUSP4/PAK2/MAPK14/IKBKG/SOS1/RAF1/FGFR1/MAPK1/EGFR/MAP4K4/NRAS/MEF2C/MAP3K7/CDC25B/DAXX/TRAF2/JUN/RAC3/LAMTOR3/RELA/ATF4/CRKL
WP_REGULATION_OF_ACTIN_CYTOSKELETON,WP_REGULATION_OF_ACTIN_CYTOSKELETON,31,0.419926063,2.442390506,0.001331558,0.020256813,0.013585457,547,"tags=81%, list=42%, signal=48%",ARHGEF7/GNA13/BRK1/BCAR1/BRAF/CRK/PXN/PAK2/CSK/SOS1/RAF1/ROCK2/FGFR1/MAPK1/EGFR/PTK2/NRAS/PIK3R1/PIK3CB/VCL/ACTG1/PIK3CA/APC/NCKAP1/RAC3
SMID_BREAST_CANCER_BASAL_DN,SMID_BREAST_CANCER_BASAL_DN,27,0.456877647,2.520095742,0.001356852,0.020256813,0.013585457,271,"tags=63%, list=21%, signal=51%",NF1/GATA3/KRT18/ASCL1/UGCG/DLG5/DUSP4/SPTLC2/ERBB2/MON2/SREBF1/ALG12/MED24/COG7/MYB/FASN/ERBB3
WP_MITOCHONDRIAL_COMPLEX_I_ASSEMBLY_MODEL_OXPHOS_SYSTEM,WP_MITOCHONDRIAL_COMPLEX_I_ASSEMBLY_MODEL_OXPHOS_SYSTEM,27,0.383062593,2.112938585,0.001356852,0.020256813,0.013585457,766,"tags=96%, list=59%, signal=40%",NDUFAF6/NDUFV2/FOXRED1/NDUFA3/NDUFA2/NDUFAF4/NDUFC1/NDUFAF3/NDUFA10/NDUFC2/NDUFB2/NDUFA1/NDUFB6/NDUFS5/NDUFB8/NDUFAF1/NDUFAF7/NDUFB11/NDUFA8/NDUFA6/NDUFS3/NDUFB7/NDUFB3/NDUFS2/NDUFB9/NDUFB10
KEGG_INSULIN_SIGNALING_PATHWAY,KEGG_INSULIN_SIGNALING_PATHWAY,28,0.435292163,2.436065898,0.001358696,0.020256813,0.013585457,319,"tags=64%, list=25%, signal=50%",TSC1/TSC2/BRAF/CRK/PTPN1/SHC1/SREBF1/SOCS3/SOS1/RAF1/MAPK1/FASN/NRAS/PRKAR1A/PIK3R1/GSK3B/PIK3CB/IRS2
WP_DNA_DAMAGE_RESPONSE_ONLY_ATM_DEPENDENT,WP_DNA_DAMAGE_RESPONSE_ONLY_ATM_DEPENDENT,29,0.409754946,2.318356979,0.001362398,0.020256813,0.013585457,547,"tags=79%, list=42%, signal=47%",CDKN1A/TP53/LDLR/PTEN/ERBB2/SHC1/TCF7L2/SOS1/BCL6/MAPK1/CCND2/NRAS/PIK3R1/CTNNB1/GSK3B/PIK3CB/MAP3K7/FOSL1/PIK3CA/JUN/APC/CCND3/RAC3
WP_GASTRIN_SIGNALING_PATHWAY,WP_GASTRIN_SIGNALING_PATHWAY,29,0.408853184,2.313254887,0.001362398,0.020256813,0.013585457,627,"tags=86%, list=48%, signal=46%",CDKN1A/ITGB1/CDH1/BCAR1/CRK/PXN/SHC1/MAPK14/SOS1/RAF1/MAPK1/EGFR/PTK2/MEF2C/PIK3R1/CTNNB1/GSK3B/SP1/PIK3CA/JUN/ELAVL1/BIRC2/LAMTOR3/CCND1/RELA
KIM_WT1_TARGETS_UP,KIM_WT1_TARGETS_UP,26,0.428351538,2.312036967,0.001369863,0.020256813,0.013585457,393,"tags=69%, list=30%, signal=49%",ATP2B1/KCTD5/ZEB1/SNAI2/GLS/FERMT2/CDH2/JUNB/SLC7A1/WWTR1/SOX9/CHD7/ARHGAP29/CBFB/SLC20A1/FOSL1/VCL/ACTG1
REACTOME_PLATELET_ACTIVATION_SIGNALING_AND_AGGREGATION,REACTOME_PLATELET_ACTIVATION_SIGNALING_AND_AGGREGATION,26,0.409296677,2.209187927,0.001369863,0.020256813,0.013585457,314,"tags=62%, list=24%, signal=48%",GNA13/BCAR1/CRK/PTPN1/TLN1/MANF/SHC1/MAPK14/CSK/SOS1/RAF1/CAP1/MAPK1/PTK2/PIK3R1/PIK3CB
DELYS_THYROID_CANCER_UP,DELYS_THYROID_CANCER_UP,22,0.467732735,2.363855039,0.00137931,0.020256813,0.013585457,398,"tags=73%, list=31%, signal=51%",CDKN1A/ITGA3/MED13/RUNX1/DUSP4/CDH2/SH3GL1/BCL9/UBE2A/CCND2/TIPARP/ERBB3/MAP4K4/ITGB5/SLC7A5/FLII
KEGG_ADHERENS_JUNCTION,KEGG_ADHERENS_JUNCTION,22,0.502238876,2.538244196,0.00137931,0.020256813,0.013585457,393,"tags=77%, list=30%, signal=55%",TGFBR1/CTNNA1/CDH1/SNAI2/PTPN1/PARD3/ERBB2/TCF7L2/CSNK2A1/FGFR1/MAPK1/CREBBP/EGFR/CTNNB1/MAP3K7/VCL/ACTG1
KEGG_ENDOMETRIAL_CANCER,KEGG_ENDOMETRIAL_CANCER,22,0.519406113,2.625004982,0.00137931,0.020256813,0.013585457,314,"tags=73%, list=24%, signal=56%",TP53/PTEN/CTNNA1/CDH1/BRAF/ERBB2/TCF7L2/SOS1/RAF1/MAPK1/EGFR/NRAS/PIK3R1/CTNNB1/GSK3B/PIK3CB
KEGG_ERBB_SIGNALING_PATHWAY,KEGG_ERBB_SIGNALING_PATHWAY,22,0.563837174,2.849553275,0.00137931,0.020256813,0.013585457,314,"tags=77%, list=24%, signal=60%",CDKN1A/GAB1/BRAF/CRK/PAK2/ERBB2/SHC1/SOS1/RAF1/MAPK1/EGFR/PTK2/ERBB3/NRAS/PIK3R1/GSK3B/PIK3CB
MCBRYAN_PUBERTAL_BREAST_6_7WK_UP,MCBRYAN_PUBERTAL_BREAST_6_7WK_UP,22,0.485287659,2.45257514,0.00137931,0.020256813,0.013585457,299,"tags=68%, list=23%, signal=53%",TGFBR1/PTEN/TAOK1/KDM5C/RUNX1/MAPK14/EGLN1/CSNK2A1/SOX9/ZEB2/CCND2/MEF2C/KEAP1/PPP6R3/PIK3R1
WONG_ADULT_TISSUE_STEM_MODULE,WONG_ADULT_TISSUE_STEM_MODULE,22,0.492544048,2.489247904,0.00137931,0.020256813,0.013585457,175,"tags=59%, list=13%, signal=52%",CDKN1A/ZEB1/GATA3/FOXA1/FERMT2/DUSP4/CDH2/KMT2A/TP53BP1/JUNB/MYCN/SOCS3/SMAD7
WP_B_CELL_RECEPTOR_SIGNALING_PATHWAY,WP_B_CELL_RECEPTOR_SIGNALING_PATHWAY,22,0.464175719,2.345878388,0.00137931,0.020256813,0.013585457,331,"tags=68%, list=26%, signal=52%",GAB1/BRAF/CRK/IRF4/SHC1/MAPK14/IKBKG/SOS1/RAF1/BCL6/MAPK1/MEF2C/PIK3R1/GSK3B/MAP3K7
WP_INTEGRINMEDIATED_CELL_ADHESION,WP_INTEGRINMEDIATED_CELL_ADHESION,22,0.613745768,3.101784244,0.00137931,0.020256813,0.013585457,242,"tags=77%, list=19%, signal=64%",ARHGEF7/ITGA3/ITGB1/BCAR1/BRAF/CRK/PXN/TLN1/PAK2/SHC1/CSK/SOS1/RAF1/ROCK2/MAPK1/ITGAV/PTK2
BENPORATH_ES_WITH_H3K27ME3,BENPORATH_ES_WITH_H3K27ME3,21,0.570449639,2.811782885,0.0013947,0.020256813,0.013585457,232,"tags=71%, list=18%, signal=60%",ARHGEF7/ISL1/HOXD13/GATA3/SNAI2/ASCL1/FLI1/IRF4/DUSP4/PAX8/ZBTB7A/SOX9/ZEB2/MYB/DPY19L2
WP_EGFR_TYROSINE_KINASE_INHIBITOR_RESISTANCE,WP_EGFR_TYROSINE_KINASE_INHIBITOR_RESISTANCE,21,0.509196048,2.509860002,0.0013947,0.020256813,0.013585457,314,"tags=71%, list=24%, signal=55%",GAB1/PTEN/NF1/BRAF/ERBB2/SHC1/SOS1/RAF1/MAPK1/EGFR/ERBB3/NRAS/PIK3R1/GSK3B/PIK3CB
WP_PROLACTIN_SIGNALING_PATHWAY,WP_PROLACTIN_SIGNALING_PATHWAY,21,0.505329373,2.490800913,0.0013947,0.020256813,0.013585457,319,"tags=71%, list=25%, signal=55%",ITGB1/PTPN1/PXN/ERBB2/SHC1/MAPK14/SOCS3/SOS1/RAF1/MAPK1/PTK2/PIK3R1/GSK3B/PIK3CB/IRS2
HADDAD_B_LYMPHOCYTE_PROGENITOR,HADDAD_B_LYMPHOCYTE_PROGENITOR,24,0.457729908,2.372522383,0.00140056,0.020256813,0.013585457,581,"tags=88%, list=45%, signal=49%",ARHGEF7/IRF2/UGCG/POU2AF1/TCF3/IRF4/REXO2/KMT2A/TGIF1/CHD7/MAP4K4/MEF2C/IRS2/DCP2/PKN2/UXS1/JUN/ZFP36L1/SMARCA4/RB1CC1/CDK13
KEGG_CHEMOKINE_SIGNALING_PATHWAY,KEGG_CHEMOKINE_SIGNALING_PATHWAY,24,0.494913894,2.565255776,0.00140056,0.020256813,0.013585457,314,"tags=71%, list=24%, signal=55%",BCAR1/BRAF/CRK/PARD3/PXN/SHC1/CSK/IKBKG/SOS1/RAF1/ROCK2/MAPK1/PTK2/NRAS/PIK3R1/GSK3B/PIK3CB
REACTOME_SIGNALING_BY_VEGF,REACTOME_SIGNALING_BY_VEGF,24,0.455802443,2.362531877,0.00140056,0.020256813,0.013585457,314,"tags=67%, list=24%, signal=51%",BRK1/CTNNA1/BCAR1/CRK/ELMO2/PXN/PAK2/MAPK14/ROCK2/ITGAV/PTK2/NRAS/RICTOR/PIK3R1/CTNNB1/PIK3CB
WP_ANGIOPOIETIN_LIKE_PROTEIN_8_REGULATORY_PATHWAY,WP_ANGIOPOIETIN_LIKE_PROTEIN_8_REGULATORY_PATHWAY,24,0.602522487,3.123016567,0.00140056,0.020256813,0.013585457,331,"tags=83%, list=26%, signal=63%",TSC1/TSC2/CRK/PTPN1/SLC2A1/SHC1/MAPK14/SREBF1/SOS1/RAF1/CAP1/MAPK1/FASN/MAP4K4/RICTOR/PIK3R1/GSK3B/PIK3CB/IRS2/MAP3K7
WP_CHEMOKINE_SIGNALING_PATHWAY,WP_CHEMOKINE_SIGNALING_PATHWAY,24,0.494913894,2.565255776,0.00140056,0.020256813,0.013585457,314,"tags=71%, list=24%, signal=55%",BCAR1/BRAF/CRK/PARD3/PXN/SHC1/CSK/IKBKG/SOS1/RAF1/ROCK2/MAPK1/PTK2/NRAS/PIK3R1/GSK3B/PIK3CB
WP_ENDOMETRIAL_CANCER,WP_ENDOMETRIAL_CANCER,24,0.542388716,2.811329008,0.00140056,0.020256813,0.013585457,314,"tags=75%, list=24%, signal=58%",CDKN1A/TP53/PTEN/CTNNA1/CDH1/BRAF/ERBB2/TCF7L2/SOS1/RAF1/FGFR1/MAPK1/EGFR/NRAS/PIK3R1/CTNNB1/GSK3B/PIK3CB
WP_HIPPOMERLIN_SIGNALING_DYSREGULATION,WP_HIPPOMERLIN_SIGNALING_DYSREGULATION,24,0.479937865,2.487631477,0.00140056,0.020256813,0.013585457,308,"tags=67%, list=24%, signal=52%",NF2/ITGA3/ITGB1/CTNNA1/CDH1/TEAD1/CDH2/PAK2/FGFR1/ITGAV/EGFR/PTK2/NRAS/PRKAR1A/CTNNB1/ITGB5
LU_AGING_BRAIN_UP,LU_AGING_BRAIN_UP,23,0.488736265,2.494123118,0.00140647,0.020256813,0.013585457,271,"tags=65%, list=21%, signal=53%",ITGB1/ASCL1/FERMT2/TLN1/SLC16A1/PICALM/KDSR/WWTR1/TGIF1/ZEB2/NFE2L2/ITGAV/SPTSSA/TIPARP/ERBB3
MCBRYAN_PUBERTAL_BREAST_4_5WK_UP,MCBRYAN_PUBERTAL_BREAST_4_5WK_UP,23,0.466537648,2.380838941,0.00140647,0.020256813,0.013585457,326,"tags=65%, list=25%, signal=50%",TP63/CDH1/GATA3/KRT18/FOXA1/RUNX1/SLC2A1/TGIF1/SOX9/BCL6/MYB/CAP1/ATP2C1/ERBB3/KLF5
PID_CXCR4_PATHWAY,PID_CXCR4_PATHWAY,23,0.443632859,2.263951025,0.00140647,0.020256813,0.013585457,437,"tags=74%, list=34%, signal=50%",ITGA3/GNA13/PTEN/ITGB1/BCAR1/CRK/PXN/CSK/VPS4A/ITGAV/PTK2/RICTOR/PIK3R1/PIK3CB/VPS4B/GRK2/PIK3CA
WP_BRAINDERIVED_NEUROTROPHIC_FACTOR_BDNF_SIGNALING_PATHWAY,WP_BRAINDERIVED_NEUROTROPHIC_FACTOR_BDNF_SIGNALING_PATHWAY,23,0.413152215,2.10840194,0.00140647,0.020256813,0.013585457,319,"tags=61%, list=25%, signal=47%",TSC2/KIDINS220/CDH2/SHC1/MAPK14/CSNK2A1/IKBKG/RAF1/MAPK1/MEF2C/PIK3R1/CTNNB1/GSK3B/IRS2
WP_EPITHELIAL_TO_MESENCHYMAL_TRANSITION_IN_COLORECTAL_CANCER,WP_EPITHELIAL_TO_MESENCHYMAL_TRANSITION_IN_COLORECTAL_CANCER,23,0.484031672,2.470114595,0.00140647,0.020256813,0.013585457,314,"tags=70%, list=24%, signal=54%",TGFBR1/TP53/CDH1/ZEB1/SNAI2/CDH2/SHC1/MAPK14/SOS1/RAF1/ZEB2/MAPK1/PIK3R1/CTNNB1/GSK3B/PIK3CB
WP_RAS_SIGNALING,WP_RAS_SIGNALING,23,0.442436186,2.257844154,0.00140647,0.020256813,0.013585457,314,"tags=65%, list=24%, signal=50%",GAB1/NF1/PAK2/ARF6/SHC1/IKBKG/SOS1/RAF1/FGFR1/RASA4/MAPK1/EGFR/NRAS/PIK3R1/PIK3CB
CHARAFE_BREAST_CANCER_LUMINAL_VS_MESENCHYMAL_UP,CHARAFE_BREAST_CANCER_LUMINAL_VS_MESENCHYMAL_UP,25,0.467920004,2.457885389,0.001410437,0.020256813,0.013585457,514,"tags=84%, list=40%, signal=52%",SLC35A1/CDH1/GATA3/JTB/FOXA1/SPTLC2/ERBB2/COG7/MYB/FANCF/ERBB3/PAGR1/DDI2/ITPK1/TADA2B/COP1/VPS45/SUCO/GRHL2/CCDC6/PPCS
DURCHDEWALD_SKIN_CARCINOGENESIS_DN,DURCHDEWALD_SKIN_CARCINOGENESIS_DN,25,0.558635094,2.934392682,0.001410437,0.020256813,0.013585457,361,"tags=80%, list=28%, signal=59%",ARNT/MED13/ITGB1/TAOK1/UGCG/RUNX1/ADNP/SMAD7/NFE2L2/CREBBP/ATP2C1/LRP8/TIPARP/MAP4K4/MYH9/GSK3B/PIK3CB/IRS2/TNPO1/SQLE
KEGG_NEUROTROPHIN_SIGNALING_PATHWAY,KEGG_NEUROTROPHIN_SIGNALING_PATHWAY,25,0.425610506,2.235642493,0.001410437,0.020256813,0.013585457,319,"tags=64%, list=25%, signal=49%",GAB1/TP53/KIDINS220/BRAF/CRK/SHC1/MAPK14/CSK/SOS1/RAF1/MAPK1/NRAS/PIK3R1/GSK3B/PIK3CB/IRS2
KEGG_RENAL_CELL_CARCINOMA,KEGG_RENAL_CELL_CARCINOMA,25,0.403650721,2.12029236,0.001410437,0.020256813,0.013585457,314,"tags=60%, list=24%, signal=46%",ARNT/GAB1/FLCN/BRAF/CRK/PAK2/SLC2A1/EGLN1/SOS1/RAF1/MAPK1/CREBBP/NRAS/PIK3R1/PIK3CB
PID_MET_PATHWAY,PID_MET_PATHWAY,25,0.448714523,2.357003034,0.001410437,0.020256813,0.013585457,492,"tags=80%, list=38%, signal=51%",GAB1/CTNNA1/CDH1/BCAR1/CRK/PTPN1/PXN/PAK2/ARF6/SHC1/SOS1/RAF1/MAPK1/PTK2/PIK3R1/CTNNB1/MUC20/PIK3CA/JUN/APC
PID_PDGFRB_PATHWAY,PID_PDGFRB_PATHWAY,25,0.444847455,2.336690141,0.001410437,0.020256813,0.013585457,509,"tags=80%, list=39%, signal=50%",GAB1/BRK1/PTEN/BCAR1/BRAF/CRK/PTPN1/SHC1/CSK/SOS1/RAF1/MAPK1/ITGAV/NRAS/PIK3R1/PIK3CB/PIK3CA/JUN/ARPC3/NCKAP1
REACTOME_SIGNALING_BY_NTRKS,REACTOME_SIGNALING_BY_NTRKS,25,0.465623086,2.445820162,0.001410437,0.020256813,0.013585457,375,"tags=72%, list=29%, signal=52%",GAB1/KIDINS220/ASCL1/BRAF/CRK/DUSP4/SHC1/MAPK14/JUNB/SOS1/MAPK1/NRAS/MEF2C/PIK3R1/PIK3CB/IRS2/FOSL1/FURIN
WP_ERBB_SIGNALING_PATHWAY,WP_ERBB_SIGNALING_PATHWAY,25,0.517284467,2.717186534,0.001410437,0.020256813,0.013585457,314,"tags=72%, list=24%, signal=56%",CDKN1A/GAB1/TP53/BRAF/CRK/PAK2/ERBB2/SHC1/SOS1/RAF1/MAPK1/EGFR/PTK2/ERBB3/NRAS/PIK3R1/GSK3B/PIK3CB
REACTOME_CELL_CELL_COMMUNICATION,REACTOME_CELL_CELL_COMMUNICATION,18,0.520880153,2.415630776,0.001414427,0.020256813,0.013585457,437,"tags=83%, list=34%, signal=56%",KIRREL1/ITGB1/CTNNA1/CDH1/FERMT2/PARD3/PXN/CDH2/PARD6B/PTK2/PIK3R1/CTNNB1/PIK3CB/ACTG1/PIK3CA
WP_LNCRNA_INVOLVEMENT_IN_CANONICAL_WNT_SIGNALING_AND_COLORECTAL_CANCER,WP_LNCRNA_INVOLVEMENT_IN_CANONICAL_WNT_SIGNALING_AND_COLORECTAL_CANCER,18,0.490320942,2.273909557,0.001414427,0.020256813,0.013585457,620,"tags=94%, list=48%, signal=50%",TCF3/CDK8/TCF7L2/CSNK2A1/CCND2/CTNNB1/GSK3B/MAP3K7/FOSL1/JUN/APC/EZH2/TFAP2A/CCND3/CDK6/CHD8/CCND1
BENPORATH_SUZ12_TARGETS,BENPORATH_SUZ12_TARGETS,19,0.583860921,2.743105743,0.00141844,0.020256813,0.013585457,232,"tags=74%, list=18%, signal=61%",ARHGEF7/ISL1/HOXD13/GATA3/ASCL1/FLI1/FOXA1/PARD3/DUSP4/PAX8/SOX9/ZEB2/SOX10/DPY19L2
BROCKE_APOPTOSIS_REVERSED_BY_IL6,BROCKE_APOPTOSIS_REVERSED_BY_IL6,19,0.490593656,2.304915824,0.00141844,0.020256813,0.013585457,485,"tags=84%, list=37%, signal=54%",LDLR/GNA13/SREK1IP1/POU2AF1/IRF4/DPM1/JUNB/SOX2/SOCS3/TGIF1/BCL6/HSPA13/DOHH/CCNC/JUN/ZFP36L2
KOKKINAKIS_METHIONINE_DEPRIVATION_48HR_UP,KOKKINAKIS_METHIONINE_DEPRIVATION_48HR_UP,19,0.463376543,2.177043902,0.00141844,0.020256813,0.013585457,293,"tags=63%, list=23%, signal=50%",CDKN1A/TP53/PTEN/CDH1/FDFT1/ERBB2/SHC1/CCNE1/SMAD7/CREBBP/ERBB3/POLG
MCBRYAN_PUBERTAL_TGFB1_TARGETS_UP,MCBRYAN_PUBERTAL_TGFB1_TARGETS_UP,19,0.703644239,3.305873859,0.00141844,0.020256813,0.013585457,286,"tags=89%, list=22%, signal=71%",CDKN1A/TGFBR1/KRT18/CRK/FOXA1/RUNX1/PICALM/SLC2A1/MAPK14/EGLN1/CSNK2A1/AK2/TGIF1/SOX9/CAP1/ITGAV/MEF2C
PID_CDC42_PATHWAY,PID_CDC42_PATHWAY,19,0.492837804,2.315459323,0.00141844,0.020256813,0.013585457,492,"tags=84%, list=38%, signal=53%",ARHGEF7/CTNNA1/CDH1/BCAR1/BRAF/PAK2/MAPK14/RAF1/MAPK1/PIK3R1/CTNNB1/GSK3B/PIK3CA/JUN/ARPC3/APC
WP_MET_IN_TYPE_1_PAPILLARY_RENAL_CELL_CARCINOMA,WP_MET_IN_TYPE_1_PAPILLARY_RENAL_CELL_CARCINOMA,19,0.46149684,2.168212649,0.00141844,0.020256813,0.013585457,461,"tags=79%, list=36%, signal=52%",CDKN1A/GAB1/BRAF/CRK/PAK2/SOS1/RAF1/MAPK1/PTK2/NRAS/PIK3R1/PIK3CB/ELOA/PIK3CA/JUN
PID_FAK_PATHWAY,PID_FAK_PATHWAY,20,0.607977282,2.904604616,0.001436782,0.020256813,0.013585457,461,"tags=95%, list=36%, signal=62%",ARHGEF7/ITGB1/BCAR1/BRAF/CRK/PXN/TLN1/SH3GL1/SOS1/RAF1/ROCK2/MAPK1/ITGAV/PTK2/PIK3R1/ITGB5/VCL/PIK3CA/JUN
WP_LEPTIN_SIGNALING_PATHWAY,WP_LEPTIN_SIGNALING_PATHWAY,20,0.490895906,2.345249663,0.001436782,0.020256813,0.013585457,310,"tags=70%, list=24%, signal=54%",PTEN/PTPN1/ERBB2/SHC1/MAPK14/IKBKG/SOCS3/SOS1/RAF1/ROCK2/MAPK1/PTK2/PIK3R1/GSK3B
WP_RAC1PAK1P38MMP2_PATHWAY,WP_RAC1PAK1P38MMP2_PATHWAY,20,0.549016781,2.622921485,0.001436782,0.020256813,0.013585457,307,"tags=75%, list=24%, signal=58%",TP53/ITGB1/CRK/PXN/ERBB2/YAP1/MAPK14/IKBKG/SOS1/MAPK1/EGFR/PTK2/NRAS/PIK3R1/CTNNB1
COULOUARN_TEMPORAL_TGFB1_SIGNATURE_UP,COULOUARN_TEMPORAL_TGFB1_SIGNATURE_UP,17,0.675612698,3.029915346,0.001440922,0.020256813,0.013585457,361,"tags=94%, list=28%, signal=69%",TGFBR1/PDCD10/ASNS/DUSP4/HMBS/PICALM/SMAD7/TGIF1/VCPIP1/SOX9/NFE2L2/ARHGAP29/TMX2/FCHO2/SLC20A1/SQLE
REACTOME_PI3K_AKT_SIGNALING_IN_CANCER,REACTOME_PI3K_AKT_SIGNALING_IN_CANCER,17,0.547808649,2.456753462,0.001440922,0.020256813,0.013585457,319,"tags=76%, list=25%, signal=58%",CDKN1A/GAB1/PTEN/TSC2/ERBB2/FGFR1/EGFR/ERBB3/RICTOR/PIK3R1/GSK3B/PIK3CB/IRS2
REACTOME_SIGNALING_BY_PTK6,REACTOME_SIGNALING_BY_PTK6,17,0.482407597,2.16344984,0.001440922,0.020256813,0.013585457,282,"tags=65%, list=22%, signal=51%",BCAR1/CRK/ELMO2/PTPN1/PXN/ERBB2/CCNE1/SOCS3/EGFR/ERBB3/NRAS
SIG_PIP3_SIGNALING_IN_CARDIAC_MYOCTES,SIG_PIP3_SIGNALING_IN_CARDIAC_MYOCTES,17,0.506972049,2.273613859,0.001440922,0.020256813,0.013585457,319,"tags=71%, list=25%, signal=54%",GAB1/TSC1/PTEN/TSC2/PTPN1/PARD3/PAK2/SHC1/SOS1/PTK2/GSK3B/IRS2
WP_ADIPOGENESIS,WP_ADIPOGENESIS,17,0.486103996,2.180027052,0.001440922,0.020256813,0.013585457,475,"tags=82%, list=37%, signal=53%",CDKN1A/GATA3/SREBF1/SOCS3/WWTR1/AHR/E2F1/MEF2C/CTNNB1/IRS2/KLF5/SP1/MBNL1/LMNA
WP_ESC_PLURIPOTENCY_PATHWAYS,WP_ESC_PLURIPOTENCY_PATHWAYS,17,0.502891086,2.25531199,0.001440922,0.020256813,0.013585457,310,"tags=71%, list=24%, signal=54%",GAB1/PTEN/BRAF/SOS1/SMAD7/RAF1/FGFR1/MAPK1/EGFR/BMPR1A/CTNNB1/GSK3B
WP_THYROID_HORMONES_PRODUCTION_AND_THEIR_PERIPHERAL_DOWNSTREAM_SIGNALLING_EFFECTS,WP_THYROID_HORMONES_PRODUCTION_AND_THEIR_PERIPHERAL_DOWNSTREAM_SIGNALLING_EFFECTS,17,0.497769094,2.232341431,0.001440922,0.020256813,0.013585457,310,"tags=71%, list=24%, signal=54%",TP53/TSC1/TSC2/PAX8/MAPK14/SOS1/RAF1/FGFR1/MAPK1/ITGAV/CTNNB1/GSK3B
KEGG_LEUKOCYTE_TRANSENDOTHELIAL_MIGRATION,KEGG_LEUKOCYTE_TRANSENDOTHELIAL_MIGRATION,16,0.504746461,2.21971557,0.001453488,0.020256813,0.013585457,437,"tags=81%, list=34%, signal=55%",ITGB1/CTNNA1/BCAR1/PXN/MAPK14/ROCK2/PTK2/PIK3R1/CTNNB1/PIK3CB/VCL/ACTG1/PIK3CA
SCHAEFFER_PROSTATE_DEVELOPMENT_48HR_DN,SCHAEFFER_PROSTATE_DEVELOPMENT_48HR_DN,16,0.514032405,2.260552221,0.001453488,0.020256813,0.013585457,269,"tags=69%, list=21%, signal=55%",ATP2B1/PTEN/ZEB1/ASNS/KDM5C/RUNX1/SREBF1/MYCN/MYB/AHR/LARP1
WP_ASSOCIATION_BETWEEN_PHYSICOCHEMICAL_FEATURES_AND_TOXICITY_ASSOCIATED_PATHWAYS,WP_ASSOCIATION_BETWEEN_PHYSICOCHEMICAL_FEATURES_AND_TOXICITY_ASSOCIATED_PATHWAYS,16,0.492204678,2.164560766,0.001453488,0.020256813,0.013585457,310,"tags=69%, list=24%, signal=53%",CDKN1A/ERBB2/SHC1/SOS1/RAF1/ROCK2/MAPK1/EGFR/PTK2/CTNNB1/GSK3B
WP_BLADDER_CANCER,WP_BLADDER_CANCER,16,0.506403133,2.22700109,0.001453488,0.020256813,0.013585457,299,"tags=69%, list=23%, signal=54%",CDKN1A/TP53/CDH1/BRAF/ERBB2/RAF1/MAPK1/EGFR/E2F1/NRAS/PIK3R1
WP_NEURAL_CREST_DIFFERENTIATION,WP_NEURAL_CREST_DIFFERENTIATION,16,0.552311674,2.42889236,0.001453488,0.020256813,0.013585457,310,"tags=75%, list=24%, signal=58%",ISL1/ITGB1/CDH1/SNAI2/ASCL1/CDH2/SOX9/FGFR1/MYB/SOX10/CTNNB1/GSK3B
WP_ONCOSTATIN_M_SIGNALING_PATHWAY,WP_ONCOSTATIN_M_SIGNALING_PATHWAY,16,0.550890085,2.42264066,0.001453488,0.020256813,0.013585457,299,"tags=75%, list=23%, signal=58%",TP53/LDLR/PXN/SHC1/MAPK14/JUNB/SOCS3/SOS1/RAF1/MAPK1/RICTOR/PIK3R1
REACTOME_INTERLEUKIN_4_AND_INTERLEUKIN_13_SIGNALING,REACTOME_INTERLEUKIN_4_AND_INTERLEUKIN_13_SIGNALING,15,0.560936808,2.40016641,0.001468429,0.020256813,0.013585457,197,"tags=67%, list=15%, signal=57%",CDKN1A/TP53/ITGB1/ZEB1/GATA3/IRF4/JUNB/SOX2/SOCS3/BCL6
SHEDDEN_LUNG_CANCER_GOOD_SURVIVAL_A12,SHEDDEN_LUNG_CANCER_GOOD_SURVIVAL_A12,15,0.509456191,2.179888396,0.001468429,0.020256813,0.013585457,246,"tags=67%, list=19%, signal=55%",TP63/NF1/POU2AF1/IRF4/MANF/CSNK2A1/VCPIP1/SOX10/HSPA13/CCND2
SCHUETZ_BREAST_CANCER_DUCTAL_INVASIVE_UP,SCHUETZ_BREAST_CANCER_DUCTAL_INVASIVE_UP,13,0.715773542,2.879927724,0.001517451,0.020256813,0.013585457,286,"tags=92%, list=22%, signal=73%",PTEN/ZEB1/SNAI2/GLS/FLI1/FERMT2/WWTR1/SMAD7/ZEB2/CCND2/MAP4K4/MEF2C
LIU_PROSTATE_CANCER_DN,LIU_PROSTATE_CANCER_DN,11,0.635999247,2.391114286,0.00152439,0.020256813,0.013585457,391,"tags=91%, list=30%, signal=64%",KIRREL1/TP63/HOXD13/GATA3/SNAI2/FERMT2/FGFR1/CCND2/PIK3R1/VCL
PID_PTP1B_PATHWAY,PID_PTP1B_PATHWAY,11,0.619204495,2.327972431,0.00152439,0.020256813,0.013585457,299,"tags=82%, list=23%, signal=64%",BCAR1/CRK/PTPN1/CDH2/SHC1/CSK/SOCS3/EGFR/PIK3R1
PID_TCPTP_PATHWAY,PID_TCPTP_PATHWAY,11,0.634809635,2.386641798,0.00152439,0.020256813,0.013585457,481,"tags=100%, list=37%, signal=63%",GAB1/ITGB1/PTPN1/SHC1/SOS1/CREBBP/EGFR/PIK3R1/PIK3CB/PIK3CA/KPNA2
WP_MECHANOREGULATION_AND_PATHOLOGY_OF_YAPTAZ_VIA_HIPPO_AND_NONHIPPO_MECHANISMS,WP_MECHANOREGULATION_AND_PATHOLOGY_OF_YAPTAZ_VIA_HIPPO_AND_NONHIPPO_MECHANISMS,11,0.626272316,2.354544741,0.00152439,0.020256813,0.013585457,393,"tags=91%, list=30%, signal=64%",NF2/ITGB1/CTNNA1/CDH1/TEAD1/PAK2/MAP4K4/CTNNB1/ITGB5/ACTG1
WP_NANOPARTICLEMEDIATED_ACTIVATION_OF_RECEPTOR_SIGNALING,WP_NANOPARTICLEMEDIATED_ACTIVATION_OF_RECEPTOR_SIGNALING,11,0.70762489,2.660399349,0.00152439,0.020256813,0.013585457,282,"tags=91%, list=22%, signal=72%",ITGB1/PXN/TLN1/MAPK14/SOS1/RAF1/MAPK1/EGFR/PTK2/NRAS
WP_PATHWAYS_REGULATING_HIPPO_SIGNALING,WP_PATHWAYS_REGULATING_HIPPO_SIGNALING,11,0.611537886,2.299148909,0.00152439,0.020256813,0.013585457,307,"tags=82%, list=24%, signal=63%",NF2/CDH1/TEAD1/CDH2/TCF7L2/FGFR1/EGFR/PRKAR1A/CTNNB1
WP_PRIMARY_FOCAL_SEGMENTAL_GLOMERULOSCLEROSIS_FSGS,WP_PRIMARY_FOCAL_SEGMENTAL_GLOMERULOSCLEROSIS_FSGS,11,0.619985588,2.330909043,0.00152439,0.020256813,0.013585457,391,"tags=91%, list=30%, signal=64%",CDKN1A/ITGA3/ITGB1/TLN1/CDH2/ITGAV/PTK2/MYH9/CTNNB1/VCL
MCBRYAN_PUBERTAL_BREAST_3_4WK_UP,MCBRYAN_PUBERTAL_BREAST_3_4WK_UP,12,0.610213234,2.38522786,0.001526718,0.020256813,0.013585457,214,"tags=75%, list=16%, signal=63%",GAB1/CDH1/GATA3/KRT18/FOXA1/RUNX1/TGIF1/SOX9/MYB
PID_LYSOPHOSPHOLIPID_PATHWAY,PID_LYSOPHOSPHOLIPID_PATHWAY,12,0.607615622,2.375074201,0.001526718,0.020256813,0.013585457,314,"tags=83%, list=24%, signal=64%",GAB1/GNA13/BCAR1/CRK/PXN/EGFR/PTK2/PIK3R1/GSK3B/PIK3CB
REACTOME_NEGATIVE_REGULATION_OF_THE_PI3K_AKT_NETWORK,REACTOME_NEGATIVE_REGULATION_OF_THE_PI3K_AKT_NETWORK,12,0.603558561,2.359215786,0.001526718,0.020256813,0.013585457,319,"tags=83%, list=25%, signal=63%",GAB1/PTEN/ERBB2/FGFR1/MAPK1/EGFR/ERBB3/PIK3R1/PIK3CB/IRS2
PID_BCR_5PATHWAY,PID_BCR_5PATHWAY,14,0.584475988,2.411965263,0.001529052,0.020256813,0.013585457,461,"tags=93%, list=36%, signal=61%",PTEN/SHC1/MAPK14/CSK/CSNK2A1/IKBKG/SOS1/RAF1/MAPK1/PIK3R1/MAP3K7/PIK3CA/JUN
PID_ERBB1_RECEPTOR_PROXIMAL_PATHWAY,PID_ERBB1_RECEPTOR_PROXIMAL_PATHWAY,14,0.565036952,2.331745918,0.001529052,0.020256813,0.013585457,314,"tags=79%, list=24%, signal=60%",GAB1/PTPN1/TLN1/SHC1/SOS1/MAPK1/EGFR/PTK2/NRAS/PIK3R1/PIK3CB
SIG_INSULIN_RECEPTOR_PATHWAY_IN_CARDIAC_MYOCYTES,SIG_INSULIN_RECEPTOR_PATHWAY_IN_CARDIAC_MYOCYTES,14,0.564140606,2.328046956,0.001529052,0.020256813,0.013585457,319,"tags=79%, list=25%, signal=60%",PTEN/PTPN1/PARD3/SHC1/SOS1/RAF1/CAP1/MAPK1/PIK3R1/GSK3B/IRS2
BERTUCCI_MEDULLARY_VS_DUCTAL_BREAST_CANCER_DN,BERTUCCI_MEDULLARY_VS_DUCTAL_BREAST_CANCER_DN,10,0.594440952,2.121237721,0.001572327,0.020256813,0.013585457,308,"tags=80%, list=24%, signal=61%",KIDINS220/SNAI2/FERMT2/RUNX1/PICALM/MMGT1/MYH9/ITGB5
BIOCARTA_PTEN_PATHWAY,BIOCARTA_PTEN_PATHWAY,10,0.585662504,2.089912197,0.001572327,0.020256813,0.013585457,299,"tags=80%, list=23%, signal=62%",PTEN/ITGB1/BCAR1/SHC1/SOS1/MAPK1/EGFR/PIK3R1
HUANG_GATA2_TARGETS_UP,HUANG_GATA2_TARGETS_UP,10,0.589112699,2.102224075,0.001572327,0.020256813,0.013585457,184,"tags=70%, list=14%, signal=61%",CDKN1A/TGFBR1/GAB1/TAPT1/ATP6V0E1/FIS1/TGIF1
PID_NECTIN_PATHWAY,PID_NECTIN_PATHWAY,10,0.588490497,2.100003771,0.001572327,0.020256813,0.013585457,307,"tags=80%, list=24%, signal=62%",CTNNA1/CDH1/CRK/TLN1/ITGAV/PTK2/PIK3R1/CTNNB1
REACTOME_SIGNALING_BY_ERBB2_IN_CANCER,REACTOME_SIGNALING_BY_ERBB2_IN_CANCER,10,0.587555308,2.096666587,0.001572327,0.020256813,0.013585457,299,"tags=80%, list=23%, signal=62%",GAB1/ERBB2/SHC1/SOS1/EGFR/ERBB3/NRAS/PIK3R1
REACTOME_SIGNALLING_TO_ERKS,REACTOME_SIGNALLING_TO_ERKS,10,0.605088019,2.159231335,0.001572327,0.020256813,0.013585457,282,"tags=80%, list=22%, signal=63%",KIDINS220/BRAF/CRK/SHC1/MAPK14/SOS1/MAPK1/NRAS
WP_BDNFTRKB_SIGNALING,WP_BDNFTRKB_SIGNALING,10,0.610349525,2.178006799,0.001572327,0.020256813,0.013585457,282,"tags=80%, list=22%, signal=63%",GAB1/TSC1/TSC2/BRAF/SHC1/SOS1/MAPK1/NRAS
BLALOCK_ALZHEIMERS_DISEASE_UP,BLALOCK_ALZHEIMERS_DISEASE_UP,187,0.204472969,2.153391857,0.002107482,0.026926996,0.018058889,694,"tags=67%, list=53%, signal=36%",TP53/LDLR/MED13/CTNNA1/ATP6V0E1/SNAI2/ASCL1/UGCG/LARP7/TCF3/DLG5/PARD3/G6PD/SUPT20H/PXN/HMBS/LMNB1/SPTLC2/MTF1/HTRA2/PAK2/RCC1L/FDFT1/KDSR/KMT2A/SLC2A1/SHC1/PSMF1/TCF7L2/SLC35A2/CSK/PCM1/SOX2/ARIH2/SREBF1/MYCN/AK2/MED24/WWTR1/TGIF1/ZNF236/SLC25A1/SOX9/BCL6/FGFR1/RASA4/WRN/MAPK1/CARM1/CREBBP/CD2BP2/PI4KB/EGFR/BMPR1A/TIPARP/EDF1/CCDC22/DPH1/CBFB/PPP6R3/STK11/SLC33A1/ITGB5/GSK3B/IRS2/TNPO1/KLF5/CASC3/RANBP3/ITPK1/CDC25B/MGAT1/JMJD6/USP1/SMARCD1/RRAGC/NDE1/CHD1/SLC7A5/FLII/LUC7L2/BRD2/MRM3/PPM1D/COQ7/JUN/ZFP36L1/LMNA/ZFP36L2/PDSS1/KHSRP/DAZAP1/TFAP2A/PDSS2/KIF2C/BRPF1/GTSE1/CCND3/ARID1A/HDAC1/MRPL57/KDM2A/NAMPT/CXXC1/CDK13/DHODH/CSDE1/BIRC2/FZR1/FBXO11/SLC4A7/PBRM1/CRKL/CFLAR/POLR2M/PTPA/FDPS/DICER1/TCOF1/SINHCAF/PTBP1/RBM15/PUM1/SETD2/POLRMT
REACTOME_HEMOSTASIS,REACTOME_HEMOSTASIS,64,0.286239409,2.231207751,0.002352941,0.027396775,0.018373952,406,"tags=55%, list=31%, signal=40%",IRF2/ATP2B1/ITGA3/TP53/GNA13/ITGB1/GATA3/BCAR1/CRK/PTPN1/DOCK5/TLN1/MANF/SLC16A1/SHC1/MAPK14/CSK/SOS1/RAF1/MYB/CAP1/MAPK1/ITGAV/PTK2/LRP8/TUBB3/NRAS/PRKAR1A/PIK3R1/PIK3CB/ITPK1/RBSN/VCL/SLC7A5/VPS45
REACTOME_INTRACELLULAR_SIGNALING_BY_SECOND_MESSENGERS,REACTOME_INTRACELLULAR_SIGNALING_BY_SECOND_MESSENGERS,48,0.301207018,2.088796006,0.002487562,0.027396775,0.018373952,616,"tags=71%, list=47%, signal=39%",CDKN1A/GAB1/TP53/RNF146/PTEN/TSC2/SNAI2/ERBB2/PSMF1/CSNK2A1/FGFR1/MAPK1/EGFR/ERBB3/RICTOR/PRKAR1A/PIK3R1/GSK3B/PIK3CB/IRS2/RRAGC/GRK2/PIK3CA/JUN/RRAGA/KPNA2/EZH2/RBBP7/HDAC1/RCOR1/MLST8/AHCYL1/EED/LAMTOR3
REACTOME_MAPK_FAMILY_SIGNALING_CASCADES,REACTOME_MAPK_FAMILY_SIGNALING_CASCADES,45,0.309962897,2.093857726,0.002512563,0.027396775,0.018373952,468,"tags=60%, list=36%, signal=40%",GOLGA7/NF1/BRAF/DUSP4/TLN1/PAK2/ERBB2/SHC1/PSMF1/CSK/SOS1/RAF1/FGFR1/RASA4/MAPK1/EGFR/PTK2/ERBB3/NRAS/PIK3R1/PIK3CB/IRS2/VCL/ACTG1/PIK3CA/JUN/WDR83
ZWANG_CLASS_1_TRANSIENTLY_INDUCED_BY_EGF,ZWANG_CLASS_1_TRANSIENTLY_INDUCED_BY_EGF,42,0.311729534,2.052136703,0.002525253,0.027396775,0.018373952,500,"tags=64%, list=39%, signal=41%",LDLR/ITGB1/IRF2BP2/SNAI2/BCAR1/PTPN1/DUSP4/DOCK5/RNH1/CAB39/PARD6B/KCTD10/SOX9/WRN/AHR/IRS2/STK40/FOSL1/EXT1/CHD1/VCL/MNT/SLC38A2/TAF5L/JUN/ZFP36L2/ZNF217
REN_ALVEOLAR_RHABDOMYOSARCOMA_DN,REN_ALVEOLAR_RHABDOMYOSARCOMA_DN,31,0.347516246,2.021237678,0.002663116,0.027396775,0.018373952,474,"tags=68%, list=37%, signal=44%",PTEN/ATP6V0E1/TLN1/SLC35A2/SMAD7/TMEM165/UBE2A/SLC25A1/CAP1/HSPA13/ITGAV/EGFR/UAP1/MYH9/SLC33A1/EXT1/RRAGC/MBNL1/GRSF1/ARPC3/ARF1
MCCABE_BOUND_BY_HOXC6,MCCABE_BOUND_BY_HOXC6,29,0.373386179,2.112585736,0.002724796,0.027396775,0.018373952,366,"tags=62%, list=28%, signal=46%",FLCN/FERMT2/RUNX1/FBXO7/SPTLC2/AMBRA1/PAK2/PARD6B/IKBKG/ALDH18A1/KCTD10/CD2BP2/OTUD5/KLF5/VPS4B/COP1/SQLE/JMJD6
REACTOME_SUMOYLATION_OF_DNA_REPLICATION_PROTEINS,REACTOME_SUMOYLATION_OF_DNA_REPLICATION_PROTEINS,10,-0.514085838,-2.071609877,0.00273224,0.027396775,0.018373952,483,"tags=90%, list=37%, signal=57%",NUP35/POM121C/NUP58/NUP62/NDC1/AURKA/CDCA8/AURKB
REACTOME_TRANSPORT_OF_MATURE_MRNAS_DERIVED_FROM_INTRONLESS_TRANSCRIPTS,REACTOME_TRANSPORT_OF_MATURE_MRNAS_DERIVED_FROM_INTRONLESS_TRANSCRIPTS,10,-0.518255114,-2.088410796,0.00273224,0.027396775,0.018373952,483,"tags=90%, list=37%, signal=57%",NUP35/POM121C/NUP58/NUP62/NDC1/NXF1/CPSF1/CPSF4
WP_FRAGILE_X_SYNDROME,WP_FRAGILE_X_SYNDROME,22,0.43372574,2.191988504,0.002758621,0.027396775,0.018373952,314,"tags=64%, list=24%, signal=49%",GAB1/TSC1/PTEN/TSC2/NF1/BRAF/SLC16A1/SHC1/SH3GL1/SOS1/RAF1/MAPK1/PRKAR1A/PIK3CB
DOUGLAS_BMI1_TARGETS_DN,DOUGLAS_BMI1_TARGETS_DN,24,0.400153066,2.07408799,0.00280112,0.027396775,0.018373952,605,"tags=83%, list=47%, signal=45%",ISL1/UROS/FOXRED1/VPS36/COG5/SLC33A1/PIK3CB/DDI2/DCP2/RRAGC/IREB2/GOLT1B/NGLY1/MED16/PPCS/ELAVL1/ACSL4/STX4/BIRC2/UBE4B
PID_VEGFR1_2_PATHWAY,PID_VEGFR1_2_PATHWAY,20,0.461460038,2.204620134,0.002873563,0.027396775,0.018373952,474,"tags=80%, list=37%, signal=52%",GAB1/CTNNA1/BRAF/PXN/PAK2/MAPK14/RAF1/MAPK1/ITGAV/PTK2/PIK3R1/CTNNB1/HSP90AB1/VCL/PIK3CA/ARF1
REACTOME_BASE_EXCISION_REPAIR_AP_SITE_FORMATION,REACTOME_BASE_EXCISION_REPAIR_AP_SITE_FORMATION,12,-0.507496809,-2.210200513,0.002873563,0.027396775,0.018373952,521,"tags=92%, list=40%, signal=55%",H2AZ1/H2BC21/TERF2/H2BC15/H2BC9/H2BC13/H2AC20/H2BC6/H2BC11/H2BC4
REACTOME_ERCC6_CSB_AND_EHMT2_G9A_POSITIVELY_REGULATE_RRNA_EXPRESSION,REACTOME_ERCC6_CSB_AND_EHMT2_G9A_POSITIVELY_REGULATE_RRNA_EXPRESSION,14,-0.443711601,-2.119088571,0.002873563,0.027396775,0.018373952,409,"tags=79%, list=32%, signal=54%",H2BC21/H2BC15/H2BC9/H2BC13/H2AC20/H2BC6/CHD4/H2BC11/H3-3A/H2BC4
REACTOME_FORMATION_OF_TC_NER_PRE_INCISION_COMPLEX,REACTOME_FORMATION_OF_TC_NER_PRE_INCISION_COMPLEX,12,-0.597936056,-2.604072682,0.002873563,0.027396775,0.018373952,396,"tags=92%, list=31%, signal=64%",USP7/GPS1/ZNF830/POLR2K/COPS8/COPS5/POLR2G/RPS27A/CDK7/POLR2H
REACTOME_RECOGNITION_AND_ASSOCIATION_OF_DNA_GLYCOSYLASE_WITH_SITE_CONTAINING_AN_AFFECTED_PURINE,REACTOME_RECOGNITION_AND_ASSOCIATION_OF_DNA_GLYCOSYLASE_WITH_SITE_CONTAINING_AN_AFFECTED_PURINE,12,-0.507496809,-2.210200513,0.002873563,0.027396775,0.018373952,521,"tags=92%, list=40%, signal=55%",H2AZ1/H2BC21/TERF2/H2BC15/H2BC9/H2BC13/H2AC20/H2BC6/H2BC11/H2BC4
REACTOME_RRNA_MODIFICATION_IN_THE_NUCLEUS_AND_CYTOSOL,REACTOME_RRNA_MODIFICATION_IN_THE_NUCLEUS_AND_CYTOSOL,12,-0.544923963,-2.373199596,0.002873563,0.027396775,0.018373952,453,"tags=92%, list=35%, signal=60%",UTP11/TBL3/DHX37/IMP3/BUD23/UTP4/TRMT112/RPS14/RPS7/SNU13
HOLLEMAN_ASPARAGINASE_RESISTANCE_B_ALL_UP,HOLLEMAN_ASPARAGINASE_RESISTANCE_B_ALL_UP,11,-0.59590301,-2.489997787,0.002881844,0.027396775,0.018373952,346,"tags=91%, list=27%, signal=67%",EEF1G/H3-3A/RPS5/RPL13A/RACK1/RPL7A/RPS3/RPL6/RPL5
REACTOME_ACTIVATED_PKN1_STIMULATES_TRANSCRIPTION_OF_AR_ANDROGEN_RECEPTOR_REGULATED_GENES_KLK2_AND_KLK3,REACTOME_ACTIVATED_PKN1_STIMULATES_TRANSCRIPTION_OF_AR_ANDROGEN_RECEPTOR_REGULATED_GENES_KLK2_AND_KLK3,11,-0.604506605,-2.525948154,0.002881844,0.027396775,0.018373952,521,"tags=100%, list=40%, signal=60%",H2AZ1/H2BC21/H2BC15/H2BC9/H2BC13/H2AC20/H2BC6/H2BC11/H3-3A/H2BC4
REACTOME_DNA_METHYLATION,REACTOME_DNA_METHYLATION,11,-0.604506605,-2.525948154,0.002881844,0.027396775,0.018373952,521,"tags=100%, list=40%, signal=60%",H2AZ1/H2BC21/H2BC15/H2BC9/H2BC13/H2AC20/H2BC6/H2BC11/H3-3A/H2BC4
REACTOME_ORC1_REMOVAL_FROM_CHROMATIN,REACTOME_ORC1_REMOVAL_FROM_CHROMATIN,11,-0.524082046,-2.189891833,0.002881844,0.027396775,0.018373952,302,"tags=82%, list=23%, signal=63%",SEM1/MCM4/PSMC2/PSMA4/SKP1/RPS27A/PSMB3/PSMA6
REACTOME_SIRT1_NEGATIVELY_REGULATES_RRNA_EXPRESSION,REACTOME_SIRT1_NEGATIVELY_REGULATES_RRNA_EXPRESSION,11,-0.604506605,-2.525948154,0.002881844,0.027396775,0.018373952,521,"tags=100%, list=40%, signal=60%",H2AZ1/H2BC21/H2BC15/H2BC9/H2BC13/H2AC20/H2BC6/H2BC11/H3-3A/H2BC4
REACTOME_VIRAL_MESSENGER_RNA_SYNTHESIS,REACTOME_VIRAL_MESSENGER_RNA_SYNTHESIS,11,-0.525654293,-2.196461511,0.002881844,0.027396775,0.018373952,483,"tags=91%, list=37%, signal=58%",NUP35/POM121C/NUP58/NUP62/NDC1/GTF2F2/POLR2K/POLR2G/POLR2H
SCHAEFFER_PROSTATE_DEVELOPMENT_48HR_UP,SCHAEFFER_PROSTATE_DEVELOPMENT_48HR_UP,17,0.462357823,2.073532763,0.002881844,0.027396775,0.018373952,579,"tags=88%, list=45%, signal=50%",CDH1/GATA3/FOXA1/MANF/SOX9/XPR1/SPTSSA/TIPARP/HSD17B12/CHP1/EMC4/RBBP7/NAMPT/ACSL4/FDX1
WP_TRANSLATION_FACTORS,WP_TRANSLATION_FACTORS,11,-0.681429681,-2.847373433,0.002881844,0.027396775,0.018373952,422,"tags=100%, list=33%, signal=68%",EIF5A/EEF1B2/EIF4B/EEF1G/EIF3G/PABPC1/EIF3F/EIF3E/EIF2S2/EIF1AX
BILANGES_RAPAMYCIN_SENSITIVE_VIA_TSC1_AND_TSC2,BILANGES_RAPAMYCIN_SENSITIVE_VIA_TSC1_AND_TSC2,13,-0.487664576,-2.226096624,0.002906977,0.027396775,0.018373952,551,"tags=92%, list=42%, signal=54%",TOMM20/IMPDH2/VDAC1/ATP5F1A/PAICS/BTF3/HNRNPA1/EIF3E/RPL36A/RPS28/RPL36
KEGG_BLADDER_CANCER,KEGG_BLADDER_CANCER,16,0.456675372,2.0083141,0.002906977,0.027396775,0.018373952,282,"tags=62%, list=22%, signal=50%",CDKN1A/TP53/CDH1/BRAF/ERBB2/RAF1/MAPK1/EGFR/E2F1/NRAS
WP_TCELL_ANTIGEN_RECEPTOR_TCR_SIGNALING_PATHWAY,WP_TCELL_ANTIGEN_RECEPTOR_TCR_SIGNALING_PATHWAY,16,0.460917613,2.026970137,0.002906977,0.027396775,0.018373952,331,"tags=69%, list=26%, signal=52%",GATA3/CRK/IRF4/SHC1/MAPK14/IKBKG/SOS1/RAF1/MAPK1/PIK3R1/MAP3K7
WP_ARYL_HYDROCARBON_RECEPTOR_NETPATH,WP_ARYL_HYDROCARBON_RECEPTOR_NETPATH,15,0.495739499,2.121196677,0.002936858,0.027396775,0.018373952,282,"tags=67%, list=22%, signal=53%",ARNT/CDKN1A/NF1/RAF1/NFE2L2/MAPK1/EGFR/AHR/E2F1/NRAS
PID_RET_PATHWAY,PID_RET_PATHWAY,13,0.580845901,2.337043932,0.003034901,0.027396775,0.018373952,461,"tags=92%, list=36%, signal=60%",GAB1/BCAR1/CRK/PXN/SHC1/SOS1/MAPK1/PTK2/PIK3R1/IRS2/PIK3CA/JUN
SMID_BREAST_CANCER_LUMINAL_B_DN,SMID_BREAST_CANCER_LUMINAL_B_DN,13,0.569530266,2.29151527,0.003034901,0.027396775,0.018373952,326,"tags=77%, list=25%, signal=58%",FERMT1/POU2AF1/FERMT2/SLC16A1/TCF7L2/MYCN/WWTR1/SOX10/EGFR/KLF5
BIOCARTA_HER2_PATHWAY,BIOCARTA_HER2_PATHWAY,11,0.603477034,2.268843187,0.00304878,0.027396775,0.018373952,299,"tags=82%, list=23%, signal=64%",ERBB2/SHC1/SOS1/RAF1/MAPK1/CARM1/EGFR/ERBB3/PIK3R1
BENPORATH_PRC2_TARGETS,BENPORATH_PRC2_TARGETS,12,0.595292348,2.326904458,0.003053435,0.027396775,0.018373952,232,"tags=75%, list=18%, signal=62%",ISL1/HOXD13/GATA3/ASCL1/FLI1/DUSP4/PAX8/ZEB2/DPY19L2
REACTOME_CELL_JUNCTION_ORGANIZATION,REACTOME_CELL_JUNCTION_ORGANIZATION,12,0.592481345,2.315916686,0.003053435,0.027396775,0.018373952,134,"tags=67%, list=10%, signal=60%",ITGB1/CTNNA1/CDH1/FERMT2/PARD3/PXN/CDH2/PARD6B
WP_APOPTOSISRELATED_NETWORK_DUE_TO_ALTERED_NOTCH3_IN_OVARIAN_CANCER,WP_APOPTOSISRELATED_NETWORK_DUE_TO_ALTERED_NOTCH3_IN_OVARIAN_CANCER,12,0.589069823,2.302581583,0.003053435,0.027396775,0.018373952,271,"tags=75%, list=21%, signal=60%",CDKN1A/CTNNA1/PAK2/SOCS3/SMAD7/MAPK1/PTK2/RNF7/ERBB3
WP_IL6_SIGNALING_PATHWAY,WP_IL6_SIGNALING_PATHWAY,12,0.59534971,2.327128677,0.003053435,0.027396775,0.018373952,331,"tags=83%, list=26%, signal=63%",GAB1/SHC1/JUNB/SOCS3/SOS1/MAPK1/CREBBP/PIK3R1/GSK3B/MAP3K7
WU_CELL_MIGRATION,WU_CELL_MIGRATION,12,0.591693589,2.312837471,0.003053435,0.027396775,0.018373952,341,"tags=83%, list=26%, signal=62%",CDH1/GATA3/KRT18/SNAI2/UGCG/WWTR1/SOX9/ARHGAP29/KLF5/FOSL1
LIM_MAMMARY_STEM_CELL_UP,LIM_MAMMARY_STEM_CELL_UP,14,0.543615934,2.243347505,0.003058104,0.027396775,0.018373952,451,"tags=86%, list=35%, signal=57%",CDKN1A/ITGB1/TP63/SNAI2/BCAR1/FERMT2/PXN/EGFR/CCND2/MEF2C/EXT1/MBNL1
BILANGES_SERUM_RESPONSE_TRANSLATION,BILANGES_SERUM_RESPONSE_TRANSLATION,15,-0.490877084,-2.396044088,0.003115265,0.027396775,0.018373952,422,"tags=87%, list=33%, signal=59%",EEF1B2/RPL10/EEF1G/EIF3F/RPS5/RACK1/RPL14/RPS7/RPS3/RPL6/RPS19/RPL21
KEGG_SYSTEMIC_LUPUS_ERYTHEMATOSUS,KEGG_SYSTEMIC_LUPUS_ERYTHEMATOSUS,15,-0.60639127,-2.959886023,0.003115265,0.027396775,0.018373952,521,"tags=100%, list=40%, signal=61%",SSB/H2AZ1/H2AC15/H2BC21/H2BC15/H2BC9/H2BC13/H2AC20/H2AC17/H2BC6/H2BC11/H3-3A/H2BC4/SNRPD1
REACTOME_AMYLOID_FIBER_FORMATION,REACTOME_AMYLOID_FIBER_FORMATION,15,-0.436756832,-2.131875088,0.003115265,0.027396775,0.018373952,521,"tags=87%, list=40%, signal=52%",USP9X/H2AZ1/H2BC21/H2BC15/H2BC9/H2BC13/H2AC20/H2BC6/H2BC11/H3-3A/H2BC4/RPS27A
REACTOME_CONDENSATION_OF_PROPHASE_CHROMOSOMES,REACTOME_CONDENSATION_OF_PROPHASE_CHROMOSOMES,15,-0.61696556,-3.011500706,0.003115265,0.027396775,0.018373952,409,"tags=93%, list=32%, signal=65%",CCNB1/H2BC21/H2BC15/H2BC9/H2BC13/H2AC20/NCAPH2/NCAPG2/NCAPD3/H2BC6/H2BC11/H3-3A/H2BC4
REACTOME_MEIOTIC_RECOMBINATION,REACTOME_MEIOTIC_RECOMBINATION,15,-0.535515275,-2.613929744,0.003115265,0.027396775,0.018373952,409,"tags=87%, list=32%, signal=60%",CDK4/H2BC21/CDK2/H2BC15/H2BC9/H2BC13/H2AC20/H2BC6/H2BC11/H3-3A/H2BC4/RPA3
REACTOME_SNRNP_ASSEMBLY,REACTOME_SNRNP_ASSEMBLY,15,-0.556214228,-2.714964412,0.003115265,0.027396775,0.018373952,483,"tags=93%, list=37%, signal=59%",GEMIN4/NUP35/POM121C/NUP58/TGS1/NUP62/GEMIN7/GEMIN6/NDC1/SNUPN/PHAX/SNRPG/SNRPD1
REACTOME_TRANSCRIPTION_OF_THE_HIV_GENOME,REACTOME_TRANSCRIPTION_OF_THE_HIV_GENOME,15,-0.433384279,-2.115413153,0.003115265,0.027396775,0.018373952,529,"tags=87%, list=41%, signal=52%",NELFCD/GTF2H4/TAF2/TAF10/GTF2F2/POLR2K/ELOB/ELOC/GTF2E2/POLR2G/CDK7/POLR2H
REACTOME_CONSTITUTIVE_SIGNALING_BY_ABERRANT_PI3K_IN_CANCER,REACTOME_CONSTITUTIVE_SIGNALING_BY_ABERRANT_PI3K_IN_CANCER,10,0.576111474,2.055829744,0.003144654,0.027396775,0.018373952,437,"tags=90%, list=34%, signal=60%",GAB1/ERBB2/FGFR1/EGFR/ERBB3/PIK3R1/PIK3CB/IRS2/PIK3CA
REACTOME_RHO_GTPASES_ACTIVATE_PKNS,REACTOME_RHO_GTPASES_ACTIVATE_PKNS,16,-0.402812413,-2.012790339,0.003184713,0.027396775,0.018373952,320,"tags=69%, list=25%, signal=52%",H2BC15/H2BC9/H2BC13/H2AC20/PPP1CB/PPP1R12A/H2BC6/H2BC11/H3-3A/H2BC4
REACTOME_TRANSCRIPTION_COUPLED_NUCLEOTIDE_EXCISION_REPAIR_TC_NER,REACTOME_TRANSCRIPTION_COUPLED_NUCLEOTIDE_EXCISION_REPAIR_TC_NER,16,-0.388239995,-1.939974255,0.003184713,0.027396775,0.018373952,214,"tags=62%, list=16%, signal=53%",ZNF830/POLR2K/COPS8/COPS5/POLR2G/RPS27A/CDK7/POLR2H/RPA3
YAMASHITA_LIVER_CANCER_WITH_EPCAM_UP,YAMASHITA_LIVER_CANCER_WITH_EPCAM_UP,16,-0.468453011,-2.340786096,0.003184713,0.027396775,0.018373952,151,"tags=69%, list=12%, signal=62%",RPL35/RPS24/RPL13A/RPS27A/RPL7A/RPS7/RPS3/RPL6/RPS3A/RPL17
GAVIN_FOXP3_TARGETS_CLUSTER_P6,GAVIN_FOXP3_TARGETS_CLUSTER_P6,17,-0.430328918,-2.277477883,0.003246753,0.027396775,0.018373952,566,"tags=88%, list=44%, signal=50%",CEP55/KIF20A/ASPM/CLSPN/CCNB1/TPI1/TYMS/CKS1B/NCAPG2/CENPE/AURKA/CDCA8/CENPK/AURKB
REACTOME_APC_C_CDH1_MEDIATED_DEGRADATION_OF_CDC20_AND_OTHER_APC_C_CDH1_TARGETED_PROTEINS_IN_LATE_MITOSIS_EARLY_G1,REACTOME_APC_C_CDH1_MEDIATED_DEGRADATION_OF_CDC20_AND_OTHER_APC_C_CDH1_TARGETED_PROTEINS_IN_LATE_MITOSIS_EARLY_G1,17,-0.407830077,-2.158404751,0.003246753,0.027396775,0.018373952,471,"tags=76%, list=36%, signal=49%",CDC26/ANAPC2/SEM1/AURKA/PSMC2/PSMA4/ANAPC1/RPS27A/AURKB/CDC27/PSMB3/PSMA6
REACTOME_CYTOSOLIC_TRNA_AMINOACYLATION,REACTOME_CYTOSOLIC_TRNA_AMINOACYLATION,17,-0.856362217,-4.532221584,0.003246753,0.027396775,0.018373952,202,"tags=100%, list=16%, signal=86%",GARS1/CARS1/HARS1/EPRS1/LARS1/QARS1/NARS1/VARS1/KARS1/AARS1/MARS1/IARS1/DARS1/TARS1/YARS1/SARS1
REACTOME_HDACS_DEACETYLATE_HISTONES,REACTOME_HDACS_DEACETYLATE_HISTONES,17,-0.405152225,-2.144232454,0.003246753,0.027396775,0.018373952,780,"tags=100%, list=60%, signal=40%",RBBP7/HDAC1/RCOR1/TBL1XR1/H2AC15/H2BC21/HDAC3/H2BC15/H2BC9/H2BC13/H2AC20/H2AC17/H2BC6/CHD4/H2BC11/H2BC4
REACTOME_INHIBITION_OF_DNA_RECOMBINATION_AT_TELOMERE,REACTOME_INHIBITION_OF_DNA_RECOMBINATION_AT_TELOMERE,17,-0.485917514,-2.571675631,0.003246753,0.027396775,0.018373952,320,"tags=76%, list=25%, signal=58%",TERF2/H2BC15/H2BC9/H2BC13/H2AC20/POLR2K/H2BC6/H2BC11/H3-3A/H2BC4/POLR2G/POLR2H
REACTOME_MRNA_SPLICING_MINOR_PATHWAY,REACTOME_MRNA_SPLICING_MINOR_PATHWAY,17,-0.681498829,-3.606772509,0.003246753,0.027396775,0.018373952,426,"tags=100%, list=33%, signal=68%",SRSF6/DDX42/GTF2F2/PDCD7/POLR2K/YBX1/SNRNP25/POLR2G/POLR2H/SNRPG/SF3B4/SF3B6/SNU13/LSM2/SF3B5/SNRPD1
REACTOME_DEPOSITION_OF_NEW_CENPA_CONTAINING_NUCLEOSOMES_AT_THE_CENTROMERE,REACTOME_DEPOSITION_OF_NEW_CENPA_CONTAINING_NUCLEOSOMES_AT_THE_CENTROMERE,19,-0.514306763,-2.875539037,0.003367003,0.027396775,0.018373952,409,"tags=84%, list=32%, signal=59%",CENPO/CENPT/CENPI/H2BC21/NPM1/CENPC/H2BC15/H2BC9/H2BC13/H2AC20/KNL1/H2BC6/H2BC11/CENPK/H2BC4
BHATTACHARYA_EMBRYONIC_STEM_CELL,BHATTACHARYA_EMBRYONIC_STEM_CELL,18,-0.453768631,-2.42601455,0.003389831,0.027396775,0.018373952,440,"tags=83%, list=34%, signal=56%",IMPDH2/MAD2L2/HMGA1/CCNB1/NPM1/KIF4A/RPL7/CCT8/EPRS1/RPS24/RPL24/RSL24D1/AURKB/RPL6
FLOTHO_PEDIATRIC_ALL_THERAPY_RESPONSE_UP,FLOTHO_PEDIATRIC_ALL_THERAPY_RESPONSE_UP,18,-0.569022085,-3.042202046,0.003389831,0.027396775,0.018373952,461,"tags=94%, list=36%, signal=62%",RPL22/EIF4B/EEF1G/RPL7/RPS28/RPS5/RPL13A/RPL37A/RSL24D1/RPS16/RPL6/RPL5/FAU/RPS19/RPS20/RPL17
LEE_EARLY_T_LYMPHOCYTE_UP,LEE_EARLY_T_LYMPHOCYTE_UP,18,-0.402728547,-2.153135426,0.003389831,0.027396775,0.018373952,541,"tags=83%, list=42%, signal=49%",CEP55/DSCC1/FANCI/KIF20A/TUBB4B/ASPM/KIF14/UBE2C/LETM1/CCNB1/TYMS/KNL1/MCM4/AURKA
REACTOME_B_WICH_COMPLEX_POSITIVELY_REGULATES_RRNA_EXPRESSION,REACTOME_B_WICH_COMPLEX_POSITIVELY_REGULATES_RRNA_EXPRESSION,18,-0.528801586,-2.827168417,0.003389831,0.027396775,0.018373952,532,"tags=94%, list=41%, signal=57%",H2AX/POLR1H/H2AZ1/ACTB/H2BC21/H2BC15/H2BC9/H2BC13/H2AC20/POLR2K/H2BC6/H2BC11/H3-3A/H2BC4/POLR2H/POLR1F
REACTOME_RNA_POLYMERASE_I_PROMOTER_ESCAPE,REACTOME_RNA_POLYMERASE_I_PROMOTER_ESCAPE,18,-0.625994292,-3.346796488,0.003389831,0.027396775,0.018373952,411,"tags=94%, list=32%, signal=65%",H2AZ1/GTF2H4/H2BC21/H2BC15/H2BC9/H2BC13/H2AC20/POLR2K/H2BC6/H2BC11/H3-3A/H2BC4/CDK7/POLR2H/RRN3/POLR1F
REACTOME_TRANSPORT_OF_MATURE_TRANSCRIPT_TO_CYTOPLASM,REACTOME_TRANSPORT_OF_MATURE_TRANSCRIPT_TO_CYTOPLASM,18,-0.407932591,-2.180958168,0.003389831,0.027396775,0.018373952,516,"tags=83%, list=40%, signal=51%",NUP50/NUP35/POM121C/NUP58/SRSF6/NUP62/NDC1/NXF1/CPSF1/THOC3/RBM8A/CPSF4/THOC2/SRSF3
REACTOME_TRNA_PROCESSING_IN_THE_NUCLEUS,REACTOME_TRNA_PROCESSING_IN_THE_NUCLEUS,18,-0.454376197,-2.429262823,0.003389831,0.027396775,0.018373952,551,"tags=89%, list=42%, signal=52%",NUP50/NUP35/RTCB/POM121C/NUP58/CSTF2/NUP62/XPOT/NDC1/RPP21/CPSF1/POP1/POP5/TRNT1/CPSF4
TIEN_INTESTINE_PROBIOTICS_6HR_UP,TIEN_INTESTINE_PROBIOTICS_6HR_UP,18,-0.615851919,-3.29257162,0.003389831,0.027396775,0.018373952,403,"tags=94%, list=31%, signal=66%",EIF5A/ACTB/EEF1G/PPIA/H3-3A/MYC/RPS17/RPS24/RPL37A/RPS14/RPS7/RPS23/RPL5/RPS19/RPL23/RPS3A
REACTOME_TRNA_AMINOACYLATION,REACTOME_TRNA_AMINOACYLATION,25,-0.467314554,-3.016384381,0.003412969,0.027396775,0.018373952,125,"tags=64%, list=10%, signal=59%",CARS1/HARS1/EPRS1/LARS1/QARS1/NARS1/VARS1/KARS1/AARS1/MARS1/IARS1/DARS1/TARS1/YARS1/SARS1
MOOTHA_HUMAN_MITODB_6_2002,MOOTHA_HUMAN_MITODB_6_2002,94,0.222635414,1.960609281,0.003424658,0.027396775,0.018373952,960,"tags=93%, list=74%, signal=26%",GLS/UROS/PDHA1/REXO2/AK2/ALDH18A1/RAF1/SLC25A1/NDUFV2/TIMM8A/TIMM17A/CPOX/POLG/CYB5B/TOMM70/NDUFA3/NDUFA2/MRPS17/NDUFC1/SLC25A28/NDUFA10/NDUFA4/MTCH2/COQ7/NDUFC2/MRPL2/NDUFB2/HCCS/ACSL3/SDHD/NDUFS8/NDUFA1/COX7C/ATP5PO/UQCRB/NDUFB6/IDH3A/NDUFS5/NDUFB8/MRPL57/POLG2/ATP5MG/ACSL4/FDX1/COX4I1/NDUFA8/DHODH/MRPL15/FARS2/GATB/NDUFA6/ATP5ME/MRPS34/NDUFA9/UQCRC2/NDUFS3/NDUFB7/COX6A1/MRPS2/ATP5PB/POLRMT/NDUFB3/NDUFS2/NDUFS7/COX5A/COX11/COX6C/MRPL13/FPGS/CYC1/FECH/ATP5F1D/SSBP1/COX7B/NDUFS1/TOMM20/TIMM13/TIMM9/ATP5F1C/COX17/MRPS16/ATP5F1B/TIMM23/ATP5MF/ATP5F1E/SDHC/MRPS11
KEGG_OOCYTE_MEIOSIS,KEGG_OOCYTE_MEIOSIS,23,-0.399887464,-2.445107475,0.003436426,0.027396775,0.018373952,383,"tags=74%, list=30%, signal=53%",CDC26/ANAPC13/CCNB1/PPP1CA/CDK2/ANAPC2/PPP1CB/SGO1/PKMYT1/FBXO5/AURKA/SKP1/MAD2L1/ANAPC1/ESPL1/CDC27
REACTOME_GENE_SILENCING_BY_RNA,REACTOME_GENE_SILENCING_BY_RNA,23,-0.456426651,-2.790815705,0.003436426,0.027396775,0.018373952,521,"tags=87%, list=40%, signal=53%",NUP50/NUP35/POM121C/NUP58/H2AZ1/NUP62/H2BC21/NDC1/H2BC15/H2BC9/H2BC13/H2AC20/POLR2K/H2BC6/H2BC11/H3-3A/H2BC4/POLR2G/POLR2H
REACTOME_HCMV_LATE_EVENTS,REACTOME_HCMV_LATE_EVENTS,23,-0.387049966,-2.366612731,0.003436426,0.027396775,0.018373952,483,"tags=78%, list=37%, signal=50%",NUP35/POM121C/NUP58/H2AC15/NUP62/H2BC21/NDC1/UBAP1/H2BC15/H2BC9/H2BC13/H2AC20/H2AC17/H2BC6/H2BC11/VPS28/H2BC4
REACTOME_PROCESSING_OF_DNA_DOUBLE_STRAND_BREAK_ENDS,REACTOME_PROCESSING_OF_DNA_DOUBLE_STRAND_BREAK_ENDS,23,-0.398851081,-2.438770518,0.003436426,0.027396775,0.018373952,458,"tags=78%, list=35%, signal=52%",RMI1/BRIP1/CLSPN/H2BC21/CDK2/H2BC15/H2BC9/H2BC13/UBE2N/TIPIN/RAD17/RAD9A/H2BC6/H2BC11/H2BC4/RPS27A/RPA3
MILI_PSEUDOPODIA_HAPTOTAXIS_DN,MILI_PSEUDOPODIA_HAPTOTAXIS_DN,81,0.233405929,1.954562333,0.003456221,0.027396775,0.018373952,544,"tags=59%, list=42%, signal=37%",ARHGEF7/ITGA3/LDLR/TAPT1/ITGB1/TLN1/SPTLC2/MANF/SLC16A1/KDSR/ERBB2/SLC2A1/SLC35A2/MMGT1/SREBF1/TM9SF3/ALG12/FGFR1/EXT2/GCN1/SURF4/SLC35B2/STT3A/SPTLC1/TMX2/HSD17B12/POLG/CDS2/SLC20A1/ANKRD11/TTC7A/MGAT1/SQLE/UXS1/VCL/SLC7A5/DERL2/ATG9A/SLC38A2/TAF5L/EMC1/DOLK/SUCO/CERS2/UNC50/GLRX3/ICMT/ARID1A
KEGG_AMINOACYL_TRNA_BIOSYNTHESIS,KEGG_AMINOACYL_TRNA_BIOSYNTHESIS,24,-0.499234992,-3.123583963,0.003472222,0.027396775,0.018373952,125,"tags=67%, list=10%, signal=61%",CARS1/HARS1/EPRS1/LARS1/QARS1/NARS1/VARS1/KARS1/AARS1/MARS1/IARS1/DARS1/TARS1/YARS1/SARS1
NIKOLSKY_BREAST_CANCER_8Q23_Q24_AMPLICON,NIKOLSKY_BREAST_CANCER_8Q23_Q24_AMPLICON,24,-0.367667625,-2.300401046,0.003472222,0.027396775,0.018373952,565,"tags=83%, list=44%, signal=48%",MRPL13/CYC1/NSMCE2/DSCC1/ENY2/EIF3H/UTP23/TAF2/CPSF1/EXOSC4/BOP1/RAD21/MED30/MYC/TONSL/VPS28/MTBP/RPL8/PUF60
REACTOME_RNA_POLYMERASE_II_TRANSCRIBES_SNRNA_GENES,REACTOME_RNA_POLYMERASE_II_TRANSCRIBES_SNRNA_GENES,24,-0.521190304,-3.260952664,0.003472222,0.027396775,0.018373952,503,"tags=92%, list=39%, signal=57%",INTS14/ICE2/INTS10/INTS12/INTS1/ICE1/RPAP2/GTF2F2/TAF8/PHAX/POLR2K/INTS6/SNAPC5/SNAPC2/GTF2E2/INTS8/INTS9/POLR2G/CDK7/POLR2H/INTS11
REACTOME_NEGATIVE_EPIGENETIC_REGULATION_OF_RRNA_EXPRESSION,REACTOME_NEGATIVE_EPIGENETIC_REGULATION_OF_RRNA_EXPRESSION,21,-0.520950744,-3.017849484,0.003508772,0.027396775,0.018373952,411,"tags=86%, list=32%, signal=60%",H2AZ1/GTF2H4/H2BC21/H2BC15/H2BC9/H2BC13/H2AC20/SIN3A/POLR2K/H2BC6/H2BC11/H3-3A/SAP30BP/H2BC4/CDK7/POLR2H/POLR1F
REACTOME_POSITIVE_EPIGENETIC_REGULATION_OF_RRNA_EXPRESSION,REACTOME_POSITIVE_EPIGENETIC_REGULATION_OF_RRNA_EXPRESSION,21,-0.427075679,-2.47403451,0.003508772,0.027396775,0.018373952,532,"tags=86%, list=41%, signal=51%",H2AX/POLR1H/H2AZ1/ACTB/H2BC21/H2BC15/H2BC9/H2BC13/H2AC20/POLR2K/H2BC6/CHD4/H2BC11/H3-3A/H2BC4/POLR2H/POLR1F
REACTOME_RNA_POLYMERASE_I_TRANSCRIPTION,REACTOME_RNA_POLYMERASE_I_TRANSCRIPTION,21,-0.519573302,-3.009870013,0.003508772,0.027396775,0.018373952,411,"tags=86%, list=32%, signal=60%",H2AZ1/GTF2H4/H2BC21/H2BC15/H2BC9/H2BC13/H2AC20/POLR2K/H2BC6/CHD4/H2BC11/H3-3A/H2BC4/CDK7/POLR2H/RRN3/POLR1F
REACTOME_TRANSCRIPTIONAL_REGULATION_BY_SMALL_RNAS,REACTOME_TRANSCRIPTIONAL_REGULATION_BY_SMALL_RNAS,21,-0.55119263,-3.193039675,0.003508772,0.027396775,0.018373952,521,"tags=95%, list=40%, signal=58%",NUP50/NUP35/POM121C/NUP58/H2AZ1/NUP62/H2BC21/NDC1/H2BC15/H2BC9/H2BC13/H2AC20/POLR2K/H2BC6/H2BC11/H3-3A/H2BC4/POLR2G/POLR2H
REACTOME_METABOLISM_OF_LIPIDS,REACTOME_METABOLISM_OF_LIPIDS,63,0.274393597,2.11800963,0.003558719,0.027647132,0.018541857,527,"tags=63%, list=41%, signal=40%",ARNT/MED13/PTEN/UGCG/CDK8/SPTLC2/MTF1/FDFT1/KDSR/CSNK2A1/SREBF1/MED24/SLC25A1/CARM1/CREBBP/PI4KB/FASN/SPTSSA/AHR/SPTLC1/HSD17B12/PIK3R1/PTDSS1/PIK3CB/CDS2/CEPT1/SQLE/CHKA/MED25/CCNC/MED23/SP1/PIK3CA/ARF1/MED16/ACSL3/CERS2/MBTPS2/TXNRD1/ACLY
REACTOME_ACTIVATION_OF_THE_MRNA_UPON_BINDING_OF_THE_CAP_BINDING_COMPLEX_AND_EIFS_AND_SUBSEQUENT_BINDING_TO_43S,REACTOME_ACTIVATION_OF_THE_MRNA_UPON_BINDING_OF_THE_CAP_BINDING_COMPLEX_AND_EIFS_AND_SUBSEQUENT_BINDING_TO_43S,22,-0.714490357,-4.177944789,0.003610108,0.027767301,0.018622449,224,"tags=91%, list=17%, signal=77%",PABPC1/EIF3F/EIF3E/EIF2S2/RPS28/EIF1AX/RPS5/RPS17/RPS24/RPS27A/RPS14/RPS7/RPS16/RPS23/RPS3/FAU/RPS19/RPS3A/RPS20
REACTOME_APC_C_MEDIATED_DEGRADATION_OF_CELL_CYCLE_PROTEINS,REACTOME_APC_C_MEDIATED_DEGRADATION_OF_CELL_CYCLE_PROTEINS,22,-0.481667757,-2.81652688,0.003610108,0.027767301,0.018622449,378,"tags=82%, list=29%, signal=59%",CDC26/CCNB1/CDK2/ANAPC2/SEM1/FBXO5/AURKA/PSMC2/PSMA4/SKP1/MAD2L1/ANAPC1/RPS27A/AURKB/CDC27/PSMB3/PSMA6
CHNG_MULTIPLE_MYELOMA_HYPERPLOID_UP,CHNG_MULTIPLE_MYELOMA_HYPERPLOID_UP,26,-0.695654987,-4.507704481,0.003676471,0.02786188,0.01868588,346,"tags=96%, list=27%, signal=72%",NPM1/EEF1G/DHPS/HNRNPA1/EIF3G/RPLP1/RPL37/RPL35/IMP3/QARS1/RPS17/RPL13A/RPL14/RPL24/RPL36/RPS14/RSL24D1/RPL7A/RPS16/RPS23/RPL32/RPS3/RPS19/RPL21
MALONEY_RESPONSE_TO_17AAG_DN,MALONEY_RESPONSE_TO_17AAG_DN,26,-0.394161941,-2.554090145,0.003676471,0.02786188,0.01868588,674,"tags=92%, list=52%, signal=45%",YWHAE/PDCD5/RPL36AL/PTMA/SSB/ATP5F1C/ARF4/UBE2C/DYNLL1/TIMM23/CYCS/TPI1/HNRNPA1/XRCC5/ELOB/RPL35/NACA/RPL30/MAD2L1/IARS1/SNRPG/RPS16/SRSF3
REACTOME_HOST_INTERACTIONS_OF_HIV_FACTORS,REACTOME_HOST_INTERACTIONS_OF_HIV_FACTORS,26,-0.39744161,-2.575341744,0.003676471,0.02786188,0.01868588,483,"tags=81%, list=37%, signal=52%",NUP35/POM121C/NUP58/AP2M1/NUP62/HMGA1/NPM1/NDC1/PPIA/ATP6V1H/SEM1/ELOB/ELOC/PSMC2/PSMA4/SKP1/RPS27A/BANF1/PSMB3/PSMA6
REACTOME_EPIGENETIC_REGULATION_OF_GENE_EXPRESSION,REACTOME_EPIGENETIC_REGULATION_OF_GENE_EXPRESSION,29,-0.372260688,-2.582949034,0.003731343,0.028139789,0.018872263,411,"tags=72%, list=32%, signal=51%",H2AZ1/GTF2H4/SUZ12/ACTB/H2BC21/H2BC15/H2BC9/H2BC13/H2AC20/SIN3A/POLR2K/H2BC6/CHD4/H2BC11/H3-3A/SAP30BP/H2BC4/CDK7/POLR2H/POLR1F
BRUINS_UVC_RESPONSE_VIA_TP53_GROUP_B,BRUINS_UVC_RESPONSE_VIA_TP53_GROUP_B,30,0.361367219,2.08691514,0.003957784,0.02970259,0.019920372,289,"tags=53%, list=22%, signal=42%",GOLGA7/SLC35A1/HOXD13/FOXA1/PAK2/PICALM/SLC35A2/SH3GL1/BCL9/SMAD7/ROCK2/RASA4/CAP1/SGF29/SPTLC1/CPOX
WP_MRNA_PROCESSING,WP_MRNA_PROCESSING,31,-0.385821524,-2.758029266,0.003984064,0.029755375,0.019955773,261,"tags=68%, list=20%, signal=55%",NXF1/HNRNPA1/SRSF10/CPSF1/YBX1/PCBP2/DHX16/CPSF4/LSM7/SNRPG/SF3B4/SNU13/SF3A3/LSM2/SF3B5/PHF5A/SNRPA1/SRP54/SRSF3/SNRPD1
REACTOME_MITOTIC_PROPHASE,REACTOME_MITOTIC_PROPHASE,30,-0.376234563,-2.6177946,0.004098361,0.030092262,0.020181711,521,"tags=80%, list=40%, signal=49%",NUP50/NUP35/POM121C/NUMA1/NUP58/VRK1/H2AZ1/NUP62/CCNB1/H2BC21/NDC1/H2BC15/H2BC9/H2BC13/H2AC20/NCAPH2/NCAPG2/NCAPD3/H2BC6/H2BC11/H3-3A/H2BC4/BANF1
REACTOME_HIV_LIFE_CYCLE,REACTOME_HIV_LIFE_CYCLE,38,-0.270549924,-2.150554552,0.004115226,0.030092262,0.020181711,600,"tags=76%, list=46%, signal=42%",VPS37A/TAF7/NELFCD/NUP50/NUP35/POM121C/NUP58/GTF2H4/TAF2/NUP62/TAF10/HMGA1/NDC1/UBAP1/PPIA/NMT1/GTF2F2/POLR2K/XRCC5/ELOB/ELOC/GTF2E2/VPS28/POLR2G/RPS27A/CDK7/POLR2H/BANF1
BILANGES_SERUM_AND_RAPAMYCIN_SENSITIVE_GENES,BILANGES_SERUM_AND_RAPAMYCIN_SENSITIVE_GENES,35,-0.671519753,-5.093780995,0.004132231,0.030092262,0.020181711,346,"tags=94%, list=27%, signal=71%",EIF4B/RPL10/EEF1G/RPL26/EIF3F/RPL7/RPL36A/RPL30/QARS1/RPS5/RPS17/RPS24/RPL13A/RACK1/RPS27A/RPL14/RPL24/RPS14/RPL7A/RPL8/RPS7/RPS16/RPS23/RPL32/RPS3/RPL6/RPL5/FAU/RPS19/RPL21/RPL23/RPS3A
BILD_HRAS_ONCOGENIC_SIGNATURE,BILD_HRAS_ONCOGENIC_SIGNATURE,22,0.420727889,2.126299201,0.004137931,0.030092262,0.020181711,380,"tags=68%, list=29%, signal=49%",ATP2B1/LDLR/FERMT1/SREK1IP1/RUNX1/DUSP4/TCF7L2/JUNB/BCL6/LRP8/UAP1/KLF5/SLC20A1/FOSL1/MED25
WP_MELANOMA,WP_MELANOMA,22,0.4111246,2.077765539,0.004137931,0.030092262,0.020181711,620,"tags=86%, list=48%, signal=46%",CDKN1A/TP53/PTEN/CDH1/NF1/BRAF/SOS1/RAF1/MAPK1/E2F1/NRAS/PIK3R1/PIK3CB/VCL/PIK3CA/CDK6/E2F3/LAMTOR3/CCND1
REACTOME_G2_M_CHECKPOINTS,REACTOME_G2_M_CHECKPOINTS,33,-0.386240513,-2.827594227,0.004201681,0.030092262,0.020181711,379,"tags=73%, list=29%, signal=53%",CLSPN/DBF4/CCNB1/H2BC21/CDK2/H2BC15/H2BC9/H2BC13/SEM1/UBE2N/RAD17/RAD9A/H2BC6/PKMYT1/MCM4/H2BC11/PSMC2/PSMA4/H2BC4/RPS27A/RPA3/PSMB3/PSMA6
KEGG_WNT_SIGNALING_PATHWAY,KEGG_WNT_SIGNALING_PATHWAY,23,0.391144272,1.996090816,0.004219409,0.030092262,0.020181711,666,"tags=87%, list=51%, signal=43%",TP53/SIAH1/TCF7L2/CSNK2A1/ROCK2/CREBBP/CCND2/CTNNB1/GSK3B/MAP3K7/FOSL1/CHP1/JUN/APC/CCND3/RAC3/FBXW11/CHD8/CCND1/TBL1XR1
WP_HEPATITIS_B_INFECTION,WP_HEPATITIS_B_INFECTION,23,0.393781595,2.009549626,0.004219409,0.030092262,0.020181711,331,"tags=61%, list=26%, signal=46%",CDKN1A/TGFBR1/BRAF/MAPK14/IKBKG/SOS1/RAF1/MAPK1/CREBBP/NRAS/PIK3R1/FADD/PIK3CB/MAP3K7
PASQUALUCCI_LYMPHOMA_BY_GC_STAGE_UP,PASQUALUCCI_LYMPHOMA_BY_GC_STAGE_UP,25,0.378257402,1.986906595,0.004231312,0.030092262,0.020181711,319,"tags=56%, list=25%, signal=43%",SNAI2/ASNS/IRF4/MANF/SPCS1/REXO2/YAP1/CD2BP2/SURF4/CCND2/STT3A/ITGB5/PIK3CB/IRS2
KEGG_T_CELL_RECEPTOR_SIGNALING_PATHWAY,KEGG_T_CELL_RECEPTOR_SIGNALING_PATHWAY,18,0.44872644,2.081011135,0.004243281,0.030092262,0.020181711,461,"tags=78%, list=36%, signal=51%",PAK2/MAPK14/IKBKG/SOS1/RAF1/MAPK1/NRAS/PIK3R1/GSK3B/PIK3CB/MAP3K7/CHP1/PIK3CA/JUN
KOKKINAKIS_METHIONINE_DEPRIVATION_96HR_UP,KOKKINAKIS_METHIONINE_DEPRIVATION_96HR_UP,18,0.45407512,2.105816142,0.004243281,0.030092262,0.020181711,347,"tags=67%, list=27%, signal=50%",CDKN1A/TP53/PTEN/FDFT1/ERBB2/SHC1/CCNE1/SMAD7/FGFR1/CREBBP/POLG/CDC25B
FLECHNER_PBL_KIDNEY_TRANSPLANT_OK_VS_DONOR_UP,FLECHNER_PBL_KIDNEY_TRANSPLANT_OK_VS_DONOR_UP,34,-0.324483728,-2.390996818,0.004291845,0.030269212,0.020300384,415,"tags=71%, list=32%, signal=49%",SMARCE1/VDAC1/SETD1A/ATP5F1A/EEF1B2/ACTB/ANAPC13/CAPZB/ZPR1/TUBGCP2/HYOU1/IK/EIF3F/RPL35/PSMA4/RACK1/SF3B4/RPS23/LSM2/SARS1/RPL23/RPS20/SRSF3
KEGG_SPLICEOSOME,KEGG_SPLICEOSOME,37,-0.472753761,-3.642276002,0.004366812,0.030269212,0.020300384,276,"tags=76%, list=21%, signal=61%",DDX5/HNRNPC/DDX42/HNRNPA1/SRSF10/THOC3/RBM8A/DHX16/RBM22/PCBP1/THOC2/LSM7/LSM8/LSM3/SNRPG/SF3B4/SF3B6/PRPF38A/SNU13/SF3A3/LSM2/SF3B5/PHF5A/SNRPA1/PUF60/SRSF3/SNRPD1
WP_CYTOPLASMIC_RIBOSOMAL_PROTEINS,WP_CYTOPLASMIC_RIBOSOMAL_PROTEINS,37,-0.764747308,-5.891906104,0.004366812,0.030269212,0.020300384,182,"tags=92%, list=14%, signal=81%",RPLP1/RPL37/RPL35/RPL7/RPL36A/RPS28/RPL30/RPS5/RPS17/RPS24/RPL13A/RPS27A/RPL14/RPL24/RPL36/RPL37A/RPS14/RPL7A/RPL8/RPS7/RPS16/RPS23/RPL32/RPS3/RPL6/RPL5/FAU/RPS19/RPL21/RPL23/RPS3A/RPS20/RPL17
DANG_MYC_TARGETS_UP,DANG_MYC_TARGETS_UP,36,-0.333406077,-2.532145614,0.004385965,0.030269212,0.020300384,432,"tags=72%, list=33%, signal=50%",TFRC/H2AZ1/CDK4/UBE2C/EIF4B/HMGA1/CCNB1/PPAT/NPM1/RPL10/TYMS/DDX5/PPIA/HNRNPA1/RPL26/HSPD1/DDX10/RPS5/RPS17/RPS16/RPL32/RPL5/RPS19/RPS20/HSPE1
REACTOME_CHROMOSOME_MAINTENANCE,REACTOME_CHROMOSOME_MAINTENANCE,36,-0.313576457,-2.381544027,0.004385965,0.030269212,0.020300384,409,"tags=67%, list=32%, signal=47%",CENPO/CENPT/CHTF8/CENPI/H2BC21/TERF2/NPM1/CDK2/CENPC/H2BC15/H2BC9/H2BC13/H2AC20/KNL1/POLR2K/H2BC6/H2BC11/H3-3A/CENPK/H2BC4/POLR2G/POLR2H/RPA3
DITTMER_PTHLH_TARGETS_DN,DITTMER_PTHLH_TARGETS_DN,15,0.483098326,2.067106953,0.004405286,0.030269212,0.020300384,517,"tags=87%, list=40%, signal=53%",GLS/FERMT2/FBXO7/SPTLC2/PTK2/PIK3R1/MYH9/MAP3K7/TOMM70/ACTG1/PIK3CA/LMNA/YME1L1
PANGAS_TUMOR_SUPPRESSION_BY_SMAD1_AND_SMAD5_DN,PANGAS_TUMOR_SUPPRESSION_BY_SMAD1_AND_SMAD5_DN,15,0.476725999,2.039840697,0.004405286,0.030269212,0.020300384,490,"tags=80%, list=38%, signal=50%",LDLR/UGCG/BRAF/SLC16A1/FDFT1/ALG12/HSPA13/LRP8/MAP3K7/EXT1/SUCO/ACSL3
REACTOME_EUKARYOTIC_TRANSLATION_ELONGATION,REACTOME_EUKARYOTIC_TRANSLATION_ELONGATION,41,-0.642360151,-5.26134022,0.004444444,0.030306595,0.020325455,182,"tags=83%, list=14%, signal=74%",RPLP1/RPL37/RPL35/RPL7/RPL36A/RPS28/RPL30/RPS5/RPS17/RPS24/RPL13A/RPS27A/RPL14/RPL24/RPL36/RPL37A/RPS14/RPL7A/RPL8/RPS7/RPS16/RPS23/RPL32/RPS3/RPL6/RPL5/FAU/RPS19/RPL21/RPL23/RPS3A/RPS20/RPL17
KEGG_RIBOSOME,KEGG_RIBOSOME,40,-0.665978753,-5.35083088,0.004484305,0.030306595,0.020325455,182,"tags=85%, list=14%, signal=75%",RPLP1/RPL37/RPL35/RPL7/RPL36A/RPS28/RPL30/RPS5/RPS17/RPS24/RPL13A/RPS27A/RPL14/RPL24/RPL36/RPL37A/RSL24D1/RPL7A/RPL8/RPS7/RPS16/RPS23/RPL32/RPS3/RPL6/RPL5/FAU/RPS19/RPL21/RPL23/RPS3A/RPS20/RPL17
MOOTHA_MITOCHONDRIA,MOOTHA_MITOCHONDRIA,103,0.209238613,1.890243563,0.004504505,0.030306595,0.020325455,960,"tags=91%, list=74%, signal=26%",TP53/MTX2/PDHA1/G6PD/HTRA2/ERBB2/AK2/RAF1/SLC25A1/NDUFV2/TIMM8A/TIMM17A/CPOX/POLG/CYB5B/TOMM70/NDUFA3/NDUFA2/MRPS17/MRPL28/NDUFC1/SLC25A28/NDUFA10/SLC30A9/NDUFA4/MTCH2/COQ7/NDUFC2/MRPL2/NDUFB2/HCCS/SDHD/NDUFS8/NDUFA1/YME1L1/COX7C/ATP5PO/UQCRB/NDUFB6/IDH3A/NDUFS5/NDUFB8/MRPL57/POLG2/ATP5MG/FDX1/COX4I1/NDUFA8/DHODH/MRPL15/FARS2/GATB/NDUFA6/ATP5ME/MRPS34/UQCRC2/YWHAE/NDUFS3/C1QBP/NDUFB7/COX6A1/MRPS2/ATP5PB/POLRMT/MRPL3/NDUFB3/NDUFS2/COX5A/COX11/TWNK/COX6C/MRPL13/FPGS/CYC1/FECH/ATP5F1D/SSBP1/COX7B/METTL17/NDUFS1/TOMM20/DDX28/TIMM13/TIMM9/TFB2M/ATP5F1C/COX17/MRPS16/ATP5F1B/TIMM23/ATP5MF/ATP5F1E/SDHC/MRPS11
WP_SIGNALING_OF_HEPATOCYTE_GROWTH_FACTOR_RECEPTOR,WP_SIGNALING_OF_HEPATOCYTE_GROWTH_FACTOR_RECEPTOR,13,0.530867546,2.135955123,0.004552352,0.030306595,0.020325455,242,"tags=69%, list=19%, signal=57%",GAB1/PTEN/ITGB1/CRK/PXN/SOS1/RAF1/MAPK1/PTK2
BIOCARTA_INTEGRIN_PATHWAY,BIOCARTA_INTEGRIN_PATHWAY,11,0.572830175,2.153622699,0.004573171,0.030306595,0.020325455,225,"tags=73%, list=17%, signal=61%",ITGB1/BCAR1/TLN1/SHC1/CSK/SOS1/RAF1/MAPK1
PID_FGF_PATHWAY,PID_FGF_PATHWAY,11,0.567128696,2.132187315,0.004573171,0.030306595,0.020325455,461,"tags=91%, list=36%, signal=59%",GAB1/CDH1/CDH2/SHC1/SOS1/FGFR1/MAPK1/PIK3R1/PIK3CA/JUN
BIOCARTA_MAPK_PATHWAY,BIOCARTA_MAPK_PATHWAY,14,0.532609079,2.197925361,0.004587156,0.030306595,0.020325455,461,"tags=86%, list=36%, signal=56%",TGFBR1/PAK2/SHC1/MAPK14/RAF1/MAPK1/MAP4K4/MAP3K7/SP1/DAXX/TRAF2/JUN
SASSON_RESPONSE_TO_GONADOTROPHINS_DN,SASSON_RESPONSE_TO_GONADOTROPHINS_DN,14,0.507009346,2.092282582,0.004587156,0.030306595,0.020325455,647,"tags=100%, list=50%, signal=51%",ITGA3/TP53/KIDINS220/KRT18/PTPN1/TLN1/MAPK14/MAP4K4/ITGB5/SMARCD1/VCL/SMARCA4/ILK/CFLAR
WP_AMPACTIVATED_PROTEIN_KINASE_AMPK_SIGNALING,WP_AMPACTIVATED_PROTEIN_KINASE_AMPK_SIGNALING,14,0.502574496,2.073981226,0.004587156,0.030306595,0.020325455,314,"tags=71%, list=24%, signal=55%",CDKN1A/TP53/TSC1/TSC2/CAB39/SREBF1/FASN/STK11/PIK3R1/PIK3CB
DACOSTA_UV_RESPONSE_VIA_ERCC3_COMMON_DN,DACOSTA_UV_RESPONSE_VIA_ERCC3_COMMON_DN,74,0.257605787,2.105656231,0.004624277,0.030421842,0.020402747,720,"tags=76%, list=55%, signal=36%",ARHGEF7/ATP2B1/MED13/MTX2/UGCG/FERMT2/PARD3/RUNX1/G6PD/CDK8/PICALM/SMCHD1/TCF7L2/YAP1/PPP2R2A/SLC7A1/SOS1/ANKRD17/ROCK2/WRN/DYRK1A/CREBBP/EGFR/PTK2/ARHGAP29/TIPARP/DNAJC13/GSK3B/GIGYF2/CDS2/TAF4/PKN2/EXT1/CHD1/SMARCA2/CNOT4/MBNL1/JUN/ACSL3/FUBP1/E2F3/PMM2/CDK13/RCOR1/FBXW11/FARS2/SCAF8/RAB6A/SLC4A7/ZMYND8/HIRA/PUM1/SETD2/STAG1/TRIP12/TRIM37
REACTOME_SEPARATION_OF_SISTER_CHROMATIDS,REACTOME_SEPARATION_OF_SISTER_CHROMATIDS,43,-0.280426822,-2.327243485,0.004651163,0.030469058,0.020434413,402,"tags=65%, list=31%, signal=46%",CENPT/UBE2C/DYNLL1/CDC26/CENPI/CENPC/ANAPC2/KNL1/SEM1/CENPE/SGO1/MIS12/AHCTF1/RAD21/PSMC2/PSMA4/CDCA8/CENPK/MAD2L1/ANAPC1/DYNC1I2/RPS27A/ESPL1/AURKB/CDC27/PSMB3/PSMA6
JISON_SICKLE_CELL_DISEASE_DN,JISON_SICKLE_CELL_DISEASE_DN,42,-0.364013412,-2.97495234,0.004761905,0.030932373,0.02074514,449,"tags=76%, list=35%, signal=52%",RPL22/BCLAF1/SRSF6/EIF3H/IMPDH2/EEF1B2/EIF4B/NPM1/BTF3/EEF1G/DDX5/RPLP1/EIF3F/EIF3E/RPL37/RPL7/NACA/RPS28/RPL30/RPS24/RPL13A/RPS27A/POLR2H/RPL14/RPL24/RPS7/RPL6/RPL5/RPL21/RPS20/RPL17
TIEN_INTESTINE_PROBIOTICS_24HR_DN,TIEN_INTESTINE_PROBIOTICS_24HR_DN,42,-0.259477901,-2.120620732,0.004761905,0.030932373,0.02074514,536,"tags=74%, list=41%, signal=45%",MARCHF5/HSP90B1/FAF2/ARF4/SLC3A2/EIF5A/MSTO1/EIF4B/RPL10/ARIH1/EEF1G/PABPC1/WARS1/HYOU1/GARS1/THOC2/RPS24/RPL13A/AARS1/RACK1/RPL37A/RPS14/RPS7/RPS23/RPS3/RPL5/SARS1/RPS19/RPL23/RPS3A
MOOTHA_VOXPHOS,MOOTHA_VOXPHOS,45,-0.300877893,-2.532968504,0.004854369,0.031266432,0.020969181,922,"tags=100%, list=71%, signal=30%",NDUFA2/NDUFC1/NDUFA10/NDUFA4/NDUFC2/NDUFB2/SDHD/NDUFS8/UQCR10/NDUFA1/COX7C/ATP5PO/UQCRB/NDUFB6/NDUFS5/NDUFB8/ATP5MG/COX4I1/NDUFA8/GATB/NDUFA6/ATP5ME/NDUFA9/UQCRC2/NDUFS3/NDUFB7/COX6A1/ATP5PB/NDUFB3/NDUFS2/NDUFS7/COX5A/COX11/COX6C/CYC1/ATP5F1D/COX7B/NDUFS1/ATP5F1C/ATP5F1B/ATP5MF/ATP5F1E/SDHC/CYCS
REACTOME_SRP_DEPENDENT_COTRANSLATIONAL_PROTEIN_TARGETING_TO_MEMBRANE,REACTOME_SRP_DEPENDENT_COTRANSLATIONAL_PROTEIN_TARGETING_TO_MEMBRANE,45,-0.593720346,-4.998289911,0.004854369,0.031266432,0.020969181,191,"tags=80%, list=15%, signal=71%",RPL26/RPLP1/RPL37/RPL35/RPL7/RPL36A/RPS28/RPL30/RPS5/RPS17/RPS24/RPL13A/RPS27A/RPL14/RPL24/RPL36/RPL37A/RPS14/RPL7A/RPL8/RPS7/RPS16/RPS23/RPL32/RPS3/RPL6/RPL5/FAU/RPS19/RPL21/RPL23/SRP54/RPS3A/RPS20/RPL17
REACTOME_EUKARYOTIC_TRANSLATION_INITIATION,REACTOME_EUKARYOTIC_TRANSLATION_INITIATION,47,-0.646534069,-5.576916945,0.004901961,0.031266432,0.020969181,224,"tags=85%, list=17%, signal=73%",PABPC1/RPL26/RPLP1/EIF3F/EIF3E/EIF2S2/RPL37/RPL35/RPL7/RPL36A/RPS28/RPL30/EIF1AX/RPS5/RPS17/RPS24/RPL13A/RPS27A/RPL14/RPL24/RPL36/RPL37A/RPS14/RPL7A/RPL8/RPS7/RPS16/RPS23/RPL32/RPS3/RPL6/RPL5/FAU/RPS19/RPL21/RPL23/RPS3A/RPS20/RPL17
WP_ELECTRON_TRANSPORT_CHAIN_OXPHOS_SYSTEM_IN_MITOCHONDRIA,WP_ELECTRON_TRANSPORT_CHAIN_OXPHOS_SYSTEM_IN_MITOCHONDRIA,47,-0.277516748,-2.393822579,0.004901961,0.031266432,0.020969181,922,"tags=98%, list=71%, signal=29%",NDUFA2/NDUFC1/NDUFA10/NDUFA4/NDUFC2/NDUFB2/SDHD/NDUFS8/UQCR10/NDUFA1/COX7C/ATP5PO/UQCRB/NDUFB6/NDUFS5/NDUFB8/ATP5MG/COX4I1/NDUFA8/NDUFA6/ATP5ME/NDUFA9/UQCRC2/NDUFS3/NDUFB7/COX6A1/ATP5PB/NDUFB3/NDUFS2/NDUFS7/COX5A/COX11/NDUFB9/COX6C/NDUFB10/ATP5F1D/COX7B/NDUFS1/ATP5F1C/COX17/ATP5F1A/ATP5F1B/ATP5MF/ATP5F1E/SDHC
GRYDER_PAX3FOXO1_ENHANCERS_KO_DOWN,GRYDER_PAX3FOXO1_ENHANCERS_KO_DOWN,52,0.287371136,2.056853481,0.004956629,0.031266432,0.020969181,394,"tags=54%, list=30%, signal=39%",GOLGA7/UGCG/DLG5/RUNX1/LMNB1/FBXO7/SHC1/CAPRIN1/MYCN/SOCS3/TMEM165/ZW10/FOXK1/NFE2L2/EXT2/CAP1/CCND2/FANCF/MAP4K4/PRKAR1A/MYH9/PKN2/POLE3/PPCDC/USP1/SMARCA2/ACTG1/CCNC
PECE_MAMMARY_STEM_CELL_UP,PECE_MAMMARY_STEM_CELL_UP,44,-0.247989245,-2.05536546,0.004975124,0.031266432,0.020969181,769,"tags=86%, list=59%, signal=36%",SMARCA4/NDUFS5/ATP5MG/NDUFA11/COX4I1/NDUFA6/ATP5ME/TRAPPC5/NDUFAF8/COX6C/MT2A/MT1E/RPL36AL/PTMA/RPL28/TUBB4B/RPL22/DYNLL1/ATP5F1E/PPIA/SEC61G/RPLP1/NACA/RPS28/KARS1/RPL13A/MARS1/RPL24/RPS14/RPL7A/RPL8/RPS7/RPS16/RPS3/FAU/RPS19/RPS20
REACTOME_NONSENSE_MEDIATED_DECAY_NMD,REACTOME_NONSENSE_MEDIATED_DECAY_NMD,44,-0.603766168,-5.004088498,0.004975124,0.031266432,0.020969181,206,"tags=82%, list=16%, signal=71%",RPL26/RBM8A/RPLP1/RPL37/RPL35/RPL7/RPL36A/RPS28/RPL30/RPS5/RPS17/RPS24/RPL13A/RPS27A/RPL14/RPL24/RPL36/RPL37A/RPS14/RPL7A/RPL8/RPS7/RPS16/RPS23/RPL32/RPS3/RPL6/RPL5/FAU/RPS19/RPL21/RPL23/RPS3A/RPS20/RPL17
REACTOME_RESPONSE_OF_EIF2AK4_GCN2_TO_AMINO_ACID_DEFICIENCY,REACTOME_RESPONSE_OF_EIF2AK4_GCN2_TO_AMINO_ACID_DEFICIENCY,44,-0.587958688,-4.873074159,0.004975124,0.031266432,0.020969181,182,"tags=80%, list=14%, signal=71%",RPLP1/EIF2S2/RPL37/RPL35/RPL7/RPL36A/RPS28/RPL30/RPS5/RPS17/RPS24/RPL13A/RPS27A/RPL14/RPL24/RPL36/RPL37A/RPS14/RPL7A/RPL8/RPS7/RPS16/RPS23/RPL32/RPS3/RPL6/RPL5/FAU/RPS19/RPL21/RPL23/RPS3A/RPS20/RPL17
REACTOME_SELENOAMINO_ACID_METABOLISM,REACTOME_SELENOAMINO_ACID_METABOLISM,49,-0.681688174,-5.965421498,0.005,0.031295547,0.020988707,182,"tags=86%, list=14%, signal=77%",RPLP1/RPL37/RPL35/RPL7/RPL36A/RPS28/RPL30/EPRS1/LARS1/QARS1/RPS5/RPS17/RPS24/KARS1/RPL13A/MARS1/RPS27A/RPL14/IARS1/RPL24/RPL36/RPL37A/DARS1/RPS14/RPL7A/RPL8/RPS7/RPS16/RPS23/RPL32/RPS3/RPL6/RPL5/FAU/SARS1/RPS19/RPL21/RPL23/RPS3A/RPS20/RPL17
DODD_NASOPHARYNGEAL_CARCINOMA_UP,DODD_NASOPHARYNGEAL_CARCINOMA_UP,45,0.291123199,1.966592019,0.005025126,0.031325985,0.02100912,353,"tags=51%, list=27%, signal=39%",ARNT/CTNNA1/NF1/BCAR1/UGCG/POU2AF1/RUNX1/PXN/SPTLC2/MTF1/RNH1/ERBB2/ZBTB7A/BCL6/NFE2L2/MEF2C/PRKAR1A/KLF5/STK40/ITPK1/TADA2B/MUC20/TTC7A
FEVR_CTNNB1_TARGETS_UP,FEVR_CTNNB1_TARGETS_UP,43,0.28626357,1.903640063,0.005082592,0.031556978,0.021164038,476,"tags=60%, list=37%, signal=40%",CDKN1A/ITGA3/GNA13/KCTD5/UGCG/ELMO2/DOCK5/MTF1/FDFT1/SLC2A1/PARD6B/JUNB/SOCS3/BCL6/MARK2/CAP1/SURF4/PRKAR1A/ITGB5/CDS2/SLC20A1/UGP2/GRK2/JUN/LMNA/SUCO
REACTOME_REGULATION_OF_EXPRESSION_OF_SLITS_AND_ROBOS,REACTOME_REGULATION_OF_EXPRESSION_OF_SLITS_AND_ROBOS,52,-0.592016426,-5.393943425,0.005128205,0.031712821,0.021268556,206,"tags=81%, list=16%, signal=71%",RPL26/RBM8A/RPLP1/ELOB/ELOC/RPL37/RPL35/RPL7/RPL36A/PSMC2/RPS28/PSMA4/RPL30/RPS5/RPS17/RPS24/RPL13A/RPS27A/RPL14/RPL24/RPL36/RPL37A/RPS14/RPL7A/RPL8/RPS7/RPS16/RPS23/RPL32/RPS3/RPL6/RPL5/FAU/RPS19/RPL21/RPL23/RPS3A/RPS20/PSMB3/PSMA6/RPL17
WP_INTEGRATED_BREAST_CANCER_PATHWAY,WP_INTEGRATED_BREAST_CANCER_PATHWAY,39,0.301677088,1.910430087,0.005221932,0.032163773,0.021570992,347,"tags=51%, list=27%, signal=39%",TGFBR1/TP53/TSC1/PTEN/TSC2/CDH1/NF1/BRAF/UBE2F/SMAD7/MAPK1/EGFR/BMPR1A/AHR/E2F1/STK11/CTNNB1/FADD/FOSL1/CDC25B
BRUINS_UVC_RESPONSE_VIA_TP53_GROUP_A,BRUINS_UVC_RESPONSE_VIA_TP53_GROUP_A,35,0.324072923,1.97666531,0.005263158,0.032289056,0.021655015,341,"tags=54%, list=26%, signal=41%",ATP2B1/CDH1/GATA3/ASCL1/DOCK5/TEAD1/RNH1/PPP2R2A/RABIF/KCTD10/BCL6/ZEB2/GNPNAT1/DPH1/MEF2C/PIK3R1/EMC6/PTCD1/FOSL1
REACTOME_HIV_INFECTION,REACTOME_HIV_INFECTION,51,-0.256178786,-2.277999873,0.005347594,0.03267739,0.021915455,529,"tags=71%, list=41%, signal=44%",NELFCD/NUP50/NUP35/POM121C/NUP58/AP2M1/GTF2H4/TAF2/NUP62/TAF10/HMGA1/NPM1/NDC1/UBAP1/PPIA/NMT1/ATP6V1H/SEM1/GTF2F2/POLR2K/XRCC5/ELOB/ELOC/GTF2E2/PSMC2/PSMA4/SKP1/VPS28/POLR2G/RPS27A/CDK7/POLR2H/BANF1/PSMB3/PSMA6
FARMER_BREAST_CANCER_BASAL_VS_LULMINAL,FARMER_BREAST_CANCER_BASAL_VS_LULMINAL,28,0.36050743,2.017541162,0.005434783,0.033011264,0.022139371,548,"tags=71%, list=42%, signal=42%",GATA3/KRT18/UGCG/GLS/SPTLC2/SLC16A1/CCNE1/SREBF1/MYB/FASN/PRKAR1A/ITGB5/KLF5/NDUFAF4/CCNC/FOXM1/PDSS1/TFAP2A/E2F3/SYNCRIP
WP_PANCREATIC_ADENOCARCINOMA_PATHWAY,WP_PANCREATIC_ADENOCARCINOMA_PATHWAY,22,0.403642323,2.039951172,0.005517241,0.033011264,0.022139371,627,"tags=86%, list=48%, signal=45%",CDKN1A/TGFBR1/TP53/BRAF/PAK2/ERBB2/IKBKG/RAF1/MAPK1/EGFR/E2F1/PIK3R1/PIK3CB/PIK3CA/CDK6/E2F3/RAC3/CCND1/RELA
REACTOME_INFLUENZA_INFECTION,REACTOME_INFLUENZA_INFECTION,54,-0.494443296,-4.548984355,0.005555556,0.033011264,0.022139371,483,"tags=89%, list=37%, signal=58%",NUP35/RPL28/POM121C/NUP58/RPL22/NUP62/NDC1/RPL10/GTF2F2/POLR2K/RPL26/RPLP1/RPL37/RPL35/RPL7/RPL36A/RPS28/RPL30/CPSF4/RPS5/RPS17/RPS24/RPL13A/POLR2G/RPS27A/POLR2H/RPL14/RPL24/RPL36/RPL37A/RPS14/RPL7A/RPL8/RPS7/RPS16/RPS23/RPL32/RPS3/RPL6/RPL5/FAU/RPS19/RPL21/RPL23/RPS3A/RPS20/RPL17
KEGG_GLIOMA,KEGG_GLIOMA,21,0.411620219,2.028902479,0.005578801,0.033011264,0.022139371,314,"tags=62%, list=24%, signal=48%",CDKN1A/TP53/PTEN/BRAF/SHC1/SOS1/RAF1/MAPK1/EGFR/E2F1/NRAS/PIK3R1/PIK3CB
KEGG_MELANOMA,KEGG_MELANOMA,21,0.412193195,2.031726716,0.005578801,0.033011264,0.022139371,314,"tags=62%, list=24%, signal=48%",CDKN1A/TP53/PTEN/CDH1/BRAF/RAF1/FGFR1/MAPK1/EGFR/E2F1/NRAS/PIK3R1/PIK3CB
ZWANG_CLASS_3_TRANSIENTLY_INDUCED_BY_EGF,ZWANG_CLASS_3_TRANSIENTLY_INDUCED_BY_EGF,21,0.415725261,2.049136496,0.005578801,0.033011264,0.022139371,184,"tags=52%, list=14%, signal=46%",TP63/UGCG/FOXA1/FERMT2/RUNX1/MTF1/SLC2A1/JUNB/SOCS3/SMAD7/TGIF1
KEGG_OXIDATIVE_PHOSPHORYLATION,KEGG_OXIDATIVE_PHOSPHORYLATION,56,-0.250370012,-2.367707687,0.005586592,0.033011264,0.022139371,936,"tags=96%, list=72%, signal=28%",NDUFA3/NDUFA2/NDUFC1/NDUFA10/NDUFA4/NDUFC2/NDUFB2/SDHD/NDUFS8/UQCR10/NDUFA1/COX7C/ATP5PO/UQCRB/NDUFB6/NDUFS5/NDUFB8/ATP5MG/NDUFA11/COX4I1/NDUFA8/NDUFA6/ATP5ME/NDUFA9/UQCRC2/NDUFS3/NDUFB7/COX6A1/ATP5PB/NDUFB3/NDUFS2/NDUFS7/COX5A/COX11/NDUFB9/COX6C/NDUFB10/CYC1/ATP5F1D/COX7B/NDUFS1/ATP5F1C/COX17/ATP5F1A/ATP5F1B/ATP5MF/ATP5F1E/SDHC/ATP6AP1/ATP6V1H/ATP6V1C1/ATP6V1F/ATP6V1B2
CREIGHTON_ENDOCRINE_THERAPY_RESISTANCE_5,CREIGHTON_ENDOCRINE_THERAPY_RESISTANCE_5,24,0.376022098,1.949011477,0.005602241,0.033011264,0.022139371,334,"tags=58%, list=26%, signal=44%",ATP2B1/GAB1/GOLGA7/NF1/ERBB2/CAB39/CCNE1/CAP1/RFK/AHR/RICTOR/MYH9/CTNNB1/SLC20A1
WP_NONSMALL_CELL_LUNG_CANCER,WP_NONSMALL_CELL_LUNG_CANCER,19,0.420461917,1.975421643,0.005673759,0.033011264,0.022139371,314,"tags=63%, list=24%, signal=49%",CDKN1A/TP53/BRAF/ERBB2/SOS1/RAF1/MAPK1/EGFR/E2F1/NRAS/PIK3R1/PIK3CB
REACTOME_CELLULAR_RESPONSE_TO_STARVATION,REACTOME_CELLULAR_RESPONSE_TO_STARVATION,58,-0.39496369,-3.722389343,0.005681818,0.033011264,0.022139371,196,"tags=64%, list=15%, signal=57%",RPL26/RPLP1/EIF2S2/RPL37/RPL35/RPL7/RPL36A/RPS28/RPL30/RPS5/RPS17/RPS24/ATP6V1B2/RPL13A/RPS27A/RPL14/RPL24/RPL36/RPL37A/RPS14/RPL7A/RPL8/RPS7/RPS16/RPS23/RPL32/RPS3/RPL6/RPL5/FAU/RPS19/RPL21/RPL23/RPS3A/RPS20/RPL17
REACTOME_MITOTIC_METAPHASE_AND_ANAPHASE,REACTOME_MITOTIC_METAPHASE_AND_ANAPHASE,58,-0.232224251,-2.188629229,0.005681818,0.033011264,0.022139371,506,"tags=67%, list=39%, signal=43%",TUBA1C/NUP35/TUBB4B/NUP58/VRK1/CENPO/CENPT/UBE2C/DYNLL1/CDC26/CENPI/NUP62/CCNB1/NDC1/CENPC/ANAPC2/KNL1/SEM1/CENPE/SGO1/FBXO5/MIS12/AHCTF1/RAD21/PSMC2/PSMA4/CDCA8/CENPK/MAD2L1/ANAPC1/DYNC1I2/RPS27A/ESPL1/AURKB/BANF1/CDC27/PSMB3/PSMA6
KEGG_HUNTINGTONS_DISEASE,KEGG_HUNTINGTONS_DISEASE,57,-0.222534426,-2.084078132,0.005747126,0.033011264,0.022139371,922,"tags=93%, list=71%, signal=28%",NDUFA2/NDUFC1/NDUFA10/NDUFA4/SP1/NDUFC2/NDUFB2/SDHD/NDUFS8/UQCR10/NDUFA1/COX7C/ATP5PO/UQCRB/NDUFB6/NDUFS5/NDUFB8/HDAC1/COX4I1/NDUFA8/RCOR1/NDUFA6/NDUFA9/UQCRC2/NDUFS3/NDUFB7/COX6A1/ATP5PB/NDUFB3/NDUFS2/NDUFS7/COX5A/NDUFB9/COX6C/NDUFB10/EP300/CYC1/ATP5F1D/COX7B/NDUFS1/ATP5F1C/AP2M1/VDAC1/ATP5F1A/ATP5F1B/ATP5F1E/SDHC/CYCS/SIN3A/POLR2K/POLR2G/POLR2H
REACTOME_SIGNALING_BY_MET,REACTOME_SIGNALING_BY_MET,20,0.423789842,2.024651197,0.005747126,0.033011264,0.022139371,351,"tags=65%, list=27%, signal=48%",GAB1/ITGA3/ITGB1/CRK/PTPN1/ARF6/SHC1/SH3GL1/SOS1/PTK2/NRAS/PIK3R1/MUC20
REACTOME_SIGNALING_BY_ROBO_RECEPTORS,REACTOME_SIGNALING_BY_ROBO_RECEPTORS,57,-0.502808261,-4.70889705,0.005747126,0.033011264,0.022139371,206,"tags=74%, list=16%, signal=65%",RPL26/RBM8A/RPLP1/ELOB/ELOC/RPL37/RPL35/RPL7/RPL36A/PSMC2/RPS28/PSMA4/RPL30/RPS5/RPS17/RPS24/RPL13A/RPS27A/RPL14/RPL24/RPL36/RPL37A/RPS14/RPL7A/RPL8/RPS7/RPS16/RPS23/RPL32/RPS3/RPL6/RPL5/FAU/RPS19/RPL21/RPL23/RPS3A/RPS20/PSMB3/PSMA6/RPL17
REACTOME_HIV_TRANSCRIPTION_INITIATION,REACTOME_HIV_TRANSCRIPTION_INITIATION,11,-0.48262717,-2.016671446,0.005763689,0.033011264,0.022139371,529,"tags=82%, list=41%, signal=49%",TAF2/TAF10/GTF2F2/POLR2K/GTF2E2/POLR2G/CDK7/POLR2H
TIEN_INTESTINE_PROBIOTICS_2HR_DN,TIEN_INTESTINE_PROBIOTICS_2HR_DN,17,0.445107868,1.996172016,0.005763689,0.033011264,0.022139371,376,"tags=71%, list=29%, signal=51%",GOLGA7/FERMT2/PICALM/SOS1/WWTR1/RAF1/TMEM165/HSPA13/ATP2C1/MAP4K4/TIAL1/CHMP5
REACTOME_MRNA_SPLICING,REACTOME_MRNA_SPLICING,55,-0.413352652,-3.790256822,0.005847953,0.033011264,0.022139371,276,"tags=69%, list=21%, signal=57%",DDX5/HNRNPC/DDX42/HNRNPA1/GTF2F2/SRSF10/PDCD7/CPSF1/POLR2K/TFIP11/RBM8A/YBX1/PCBP2/DHX16/RBM22/PCBP1/CPSF4/SNRNP25/MTREX/LSM7/LSM8/POLR2G/LSM3/POLR2H/SNRPG/SF3B4/SF3B6/PRPF38A/SNU13/SF3A3/LSM2/SF3B5/PHF5A/SNRPA1/PUF60/SRSF3/SNRPD1
KEGG_ACUTE_MYELOID_LEUKEMIA,KEGG_ACUTE_MYELOID_LEUKEMIA,15,0.459921349,1.967936061,0.005873715,0.033011264,0.022139371,314,"tags=67%, list=24%, signal=51%",BRAF/RUNX1/TCF7L2/IKBKG/SOS1/RAF1/MAPK1/NRAS/PIK3R1/PIK3CB
WAMUNYOKOLI_OVARIAN_CANCER_LMP_DN,WAMUNYOKOLI_OVARIAN_CANCER_LMP_DN,15,0.449725783,1.924310731,0.005873715,0.033011264,0.022139371,418,"tags=73%, list=32%, signal=50%",ARNT/ATP2B1/RNF146/UFSP2/TAOK1/FERMT2/PRKAR1A/HSP90AB1/GET1/EPC2/UGP2
WP_REGULATION_OF_TOLLLIKE_RECEPTOR_SIGNALING_PATHWAY,WP_REGULATION_OF_TOLLLIKE_RECEPTOR_SIGNALING_PATHWAY,15,0.453675176,1.941209605,0.005873715,0.033011264,0.022139371,641,"tags=93%, list=49%, signal=48%",MAPK14/IKBKG/MAPK1/PIK3R1/FADD/PIK3CB/OTUD5/MAP3K7/RNF31/PIK3CA/JUN/MLST8/RELA/CCL4
PID_FCER1_PATHWAY,PID_FCER1_PATHWAY,13,0.506610618,2.038356934,0.006069803,0.033011264,0.022139371,461,"tags=85%, list=36%, signal=55%",PXN/PAK2/SHC1/IKBKG/SOS1/RAF1/MAPK1/PTK2/PIK3R1/PIK3CA/JUN
GOTTWEIN_TARGETS_OF_KSHV_MIR_K12_11,GOTTWEIN_TARGETS_OF_KSHV_MIR_K12_11,12,0.514087282,2.009486586,0.00610687,0.033011264,0.022139371,540,"tags=92%, list=42%, signal=54%",PICALM/MYB/RFK/SLC33A1/PTDSS1/POLE3/MUC20/TRIP13/RNF31/PIK3CA/E2F3
GUO_HEX_TARGETS_UP,GUO_HEX_TARGETS_UP,12,0.518040043,2.024937306,0.00610687,0.033011264,0.022139371,436,"tags=83%, list=34%, signal=56%",PTEN/PTPN1/PCM1/WWTR1/MARK2/CD2BP2/EXT1/LUC7L2/SP1/WDR26
IWANAGA_CARCINOGENESIS_BY_KRAS_UP,IWANAGA_CARCINOGENESIS_BY_KRAS_UP,12,0.55070559,2.152621809,0.00610687,0.033011264,0.022139371,243,"tags=67%, list=19%, signal=55%",LDLR/RUNX1/SLC16A1/SOX2/TADA1/SUPT7L/CREBBP/TEDC2
PID_ANGIOPOIETIN_RECEPTOR_PATHWAY,PID_ANGIOPOIETIN_RECEPTOR_PATHWAY,12,0.541873906,2.118100142,0.00610687,0.033011264,0.022139371,299,"tags=75%, list=23%, signal=58%",CDKN1A/ITGB1/CRK/PXN/SHC1/MAPK14/MAPK1/PTK2/PIK3R1
PID_IL4_2PATHWAY,PID_IL4_2PATHWAY,12,0.529405304,2.069362331,0.00610687,0.033011264,0.022139371,437,"tags=83%, list=34%, signal=56%",IRF4/SHC1/MAPK14/SOCS3/BCL6/MYB/PIK3R1/IRS2/SP1/PIK3CA
PID_KIT_PATHWAY,PID_KIT_PATHWAY,12,0.532785692,2.08257574,0.00610687,0.033011264,0.022139371,310,"tags=75%, list=24%, signal=58%",GAB1/PTEN/SNAI2/SHC1/SOS1/RAF1/CREBBP/PIK3R1/GSK3B
REACTOME_INSULIN_RECEPTOR_SIGNALLING_CASCADE,REACTOME_INSULIN_RECEPTOR_SIGNALLING_CASCADE,12,0.525013772,2.052196522,0.00610687,0.033011264,0.022139371,319,"tags=75%, list=25%, signal=57%",GAB1/SHC1/SOS1/FGFR1/MAPK1/NRAS/PIK3R1/PIK3CB/IRS2
REACTOME_PHOSPHOLIPID_METABOLISM,REACTOME_PHOSPHOLIPID_METABOLISM,12,0.563133271,2.201199668,0.00610687,0.033011264,0.022139371,474,"tags=92%, list=37%, signal=59%",PTEN/CSNK2A1/PI4KB/PIK3R1/PTDSS1/PIK3CB/CDS2/CEPT1/CHKA/PIK3CA/ARF1
WP_KIT_RECEPTOR_SIGNALING_PATHWAY,WP_KIT_RECEPTOR_SIGNALING_PATHWAY,12,0.544086475,2.126748726,0.00610687,0.033011264,0.022139371,299,"tags=75%, list=23%, signal=58%",SNAI2/CRK/SHC1/MAPK14/JUNB/SOS1/RAF1/MAPK1/PIK3R1
WP_MICRORNAS_IN_CARDIOMYOCYTE_HYPERTROPHY,WP_MICRORNAS_IN_CARDIOMYOCYTE_HYPERTROPHY,12,0.547941854,2.141818798,0.00610687,0.033011264,0.022139371,314,"tags=75%, list=24%, signal=57%",MAPK14/IKBKG/RAF1/ROCK2/MAPK1/PIK3R1/CTNNB1/GSK3B/PIK3CB
WP_SYNAPTIC_SIGNALING_PATHWAYS_ASSOCIATED_WITH_AUTISM_SPECTRUM_DISORDER,WP_SYNAPTIC_SIGNALING_PATHWAYS_ASSOCIATED_WITH_AUTISM_SPECTRUM_DISORDER,12,0.533240583,2.084353835,0.00610687,0.033011264,0.022139371,314,"tags=75%, list=24%, signal=57%",TSC1/PTEN/TSC2/NF1/MAPK1/NRAS/PIK3R1/GSK3B/PIK3CB
WP_TNF_RELATED_WEAK_INDUCER_OF_APOPTOSIS_TWEAK_SIGNALING_PATHWAY,WP_TNF_RELATED_WEAK_INDUCER_OF_APOPTOSIS_TWEAK_SIGNALING_PATHWAY,12,0.521772939,2.039528615,0.00610687,0.033011264,0.022139371,627,"tags=100%, list=48%, signal=52%",MAPK14/RAF1/MAPK1/CTNNB1/GSK3B/FADD/MAP3K7/TRAF2/JUN/HDAC1/BIRC2/RELA
REACTOME_RRNA_PROCESSING,REACTOME_RRNA_PROCESSING,61,-0.529129256,-5.146402184,0.006134969,0.033047605,0.022163744,219,"tags=75%, list=17%, signal=66%",TBL3/EXOSC4/RPL26/EXOSC6/BOP1/RPLP1/DHX37/RPL37/RPL35/RPL7/RPL36A/RPS28/IMP3/BUD23/RPL30/RPS5/MTREX/RPS17/RPS24/RPL13A/UTP4/RPS27A/TRMT112/RPL14/RPL24/RPL36/RPL37A/RPS14/RPL7A/RPL8/RPS7/RPS16/RPS23/RPL32/RPS3/RPL6/RPL5/FAU/SNU13/RPS19/RPL21/RPL23/RPS3A/RPS20/RPL17
NIKOLSKY_BREAST_CANCER_8Q12_Q22_AMPLICON,NIKOLSKY_BREAST_CANCER_8Q12_Q22_AMPLICON,15,-0.36476502,-1.780472339,0.00623053,0.033215168,0.022276122,223,"tags=60%, list=17%, signal=50%",POP1/PABPC1/POLR2K/ELOC/INTS8/VIRMA/RPL7/RPL30
REACTOME_ANTIVIRAL_MECHANISM_BY_IFN_STIMULATED_GENES,REACTOME_ANTIVIRAL_MECHANISM_BY_IFN_STIMULATED_GENES,15,-0.376331379,-1.836929461,0.00623053,0.033215168,0.022276122,624,"tags=87%, list=48%, signal=46%",EIF4E2/PDE12/NUP50/NUP35/POM121C/NUP58/EIF4G2/NUP62/NDC1/ARIH1/UBE2N/RPS27A
REACTOME_PRC2_METHYLATES_HISTONES_AND_DNA,REACTOME_PRC2_METHYLATES_HISTONES_AND_DNA,15,-0.387972428,-1.893751153,0.00623053,0.033215168,0.022276122,409,"tags=73%, list=32%, signal=51%",SUZ12/H2BC21/H2BC15/H2BC9/H2BC13/H2AC20/H2BC6/H2BC11/H3-3A/H2BC4
PLASARI_TGFB1_TARGETS_10HR_UP,PLASARI_TGFB1_TARGETS_10HR_UP,10,0.554780069,1.979709515,0.006289308,0.0334133,0.022409002,341,"tags=80%, list=26%, signal=59%",TGFBR1/RUNX1/SLC2A1/JUNB/LRP8/UBE2G2/SLC20A1/FOSL1
REACTOME_CELL_CYCLE_CHECKPOINTS,REACTOME_CELL_CYCLE_CHECKPOINTS,67,-0.316610502,-3.266351208,0.006410256,0.033939234,0.022761725,402,"tags=67%, list=31%, signal=49%",CENPT/BRIP1/UBE2C/DYNLL1/CDC26/CLSPN/CENPI/DBF4/CCNB1/H2BC21/CDK2/CENPC/H2BC15/H2BC9/H2BC13/ANAPC2/KNL1/SEM1/MDM2/UBE2N/CENPE/RAD17/RAD9A/SGO1/H2BC6/PKMYT1/MCM4/H2BC11/MIS12/AHCTF1/PSMC2/PSMA4/CDCA8/CENPK/MAD2L1/ANAPC1/DYNC1I2/H2BC4/RPS27A/AURKB/RPA3/CDC27/PSMB3/PSMA6
DELACROIX_RARG_BOUND_MEF,DELACROIX_RARG_BOUND_MEF,35,0.311460243,1.89973495,0.006578947,0.034452328,0.023105837,553,"tags=69%, list=43%, signal=40%",HOXD13/G6PD/DUSP4/SHC1/YAP1/JUNB/WWTR1/ROCK2/COA3/STK11/FCHO2/OTUD5/CHKA/CNIH4/FURIN/SLC25A28/NDUFA4/MBNL1/NDUFS8/FUBP1/CERS2/RB1CC1/NDUFB8/PMM2
REACTOME_DNA_REPAIR,REACTOME_DNA_REPAIR,64,-0.255763388,-2.548002266,0.006578947,0.034452328,0.023105837,545,"tags=70%, list=42%, signal=43%",EP300/H2AX/USP10/REV1/FANCM/BAP1/FANCI/RAD51D/PPP4R2/RMI1/H2AZ1/GTF2H4/MAD2L2/BRIP1/DCLRE1B/CLSPN/ACTB/H2BC21/TERF2/USP7/CDK2/H2BC15/H2BC9/H2BC13/H2AC20/UBE2N/GPS1/TIPIN/ZNF830/POLR2K/RAD17/RAD9A/COPS8/XRCC5/H2BC6/H2BC11/UFD1/COPS5/H2BC4/POLR2G/RPS27A/CDK7/POLR2H/RPA3
REACTOME_METABOLISM_OF_AMINO_ACIDS_AND_DERIVATIVES,REACTOME_METABOLISM_OF_AMINO_ACIDS_AND_DERIVATIVES,64,-0.502543117,-5.006506247,0.006578947,0.034452328,0.023105837,133,"tags=69%, list=10%, signal=65%",RPL35/RPL7/RPL36A/PSMC2/RPS28/PSMA4/RPL30/EPRS1/LARS1/QARS1/RPS5/RPS17/RPS24/KARS1/RPL13A/MARS1/RPS27A/RPL14/IARS1/RPL24/RPL36/RPL37A/DARS1/RPS14/RPL7A/RPL8/RPS7/RPS16/RPS23/RPL32/RPS3/RPL6/RPL5/FAU/SARS1/RPS19/RPL21/RPL23/RPS3A/RPS20/PSMB3/PSMA6/RPL17
MASSARWEH_TAMOXIFEN_RESISTANCE_UP,MASSARWEH_TAMOXIFEN_RESISTANCE_UP,30,0.340895842,1.968691835,0.006596306,0.034452328,0.023105837,436,"tags=63%, list=34%, signal=43%",ATP2B1/GAB1/TAPT1/FERMT2/DOCK5/REXO2/ERBB2/CAB39/CCNE1/TM9SF3/ROCK2/BCL6/RICTOR/SLC20A1/TADA2B/MTERF4/CHP1/GOLT1B/WDR26
REACTOME_PROCESSING_OF_CAPPED_INTRON_CONTAINING_PRE_MRNA,REACTOME_PROCESSING_OF_CAPPED_INTRON_CONTAINING_PRE_MRNA,68,-0.389220107,-3.966494702,0.006622517,0.034472763,0.023119542,483,"tags=79%, list=37%, signal=53%",NUP35/POM121C/TRA2B/NUP58/ZRSR2/SRSF6/CCAR1/LSM6/CSTF2/NUP62/NDC1/WTAP/SYF2/DDX5/HNRNPC/NXF1/DDX42/HNRNPA1/GTF2F2/SRSF10/PDCD7/CPSF1/POLR2K/THOC3/TFIP11/RBM8A/YBX1/PCBP2/DHX16/RBM22/PCBP1/CPSF4/SNRNP25/MTREX/THOC2/LSM7/LSM8/POLR2G/LSM3/POLR2H/SNRPG/SF3B4/SF3B6/PRPF38A/SNU13/SF3A3/LSM2/SF3B5/PHF5A/SNRPA1/PUF60/SRSF3/SNRPD1
REACTOME_SWITCHING_OF_ORIGINS_TO_A_POST_REPLICATIVE_STATE,REACTOME_SWITCHING_OF_ORIGINS_TO_A_POST_REPLICATIVE_STATE,19,-0.378682063,-2.117248175,0.006734007,0.034935485,0.023429872,378,"tags=74%, list=29%, signal=53%",CDC26/CDK2/ANAPC2/SEM1/MCM4/PSMC2/PSMA4/SKP1/ANAPC1/RPS27A/CDC27/PSMB3/PSMA6
REACTOME_TP53_REGULATES_METABOLIC_GENES,REACTOME_TP53_REGULATES_METABOLIC_GENES,29,0.346361392,1.959681899,0.006811989,0.035176337,0.023591402,737,"tags=90%, list=57%, signal=40%",TP53/TSC1/PTEN/TP63/TSC2/GLS/G6PD/COX18/RRAGC/SCO2/NDUFA4/RRAGA/TXNRD1/COX7C/COX19/PRDX1/COX4I1/GPI/MLST8/LAMTOR3/YWHAE/COX6A1/LAMTOR4/COX5A/COX11/COX6C
REACTOME_TRNA_PROCESSING,REACTOME_TRNA_PROCESSING,25,-0.345130979,-2.227723673,0.006825939,0.035176337,0.023591402,558,"tags=80%, list=43%, signal=47%",RTRAF/NUP50/NUP35/RTCB/POM121C/NUP58/CSTF2/NUP62/XPOT/NDC1/THG1L/RPP21/CPSF1/POP1/POP5/EPRS1/TRNT1/CPSF4/TRMT112
VECCHI_GASTRIC_CANCER_EARLY_UP,VECCHI_GASTRIC_CANCER_EARLY_UP,71,-0.198465659,-2.083144452,0.006993007,0.035917571,0.024088519,553,"tags=66%, list=43%, signal=40%",KIF18B/MRPL13/CYC1/NELFCD/CEP55/PTMA/DSCC1/SLC39A10/FANCI/KIF20A/SKP2/TIMM13/NUP58/SMARCE1/ASPM/HMGB1/KIF14/BRIP1/UBE2C/MRPS16/ESCO2/IFITM3/HMGA1/CCNB1/NPM1/CKS1B/NCAPG2/KNL1/AATF/POP1/KIF4A/RRS1/THOC3/MCM4/AURKA/MZT1/GINS4/CENPK/MAD2L1/VARS1/POLR2G/UTP4/RPL8/RPA3/SNRPD1/HSPE1
PID_ERBB1_DOWNSTREAM_PATHWAY,PID_ERBB1_DOWNSTREAM_PATHWAY,23,0.378774267,1.9329641,0.007032349,0.036000037,0.024143826,509,"tags=74%, list=39%, signal=46%",GAB1/BRK1/BRAF/PPP2R2A/SOS1/RAF1/MAPK1/EGFR/NRAS/MEF2C/RICTOR/PIK3R1/PIK3CB/PIK3CA/JUN/ARPC3/NCKAP1
WP_SENESCENCE_AND_AUTOPHAGY_IN_CANCER,WP_SENESCENCE_AND_AUTOPHAGY_IN_CANCER,18,0.435011625,2.017407389,0.007072136,0.036084231,0.024200291,347,"tags=67%, list=27%, signal=50%",CDKN1A/TP53/PTEN/BRAF/AMBRA1/KMT2A/MAPK14/RAF1/MAPK1/E2F1/GSK3B/CDC25B
REACTOME_THE_CITRIC_ACID_TCA_CYCLE_AND_RESPIRATORY_ELECTRON_TRANSPORT,REACTOME_THE_CITRIC_ACID_TCA_CYCLE_AND_RESPIRATORY_ELECTRON_TRANSPORT,62,0.265580781,2.03691336,0.007109005,0.036153031,0.024246432,951,"tags=98%, list=73%, signal=28%",PDHA1/SLC16A1/COX18/NDUFAF6/NDUFV2/NDUFA3/NDUFA2/NDUFAF4/NDUFC1/NDUFAF3/SCO2/NDUFA10/NDUFA4/NDUFC2/NDUFB2/SDHD/NDUFS8/UQCR10/NDUFA1/COX7C/ATP5PO/UQCRB/NDUFB6/IDH3A/NDUFS5/NDUFB8/COX19/NDUFAF1/NDUFAF7/NDUFB11/ATP5MG/NDUFA11/COX4I1/NDUFA8/NDUFA6/ATP5ME/NDUFA9/UQCRC2/NDUFS3/NDUFB7/COX6A1/ATP5PB/NDUFB3/NDUFS2/NDUFS7/COX5A/COX11/NDUFB9/COX6C/NDUFB10/CYC1/ATP5F1D/COX7B/NDUFS1/ATP5F1C/VDAC1/ATP5F1A/ATP5F1B/ATP5MF/ATP5F1E/SDHC
MCBRYAN_PUBERTAL_BREAST_5_6WK_DN,MCBRYAN_PUBERTAL_BREAST_5_6WK_DN,20,0.416413816,1.989412314,0.007183908,0.036399766,0.024411908,296,"tags=60%, list=23%, signal=47%",PTEN/TAOK1/RUNX1/MAPK14/EGLN1/CSNK2A1/SOX9/ZEB2/CCND2/MEF2C/KEAP1/PPP6R3
KEGG_NON_SMALL_CELL_LUNG_CANCER,KEGG_NON_SMALL_CELL_LUNG_CANCER,17,0.430304437,1.929783177,0.007204611,0.036399766,0.024411908,314,"tags=65%, list=24%, signal=50%",TP53/BRAF/ERBB2/SOS1/RAF1/MAPK1/EGFR/E2F1/NRAS/PIK3R1/PIK3CB
REACTOME_RESPIRATORY_ELECTRON_TRANSPORT_ATP_SYNTHESIS_BY_CHEMIOSMOTIC_COUPLING_AND_HEAT_PRODUCTION_BY_UNCOUPLING_PROTEINS,REACTOME_RESPIRATORY_ELECTRON_TRANSPORT_ATP_SYNTHESIS_BY_CHEMIOSMOTIC_COUPLING_AND_HEAT_PRODUCTION_BY_UNCOUPLING_PROTEINS,58,0.264221352,1.959674838,0.007263923,0.036478783,0.024464902,826,"tags=88%, list=64%, signal=33%",COX18/NDUFAF6/NDUFV2/NDUFA3/NDUFA2/NDUFAF4/NDUFC1/NDUFAF3/SCO2/NDUFA10/NDUFA4/NDUFC2/NDUFB2/SDHD/NDUFS8/UQCR10/NDUFA1/COX7C/ATP5PO/UQCRB/NDUFB6/NDUFS5/NDUFB8/COX19/NDUFAF1/NDUFAF7/NDUFB11/ATP5MG/NDUFA11/COX4I1/NDUFA8/NDUFA6/ATP5ME/NDUFA9/UQCRC2/NDUFS3/NDUFB7/COX6A1/ATP5PB/NDUFB3/NDUFS2/NDUFS7/COX5A/COX11/NDUFB9/COX6C/NDUFB10/CYC1/ATP5F1D/COX7B/NDUFS1
REACTOME_SIGNALING_BY_EGFR,REACTOME_SIGNALING_BY_EGFR,16,0.444231477,1.953589777,0.007267442,0.036478783,0.024464902,299,"tags=62%, list=23%, signal=49%",ARHGEF7/GAB1/PXN/SHC1/CSK/SH3GL1/SOS1/EGFR/NRAS/PIK3R1
REACTOME_SIGNALING_BY_INTERLEUKINS,REACTOME_SIGNALING_BY_INTERLEUKINS,54,0.276102417,2.013890836,0.00729927,0.036519973,0.024492526,331,"tags=46%, list=26%, signal=36%",CDKN1A/TP53/ITGB1/ZEB1/GATA3/CRK/IRF4/DUSP4/LMNB1/PAK2/SHC1/PSMF1/MAPK14/JUNB/SOX2/IKBKG/SOCS3/SOS1/BCL6/MAPK1/MEF2C/PIK3R1/PIK3CB/IRS2/MAP3K7
REACTOME_SENESCENCE_ASSOCIATED_SECRETORY_PHENOTYPE_SASP,REACTOME_SENESCENCE_ASSOCIATED_SECRETORY_PHENOTYPE_SASP,26,-0.333779639,-2.162824967,0.007352941,0.036669829,0.024593029,409,"tags=69%, list=32%, signal=48%",CDK4/UBE2C/CDC26/H2BC21/CDK2/H2BC15/H2BC9/H2BC13/H2AC20/ANAPC2/H2BC6/H2BC11/H3-3A/ANAPC1/H2BC4/RPS27A/CDC27
REACTOME_MITOTIC_SPINDLE_CHECKPOINT,REACTOME_MITOTIC_SPINDLE_CHECKPOINT,29,-0.329534628,-2.286492167,0.007462687,0.037055146,0.024851446,402,"tags=69%, list=31%, signal=49%",CENPT/UBE2C/DYNLL1/CDC26/CENPI/CENPC/ANAPC2/KNL1/CENPE/SGO1/MIS12/AHCTF1/CDCA8/CENPK/MAD2L1/ANAPC1/DYNC1I2/AURKB/CDC27
PID_RAC1_PATHWAY,PID_RAC1_PATHWAY,13,0.480352636,1.932707473,0.007587253,0.037055146,0.024851446,509,"tags=85%, list=39%, signal=52%",BRK1/CTNNA1/CDH1/BCAR1/CRK/PAK2/MAPK14/CTNNB1/JUN/ARPC3/NCKAP1
VERHAAK_GLIOBLASTOMA_PRONEURAL,VERHAAK_GLIOBLASTOMA_PRONEURAL,13,0.493151913,1.984205595,0.007587253,0.037055146,0.024851446,310,"tags=69%, list=24%, signal=53%",FERMT1/ASCL1/SOX2/ZEB2/MYB/CHD7/SOX10/ERBB3/GSK3B
WALLACE_PROSTATE_CANCER_RACE_UP,WALLACE_PROSTATE_CANCER_RACE_UP,13,0.489152572,1.968114172,0.007587253,0.037055146,0.024851446,395,"tags=77%, list=30%, signal=54%",FLI1/POU2AF1/PDHA1/CDH2/SOS1/RASA4/MYB/CTNNB1/IRS2/SLC7A5
WP_MIRNA_REGULATION_OF_PROSTATE_CANCER_SIGNALING_PATHWAYS,WP_MIRNA_REGULATION_OF_PROSTATE_CANCER_SIGNALING_PATHWAYS,13,0.485338934,1.952769931,0.007587253,0.037055146,0.024851446,310,"tags=69%, list=24%, signal=53%",CDKN1A/TP53/IKBKG/SOS1/RAF1/MAPK1/CREBBP/CTNNB1/GSK3B
WP_WNT_SIGNALING_PATHWAY_NETPATH,WP_WNT_SIGNALING_PATHWAY_NETPATH,13,0.474212006,1.908000536,0.007587253,0.037055146,0.024851446,620,"tags=92%, list=48%, signal=49%",TSC1/TSC2/TCF3/TCF7L2/BCL9/MAPK1/CTNNB1/GSK3B/MAP3K7/APC/CDK6/CCND1
KEGG_ARRHYTHMOGENIC_RIGHT_VENTRICULAR_CARDIOMYOPATHY_ARVC,KEGG_ARRHYTHMOGENIC_RIGHT_VENTRICULAR_CARDIOMYOPATHY_ARVC,11,0.561659185,2.111624041,0.007621951,0.037055146,0.024851446,475,"tags=91%, list=37%, signal=58%",ITGA3/ITGB1/CTNNA1/CDH2/TCF7L2/ITGAV/CTNNB1/ITGB5/ACTG1/LMNA
WP_ARRHYTHMOGENIC_RIGHT_VENTRICULAR_CARDIOMYOPATHY,WP_ARRHYTHMOGENIC_RIGHT_VENTRICULAR_CARDIOMYOPATHY,11,0.561659185,2.111624041,0.007621951,0.037055146,0.024851446,475,"tags=91%, list=37%, signal=58%",ITGA3/ITGB1/CTNNA1/CDH2/TCF7L2/ITGAV/CTNNB1/ITGB5/ACTG1/LMNA
REACTOME_M_PHASE,REACTOME_M_PHASE,88,-0.285273364,-3.232566795,0.008,0.03877116,0.02600231,486,"tags=69%, list=37%, signal=47%",TUBA1C/NUP50/NUP35/TUBB4B/POM121C/NUMA1/NUP58/VRK1/H2AZ1/CENPO/CENPT/UBE2C/DYNLL1/CDC26/CENPI/NUP62/CCNB1/H2BC21/NDC1/CENPC/H2BC15/H2BC9/H2BC13/ACTR1A/H2AC20/ANAPC2/NCAPH2/TUBGCP5/NCAPG2/KNL1/SEM1/NCAPD3/CENPE/SGO1/TUBGCP2/H2BC6/FBXO5/HAUS6/H2BC11/MIS12/AHCTF1/MZT1/RAD21/H3-3A/PSMC2/PSMA4/CDCA8/CENPK/MAD2L1/ANAPC1/DYNC1I2/H2BC4/RPS27A/KIF23/ESPL1/AURKB/BANF1/CDC27/PSMB3/PSMA6
REACTOME_HCMV_EARLY_EVENTS,REACTOME_HCMV_EARLY_EVENTS,32,-0.285712576,-2.072843169,0.008064516,0.038840318,0.026048691,485,"tags=69%, list=37%, signal=44%",NUP50/NUP35/TUBB4B/POM121C/NUP58/DYNLL1/SUZ12/H2AC15/NUP62/H2BC21/NDC1/HDAC3/H2BC15/H2BC9/H2BC13/H2AC20/H2AC17/H2BC6/H2BC11/DYNC1I2/H2BC4
WP_VEGFAVEGFR2_SIGNALING_PATHWAY,WP_VEGFAVEGFR2_SIGNALING_PATHWAY,81,0.223637759,1.872762795,0.008064516,0.038840318,0.026048691,398,"tags=47%, list=31%, signal=35%",ARNT/GAB1/ITGB1/CTNNA1/BCAR1/LARP7/CRK/PTPN1/PXN/PAK2/ARF6/DPM1/SHC1/MAPK14/CSK/SLC7A1/RAF1/ROCK2/MAPK1/CREBBP/ITGAV/PTK2/MEF2C/RICTOR/PIK3R1/MYH9/PPM1G/CTNNB1/ITGB5/GSK3B/FADD/GIGYF2/ELOA/DHX29/SMARCA2/VCL/ACTG1/FLII
PID_P53_DOWNSTREAM_PATHWAY,PID_P53_DOWNSTREAM_PATHWAY,28,0.337616683,1.889435552,0.008152174,0.039140562,0.026250053,541,"tags=71%, list=42%, signal=43%",CDKN1A/TP53/PTEN/TP63/TSC2/SNAI2/FOXA1/BCL6/CARM1/CREBBP/EGFR/E2F1/MAP4K4/TADA2B/COP1/SP1/JUN/APC/E2F3/SMARCA4
YOSHIMURA_MAPK8_TARGETS_UP,YOSHIMURA_MAPK8_TARGETS_UP,62,0.258708159,1.984202715,0.008293839,0.039697445,0.026623534,375,"tags=48%, list=29%, signal=36%",NF2/IRF2/ARNT/CDKN1A/ISL1/KRT18/UGCG/TCF3/DUSP4/HMBS/ERBB2/MAPK14/MYCN/AK2/SOCS3/RAF1/RABIF/MARK2/DYRK1A/SOX10/EGFR/PTK2/ERBB3/GSK3B/IRS2/CDC25B/POLE3/ELOA/PPA2/FURIN
WANG_TUMOR_INVASIVENESS_UP,WANG_TUMOR_INVASIVENESS_UP,95,-0.166890096,-1.976131569,0.008333333,0.039763374,0.02666775,848,"tags=84%, list=65%, signal=32%",ARPC3/HS6ST1/KPNA2/UBE2Q1/EZH2/DAZAP1/USP14/COX7C/NDUFB8/IPO5/MRPL57/ELAVL1/COX4I1/SCAF8/CCND1/ATP5ME/NDUFB7/ATP5PB/TRIM28/NDUFS2/RAB7A/RBM10/ZC3H13/HSP90B1/KIF20A/RPL28/TUBB4B/TOMM20/SSB/ENY2/EIF3H/H2AZ1/STRAP/ATP5F1A/EIF4G2/EIF4B/IFITM3/NPM1/CYCS/CDC42/ARIH1/DDX5/PKM/CKS1B/PPIA/SERBP1/ATP6V1C1/GTF3A/PABPC1/TARDBP/YBX1/NUTF2/EIF2S2/RPL35/RPL7/NACA/PSMC2/SPOUT1/HSPD1/PSMA4/RPL30/PCBP1/CENPK/NEDD8/RPS5/RPL13A/RPL14/RPS14/RPL8/RPS7/RPS16/RPL32/RPS3/RPL6/FAU/RPL21/RPS20/SRSF3/HSPE1
WP_OXIDATIVE_PHOSPHORYLATION,WP_OXIDATIVE_PHOSPHORYLATION,33,-0.264444901,-1.935951438,0.008403361,0.039974144,0.026809104,922,"tags=97%, list=71%, signal=29%",NDUFA2/NDUFC1/NDUFA10/NDUFA4/NDUFC2/NDUFB2/NDUFS8/ATP5PO/NDUFB6/NDUFS5/NDUFB8/ATP5MG/NDUFA11/NDUFA8/NDUFA6/ATP5ME/NDUFA9/NDUFS3/NDUFB7/ATP5PB/NDUFS2/NDUFS7/NDUFB9/NDUFB10/ATP5F1D/NDUFS1/ATP5F1A/ATP5F1B/ATP5MF/ATP5F1E/ATP6AP1
RAY_TUMORIGENESIS_BY_ERBB2_CDC25A_DN,RAY_TUMORIGENESIS_BY_ERBB2_CDC25A_DN,23,0.371357107,1.895112787,0.008438819,0.040019673,0.026839639,689,"tags=87%, list=53%, signal=42%",AK2/SURF4/CDS2/DDI2/PKN2/RRAGC/MIB1/EPC2/GRK2/NMNAT1/EMC1/MICOS10/DPH2/PPCS/NDUFS5/UBE4B/CFLAR/GABPB1/SETD5/PUM1
REACTOME_NERVOUS_SYSTEM_DEVELOPMENT,REACTOME_NERVOUS_SYSTEM_DEVELOPMENT,97,-0.189038897,-2.231310718,0.008474576,0.040066345,0.02687094,156,"tags=40%, list=12%, signal=38%",ELOB/ELOC/RPL37/RPL35/RPL7/RPL36A/PSMC2/RPS28/PSMA4/RPL30/RPS5/RPS17/RPS24/RPL13A/RPS27A/RPL14/RPL24/RPL36/RPL37A/RPS14/RPL7A/RPL8/RPS7/RPS16/RPS23/RPL32/RPS3/RPL6/RPL5/FAU/RPS19/RPL21/RPL23/RPS3A/RPS20/PSMB3/PSMA6/RPL17
PEREZ_TP53_TARGETS,PEREZ_TP53_TARGETS,51,0.268602753,1.916456111,0.008588957,0.040143332,0.026922572,569,"tags=67%, list=44%, signal=39%",CDKN1A/GAB1/TSC2/GATA3/ASCL1/FLI1/ELMO2/LDB1/DLG5/IRF4/MON2/CEP43/JUNB/SLC7A1/SMAD7/TMEM165/MYB/EXT2/RFK/SPTSSA/CRAMP1/FCHO2/CHKA/CNIH4/MED23/MBNL1/HS6ST1/CCNF/GRHL2/UBE2Q1/ARID2/BRPF1/KDM2A/CDIN1
IVANOVA_HEMATOPOIESIS_MATURE_CELL,IVANOVA_HEMATOPOIESIS_MATURE_CELL,20,0.397013859,1.896729239,0.00862069,0.040143332,0.026922572,436,"tags=70%, list=34%, signal=47%",TAPT1/ASNS/CDK8/MTF1/SLC16A1/PICALM/EGFR/BMPR1A/PIK3CB/OTUD5/CDCA3/CHP1/DERL2/WDR26
KEGG_PANCREATIC_CANCER,KEGG_PANCREATIC_CANCER,20,0.389774875,1.862145074,0.00862069,0.040143332,0.026922572,627,"tags=85%, list=48%, signal=45%",TGFBR1/TP53/BRAF/ERBB2/IKBKG/RAF1/MAPK1/EGFR/E2F1/PIK3R1/PIK3CB/PIK3CA/CDK6/E2F3/RAC3/CCND1/RELA
MONNIER_POSTRADIATION_TUMOR_ESCAPE_DN,MONNIER_POSTRADIATION_TUMOR_ESCAPE_DN,20,0.38752354,1.851389347,0.00862069,0.040143332,0.026922572,702,"tags=90%, list=54%, signal=42%",KRT18/UROS/SMAD7/UBE2A/RASA4/ARHGAP29/SSBP3/ITGB5/NDUFAF3/UGP2/JUN/ACSL3/VMA21/PRKRA/CDK13/COX6A1/PNKP/NDUFB3
PASINI_SUZ12_TARGETS_DN,PASINI_SUZ12_TARGETS_DN,20,0.399087402,1.906635566,0.00862069,0.040143332,0.026922572,636,"tags=85%, list=49%, signal=44%",CDKN1A/ITGA3/ITGB1/KRT18/CDH2/WWTR1/KCTD10/CAP1/ITGAV/LRP8/IRS2/VCL/JUN/CDK6/ACSL4/ILK/ZMYND8
ENK_UV_RESPONSE_EPIDERMIS_DN,ENK_UV_RESPONSE_EPIDERMIS_DN,49,0.272779034,1.902816793,0.00872818,0.04036132,0.027068768,713,"tags=78%, list=55%, signal=36%",ATP2B1/GNA13/TSC2/GATA3/SNAI2/UGCG/KMT2A/YAP1/PPP2R2A/EGLN1/SMAD7/ITGAV/ARHGAP29/UAP1/PIK3CB/IRS2/SLC20A1/FOSL1/EXT1/SLC7A5/THAP12/VPS45/SUCO/ZFP36L2/APC/ZNF217/TXNRD1/ARID1A/SYNCRIP/NAMPT/LCE2B/CCND1/VPS41/UBE2H/HK2/SINHCAF/RNF4/MBTPS1
LI_AMPLIFIED_IN_LUNG_CANCER,LI_AMPLIFIED_IN_LUNG_CANCER,37,-0.245814287,-1.893847397,0.008733624,0.04036132,0.027068768,378,"tags=62%, list=29%, signal=45%",ATP5MF/MCL1/CYCS/PKM/PABPC1/HYOU1/ELOC/RPL37/RPL35/RPL7/RPL36A/NACA/HSPD1/RPL30/RPS5/RPL37A/RPL8/RPS7/RPS16/RPS20/RPL17/HSPE1
GRAHAM_CML_DIVIDING_VS_NORMAL_QUIESCENT_UP,GRAHAM_CML_DIVIDING_VS_NORMAL_QUIESCENT_UP,36,-0.23807528,-1.80812924,0.00877193,0.04036132,0.027068768,825,"tags=89%, list=64%, signal=33%",KPNA2/PDSS1/EZH2/KIF2C/SYNCRIP/UBE2S/ZWINT/KIF18B/CEP55/DSCC1/FANCI/KIF20A/VRK1/ASPM/UBE2C/CCNB1/TYMS/CKS1B/DPAGT1/KIF4A/MCM4/FBXO5/AURKA/DUT/MAD2L1/SNRNP25/EIF1AX/ESPL1/AURKB/RPA3/SNRPD1
REACTOME_TRANSLATION,REACTOME_TRANSLATION,103,-0.397563129,-4.865288443,0.00877193,0.04036132,0.027068768,708,"tags=93%, list=55%, signal=46%",RPL26L1/FARS2/AARS2/MRPS34/MTRF1L/MRPS2/MRPL36/MRPL58/MRPL3/MRPL55/MRPL43/MRPL23/MRPL41/VARS2/GFM2/RPL36AL/MRPL13/ERAL1/SPCS2/CARS2/RPL28/SRPRA/RPL22/EIF3H/MRPS16/EEF1B2/IARS2/MRPS11/EIF4B/SRP14/RPL10/EEF1G/MRPS21/MRPL10/MARS2/EIF3G/PABPC1/WARS1/SEC61G/RPL26/RPLP1/EIF3F/EIF3E/EIF2S2/RPL37/RPL35/RPL7/RPL36A/GARS1/CARS1/RPS28/HARS1/RPL30/EPRS1/LARS1/EIF1AX/QARS1/RPS5/RPS17/RPS24/NARS1/VARS1/KARS1/RPL13A/AARS1/MARS1/RPS27A/TRMT112/RPL14/IARS1/RPL24/RPL36/RPL37A/DARS1/TARS1/RPS14/YARS1/RPL7A/RPL8/RPS7/RPS16/RPS23/RPL32/RPS3/RPL6/RPL5/FAU/SARS1/RPS19/RPL21/RPL23/SRP54/RPS3A/RPS20/RPL17
ROSTY_CERVICAL_CANCER_PROLIFERATION_CLUSTER,ROSTY_CERVICAL_CANCER_PROLIFERATION_CLUSTER,40,-0.232292213,-1.866360357,0.00896861,0.04114383,0.027593568,553,"tags=70%, list=43%, signal=41%",KIF18B/CEP55/FANCI/KIF20A/ACACA/ASPM/H2AZ1/KIF14/UBE2C/DBF4/HMGA1/CCNB1/TYMS/DPAGT1/KIF4A/CENPE/MCM4/FBXO5/AURKA/GINS4/CDCA8/MAD2L1/PRELID3B/KIF23/ESPL1/AURKB/RPA3
KEGG_TOLL_LIKE_RECEPTOR_SIGNALING_PATHWAY,KEGG_TOLL_LIKE_RECEPTOR_SIGNALING_PATHWAY,11,0.51048951,1.919245608,0.009146341,0.041303905,0.027700924,641,"tags=100%, list=49%, signal=51%",MAPK14/IKBKG/MAPK1/PIK3R1/FADD/PIK3CB/MAP3K7/PIK3CA/JUN/RELA/CCL4
PID_EPHB_FWD_PATHWAY,PID_EPHB_FWD_PATHWAY,11,0.524380217,1.971469359,0.009146341,0.041303905,0.027700924,299,"tags=73%, list=23%, signal=56%",CRK/PXN/SHC1/MAPK1/PTK2/MAP4K4/NRAS/PIK3R1
SENESE_HDAC1_TARGETS_DN,SENESE_HDAC1_TARGETS_DN,11,0.510977914,1.921081818,0.009146341,0.041303905,0.027700924,204,"tags=64%, list=16%, signal=54%",BCAR1/EIPR1/FDFT1/SOX2/ROCK2/FGFR1/RASA4
WP_TOLLLIKE_RECEPTOR_SIGNALING_PATHWAY,WP_TOLLLIKE_RECEPTOR_SIGNALING_PATHWAY,11,0.51048951,1.919245608,0.009146341,0.041303905,0.027700924,641,"tags=100%, list=49%, signal=51%",MAPK14/IKBKG/MAPK1/PIK3R1/FADD/PIK3CB/MAP3K7/PIK3CA/JUN/RELA/CCL4
BIOCARTA_MET_PATHWAY,BIOCARTA_MET_PATHWAY,12,0.496504662,1.94075888,0.009160305,0.041303905,0.027700924,461,"tags=83%, list=36%, signal=54%",GAB1/PTEN/ITGB1/CRK/SOS1/RAF1/MAPK1/PIK3R1/PIK3CA/JUN
WAKABAYASHI_ADIPOGENESIS_PPARG_RXRA_BOUND_8D,WAKABAYASHI_ADIPOGENESIS_PPARG_RXRA_BOUND_8D,91,0.210346067,1.835136002,0.009163803,0.041303905,0.027700924,706,"tags=69%, list=54%, signal=34%",CDKN1A/UFSP2/SNAI2/BCAR1/PDHA1/SIVA1/SHC1/TCF7L2/YAP1/PPP2R2A/TRIT1/LIPT1/EMC2/TGIF1/BCL6/ZEB2/GNPNAT1/GGNBP2/ARHGAP29/TIPARP/HSD17B12/FADD/OST4/GIGYF2/EMC6/CEPT1/OTUD5/STK40/CDCA3/RMND5A/TOMM70/CHP1/DNAJC19/MTCH2/ZNHIT1/MBNL1/NDUFC2/EARS2/IBA57/TRAF2/LMNA/ACSL3/NDUFS8/MRE11/PPCS/IDH3A/HNRNPF/ELAVL1/PRKRA/FDX1/CDK13/EFR3A/MLST8/UBE4B/GCSH/UTP3/ZMYND8/ATP1B3/SETD5/PTBP1/MRPL36/STAG1/RNF4
BASAKI_YBX1_TARGETS_UP,BASAKI_YBX1_TARGETS_UP,43,-0.227492603,-1.887945938,0.009302326,0.041806382,0.028037915,559,"tags=70%, list=43%, signal=41%",ZWINT/WDR1/CEP55/FANCI/KIF20A/NUP50/DDX11/TUBB4B/ASPM/CENPO/SLC3A2/UBE2C/CENPI/CCNB1/CDK2/TYMS/ACTR1A/DPAGT1/KIF4A/RRS1/MCM4/AURKA/CDCA8/MAD2L1/MARS1/KIF23/ESPL1/AURKB/SNRPA1
CHARAFE_BREAST_CANCER_LUMINAL_VS_MESENCHYMAL_DN,CHARAFE_BREAST_CANCER_LUMINAL_VS_MESENCHYMAL_DN,27,0.348143117,1.920325915,0.009497965,0.042438883,0.028462109,393,"tags=59%, list=30%, signal=42%",KIRREL1/ZEB1/SNAI2/GLS/FLI1/TEAD1/PICALM/SOCS3/WWTR1/ITGAV/EGFR/MAP4K4/FOSL1/EXT1/VCL/ACTG1
KEGG_CHRONIC_MYELOID_LEUKEMIA,KEGG_CHRONIC_MYELOID_LEUKEMIA,27,0.354230552,1.953903659,0.009497965,0.042438883,0.028462109,314,"tags=56%, list=24%, signal=43%",CDKN1A/TGFBR1/TP53/BRAF/CRK/RUNX1/SHC1/IKBKG/SOS1/RAF1/MAPK1/E2F1/NRAS/PIK3R1/PIK3CB
KIM_BIPOLAR_DISORDER_OLIGODENDROCYTE_DENSITY_CORR_UP,KIM_BIPOLAR_DISORDER_OLIGODENDROCYTE_DENSITY_CORR_UP,110,-0.20997919,-2.566893757,0.009803922,0.04367972,0.02929429,907,"tags=91%, list=70%, signal=30%",SLC7A5/NDUFC1/NDUFAF3/MSL1/SLC30A9/VBP1/ARPC3/RRAGA/NDUFS8/NDUFA1/COX7C/ATP5PO/UQCRB/KATNB1/CCND3/NDUFB8/PRDX1/EFR3A/NDUFA6/UQCRC2/FKBP1A/NDUFS3/C1QBP/CFL1/COX6A1/FDPS/NDUFB3/ADRM1/RNF4/TRIM28/TRIM37/NDUFS7/COX5A/COX6C/RPL36AL/CYC1/VPS51/DRAP1/HSP90B1/ADAR/BAP1/TUBB4B/RTCB/WDR7/TRA2B/ISCA1/ATP5F1C/PFDN5/COX17/ATP5MF/PFN1/EIF4B/PPP1R11/TAF10/SRP14/TPI1/ATP6AP1/GPX4/ACTR1A/SCAP/PKM/SEM1/EIF3G/ATP6V1F/XRCC5/HYOU1/YBX1/RPLP1/EIF3F/EIF3E/RPL37/RPL35/RPL7/CCT8/NACA/PSMC2/GARS1/PSMA4/COPS5/NEDD8/VPS28/RPS17/RPS24/NARS1/ATP6V1B2/AARS1/RPS27A/RPL24/PHB2/SF3B4/YARS1/RPL8/RPL32/FAU/SNU13/SARS1/RPS19/PUF60/PSMB3
DAVICIONI_TARGETS_OF_PAX_FOXO1_FUSIONS_UP,DAVICIONI_TARGETS_OF_PAX_FOXO1_FUSIONS_UP,18,0.410784739,1.905052925,0.00990099,0.043734088,0.029330753,461,"tags=72%, list=36%, signal=47%",KRT18/SNAI2/TCF7L2/MYCN/TGIF1/CAP1/CCND2/ARHGAP29/MAP4K4/MYH9/IRS2/UGP2/JUN
HSIAO_HOUSEKEEPING_GENES,HSIAO_HOUSEKEEPING_GENES,109,-0.28807913,-3.50101019,0.00990099,0.043734088,0.029330753,440,"tags=67%, list=34%, signal=48%",BCLAF1/ATP5F1C/ARF4/PFDN5/H2AZ1/UBE2D3/HMGB1/UBE2C/DYNLL1/ATP5F1A/ATP5F1B/EIF4G2/PFN1/EEF1B2/ACTB/IFITM3/SRP14/NPM1/EEF1G/GPX4/DHPS/DDX5/HNRNPC/PPIA/HNRNPA1/FNTA/GPS1/PABPC1/WARS1/ATP6V1F/YBX1/PCBP2/RPLP1/EIF3F/EIF3E/H3-3A/RPL35/RPL7/RPL36A/NACA/RPS28/HSPD1/NEDD8/QARS1/RPS5/RPS17/KARS1/RPL13A/AARS1/RACK1/RPS27A/RPL14/RPL24/PHB2/ERH/RPL37A/RPS14/RPL7A/RPL8/RPS7/RPS16/RPS23/RPL32/RPS3/RPL6/SARS1/RPS19/RPL21/RPL23/RPS3A/PSMB3/RPL17
WP_WNT_SIGNALING_PATHWAY_AND_PLURIPOTENCY,WP_WNT_SIGNALING_PATHWAY_AND_PLURIPOTENCY,18,0.411514148,1.908435628,0.00990099,0.043734088,0.029330753,654,"tags=89%, list=50%, signal=45%",TP53/LDLR/TCF7L2/PPP2R2A/SOX2/CREBBP/CCND2/CTNNB1/GSK3B/MAP3K7/FOSL1/JUN/APC/CCND3/CCND1/PTPA
DAZARD_RESPONSE_TO_UV_NHEK_DN,DAZARD_RESPONSE_TO_UV_NHEK_DN,39,0.284562765,1.80205024,0.010443864,0.045965002,0.03082694,500,"tags=62%, list=39%, signal=39%",ARHGEF7/ATP2B1/TP63/LARP7/FERMT2/CCNE1/ADNP/SLC7A1/SMAD7/NFE2L2/DYRK1A/CREBBP/PTK2/TIPARP/AHR/ERBB3/KEAP1/USP1/CHD1/MNT/CNOT4/TAF5L/SUCO/ZNF217
DUTERTRE_ESTRADIOL_RESPONSE_24HR_UP,DUTERTRE_ESTRADIOL_RESPONSE_24HR_UP,53,-0.238642636,-2.209571241,0.010471204,0.045965002,0.03082694,553,"tags=70%, list=43%, signal=42%",FANCA/H2AX/CEP55/DSCC1/FANCI/SKP2/RMI1/VRK1/ASPM/CENPO/CIT/BRIP1/UBE2C/DCLRE1B/ESCO2/CLSPN/CENPI/CDK2/TYMS/NCAPH2/NCAPG2/KNL1/NCAPD3/KIF4A/PKMYT1/MCM4/FBXO5/AURKA/DUT/DDX10/TONSL/SNRNP25/KIF23/ESPL1/AURKB/RPA3
RAO_BOUND_BY_SALL4,RAO_BOUND_BY_SALL4,30,0.337090167,1.946713858,0.01055409,0.045965002,0.03082694,277,"tags=50%, list=21%, signal=40%",ARNT/TP53/GNA13/ASNS/LDB1/GTF3C6/TP53BP1/SOX2/MYCN/SLC25A1/FGFR1/CHD7/GNPNAT1/SSBP3/MAP4K4
NUYTTEN_EZH2_TARGETS_UP,NUYTTEN_EZH2_TARGETS_UP,64,0.245408195,1.912932498,0.010588235,0.045965002,0.03082694,769,"tags=80%, list=59%, signal=34%",IRF2/CDKN1A/GNA13/FLCN/PTPN1/FERMT2/SLC2A1/PSMF1/CAB39/EGLN1/JUNB/MAEA/FIS1/KCTD10/RNF7/SPTSSA/EDF1/SPTLC1/UAP1/ITGB5/PIK3CB/FCHO2/CEPT1/STK40/RANBP3/RBSN/CHMP5/SLC25A28/WDR26/PIK3CA/JUN/ZFP36L1/OSTC/ZFP36L2/ICMT/DNAJA1/PRDX1/NAMPT/FDX1/EFR3A/BIRC2/FKBP1A/CFLAR/HIRA/HK2/USP18/MT2A/MT1E/GFM2/ADSS2/WDR1
REACTOME_SIGNALING_BY_ERBB2,REACTOME_SIGNALING_BY_ERBB2,13,0.467453931,1.880809301,0.010622155,0.045965002,0.03082694,449,"tags=77%, list=35%, signal=51%",GAB1/ERBB2/SHC1/SOS1/EGFR/ERBB3/NRAS/PIK3R1/PIK3CA/MEMO1
RODRIGUES_THYROID_CARCINOMA_POORLY_DIFFERENTIATED_DN,RODRIGUES_THYROID_CARCINOMA_POORLY_DIFFERENTIATED_DN,62,0.253821233,1.94672167,0.010663507,0.045965002,0.03082694,895,"tags=90%, list=69%, signal=29%",RNF146/PTEN/NF1/SUPT20H/FBXO7/ERBB2/MON2/PAX8/PPP2R2A/CSNK2A1/TMEM80/KCTD10/ZEB2/RASA4/CRTC3/PI4KB/CCND2/GGNBP2/LRP8/ERBB3/RPUSD3/PAGR1/CASC3/PTCD1/TTC7A/PPA2/MED23/SP1/MBNL1/UFL1/JUN/GRHL2/ZFP36L2/NDUFS8/MDM4/ARID2/NAMPT/CDK13/RBM5/HECTD1/CFLAR/HIRA/TBL1XR1/DICER1/SRRM2/CUL3/REV1/VPS51/SNAP23/SLC39A10/ACIN1/WDR7/ENY2/SMARCE1/UBE2D3/RHOQ
MIYAGAWA_TARGETS_OF_EWSR1_ETS_FUSIONS_UP,MIYAGAWA_TARGETS_OF_EWSR1_ETS_FUSIONS_UP,12,0.491446345,1.920986713,0.010687023,0.045965002,0.03082694,666,"tags=100%, list=51%, signal=49%",KRT18/FLI1/SPTLC2/KDSR/ROCK2/ZEB2/FGFR1/SSBP3/EZH2/RCOR1/FKBP1A/TBL1XR1
SOTIRIOU_BREAST_CANCER_GRADE_1_VS_3_UP,SOTIRIOU_BREAST_CANCER_GRADE_1_VS_3_UP,51,-0.213780154,-1.90098162,0.010695187,0.045965002,0.03082694,972,"tags=96%, list=75%, signal=25%",TOMM70/TRIP13/JMJD6/MRPS17/SLC7A5/FOXM1/KPNA2/HCCS/PDSS1/EZH2/TXNRD1/KIF2C/GTSE1/MRPL15/UBE2S/ZWINT/KIF18B/CEP55/DSCC1/KIF20A/TUBA1C/COX7B/VRK1/ASPM/H2AZ1/KIF14/UBE2C/CENPI/XPOT/CCNB1/CDK2/NCAPG2/UBE2N/KIF4A/POLR2K/CENPE/PKMYT1/MCM4/FBXO5/NUTF2/ELOC/AURKA/CDCA8/MAD2L1/MARS1/SNRPG/ESPL1/AURKB
WP_NCRNAS_INVOLVED_IN_WNT_SIGNALING_IN_HEPATOCELLULAR_CARCINOMA,WP_NCRNAS_INVOLVED_IN_WNT_SIGNALING_IN_HEPATOCELLULAR_CARCINOMA,14,0.4770288,1.968561441,0.010703364,0.045965002,0.03082694,620,"tags=93%, list=48%, signal=49%",TCF7L2/CSNK2A1/CCND2/CTNNB1/GSK3B/FOSL1/JUN/APC/EZH2/CCND3/ELAVL1/CHD8/CCND1
WP_WNT_SIGNALING,WP_WNT_SIGNALING,14,0.477376511,1.969996346,0.010703364,0.045965002,0.03082694,620,"tags=93%, list=48%, signal=49%",TCF7L2/CSNK2A1/ROCK2/CCND2/CTNNB1/GSK3B/MAP3K7/FOSL1/JUN/APC/CCND3/CHD8/CCND1
REACTOME_MEIOSIS,REACTOME_MEIOSIS,22,-0.340697057,-1.992208125,0.010830325,0.046253266,0.031020268,521,"tags=77%, list=40%, signal=47%",STAG2/H2AZ1/CDK4/H2BC21/TERF2/CDK2/H2BC15/H2BC9/H2BC13/H2AC20/H2BC6/H2BC11/RAD21/H3-3A/H2BC4/RPA3
REACTOME_REPRODUCTION,REACTOME_REPRODUCTION,22,-0.340697057,-1.992208125,0.010830325,0.046253266,0.031020268,521,"tags=77%, list=40%, signal=47%",STAG2/H2AZ1/CDK4/H2BC21/TERF2/CDK2/H2BC15/H2BC9/H2BC13/H2AC20/H2BC6/H2BC11/RAD21/H3-3A/H2BC4/RPA3
REACTOME_HOMOLOGY_DIRECTED_REPAIR,REACTOME_HOMOLOGY_DIRECTED_REPAIR,27,-0.30565898,-2.008393849,0.011320755,0.048214564,0.032335634,466,"tags=70%, list=36%, signal=46%",PPP4R2/RMI1/BRIP1/CLSPN/H2BC21/CDK2/H2BC15/H2BC9/H2BC13/UBE2N/TIPIN/RAD17/RAD9A/H2BC6/H2BC11/H2BC4/RPS27A/RPA3
BLANCO_MELO_BRONCHIAL_EPITHELIAL_CELLS_INFLUENZA_A_DEL_NS1_INFECTION_DN,BLANCO_MELO_BRONCHIAL_EPITHELIAL_CELLS_INFLUENZA_A_DEL_NS1_INFECTION_DN,31,-0.284263697,-2.032047324,0.011952191,0.050624898,0.033952151,553,"tags=74%, list=43%, signal=44%",KIF18B/CEP55/FANCI/KIF20A/DDX11/CENPO/CIT/KIF14/UBE2C/CLSPN/CENPI/NCAPG2/KNL1/KIF4A/CENPE/SGO1/PKMYT1/MCM4/AURKA/GINS4/CDCA8/AURKB
LEE_LIVER_CANCER_SURVIVAL_DN,LEE_LIVER_CANCER_SURVIVAL_DN,31,-0.285592745,-2.041547964,0.011952191,0.050624898,0.033952151,576,"tags=77%, list=44%, signal=44%",PDCD5/PTMA/IGF1R/RPE/ATP5F1C/CDK4/DYNLL1/SUZ12/CCNB1/NPM1/NDC1/HNRNPC/HNRNPA1/RPL35/RPL36A/CDCA8/RPS5/LSM8/SNRPG/RPS7/RPS3/RPS3A/RPL17
KEGG_VEGF_SIGNALING_PATHWAY,KEGG_VEGF_SIGNALING_PATHWAY,13,0.456758986,1.837777998,0.012139605,0.051278224,0.034390312,437,"tags=77%, list=34%, signal=52%",PXN/MAPK14/RAF1/MAPK1/PTK2/NRAS/PIK3R1/PIK3CB/CHP1/PIK3CA
FOSTER_TOLERANT_MACROPHAGE_DN,FOSTER_TOLERANT_MACROPHAGE_DN,28,0.332767959,1.862300187,0.012228261,0.051371987,0.034453195,568,"tags=71%, list=44%, signal=41%",IRF2/CDKN1A/ZEB1/SLC16A1/JUNB/BCL9/SOCS3/VCPIP1/CHD7/ITGAV/CCND2/TIPARP/DCP2/EXT1/CHD1/DAXX/LMNA/PDSS1/RAC3/NAMPT
PEDERSEN_METASTASIS_BY_ERBB2_ISOFORM_7,PEDERSEN_METASTASIS_BY_ERBB2_ISOFORM_7,28,0.328464608,1.838216949,0.012228261,0.051371987,0.034453195,342,"tags=54%, list=26%, signal=40%",CDKN1A/ITGA3/TP53/LDLR/KCTD5/ITGB1/SLC35A1/PXN/LMNB1/SOX2/WWTR1/PIK3R1/ITGB5/ITPK1/ANKRD11
GRADE_COLON_AND_RECTAL_CANCER_UP,GRADE_COLON_AND_RECTAL_CANCER_UP,63,-0.206298253,-2.025232357,0.012578616,0.052700653,0.035344279,468,"tags=52%, list=36%, signal=35%",CCNB1/POMP/GEMIN6/USP7/NPM1/TPI1/MRGBP/PKM/PPIA/HNRNPA1/GTF2F2/UBE2N/GTF3A/COPS8/THOC3/MCM4/RTF2/AURKA/EIF3E/EIF2S2/CCT8/GARS1/EPRS1/MYC/KARS1/AARS1/MARS1/CDK7/KIF23/TARS1/PSMB3/HSPE1
REACTOME_CELL_CYCLE_MITOTIC,REACTOME_CELL_CYCLE_MITOTIC,130,-0.188235768,-2.497642615,0.012820513,0.053398729,0.035812452,486,"tags=60%, list=37%, signal=42%",TUBA1C/NUP50/NUP35/SKP2/TUBB4B/POM121C/NUMA1/NUP58/VRK1/H2AZ1/CDK4/CENPO/CENPT/UBE2C/DYNLL1/CDC26/ESCO2/CENPI/NUP62/DBF4/CCNB1/H2BC21/NDC1/CDK2/CENPC/H2BC15/H2BC9/H2BC13/TYMS/ACTR1A/H2AC20/CKS1B/ANAPC2/NCAPH2/TUBGCP5/NCAPG2/KNL1/SEM1/PPP1CB/NCAPD3/CENPE/SGO1/PPP1R12A/TUBGCP2/H2BC6/PKMYT1/MCM4/FBXO5/HAUS6/H2BC11/MIS12/AHCTF1/AURKA/MZT1/RAD21/H3-3A/GINS4/PSMC2/PSMA4/CDCA8/MYC/SKP1/CENPK/MAD2L1/ANAPC1/DYNC1I2/H2BC4/RPS27A/CDK7/KIF23/ESPL1/AURKB/RPA3/BANF1/CDC27/PSMB3/PSMA6
FERREIRA_EWINGS_SARCOMA_UNSTABLE_VS_STABLE_UP,FERREIRA_EWINGS_SARCOMA_UNSTABLE_VS_STABLE_UP,34,-0.257133482,-1.894718547,0.012875536,0.053398729,0.035812452,835,"tags=91%, list=64%, signal=33%",KPNA2/DAZAP1/KIF2C/SYNCRIP/NAMPT/EAF1/NDUFA9/TCOF1/ZWINT/CEP55/FANCM/DSCC1/H2AZ1/UBR5/BRIP1/DBF4/CCNB1/NDC1/NCAPG2/KNL1/EP400/CENPE/MCM3AP/CENPK/ERH/KIF23/ESPL1/RPA3/SNRPA1/SNRPD1
WP_TNF_ALPHA_SIGNALING_PATHWAY,WP_TNF_ALPHA_SIGNALING_PATHWAY,17,0.410827235,1.842433911,0.0129683,0.053398729,0.035812452,647,"tags=88%, list=50%, signal=45%",CSNK2A1/IKBKG/SOS1/RAF1/MAPK1/CREBBP/RFK/NRAS/FADD/MAP3K7/TRAF2/JUN/FBXW11/BIRC2/CFLAR
KIM_ALL_DISORDERS_OLIGODENDROCYTE_NUMBER_CORR_UP,KIM_ALL_DISORDERS_OLIGODENDROCYTE_NUMBER_CORR_UP,128,-0.209597419,-2.693041072,0.012987013,0.053398729,0.035812452,907,"tags=91%, list=70%, signal=30%",NDUFC1/NDUFAF3/MNT/MSL1/SLC30A9/ATG9A/SNRPA/RRAGA/NDUFS8/NCKAP1/NDUFA1/COX7C/ATP5PO/UQCRB/SMARCA4/NDUFB8/PRDX1/COX4I1/EFR3A/GPI/STX4/ILK/GATB/NCOA4/FKBP1A/NDUFS3/C1QBP/PTPA/CFL1/RPRD2/COX6A1/FDPS/NDUFB3/ADRM1/RNF4/TRIM28/MRPL23/TRIM37/NDUFS7/COX5A/RPL36AL/DHX30/RBM10/CYC1/DPF2/VPS51/ATP5F1D/DRAP1/ADAR/BAP1/NDUFS1/RPL28/TUBB4B/STAMBP/WDR7/TRA2B/ATP5F1C/AP2M1/IMPDH2/PFDN5/COX17/SLC3A2/ATP5MF/EIF4G2/PFN1/ANAPC13/PPP1R11/TAF10/SRP14/PPP1CA/TPI1/ATP6AP1/GPX4/DHPS/ACTR1A/SCAP/PPIA/DDX42/SEM1/EIF3G/GTF3A/ATP6V1F/HYOU1/RPLP1/ELOB/ELOC/EIF3F/RPL37/RPL35/CCT8/HSPD1/COPS5/NEDD8/VPS28/RPS17/NARS1/LSM7/ATP6V1B2/AARS1/RACK1/RPS27A/RPL24/SNRPG/YARS1/RPL8/RPS16/RPL32/RPS3/FAU/SNU13/SARS1/RPS19/PUF60/PSMB3/PSMA6
MARSON_BOUND_BY_E2F4_UNSTIMULATED,MARSON_BOUND_BY_E2F4_UNSTIMULATED,128,-0.171923428,-2.208981651,0.012987013,0.053398729,0.035812452,545,"tags=62%, list=42%, signal=40%",KIF18B/MRPL13/VPS35/H2AX/NXT1/CEP55/PTMA/FANCM/DSCC1/HSP90B1/FANCI/KIF20A/NUP50/DDX11/SKP2/ICE2/TRA2B/ENY2/INTS12/SRSF6/VRK1/ASPM/H2AZ1/CIT/BRIP1/UBE2C/DCLRE1B/ESCO2/PAICS/CLSPN/CENPI/PPAT/GEMIN6/NDC1/TEDC1/PELP1/H2BC9/CMTR1/H2BC13/CKS1B/MARS2/SASS6/KNL1/SRSF10/NCAPD3/SERBP1/EIF3G/TIPIN/KIF4A/RRS1/CENPE/SGO1/SNAPC5/MCM4/FBXO5/NUTF2/HAUS6/MIS12/AHCTF1/AURKA/MZT1/UFD1/IMP3/CDCA8/MYC/TONSL/CENPK/MAD2L1/SBDS/LSM3/MTBP/KIF23/ESPL1/AURKB/PRPF38A/LSM2/SF3B5/RPS3A/RPS20
REACTOME_MEIOTIC_SYNAPSIS,REACTOME_MEIOTIC_SYNAPSIS,17,-0.341393523,-1.806795142,0.012987013,0.053398729,0.035812452,595,"tags=82%, list=46%, signal=45%",H2AX/STAG2/H2AZ1/H2BC21/TERF2/H2BC15/H2BC9/H2BC13/H2AC20/H2BC6/H2BC11/RAD21/H2BC4
WP_7Q1123_COPY_NUMBER_VARIATION_SYNDROME,WP_7Q1123_COPY_NUMBER_VARIATION_SYNDROME,17,-0.359949146,-1.904999142,0.012987013,0.053398729,0.035812452,668,"tags=88%, list=51%, signal=43%",CFL1/ATP5PB/VPS37A/H2AX/ATP5F1D/ACACA/UBIAD1/ATP5F1A/ATP5F1B/ATP5F1E/NUP62/HMGA1/BUD23/VPS28
PID_ERBB2_ERBB3_PATHWAY,PID_ERBB2_ERBB3_PATHWAY,16,0.424833392,1.868283122,0.013081395,0.053644131,0.035977033,461,"tags=75%, list=36%, signal=49%",NF2/ERBB2/SHC1/SOS1/RAF1/MAPK1/ERBB3/NRAS/PIK3R1/PIK3CB/PIK3CA/JUN
CREIGHTON_ENDOCRINE_THERAPY_RESISTANCE_3,CREIGHTON_ENDOCRINE_THERAPY_RESISTANCE_3,30,0.318706672,1.840548186,0.013192612,0.053814719,0.03609144,496,"tags=67%, list=38%, signal=42%",DUSP4/FDFT1/SLC35A2/PPP2R2A/TM9SF3/MYCN/SOS1/TMEM165/DPY19L2/RFK/AHR/CNOT11/UAP1/SQLE/UXS1/GOLT1B/MED23/UGP2/ACSL3/UQCR10
TONKS_TARGETS_OF_RUNX1_RUNX1T1_FUSION_MONOCYTE_UP,TONKS_TARGETS_OF_RUNX1_RUNX1T1_FUSION_MONOCYTE_UP,30,0.314716084,1.817502324,0.013192612,0.053814719,0.03609144,676,"tags=77%, list=52%, signal=38%",FERMT2/SIVA1/SLC16A1/TCF7L2/AK2/FGFR1/CCND2/PPME1/TNPO1/RMND5A/SLC20A1/TRIP13/EXT1/UXS1/KHSRP/GLRX3/SMARCA4/UBA5/GCSH/ATP5ME/C1QBP/ATP1B3/USP18
WP_EUKARYOTIC_TRANSCRIPTION_INITIATION,WP_EUKARYOTIC_TRANSCRIPTION_INITIATION,10,-0.474589507,-1.912451654,0.013661202,0.055117175,0.036964946,529,"tags=90%, list=41%, signal=54%",POLR3D/GTF2H4/GTF2F2/POLR2K/GTF2E2/POLR2G/CDK7/POLR2H
HIRSCH_CELLULAR_TRANSFORMATION_SIGNATURE_UP,HIRSCH_CELLULAR_TRANSFORMATION_SIGNATURE_UP,26,0.346306171,1.869195268,0.01369863,0.055117175,0.036964946,490,"tags=65%, list=38%, signal=42%",IRF2/UBXN4/UGCG/PCGF1/HTRA2/MAPK14/EGLN1/JUNB/SOCS3/TGIF1/UAP1/SLC33A1/FOSL1/RRAGC/RNF31/PPM1D/ACSL3
ONDER_CDH1_TARGETS_2_DN,ONDER_CDH1_TARGETS_2_DN,12,0.486919954,1.90329376,0.013740458,0.055117175,0.036964946,482,"tags=83%, list=37%, signal=53%",FERMT1/TP63/CDH1/KRT18/SOX9/CCND2/ERBB3/KLF5/SLC7A5/GRHL2
REACTOME_SIGNALING_BY_FGFR1,REACTOME_SIGNALING_BY_FGFR1,12,0.48098364,1.880089638,0.013740458,0.055117175,0.036964946,299,"tags=67%, list=23%, signal=52%",GAB1/BRAF/SHC1/SOS1/FGFR1/MAPK1/NRAS/PIK3R1
SASSON_RESPONSE_TO_FORSKOLIN_DN,SASSON_RESPONSE_TO_FORSKOLIN_DN,12,0.485757151,1.898748544,0.013740458,0.055117175,0.036964946,391,"tags=75%, list=30%, signal=53%",ITGA3/TP53/KIDINS220/KRT18/PTPN1/MAP4K4/ITGB5/SMARCD1/VCL
WP_VITAMIN_D_RECEPTOR_PATHWAY,WP_VITAMIN_D_RECEPTOR_PATHWAY,12,0.47955514,1.874505856,0.013740458,0.055117175,0.036964946,197,"tags=58%, list=15%, signal=50%",CDKN1A/ATP2B1/G6PD/IRF4/CCNE1/JUNB/BCL6
KEGG_B_CELL_RECEPTOR_SIGNALING_PATHWAY,KEGG_B_CELL_RECEPTOR_SIGNALING_PATHWAY,14,0.456207175,1.882636552,0.013761468,0.055117175,0.036964946,627,"tags=93%, list=48%, signal=49%",IKBKG/SOS1/RAF1/MAPK1/NRAS/PIK3R1/GSK3B/PIK3CB/CHP1/PIK3CA/JUN/RAC3/RELA
STARK_PREFRONTAL_CORTEX_22Q11_DELETION_UP,STARK_PREFRONTAL_CORTEX_22Q11_DELETION_UP,21,0.373750792,1.842241644,0.013947001,0.055715928,0.037366507,426,"tags=67%, list=33%, signal=46%",ATP2B1/GNA13/EGLN1/ZEB2/MEF2C/RICTOR/PIK3R1/MYH9/GSK3B/ANKRD11/CHKA/TIAL1/SMARCA2/CBLL1
NUYTTEN_NIPP1_TARGETS_UP,NUYTTEN_NIPP1_TARGETS_UP,64,0.241787664,1.884710818,0.014117647,0.056252274,0.037726214,616,"tags=66%, list=47%, signal=36%",TSC1/RNF146/UFSP2/ISL1/GLS/PTPN1/FERMT2/PARD6B/EGLN1/TMEM80/MAEA/KCTD10/CHD7/DPY19L2/RNF7/SPTSSA/SPTLC1/TIMM17A/CNOT11/DET1/UAP1/CEPT1/RBSN/CNIH4/CHMP5/WASHC3/OXSM/JUN/OSTC/UNC50/COA6/COX7C/PPIL1/SYNCRIP/NDUFAF1/NDUFAF7/POLG2/FDX1/BIRC2/VPS54/UBA5/LAMTOR3
REACTOME_LEISHMANIA_INFECTION,REACTOME_LEISHMANIA_INFECTION,19,0.388297406,1.824305766,0.014184397,0.056372951,0.037807147,627,"tags=84%, list=48%, signal=44%",BRK1/CRK/ELMO2/MAPK14/MAPK1/PTK2/PRKAR1A/MYH9/HSP90AB1/FURIN/ACTG1/JUN/ARPC3/NCKAP1/AHCYL1/RELA
CAIRO_HEPATOBLASTOMA_CLASSES_UP,CAIRO_HEPATOBLASTOMA_CLASSES_UP,146,-0.195551296,-2.80578297,0.014285714,0.056485203,0.03788243,487,"tags=61%, list=38%, signal=43%",KIF20A/SKP2/RPL28/TOMM20/TIMM9/SSB/ENY2/RPL22/EIF3H/POLR3D/IMPDH2/TFRC/VRK1/ASPM/CDK4/KIF14/UBE2C/TGS1/EEF1B2/CIAPIN1/CENPI/EIF4B/DBF4/HMGA1/CCNB1/PPAT/NPM1/NDC1/TPI1/ATP6AP1/THG1L/HNRNPC/DDX42/ATP6V1H/NCAPG2/AATF/SERBP1/HUWE1/FNTA/CPSF1/GPS1/KIF4A/RRS1/SEC61G/EXOSC4/XRCC5/MCM4/FBXO5/BOP1/DDX41/YBX1/EIF3F/AURKA/EIF3E/EIF2S2/GINS4/HSPD1/DDX10/EPRS1/CDCA8/COPS5/MAD2L1/QARS1/VARS1/KARS1/AARS1/RACK1/RPL14/IARS1/RPL24/RPL36/PHB2/RPL37A/DARS1/KIF23/RPS14/RPL8/AURKB/RPS16/RPS3/RPL6/RPL5/SNU13/CDC27/LSM2/RPL23/PUF60/SNRPD1
MARTENS_TRETINOIN_RESPONSE_DN,MARTENS_TRETINOIN_RESPONSE_DN,146,-0.146580446,-2.103145965,0.014285714,0.056485203,0.03788243,534,"tags=60%, list=41%, signal=40%",TAF7/H2AX/NXT1/PTMA/SSBP1/DRAP1/TBCC/TUBA1C/ERAL1/GEMIN4/TELO2/TIMM13/NUP58/SRSF6/IMPDH2/HMGB1/CCNL1/COX17/MRPS16/ARFRP1/PAICS/EIF5A/ATP5F1E/EEF1B2/HMGA1/WDR73/MOCS3/H2BC21/CYCS/TEDC1/RPL10/ROMO1/MEPCE/DHPS/TYMS/GMPPB/NSMCE3/DDX5/PPIA/HNRNPA1/SERBP1/EIF3G/RRS1/PABPC1/PSMG3/TARDBP/RPL26/PKMYT1/FBXO5/YBX1/THAP1/AURKA/CENATAC/DUT/RPL37/RPL35/RPL7/HSPD1/RPL30/MYC/PCBP1/TRNT1/SS18L2/MAD2L1/RPS5/RPS24/H2BC4/RPL13A/RACK1/RPS27A/RPL14/RPL24/RPL36/PHB2/RPL37A/RPS14/RPL7A/RPS16/RPS23/RPL32/RPS3/RPL5/RPS19/RPL21/RPL23/RPL17/HSPE1
MEBARKI_HCC_PROGENITOR_FZD8CRD_UP,MEBARKI_HCC_PROGENITOR_FZD8CRD_UP,75,-0.178475226,-1.923230049,0.014388489,0.05674644,0.038057631,553,"tags=64%, list=43%, signal=39%",FANCA/WDR1/H2AX/CEP55/FANCM/FANCI/KIF20A/TUBA1C/DDX11/TUBB4B/VRK1/ASPM/CENPO/CIT/KIF14/DCLRE1B/ESCO2/CENPI/CCNB1/H2BC21/TEDC1/CDK2/TYMS/CKS1B/SASS6/NCAPG2/KNL1/SEM1/NCAPD3/H2AC17/TIPIN/KIF4A/CENPE/SGO1/H2BC6/PKMYT1/FBXO5/HAUS6/AURKA/MZT1/CDCA8/TONSL/MAD2L1/MTBP/KIF23/ESPL1/AURKB
REACTOME_SLC_MEDIATED_TRANSMEMBRANE_TRANSPORT,REACTOME_SLC_MEDIATED_TRANSMEMBRANE_TRANSPORT,15,0.4321266,1.849006406,0.014684288,0.057765672,0.038741191,432,"tags=73%, list=33%, signal=49%",SLC35A1/RUNX1/SLC16A1/SLC2A1/SLC35A2/SLC7A1/SLC35B2/SLC33A1/SLC20A1/SLC7A5/SLC38A2
REACTOME_DEVELOPMENTAL_BIOLOGY,REACTOME_DEVELOPMENTAL_BIOLOGY,165,0.167490361,1.719836523,0.014767932,0.057947268,0.03886298,330,"tags=34%, list=25%, signal=29%",ARHGEF7/CDKN1A/GAB1/SIAH1/MED13/ISL1/ITGB1/CTNNA1/KRT18/FLI1/LDB1/TCF3/RUNX1/TLN1/CDK8/TEAD1/CDH2/PAK2/KMT2A/ERBB2/SHC1/PSMF1/YAP1/MAPK14/CSNK2A1/SOX2/SREBF1/MED24/SOS1/WWTR1/SOX9/ROCK2/FGFR1/MYB/SOX10/CAP1/MAPK1/CARM1/CREBBP/ITGAV/EGFR/PTK2/E2F1/TUBB3/NRAS/MEF2C/PAGR1/CBFB/PIK3R1/MYH9/CTNNB1/GSK3B/PIK3CB/IRS2/KLF5/CASC3
SHEN_SMARCA2_TARGETS_UP,SHEN_SMARCA2_TARGETS_UP,72,0.228066134,1.846378205,0.015151515,0.05930188,0.039771465,782,"tags=79%, list=60%, signal=33%",RNF146/UFSP2/CTNNA1/NF1/KIDINS220/ATP6V0E1/LARP7/ELMO2/MORF4L1/DPM1/PSMF1/TMEM80/RAF1/ANKRD17/TDP2/UBE2A/ARHGAP29/SPTLC1/PRKAR1A/TNPO1/DCP2/RMND5A/PKN2/USP1/DHX29/CHMP5/SMARCA2/VPS45/ATMIN/VBP1/SDHD/APC/NCKAP1/UNC50/ARID4B/ATP5PO/NDUFB6/STXBP3/PRKRA/FBXW11/EED/SCAF8/RAB6A/FBXO11/UQCRC2/POLR2M/STAG1/TRIP12/CAND1/EAPP/PTPN11/NPEPPS/ADSS2/RAB7A/TAF7/DPF2/REV1
REACTOME_SIGNALING_BY_BRAF_AND_RAF_FUSIONS,REACTOME_SIGNALING_BY_BRAF_AND_RAF_FUSIONS,11,0.475565767,1.787945671,0.015243902,0.059453535,0.039873175,475,"tags=82%, list=37%, signal=52%",BRAF/TLN1/CSK/RAF1/MAPK1/NRAS/VCL/ACTG1/LMNA
PID_PS1_PATHWAY,PID_PS1_PATHWAY,12,0.467764666,1.828418742,0.015267176,0.059453535,0.039873175,620,"tags=92%, list=48%, signal=48%",CSNK2A1/MAPK1/CREBBP/CTNNB1/GSK3B/MAP3K7/JUN/APC/HDAC1/FBXW11/CCND1
LIM_MAMMARY_STEM_CELL_DN,LIM_MAMMARY_STEM_CELL_DN,19,0.377632986,1.774202001,0.015602837,0.060456105,0.040545559,519,"tags=74%, list=40%, signal=45%",SLC35A1/CDH1/GATA3/KRT18/FOXA1/UROS/ERBB2/ERBB3/FADD/GET1/PPA2/NUP37/MBTPS2/TFAP2A
REACTOME_FCGAMMA_RECEPTOR_FCGR_DEPENDENT_PHAGOCYTOSIS,REACTOME_FCGAMMA_RECEPTOR_FCGR_DEPENDENT_PHAGOCYTOSIS,19,0.378084991,1.776325618,0.015602837,0.060456105,0.040545559,509,"tags=74%, list=39%, signal=45%",NF2/BRK1/CRK/ELMO2/MAPK1/PTK2/PIK3R1/MYH9/PIK3CB/HSP90AB1/ACTG1/PIK3CA/ARPC3/NCKAP1
LEE_NEURAL_CREST_STEM_CELL_UP,LEE_NEURAL_CREST_STEM_CELL_UP,10,0.518736679,1.851090185,0.01572327,0.060618893,0.040654735,519,"tags=90%, list=40%, signal=54%",CDH1/SNAI2/SHC1/ZEB2/SOX10/ERBB3/MEF2C/EMC1/TFAP2A
REACTOME_SIGNALING_BY_ERBB4,REACTOME_SIGNALING_BY_ERBB4,10,0.513607618,1.832787342,0.01572327,0.060618893,0.040654735,299,"tags=70%, list=23%, signal=54%",SHC1/YAP1/SOS1/EGFR/ERBB3/NRAS/PIK3R1
STEIN_ESRRA_TARGETS_UP,STEIN_ESRRA_TARGETS_UP,56,0.24406246,1.795024777,0.015795869,0.060630045,0.040662214,727,"tags=77%, list=56%, signal=35%",PDCD10/MTX2/RAB35/ASNS/PCGF1/PDHA1/SPTLC2/MANF/SLC16A1/EGLN1/MAEA/RASA4/TIMM8A/FANCF/TIMM17A/TOMM70/JMJD6/NDUFAF4/STN1/NDUFA10/UGP2/MRPL2/HCCS/PDSS1/SDHD/NDUFS8/ATP5PO/UQCRB/IDH3A/ATP5MG/FDX1/GPI/NDUFA8/MRPL15/AHCYL1/NDUFA9/UQCRC2/CFLAR/NDUFS3/RNF4/NDUFS2/NDUFS7/COX5A
STEARMAN_LUNG_CANCER_EARLY_VS_LATE_UP,STEARMAN_LUNG_CANCER_EARLY_VS_LATE_UP,20,0.368911501,1.76247054,0.015804598,0.060630045,0.040662214,624,"tags=80%, list=48%, signal=42%",SLC35A1/DPM1/KMT2A/VPS4A/MAPK1/NRAS/OTUD5/EXT1/IREB2/MED23/WDR26/ARPC3/MDM4/STXBP3/CHD8/WDR48
PID_IGF1_PATHWAY,PID_IGF1_PATHWAY,16,0.419019696,1.842716325,0.015988372,0.061183226,0.041033211,319,"tags=62%, list=25%, signal=48%",BCAR1/CRK/PTPN1/PXN/SHC1/SOS1/RAF1/PTK2/PIK3R1/IRS2
REACTOME_CELL_CYCLE,REACTOME_CELL_CYCLE,156,-0.176302764,-2.564826233,0.016129032,0.061569096,0.041291999,486,"tags=58%, list=37%, signal=41%",TUBA1C/NUP50/NUP35/SKP2/TUBB4B/POM121C/NUMA1/RMI1/NUP58/VRK1/H2AZ1/CDK4/CENPO/CENPT/CHTF8/BRIP1/UBE2C/DYNLL1/CDC26/ESCO2/CLSPN/CENPI/NUP62/DBF4/CCNB1/H2BC21/TERF2/NPM1/NDC1/CDK2/CENPC/H2BC15/H2BC9/H2BC13/TYMS/ACTR1A/H2AC20/CKS1B/ANAPC2/NCAPH2/TUBGCP5/NCAPG2/KNL1/SEM1/PPP1CB/MDM2/NCAPD3/UBE2N/POLR2K/CENPE/RAD17/RAD9A/SGO1/PPP1R12A/TUBGCP2/H2BC6/PKMYT1/MCM4/FBXO5/HAUS6/H2BC11/MIS12/AHCTF1/AURKA/MZT1/RAD21/H3-3A/GINS4/PSMC2/PSMA4/CDCA8/MYC/SKP1/CENPK/MAD2L1/ANAPC1/DYNC1I2/H2BC4/POLR2G/RPS27A/CDK7/POLR2H/KIF23/ESPL1/AURKB/RPA3/BANF1/CDC27/PSMB3/PSMA6
REACTOME_NUCLEOTIDE_EXCISION_REPAIR,REACTOME_NUCLEOTIDE_EXCISION_REPAIR,20,-0.338717335,-1.945249667,0.016339869,0.062101239,0.041648887,396,"tags=70%, list=31%, signal=49%",ACTB/USP7/UBE2N/GPS1/ZNF830/POLR2K/COPS8/COPS5/POLR2G/RPS27A/CDK7/POLR2H/RPA3
HELLER_HDAC_TARGETS_SILENCED_BY_METHYLATION_UP,HELLER_HDAC_TARGETS_SILENCED_BY_METHYLATION_UP,29,0.317954867,1.798960307,0.016348774,0.062101239,0.041648887,286,"tags=48%, list=22%, signal=38%",CDKN1A/CDH1/GATA3/KRT18/G6PD/SPTLC2/MYCN/BCL6/FGFR1/PTK2/TADA3/AHR/TUBB3/MEF2C
REACTOME_HIV_TRANSCRIPTION_ELONGATION,REACTOME_HIV_TRANSCRIPTION_ELONGATION,10,-0.469072331,-1.890219109,0.016393443,0.06211829,0.041660322,527,"tags=70%, list=41%, signal=42%",POLR2K/ELOB/ELOC/POLR2G/CDK7/POLR2H
REACTOME_HCMV_INFECTION,REACTOME_HCMV_INFECTION,38,-0.225238191,-1.79037942,0.016460905,0.062221417,0.041729486,485,"tags=63%, list=37%, signal=41%",NUP50/NUP35/TUBB4B/POM121C/NUP58/DYNLL1/SUZ12/H2AC15/NUP62/H2BC21/NDC1/UBAP1/HDAC3/H2BC15/H2BC9/H2BC13/H2AC20/H2AC17/H2BC6/H2BC11/DYNC1I2/VPS28/H2BC4
REACTOME_INFECTIOUS_DISEASE,REACTOME_INFECTIOUS_DISEASE,157,-0.184506713,-2.695366093,0.016666667,0.062787753,0.042109305,485,"tags=61%, list=37%, signal=43%",NUP50/NUP35/RPL28/TUBB4B/POM121C/VHL/NUP58/RPL22/AP2M1/IMPDH2/HGS/GTF2H4/DYNLL1/SUZ12/TAF2/H2AC15/ACTB/NUP62/TAF10/HMGA1/H2BC21/NPM1/NDC1/UBAP1/RPL10/CDC42/HDAC3/H2BC15/H2BC9/H2BC13/H2AC20/DDX5/PPIA/NMT1/ATP6V1H/SEM1/GTF2F2/ACTR2/H2AC17/POLR2K/XRCC5/H2BC6/RPL26/CHD4/H2BC11/RPLP1/ELOB/ELOC/GTF2E2/RPL37/RPL35/RPL7/RPL36A/PSMC2/RPS28/PSMA4/RPL30/SKP1/CPSF4/DYNC1I2/RPS5/VPS28/RPS17/RPS24/H2BC4/RPL13A/POLR2G/RPS27A/CDK7/POLR2H/RPL14/RPL24/RPL36/RPL37A/RPS14/RPL7A/RPL8/RPS7/BANF1/RPS16/RPS23/RPL32/RPS3/RPL6/RPL5/FAU/RPS19/RPL21/RPL23/RPS3A/RPS20/PSMB3/PSMA6/RPL17
KEGG_NATURAL_KILLER_CELL_MEDIATED_CYTOTOXICITY,KEGG_NATURAL_KILLER_CELL_MEDIATED_CYTOTOXICITY,13,0.451771778,1.817711875,0.016691958,0.062787753,0.042109305,437,"tags=77%, list=34%, signal=52%",BRAF/SHC1/SOS1/RAF1/MAPK1/NRAS/PIK3R1/PIK3CB/CHP1/PIK3CA
ACOSTA_PROLIFERATION_INDEPENDENT_MYC_TARGETS_DN,ACOSTA_PROLIFERATION_INDEPENDENT_MYC_TARGETS_DN,12,0.457599077,1.788683048,0.016793893,0.062809319,0.042123769,223,"tags=58%, list=17%, signal=49%",KRT18/IRF4/HMBS/SHC1/CSH2/JUNB/CAP1
KEGG_TIGHT_JUNCTION,KEGG_TIGHT_JUNCTION,14,0.448896538,1.852467644,0.016819572,0.062809319,0.042123769,393,"tags=71%, list=30%, signal=50%",PTEN/CTNNA1/PARD3/PARD6B/PPP2R2A/CSNK2A1/NRAS/MYH9/CTNNB1/ACTG1
PID_AJDISS_2PATHWAY,PID_AJDISS_2PATHWAY,14,0.443422809,1.829879128,0.016819572,0.062809319,0.042123769,307,"tags=64%, list=24%, signal=50%",GNA13/CTNNA1/CDH1/PTPN1/CDH2/ARF6/CREBBP/EGFR/CTNNB1
REACTOME_CELLULAR_RESPONSES_TO_EXTERNAL_STIMULI,REACTOME_CELLULAR_RESPONSES_TO_EXTERNAL_STIMULI,170,-0.140322718,-2.136345989,0.016949153,0.063140698,0.042346012,794,"tags=78%, list=61%, signal=35%",MDM4/TXNRD1/COX7C/CDK6/E2F3/RBBP7/DNAJA1/COX19/PRDX1/POT1/COX4I1/MLST8/RPL26L1/EED/FZR1/LAMTOR3/RELA/ATF4/YWHAE/HIRA/TBL1XR1/COX6A1/UBE2S/LAMTOR4/WDR24/TFDP1/COX5A/COX11/COX6C/MT2A/MT1E/MIOS/RPL36AL/EP300/CUL3/H2AX/TUBA1C/NUP50/COX7B/NUP35/SKP2/RPL28/TUBB4B/RHEB/POM121C/VHL/NUP58/RPL22/H2AZ1/UBE2D3/CDK4/UBE2C/DYNLL1/CDC26/TGS1/SUZ12/NUP62/HMGA1/H2BC21/TERF2/CAPZB/NDC1/CYCS/RPL10/CDK2/HDAC3/H2BC15/H2BC9/H2BC13/ACTR1A/H2AC20/ATP6V1H/ANAPC2/SIN3A/SEM1/MDM2/ATP6V1C1/EP400/ATP6V1F/H2BC6/RPL26/DCTN6/H2BC11/RPLP1/ELOB/ELOC/EIF2S2/H3-3A/RPL37/RPL35/RPL7/RPL36A/PSMC2/RPS28/PSMA4/RPL30/SKP1/ANAPC1/DYNC1I2/RPS5/RPS17/RPS24/H2BC4/ATP6V1B2/RPL13A/RPS27A/RPL14/RPL24/RPL36/RPL37A/RPS14/RPL7A/RPL8/RPS7/RPA3/RPS16/RPS23/RPL32/RPS3/RPL6/RPL5/FAU/CDC27/RPS19/RPL21/RPL23/RPS3A/RPS20/PSMB3/PSMA6/RPL17
OSMAN_BLADDER_CANCER_DN,OSMAN_BLADDER_CANCER_DN,58,-0.189205691,-1.783194924,0.017045455,0.063194899,0.042382362,320,"tags=38%, list=25%, signal=30%",RPL37/RPL35/RPL36A/SAP30BP/SS18L2/RPS5/RPS17/RPS24/RPL13A/MARS1/RPL14/RPL24/RPL36/RPL7A/RPS7/RPS16/RPL32/RPS3/FAU/RPS3A/RPS20
RHEIN_ALL_GLUCOCORTICOID_THERAPY_DN,RHEIN_ALL_GLUCOCORTICOID_THERAPY_DN,58,-0.205706787,-1.938711766,0.017045455,0.063194899,0.042382362,736,"tags=79%, list=57%, signal=36%",ELAVL1/ATP5MG/GPI/NDUFA8/AHCYL1/GCSH/UQCRC2/C1QBP/MRPL3/COX11/PRORP/ZWINT/CEP55/SSBP1/TUBA1C/SPCS2/RPL22/ATP5F1C/IMPDH2/VRK1/VDAC1/CDK4/DYNLL1/PAICS/SDHC/IARS2/HMGA1/NPM1/TPI1/TYMS/HNRNPC/CKS1B/PPIA/SERBP1/MCM4/RBM8A/CFAP298/INTS8/DUT/CCT8/EPRS1/MAD2L1/DARS1/RPL23/PSMA6
BENPORATH_EED_TARGETS,BENPORATH_EED_TARGETS,32,0.311536433,1.840889785,0.017241379,0.063768355,0.042766957,267,"tags=47%, list=21%, signal=38%",ISL1/HOXD13/GATA3/ASCL1/FLI1/PARD3/DUSP4/PAX8/ZBTB7A/ZEB2/MYB/DPY19L2/EGFR/UBE2K/AHR
PID_LKB1_PATHWAY,PID_LKB1_PATHWAY,10,0.50492144,1.801791079,0.017295597,0.063816214,0.042799054,310,"tags=70%, list=24%, signal=54%",TP53/TSC1/TSC2/CAB39/MARK2/STK11/GSK3B
YAO_TEMPORAL_RESPONSE_TO_PROGESTERONE_CLUSTER_11,YAO_TEMPORAL_RESPONSE_TO_PROGESTERONE_CLUSTER_11,24,-0.315110061,-1.971561989,0.017361111,0.063905423,0.042858883,496,"tags=75%, list=38%, signal=47%",HSP90B1/TFRC/STRAP/CYCS/GMPPB/AK6/RRS1/PELO/BOP1/EPRS1/NIFK/MAK16/AARS1/MARS1/UTP4/TARS1/SRSF3
KEGG_ALZHEIMERS_DISEASE,KEGG_ALZHEIMERS_DISEASE,48,0.258197912,1.790538515,0.017412935,0.063943938,0.042884714,951,"tags=98%, list=73%, signal=27%",NDUFV2/MAPK1/GSK3B/FADD/NDUFA3/NDUFA2/CHP1/NDUFC1/NDUFA10/NDUFA4/NDUFC2/NDUFB2/SDHD/NDUFS8/UQCR10/NDUFA1/COX7C/ATP5PO/UQCRB/NDUFB6/NDUFS5/NDUFB8/COX4I1/NDUFA8/NDUFA6/NDUFA9/UQCRC2/NDUFS3/NDUFB7/COX6A1/ATP5PB/NDUFB3/NDUFS2/NDUFS7/COX5A/NDUFB9/COX6C/NDUFB10/CYC1/ATP5F1D/COX7B/NDUFS1/ATP5F1C/ATP5F1A/ATP5F1B/ATP5F1E/SDHC
NAGASHIMA_NRG1_SIGNALING_UP,NAGASHIMA_NRG1_SIGNALING_UP,15,0.421381205,1.803028433,0.017621145,0.064555191,0.043294658,461,"tags=73%, list=36%, signal=48%",LDLR/SNAI2/FERMT2/DUSP4/JUNB/TIPARP/IRS2/FOSL1/JMJD6/VCL/JUN
QI_PLASMACYTOMA_UP,QI_PLASMACYTOMA_UP,13,0.445748527,1.793477218,0.018209408,0.066552589,0.044634234,279,"tags=62%, list=21%, signal=49%",IRF2/ITGB1/PTPN1/TLN1/MYCN/MYB/CAP1/TUBB3
KEGG_COLORECTAL_CANCER,KEGG_COLORECTAL_CANCER,18,0.391712597,1.81660407,0.018387553,0.066793398,0.044795736,547,"tags=78%, list=42%, signal=46%",TGFBR1/TP53/BRAF/TCF7L2/RAF1/MAPK1/PIK3R1/CTNNB1/GSK3B/PIK3CB/PIK3CA/JUN/APC/RAC3
REACTOME_RAC1_GTPASE_CYCLE,REACTOME_RAC1_GTPASE_CYCLE,18,0.390124639,1.809239766,0.018387553,0.066793398,0.044795736,337,"tags=61%, list=26%, signal=46%",ARHGEF7/GNA13/BRK1/ITGB1/FERMT2/DOCK5/PAK2/SOS1/ARHGAP29/PIK3R1/PKN2
BLUM_RESPONSE_TO_SALIRASIB_DN,BLUM_RESPONSE_TO_SALIRASIB_DN,61,-0.182159142,-1.771711156,0.018404908,0.066793398,0.044795736,827,"tags=84%, list=64%, signal=32%",LMNA/KPNA2/APC/EZH2/MRE11/ACLY/KIF2C/CCND3/SYNCRIP/RBBP7/HDAC1/TFDP1/LIG1/NDUFB3/MRPL23/ZWINT/NPEPPS/FANCA/KIF20A/NUP50/SKP2/TUBB4B/ACACA/TRA2B/SRSF6/SMARCE1/VRK1/H2AZ1/HMGB1/UBE2C/ATP5MF/NFYB/CDK2/TPI1/TYMS/PKM/SRSF10/UBE2N/KIF4A/FBXO5/AURKA/DUT/MAD2L1/KIF23/ESPL1/AURKB/RPA3/SNRPA1/SRSF3/SNRPD1
PUJANA_CHEK2_PCC_NETWORK,PUJANA_CHEK2_PCC_NETWORK,184,-0.109121067,-1.697826179,0.018518519,0.066891658,0.044861635,827,"tags=77%, list=64%, signal=32%",PAXIP1/DPH2/GLMN/KPNA2/KHSRP/EZH2/FUBP1/EIF5AL1/MRE11/ATP5PO/ACLY/KIF2C/GTSE1/SMARCA4/TOE1/RB1CC1/SYNCRIP/IPO5/HDAC1/HNRNPF/PRDX1/POT1/PRKRA/EED/ZNHIT3/GCSH/PFDN4/UTP3/YWHAE/C1QBP/HIRA/G3BP1/HK2/FDPS/UBE2S/TFDP1/MRPL58/MRPL3/CNOT9/LIG1/NDUFB3/SMG7/SNRPB2/COX11/COX6C/ZWINT/PTMA/SSBP1/KRAS/FANCI/COX7B/DDX52/TRA2B/SSB/UBAP2L/EIF3H/TFRC/VRK1/H2AZ1/UBE2D3/CDK4/LSM6/GTF2H4/KIF14/UBE2C/PAICS/ATP5MF/SUZ12/TAF2/EEF1B2/IARS2/CENPI/NUP62/DBF4/CCNB1/NPM1/CYCS/NFYB/PELP1/BTF3/WTAP/CENPC/TYMS/HNRNPC/CKS1B/PPIA/NMT1/SEM1/SRSF10/AATF/UBE2N/GTF3A/RRS1/PABPC1/CENPE/TARDBP/RAD9A/SEC61G/XRCC5/MCM4/BOP1/YBX1/NUTF2/ELOC/GTF2E2/AURKA/EIF2S2/DUT/RAD21/CCT8/NACA/PSMC2/HSPD1/DDX10/PSMA4/POP5/MYC/CPSF4/MAD2L1/MAK16/LSM7/KARS1/POLR2G/LSM3/RPS27A/POLR2H/IARS1/ERH/DARS1/SNRPG/ESPL1/AURKB/RPS7/RPA3/RPL6/SNRPA1/RPL23/SRSF3/PSMA6/HSPE1
REACTOME_METABOLISM_OF_RNA,REACTOME_METABOLISM_OF_RNA,165,-0.384321205,-5.724587606,0.018518519,0.066891658,0.044861635,489,"tags=77%, list=38%, signal=55%",NUP50/GEMIN4/NUP35/RPL28/RTCB/POM121C/DDX52/TRA2B/NUP58/RPL22/ZRSR2/SRSF6/CCAR1/LSM6/GTF2H4/UTP11/CSTF2/TGS1/EIF4B/NUP62/XPOT/GEMIN7/GEMIN6/NDC1/PELP1/RPL10/SNUPN/WTAP/SYF2/THG1L/DDX5/HNRNPC/NXF1/DDX42/HNRNPA1/SEM1/GTF2F2/SRSF10/PDCD7/RPP21/CPSF1/POP1/PHAX/TBL3/PABPC1/POLR2K/EXOSC4/RPL26/THOC3/TFIP11/EXOSC6/RBM8A/BOP1/YBX1/PCBP2/RPLP1/DHX16/DHX37/RPL37/RPL35/RPL7/RPL36A/PSMC2/RPS28/IMP3/BUD23/PSMA4/RPL30/POP5/EPRS1/RBM22/PCBP1/TRNT1/CPSF4/SNRNP25/RPS5/MTREX/THOC2/RPS17/RPS24/LSM7/RPL13A/LSM8/POLR2G/UTP4/LSM3/RPS27A/CDK7/POLR2H/TRMT112/RPL14/RPL24/RPL36/RPL37A/SNRPG/SF3B4/RPS14/RPL7A/RPL8/RPS7/SF3B6/RPS16/RPS23/RPL32/RPS3/RPL6/RPL5/FAU/PRPF38A/SNU13/SF3A3/LSM2/SF3B5/PHF5A/RPS19/RPL21/SNRPA1/RPL23/RPS3A/RPS20/PUF60/PSMB3/SRSF3/SNRPD1/PSMA6/RPL17
FISCHER_DREAM_TARGETS,FISCHER_DREAM_TARGETS,174,-0.153947785,-2.345806604,0.018867925,0.067836771,0.045495485,524,"tags=59%, list=40%, signal=40%",H2AX/NXT1/CEP55/FANCM/DSCC1/FANCI/KIF20A/TUBA1C/NUP50/DDX11/NUP35/SKP2/RHEB/ACACA/TRA2B/RMI1/NUP58/BCLAF1/VRK1/ASPM/H2AZ1/UBE2D3/CDK4/HMGB1/CENPO/CIT/KIF14/SLC3A2/BRIP1/UBE2C/DCLRE1B/ESCO2/PAICS/SUZ12/H2AC15/CLSPN/NUP62/DBF4/CCNB1/H2BC21/PPAT/NDC1/TEDC1/CDK2/CENPC/H2BC9/H2BC13/H2AC20/CKS1B/HNRNPA1/SASS6/NCAPH2/SIN3A/NCAPG2/KNL1/SRSF10/NCAPD3/H2AC17/TIPIN/KIF4A/CENPE/RAD9A/SGO1/H2BC6/PKMYT1/MCM4/RBM8A/FBXO5/HAUS6/MIS12/AHCTF1/AURKA/MZT1/DUT/RAD21/GINS4/GARS1/MED30/HSPD1/DDX10/CDCA8/MYC/TONSL/CENPK/MAD2L1/ANAPC1/SNRNP25/H2BC4/AARS1/MARS1/UTP4/LSM3/MTBP/KIF23/TARS1/ESPL1/AURKB/POLR1F/SRSF3/SNRPD1/HSPE1
PLASARI_TGFB1_SIGNALING_VIA_NFIC_1HR_DN,PLASARI_TGFB1_SIGNALING_VIA_NFIC_1HR_DN,10,0.497162327,1.77410301,0.018867925,0.067836771,0.045495485,342,"tags=70%, list=26%, signal=52%",FOXA1/SOX2/CAP1/CREBBP/RICTOR/PIK3R1/ANKRD11
PID_IL2_1PATHWAY,PID_IL2_1PATHWAY,15,0.417880552,1.788049651,0.019089574,0.068474435,0.045923142,461,"tags=73%, list=36%, signal=48%",SHC1/MAPK14/SOCS3/SOS1/RAF1/MAPK1/NRAS/PIK3R1/IRS2/PIK3CA/JUN
FISCHER_DIRECT_P53_TARGETS_META_ANALYSIS,FISCHER_DIRECT_P53_TARGETS_META_ANALYSIS,25,0.330818169,1.737718278,0.019746121,0.070665517,0.047392616,237,"tags=44%, list=18%, signal=37%",CDKN1A/ITGA3/TP53/PTEN/FBXW7/MON2/YAP1/PARD6B/BCL6/SUPT7L/RFK
WP_3Q29_COPY_NUMBER_VARIATION_SYNDROME,WP_3Q29_COPY_NUMBER_VARIATION_SYNDROME,12,0.446594925,1.745669545,0.019847328,0.070808495,0.047488505,141,"tags=50%, list=11%, signal=45%",NF2/FBXW7/PXN/PAK2/ERBB2/CEP43
ZHU_CMV_8_HR_DN,ZHU_CMV_8_HR_DN,14,0.439210145,1.812494667,0.019877676,0.070808495,0.047488505,519,"tags=79%, list=40%, signal=48%",RUNX1/TP53BP1/TCF7L2/MAPK14/AHR/MYH9/TFAP4/CDC25B/ZFP36L1/LMNA/TFAP2A
REACTOME_RNA_POLYMERASE_II_TRANSCRIPTION_TERMINATION,REACTOME_RNA_POLYMERASE_II_TRANSCRIPTION_TERMINATION,11,-0.436909845,-1.825640298,0.020172911,0.071633769,0.048041984,423,"tags=82%, list=33%, signal=56%",CSTF2/CPSF1/THOC3/RBM8A/CPSF4/THOC2/SNRPG/SRSF3
WHITEFORD_PEDIATRIC_CANCER_MARKERS,WHITEFORD_PEDIATRIC_CANCER_MARKERS,19,-0.331103249,-1.851230405,0.02020202,0.071633769,0.048041984,553,"tags=68%, list=43%, signal=40%",KIF14/UBE2C/DBF4/CCNB1/TYMS/CKS1B/CENPE/MCM4/AURKA/CDCA8/MAD2L1/ESPL1
KEGG_FC_EPSILON_RI_SIGNALING_PATHWAY,KEGG_FC_EPSILON_RI_SIGNALING_PATHWAY,10,0.490986569,1.752065076,0.020440252,0.071656755,0.0480574,547,"tags=90%, list=42%, signal=52%",MAPK14/SOS1/RAF1/MAPK1/NRAS/PIK3R1/PIK3CB/PIK3CA/RAC3
PID_CXCR3_PATHWAY,PID_CXCR3_PATHWAY,10,0.479367298,1.710602192,0.020440252,0.071656755,0.0480574,437,"tags=80%, list=34%, signal=53%",MAPK14/RAF1/MAPK1/NRAS/RICTOR/PIK3R1/PIK3CB/PIK3CA
REACTOME_IRS_MEDIATED_SIGNALLING,REACTOME_IRS_MEDIATED_SIGNALLING,10,0.483058275,1.723773288,0.020440252,0.071656755,0.0480574,437,"tags=80%, list=34%, signal=53%",GAB1/SOS1/FGFR1/NRAS/PIK3R1/PIK3CB/IRS2/PIK3CA
REACTOME_SIGNALING_BY_ERYTHROPOIETIN,REACTOME_SIGNALING_BY_ERYTHROPOIETIN,10,0.481792246,1.719255516,0.020440252,0.071656755,0.0480574,437,"tags=80%, list=34%, signal=53%",GAB1/SHC1/SOS1/NRAS/PIK3R1/PIK3CB/IRS2/PIK3CA
WAMUNYOKOLI_OVARIAN_CANCER_GRADES_1_2_UP,WAMUNYOKOLI_OVARIAN_CANCER_GRADES_1_2_UP,10,0.486699817,1.73676798,0.020440252,0.071656755,0.0480574,326,"tags=70%, list=25%, signal=53%",FDFT1/SLC35A2/TM9SF3/GNPNAT1/ERBB3/TNPO1/KLF5
LU_EZH2_TARGETS_DN,LU_EZH2_TARGETS_DN,36,0.284083557,1.762368152,0.020671835,0.072304652,0.04849192,325,"tags=50%, list=25%, signal=39%",ATP2B1/GNA13/CTNNA1/CRK/PICALM/DNAAF5/CCNE1/BCL9/ANKRD17/EXT2/EGFR/ATP2C1/LRP8/SPTLC1/CBFB/DNAJC13/IRS2/DCP2
ZHOU_INFLAMMATORY_RESPONSE_FIMA_UP,ZHOU_INFLAMMATORY_RESPONSE_FIMA_UP,23,0.339951233,1.734842061,0.021097046,0.073625358,0.049377666,341,"tags=57%, list=26%, signal=42%",ATP2B1/LDLR/PTPN1/FERMT2/MTF1/KMT2A/ZEB2/EGFR/EPC1/GSK3B/UBE2G2/KLF5/FOSL1
WP_SMALL_CELL_LUNG_CANCER,WP_SMALL_CELL_LUNG_CANCER,25,0.325231531,1.708372845,0.021156559,0.073666756,0.049405429,627,"tags=76%, list=48%, signal=40%",CDKN1A/ITGA3/TP53/PTEN/ITGB1/CCNE1/IKBKG/ITGAV/PTK2/E2F1/PIK3R1/PIK3CB/PIK3CA/TRAF2/CDK6/E2F3/BIRC2/CCND1/RELA
KIM_WT1_TARGETS_12HR_UP,KIM_WT1_TARGETS_12HR_UP,12,0.439641807,1.718490893,0.021374046,0.073707798,0.049432955,334,"tags=67%, list=26%, signal=50%",SNAI2/FERMT2/JUNB/MYCN/SOX9/FGFR1/ITGB5/SLC20A1
REACTOME_SIGNALING_BY_TYPE_1_INSULIN_LIKE_GROWTH_FACTOR_1_RECEPTOR_IGF1R,REACTOME_SIGNALING_BY_TYPE_1_INSULIN_LIKE_GROWTH_FACTOR_1_RECEPTOR_IGF1R,12,0.445886231,1.742899371,0.021374046,0.073707798,0.049432955,319,"tags=67%, list=25%, signal=51%",GAB1/SHC1/SOS1/FGFR1/NRAS/PIK3R1/PIK3CB/IRS2
WP_IL4_SIGNALING_PATHWAY,WP_IL4_SIGNALING_PATHWAY,12,0.443807473,1.734773832,0.021374046,0.073707798,0.049432955,319,"tags=67%, list=25%, signal=51%",GATA3/SHC1/MAPK14/SOCS3/SOS1/MAPK1/PIK3R1/IRS2
ZHANG_BREAST_CANCER_PROGENITORS_DN,ZHANG_BREAST_CANCER_PROGENITORS_DN,12,0.444845706,1.738832122,0.021374046,0.073707798,0.049432955,300,"tags=58%, list=23%, signal=45%",ZEB1/UGCG/LMNB1/SOCS3/ALDH18A1/SOX10/DNAJC13
KEGG_MTOR_SIGNALING_PATHWAY,KEGG_MTOR_SIGNALING_PATHWAY,14,0.430405105,1.776158787,0.021406728,0.073707798,0.049432955,314,"tags=64%, list=24%, signal=49%",TSC1/TSC2/BRAF/CAB39/MAPK1/RICTOR/STK11/PIK3R1/PIK3CB
GOZGIT_ESR1_TARGETS_DN,GOZGIT_ESR1_TARGETS_DN,27,0.307037338,1.693590159,0.021709634,0.074419276,0.049910116,741,"tags=85%, list=57%, signal=37%",NF2/FLCN/GATA3/UGCG/FOXA1/SOX2/SOX9/BCL6/TPK1/PTK2/AHR/PRKAR1A/CNOT4/JUN/LMNA/GRHL2/ACSL3/CDK6/CHD8/USP18/TRIM37/SRRM2/MT2A
WP_NUCLEAR_RECEPTORS_METAPATHWAY,WP_NUCLEAR_RECEPTORS_METAPATHWAY,27,0.312359401,1.722946176,0.021709634,0.074419276,0.049910116,654,"tags=78%, list=50%, signal=39%",ARNT/SNAI2/G6PD/SLC2A1/JUNB/SREBF1/NFE2L2/EGFR/FASN/AHR/KEAP1/IRS2/HSP90AB1/SLC7A5/SP1/JUN/TXNRD1/PRDX1/BIRC2/CCND1/PTPA
GRYDER_PAX3FOXO1_ENHANCERS_IN_TADS,GRYDER_PAX3FOXO1_ENHANCERS_IN_TADS,129,0.177084082,1.698304276,0.021786492,0.074517516,0.049976001,895,"tags=81%, list=69%, signal=28%",GNA13/GOLGA7/ITGB1/UGCG/DLG5/PARD3/RUNX1/LMNB1/FBXO7/REXO2/SHC1/TCF7L2/MON2/CAPRIN1/PCM1/SLC7A1/MYCN/SOCS3/TMEM165/ANKRD17/ZEB2/ZW10/FOXK1/NFE2L2/CHD7/EXT2/CAP1/CREBBP/FRG1/CCND2/FANCF/ARHGAP29/MAP4K4/PRKAR1A/MYH9/TNPO1/UBE2G2/DCP2/KLF5/VPS4B/PKN2/POLE3/PPCDC/USP1/RRAGC/SMARCA2/ACTG1/CCNC/SLC38A2/EMC1/PTAR1/ZFP36L1/RRAGA/ACSL3/GLRX5/UQCR10/ZNF217/FUBP1/MBTPS2/NCKAP1/COA6/ACTR5/TXNRD1/ACLY/CDK6/SMARCA4/ARID1A/IDH3A/VMA21/COX4I1/ILK/FARS2/RAD51B/PDE4DIP/NDUFA6/PFDN4/UQCRC2/NDUFS3/TBL1XR1/DICER1/PHF12/STAG1/MRPL23/CAND1/COX5A/COX11/COX6C/MIOS/MRPL13/WDR1/CUL3/NXT1/ZC3H13/NDUFS1/SKP2/PPP4R2/TRA2B/TIMM9/SSB/RMI1/SRSF6/VRK1/VDAC1/RHOQ
CROONQUIST_IL6_DEPRIVATION_DN,CROONQUIST_IL6_DEPRIVATION_DN,26,-0.272449689,-1.765419219,0.022058824,0.07498598,0.050290182,487,"tags=69%, list=38%, signal=44%",SKP2/KIF14/UBE2C/HMGA1/CCNB1/GPX4/TYMS/CKS1B/CENPE/MCM4/H2BC11/AURKA/DUT/SPOUT1/MAD2L1/AURKB/SNRPA1
REACTOME_ACTIVATION_OF_ANTERIOR_HOX_GENES_IN_HINDBRAIN_DEVELOPMENT_DURING_EARLY_EMBRYOGENESIS,REACTOME_ACTIVATION_OF_ANTERIOR_HOX_GENES_IN_HINDBRAIN_DEVELOPMENT_DURING_EARLY_EMBRYOGENESIS,26,-0.268749601,-1.741443391,0.022058824,0.07498598,0.050290182,839,"tags=92%, list=65%, signal=33%",PAXIP1/EZH2/RBBP7/EED/CNOT9/KMT2D/EP300/H2AX/H2AZ1/SUZ12/H2BC21/HDAC3/H2BC15/H2BC9/H2BC13/H2AC20/POLR2K/H2BC6/H2BC11/H3-3A/H2BC4/POLR2G/POLR2H
WP_MESODERMAL_COMMITMENT_PATHWAY,WP_MESODERMAL_COMMITMENT_PATHWAY,22,0.340455152,1.720612153,0.022068966,0.07498598,0.050290182,708,"tags=86%, list=55%, signal=40%",GATA3/FOXA1/TEAD1/YAP1/SOX2/EMSY/FGFR1/NFE2L2/EXT2/BMPR1A/PRKAR1A/KLF5/EXT1/GRHL2/CCDC6/CCND1/C1QBP/SETD2/TRIM28
REACTOME_MITOTIC_PROMETAPHASE,REACTOME_MITOTIC_PROMETAPHASE,40,-0.21390524,-1.718629546,0.022421525,0.076016836,0.050981537,506,"tags=65%, list=39%, signal=41%",TUBA1C/TUBB4B/NUMA1/CENPO/CENPT/DYNLL1/CENPI/CCNB1/CENPC/ACTR1A/TUBGCP5/KNL1/CENPE/SGO1/TUBGCP2/HAUS6/MIS12/AHCTF1/MZT1/RAD21/CDCA8/CENPK/MAD2L1/DYNC1I2/AURKB
BERENJENO_ROCK_SIGNALING_NOT_VIA_RHOA_DN,BERENJENO_ROCK_SIGNALING_NOT_VIA_RHOA_DN,11,0.460580047,1.731605084,0.022865854,0.076799523,0.051506455,391,"tags=73%, list=30%, signal=51%",UGCG/FERMT2/DOCK5/FASN/MYH9/KLF5/EXT1/VCL
MASSARWEH_TAMOXIFEN_RESISTANCE_DN,MASSARWEH_TAMOXIFEN_RESISTANCE_DN,11,0.460903725,1.732821991,0.022865854,0.076799523,0.051506455,299,"tags=64%, list=23%, signal=49%",DLG5/LMNB1/TEAD1/PARD6B/MYB/TIPARP/PIK3R1
REACTOME_G2_M_DNA_DAMAGE_CHECKPOINT,REACTOME_G2_M_DNA_DAMAGE_CHECKPOINT,20,-0.315771521,-1.81347213,0.022875817,0.076799523,0.051506455,438,"tags=70%, list=34%, signal=47%",BRIP1/CCNB1/H2BC21/H2BC15/H2BC9/H2BC13/UBE2N/RAD17/RAD9A/H2BC6/H2BC11/H2BC4/RPA3
RODRIGUES_NTN1_TARGETS_DN,RODRIGUES_NTN1_TARGETS_DN,12,0.433588104,1.694827921,0.022900763,0.076799523,0.051506455,642,"tags=92%, list=49%, signal=47%",KRT18/PXN/SOX9/ITGB5/UBE2G2/CNOT4/PIK3CA/MDM4/CDK13/RBM5/HECTD1
WP_PHOTODYNAMIC_THERAPYINDUCED_AP1_SURVIVAL_SIGNALING,WP_PHOTODYNAMIC_THERAPYINDUCED_AP1_SURVIVAL_SIGNALING,12,0.433726391,1.695368461,0.022900763,0.076799523,0.051506455,647,"tags=92%, list=50%, signal=46%",CDKN1A/TP53/CCNE1/MAPK14/JUNB/NFE2L2/EGFR/TRAF2/JUN/CCND1/CFLAR
WP_PATHWAYS_AFFECTED_IN_ADENOID_CYSTIC_CARCINOMA,WP_PATHWAYS_AFFECTED_IN_ADENOID_CYSTIC_CARCINOMA,17,0.39041335,1.750883907,0.023054755,0.077125786,0.051725267,230,"tags=53%, list=18%, signal=44%",TP53/PTEN/MORF4L1/FBXW7/ERBB2/MYCN/RAF1/MYB/CREBBP
BROWNE_HCMV_INFECTION_48HR_DN,BROWNE_HCMV_INFECTION_48HR_DN,28,0.310092912,1.73540172,0.023097826,0.077125786,0.051725267,274,"tags=46%, list=21%, signal=37%",ITGA3/TCF3/HMBS/RNH1/ERBB2/MAPK14/SLC7A1/SOCS3/FGFR1/RASA4/MYB/ATP2C1/CCDC22
BHATI_G2M_ARREST_BY_2METHOXYESTRADIOL_DN,BHATI_G2M_ARREST_BY_2METHOXYESTRADIOL_DN,13,-0.390243129,-1.781386128,0.023255814,0.07731933,0.051855069,182,"tags=62%, list=14%, signal=53%",SNAPC5/RPL36A/GARS1/EPRS1/RPS17/AARS1/SARS1
KANG_DOXORUBICIN_RESISTANCE_UP,KANG_DOXORUBICIN_RESISTANCE_UP,13,-0.392347714,-1.790993163,0.023255814,0.07731933,0.051855069,553,"tags=85%, list=43%, signal=49%",DSCC1/FANCI/ASPM/TYMS/NCAPG2/KIF4A/MCM4/AURKA/CDCA8/MAD2L1
KEGG_APOPTOSIS,KEGG_APOPTOSIS,13,0.439687648,1.769091161,0.024279211,0.080057998,0.053691787,647,"tags=92%, list=50%, signal=47%",TP53/IKBKG/PRKAR1A/PIK3R1/FADD/PIK3CB/CHP1/PIK3CA/TRAF2/BIRC2/RELA/CFLAR
SARRIO_EPITHELIAL_MESENCHYMAL_TRANSITION_DN,SARRIO_EPITHELIAL_MESENCHYMAL_TRANSITION_DN,13,0.440151526,1.770957581,0.024279211,0.080057998,0.053691787,217,"tags=54%, list=17%, signal=45%",PTEN/TP63/CDH1/TCF3/DLG5/BCL6/NFE2L2
PID_DELTA_NP63_PATHWAY,PID_DELTA_NP63_PATHWAY,11,0.453094339,1.703461682,0.024390244,0.080057998,0.053691787,310,"tags=64%, list=24%, signal=49%",ITGA3/TP63/FBXW7/RUNX1/YAP1/FASN/GSK3B
REACTOME_SIGNALING_BY_FGFR3,REACTOME_SIGNALING_BY_FGFR3,11,0.452443203,1.701013659,0.024390244,0.080057998,0.053691787,299,"tags=64%, list=23%, signal=49%",GAB1/BRAF/SHC1/SOS1/MAPK1/NRAS/PIK3R1
REACTOME_SIGNALING_BY_FGFR4,REACTOME_SIGNALING_BY_FGFR4,11,0.452443203,1.701013659,0.024390244,0.080057998,0.053691787,299,"tags=64%, list=23%, signal=49%",GAB1/BRAF/SHC1/SOS1/MAPK1/NRAS/PIK3R1
REACTOME_SIGNALING_BY_MODERATE_KINASE_ACTIVITY_BRAF_MUTANTS,REACTOME_SIGNALING_BY_MODERATE_KINASE_ACTIVITY_BRAF_MUTANTS,11,0.453322114,1.70431803,0.024390244,0.080057998,0.053691787,393,"tags=73%, list=30%, signal=51%",BRAF/TLN1/CSK/RAF1/MAPK1/NRAS/VCL/ACTG1
REACTOME_S_PHASE,REACTOME_S_PHASE,38,-0.206909654,-1.644689052,0.024691358,0.08087466,0.054239491,697,"tags=79%, list=54%, signal=38%",CCND1/UBE2S/TFDP1/LIG1/STAG1/STAG2/SKP2/CDK4/UBE2C/CDC26/ESCO2/CDK2/CKS1B/ANAPC2/SEM1/MCM4/RAD21/GINS4/PSMC2/PSMA4/MYC/SKP1/ANAPC1/RPS27A/CDK7/RPA3/CDC27/PSMB3/PSMA6
SPIELMAN_LYMPHOBLAST_EUROPEAN_VS_ASIAN_DN,SPIELMAN_LYMPHOBLAST_EUROPEAN_VS_ASIAN_DN,93,0.189921463,1.671149531,0.024971623,0.081368421,0.054570637,647,"tags=62%, list=50%, signal=34%",ARHGEF7/IRF2/PDCD10/GOLGA7/PTEN/ATP6V0E1/JTB/CRK/PTPN1/PICALM/CAPRIN1/PPP2R2A/EGLN1/RABIF/ZW10/NFE2L2/CAP1/TPK1/UBE2K/SPTLC1/TIMM17A/DPH1/MEF2C/HSD17B12/CYB5R4/PTDSS1/VPS4B/MAP3K7/POLE3/ELOA/HSP90AB1/C1D/USP1/RRAGC/CCNC/NDUFA10/UGP2/VBP1/SLC38A2/GRSF1/CCDC6/USP14/YME1L1/TXNRD1/ATP5PO/DNAJA1/IPO5/ILK/CSDE1/BIRC2/FARS2/RAB6A/LAMTOR3/RELA/UTP3/VPS41/RBM5/CFLAR
DODD_NASOPHARYNGEAL_CARCINOMA_DN,DODD_NASOPHARYNGEAL_CARCINOMA_DN,222,-0.146413884,-2.444028385,0.025,0.081368421,0.054570637,613,"tags=64%, list=47%, signal=41%",TMEM167A/MRPL3/CNOT9/RNF4/CAND1/CIAO2A/EIF4E2/MRM2/TWNK/PDCD5/NDUFB9/ZWINT/KIF18B/CYC1/BRAP/NXT1/CEP55/FANCM/DSCC1/INTS13/SLC39A10/SSBP1/HSP90B1/ADAR/FANCI/KIF20A/DDX11/NUP35/SKP2/ICE2/FAF2/STAMBP/DDX52/TRA2B/RPE/ENY2/TFB2M/UBAP2L/NUP58/RPL22/INTS12/TFRC/SMARCE1/ASPM/H2AZ1/CCAR1/CDK4/CENPO/LSM6/STRAP/KIF14/BRIP1/UBE2C/ESCO2/PAICS/TGS1/SUZ12/CENPI/NUP62/XPOT/DBF4/CCNB1/PPAT/NPM1/NDC1/ELP3/CYCS/NFYB/TRPM7/TPI1/TYMS/CHCHD4/HNRNPC/CKS1B/PPIA/MARS2/HNRNPA1/SASS6/NCAPG2/KNL1/GTF2F2/SRSF10/NCAPD3/AATF/FNTA/UBE2L3/POP1/TIPIN/KIF4A/CENPE/SGO1/XRCC5/MCM4/FBXO5/YBX1/HAUS6/NMD3/ELOC/AHCTF1/AURKA/INTS8/EIF2S2/DUT/RAD21/CCT8/GARS1/HSPD1/PSMA4/RPL30/EPRS1/MYC/LARS1/CPSF4/CENPK/MAD2L1/ANAPC1/NIFK/EIF1AX/RPS24/ATP6V1B2/LSM8/MARS1/POLR2H/IARS1/RPL37A/DARS1/SNRPG/KIF23/TARS1/SF3B4/YARS1/RRN3/RPL6/CDC27/SF3A3/PHF5A/RPS19/PSMB3/SRSF3/SNRPD1/HSPE1
MARTINEZ_RB1_TARGETS_DN,MARTINEZ_RB1_TARGETS_DN,49,-0.20378794,-1.783338783,0.025,0.081368421,0.054570637,234,"tags=47%, list=18%, signal=40%",HUWE1/FNTA/TARDBP/RPL26/PAM16/PCBP2/EIF3E/VIRMA/RPL37/EPRS1/CPSF4/MTREX/RPS17/RPS24/INTS9/AARS1/RPL14/RPL37A/RRN3/RPS7/RPL21/SRSF3
SENGUPTA_NASOPHARYNGEAL_CARCINOMA_UP,SENGUPTA_NASOPHARYNGEAL_CARCINOMA_UP,33,-0.229357024,-1.679079684,0.025210084,0.081879811,0.054913606,553,"tags=70%, list=43%, signal=41%",KIF18B/CEP55/DSCC1/FANCI/NUP58/TFRC/BRIP1/ESCO2/DBF4/NDC1/NFYB/TYMS/KNL1/SRSF10/CENPE/MCM4/HAUS6/DUT/CENPK/MAD2L1/KIF23/SRSF3
REACTOME_TRANSCRIPTIONAL_REGULATION_BY_RUNX3,REACTOME_TRANSCRIPTIONAL_REGULATION_BY_RUNX3,23,0.333214208,1.700461616,0.025316456,0.082052915,0.055029701,307,"tags=48%, list=24%, signal=37%",CDKN1A/TP53/RUNX1/TEAD1/PSMF1/TCF7L2/YAP1/WWTR1/CREBBP/CBFB/CTNNB1
MODY_HIPPOCAMPUS_PRENATAL,MODY_HIPPOCAMPUS_PRENATAL,16,-0.330167951,-1.649797379,0.025477707,0.082402793,0.05526435,576,"tags=81%, list=44%, signal=46%",H2AX/SRSF6/CDK4/UBE2C/NFYB/BTF3/EEF1G/EIF2S2/RPL37/RPL30/RPL13A/RPL8
UDAYAKUMAR_MED1_TARGETS_DN,UDAYAKUMAR_MED1_TARGETS_DN,19,0.356854019,1.676577886,0.025531915,0.082405721,0.055266314,546,"tags=74%, list=42%, signal=43%",CDKN1A/PTEN/SNAI2/DLG5/JUNB/DYRK1A/POLG/WASHC3/BRD2/PPM1D/CCNF/KHSRP/FUBP1/RB1CC1
REACTOME_E3_UBIQUITIN_LIGASES_UBIQUITINATE_TARGET_PROTEINS,REACTOME_E3_UBIQUITIN_LIGASES_UBIQUITINATE_TARGET_PROTEINS,14,-0.369688969,-1.765569499,0.025862069,0.08296662,0.055642487,283,"tags=64%, list=22%, signal=51%",H2BC9/H2BC13/UBE2N/UBE2L3/H2BC6/H2BC11/H2BC4/RPS27A
PID_ECADHERIN_NASCENT_AJ_PATHWAY,PID_ECADHERIN_NASCENT_AJ_PATHWAY,11,0.450364954,1.693200237,0.025914634,0.08296662,0.055642487,620,"tags=91%, list=48%, signal=48%",CTNNA1/CDH1/CRK/ARF6/CSNK2A1/PIK3R1/CTNNB1/PIK3CA/NCKAP1/CCND1
PEDRIOLI_MIR31_TARGETS_UP,PEDRIOLI_MIR31_TARGETS_UP,12,0.4219457,1.649319588,0.025954198,0.08296662,0.055642487,567,"tags=83%, list=44%, signal=47%",GATA3/LDB1/LMNB1/ERBB2/FASN/PPME1/TAF5L/HS6ST1/PMM2/NDUFB11
SESTO_RESPONSE_TO_UV_C8,SESTO_RESPONSE_TO_UV_C8,12,0.42105435,1.645835442,0.025954198,0.08296662,0.055642487,395,"tags=67%, list=30%, signal=47%",ITGA3/CTNNA1/FDFT1/SLC2A1/CCND2/FASN/ITPK1/SLC7A5
REACTOME_MHC_CLASS_II_ANTIGEN_PRESENTATION,REACTOME_MHC_CLASS_II_ANTIGEN_PRESENTATION,17,-0.322391968,-1.706231086,0.025974026,0.08296662,0.055642487,538,"tags=76%, list=41%, signal=45%",KIF20A/TUBA1C/TUBB4B/AP2M1/DYNLL1/CAPZB/ACTR1A/KIF4A/CENPE/DCTN6/DYNC1I2/KIF23
REACTOME_DNA_REPLICATION,REACTOME_DNA_REPLICATION,27,-0.260076027,-1.708881877,0.026415094,0.08385572,0.056238772,378,"tags=63%, list=29%, signal=46%",CDC26/DBF4/CDK2/ANAPC2/SEM1/MCM4/GINS4/PSMC2/PSMA4/SKP1/ANAPC1/RPS27A/RPA3/CDC27/PSMB3/PSMA6
REACTOME_RUNX1_REGULATES_TRANSCRIPTION_OF_GENES_INVOLVED_IN_DIFFERENTIATION_OF_HSCS,REACTOME_RUNX1_REGULATES_TRANSCRIPTION_OF_GENES_INVOLVED_IN_DIFFERENTIATION_OF_HSCS,27,-0.261767216,-1.719994175,0.026415094,0.08385572,0.056238772,320,"tags=59%, list=25%, signal=46%",H2BC15/H2BC9/H2BC13/H2AC20/SEM1/H2BC6/H2BC11/H3-3A/PSMC2/PSMA4/H2BC4/RPS27A/CDK7/PSMB3/PSMA6
REACTOME_TELOMERE_MAINTENANCE,REACTOME_TELOMERE_MAINTENANCE,27,-0.265132417,-1.742105905,0.026415094,0.08385572,0.056238772,409,"tags=63%, list=32%, signal=44%",CHTF8/H2BC21/TERF2/CDK2/H2BC15/H2BC9/H2BC13/H2AC20/POLR2K/H2BC6/H2BC11/H3-3A/H2BC4/POLR2G/POLR2H/RPA3
WP_RANKLRANK_RECEPTOR_ACTIVATOR_OF_NFKB_LIGAND_SIGNALING_PATHWAY,WP_RANKLRANK_RECEPTOR_ACTIVATOR_OF_NFKB_LIGAND_SIGNALING_PATHWAY,10,0.466935011,1.666238092,0.02672956,0.084680122,0.056791666,461,"tags=80%, list=36%, signal=52%",MAPK14/IKBKG/MAPK1/PTK2/PIK3R1/MAP3K7/TRAF2/JUN
CROONQUIST_NRAS_SIGNALING_DN,CROONQUIST_NRAS_SIGNALING_DN,15,-0.337993928,-1.649798656,0.028037383,0.088641706,0.059448547,553,"tags=80%, list=43%, signal=46%",H2AX/UBE2C/HMGA1/CCNB1/GPX4/CKS1B/MCM4/AURKA/DUT/AURKB/SNRPA1
WEIGEL_OXIDATIVE_STRESS_BY_HNE_AND_H2O2,WEIGEL_OXIDATIVE_STRESS_BY_HNE_AND_H2O2,10,0.460963958,1.644930642,0.028301887,0.089295341,0.059886914,492,"tags=80%, list=38%, signal=50%",TSC2/CDH2/ERBB2/UBE2A/FGFR1/CTNNB1/JUN/APC
REACTOME_RESOLUTION_OF_SISTER_CHROMATID_COHESION,REACTOME_RESOLUTION_OF_SISTER_CHROMATID_COHESION,30,-0.235380969,-1.637752319,0.028688525,0.0902953,0.060557547,595,"tags=73%, list=46%, signal=41%",ZWINT/STAG2/TUBA1C/TUBB4B/CENPO/CENPT/DYNLL1/CENPI/CCNB1/CENPC/KNL1/CENPE/SGO1/MIS12/AHCTF1/RAD21/CDCA8/CENPK/MAD2L1/DYNC1I2/AURKB
TARTE_PLASMA_CELL_VS_PLASMABLAST_UP,TARTE_PLASMA_CELL_VS_PLASMABLAST_UP,14,-0.363396113,-1.735515927,0.028735632,0.0902953,0.060557547,343,"tags=71%, list=26%, signal=53%",IFITM3/H2BC15/RPLP1/RPL24/PHB2/RPL37A/RPS14/RPL7A/RPS16
REACTOME_MITOCHONDRIAL_TRANSLATION,REACTOME_MITOCHONDRIAL_TRANSLATION,22,-0.301724138,-1.764316029,0.028880866,0.090567585,0.060740159,914,"tags=100%, list=70%, signal=30%",MRPL28/MRPL2/MRPL57/MRPL15/MRPS34/MTRF1L/MRPS2/MRPL36/MRPL58/MRPL3/MRPL55/MRPL43/MRPL23/MRPL41/GFM2/MRPL13/ERAL1/MRPS16/MRPS11/MRPS21/MRPL10
GRAESSMANN_RESPONSE_TO_MC_AND_DOXORUBICIN_UP,GRAESSMANN_RESPONSE_TO_MC_AND_DOXORUBICIN_UP,35,0.280235073,1.709278712,0.028947368,0.090592372,0.060756782,648,"tags=74%, list=50%, signal=38%",CDKN1A/FLCN/RNASEH2C/RIC8A/GATA3/BCAR1/PTPN1/ANKRD17/KCTD10/RASA4/SURF4/E2F1/CPOX/SLC33A1/SLC20A1/MRPL28/DAXX/DOLK/HS6ST1/GTSE1/ICMT/PRKRA/NDUFA11/PDE4DIP/EXOC8/NAA35
WP_CORTICOTROPINRELEASING_HORMONE_SIGNALING_PATHWAY,WP_CORTICOTROPINRELEASING_HORMONE_SIGNALING_PATHWAY,14,0.404380882,1.668764259,0.029051988,0.090736107,0.06085318,519,"tags=79%, list=40%, signal=48%",BRAF/MAPK14/JUNB/RAF1/MAPK1/PTK2/CTNNB1/GSK3B/FOSL1/SP1/TFAP2A
REACTOME_BASE_EXCISION_REPAIR,REACTOME_BASE_EXCISION_REPAIR,17,-0.318140411,-1.683730094,0.029220779,0.091079284,0.061083335,622,"tags=82%, list=48%, signal=43%",LIG1/H2AX/H2AZ1/H2BC21/TERF2/H2BC15/H2BC9/H2BC13/H2AC20/H2BC6/H2BC11/H2BC4/RPA3
STARK_PREFRONTAL_CORTEX_22Q11_DELETION_DN,STARK_PREFRONTAL_CORTEX_22Q11_DELETION_DN,104,-0.136377635,-1.62782436,0.02970297,0.09239596,0.061966379,932,"tags=87%, list=72%, signal=27%",NDUFA2/MRPS17/MRPL28/NDUFAF3/UGP2/ZNHIT1/ELOF1/MICOS10/KPNA2/NDUFB2/NDUFS8/UQCR10/COX7C/ATP5PO/IDH3A/MRPL57/PRDX1/NDUFB11/ATP5MG/NDUFA11/GPI/NDUFA8/MRPL15/GCSH/ATP5ME/NDUFA9/UQCRC2/NDUFS3/C1QBP/HIRA/FDPS/MRPL3/MRPL55/MRPL41/NDUFS7/PDCD5/RTRAF/NDUFB10/CYC1/VPS35/NDUFS1/RHEB/TOMM20/TRA2B/ATP5F1C/AP2M1/EIF3H/PFDN5/H2AZ1/DYNLL1/TIMM23/ATP5MF/EIF4G2/GET3/ATP5F1E/MRPS11/TXNL4B/POMP/PPP1CA/CYCS/ROMO1/TPI1/ATP6AP1/WTAP/ESS2/FNTA/GTF3A/RPL26/DCTN6/SNAPC2/ELOB/ELOC/EIF3F/UFD1/GINS4/RPL36A/NACA/SS18L2/NIFK/RPS17/NARS1/SBDS/TRMT112/RPL8/RPL5/SARS1/PSMB3/SMU1/HSPE1
WP_IL2_SIGNALING_PATHWAY,WP_IL2_SIGNALING_PATHWAY,11,0.443030336,1.665624874,0.030487805,0.09464688,0.063475984,299,"tags=64%, list=23%, signal=49%",SHC1/SOCS3/SOS1/RAF1/MAPK1/CCND2/PIK3R1
BORCZUK_MALIGNANT_MESOTHELIOMA_UP,BORCZUK_MALIGNANT_MESOTHELIOMA_UP,63,-0.177769179,-1.745162106,0.031446541,0.09742756,0.065340877,449,"tags=57%, list=35%, signal=39%",UBAP2L/EIF3H/VDAC1/H2AZ1/UBE2D3/CDK4/UBE2C/ATP5F1A/THAP11/IARS2/XPOT/HMGA1/CCNB1/WTAP/PKM/HNRNPC/CKS1B/SRSF10/SERBP1/UBE2N/FNTA/PABPC1/SEC61G/XRCC5/ELOC/RAD21/GARS1/EPRS1/SKP1/COPS5/MAD2L1/CDK7/CDC27/PUF60/SRSF3
ZHOU_INFLAMMATORY_RESPONSE_LIVE_DN,ZHOU_INFLAMMATORY_RESPONSE_LIVE_DN,35,0.277484712,1.692503031,0.031578947,0.097642105,0.065484765,440,"tags=57%, list=34%, signal=39%",KRT18/SLC2A1/MAPK14/BRAT1/LIPT1/RNF7/BMPR1A/APEX2/RPUSD3/PAGR1/PIK3R1/FADD/DDI2/SLC20A1/HEATR3/MTERF4/HSF1/STN1/NMNAT1/ELOF1
KEGG_THYROID_CANCER,KEGG_THYROID_CANCER,13,0.419176278,1.686563294,0.031866464,0.098087394,0.065783402,307,"tags=62%, list=24%, signal=47%",TP53/CDH1/BRAF/TCF7L2/PAX8/MAPK1/NRAS/CTNNB1
ZWANG_EGF_INTERVAL_DN,ZWANG_EGF_INTERVAL_DN,13,0.418716681,1.684714099,0.031866464,0.098087394,0.065783402,494,"tags=77%, list=38%, signal=48%",SNAI2/PARD6B/JUNB/SREBF1/BCL9/TMEM165/PIK3R1/ANKRD11/NDUFAF3/NDUFS8
KEGG_RNA_DEGRADATION,KEGG_RNA_DEGRADATION,13,-0.379867807,-1.734024744,0.031976744,0.098087394,0.065783402,189,"tags=62%, list=15%, signal=53%",EXOSC6/HSPD1/MTREX/LSM7/LSM8/LSM3/LSM2
RASHI_RESPONSE_TO_IONIZING_RADIATION_2,RASHI_RESPONSE_TO_IONIZING_RADIATION_2,16,0.387441178,1.703843974,0.031976744,0.098087394,0.065783402,359,"tags=62%, list=28%, signal=46%",CDKN1A/GAB1/GNA13/JUNB/WWTR1/TGIF1/NFE2L2/ERBB3/KLF5/RAB10
REACTOME_MAP2K_AND_MAPK_ACTIVATION,REACTOME_MAP2K_AND_MAPK_ACTIVATION,12,0.41375033,1.61728517,0.032061069,0.098151311,0.065826269,468,"tags=75%, list=36%, signal=48%",BRAF/TLN1/CSK/RAF1/MAPK1/NRAS/VCL/ACTG1/WDR83
JINESH_BLEBBISHIELD_TO_IMMUNE_CELL_FUSION_PBSHMS_DN,JINESH_BLEBBISHIELD_TO_IMMUNE_CELL_FUSION_PBSHMS_DN,15,0.402467793,1.722100717,0.032305433,0.098703952,0.066196904,467,"tags=73%, list=36%, signal=47%",TP63/MTX2/DPY30/SLC2A1/POLE4/DYRK1A/SPTSSA/COP1/WASHC3/MEMO1/ZFP36L1
GARY_CD5_TARGETS_UP,GARY_CD5_TARGETS_UP,57,0.229910517,1.699571137,0.032608696,0.099434011,0.066686526,641,"tags=65%, list=49%, signal=34%",CDKN1A/TP53/LDLR/GNA13/CTNNA1/TAOK1/IRF2BP2/NF1/BRAF/ASNS/TLN1/FDFT1/CAB39/JUNB/SLC7A1/SLC25A1/PI4KB/FASN/GSK3B/PKN2/ANKRD11/SQLE/HSF1/STN1/SLC38A2/GRK2/WAC/MRPL2/ZFP36L1/ZFP36L2/ACLY/ARID1A/GPI/AHCYL1/ATF4/YWHAE/CCL4
BERENJENO_TRANSFORMED_BY_RHOA_UP,BERENJENO_TRANSFORMED_BY_RHOA_UP,95,-0.141793512,-1.678965039,0.033333333,0.10144357,0.068034259,415,"tags=53%, list=32%, signal=39%",VRK1/ASPM/H2AZ1/COX17/CSTF2/TIMM23/SUZ12/GET3/RBMXL1/NUP62/CCNB1/CYCS/TPI1/TYMS/CKS1B/NMT1/MDM2/TIPIN/KIF4A/TBL3/RRS1/TARDBP/MCM4/BOP1/HAUS6/AURKA/PSMC2/HARS1/HSPD1/CDCA8/MYC/MAD2L1/MAK16/VARS1/LSM8/UTP4/LSM3/KIF23/RRN3/AURKB/BANF1/RPL32/SF3A3/LSM2/SF3B5/PHF5A/SNRPA1/PSMB3/SNRPD1
REACTOME_CELL_SURFACE_INTERACTIONS_AT_THE_VASCULAR_WALL,REACTOME_CELL_SURFACE_INTERACTIONS_AT_THE_VASCULAR_WALL,16,0.384035627,1.688867436,0.033430233,0.101538585,0.068097982,437,"tags=69%, list=34%, signal=46%",ITGA3/ITGB1/SLC16A1/SHC1/SOS1/ITGAV/NRAS/PIK3R1/PIK3CB/SLC7A5/PIK3CA
REACTOME_SIGNALING_BY_INSULIN_RECEPTOR,REACTOME_SIGNALING_BY_INSULIN_RECEPTOR,18,0.36631102,1.698801863,0.033946252,0.102903736,0.069013536,319,"tags=56%, list=25%, signal=42%",GAB1/ATP6V0E1/SHC1/SOS1/FGFR1/MAPK1/NRAS/PIK3R1/PIK3CB/IRS2
KIM_MYC_AMPLIFICATION_TARGETS_UP,KIM_MYC_AMPLIFICATION_TARGETS_UP,34,-0.226970373,-1.672458099,0.034334764,0.103877779,0.069666789,773,"tags=85%, list=60%, signal=35%",IDH3A/GPI/TRMT10C/MRPS34/MRPS2/MRPL36/MRPL13/SLC39A10/SSBP1/COX7B/NDUFS1/SSB/VRK1/PAICS/ATP5F1B/PPAT/CYCS/TIPIN/EIF2S2/HSPD1/MYC/NIFK/MAK16/KARS1/UTP4/RSL24D1/RPS23/RPL5
REACTOME_SUMOYLATION_OF_DNA_DAMAGE_RESPONSE_AND_REPAIR_PROTEINS,REACTOME_SUMOYLATION_OF_DNA_DAMAGE_RESPONSE_AND_REPAIR_PROTEINS,13,-0.374280713,-1.708520716,0.034883721,0.105332485,0.070642404,595,"tags=85%, list=46%, signal=46%",NSMCE2/STAG2/NUP50/NUP35/POM121C/NUP58/NUP62/NDC1/NSMCE3/RAD21
KEGG_SMALL_CELL_LUNG_CANCER,KEGG_SMALL_CELL_LUNG_CANCER,24,0.307506257,1.593877667,0.035014006,0.105519791,0.070768022,627,"tags=75%, list=48%, signal=40%",ITGA3/TP53/PTEN/ITGB1/CCNE1/IKBKG/ITGAV/PTK2/E2F1/PIK3R1/PIK3CB/PIK3CA/TRAF2/CDK6/E2F3/BIRC2/CCND1/RELA
KOBAYASHI_EGFR_SIGNALING_24HR_DN,KOBAYASHI_EGFR_SIGNALING_24HR_DN,55,-0.170520232,-1.563593386,0.035087719,0.105536214,0.070779036,626,"tags=69%, list=48%, signal=37%",SRM/UBE2S/TFDP1/ZWINT/KIF18B/CEP55/DSCC1/FANCI/TUBB4B/RMI1/VRK1/ASPM/H2AZ1/KIF14/UBE2C/PAICS/DBF4/CCNB1/CDK2/TYMS/CKS1B/NCAPG2/NCAPD3/DPAGT1/TIPIN/KIF4A/PKMYT1/MCM4/AURKA/DUT/CDCA8/MAD2L1/KIF23/ESPL1/AURKB/SNRPA1/SNRPD1
PID_AVB3_INTEGRIN_PATHWAY,PID_AVB3_INTEGRIN_PATHWAY,14,0.400537007,1.652901688,0.035168196,0.105572875,0.070803623,437,"tags=71%, list=34%, signal=48%",BCAR1/PXN/TLN1/MAPK1/ITGAV/PI4KB/PTK2/PIK3R1/VCL/PIK3CA
BURTON_ADIPOGENESIS_6,BURTON_ADIPOGENESIS_6,25,0.303925276,1.596455565,0.035260931,0.105646122,0.070852748,864,"tags=96%, list=67%, signal=33%",SLC25A1/FASN/MAP4K4/HSD17B12/CYB5B/NDUFC1/NDUFB2/UQCR10/AQP7/ATP5PO/UQCRB/NDUFB6/NDUFB8/GCSH/NDUFA9/UQCRC2/NDUFS3/NDUFB7/NDUFB3/NDUFB9/ATP5F1D/COX7B/NDUFS1/ISCA1
BUYTAERT_PHOTODYNAMIC_THERAPY_STRESS_UP,BUYTAERT_PHOTODYNAMIC_THERAPY_STRESS_UP,89,0.186540133,1.620275606,0.035388128,0.105822139,0.070970795,817,"tags=76%, list=63%, signal=30%",ARHGEF7/CDKN1A/ATP2B1/TSC1/GNA13/UGCG/CDK8/SPTLC2/MTF1/TCF7L2/PAX8/PPP2R2A/CSNK2A1/SOS1/ZEB2/FGFR1/NFE2L2/WRN/HSPA13/CREBBP/TIPARP/AHR/NRAS/SLC33A1/GSK3B/IRS2/KLF5/VPS4B/RMND5A/HSP90AB1/CHKA/JMJD6/RRAGC/CNOT4/CBLL1/SLC38A2/BRD2/PIK3CA/WAC/WASHC2C/ARID4B/TXNRD1/STXBP3/RB1CC1/DNAJA1/KDM2A/NAMPT/RAB6A/LAMTOR3/PDE4DIP/WDR48/ATF4/SLC4A7/UBE2H/SETD5/UFM1/PUM1/SETD2/ZFX/RAB7A/GFPT1/EP300/CUL3/BRAP/SNAP23/STAG2/IGF1R/NUP50
PID_REG_GR_PATHWAY,PID_REG_GR_PATHWAY,14,0.397778819,1.641519435,0.036697248,0.10952499,0.073454154,627,"tags=86%, list=48%, signal=45%",CDKN1A/TP53/GATA3/MAPK14/MAPK1/CREBBP/GSK3B/SMARCD1/JUN/SMARCA4/HDAC1/RELA
KEGG_PARKINSONS_DISEASE,KEGG_PARKINSONS_DISEASE,49,0.240863606,1.680185271,0.037406484,0.111426636,0.074729513,951,"tags=96%, list=73%, signal=27%",HTRA2/NDUFV2/UBE2J2/UBE2G2/NDUFA3/NDUFA2/NDUFC1/NDUFA10/NDUFA4/NDUFC2/NDUFB2/SDHD/NDUFS8/UQCR10/NDUFA1/COX7C/ATP5PO/UQCRB/NDUFB6/NDUFS5/NDUFB8/COX4I1/NDUFA8/NDUFA6/NDUFA9/UQCRC2/NDUFS3/NDUFB7/COX6A1/ATP5PB/NDUFB3/NDUFS2/NDUFS7/COX5A/NDUFB9/COX6C/NDUFB10/CYC1/ATP5F1D/COX7B/NDUFS1/ATP5F1C/VDAC1/ATP5F1A/ATP5F1B/ATP5F1E/SDHC
KYNG_DNA_DAMAGE_BY_GAMMA_AND_UV_RADIATION,KYNG_DNA_DAMAGE_BY_GAMMA_AND_UV_RADIATION,10,0.443891514,1.584008335,0.037735849,0.111996523,0.075111714,620,"tags=90%, list=48%, signal=47%",SIAH1/MORF4L1/CREBBP/MEF2C/CCNC/NDUFB6/DNAJA1/RAB6A/CCND1
BILD_MYC_ONCOGENIC_SIGNATURE,BILD_MYC_ONCOGENIC_SIGNATURE,23,-0.274029196,-1.675548486,0.037800687,0.111996523,0.075111714,747,"tags=87%, list=58%, signal=38%",DHODH/CFLAR/TCOF1/SRM/TWNK/DDX28/TFB2M/CDK4/UBIAD1/PAICS/NPM1/CDK2/BOP1/HSPD1/DDX10/CDCA8/MYC/ANAPC1/UTP4
REACTOME_DNA_DOUBLE_STRAND_BREAK_REPAIR,REACTOME_DNA_DOUBLE_STRAND_BREAK_REPAIR,33,-0.221551992,-1.621940506,0.037815126,0.111996523,0.075111714,521,"tags=67%, list=40%, signal=41%",BAP1/RAD51D/PPP4R2/RMI1/BRIP1/CLSPN/H2BC21/CDK2/H2BC15/H2BC9/H2BC13/UBE2N/TIPIN/RAD17/RAD9A/XRCC5/H2BC6/H2BC11/H2BC4/RPS27A/RPA3
CHANDRAN_METASTASIS_DN,CHANDRAN_METASTASIS_DN,11,0.438570629,1.64885808,0.038109756,0.112438326,0.075408015,259,"tags=55%, list=20%, signal=44%",ISL1/ERBB2/SOX2/VPS36/TEN1/BMPR1A
PID_ER_NONGENOMIC_PATHWAY,PID_ER_NONGENOMIC_PATHWAY,11,0.43909436,1.650827108,0.038109756,0.112438326,0.075408015,299,"tags=64%, list=23%, signal=49%",GNA13/BCAR1/SHC1/SOS1/ROCK2/NRAS/PIK3R1
REACTOME_RNA_POLYMERASE_I_TRANSCRIPTION_INITIATION,REACTOME_RNA_POLYMERASE_I_TRANSCRIPTION_INITIATION,10,-0.433470584,-1.746754874,0.038251366,0.112641166,0.075544051,411,"tags=80%, list=32%, signal=55%",GTF2H4/POLR2K/CHD4/CDK7/POLR2H/RRN3/POLR1F
REACTOME_RHO_GTPASE_EFFECTORS,REACTOME_RHO_GTPASE_EFFECTORS,65,-0.16033557,-1.608720374,0.039215686,0.115261314,0.077301283,409,"tags=52%, list=32%, signal=38%",RHOQ/CENPO/CENPT/CIT/KIF14/DYNLL1/PFN1/ACTB/CENPI/H2BC21/CDC42/CENPC/H2BC15/H2BC9/H2BC13/H2AC20/KNL1/PPP1CB/ACTR2/CENPE/SGO1/PPP1R12A/H2BC6/H2BC11/MIS12/AHCTF1/H3-3A/CDCA8/CENPK/MAD2L1/DYNC1I2/H2BC4/AURKB
REACTOME_RHO_GTPASES_ACTIVATE_FORMINS,REACTOME_RHO_GTPASES_ACTIVATE_FORMINS,31,-0.222381771,-1.589686922,0.039840637,0.11687595,0.078384156,485,"tags=65%, list=37%, signal=41%",TUBB4B/CENPO/CENPT/DYNLL1/PFN1/ACTB/CENPI/CDC42/CENPC/KNL1/CENPE/SGO1/MIS12/AHCTF1/CDCA8/CENPK/MAD2L1/DYNC1I2/AURKB
REACTOME_NONHOMOLOGOUS_END_JOINING_NHEJ,REACTOME_NONHOMOLOGOUS_END_JOINING_NHEJ,14,-0.346491511,-1.654782522,0.040229885,0.117466365,0.078780125,320,"tags=64%, list=25%, signal=49%",H2BC15/H2BC9/H2BC13/UBE2N/XRCC5/H2BC6/H2BC11/H2BC4
KEGG_CARDIAC_MUSCLE_CONTRACTION,KEGG_CARDIAC_MUSCLE_CONTRACTION,11,-0.384615385,-1.607126396,0.040345821,0.117466365,0.078780125,804,"tags=100%, list=62%, signal=38%",COX7C/UQCRB/COX4I1/UQCRC2/COX6A1/ATP1B3/COX5A/COX6C/CYC1/COX7B
LUI_THYROID_CANCER_PAX8_PPARG_DN,LUI_THYROID_CANCER_PAX8_PPARG_DN,11,-0.384624806,-1.607165763,0.040345821,0.117466365,0.078780125,151,"tags=64%, list=12%, signal=57%",SKP1/RPS5/SARS1/RPL21/SRSF3/RPL17
REACTOME_FORMATION_OF_RNA_POL_II_ELONGATION_COMPLEX,REACTOME_FORMATION_OF_RNA_POL_II_ELONGATION_COMPLEX,11,-0.387099343,-1.617505688,0.040345821,0.117466365,0.078780125,238,"tags=64%, list=18%, signal=52%",POLR2K/ELOB/ELOC/POLR2G/CDK7/POLR2H
ALCALAY_AML_BY_NPM1_LOCALIZATION_DN,ALCALAY_AML_BY_NPM1_LOCALIZATION_DN,15,-0.327735834,-1.599727375,0.040498442,0.117604869,0.078873014,378,"tags=67%, list=29%, signal=48%",GET3/CCNB1/TYMS/CKS1B/KIF4A/MCM4/DUT/MAD2L1/KIF23
LEE_BMP2_TARGETS_UP,LEE_BMP2_TARGETS_UP,16,0.372028151,1.636062346,0.040697674,0.117604869,0.078873014,676,"tags=88%, list=52%, signal=42%",IRF2/FLCN/CDH1/KRT18/SNAI2/MYCN/PIK3R1/ITGB5/SMARCA2/JUN/ZFP36L1/ACSL4/RAD51B/USP18
WP_CHROMOSOMAL_AND_MICROSATELLITE_INSTABILITY_IN_COLORECTAL_CANCER,WP_CHROMOSOMAL_AND_MICROSATELLITE_INSTABILITY_IN_COLORECTAL_CANCER,16,0.372031043,1.636075066,0.040697674,0.117604869,0.078873014,620,"tags=81%, list=48%, signal=43%",CDKN1A/TGFBR1/TP53/BRAF/TCF7L2/RAF1/MAPK1/CTNNB1/GSK3B/JUN/APC/RAC3/CCND1
WP_HUMAN_THYROID_STIMULATING_HORMONE_TSH_SIGNALING_PATHWAY,WP_HUMAN_THYROID_STIMULATING_HORMONE_TSH_SIGNALING_PATHWAY,16,0.376666117,1.656458658,0.040697674,0.117604869,0.078873014,538,"tags=75%, list=41%, signal=44%",GNA13/BRAF/CCNE1/PAX8/MAPK14/RAF1/MAPK1/E2F1/PIK3R1/PIK3CA/JUN/CCND3
BROWNE_HCMV_INFECTION_16HR_UP,BROWNE_HCMV_INFECTION_16HR_UP,25,0.297844411,1.564514063,0.04090268,0.117976759,0.079122427,403,"tags=56%, list=31%, signal=39%",GNA13/ISL1/BRAF/SLC16A1/SLC7A1/SOS1/RAF1/RFK/RMND5A/DOHH/CHD1/IREB2/CCNC/THAP12
RASHI_RESPONSE_TO_IONIZING_RADIATION_5,RASHI_RESPONSE_TO_IONIZING_RADIATION_5,15,0.392026879,1.677425575,0.041116006,0.11837122,0.079386976,331,"tags=60%, list=26%, signal=45%",LARP7/CRK/CSNK2A1/RNF7/BMPR1A/MAP4K4/CPOX/PIK3R1/MAP3K7
PHONG_TNF_RESPONSE_VIA_P38_PARTIAL,PHONG_TNF_RESPONSE_VIA_P38_PARTIAL,15,0.386950731,1.655705482,0.042584435,0.122370885,0.082069396,334,"tags=60%, list=26%, signal=45%",CDKN1A/LDLR/TCF7L2/JUNB/BCL6/ITGAV/EGFR/TIPARP/SLC20A1
RODRIGUES_THYROID_CARCINOMA_POORLY_DIFFERENTIATED_UP,RODRIGUES_THYROID_CARCINOMA_POORLY_DIFFERENTIATED_UP,98,-0.132059167,-1.563053275,0.043103448,0.123553418,0.082862474,423,"tags=50%, list=33%, signal=36%",TFRC/H2AZ1/CIT/KIF14/MAD2L2/UBE2C/MRPS16/PAICS/TIMM23/EIF4G2/EIF5A/PPP2R3C/DBF4/CCNB1/PPAT/NPM1/NDC1/CYCS/H2BC9/TYMS/CKS1B/SASS6/AK6/KNL1/SRSF10/ATP6V1C1/ACTR2/TIPIN/COPS8/H2BC6/MCM4/FBXO5/PAM16/HAUS6/NMD3/ELOC/AURKA/EIF2S2/CCT8/GARS1/CARS1/HSPD1/EPRS1/MAD2L1/NIFK/MTREX/TARS1/SNRPD1
REACTOME_SIGNALING_BY_GPCR,REACTOME_SIGNALING_BY_GPCR,17,0.365583885,1.639531387,0.043227666,0.123553418,0.082862474,481,"tags=71%, list=37%, signal=45%",ARHGEF7/GNA13/SOS1/ROCK2/MAPK1/EGFR/NRAS/PRKAR1A/PIK3R1/GRK2/PIK3CA/KPNA2
BASAKI_YBX1_TARGETS_DN,BASAKI_YBX1_TARGETS_DN,21,0.326452396,1.609104813,0.043235704,0.123553418,0.082862474,389,"tags=57%, list=30%, signal=41%",PTEN/CDH1/IRF2BP2/UBXN4/SMCHD1/JUNB/TM9SF3/ATP2C1/RICTOR/PIK3R1/SLC20A1/MIB1
FARMER_BREAST_CANCER_CLUSTER_2,FARMER_BREAST_CANCER_CLUSTER_2,10,-0.423136646,-1.705112242,0.043715847,0.124465377,0.08347409,754,"tags=100%, list=58%, signal=42%",MRPL15/CEP55/KIF20A/ASPM/KIF4A/RRS1/CENPE/MCM4/MAD2L1
LUI_TARGETS_OF_PAX8_PPARG_FUSION,LUI_TARGETS_OF_PAX8_PPARG_FUSION,10,-0.421251807,-1.697516914,0.043715847,0.124465377,0.08347409,373,"tags=80%, list=29%, signal=57%",EIF3G/SKP1/RPS5/SARS1/RPL21/SRSF3/RPL17
WP_SUDDEN_INFANT_DEATH_SYNDROME_SIDS_SUSCEPTIBILITY_PATHWAYS,WP_SUDDEN_INFANT_DEATH_SYNDROME_SIDS_SUSCEPTIBILITY_PATHWAYS,18,0.352241238,1.633551925,0.043847242,0.124609993,0.083571078,461,"tags=67%, list=36%, signal=44%",GATA3/ASCL1/TCF3/SOX2/MYB/CREBBP/MEF2C/PRKAR1A/CTNNB1/FOXM1/SP1/JUN
FONTAINE_FOLLICULAR_THYROID_ADENOMA_UP,FONTAINE_FOLLICULAR_THYROID_ADENOMA_UP,10,0.43996363,1.569991845,0.044025157,0.124886042,0.083756214,242,"tags=60%, list=19%, signal=49%",CDH1/GATA3/CCNE1/PAX8/ARIH2/PTK2
THUM_SYSTOLIC_HEART_FAILURE_UP,THUM_SYSTOLIC_HEART_FAILURE_UP,33,0.277463379,1.666731784,0.044502618,0.126009244,0.084509502,808,"tags=88%, list=62%, signal=34%",ITGB1/CTNNA1/ZEB1/FLI1/MORF4L1/SLC16A1/ARF6/PICALM/SHC1/CAPRIN1/PTK2/RICTOR/HSP90AB1/ACTG1/SP1/ARF1/ZFP36L2/ZNF217/NAMPT/FBXW11/YWHAE/CCL4/TBL1XR1/PTPN11/GFM2/WDR1/VPS35/SNAP23/HSP90B1
BLANCO_MELO_BETA_INTERFERON_TREATED_BRONCHIAL_EPITHELIAL_CELLS_UP,BLANCO_MELO_BETA_INTERFERON_TREATED_BRONCHIAL_EPITHELIAL_CELLS_UP,19,0.338376987,1.589768768,0.045390071,0.128287111,0.086037179,291,"tags=53%, list=22%, signal=41%",IRF2/FERMT1/MED13/SREK1IP1/DUSP4/CAB39/SOCS3/ROCK2/ARHGAP29/RICTOR
PID_SHP2_PATHWAY,PID_SHP2_PATHWAY,11,0.432806865,1.627188526,0.045731707,0.129016824,0.086526569,299,"tags=64%, list=23%, signal=49%",GAB1/SHC1/SOS1/RAF1/EGFR/NRAS/PIK3R1
TOOKER_GEMCITABINE_RESISTANCE_DN,TOOKER_GEMCITABINE_RESISTANCE_DN,29,0.280082089,1.584679508,0.046321526,0.130442767,0.087482893,555,"tags=66%, list=43%, signal=38%",SLC35A1/RIC8A/UGCG/ASNS/SPCS1/CAPRIN1/WWTR1/SOX9/GCN1/ARHGAP29/PIK3CB/CEPT1/SLC20A1/CYB5B/SLC7A5/ACSL3/ZNF217/IDH3A/IPO5
REACTOME_REGULATION_OF_RUNX3_EXPRESSION_AND_ACTIVITY,REACTOME_REGULATION_OF_RUNX3_EXPRESSION_AND_ACTIVITY,10,-0.416605537,-1.678793855,0.046448087,0.130561351,0.087562423,240,"tags=70%, list=18%, signal=57%",MDM2/PSMC2/PSMA4/RPS27A/PSMB3/PSMA6
JOHNSTONE_PARVB_TARGETS_2_DN,JOHNSTONE_PARVB_TARGETS_2_DN,34,0.269636899,1.639736009,0.046814044,0.131351202,0.088092145,581,"tags=68%, list=45%, signal=38%",TGFBR1/SLC35A1/GLS/MAPK14/TM9SF3/AK2/TMEM165/TDP2/PTK2/ATP2C1/DCP2/PPA2/MBNL1/PTAR1/UFL1/FUBP1/CDK6/E2F3/PPIL1/SYNCRIP/IPO5/HDAC1/CDK13
OUELLET_OVARIAN_CANCER_INVASIVE_VS_LMP_UP,OUELLET_OVARIAN_CANCER_INVASIVE_VS_LMP_UP,34,-0.214385762,-1.5797269,0.0472103,0.131998476,0.088526247,632,"tags=74%, list=49%, signal=39%",ATP1B3/ATP5PB/MRPL3/MBTPS1/SNRPB2/ADAR/COX7B/SPCS2/NDUFS1/ATP5F1C/ARF4/H2AZ1/ATP5F1B/THAP11/CYCS/DDX5/CKS1B/POLR2K/YBX1/RAD21/EPRS1/COPS5/IARS1/TARS1
LIAO_METASTASIS,LIAO_METASTASIS,58,0.217295252,1.61163371,0.047215496,0.131998476,0.088526247,296,"tags=40%, list=23%, signal=32%",FERMT1/FLCN/GLS/ASNS/POU2AF1/TCF3/DLG5/G6PD/SLC2A1/SLC25A19/SHC1/CCNE1/ALDH18A1/TMEM165/SOX9/RASA4/CHD7/RBIS/PTK2/ATP2C1/E2F1/MAP4K4/PPP6R3
NUYTTEN_NIPP1_TARGETS_DN,NUYTTEN_NIPP1_TARGETS_DN,89,0.182160177,1.58223159,0.047945205,0.133796548,0.089732144,571,"tags=56%, list=44%, signal=34%",NF2/ARNT/ITGA3/PDCD10/KCTD5/TAPT1/KRT18/RAB18/SREK1IP1/CRK/FOXA1/TCF3/RUNX1/LMNB1/SPTLC2/PAK2/SLC16A1/KDSR/TCF7L2/SLC7A1/ANKRD17/TDP2/ROCK2/SURF4/SLC35B2/MAP4K4/PRKAR1A/KEAP1/UBE2G2/DCP2/KLF5/SLC20A1/RAB10/SMARCA2/VCL/ACTG1/GOLT1B/FOXM1/SLC38A2/GRHL2/ACSL3/FUBP1/YME1L1/CDK6/ARID1A/RB1CC1/DNAJA1/IPO5/VMA21/ELAVL1
WP_THERMOGENESIS,WP_THERMOGENESIS,18,0.343613101,1.593538123,0.048090523,0.133960269,0.089841945,595,"tags=78%, list=46%, signal=43%",TSC1/TSC2/MAPK14/SOS1/FGFR1/NRAS/SMARCD1/SMARCA2/ACTG1/ACSL3/SMARCA4/ARID1A/ACSL4/MLST8
SESTO_RESPONSE_TO_UV_C1,SESTO_RESPONSE_TO_UV_C1,15,0.378701531,1.620408364,0.04845815,0.134741546,0.090365917,146,"tags=40%, list=11%, signal=36%",CDKN1A/KRT18/UBXN4/CAPRIN1/PPP2R2A/CSNK2A1
PID_AVB3_OPN_PATHWAY,PID_AVB3_OPN_PATHWAY,10,0.435110581,1.552673946,0.048742138,0.135103736,0.090608824,627,"tags=90%, list=48%, signal=47%",BCAR1/ROCK2/MAPK1/ITGAV/PIK3R1/PIK3CA/JUN/ILK/RELA
KAMMINGA_EZH2_TARGETS,KAMMINGA_EZH2_TARGETS,12,-0.373250389,-1.625543621,0.048850575,0.135103736,0.090608824,819,"tags=100%, list=63%, signal=37%",IPO5/EED/TFDP1/SETDB1/H2AZ1/DBF4/MCM4/AURKA/MAD2L1/AURKB/RPA3
REACTOME_DUAL_INCISION_IN_TC_NER,REACTOME_DUAL_INCISION_IN_TC_NER,12,-0.380745686,-1.658186409,0.048850575,0.135103736,0.090608824,396,"tags=75%, list=31%, signal=53%",USP7/ZNF830/POLR2K/POLR2G/RPS27A/CDK7/POLR2H/RPA3
ZHU_CMV_ALL_DN,ZHU_CMV_ALL_DN,17,0.35925194,1.61113456,0.048991354,0.135251132,0.090707677,519,"tags=71%, list=40%, signal=43%",RUNX1/TP53BP1/TCF7L2/MAPK14/AHR/MYH9/TFAP4/CDC25B/ACTG1/ZFP36L1/LMNA/TFAP2A
HAN_SATB1_TARGETS_UP,HAN_SATB1_TARGETS_UP,22,0.316234469,1.598204246,0.049655172,0.136839388,0.091772858,414,"tags=59%, list=32%, signal=41%",TSC1/CDH1/SLC16A1/TCF7L2/ALG12/NDUFV2/SLC33A1/CTNNB1/PPME1/CDS2/KLF5/SQLE/SCO2
