Genes involved in Genesets,HVGs in CRIPSR Effect
AASDHPPT,AAMP
ALDH1L1,AARS1
ALDH1L2,AARS2
MTHFD1,AASDHPPT
MTHFD1L,AATF
MTHFD2L,ABCB7
BOLA2,ABCE1
BOLA2B,ABCF1
GLRX3,ABHD11
GLRX5,ABT1
HSCB,ACACA
NFS1,ACIN1
AADAT,ACLY
ADHFE1,ACO2
D2HGDH,ACSL3
DLST,ACSL4
GOT1,ACTB
GOT2,ACTG1
GPT2,ACTL6A
IDH1,ACTR10
IDH2,ACTR1A
IDH3B,ACTR2
KYAT3,ACTR3
L2HGDH,ACTR5
MRPS36,ACTR6
OGDH,ACTR8
OGDHL,ADAR
PHYH,ADAT2
TAT,ADAT3
PAPSS1,ADNP
PAPSS2,ADRM1
SLC26A1,ADSL
SLC26A2,ADSS2
SLC35B2,AFG2A
SLC35B3,AFG2B
ABHD14B,AFG3L2
BPNT1,AHCTF1
ENPP1,AHCY
SULT1A1,AHCYL1
SULT1A2,AHR
SULT1A3,AIFM1
SULT1A4,AIRIM
SULT1B1,AK2
SULT1C3,AK6
SULT1C4,AKIRIN2
SULT1E1,ALDH18A1
SULT2A1,ALDOA
SULT2B1,ALG1
TPST1,ALG11
TPST2,ALG12
CPEB3,ALG13
DHX36,ALG14
DND1,ALG2
HNRNPD,ALG8
KHSRP,ALYREF
MOV10,AMBRA1
PLEKHN1,AMD1
RBM24,ANAPC1
RC3H1,ANAPC10
TARDBP,ANAPC11
TRIM71,ANAPC13
UPF1,ANAPC15
ZC3H12A,ANAPC2
ZC3H12D,ANAPC4
ZFP36,ANAPC5
ZFP36L1,ANKLE2
ZFP36L2,ANKRD11
ANGEL2,ANKRD17
BOLL,ANKRD49
DAZ1,ANKRD52
DAZ2,ANLN
DAZ3,AP1G1
DAZ4,AP2M1
DAZL,AP2S1
ELAVL1,APC
ELAVL4,APEX2
HNRNPA0,AQP7
HNRNPC,AQR
LARP4B,ARCN1
MAPK14,ARF1
MAPKAPK2,ARF4
METTL16,ARF6
MYD88,ARFRP1
RBM10,ARGLU1
TENT4A,ARHGAP29
TENT4B,ARHGEF7
TIRAP,ARID1A
YBX3,ARID2
GTF3C1,ARID4B
GTF3C2,ARIH1
GTF3C3,ARIH2
GTF3C4,ARL2
GTF3C5,ARMC5
GTF3C6,ARMC7
PRPS1,ARNT
PRPS1L1,ARPC3
PRPS2,ARPC4
PRPSAP1,ASCC3
PRPSAP2,ASCL1
PYGL,ASNS
AURKB,ASPM
CHMP4C,ATF4
IST1,ATG9A
SPART,ATIC
VPS4A,ATL2
ZFYVE19,ATMIN
ADORA2A,ATP1A1
CHRNA3,ATP1B3
SLC18A3,ATP2A2
SLC22A1,ATP2B1
SLC44A4,ATP2C1
TACR2,ATP5F1A
ACHE,ATP5F1B
BCHE,ATP5F1C
CHAT,ATP5F1D
COLQ,ATP5F1E
SLC5A7,ATP5ME
ACAT1,ATP5MF
ACLY,ATP5MG
ACSS1,ATP5PB
ACSS2,ATP5PO
DIP2A,ATP6AP1
DLAT,ATP6AP2
DLD,ATP6V0B
MLYCD,ATP6V0C
MPC2,ATP6V0D1
PDHA1,ATP6V0E1
PDHA2,ATP6V1A
PDHB,ATP6V1B2
PDHX,ATP6V1C1
PDK1,ATP6V1D
PDK2,ATP6V1E1
PDK3,ATP6V1F
PDK4,ATP6V1G1
PPCS,ATP6V1H
AASS,ATR
ACACA,ATRIP
ACACB,ATXN7L3
ACOT12,AURKA
HMGCS1,AURKB
HMGCS2,BANF1
MVD,BANP
MVK,BAP1
NUDT7,BARD1
NUDT8,BCAR1
PIPOX,BCAS2
PMVK,BCL2L1
TDO2,BCL6
ABAT,BCL9
ADORA1,BCLAF1
APBA1,BCS1L
ARL6IP1,BDP1
ARL6IP5,BET1
ATP1A2,BIRC2
AVP,BIRC5
AVPR1A,BIRC6
AVPR1B,BLTP2
CLN8,BMPR1A
DTNBP1,BMS1
GABBR1,BNIP1
GIPC1,BOP1
GJA1,BORA
GRM1,BPTF
GRM2,BRAF
GRM7,BRAP
HRH3,BRAT1
ITGB1,BRCA1
KCNJ10,BRCA2
KMO,BRD2
LRRC8A,BRD4
LRRC8C,BRD9
LRRC8D,BRF1
LRRC8E,BRF2
NF1,BRIP1
NPY5R,BRIX1
NTRK2,BRK1
NTSR1,BRPF1
P2RX7,BTAF1
PER2,BTF3
PRAF2,BTF3L4
PSEN1,BUB1B
RAB3GAP1,BUB3
SLC12A2,BUD13
SLC17A6,BUD23
SLC17A7,BUD31
SLC17A8,BYSL
SLC1A1,C19orf25
SLC1A2,C19orf53
SLC1A3,C1D
SLC1A4,C1QBP
SLC1A6,C3orf38
SLC1A7,CAB39
SLC25A12,CACTIN
SLC25A13,CAD
SLC25A18,CAMLG
SLC25A22,CAND1
SLC38A7,CAP1
SLC3A1,CAPRIN1
SLC6A1,CAPZB
SLC6A13,CARM1
SLC6A6,CARS1
SLC7A11,CARS2
SLC7A13,CASC3
SLC9A3R1,CBFB
SNCA,CBLL1
STXBP1,CCAR1
SYT4,CCDC115
TNF,CCDC159
TRH,CCDC174
TRPV1,CCDC22
ABCB11,CCDC51
ABCB4,CCDC6
AGXT,CCDC86
CASR,CCL4
CCKBR,CCNA2
CES1,CCNB1
CHRM5,CCNC
DRD2,CCND1
DRD3,CCND2
GHRL,CCND3
HIP1R,CCNE1
HRH2,CCNF
HTR1B,CCNH
KCNQ1,CCNK
MIR33A,CCNL1
MYC,CCT2
OPRL1,CCT3
OXT,CCT4
OXTR,CCT5
PRKAA1,CCT6A
PTGER3,CCT7
SCT,CCT8
SGK1,CD2BP2
SLC10A1,CDAN1
SLC22A16,CDC123
SLC26A6,CDC16
SLC26A7,CDC20
SLC51A,CDC23
SLC51B,CDC25B
SLC9A4,CDC26
SNX10,CDC27
SV2A,CDC37
TFF2,CDC40
TRPC4,CDC42
UCN,CDC45
UGT1A3,CDC5L
EQTN,CDC6
HYAL3,CDC7
RAB3A,CDC73
RIMS1,CDCA3
SYT6,CDCA5
UNC13B,CDCA8
ZP3,CDH1
ZP4,CDH2
ACRBP,CDIN1
ACTL7A,CDIPT
ACTL9,CDK1
CCDC136,CDK12
FABP9,CDK13
KNL1,CDK2
NECTIN2,CDK4
PAFAH1B1,CDK6
PLA2G3,CDK7
RFX2,CDK8
SOX30,CDK9
SPACA1,CDKN1A
SPINK2,CDS2
TBC1D20,CDT1
TBPL1,CEBPZ
TMF1,CENATAC
ZPBP,CENPA
ZPBP2,CENPC
ABHD2,CENPE
ACR,CENPH
ADCY3,CENPI
AKAP3,CENPK
B4GALT1,CENPM
CACNA1H,CENPN
CCDC87,CENPO
CRISP1,CENPP
FAM170B,CENPT
GLRA1,CENPW
GLRB,CEP192
IFTAP,CEP43
IQCF1,CEP55
PCSK4,CEP85
PKDREJ,CEPT1
PLA2G10,CERS2
PLB1,CFAP20
PLCB1,CFAP298
PLCD4,CFL1
POMZP3,CFLAR
PRND,CHAF1A
PRSS37,CHAF1B
ROPN1B,CHCHD1
SERPINA10,CHCHD4
SPESP1,CHD1
SPINK1,CHD4
SPINK13,CHD7
STX2,CHD8
TNP2,CHEK1
TRIM36,CHERP
ZP2,CHKA
AIF1,CHMP2A
BAIAP2,CHMP3
BAIAP2L1,CHMP4B
BAIAP2L2,CHMP5
DPYSL3,CHMP6
EPS8,CHMP7
FLNA,CHORDC1
GAS2,CHP1
GAS2L1,CHTF18
GAS2L2,CHTF8
GAS2L3,CIAO1
LCP1,CIAO2A
MARCKS,CIAO2B
TNNT2,CIAO3
ABI3,CIAPIN1
ABL1,CINP
ABL2,CIP2A
ANTXR1,CIT
ANXA1,CKAP5
ARAP1,CKS1B
ARHGDIA,CLASRP
ARHGDIB,CLNS1A
ASB2,CLP1
ATP2C1,CLPB
AUTS2,CLSPN
BCAR1,CLTC
BCAS3,CMIP
BRSK2,CMPK1
CAPN10,CMTR1
CASS4,CNIH4
CCL27,CNOT1
CD2AP,CNOT11
CDC42,CNOT2
CDC42BPA,CNOT3
CDC42BPB,CNOT4
CDC42BPG,CNOT9
CDK5,COA3
CLDN19,COA5
CLDN3,COA6
CSF1R,COA7
CSF3,COASY
CTTN,COG1
CXADR,COG2
DAPK3,COG3
DMTN,COG5
EFS,COG7
ESAM,COG8
EZR,COP1
F11R,COPA
FARP2,COPB1
FER,COPB2
FES,COPE
FGF10,COPG1
FGF7,COPS2
GAB1,COPS3
GDPD2,COPS4
GMFG,COPS5
GPR65,COPS6
GRB2,COPS8
GSN,COPZ1
HAX1,COQ2
HCK,COQ4
HCLS1,COQ7
HMCN1,COX10
HRAS,COX11
INSRR,COX15
IQGAP2,COX17
KIT,COX18
MCU,COX19
MDK,COX4I1
MICALL2,COX5A
MINK1,COX5B
MKLN1,COX6A1
MYH9,COX6B1
NEDD9,COX6C
NOTCH2,COX7B
NPHS2,COX7C
NRK,CPOX
NRP1,CPSF1
NTF3,CPSF2
NTRK3,CPSF3
PAK1,CPSF4
PARVA,CPSF6
PARVB,CRAMP1
PARVG,CRCP
PDGFRA,CREBBP
PDLIM4,CRIPTO
PHACTR1,CRK
PHPT1,CRKL
PIP5K1A,CRLS1
PLEC,CRNKL1
PLEK,CRTC3
PLEK2,CSDE1
PTK2B,CSE1L
PTK7,CSH2
PTPN1,CSK
RALA,CSNK1A1
RAP2A,CSNK2A1
RAPGEF3,CSNK2B
RHOA,CSTF1
RICTOR,CSTF2
S1PR1,CSTF3
S1PR2,CTC1
SEMA3E,CTCF
SHC1,CTDNEP1
SIPA1L1,CTDP1
STAP1,CTDSPL2
SYDE1,CTNNA1
TEK,CTNNB1
THSD7A,CTNNBL1
THSD7B,CTPS1
TJP1,CTR9
TNIK,CTU1
TRPM2,CTU2
TRPV4,CUL1
WHAMM,CUL2
ACTA2,CUL3
ACTC1,CWC22
ACTN4,CWF19L2
AKAP9,CXXC1
ANK2,CYB5B
ATP1A1,CYB5R4
ATP2A1,CYC1
ATP2A2,CYCS
BIN1,DAD1
CACNA1C,DAP3
CACNA1D,DARS1
CACNA1G,DARS2
CACNA2D1,DAXX
CACNB2,DAZAP1
CAMK2D,DBF4
CAV1,DBR1
CAV3,DCAF15
CCDC88C,DCLRE1B
CTNNA3,DCP2
DLG1,DCPS
DSC2,DCTN2
DSG2,DCTN3
DSP,DCTN5
EMP2,DCTN6
EPB41L5,DDB1
EPDR1,DDI2
FGF12,DDOST
FGF13,DDX10
FNBP1L,DDX11
FRMD6,DDX18
GATA4,DDX19A
GJA5,DDX20
GJC1,DDX21
GPD1L,DDX23
HCN4,DDX24
JUP,DDX27
KCNA5,DDX28
KCND3,DDX39B
KCNE1,DDX3X
KCNE1B,DDX41
KCNE2,DDX42
KCNE3,DDX47
KCNE4,DDX49
KCNE5,DDX5
KCNH2,DDX51
KCNJ2,DDX52
KCNJ3,DDX54
KCNJ5,DDX55
KCNJ8,DDX56
KCNN2,DDX59
LIMCH1,DDX6
MIR1-1,DENR
MIR133A1,DERL2
MIR328,DET1
MIR448,DHDDS
MYBPC3,DHFR
MYH10,DHODH
MYH14,DHPS
MYH2,DHX15
MYH3,DHX16
MYH4,DHX29
MYH6,DHX30
MYH7,DHX33
MYH8,DHX35
MYL1,DHX36
MYL6,DHX37
MYL6B,DHX8
MYLK2,DHX9
MYLPF,DICER1
MYO15A,DIDO1
MYO19,DIS3
MYO1A,DKC1
MYO1B,DLD
MYO1C,DLG5
MYO1D,DLST
MYO1E,DMAP1
MYO1F,DNAAF10
MYO1G,DNAAF5
MYO1H,DNAJA1
MYO5A,DNAJA3
MYO5B,DNAJC11
MYO5C,DNAJC13
MYO6,DNAJC17
MYO7A,DNAJC19
MYO7B,DNAJC2
MYO9B,DNAJC21
NEDD4L,DNAJC8
NOS1AP,DNAJC9
NUP155,DNLZ
PDE4B,DNM1L
PDE4D,DNM2
PDPN,DOCK5
PIK3CA,DOHH
PKP2,DOLK
PLN,DOLPP1
RANGRF,DONSON
RNF207,DOT1L
ROCK1,DPAGT1
RYR2,DPF2
SCN1A,DPH1
SCN1B,DPH2
SCN2B,DPH3
SCN3B,DPH5
SCN4B,DPH6
SCN5A,DPM1
SGCD,DPM2
SHTN1,DPY19L2
SLC9A1,DPY30
SNTA1,DR1
SRI,DRAP1
STC1,DSCC1
SUMO1,DSN1
SUN2,DTL
SYNE2,DTYMK
TNNC1,DUSP4
TPM1,DUT
TRPM4,DYNC1H1
VIL1,DYNC1I2
WAS,DYNLL1
WASF2,DYNLRB1
WASL,DYRK1A
WIPF1,E2F1
WIPF2,E2F3
WIPF3,E4F1
ABI1,EAF1
ABI2,EAPP
ABITRAM,EARS2
ABLIM2,EBF1
ABLIM3,EBNA1BP2
ABRACL,ECD
ACAP2,ECT2
ACTA1,EDF1
ACTB,EED
ACTBL2,EEF1A1
ACTG1,EEF1B2
ACTN1,EEF1G
ACTN2,EEF2
ACTN3,EEF2KMT
ACTR2,EEFSEC
ACTR3,EFL1
ADD1,EFR3A
ADD2,EFTUD2
ADD3,EGFR
ADPRHL1,EGLN1
ADRA2A,EIF1
AGAP2,EIF1AD
AIF1L,EIF1AX
AKAP11,EIF2AK4
AKAP13,EIF2B1
ALDOA,EIF2B2
ALKBH4,EIF2B3
ALMS1,EIF2B4
ALOX15,EIF2B5
AMOT,EIF2S1
AMOTL1,EIF2S2
AMOTL2,EIF2S3
ANG,EIF3A
ANKRD1,EIF3B
ANLN,EIF3D
AP1AR,EIF3E
APOA1,EIF3F
AQP1,EIF3G
ARF1,EIF3H
ARF6,EIF3I
ARFGEF1,EIF3J
ARFGEF3,EIF3M
ARFIP1,EIF4A1
ARFIP2,EIF4A3
ARHGAP12,EIF4B
ARHGAP17,EIF4E
ARHGAP18,EIF4E2
ARHGAP25,EIF4G1
ARHGAP26,EIF4G2
ARHGAP28,EIF5
ARHGAP35,EIF5A
ARHGAP40,EIF5AL1
ARHGAP44,EIF6
ARHGAP6,EIPR1
ARHGEF10,ELAC2
ARHGEF10L,ELAVL1
ARHGEF11,ELL
ARHGEF15,ELMO2
ARHGEF17,ELOA
ARHGEF18,ELOB
ARHGEF19,ELOC
ARHGEF2,ELOF1
ARHGEF5,ELP1
ARPC1A,ELP2
ARPC1B,ELP3
ARPC2,ELP4
ARPC3,ELP5
ARPC4,ELP6
ARPC5,EMC1
ARPC5L,EMC2
ARPIN,EMC3
ARRB1,EMC4
ASAP3,EMC6
ATXN3,EMC7
AVIL,EMSY
BAG4,ENO1
BBS4,ENY2
BCL2,EP300
BCL6,EP400
BCR,EPC1
BIN3,EPC2
BLOC1S6,EPRS1
BMP10,ERAL1
BRK1,ERBB2
BST1,ERBB3
BST2,ERCC2
C15orf62,ERCC3
C9orf72,ERH
CALD1,ESCO2
CALR,ESF1
CAP1,ESPL1
CAPG,ESS2
CAPN3,ETF1
CAPZA1,EWSR1
CAPZA2,EXOC8
CAPZA3,EXOSC1
CAPZB,EXOSC10
CARMIL1,EXOSC2
CARMIL2,EXOSC3
CASQ1,EXOSC4
CATIP,EXOSC6
CAVIN3,EXOSC7
CCDC88A,EXOSC8
CCIN,EXT1
CCL11,EXT2
CCL21,EZH2
CCL24,FADD
CCL26,FAF2
CCN2,FAM133B
CCR7,FAM136A
CD47,FAM210A
CDC42EP1,FAM32A
CDC42EP2,FAM50A
CDC42EP3,FAM98B
CDC42EP4,FANCA
CDC42EP5,FANCF
CDK10,FANCI
CDK5R1,FANCM
CELSR1,FARS2
CFL1,FARSA
CFL2,FARSB
CFLAR,FASN
CGNL1,FASTKD5
CIT,FAU
CLASP1,FBL
CLASP2,FBXO11
CLN3,FBXO42
CLRN1,FBXO5
CNN1,FBXO7
CNN2,FBXW11
CNN3,FBXW7
COBL,FCF1
CORO1A,FCHO2
CORO1B,FDFT1
CORO1C,FDPS
CORO2B,FDX1
CORO6,FDX2
CORO7,FDXR
COTL1,FECH
CRACD,FEN1
CRK,FERMT1
CSRP1,FERMT2
CSRP2,FGFR1
CSRP3,FIP1L1
CTNNA1,FIS1
CTNNA2,FKBP1A
CUL3,FLCN
CX3CL1,FLI1
CXCL1,FLII
CXCL12,FLVCR1
CYFIP1,FNTA
CYFIP2,FNTB
CYRIA,FOSL1
CYRIB,FOXA1
CYTH2,FOXD4
DAAM1,FOXK1
DAAM2,FOXM1
DBN1,FOXO3B
DBNL,FOXRED1
DIAPH1,FPGS
DIAPH2,FRG1
DIAPH3,FUBP1
DIXDC1,FURIN
DLC1,FXN
DMD,FZR1
DNAI3,G3BP1
DNAJB6,G6PD
DOCK2,GAB1
DSTN,GABPA
ECT2,GABPB1
EDN1,GADD45GIP1
EFNA5,GAK
EHBP1,GAPDH
EHBP1L1,GARS1
EHD2,GART
ELMO1,GATA3
ELMO2,GATB
ELMO3,GATC
ELN,GBF1
ENAH,GCN1
EPB41,GCSH
EPB41L1,GEMIN2
EPB41L2,GEMIN4
EPB41L3,GEMIN5
EPB41L4A,GEMIN6
EPB41L4B,GEMIN7
EPHA1,GEMIN8
EPHA3,GET1
EPHA5,GET3
ERMN,GET4
ESPN,GFER
ESPNL,GFM1
EVL,GFM2
F2RL1,GFPT1
FAM107A,GGNBP2
FAM171A1,GGPS1
FARP1,GGTLC2
FAT1,GIGYF2
FCHSD1,GINS1
FCHSD2,GINS2
FERMT2,GINS3
FGD1,GINS4
FGD2,GLMN
FGD3,GLRX3
FGD4,GLRX5
FGD5,GLS
FGD6,GMNN
FHDC1,GMPPB
FHL3,GMPS
FHOD1,GNA13
FHOD3,GNB1L
FLII,GNL2
FLNB,GNL3
FLNC,GNL3L
FMN1,GNPNAT1
FMN2,GOLGA7
FMNL1,GOLGA8R
FMNL2,GOLT1B
FMNL3,GOSR2
FOXJ1,GPATCH1
FRMD3,GPI
FRMD5,GPKOW
FRMD7,GPN1
FSCN1,GPN2
FSCN2,GPN3
FSCN3,GPS1
FZD10,GPX4
GAS7,GRB2
GBA2,GRHL2
GHSR,GRK2
GMFB,GRPEL1
GPM6B,GRSF1
GRHL3,GRWD1
HIP1,GSK3B
HRG,GSPT1
HSP90B1,GTF2A1
ID1,GTF2A2
IKBKB,GTF2B
IL1A,GTF2E1
INA,GTF2E2
INF2,GTF2F2
INPP5K,GTF2H3
INPPL1,GTF2H4
IQANK1,GTF3A
IQGAP1,GTF3C1
IQGAP3,GTF3C3
IQSEC1,GTF3C4
IQSEC2,GTF3C5
IQSEC3,GTF3C6
ITGB1BP1,GTPBP10
ITGB5,GTPBP4
ITPKA,GTPBP8
JAK2,GTSE1
JAM3,GUK1
JMY,H2AC15
KANK1,H2AC17
KANK3,H2AC20
KANK4,H2AX
KASH5,H2AZ1
KBTBD13,H2BC11
KCTD13,H2BC13
KHDC3L,H2BC15
KIRREL1,H2BC21
KLHL1,H2BC26
KLHL17,H2BC4
KLHL41,H2BC6
KPTN,H2BC9
KRAS,H3-3A
KRT19,HAPSTR1
LATS1,HARS1
LDB3,HARS2
LIMA1,HAUS1
LIMK1,HAUS3
LIMK2,HAUS4
LLGL1,HAUS5
LLGL2,HAUS6
LMOD1,HAUS7
LMOD2,HAUS8
LMOD3,HCCS
LPAR1,HCFC1
LRP1,HDAC1
MAD2L2,HDAC3
MAGEL2,HEATR1
MARCKSL1,HEATR3
MEF2A,HECTD1
MET,HGS
MICAL1,HINFP
MICAL2,HIRA
MICAL3,HJURP
MIR138-1,HK2
MIR143,HMBS
MIR145,HMGA1
MIR149,HMGB1
MIR20A,HMGCR
MIR21,HMGCS1
MIR214,HNF1B
MKKS,HNRNPA1
MLST8,HNRNPA1L2
MPRIP,HNRNPA2B1
MRAS,HNRNPC
MRTFA,HNRNPF
MSRB1,HNRNPH1
MSRB2,HNRNPK
MTOR,HNRNPL
MTPN,HNRNPM
MTSS1,HNRNPU
MYADM,HOXD13
MYH11,HS6ST1
MYL2,HSCB
MYL9,HSD17B10
MYLK3,HSD17B12
MYO18A,HSF1
MYOC,HSP90AB1
MYOM2,HSP90B1
MYOZ1,HSPA13
MYOZ2,HSPA14
MYPN,HSPA5
NAA80,HSPA8
NCK1,HSPA9
NCK2,HSPD1
NCKAP1,HSPE1
NCKAP1L,HTATSF1
NEB,HTRA2
NEBL,HUS1
NF2,HUWE1
NISCH,HYOU1
NKX2-5,HYPK
NLRP5,IARS1
NPHP1,IARS2
NPHP4,IBA57
NPHS1,ICE1
NRAP,ICE2
NUAK2,ICMT
OBSCN,IDH3A
OBSL1,IER3IP1
ODAM,IFITM3
OOEP,IGBP1
OPHN1,IGF1R
OR2A4,IK
PACSIN1,IKBKG
PACSIN2,ILF2
PAK2,ILF3
PAK3,ILK
PALLD,IMP3
PAM,IMP4
PAWR,IMPDH2
PDCD10,INCENP
PDCD6IP,ING3
PDCL3,INO80
PDGFA,INTS1
PDGFRB,INTS10
PDLIM1,INTS11
PDLIM2,INTS12
PDLIM3,INTS13
PDLIM5,INTS14
PDLIM7,INTS15
PDPK1,INTS3
PDXP,INTS5
PEAK3,INTS6
PFN1,INTS7
PFN2,INTS8
PFN3,INTS9
PFN4,IPO11
PGM5,IPO13
PHACTR2,IPO5
PHACTR3,IPO7
PHACTR4,IPO9
PHLDB2,IPPK
PICK1,IREB2
PIK3R1,IRF2
PIP5K1C,IRF2BP2
PLA2G1B,IRF4
PLEKHG2,IRS2
PLEKHH2,ISCA1
PLS1,ISCA2
PLS3,ISCU
POF1B,ISG20L2
POTEKP,ISL1
PPARGC1B,ISY1
PPFIA1,ITGA3
PPM1E,ITGAV
PPM1F,ITGB1
PPP1R9A,ITGB5
PPP1R9B,ITPK1
PREX1,JMJD6
PRICKLE4,JTB
PRKAR1A,JUN
PRKCD,JUNB
PRKCE,KANSL1
PRKCI,KANSL2
PRKG1,KANSL3
PRKN,KARS1
PROX1,KAT8
PSTPIP1,KATNB1
PSTPIP2,KCMF1
PTGER4,KCTD10
PXN,KCTD5
PYCARD,KDM2A
RAB13,KDM5C
RAC1,KDM8
RAC2,KDSR
RAC3,KEAP1
RACGAP1,KHSRP
RAP1GDS1,KIDINS220
RASA1,KIF11
RDX,KIF14
RFLNA,KIF18A
RFLNB,KIF18B
RGCC,KIF20A
RGS4,KIF23
RHOB,KIF2C
RHOBTB1,KIF4A
RHOBTB2,KIN
RHOBTB3,KIRREL1
RHOC,KLF5
RHOD,KMT2A
RHOF,KMT2D
RHOG,KNL1
RHOH,KNTC1
RHOJ,KPNA2
RHOQ,KPNB1
RHOU,KRAS
RHPN1,KRI1
RHPN2,KRR1
RHPN2P1,KRT18
RND1,KRTAP10-9
RND2,KRTAP4-11
RND3,KRTAP4-2
ROCK2,KRTAP5-7
RTKN,KTI12
RUFY3,LAMTOR2
S100A10,LAMTOR3
SAMD14,LAMTOR4
SCIN,LARP1
SDAD1,LARP7
SDC4,LARS1
SDCBP,LARS2
SELE,LAS1L
SEMA5A,LCE2B
SERPINF2,LCMT1
SETD3,LDB1
SFRP1,LDLR
SH3BP1,LEMD2
SH3D21,LETM1
SH3KBP1,LIAS
SHANK1,LIG1
SHANK3,LIN54
SHROOM1,LIPT1
SHROOM2,LMNA
SHROOM3,LMNB1
SHROOM4,LONP1
SIGLEC15,LRP8
SIX4,LRPPRC
SLIT2,LRR1
SMAD3,LRRC37A2
SMAD4,LRRC37A3
SMIM22,LSG1
SMTN,LSM11
SMTNL1,LSM12
SMTNL2,LSM2
SNX9,LSM3
SORBS1,LSM4
SORBS2,LSM5
SORBS3,LSM6
SPATC1L,LSM7
SPECC1,LSM8
SPECC1L,LTO1
SPIRE1,LUC7L2
SPIRE2,LUC7L3
SPTA1,LYRM4
SPTAN1,MAD2L1
SPTB,MAD2L1BP
SPTBN1,MAD2L2
SPTBN2,MAEA
SPTBN4,MAGOH
SPTBN5,MAK16
SRC,MALSU1
SRF,MANF
SRGAP2,MAP3K7
SSH1,MAP4K4
SSH2,MAPK1
SSH3,MAPK14
STARD13,MARCHF5
STARD8,MARK2
STAU2,MARS1
STMN1,MARS2
STRIP1,MASTL
SVIL,MAT2A
SWAP70,MAU2
SYNPO,MAX
SYNPO2,MBNL1
SYNPO2L,MBTPS1
TACR1,MBTPS2
TACSTD2,MCL1
TAOK1,MCM2
TAOK2,MCM3
TBCK,MCM3AP
TCAP,MCM4
TENM1,MCM5
TESK1,MCM6
TESK2,MCM7
TF,MCMBP
TGFB3,MDM2
TGFBR1,MDM4
TLE6,MDN1
TLN1,MEAF6
TMEFF2,MED1
TMOD1,MED10
TMOD2,MED11
TMOD3,MED12
TMOD4,MED13
TMSB10,MED14
TMSB15A,MED15
TMSB15B,MED16
TMSB4X,MED17
TMSB4Y,MED18
TNFAIP1,MED19
TNNT1,MED20
TNNT3,MED22
TNXB,MED23
TPM2,MED24
TPM3,MED25
TPM4,MED26
TRIM27,MED28
TRIM32,MED29
TRIOBP,MED30
TRIP10,MED31
TRPM7,MED4
TSC1,MED6
TTC17,MED7
TTC8,MED8
TTN,MED9
TWF1,MEF2C
TWF2,MEMO1
TYROBP,MEN1
USH1C,MEPCE
UTRN,METAP1
VASP,METAP2
VILL,METTL1
WASF1,METTL14
WASF3,METTL16
WASH3P,METTL17
WASH6P,METTL3
WASHC1,MFAP1
WASHC2C,MFN2
WASHC3,MGAT1
WASHC5,MIB1
WDR1,MICOS10
WHAMMP3,MIOS
WNT11,MIPEP
WNT4,MIS12
XIRP1,MIS18A
XIRP2,MIS18BP1
ZBED3,MLST8
ZYX,MMGT1
ADRA1A,MMS19
AKAP6,MMS22L
ANK3,MNAT1
ATP1B1,MNT
CACNA1I,MOB4
CACNB3,MOCS3
CALM1,MON2
CALM3,MORF4L1
CD36,MPHOSPH10
CHRNA1,MRE11
CHRNA4,MRGBP
CHRNB2,MRM2
CHRNB4,MRM3
CLCN1,MRPL10
CNR1,MRPL12
CNR2,MRPL13
CNTNAP1,MRPL14
DRD1,MRPL15
FKBP1B,MRPL16
FMR1,MRPL17
GBA,MRPL18
GJD2,MRPL19
GNA11,MRPL2
GNA14,MRPL20
GNA15,MRPL21
GNAQ,MRPL22
GPER1,MRPL23
GPR35,MRPL24
GPR88,MRPL27
GRIK2,MRPL28
HCN2,MRPL3
KCNA1,MRPL32
KCNA2,MRPL33
KCNAB2,MRPL34
KCNB1,MRPL35
KCNC2,MRPL36
KCND2,MRPL38
KCNH6,MRPL39
KCNH7,MRPL4
KCNIP2,MRPL40
KCNMB2,MRPL41
KCNMB3,MRPL43
KCNMB4,MRPL44
MIR208A,MRPL45
MTNR1B,MRPL46
NPS,MRPL47
NRCAM,MRPL48
P2RX1,MRPL49
P2RX3,MRPL51
P2RX4,MRPL53
PTPN3,MRPL55
SCN10A,MRPL57
SCN11A,MRPL58
SCN2A,MRPL9
SCN3A,MRPS10
SCN4A,MRPS11
SCN7A,MRPS12
SCN8A,MRPS14
SCN9A,MRPS16
SLC4A3,MRPS17
SLC8A1,MRPS18B
SLC8A2,MRPS18C
SLMAP,MRPS2
TBX18,MRPS21
TMEM161B,MRPS22
YWHAE,MRPS23
YWHAH,MRPS24
AGER,MRPS25
ARG1,MRPS26
BTN2A2,MRPS27
BTN3A1,MRPS30
CADM1,MRPS31
CASP3,MRPS34
CD24,MRPS35
CD274,MRPS5
CLC,MRPS6
CRTAM,MRPS7
EPO,MRPS9
FADD,MRTO4
FOXP3,MSL1
FYN,MSTO1
GPAM,MT1E
HHLA2,MT2A
HMGB1,MTBP
ICOSLG,MTCH2
IDO1,MTERF4
IGF1,MTF1
IGF2,MTG1
IGFBP2,MTG2
IL12B,MTHFD1
IL12RB1,MTOR
IL18,MTPAP
IL2,MTREX
IL23A,MTRF1L
IL23R,MTX2
IL27RA,MUC20
IL2RA,MVD
JAK3,MVK
LGALS9,MYB
LILRB4,MYBBP1A
LRRC32,MYBL2
MIR181C,MYC
MIR30B,MYCN
PDCD1LG2,MYH9
PRNP,MZT1
RIPK3,N6AMT1
RPS3,NAA10
SCRIB,NAA15
SLAMF1,NAA20
STAT5B,NAA25
TMIGD2,NAA35
TNFSF9,NAA50
AKT1,NACA
DNAJA3,NAE1
FAS,NAMPT
RPS6,NAPA
TSC22D3,NAPG
ADCYAP1,NARS1
ADORA2B,NARS2
ADORA3,NAT10
ADRB1,NBAS
ADRB2,NCAPD2
ADRB3,NCAPD3
AVPR2,NCAPG
CALCA,NCAPG2
CALCR,NCAPH2
CAP2,NCBP1
CRHR1,NCBP2
DRD5,NCKAP1
EDNRA,NCL
FSHR,NCOA4
GHRHR,NDC1
GIPR,NDC80
GLP1R,NDE1
LGR4,NDOR1
LGR5,NDUFA1
LHCGR,NDUFA10
P2RY11,NDUFA11
RAF1,NDUFA2
RXFP1,NDUFA3
RXFP2,NDUFA4
TMIGD3,NDUFA6
TSHR,NDUFA8
VIPR2,NDUFA9
APAF1,NDUFAB1
ASPH,NDUFAF1
BAD,NDUFAF3
BAK1,NDUFAF4
CASP8,NDUFAF6
CASP9,NDUFAF7
CIDEB,NDUFAF8
CYCS,NDUFB10
GRIN2A,NDUFB11
IFI16,NDUFB2
LGMN,NDUFB3
NLRC4,NDUFB4
NLRP6,NDUFB6
PERP,NDUFB7
RIPK2,NDUFB8
TBC1D10A,NDUFB9
ACER2,NDUFC1
AIFM1,NDUFC2
ANP32B,NDUFS1
ATP2A3,NDUFS2
BAX,NDUFS3
BBC3,NDUFS5
BCL2L10,NDUFS7
BCL2L13,NDUFS8
BEX3,NDUFV2
BID,NEDD1
BOK,NEDD8
CARD8,NELFA
CASP1,NELFB
CASP10,NELFCD
CASP12,NEPRO
CASP2,NF1
CASP4,NF2
CASP5,NFE2L2
CASP8AP2,NFRKB
COL4A3,NFS1
CRADD,NFYB
CTSH,NFYC
DAP,NGLY1
DIABLO,NHLRC2
EGLN3,NHP2
EIF2AK3,NIFK
F2R,NIP7
F3,NIPBL
FAM162A,NKAP
FASLG,NMD3
HSPD1,NMNAT1
HSPE1,NMT1
IFT57,NOA1
KHDC1,NOB1
KHDC1L,NOC3L
LAPTM5,NOC4L
LCK,NOL10
MAPT,NOL6
MIR15A,NOL7
MTCH1,NOL8
MUL1,NOL9
NGFR,NOLC1
NKX3-1,NOM1
NLRP1,NONO
NLRP12,NOP10
NOD1,NOP14
PDCD2,NOP16
PDCD6,NOP2
PIDD1,NOP56
PMAIP1,NOP58
PML,NOP9
PPARG,NPAT
RACK1,NPEPPS
ROBO1,NPLOC4
RPS27L,NPM1
S100A8,NR2C2AP
S100A9,NRAS
SENP1,NRBP1
SLC22A2,NRDE2
ST20,NRF1
TNFSF15,NSA2
VCP,NSF
XDH,NSL1
ABR,NSMCE1
ADPRH,NSMCE2
AKT2,NSMCE3
APC2,NSMCE4A
ARHGAP22,NSUN4
ARHGAP24,NUBP1
ARHGAP29,NUBP2
ARHGAP42,NUDC
ARHGAP45,NUDCD3
ARHGEF16,NUDT21
ARHGEF26,NUF2
CCDC125,NUMA1
CRKL,NUP107
CXCL13,NUP133
DOCK7,NUP153
EPHA2,NUP155
EVI5,NUP160
EVI5L,NUP205
GARNL3,NUP214
GMIP,NUP35
GRTP1,NUP37
MTSS2,NUP43
NDEL1,NUP50
NGEF,NUP54
RABGAP1,NUP58
RABGAP1L,NUP62
RALGAPA1,NUP85
RALGAPA2,NUP88
RALGAPB,NUP93
RANGAP1,NUP98
RAP1GAP,NUS1
RAP1GAP2,NUTF2
RASGRF1,NVL
RASGRP1,NXF1
RCC2,NXT1
RUNDC1,OGDH
SGSM1,OGT
SGSM2,OIP5
SGSM3,OPA1
SIPA1,ORC1
SIPA1L2,ORC3
SIPA1L3,ORC4
SLC27A4,ORC5
SYDE2,ORC6
TAX1BP3,OSGEP
TBC1D1,OST4
TBC1D10B,OSTC
TBC1D10C,OTUD5
TBC1D12,OXA1L
TBC1D13,OXSM
TBC1D14,PABIR1
TBC1D15,PABPC1
TBC1D16,PABPN1
TBC1D17,PAFAH1B1
TBC1D2,PAGR1
TBC1D21,PAICS
TBC1D22A,PAK1IP1
TBC1D22B,PAK2
TBC1D25,PALB2
TBC1D26,PAM16
TBC1D28,PARD3
TBC1D2B,PARD6B
TBC1D3,PARS2
TBC1D30,PAX8
TBC1D3B,PAXBP1
TBC1D3C,PAXIP1
TBC1D3D,PBRM1
TBC1D3E,PCBP1
TBC1D3F,PCBP2
TBC1D3G,PCF11
TBC1D3H,PCGF1
TBC1D3I,PCID2
TBC1D3K,PCM1
TBC1D3L,PCNA
TBC1D4,PCNX3
TBC1D5,PCYT1A
TBC1D7,PDAP1
TBC1D8,PDCD10
TBC1D8B,PDCD11
TBC1D9,PDCD2
TBC1D9B,PDCD5
TIAM1,PDCD6IP
TIAM2,PDCD7
USP6,PDCL
USP6NL,PDE12
WNT5A,PDE4DIP
A2M,PDHA1
ADA,PDPK1
AIM2,PDRG1
APCS,PDS5A
APPL1,PDSS1
APPL2,PDSS2
BAG6,PELO
BANK1,PELP1
BCL10,PES1
BLK,PET117
BLNK,PEX1
BMX,PEX6
BTK,PFAS
BTN1A1,PFDN1
BTN2A1,PFDN2
BTN2A3P,PFDN4
BTN3A2,PFDN5
BTN3A3,PFDN6
BTNL10,PFN1
BTNL2,PGD
BTNL3,PGGT1B
BTNL8,PGK1
BTNL9,PGM3
C1QA,PGP
C1QB,PGS1
C1QBP,PHAX
C1QC,PHB1
C1R,PHB2
C1RL,PHF12
C1S,PHF5A
C2,PI4KA
C3,PI4KB
C3AR1,PICALM
C4A,PIK3C3
C4B,PIK3CA
C4BPA,PIK3CB
C4BPB,PIK3R1
C5,PIK3R4
C5AR1,PITRM1
C5AR2,PKM
C6,PKMYT1
C7,PKN2
C8A,PLK1
C8B,PLK4
C8G,PLRG1
C9,PMF1
CARD11,PMM2
CASP6,PMPCA
CBLB,PMPCB
CD160,PMVK
CD19,PNKP
CD22,PNN
CD226,PNO1
CD247,PNPT1
CD276,POC1A
CD28,POLA1
CD300A,POLA2
CD38,POLD1
CD46,POLD2
CD55,POLD3
CD59,POLE
CD5L,POLE2
CD79A,POLE3
CD79B,POLE4
CD81,POLG
CD8A,POLG2
CD8B,POLR1A
CEACAM1,POLR1B
CFB,POLR1C
CFD,POLR1E
CFH,POLR1F
CFHR1,POLR1H
CFHR5,POLR2B
CFI,POLR2C
CFP,POLR2D
CGAS,POLR2E
CLEC6A,POLR2F
CLEC7A,POLR2G
CLU,POLR2H
CMKLR1,POLR2I
CMTM3,POLR2K
COLEC10,POLR2L
COLEC11,POLR2M
CR1,POLR3A
CR1L,POLR3B
CR2,POLR3C
CREBBP,POLR3D
CRP,POLR3E
CSK,POLR3F
CTLA4,POLR3H
DENND1B,POLR3K
DGKZ,POLRMT
DUSP22,POM121C
DUSP3,POMP
EIF2B1,POP1
EIF2B2,POP4
EIF2B3,POP5
EIF2B4,POP7
EIF2B5,POT1
ELF1,POTEH
EP300,POU2AF1
ERMAP,PPA1
FCER1G,PPA2
FCGR2B,PPAN
FCHO1,PPAT
FCN1,PPCDC
FCN2,PPCS
FCN3,PPIA
FCRL3,PPIH
FFAR2,PPIL1
FGR,PPIL2
FOXP1,PPIL4
FPR1,PPM1D
FPR2,PPM1G
FPR3,PPME1
FYB1,PPP1CA
FYB2,PPP1CB
GATA3,PPP1R10
GBP1,PPP1R11
GCSAM,PPP1R12A
GCSAML,PPP1R15B
GPLD1,PPP1R2
GPR32,PPP1R7
GPR32P1,PPP1R8
GPR33,PPP2CA
GPS2,PPP2R1A
HEXIM1,PPP2R2A
HLA-A,PPP2R3C
HLA-DPB1,PPP4C
HLA-DQB1,PPP4R2
HLA-DRB1,PPP6C
HLA-DRB3,PPP6R3
HMSD,PPRC1
HSP90AA1,PPWD1
IGHA1,PRAMEF18
IGHA2,PRC1
IGHD,PRDX1
IGHE,PREB
IGHG1,PRELID1
IGHG2,PRELID3B
IGHG3,PRIM1
IGHG4,PRKAR1A
IGHM,PRKRA
IGHV1-18,PRMT1
IGHV1-24,PRMT5
IGHV1-3,PRORP
IGHV1-45,PRPF19
IGHV1-58,PRPF3
IGHV1-69,PRPF31
IGHV1-69-2,PRPF38A
IGHV1-69D,PRPF38B
IGHV1OR15-1,PRPF39
IGHV2-26,PRPF4
IGHV2-5,PRPF40A
IGHV2-70,PRPF6
IGHV2-70D,PRPF8
IGHV3-11,PRRC2A
IGHV3-13,PSMA1
IGHV3-15,PSMA2
IGHV3-16,PSMA3
IGHV3-20,PSMA4
IGHV3-21,PSMA5
IGHV3-23,PSMA6
IGHV3-30,PSMA7
IGHV3-33,PSMB1
IGHV3-35,PSMB2
IGHV3-38,PSMB3
IGHV3-43,PSMB4
IGHV3-48,PSMB5
IGHV3-49,PSMB6
IGHV3-53,PSMB7
IGHV3-64,PSMC1
IGHV3-64D,PSMC2
IGHV3-66,PSMC3
IGHV3-7,PSMC4
IGHV3-72,PSMC5
IGHV3-73,PSMC6
IGHV3-74,PSMD1
IGHV4-28,PSMD11
IGHV4-31,PSMD12
IGHV4-34,PSMD13
IGHV4-39,PSMD14
IGHV4-4,PSMD2
IGHV4-59,PSMD3
IGHV4-61,PSMD4
IGHV5-10-1,PSMD6
IGHV5-51,PSMD7
IGHV6-1,PSMD8
IGHV7-4-1,PSMF1
IGHV7-81,PSMG1
IGKC,PSMG2
IGLC1,PSMG3
IGLC2,PSMG4
IGLC3,PSTK
IGLC6,PTAR1
IGLC7,PTBP1
IGLL1,PTCD1
IGLL5,PTCD3
IKBKG,PTDSS1
IL1B,PTEN
INPP5D,PTK2
ITK,PTMA
KCNN4,PTPA
KHDRBS1,PTPMT1
KIR2DS2,PTPN1
KLHL6,PTPN11
KLRC2,PTPN23
KLRC3,PUF60
KLRC4,PUM1
KLRC4-KLRK1,PWP1
KLRD1,PWP2
KLRK1,PXN
KRT1,PYROXD1
LAT2,QARS1
LAX1,QRSL1
LCP2,RAB10
LGALS3,RAB18
LILRA2,RAB35
LIME1,RAB6A
LPXN,RAB7A
LYN,RABGGTA
MALT1,RABGGTB
MAP3K7,RABIF
MAPK1,RAC1
MASP1,RAC3
MASP2,RACGAP1
MATR3,RACK1
MAVS,RAD1
MBL2,RAD17
MEF2C,RAD21
MFAP4,RAD51
MICB,RAD51B
MIR18A,RAD51C
MIR19A,RAD51D
MIR34A,RAD9A
MIR520B,RAE1
MIR520E,RAF1
MNDA,RAN
MOG,RANBP3
MS4A1,RANGAP1
NCR3,RARS2
NFAM1,RASA4
NFATC2,RB1CC1
NFKBID,RBBP4
NFKBIZ,RBBP5
NOD2,RBBP6
NONO,RBBP7
NR4A3,RBBP8
PHB,RBIS
PHB2,RBM10
PIK3CD,RBM12
PLA2G6,RBM14
PLCG1,RBM15
PLCG2,RBM17
PLCL2,RBM18
PLD2,RBM22
PLEKHA1,RBM25
PLPP4,RBM28
PLSCR1,RBM33
PQBP1,RBM39
PRAM1,RBM42
PRKCB,RBM48
PRKCH,RBM5
PRKD2,RBM8A
PRKDC,RBMX
PSPC1,RBMX2
PTK2,RBMXL1
PTPN2,RBSN
PTPN22,RBX1
PTPN6,RCC1
PTPRC,RCC1L
PTPRJ,RCL1
PVRIG,RCOR1
PYHIN1,RELA
RAB29,REV1
RABGEF1,REV3L
RBCK1,REXO2
RBM14,RFC2
RC3H2,RFC3
RELA,RFC5
RFTN1,RFK
RNF31,RFT1
SERPING1,RGP1
SFPQ,RHEB
SH2B2,RHOA
SH2D1A,RHOQ
SIN3A,RIC1
SKAP1,RIC8A
SLA2,RICTOR
SLC39A10,RINT1
SPG21,RIOK1
SPPL3,RIOK2
STING1,RMI1
STK11,RMND5A
STOML2,RNASEH2A
SUSD4,RNASEH2C
SYK,RNF113A
TBK1,RNF146
TEC,RNF168
TESPA1,RNF20
THEMIS,RNF31
THEMIS2,RNF4
THY1,RNF7
TLR4,RNF8
TNFRSF21,RNGTT
TOMM70,RNH1
TRAF6,RNMT
TRAT1,RNPC3
TRBC1,RNPS1
TRBC2,ROCK2
TRDC,ROMO1
TREM2,RPA1
TREX1,RPA2
TRIM5,RPA3
TXK,RPAIN
UBASH3A,RPAP1
UBE2N,RPAP2
VAV1,RPAP3
VAV2,RPE
VAV3,RPF1
VSIG4,RPF2
VTCN1,RPIA
WNK1,RPL10
XRCC5,RPL10A
XRCC6,RPL11
YES1,RPL12
ZAP70,RPL13
ZBP1,RPL13A
ZCCHC3,RPL14
ZNFX1,RPL17
AGT,RPL18
CCL5,RPL18A
GH1,RPL19
GHR,RPL21
IL4,RPL22
IL6R,RPL22L1
PIBF1,RPL23
PRLR,RPL23A
SOCS1,RPL24
MEIOSIN,RPL26
MSX1,RPL26L1
MSX2,RPL27
STRA8,RPL27A
CARD10,RPL28
CARD14,RPL3
CHI3L1,RPL30
COPS8,RPL31
IRAK1,RPL32
MAS1,RPL35
TLR3,RPL36
TLR6,RPL36A
TNFRSF10A,RPL36AL
TNFRSF10B,RPL37
TRAF2,RPL37A
TRAF4,RPL38
ZFP91,RPL4
ADCYAP1R1,RPL5
CD86,RPL6
EGFR,RPL7
GPR55,RPL7A
HTR2A,RPL7L1
HTR2B,RPL8
LPAR2,RPL9
NMUR1,RPLP0
P2RY12,RPLP1
P2RY6,RPLP2
PLCB2,RPN1
PTH,RPN2
RASGRP4,RPP14
S1PR4,RPP21
ARF4,RPP25L
ARL1,RPP30
GNA13,RPP38
HPCA,RPP40
PRKCZ,RPRD1B
ACVR2B,RPRD2
ADCY8,RPS11
ADNP,RPS12
ADRA2B,RPS13
ADRA2C,RPS14
ANGPT1,RPS15
ANGPT4,RPS15A
AXIN1,RPS16
BORA,RPS17
CAB39,RPS18
CDK5R2,RPS19
CLSPN,RPS19BP1
DAXX,RPS2
DBF4B,RPS20
DGKQ,RPS21
DUSP19,RPS23
DYNAP,RPS24
EGF,RPS25
FGF1,RPS27A
GAS6,RPS28
GPRC5A,RPS29
GPRC5B,RPS3
GPRC5C,RPS3A
GPRC5D,RPS4X
GREM1,RPS5
INS,RPS6
INSR,RPS7
ITGB3,RPS8
KIF14,RPS9
LEP,RPTOR
MADD,RPUSD3
MAP2K1,RPUSD4
MARK2,RRAGA
MOB1A,RRAGC
MOB1B,RRM1
MOB2,RRM2
MOB3A,RRN3
MOB3B,RRP1
MOB3C,RRP12
MT3,RRP15
NRG1,RRP7A
NRG3,RRP9
OSBPL8,RRS1
PARK7,RSL1D1
PDGFB,RSL24D1
PDGFC,RTCB
PILRB,RTEL1
PINK1,RTF2
PPIA,RTRAF
PPP2R3C,RTTN
PRKAG2,RUNX1
PRRC1,RUVBL1
RPLP1,RUVBL2
RPTOR,SACM1L
SLC11A1,SAE1
SPDYA,SAMD4B
STRADA,SAMM50
STRADB,SAP130
TAL1,SAP18
TGFB2,SAP30BP
TGFBR2,SARNP
TOM1L1,SARS1
TPX2,SARS2
TXN,SART1
VEGFA,SART3
CRACR2A,SASS6
STIM1,SBDS
STIM2,SBNO1
STIMATE,SCAF4
ACVR1,SCAF8
ACVR1B,SCAP
ACVR1C,SCD
ACVR2A,SCFD1
ACVRL1,SCO1
AMHR2,SCO2
BMPR2,SCYL1
CER1,SDAD1
CFC1,SDE2
CFC1B,SDHA
CITED2,SDHB
CSNK2B,SDHC
DACT1,SDHD
DACT2,SEC13
DAND5,SEC16A
DMRT1,SEC61A1
FGF9,SEC61B
FKBP1A,SEC61G
FOXH1,SEC62
FST,SEC63
FSTL3,SEH1L
GDF2,SEM1
GDF6,SENP6
GDF7,SEPHS2
HJV,SEPSECS
IGSF1,SERBP1
INHBA,SETD1A
INHBB,SETD1B
LEMD3,SETD2
MAGI2,SETD5
MEN1,SETDB1
NODAL,SF1
NOMO1,SF3A1
NOMO3,SF3A2
SHH,SF3A3
SKI,SF3B1
SMAD2,SF3B2
SMAD7,SF3B3
TDGF1,SF3B4
TDGF1P3,SF3B5
TGIF2,SF3B6
ZC3H3,SFPQ
ADAM8,SFSWAP
AHSG,SGF29
ALOX5AP,SGO1
ANO6,SH3GL1
APOA2,SHC1
APOL2,SHOC2
ASH1L,SHQ1
ASS1,SIAH1
C2CD4A,SIN3A
C2CD4B,SINHCAF
CD163,SIVA1
CD6,SKA1
CEBPB,SKA2
CREB3L3,SKA3
CTNNBIP1,SKIC8
DNASE1,SKP1
DNASE1L3,SKP2
EDNRB,SLC16A1
EIF2AK1,SLC20A1
ELANE,SLC25A1
EXT1,SLC25A19
F12,SLC25A26
F2,SLC25A28
F8,SLC25A3
FCGR1A,SLC2A1
FCGR3A,SLC30A9
FFAR3,SLC33A1
FN1,SLC35A1
FUT7,SLC35A2
GSTP1,SLC35B1
HAMP,SLC35B2
HLA-E,SLC38A2
HP,SLC39A10
HPR,SLC39A7
IL20RB,SLC3A2
IL22,SLC4A7
IL31RA,SLC7A1
IL6,SLC7A5
IL6ST,SLC7A6OS
ITIH4,SLU7
KL,SLX9
KLKB1,SMAD7
LBP,SMARCA2
MIR92A1,SMARCA4
MRGPRX1,SMARCA5
NLRP3,SMARCB1
NPY,SMARCD1
NUPR1,SMARCE1
OGG1,SMC1A
OPRM1,SMC2
ORM1,SMC3
ORM2,SMC4
OSM,SMC5
OSMR,SMC6
PIK3CG,SMCHD1
PLA2G2D,SMG1
PRCP,SMG5
PTGES,SMG6
PTGS2,SMG7
REG3A,SMNDC1
REG3G,SMU1
RHBDD3,SNAI2
SAA1,SNAP23
SAA2,SNAPC1
SAA4,SNAPC2
SELENOS,SNAPC3
SERPINA1,SNAPC5
SERPINA3,SNF8
SIGIRR,SNIP1
TFR2,SNRNP200
TFRC,SNRNP25
TNFRSF11A,SNRNP27
TNFSF11,SNRNP35
TNFSF4,SNRNP40
TREM1,SNRNP48
UGT1A1,SNRNP70
VCAM1,SNRPA
VNN1,SNRPA1
ABCG5,SNRPB
ABCG8,SNRPB2
ACSM2A,SNRPC
ANGPTL3,SNRPD1
ANGPTL4,SNRPD2
ANGPTL8,SNRPD3
APOA4,SNRPE
APOA5,SNRPF
APOC2,SNRPG
APOC3,SNU13
APOC4,SNUPN
APOE,SNW1
C1QTNF3,SOCS3
CETP,SOD1
DGAT2,SOD2
FITM2,SON
FUNDC2,SOS1
GCKR,SOX10
GIP,SOX2
GPIHBP1,SOX9
HNF4A,SP1
LIPC,SPATA31A6
LPL,SPC24
MED13,SPC25
MIR379,SPCS1
MLXIPL,SPCS2
MTLN,SPCS3
NR1H3,SPDL1
NR1H4,SPDYE1
PLA2G12B,SPOUT1
PNPLA8,SPRR2G
RORA,SPRTN
SCARB1,SPTLC1
SESN2,SPTLC2
SIRT1,SPTSSA
XBP1,SQLE
APOH,SRBD1
DENND5B,SRCAP
LPCAT3,SREBF1
MIR30C1,SREK1IP1
MTTP,SRF
PRAP1,SRFBP1
SLC25A20,SRM
SLC25A29,SRP14
SLC25A45,SRP19
SLC25A47,SRP54
SLC25A48,SRP72
ADM,SRP9
APELA,SRPRA
APLN,SRRM1
APLNR,SRRM2
ARR3,SRRT
ARRB2,SRSF1
DNM2,SRSF10
GRK2,SRSF11
GRK3,SRSF2
GRM5,SRSF3
GTF2H2,SRSF6
NECAB2,SRSF7
RS1,SS18L2
SAG,SSB
UBQLN2,SSBP1
ADAM17,SSBP3
ADCY7,SSRP1
ADGRE1,SSU72
AHR,STAG1
AICDA,STAG2
AIRE,STAMBP
ALCAM,STARD7
APLF,STEEP1
ARG2,STIL
ARID5A,STK11
ATAD5,STK40
AZGP1,STN1
B2M,STRAP
BACH2,STRIP1
BATF,STT3A
BCL3,STX18
BTLA,STX4
C17orf99,STX5
CAMK4,STXBP3
CARD9,SUCO
CCL19,SUDS3
CCR2,SUGP1
CCR6,SUGT1
CD1A,SUPT16H
CD1B,SUPT20H
CD1C,SUPT4H1
CD1D,SUPT5H
CD1E,SUPT6H
CD209,SUPT7L
CD244,SUPV3L1
CD27,SURF4
CD4,SUZ12
CD40,SYF2
CD40LG,SYMPK
CD48,SYNCRIP
CD7,SYS1
CD70,SYVN1
CD74,TACC3
CD80,TADA1
CD84,TADA2B
CD8B2,TADA3
CLCF1,TAF1
CLEC10A,TAF10
CLEC4A,TAF12
CLEC4C,TAF1B
CLEC4D,TAF1C
CLEC4G,TAF1D
CLEC4M,TAF2
CSF2RB,TAF4
CTSC,TAF5
CTSL,TAF5L
CTSS,TAF6
CX3CR1,TAF6L
DCLRE1C,TAF7
DUSP10,TAF8
EBI3,TAFAZZIN
EIF2AK4,TAMM41
ENTPD7,TANGO6
EOMES,TAOK1
EPHB2,TAPT1
ERAP1,TARDBP
ERAP2,TARS1
ERCC1,TARS2
EXO1,TBCA
EXOSC3,TBCB
EXOSC6,TBCC
FBXO38,TBCD
FCAMR,TBL1XR1
FCER2,TBL3
FCGR1B,TCERG1
FCRL4,TCF3
FGA,TCF7L2
FGB,TCOF1
FGL1,TCP1
FZD5,TDP2
GAPT,TEAD1
GNL1,TEDC1
GPR183,TEDC2
GZMM,TELO2
HAVCR2,TEN1
HFE,TENT4B
HLA-B,TERF2
HLA-C,TFAM
HLA-DMA,TFAP2A
HLA-DMB,TFAP4
HLA-DOA,TFB1M
HLA-DOB,TFB2M
HLA-DPA1,TFDP1
HLA-DQA1,TFIP11
HLA-DQA2,TFRC
HLA-DQB2,TGFBR1
HLA-DRA,TGIF1
HLA-DRB4,TGS1
HLA-DRB5,THAP1
HLA-F,THAP11
HLA-G,THAP12
HLA-H,THG1L
HLX,THOC1
HMCES,THOC2
HMHB1,THOC3
HPRT1,THOC5
HPX,THOC7
ICAM1,TIAL1
IFNA1,TICRR
IFNA10,TIMELESS
IFNA13,TIMM10
IFNA14,TIMM13
IFNA16,TIMM17A
IFNA17,TIMM22
IFNA2,TIMM23
IFNA21,TIMM29
IFNA4,TIMM44
IFNA5,TIMM8A
IFNA6,TIMM9
IFNA7,TIMMDC1
IFNA8,TINF2
IFNB1,TIPARP
IFNE,TIPIN
IFNG,TIPRL
IFNK,TKT
IFNW1,TLK2
IGHD1-1,TLN1
IGHJ1,TM2D2
IGHV8-51-1,TM9SF3
IGKJ1,TMA16
IGKV1-12,TMED10
IGKV1-13,TMED2
IGKV1-16,TMEM165
IGKV1-17,TMEM167A
IGKV1-27,TMEM199
IGKV1-37,TMEM41B
IGKV1-39,TMEM80
IGKV1-5,TMX2
IGKV1-6,TNPO1
IGKV1-8,TNPO3
IGKV1-9,TOE1
IGKV1D-12,TOMM20
IGKV1D-13,TOMM22
IGKV1D-17,TOMM40
IGKV1D-33,TOMM70
IGKV1D-37,TONSL
IGKV1D-39,TOP1
IGKV1D-42,TOP2A
IGKV1D-43,TOP3A
IGKV1D-8,TOPBP1
IGKV2-24,TP53
IGKV2-28,TP53BP1
IGKV2-29,TP53RK
IGKV2-30,TP63
IGKV2-40,TPI1
IGKV2D-24,TPK1
IGKV2D-26,TPR
IGKV2D-28,TPT1
IGKV2D-29,TPX2
IGKV2D-30,TRA2B
IGKV3-15,TRAF2
IGKV3-20,TRAIP
IGKV3-7,TRAPPC1
IGKV3D-11,TRAPPC11
IGKV3D-15,TRAPPC13
IGKV3D-20,TRAPPC2L
IGKV3D-7,TRAPPC3
IGKV4-1,TRAPPC4
IGKV5-2,TRAPPC5
IGKV6-21,TRAPPC8
IGKV6D-21,TRIAP1
IGKV6D-41,TRIM28
IGLJ1,TRIM37
IGLV1-36,TRIP12
IGLV1-40,TRIP13
IGLV1-44,TRIR
IGLV1-47,TRIT1
IGLV1-50,TRMT10C
IGLV1-51,TRMT112
IGLV10-54,TRMT6
IGLV11-55,TRMT61A
IGLV2-11,TRNAU1AP
IGLV2-14,TRNT1
IGLV2-18,TRPM7
IGLV2-23,TRRAP
IGLV2-33,TRUB2
IGLV2-8,TSC1
IGLV3-1,TSC2
IGLV3-10,TSC22D2
IGLV3-12,TSEN34
IGLV3-16,TSEN54
IGLV3-19,TSG101
IGLV3-21,TSR1
IGLV3-22,TSR2
IGLV3-25,TTC1
IGLV3-27,TTC27
IGLV3-32,TTC4
IGLV3-9,TTC7A
IGLV4-3,TTF2
IGLV4-60,TTI1
IGLV4-69,TTI2
IGLV5-37,TTK
IGLV5-45,TUBA1B
IGLV5-48,TUBA1C
IGLV5-52,TUBB
IGLV6-57,TUBB3
IGLV7-43,TUBB4B
IGLV7-46,TUBD1
IGLV8-61,TUBE1
IGLV9-49,TUBG1
IL10,TUBGCP2
IL12A,TUBGCP3
IL13RA2,TUBGCP4
IL17A,TUBGCP5
IL17F,TUBGCP6
IL17RA,TUT1
IL18BP,TWNK
IL18R1,TXN
IL1R1,TXNL4A
IL1RL1,TXNL4B
IL21R,TXNRD1
IL27,TYMS
IL4I1,U2AF1
IL4R,U2AF2
IL7R,U2SURP
IL9,UAP1
IL9R,UBA1
IRF1,UBA2
IRF4,UBA3
IRF7,UBA5
JAG1,UBA6
JCHAIN,UBAP1
KDM5D,UBAP2L
KLRC1,UBE2A
KMT5B,UBE2C
KMT5C,UBE2D3
LAG3,UBE2F
LAIR1,UBE2G2
LAMP3,UBE2H
LAT,UBE2I
LEF1,UBE2J2
LIG4,UBE2K
LILRA1,UBE2L3
LILRA3,UBE2M
LILRA6,UBE2N
LILRB1,UBE2Q1
LILRB2,UBE2S
LILRB3,UBE3D
LILRB5,UBE4B
LOXL3,UBIAD1
LTA,UBL5
LY9,UBR4
MARCHF8,UBR5
MCOLN1,UBTF
MCOLN2,UBXN4
MICA,UCHL5
MLH1,UFD1
MR1,UFL1
MSH2,UFM1
MSH6,UFSP2
NBN,UGCG
NDFIP1,UGP2
NFKB2,UMPS
NLRP10,UNC50
NOTCH1,UPF1
NSD2,UPF2
ORAI1,UQCR10
OTUB1,UQCRB
OTUD7B,UQCRC1
PAG1,UQCRC2
PARP3,UQCRFS1
PAXIP1,URB1
PDCD1,URB2
PKN1,URI1
PLA2G4A,URM1
PPP3CB,UROD
PRDM1,UROS
PRF1,USE1
PRKCQ,USP1
PRR7,USP10
PSG9,USP14
PVR,USP17L10
RAB27A,USP18
RAG1,USP36
RAPGEF4,USP37
RELB,USP39
RIF1,USP5
RNF125,USP7
RNF168,USP8
RNF19B,USP9X
RNF8,USPL1
RORC,UTP11
RSAD2,UTP15
SAMSN1,UTP18
SASH3,UTP20
SCART1,UTP23
SEMA4A,UTP3
SH2D1B,UTP4
SHLD1,UXS1
SHLD2,UXT
SHLD3,VARS1
SIGLEC10,VARS2
SIT1,VBP1
SLAMF6,VCL
SLAMF7,VCP
SLC15A4,VCPIP1
SLC22A13,VDAC1
SOCS5,VHL
SPN,VIRMA
STAT3,VMA21
STAT6,VMP1
STX7,VPS13D
SUPT6H,VPS16
TAP1,VPS18
TAP2,VPS25
TARM1,VPS28
TBX21,VPS29
TCIRG1,VPS33A
TFE3,VPS35
TFEB,VPS36
TGFB1,VPS37A
THOC1,VPS41
TLR8,VPS45
TMEM98,VPS4A
TNFAIP3,VPS4B
TNFRSF13B,VPS51
TNFRSF13C,VPS52
TNFRSF14,VPS53
TNFRSF17,VPS54
TNFRSF1B,VRK1
TNFSF13,WAC
TNFSF13B,WARS1
TNFSF18,WARS2
TP53BP1,WASHC2C
TRAF3IP2,WASHC3
TRAJ3,WBP11
TRAJ31,WDHD1
TRAJ42,WDR1
TRAV1-1,WDR12
TRAV1-2,WDR18
TRAV10,WDR24
TRAV12-1,WDR26
TRAV12-2,WDR3
TRAV12-3,WDR33
TRAV13-1,WDR36
TRAV13-2,WDR4
TRAV14DV4,WDR43
TRAV16,WDR44
TRAV17,WDR46
TRAV18,WDR48
TRAV19,WDR5
TRAV2,WDR55
TRAV20,WDR7
TRAV21,WDR73
TRAV22,WDR74
TRAV23DV6,WDR75
TRAV24,WDR77
TRAV25,WDR82
TRAV26-1,WDR83
TRAV26-2,WEE1
TRAV27,WNK1
TRAV29DV5,WRN
TRAV3,WTAP
TRAV30,WWTR1
TRAV34,XAB2
TRAV35,XPO1
TRAV36DV7,XPO5
TRAV38-1,XPOT
TRAV38-2DV8,XPR1
TRAV39,XRCC2
TRAV4,XRCC3
TRAV40,XRCC5
TRAV41,XRCC6
TRAV5,XRN1
TRAV6,XRN2
TRAV7,XYLT2
TRAV8-1,YAP1
TRAV8-2,YARS1
TRAV8-3,YARS2
TRAV8-4,YBX1
TRAV8-6,YEATS2
TRAV9-1,YEATS4
TRAV9-2,YJU2
TRBD1,YJU2B
TRBJ1-1,YKT6
TRBJ1-2,YME1L1
TRBJ1-3,YPEL5
TRBJ1-4,YRDC
TRBJ1-5,YTHDF2
TRBJ1-6,YWHAE
TRBJ2-1,YY1
TRBJ2-2,ZBTB11
TRBJ2-3,ZBTB7A
TRBJ2-4,ZBTB8OS
TRBJ2-5,ZC3H10
TRBJ2-6,ZC3H13
TRBJ2-7,ZC3H18
TRBV10-1,ZC3H8
TRBV10-2,ZCRB1
TRBV10-3,ZEB1
TRBV11-1,ZEB2
TRBV11-2,ZFC3H1
TRBV11-3,ZFP36L1
TRBV12-3,ZFP36L2
TRBV12-4,ZFX
TRBV12-5,ZMAT2
TRBV13,ZMAT5
TRBV14,ZMYND8
TRBV16,ZNF131
TRBV17,ZNF207
TRBV18,ZNF217
TRBV19,ZNF236
TRBV2,ZNF407
TRBV20-1,ZNF492
TRBV23-1,ZNF511
TRBV24-1,ZNF574
TRBV25-1,ZNF622
TRBV27,ZNF830
TRBV28,ZNG1B
TRBV29-1,ZNHIT1
TRBV3-1,ZNHIT2
TRBV30,ZNHIT3
TRBV4-1,ZNHIT6
TRBV4-2,ZPR1
TRBV5-1,ZRANB2
TRBV5-3,ZRSR2
TRBV5-4,ZW10
TRBV5-5,ZWINT
TRBV5-6,
TRBV5-7,
TRBV6-1,
TRBV6-4,
TRBV6-5,
TRBV6-6,
TRBV6-7,
TRBV6-8,
TRBV7-1,
TRBV7-2,
TRBV7-3,
TRBV7-4,
TRBV7-6,
TRBV7-7,
TRBV7-9,
TRBV9,
TRDD1,
TRDJ1,
TRDV1,
TRDV2,
TRDV3,
TRGJ2,
TRGV1,
TRGV10,
TRGV11,
TRGV2,
TRGV3,
TRGV4,
TRGV5,
TRGV8,
TRGV9,
UNC13D,
UNC93B1,
UNG,
XCL1,
ZBTB1,
ZBTB7B,
ZNF683,
ABHD6,
ACADL,
ACOT11,
ACOT13,
ACSL1,
ADAMTS5,
ADIPOQ,
ADIPOR1,
ADIPOR2,
ALDH1A1,
ALPL,
APC,
ARNTL,
ARRDC3,
ATF4,
BMP8A,
BSCL2,
CIDEA,
CNOT3,
CPT2,
CXCR4,
DBH,
DDIT3,
DECR1,
DHRS7B,
DIO2,
DYNC1H1,
EBF2,
EHMT1,
ELOVL3,
ELOVL6,
EPAS1,
ESRRG,
FABP4,
FABP5,
FFAR4,
FGF21,
FH,
FLCN,
FOXC2,
G0S2,
GADD45G,
GATM,
GNAS,
GPR3,
GRB10,
HADH,
HCRT,
HDAC3,
HNRNPU,
HOXC10,
HSF1,
IGF1R,
IL13,
IL15,
IP6K1,
KDM1A,
KDM3A,
KDM6B,
KSR2,
LAMA4,
LCN2,
LEPR,
LNPEP,
LPIN1,
MAP2K6,
MC4R,
MFAP2,
MFN2,
NOVA1,
NOVA2,
NPR3,
NR1D1,
NR1H2,
NRDC,
OGT,
OMA1,
PCTP,
PEMT,
PGAM5,
PHOX2B,
PLAC8,
PLCL1,
PM20D1,
PPARGC1A,
PRDM16,
PRKAB1,
PRKAB2,
PTH2R,
RB1,
RBPJ,
RHEB,
SCD,
SCTR,
SIRT6,
SLC25A4,
SLC25A44,
SLC25A5,
SLN,
SORL1,
THADA,
THRA,
TLE3,
TRPM8,
TRPV2,
UCP1,
UCP2,
UCP3,
WNT10B,
YBX2,
ZNF423,
ZNF516,
BMP2,
FGF2,
FGF8,
GHRH,
GSX1,
HES1,
PITX2,
POU1F1,
PROP1,
SLC6A3,
SOX2,
ACP3,
ADA2,
ADAL,
NT5C1A,
NT5C1B,
NT5C2,
NT5E,
PTGDR,
ADAD1,
ADAD2,
ADAR,
ADARB1,
ADARB2,
ADAT2,
METTL3,
NUDT16,
ADCY9,
ADRA1B,
ADRA1D,
ATP2B4,
CHGA,
CRTC3,
GNAI2,
GPR101,
RAPGEF2,
ADCY5,
GNAL,
GNB1,
GNG2,
PTGER1,
ABCA1,
ADCY1,
ADCY2,
ADCY4,
ADCY6,
ADGRB1,
ADGRB2,
ADGRB3,
ADGRD1,
ADGRD2,
ADGRE2,
ADGRE3,
ADGRE5,
ADGRF1,
ADGRG1,
ADGRG2,
ADGRG3,
ADGRG4,
ADGRG5,
ADGRG6,
ADGRG7,
ADGRL1,
ADGRL2,
ADGRL3,
ADGRL4,
ADM2,
ADM5,
APLP1,
CALCB,
CALCRL,
CXCL10,
CXCL11,
CXCL9,
GALR1,
GALR2,
GCG,
GCGR,
GPHA2,
GPHB5,
GPR119,
GPR12,
GPR157,
GPR161,
GPR26,
GPR4,
GPR6,
GPR62,
GPR78,
GSK3A,
HTR5A,
IAPP,
LPAR3,
MC1R,
MC2R,
MC3R,
MC5R,
MRAP,
MRAP2,
PDE4A,
PF4,
PRKCA,
PTGER2,
PTGFR,
PTGIR,
PTH1R,
PTHLH,
RAMP1,
RAMP2,
RAMP3,
RIT2,
S1PR3,
S1PR5,
SSTR4,
TBXA2R,
TCP11,
TMEM116,
UCN2,
UCN3,
VIP,
DRD4,
PRMT5,
CHRM1,
CHRM2,
CHRM3,
CHRM4,
HRH4,
GRIK3,
GRM3,
GRM4,
GRM6,
GRM8,
AKAP12,
AKAP5,
CORT,
GABBR2,
GNAI1,
GNAI3,
GNAT1,
GNAZ,
GPR176,
GPR37,
GPR37L1,
HTR1A,
HTR1D,
HTR1E,
HTR1F,
HTR4,
INSL3,
MARCO,
MCHR1,
MIR30E,
MTNR1A,
NPY1R,
NPY2R,
OPRD1,
OPRK1,
OXER1,
P2RY1,
PALM,
PDE2A,
PSAP,
PSAPL1,
PTGDR2,
RGS1,
RGS2,
RIC8A,
SSTR2,
CCR3,
CRHR2,
GALR3,
GLP2R,
GNA12,
GNAO1,
GNAT2,
GNAT3,
GRK5,
PRKACB,
RIMS2,
VIPR1,
CTNNB1,
DLG5,
HIPK1,
TBCD,
VCL,
ZNF703,
CAMSAP3,
INAVA,
KIFC3,
PLEKHA7,
ADAM10,
BMP6,
CDH1,
CDH10,
CDH11,
CDH12,
CDH18,
CDH19,
CDH20,
CDH22,
CDH24,
CDH5,
CDH6,
CDH7,
CDH8,
CDH9,
CDHR3,
DCHS1,
EFNB2,
EPHA4,
NUMB,
NUMBL,
PTPN23,
ACE2,
BPIFA1,
HSP90AB1,
LRRC15,
LTF,
NECTIN1,
SFTPD,
SLC27A1,
AMER1,
ARID5B,
ATF2,
CDK4,
CSF1,
DYRK1B,
FTO,
KLF7,
LRP5,
LRP5L,
NAMPT,
OXCT1,
PGRMC2,
PLAAT3,
POU4F2,
PPARD,
SELENOM,
SH3PXD2B,
SLC25A25,
SOX8,
SPI1,
SPTLC2,
TBL1XR1,
UBB,
UMODL1,
AK1,
AK2,
AK3,
AK4,
AK5,
ADPGK,
AK9,
ALDOB,
ALDOC,
APP,
ARL2,
ARNT,
BPGM,
CBFA2T3,
DDIT4,
DHTKD1,
EIF6,
ENO1,
ENO2,
ENO3,
ENO4,
ENTPD5,
FBP1,
FOXK1,
FOXK2,
GALK1,
GAPDH,
GAPDHS,
GCK,
GIT1,
GPD1,
GPI,
HDAC4,
HIF1A,
HK1,
HK2,
HK3,
HKDC1,
JMJD8,
LDHA,
NCOR1,
NUDT9,
PFKFB1,
PFKFB2,
PFKL,
PFKM,
PFKP,
PGAM1,
PGAM2,
PGAM4,
PGK1,
PGK2,
PGM1,
PKLR,
PKM,
PPARA,
PRKAA2,
PRKAG1,
PRKAG3,
PRXL2C,
SLC2A6,
SLC4A1,
SLC4A4,
TIGAR,
TPI1,
ZBTB20,
ZBTB7A,
SLC17A9,
SLC25A17,
SLC25A31,
SLC25A41,
SLC25A42,
SLC25A6,
ARMC5,
ASCL1,
CDKN1C,
CRH,
CYP1B1,
DKK3,
INSM1,
LY6E,
NR0B1,
NR5A1,
PBX1,
SALL1,
STRA6,
TSPO,
WT1,
LMBRD2,
ZDHHC21,
ABHD12,
ADAM2,
AGRP,
AGTPBP1,
ALK,
ARCN1,
ASIP,
ATP6V1B1,
BBS2,
BRS3,
BTBD9,
CARTPT,
CEND1,
CHD7,
CHL1,
CHRNA5,
CHRNB1,
CLCN3,
CNP,
CNTN2,
CNTNAP2,
CRHBP,
CSTB,
CTNS,
DAB1,
DMBX1,
DMRT3,
EFNB3,
EHMT2,
EN1,
FOXA2,
FXN,
GABRG2,
GBX1,
GDNF,
GIGYF2,
GRIN2D,
HDAC2,
HIPK2,
HOMER1,
HOMER2,
HOXB8,
HOXD10,
HOXD9,
HTRA2,
INPP5F,
LGI4,
MAFG,
MECP2,
NCSTN,
NLGN2,
NLGN3,
NLGN4X,
NPC1,
NR4A2,
NRXN1,
NRXN2,
NRXN3,
NTAN1,
NTF4,
OTOG,
OXR1,
PAX5,
PBX3,
PCDH17,
PPP1R1B,
PPT1,
PREX2,
PTEN,
PUM1,
RNF180,
SDK1,
SEPTIN5,
SEZ6,
SHANK2,
SLITRK1,
SLITRK6,
SNCG,
TPGS1,
UCHL1,
USP46,
ZFHX2,
ZIC1,
ZMPSTE24,
HAND2,
MEF2D,
MNAT1,
SCUBE1,
ABCD1,
ACO1,
ACO2,
ADSL,
AFG1L,
ANTKMT,
ATP5F1A,
ATP5F1B,
ATP5F1C,
ATP5F1D,
ATP5F1E,
ATP5F1EP2,
ATP5ME,
ATP5MF,
ATP5MG,
ATP5PB,
ATP5PD,
ATP5PF,
ATP5PO,
ATP7A,
ATPSCKMT,
BLOC1S1,
BNIP3,
C2orf69,
CAT,
CCNB1,
CDK1,
CHCHD10,
CHCHD2,
COA6,
COQ9,
COX10,
COX15,
COX4I1,
COX4I2,
COX5A,
COX5B,
COX6A1,
COX6A2,
COX6B2,
COX7A1,
COX7A2,
COX7A2L,
COX7A2P2,
COX7B2,
COX7C,
COX8C,
CS,
CYC1,
DGUOK,
DNAJC15,
DNAJC30,
GHITM,
IDE,
IDH3A,
IDH3G,
IREB2,
ISCU,
MDH1,
MDH1B,
MDH2,
ME3,
MIR210,
MT-ATP6,
MT-ATP8,
MT-CO1,
MT-CO2,
MT-CO3,
MT-CYB,
MT-ND1,
MT-ND2,
MT-ND3,
MT-ND4,
MT-ND4L,
MT-ND5,
MT-ND6,
MTCO2P12,
MTFR1,
MTFR1L,
MTFR2,
NDUFA1,
NDUFA10,
NDUFA12,
NDUFA2,
NDUFA3,
NDUFA4,
NDUFA5,
NDUFA6,
NDUFA7,
NDUFA8,
NDUFA9,
NDUFAB1,
NDUFAF1,
NDUFB1,
NDUFB10,
NDUFB2,
NDUFB3,
NDUFB4,
NDUFB5,
NDUFB6,
NDUFB7,
NDUFB8,
NDUFB9,
NDUFC1,
NDUFC2,
NDUFC2-KCTD14,
NDUFS1,
NDUFS2,
NDUFS3,
NDUFS4,
NDUFS5,
NDUFS6,
NDUFS7,
NDUFS8,
NDUFV1,
NDUFV2,
NDUFV3,
NIPSNAP2,
NNT,
NOP53,
OXA1L,
PANK2,
PDE12,
PPIF,
SDHA,
SDHAF2,
SDHB,
SDHC,
SDHD,
SHMT2,
SIRT3,
SLC25A14,
SLC25A23,
SLC25A33,
SLC25A51,
SUCLA2,
SUCLG1,
SUCLG2,
SURF1,
TAFAZZIN,
TEFM,
UQCC2,
UQCC3,
UQCR10,
UQCRB,
UQCRC1,
UQCRC2,
UQCRFS1,
UQCRFS1P1,
UQCRH,
UQCRHL,
UQCRQ,
ACBD5,
ATG5,
BAG3,
HSPB8,
HTT,
MAP1LC3C,
SQSTM1,
UBQLN1,
WDFY3,
WDR81,
HDAC6,
TRIM37,
UBD,
GCNT4,
KIRREL3,
NR2E1,
PENK,
ACE,
AKT3,
AMFR,
AMH,
APEX1,
APOD,
ATM,
ATP2B1,
ATP8A2,
ATR,
BAZ2B,
BECN1,
BGLAP,
BMPR1A,
BRCA2,
CANX,
CARM1,
CD68,
CDK2,
CDK6,
CDKN1A,
CDKN1B,
CDKN2A,
CDKN2B,
CHEK1,
CHEK2,
CISD2,
CLDN1,
COL4A2,
COMP,
COQ7,
CRYAB,
CTC1,
CYP1A1,
DAG1,
DDC,
DKK1,
DNMBP,
DNMT3A,
ECRG4,
EEF1E1,
EIF2S1,
ENDOG,
ENSG00000266286,
ERCC2,
ERO1A,
FBXO4,
FBXO5,
FOS,
FOXG1,
FOXM1,
FOXO3,
FOXO4,
FZR1,
GCLC,
GCLM,
GFRA1,
GJB2,
GJB6,
GLRX2,
GPX1,
GPX4,
H2AX,
HELT,
HMGA1,
HMGA2,
HYAL2,
ID2,
IGFBP1,
IGFBP5,
ING2,
JUND,
KAT5,
KAT6A,
KCNMB1,
KIR2DL4,
KRT14,
KRT16,
KRT25,
KRT33B,
KRT83,
KRTAP4-3,
KRTAP4-5,
KRTAP4-8,
KRTAP4-9,
LIMS1,
LMNA,
LOXL2,
LRRK2,
MAGEA2,
MAGEA2B,
MAP2K3,
MAP2K4,
MAP2K7,
MAP3K3,
MAP3K5,
MAPK10,
MAPK11,
MAPK8,
MAPK9,
MAPKAPK5,
MARCHF5,
MBD2,
MBD3,
MBP,
MIF,
MIR10A,
MIR146A,
MIR17,
MIR188,
MIR20B,
MIR217,
MIR22,
MIR342,
MIR370,
MIR543,
MIR590,
MME,
MMP2,
MNT,
MORC3,
MPO,
NEK4,
NEK6,
NFE2L2,
NOX4,
NPM1,
NQO1,
NSMCE2,
NTRK1,
NUAK1,
NUDT1,
NUP62,
OPA1,
PAX2,
PCK1,
PDCD4,
PDX1,
PICALM,
PITX3,
PLA2R1,
PLK2,
PNPT1,
POLB,
PPP3CA,
PRDM2,
PRELP,
PRMT6,
RAD54B,
RAD54L,
RBL1,
RETN,
RGN,
RNF165,
ROMO1,
RPN2,
RPS6KB1,
RSL1D1,
RWDD1,
SCAP,
SEC63,
SERP1,
SERPINE1,
SERPINF1,
SLC30A10,
SLC32A1,
SMC5,
SMC6,
SOD1,
SOD2,
SREBF1,
SRR,
TACR3,
TBX2,
TBX3,
TERC,
TERF2,
TERT,
TFCP2L1,
TH,
TIMP1,
TP53,
TP63,
TPRA1,
TWIST1,
TYMS,
ULK3,
VASH1,
WNT1,
WNT16,
WRN,
YBX1,
YPEL3,
ZKSCAN3,
ZMIZ1,
ZNF277,
AGXT2,
DAO,
GPT,
SLC36A1,
SLC36A2,
SLC36A3,
SLC36A4,
SLC38A2,
SLC38A3,
SLC38A5,
SLC3A2,
SLC6A14,
SLC6A17,
SLC7A10,
SLC7A8,
ABCA2,
ABCG1,
ABCG4,
ACAA2,
ACER1,
ACER3,
APOB,
ARV1,
ASAH1,
ASAH2,
ASAH2B,
BMP5,
CFTR,
CLCN2,
CYB5R3,
CYP11B1,
CYP11B2,
CYP27A1,
CYP27B1,
CYP2R1,
CYP3A4,
CYP51A1,
CYP7A1,
DAB2,
DHCR24,
DHCR7,
DHDDS,
DHFR,
DHFRP1,
EBP,
ERLIN1,
ERLIN2,
FDFT1,
FDPS,
G6PD,
GCH1,
GFI1,
H6PD,
HMGCR,
HRH1,
HSD17B7,
IDI1,
IDI2,
IMPA1,
IMPA2,
INSIG1,
INSIG2,
IP6K2,
IP6K3,
IPMK,
IPPK,
ISYNA1,
ITPKB,
ITPKC,
LBR,
LSS,
MBTPS1,
MBTPS2,
MIR182,
MIR185,
MIR548P,
MIR96,
MOXD1,
MOXD2P,
MSMO1,
NFKB1,
NPC1L1,
NSDHL,
NUS1,
PCBD1,
PCBD2,
PCK2,
PGP,
PLPP6,
POR,
PPIP5K1,
PPIP5K2,
PTAFR,
PTS,
QDPR,
REST,
SC5D,
SEC14L2,
SPHK1,
SPHK2,
SPR,
SPTLC1,
SPTLC3,
SPTSSA,
SPTSSB,
SRD5A3,
TM7SF2,
ADH4,
AKR1B10,
AKR1C3,
AKR1D1,
ALDH1B1,
ALDH2,
ALDH3B1,
ALDH3B2,
BPNT2,
CEL,
CYP39A1,
CYP46A1,
GK,
GK2,
GK5,
GPD2,
HAO1,
INPP1,
INPP4B,
INPP5A,
INPP5B,
INPP5E,
INPP5J,
MIOX,
MTMR2,
MTMR7,
NUDT3,
OCRL,
SCARF1,
SNX17,
SORD,
SYNJ1,
SYNJ2,
TKFC,
ABCA5,
ACADVL,
ADH1A,
ADH1B,
ADH1C,
ADH5,
ADH6,
ADH7,
AKR1A1,
AKR1B1,
AKR1B15,
AKR1C1,
AKR1C2,
AKR1C4,
AKR7A2,
ALDH1A2,
ALDH1A3,
ALDH3A2,
APOBR,
APOF,
APOL1,
AWAT2,
BCO1,
CBR4,
CEBPA,
CH25H,
CLN6,
COQ2,
COQ3,
CUBN,
CYP11A1,
CYP1A2,
CYP27C1,
CYP2C18,
CYP2C8,
CYP2C9,
CYP2D6,
CYP3A5,
CYP3A7,
CYP7B1,
DEGS2,
DGAT1,
DHRS13,
DHRS3,
DHRS4,
DHRS7,
DHRS9,
DISP3,
DPAGT1,
DPM1,
DPM2,
EPHX2,
FDX1,
FDXR,
FMO5,
GDE1,
GDPD1,
GDPD3,
GNB3,
HDLBP,
HSD11B2,
INPP4A,
ITPK1,
LCAT,
LDLR,
LDLRAP1,
LIPE,
LRAT,
MINPP1,
MOGAT1,
MOGAT2,
MOGAT3,
NAAA,
NAPEPLD,
NFE2L1,
NPC2,
NR0B2,
NUDT10,
NUDT11,
NUDT4,
NUDT4B,
OSBPL1A,
OSBPL5,
PCSK9,
PECR,
PIP4P1,
PLPP1,
PLPP2,
PLPP3,
PNLIP,
PNPLA2,
PNPLA4,
PON1,
PRKG2,
RBP4,
RDH10,
RDH11,
RDH12,
RDH13,
RDH14,
RDH16,
RDH5,
RDH8,
RETSAT,
RPE65,
RXRA,
SCNN1B,
SDR16C5,
SERPINA12,
SGPP1,
SGPP2,
SLC34A1,
SLC5A3,
SMPD1,
SOAT1,
SOAT2,
SQLE,
SREBF2,
STAR,
STARD3,
THTPA,
TKTL1,
TPK1,
TSKU,
TTC39B,
TTR,
UGT1A4,
VLDLR,
PDXK,
PNPO,
TKT,
ESD,
HAGH,
HOGA1,
PNKD,
ACP6,
GPAT2,
GPAT3,
NNMT,
BAAT,
CDO1,
CSAD,
PHGDH,
STAT5A,
GDA,
NT5C,
PNP,
URAD,
ACAD8,
ACADSB,
ACMSD,
AFMID,
ALDH4A1,
ALDH6A1,
ALDH8A1,
AMT,
ARHGAP11B,
ASPA,
ASRGL1,
AUH,
BCAT2,
BLMH,
CBS,
CBSL,
CRYM,
DDAH1,
DDAH2,
DDO,
FAH,
GAD1,
GAD2,
GCAT,
GCSH,
GLDC,
GLS,
GLS2,
GLUD1,
GLUD2,
GLUL,
GSTZ1,
HAAO,
HGD,
HIBADH,
HIBCH,
HMGCL,
HMGCLL1,
HPD,
HSD17B10,
HYKK,
IDO2,
IVD,
KYAT1,
KYNU,
MAT1A,
MCCC1,
MCCC2,
MTRR,
NOS1,
NOS2,
NOS3,
OAT,
OTC,
PAH,
PRODH,
PRODH2,
RIDA,
SARDH,
SCLY,
SDS,
SDSL,
SHMT1,
SLC25A21,
TDH,
THNSL2,
ADI1,
ADSS2,
AGMAT,
ALDH18A1,
ALDH5A1,
AMDHD1,
APIP,
ART4,
ASL,
ASNS,
ASNSD1,
ASPG,
ATCAY,
AZIN1,
AZIN2,
BCAT1,
BHMT,
BHMT2,
CAD,
CPS1,
CTH,
CTPS1,
CTPS2,
DCT,
DGLUCY,
DHFR2,
DPEP1,
ENOPH1,
FPGS,
FTCD,
GART,
GCDH,
GFPT1,
GFPT2,
GGT1,
GLYAT,
GLYATL1,
GLYATL1B,
GMPS,
GNMT,
GOT1L1,
HAL,
ICMT,
ILVBL,
IYD,
LGSN,
MMUT,
MPST,
MRI1,
MSRA,
MTAP,
MTHFR,
MTHFS,
MTR,
NAGS,
NAT8L,
NIT2,
NOXRED1,
ODC1,
PFAS,
PLOD2,
PLOD3,
PPAT,
PSAT1,
PSPH,
PSPHP1,
PYCR1,
PYCR2,
PYCR3,
RIMKLA,
RIMKLB,
SEPHS1,
SEPHS2,
SERINC3,
SERINC5,
SIRT4,
SLC39A8,
SLC7A7,
SMS,
THAP4,
TST,
TTC36,
TYR,
UROC1,
AP3B1,
AP3D1,
BCL11B,
CBFB,
CD3E,
CD83,
CDH26,
ELF4,
GLI3,
GPR18,
HSPH1,
IHH,
IL21,
ITCH,
LGALS7B,
LGALS9B,
LGALS9C,
MAPK8IP1,
MYB,
NKAP,
NKG7,
NKX2-3,
PSMB11,
RARA,
RASAL3,
RPL22,
RUNX1,
RUNX3,
SH3RF1,
TNFSF8,
TOX,
TWSG1,
TYK2,
VSIR,
WDFY4,
ZBTB16,
ZFPM1,
SLC13A3,
SLC13A5,
SLC22A6,
SLC25A11,
ACAA1,
ACOT8,
ELOVL1,
ELOVL2,
ELOVL5,
FADS1,
FADS2,
SCP2,
CDK13,
CELF1,
CELF2,
CELF3,
CELF4,
CELF5,
CELF6,
DDX17,
DDX5,
DHX9,
ESRP2,
FAM172A,
FXR1,
FXR2,
HNRNPA1,
HNRNPL,
HNRNPM,
KHDRBS2,
KHDRBS3,
MAGOH,
MBNL1,
MBNL2,
MBNL3,
MYOD1,
NSRP1,
PTBP1,
PUF60,
RAVER1,
RAVER2,
RBFOX1,
RBFOX2,
RBFOX3,
RBM11,
RBM15,
RBM15B,
RBM17,
RBM25,
RBM4,
RBM5,
RBM7,
RBM8A,
RBMX,
RBMY1A1,
RBMY1F,
RBMY1J,
RNPS1,
RSRC1,
SAP18,
SCNM1,
SFSWAP,
SLU7,
SMU1,
SRRM4,
SRSF1,
SRSF12,
SRSF2,
SRSF6,
SRSF9,
STRAP,
THRAP3,
TIA1,
TRA2B,
WTAP,
YTHDC1,
ZC3H10,
DLX1,
DLX2,
FOXN4,
NEUROD1,
NEUROD4,
PTF1A,
RORB,
AAMP,
ADAM9,
ADAMTS9,
ADGRA2,
ADTRP,
AGO2,
AGTR2,
ALX1,
ANGPT2,
ANXA3,
ANXA6,
ARHGAP4,
ARHGEF7,
ARSB,
ATOH8,
BMP4,
BMP7,
BMPER,
CAPN7,
CCBE1,
CCN3,
CDH13,
CDH2,
CENPV,
CIB1,
CLEC14A,
CRB2,
CYGB,
DAB2IP,
DCN,
DDR2,
DLL4,
DNAJA4,
DOCK1,
DOCK5,
DPP4,
EDN2,
EDN3,
EFNA1,
EFNB1,
EGR3,
EMC10,
ENG,
ENPP2,
EPHB4,
EPPK1,
ERBB4,
ETS1,
FAP,
FAT2,
FBXW7,
FERMT1,
FGF16,
FGF18,
FGF19,
FGF4,
FGFBP1,
FGFR1,
FLT4,
FOLR1,
FSTL1,
FUT1,
GADD45A,
GATA2,
GBX2,
GFUS,
GLIPR2,
GPC3,
GRN,
HAS1,
HAS2,
HBEGF,
HDAC5,
HDAC7,
HDAC9,
HMOX1,
HSPB1,
HYAL1,
ILK,
ISL1,
ITGA2,
ITGA3,
ITGA4,
ITGB4,
ITGB7,
JCAD,
JUN,
KANK2,
KDR,
KITLG,
KLF4,
KRIT1,
KRT2,
LAMA5,
LAMTOR2,
LGALS12,
LGALS8,
LTB4R2,
MACF1,
MACIR,
MAP2K5,
MAP4K4,
MAPRE2,
MARVELD3,
MCC,
MEGF8,
MEOX2,
MESP1,
MIA3,
MIR101-1,
MIR10B,
MIR126,
MIR129-1,
MIR132,
MIR133B,
MIR135B,
MIR137,
MIR150,
MIR152,
MIR15B,
MIR16-1,
MIR1908,
MIR193A,
MIR196A1,
MIR199A1,
MIR19B1,
MIR200A,
MIR200B,
MIR200C,
MIR204,
MIR206,
MIR212,
MIR221,
MIR222,
MIR2355,
MIR23A,
MIR24-1,
MIR26A1,
MIR27A,
MIR27B,
MIR296,
MIR29A,
MIR29C,
MIR30A,
MIR31,
MIR320A,
MIR329-1,
MIR361,
MIR410,
MIR424,
MIR483,
MIR487B,
MIR492,
MIR494,
MIR495,
MIR497,
MIR499A,
MIR503,
MIR505,
MIR640,
MIR939,
MIRLET7F1,
MIXL1,
MMP9,
MMRN2,
MTA2,
NANOS1,
NR2F2,
NR4A1,
NRP2,
NRTN,
OVOL2,
PATZ1,
PIK3C2A,
PIK3CB,
PIK3R3,
PKN2,
PKN3,
PLEKHG5,
PLXND1,
PRKD1,
PRKX,
PRR5L,
PRSS3,
PRSS3P2,
PTN,
PTP4A3,
PTPN11,
PTPRG,
PTPRM,
PTPRR,
RAB11A,
RAB25,
RADIL,
RET,
RFFL,
RIN2,
RRAS,
RREB1,
RTN4,
S100A2,
S100P,
SASH1,
SCG2,
SEMA3A,
SEMA3B,
SEMA3C,
SEMA3D,
SEMA3F,
SEMA3G,
SEMA4B,
SEMA4C,
SEMA4D,
SEMA4F,
SEMA4G,
SEMA5B,
SEMA6A,
SEMA6B,
SEMA6C,
SEMA6D,
SEMA7A,
SGPL1,
SMO,
SMOC2,
SMURF2,
SOX10,
SOX17,
SOX18,
SOX9,
SP1,
SP100,
SPARC,
SPRED1,
SRPX2,
STAT1,
SVBP,
SYNJ2BP,
TBX1,
THBS1,
TMEM201,
TNFSF12,
TPBG,
VEGFC,
VSTM4,
WDPCP,
WNT7A,
YTHDF3,
ZEB2,
ZFAND5,
ZNF580,
AMELX,
AMTN,
CNNM4,
DMP1,
ENAM,
FAM20A,
FAM20C,
ITGB6,
KLK4,
KLK5,
MMP20,
ODAPH,
RELT,
SLC24A4,
SLC4A2,
WDR72,
AANAT,
AARS1,
AARS2,
AARSD1,
AASDH,
ABCA8,
ABCE1,
ABCF1,
ABTB1,
ACSBG1,
ACSBG2,
ACSF3,
ACSL3,
ACSL4,
ACSL5,
ACSL6,
AGK,
AGO1,
AGO3,
AGO4,
AIMP1,
AIMP2,
ALKBH1,
ALOX12B,
ALOXE3,
APEH,
ASCC2,
ASCC3,
ASMT,
ATXN2,
B3GALT1,
B3GALT2,
B3GALT4,
B4GALNT1,
B4GALT3,
B4GALT4,
B4GALT5,
B4GALT6,
BACE1-AS,
BARHL2,
BDH2,
BTG2,
BZW1,
BZW2,
C8orf88,
CAPRIN1,
CAPRIN2,
CARNS1,
CARS1,
CARS2,
CASC3,
CCN1,
CDC123,
CDK5RAP1,
CDKAL1,
CERS1,
CERS2,
CERS3,
CERS4,
CERS5,
CERS6,
CHAC1,
CHAC2,
CIRBP,
CNBP,
CNOT1,
CNOT10,
CNOT11,
CNOT2,
CNOT6,
CNOT6L,
CNOT7,
CNOT8,
CNOT9,
COA3,
COPS5,
CPEB1,
CPEB2,
CPEB4,
CSDE1,
CTIF,
CYP4F22,
DALRD3,
DAPK1,
DARS1,
DARS2,
DCP1A,
DCP1B,
DCP2,
DCPS,
DDX1,
DDX25,
DDX3X,
DDX6,
DEGS1,
DENR,
DHPS,
DHX29,
DHX33,
DIS3,
DIS3L2,
DNAJC1,
DNAJC24,
DNAJC3,
DPH1,
DPH2,
DPH3,
DPH3P1,
DPH5,
DPH6,
DPH7,
DRG1,
DRG2,
EARS2,
EEF1A1,
EEF1A1P5,
EEF1A2,
EEF1B2,
EEF1D,
EEF1G,
EEF2,
EEF2K,
EEFSEC,
EFL1,
EIF1,
EIF1AD,
EIF1AX,
EIF1AY,
EIF1B,
EIF2A,
EIF2AK2,
EIF2D,
EIF2S2,
EIF2S3,
EIF2S3B,
EIF3A,
EIF3B,
EIF3C,
EIF3CL,
EIF3D,
EIF3E,
EIF3F,
EIF3G,
EIF3H,
EIF3I,
EIF3J,
EIF3K,
EIF3L,
EIF3M,
EIF4A1,
EIF4A2,
EIF4A3,
EIF4B,
EIF4E,
EIF4E1B,
EIF4E2,
EIF4E3,
EIF4EBP1,
EIF4EBP2,
EIF4EBP3,
EIF4ENIF1,
EIF4G1,
EIF4G2,
EIF4G3,
EIF4H,
EIF5,
EIF5A,
EIF5A2,
EIF5AL1,
EIF5B,
ELOVL4,
ELOVL7,
ENC1,
ENPP7,
ENSG00000228549,
EPRS1,
ERBB2,
ETF1,
EXOSC2,
EXOSC5,
EXOSC7,
EXOSC8,
EXOSC9,
FA2H,
FARS2,
FARSA,
FARSB,
FASTKD2,
FASTKD3,
FTSJ1,
FURIN,
GAL3ST1,
GARS1,
GATB,
GATC,
GCN1,
GEMIN5,
GFM1,
GFM2,
GGT2,
GGT3P,
GGT5,
GGT6,
GGT7,
GGTA1,
GGTLC1,
GGTLC2,
GGTLC3,
GLE1,
GRB7,
GSPT1,
GSPT2,
GSS,
GTPBP1,
GTPBP2,
GUF1,
GZMB,
HABP4,
HACD1,
HACD2,
HARS1,
HARS2,
HBS1L,
HSD17B12,
HTD2,
HYDIN2,
IARS1,
IARS2,
IGF2BP1,
IGF2BP2,
IGF2BP3,
IGHMBP2,
ILF3,
IMPACT,
JMJD4,
KARS1,
KBTBD8,
KLHL25,
KRT17,
LARP1,
LARP1B,
LARP4,
LARP6,
LARS1,
LARS2,
LIN28A,
LINC00324,
LINC01145,
LINC01783,
LINC02591,
LRPPRC,
LRRC47,
LSM1,
LSM14A,
LSM14B,
LTN1,
LTO1,
MALSU1,
MARS1,
MARS2,
MCTS1,
METAP1,
METTL14,
METTL17,
METTL18,
METTL5,
MEX3D,
MGST2,
MIF4GD,
MIR100,
MIR103A1,
MIR106A,
MIR106B,
MIR107,
MIR125B1,
MIR1271,
MIR128-1,
MIR134,
MIR144,
MIR148A,
MIR148B,
MIR181A2,
MIR181B1,
MIR181D,
MIR205,
MIR218-1,
MIR28,
MIR298,
MIR299,
MIR29B1,
MIR345,
MIR346,
MIR365A,
MIR378A,
MIR518B,
MIR520C,
MIR6086,
MIR659,
MIR877,
MIR9-1,
MIR98,
MIRLET7A1,
MIRLET7E,
MIRLET7I,
MKNK1,
MKNK2,
MPV17L2,
MRPL10,
MRPL11,
MRPL13,
MRPL16,
MRPL18,
MRPL2,
MRPL23,
MRPL24,
MRPL27,
MRPL28,
MRPL3,
MRPL32,
MRPL34,
MRPL35,
MRPL36,
MRPL37,
MRPL41,
MRPL42,
MRPL43,
MRPL44,
MRPL47,
MRPL51,
MRPL52,
MRPL55,
MRPL57,
MRPL58,
MRPL9,
MRPS11,
MRPS12,
MRPS14,
MRPS15,
MRPS16,
MRPS17,
MRPS18A,
MRPS18B,
MRPS18C,
MRPS2,
MRPS21,
MRPS24,
MRPS27,
MRPS28,
MRPS33,
MRPS34,
MRPS5,
MRPS6,
MRPS7,
MRRF,
MTFMT,
MTG1,
MTG2,
MTIF2,
MTIF3,
MTRES1,
MTRF1,
MTRF1L,
MTRFR,
NANOS2,
NANOS3,
NANP,
NARS1,
NARS2,
NAT10,
NCBP1,
NCBP2,
NCL,
NEMF,
NEURL1,
NGDN,
NGRN,
NIBAN1,
NOA1,
NOCT,
NOLC1,
NSUN3,
NSUN5,
NT5C3B,
OGFOD1,
ORMDL1,
ORMDL2,
ORMDL3,
OSBP,
PA2G4,
PABPC1,
PABPC4,
PADI6,
PAIP1,
PAIP2,
PAIP2B,
PAN2,
PAN3,
PARN,
PARS2,
PASK,
PATL1,
PATL2,
PCIF1,
PCSK1,
PCSK5,
PDF,
PELO,
PER1,
PIWIL1,
PIWIL2,
PIWIL3,
PIWIL4,
PKP3,
PLD1,
PLXNB2,
PNLDC1,
PNPLA1,
POLDIP3,
POLR2D,
POLR2G,
PPP1CA,
PPP1R15A,
PPP1R15B,
PPT2,
PRG3,
PRR16,
PSTK,
PTCD3,
PUM2,
PUM3,
PURA,
PUS7,
PYM1,
QARS1,
QKI,
QRSL1,
RARS1,
RARS2,
RBM3,
RBM4B,
RCC1L,
RMND1,
RNF139,
RPL10,
RPL10A,
RPL10L,
RPL11,
RPL12,
RPL13,
RPL13A,
RPL13AP3,
RPL14,
RPL15,
RPL17,
RPL18,
RPL18A,
RPL19,
RPL21,
RPL22L1,
RPL23,
RPL23A,
RPL24,
RPL26,
RPL26L1,
RPL27,
RPL27A,
RPL28,
RPL29,
RPL3,
RPL30,
RPL31,
RPL32,
RPL34,
RPL35,
RPL35A,
RPL36,
RPL36A,
RPL36AL,
RPL37,
RPL37A,
RPL37AP8,
RPL38,
RPL39,
RPL39L,
RPL39P5,
RPL3L,
RPL4,
RPL41,
RPL5,
RPL6,
RPL7,
RPL7A,
RPL8,
RPL9,
RPLP0,
RPLP0P6,
RPLP2,
RPS10,
RPS11,
RPS12,
RPS13,
RPS14,
RPS15,
RPS15A,
RPS16,
RPS17,
RPS18,
RPS19,
RPS2,
RPS20,
RPS21,
RPS23,
RPS24,
RPS25,
RPS26,
RPS27,
RPS27A,
RPS28,
RPS29,
RPS3A,
RPS4X,
RPS4Y1,
RPS4Y2,
RPS5,
RPS6KA1,
RPS6KA3,
RPS6KB2,
RPS7,
RPS8,
RPS9,
RPSA,
RPUSD3,
RPUSD4,
RRBP1,
RSL24D1,
SAMD4A,
SAMD4B,
SAMD8,
SARNP,
SARS1,
SARS2,
SECISBP2,
SECISBP2L,
SELENOT,
SEPSECS,
SGMS1,
SGMS2,
SHFL,
SLBP,
SLC25A1,
SLC25A15,
SLC25A2,
SMPD2,
SMPD4,
SOX4,
SRBD1,
SRP9,
ST3GAL1,
ST3GAL2,
ST3GAL3,
ST3GAL5,
ST6GALNAC3,
ST6GALNAC4,
ST6GALNAC5,
ST6GALNAC6,
ST8SIA2,
ST8SIA3,
ST8SIA4,
ST8SIA6,
SYNCRIP,
TACO1,
TARBP2,
TARS1,
TARS2,
TARS3,
TCOF1,
TECR,
TENT5B,
TLCD3B,
TMED2,
TNIP1,
TNRC6A,
TNRC6B,
TNRC6C,
TOB1,
TPR,
TRAP1,
TRIP4,
TRMT10C,
TRNAU1AP,
TRUB2,
TSFM,
TUFM,
TUT4,
TUT7,
UBA52,
UGCG,
UGT8,
UHMK1,
UNK,
UPF3A,
UPF3B,
USP16,
VAPA,
VARS1,
VARS2,
VIM,
WARS1,
WARS2,
XRN1,
YARS1,
YARS2,
YTHDF1,
YTHDF2,
ZAR1,
ZAR1L,
ZC3H15,
ZCCHC13,
ZCCHC4,
ZNF385A,
ZNF540,
ZNF598,
ZNF706,
AACS,
ABCA12,
ABCA13,
ABCB1,
ABCB9,
ABCC1,
ABCC4,
ABCC5,
ABCC8,
ABCG2,
ALOX5,
ANO1,
AQP10,
AQP11,
AQP3,
AQP7,
AQP7P3,
AQP9,
BAIAP3,
C1QTNF12,
C2CD2L,
CA2,
CAMK2G,
CCDC186,
CDH17,
CDK16,
CELA2A,
CERT1,
CLOCK,
CLTRN,
CPE,
CPLX1,
CPLX3,
CPT1A,
CPTP,
CYB5R4,
DISP1,
DOC2B,
EIPR1,
ENSA,
EXOC3L1,
FAM3B,
FAM3D,
FFAR1,
FGG,
FOLR2,
FOLR3,
G6PC2,
GAL,
GLTP,
GLTPD2,
GPR27,
GPR68,
GRP,
HMGN3,
HNF1A,
HNF1B,
HTR2C,
ICA1,
IL1RN,
ILDR1,
ILDR2,
IRS1,
IRS2,
JAGN1,
KCNJ11,
KISS1,
LRP2,
MAFA,
MGST1,
MIDN,
MYRIP,
NDUFAF2,
NKX6-1,
NNAT,
PAX8,
PCLO,
PIM3,
PLEKHA3,
PLEKHA8,
PLEKHA8P1,
PLTP,
PSMD9,
PTPRN,
PTPRN2,
RAB11B,
RAB11FIP2,
RAB11FIP5,
RAB1A,
RAB8B,
RASL10B,
RFX3,
RFX6,
RPH3AL,
SIDT2,
SLC14A1,
SLC14A2,
SLC15A1,
SLC15A2,
SLC15A3,
SLC15A5,
SLC16A1,
SLC16A10,
SLC16A2,
SLC19A1,
SLC19A2,
SLC25A32,
SLC30A8,
SLC33A1,
SLC35F5,
SLC46A1,
SLC47A1,
SLC5A6,
SLC8B1,
SLC9B2,
SMPD3,
SNAP25,
SNX19,
SSTR5,
STX1A,
STX4,
STXBP3,
STXBP4,
SYT7,
SYT9,
SYTL4,
TAPBP,
TCF7L2,
TFAP2B,
TM7SF3,
UBE2Q1,
UPK3A,
VGF,
VSNL1,
ZBED6,
AMD1,
HDC,
OAZ1,
OAZ2,
OAZ3,
PAOX,
PNMT,
SAT1,
SAT2,
SMOX,
SRM,
VPS35,
ALDH7A1,
CHDH,
COMT,
DMGDH,
HNMT,
LRTOMT,
MAOA,
MAOB,
SLC44A1,
AOC1,
AOC2,
AOC3,
BCKDK,
HDAC10,
INMT,
ITGAM,
ITGB2,
NPR1,
PDE1B,
RTL4,
SLC22A3,
SLC29A4,
SNCAIP,
SNCB,
SULT1C2,
CHRNA6,
FGF20,
RAB3B,
RHCG,
SLC18A1,
SLC18A2,
SLC43A1,
SLC43A2,
SYT1,
SYT10,
SYT11,
SYT12,
SYT13,
SYT15,
SYT17,
SYT2,
SYT3,
SYT5,
SYT8,
TOR1A,
DTD1,
DTD2,
PRORSD1P,
AP2A1,
B3GALT6,
B3GAT3,
B3GNT2,
B3GNT3,
B3GNT4,
B3GNT6,
B3GNT7,
B3GNT8,
B3GNT9,
B4GALT7,
B4GAT1,
CEMIP,
CHPF,
CHPF2,
CHST1,
CHST11,
CHST12,
CHST13,
CHST14,
CHST15,
CHST2,
CHST3,
CHST5,
CHST6,
CHST7,
CHST9,
CHSY1,
CHSY3,
CLTC,
CSGALNACT1,
CSGALNACT2,
DSE,
DSEL,
EXT2,
GALNT5,
GCNT2,
GLCE,
HAS3,
HEXA,
HS2ST1,
HS3ST1,
HS3ST2,
HS3ST3A1,
HS3ST3B1,
HS3ST5,
HS3ST6,
HS6ST1,
HS6ST2,
NDST1,
NDST2,
NDST3,
NDST4,
PXYLP1,
SLC10A7,
SLC35D2,
ST3GAL4,
ST3GAL6,
UGDH,
UST,
XYLT1,
XYLT2,
CD44,
CEMIP2,
CHI3L2,
CHIA,
CHIT1,
CTBS,
FUCA1,
GLB1,
GNS,
GUSB,
HPSE2,
HYAL4,
IDS,
IDUA,
LYG1,
LYG2,
LYVE1,
NAGLU,
OVGP1,
PGLYRP1,
PGLYRP2,
PGLYRP3,
PGLYRP4,
SGSH,
SPAM1,
BGN,
EGFLAM,
FOXC1,
GAL3ST3,
HEXB,
HPSE,
ITIH1,
ITIH2,
ITIH3,
ITIH5,
ITIH6,
NDNF,
SPOCK2,
SPOCK3,
TNFAIP6,
ATP11A,
ATP11C,
ATP8A1,
ATP8B1,
TMEM30A,
TMEM30B,
ATP11B,
SCARB2,
ACADM,
ALDH9A1,
BBOX1,
TMLHE,
CPT1B,
CPT1C,
CRAT,
CROT,
SLC22A4,
PDZK1,
SLC22A5,
SLC6A20,
KCTD7,
SLC66A1,
TPP2,
GFAP,
SFXN1,
SFXN2,
SFXN3,
SH3BP4,
SLC1A5,
SLC25A38,
SLC6A11,
SLC6A12,
SLC6A5,
SLC6A9,
SLC7A1,
SLC7A2,
SLC7A3,
SLC7A5,
TSPO2,
MFSD12,
SLC38A1,
SLC38A10,
SLC38A11,
SLC38A4,
SLC38A6,
SLC38A8,
SLC38A9,
SLC66A1L,
SLC6A15,
SLC6A18,
SLC6A19,
SLC6A7,
SLC7A14,
SLC7A4,
SLC7A5P1,
SLC7A5P2,
SLC7A6,
SLC7A9,
OCA2,
SFXN4,
SFXN5,
SLC17A5,
XK,
AMDHD2,
GNE,
GNPNAT1,
PGM3,
UAP1,
UAP1L1,
GNPDA1,
GNPDA2,
MGAT1,
NAGK,
NPL,
RENBP,
B4GALNT2,
CHST4,
CMAS,
EXTL2,
FN3K,
LARGE1,
MGAT3,
OGA,
SLC35A3,
ST6GAL1,
ENPP6,
SRD5A1,
TPH1,
TPH2,
RHAG,
RHBG,
RHCE,
RHD,
SLC12A4,
SLC12A5,
SLC12A6,
SLC12A7,
DLG4,
NLGN1,
SHISA6,
SHISA7,
ZDHHC2,
ADK,
ADSS1,
APRT,
ATIC,
NUDT2,
PAICS,
AMPD3,
AMPD1,
AMPD2,
TBR1,
UBA6,
ABCA7,
HDAC1,
IFNGR1,
LRP4,
LRPAP1,
MSR1,
MYOCD,
RAB5A,
TTPA,
APH1A,
APH1B,
BACE1,
CHRNA7,
DYRK1A,
GGA3,
GSAP,
HAP1,
LRRTM3,
MIR153-1,
MIR186,
MIR339,
MIR455,
PIN1,
PSEN2,
PSENEN,
RTN1,
RTN2,
RTN3,
SLC2A13,
SPON1,
TMED10,
BACE2,
NAT8,
NAT8B,
REN,
MDM2,
PFDN1,
PFDN2,
PFDN4,
PFDN5,
PFDN6,
RIPK1,
SERF1A,
SERF1B,
SIAH1,
SIAH2,
USP9X,
VBP1,
AATF,
ITM2A,
ITM2B,
ITM2C,
MIR147A,
MIR323A,
MIR644A,
NECAB1,
NECAB3,
ADAM19,
EFNA3,
FLOT2,
RANBP9,
KLK6,
NSG1,
TMCC2,
SPINK5,
ANAPC1,
ANAPC4,
ANAPC5,
ANAPC7,
CDC16,
CDC20,
CDC20B,
CDC23,
CDC27,
FBXO31,
PLK1,
UBE2C,
UBE2DNL,
UBE2S,
DLL1,
EGR2,
HOXB1,
HOXB2,
HSPA5,
PLXNA3,
PLXNA4,
TFAP2A,
ACKR3,
ACTL6A,
ADAM12,
ADAM15,
ADAMTS1,
ADAMTS15,
AGGF1,
AGTR1,
AHI1,
ANGPTL6,
ANPEP,
ANXA2,
APOLD1,
AR,
ATP5IF1,
AXIN2,
BCL2L11,
BMERB1,
BRCA1,
BRD2,
BSG,
BTG1,
BYSL,
C12orf43,
C1GALT1,
CALB1,
CAMK1,
CAMP,
CAPN2,
CBLN1,
CC2D2A,
CCDC134,
CCL2,
CCL8,
CCN6,
CCNB1IP1,
CCNG1,
CD109,
CD34,
CD53,
CD9,
CDC73,
CDK20,
CDX1,
CDX2,
CELA1,
CEP290,
CHAD,
CLDN5,
CLEC1B,
CLIC4,
CMA1,
CNMD,
CNTN1,
COL11A1,
COL12A1,
COL15A1,
COL18A1,
COL1A1,
COL22A1,
COL2A1,
COL4A1,
COL5A1,
COL5A2,
COL6A1,
COL7A1,
COL8A1,
COL8A2,
CRB1,
CREB3L1,
CSPG4,
CTHRC1,
CTR9,
CXCL17,
CXCL8,
CXCR3,
CYBB,
CYP19A1,
CYSLTR1,
DCANP1,
DCSTAMP,
DEAF1,
DICER1,
DKK4,
DLL3,
DLX5,
DLX6,
DMRT2,
DSCAM,
DSPP,
DUSP1,
DUSP2,
DUSP4,
DUSP5,
DVL1,
DVL2,
DVL3,
E2F2,
E2F7,
E2F8,
ECM1,
ECSCR,
EDA,
EDAR,
EGFL7,
EGLN1,
EHD1,
ELK3,
EMILIN1,
EMILIN2,
ENPEP,
EPGN,
EPHB1,
EPHB3,
EPN1,
EPN2,
EREG,
ERVFRD-1,
ERVH48-1,
ERVW-1,
ESM1,
ETS2,
ETV2,
EXOC4,
EYA1,
EYA2,
FAIM2,
FBN2,
FER1L5,
FGF6,
FGFR2,
FHL2,
FIG4,
FJX1,
FKBPL,
FLOT1,
FLT1,
FOXA1,
FOXB1,
FOXD1,
FOXF1,
FOXJ2,
FRS2,
FUZ,
FZD1,
FZD2,
FZD3,
FZD6,
FZD7,
FZD8,
GABPA,
GATA1,
GATA5,
GATA6,
GCM1,
GDF15,
GDF3,
GLI2,
GLMN,
GNPAT,
GPC1,
GPNMB,
GRHL2,
GRID2,
GSC,
GTF2I,
HAND1,
HECTD1,
HERC1,
HES5,
HES7,
HESX1,
HEY1,
HEY2,
HEYL,
HGF,
HGS,
HHEX,
HIF3A,
HOPX,
HOXA1,
HOXA11,
HOXA3,
HOXA5,
HOXA7,
HOXB13,
HOXB3,
HOXC11,
HSBP1,
HSPB6,
HSPG2,
HTATIP2,
HTRA1,
IFT122,
IFT172,
IFT52,
IGFN1,
IRX1,
IRX2,
IRX3,
ISM1,
ITGA2B,
ITGA5,
ITGA7,
ITGA8,
ITGAV,
ITGAX,
ITGB8,
JAK1,
JAM2,
JMJD6,
JUNB,
KAT2A,
KCNH1,
KDM2B,
KDM4C,
KIF16B,
KIF20B,
KIF26B,
KLF2,
KLF5,
KLHL12,
KLK3,
KNDC1,
LAMA3,
LAMB1,
LAMB3,
LDB1,
LEMD2,
LEO1,
LFNG,
LHX1,
LHX2,
LHX5,
LIAS,
LMO4,
LRG1,
LRP6,
LRP8,
LUZP1,
MACROH2A1,
MAFB,
MAG,
MAPK3,
MAPK7,
MBOAT7,
MCAM,
MED1,
MED12,
MEGF11,
MEIS1,
MEOX1,
MESP2,
MFGE8,
MFNG,
MIB1,
MINAR1,
MIR1224,
MIR125A,
MIR1298,
MIR130A,
MIR199B,
MIR34B,
MIR34C,
MIR375,
MIR377,
MIR451A,
MIR515-1,
MIR99B,
MIRLET7B,
MIRLET7G,
MKS1,
MMP14,
MMP15,
MMP19,
MMP8,
MPIG6B,
MPL,
MSGN1,
MTDH,
MYDGF,
MYF5,
MYF6,
MYMK,
MYMX,
MYOF,
MYOG,
NAA15,
NANOG,
NAXE,
NBEAL2,
NCMAP,
NEUROG1,
NFATC4,
NFIB,
NIBAN2,
NINJ1,
NKX3-2,
NLE1,
NOG,
NOTCH3,
NOTCH4,
NOX1,
NOX5,
NPHP3,
NPPB,
NRARP,
OCSTAMP,
OLFM1,
OR10J5,
OSR1,
OTULIN,
OTX2,
PAF1,
PAK4,
PALB2,
PALS1,
PAX6,
PCDH8,
PDE3B,
PEF1,
PGF,
PHLDB1,
PHOX2A,
PIK3R6,
PIKFYVE,
PIM1,
PKNOX1,
PLCD3,
PLEKHO1,
PLXDC1,
PLXNA2,
PMP22,
PODXL,
POFUT1,
POFUT2,
POGLUT1,
POLR1B,
POU5F1,
PPP1R16B,
PRDM14,
PRICKLE1,
PRKACA,
PRL,
PROK1,
PROK2,
PROM1,
PTCH1,
PTGFRN,
PTGIS,
PTPN14,
PTPN18,
PTPRB,
RARG,
RASIP1,
RBM46,
RECK,
RELN,
RGMA,
RIPOR2,
RIPPLY1,
RIPPLY2,
RLN2,
RNF213,
RNH1,
ROBO2,
ROBO4,
ROR2,
RPL7L1,
RRP7A,
RSPO3,
RTF1,
S100A1,
S100A7,
SALL4,
SBNO2,
SCGB3A1,
SCX,
SDCCAG8,
SDK2,
SEC24B,
SETD2,
SF3B6,
SFRP2,
SH2D2A,
SH3PXD2A,
SHB,
SIX1,
SIX2,
SKIL,
SLC25A46,
SLC39A12,
SLC40A1,
SMAD1,
SMARCD3,
SNAI1,
SNAI2,
SOX11,
SOX7,
SP3,
SPEM1,
SPINT1,
SPINT2,
SPRY1,
SPRY2,
SRPK2,
ST14,
STAB1,
STAB2,
STIL,
STK3,
STK4,
SUFU,
SULF1,
TAFA5,
TANC1,
TBX19,
TBX20,
TBX4,
TBX5,
TBX6,
TBXT,
TCF15,
TCF21,
TCTA,
TCTN1,
TEAD2,
TEAD4,
TENM4,
TET1,
TGFA,
TGFBI,
TGFBR3,
TGM2,
THBS2,
THBS3,
THBS4,
TIE1,
TIFAB,
TLR2,
TLX2,
TM4SF1,
TMEM100,
TMEM182,
TNFAIP2,
TNFRSF12A,
TNFSF14,
TNMD,
TNN,
TOPORS,
TPPP,
TRIM15,
TSC2,
TSPAN12,
TTC21B,
TTLL1,
TULP3,
TXNRD1,
TYMP,
UBP1,
UNC5B,
VANGL2,
VASH2,
VEGFB,
VEGFD,
VEZF1,
VPS33A,
VTN,
WDR74,
WHRN,
WLS,
WNT2,
WNT2B,
WNT3,
WNT3A,
WNT6,
WNT8A,
WNT9B,
XRCC2,
YAP1,
YJEFN3,
YWHAZ,
ZNF219,
ZNF304,
ABCA3,
ABCA4,
ACP5,
ADGRF5,
ADGRV1,
AIPL1,
ALB,
APBB2,
ARMS2,
ATP1B2,
ATP2B2,
ATP2B3,
BARD1,
BBS1,
BBS10,
BBS12,
CALB2,
CCDC154,
CCDC66,
CDH23,
CDH3,
CDHR1,
CHMP2B,
CHMP4B,
CIB2,
CLDN12,
CLDN18,
CNGB1,
COL3A1,
CROCC,
CST4,
CTSK,
CYTL1,
DCTN1,
DEF8,
DNAJB2,
DRAM2,
ERCC6,
ESRRB,
FGGY,
FSHB,
GAA,
GPR137,
GPR137B,
HOXA13,
IL20RA,
IL7,
IQCB1,
KLHL10,
LACRT,
LAMA2,
LAMC1,
LAMP2,
LARGE2,
LCA5,
LCN1,
LDB2,
LIPA,
LOX,
LPCAT1,
LRRK1,
LSR,
LTBP3,
LYZ,
MAK,
MAP1A,
MFSD2A,
MSTN,
MTF1,
MTM1,
MUC13,
MUC2,
MUC4,
MUC6,
NAPSA,
NCDN,
NELL2,
NKIRAS1,
NKIRAS2,
NXNL1,
NXNL2,
OAS1,
OCLN,
OPRPN,
P2RY4,
PBLD,
PCDH15,
PECAM1,
PIGR,
PIP,
PLEKHM1,
PLG,
POC1B,
POTEE,
POTEF,
POTEI,
POTEJ,
PRDX1,
PRLH,
PRR4,
RAB3D,
RAB7A,
RCN3,
RHO,
RP1,
RP1L1,
SCGN,
SGCZ,
SH3GL2,
SLC28A2,
SLC2A1,
SLC6A2,
SPATA7,
SPP1,
STK39,
TFF1,
TFF3,
TJP2,
TJP3,
TLR9,
TMEM119,
TMEM175,
TMEM64,
TNFRSF11B,
TP53INP2,
TPP1,
TSPOAP1,
TUB,
TULP1,
TYRO3,
UBASH3B,
USH1G,
USH2A,
USP45,
VPS54,
VSIG1,
WNK3,
WWTR1,
ZG16B,
ZNF675,
ZNF830,
ACTL6B,
ADAMTS12,
ADAMTS7,
AGRN,
ANKRD17,
ANKS1A,
ATP6AP2,
AURKA,
AXL,
BCL11A,
BFSP1,
BFSP2,
BHLHA15,
BNC1,
BRD1,
BSPH1,
C1QL1,
CABYR,
CATSPER2,
CATSPER3,
CATSPER4,
CATSPERD,
CATSPERZ,
CDC25B,
CLN5,
DEFB1,
DMC1,
EFCAB9,
ELSPBP1,
EPB42,
EPHA8,
FAM210B,
FEM1B,
FEV,
FGFR3,
FLVCR1,
GDF11,
GLDN,
GPAT4,
IFT80,
L3MBTL3,
LHX6,
LYL1,
MAEA,
MAP3K13,
NOM1,
NPPC,
NPR2,
NSUN2,
NTN4,
PAEP,
PDE3A,
PGR,
PHOSPHO1,
PLD6,
PLXNB1,
PPP2R1A,
PTBP3,
REC8,
RERE,
RHEX,
ROPN1,
ROPN1L,
RPS6KA2,
RUNX2,
RYR1,
SCLT1,
SEMG1,
SEMG2,
SIRT2,
SIX3,
SLC22A14,
SLC26A3,
SLC26A8,
SLFN14,
TCP11X1,
TDRD1,
TDRD10,
TDRD15,
TDRD5,
TDRD6,
TDRD7,
TDRKH,
TMEM79,
TRIM58,
TRIP13,
TRPC4AP,
TUBB8,
TUSC2,
VSX1,
WDR77,
WEE2,
CD248,
GLI1,
OPN4,
OPN5,
SMAD5,
CYP17A1,
HSD17B3,
HSD17B6,
HSD3B1,
HSD3B2,
SRD5A2,
HSD17B11,
CHST10,
ESR1,
HSD17B4,
HSD17B8,
TIPARP,
UGT2B7,
ARID1A,
CST11,
FKBP4,
NCOR2,
PIAS2,
PMEPA1,
PRMT2,
RHOXF1,
RNF14,
RNF6,
SAFB2,
SCGB2A1,
SCGB2A2,
SMARCA4,
TRIM68,
UBE3A,
AGTRAP,
AHCYL1,
CAMK2A,
ABLIM1,
ACP4,
ACTG2,
ADAMTS16,
AJAP1,
ALPK2,
ALX3,
ALX4,
AMBN,
ANKRD11,
ANKRD6,
APCDD1,
AQP5,
AQP6,
AREG,
ARID2,
ARL13B,
ASPN,
ASXL1,
ASXL2,
ASXL3,
ATG9A,
ATG9B,
ATOH1,
ATRN,
ATRNL1,
BARX2,
BASP1,
BBS5,
BBS7,
BCAR3,
BCOR,
BMP1,
BMPR1B,
BRAF,
BSX,
BTBD7,
BTRC,
C12orf57,
C2CD3,
CABP4,
CAPN1,
CCDC103,
CCDC39,
CCDC40,
CCM2L,
CDSN,
CDX4,
CELSR2,
CELSR3,
CEMP1,
CHRNA10,
CHRNA9,
CITED1,
CLRN2,
CNTF,
COL13A1,
COL1A2,
COL27A1,
COL9A1,
CPB2,
CRIP1,
CRX,
CRYGB,
CSMD1,
CSRNP1,
CTSZ,
CUL1,
CYP26B1,
DDR1,
DGCR2,
DGCR6,
DIO3,
DLX3,
DNAAF1,
DNAH11,
DSCAML1,
DYNC2I1,
DZANK1,
E2F4,
EFEMP1,
EFEMP2,
ELF3,
EMX1,
EMX2,
ENSG00000278817,
ERRFI1,
ETV7,
FANCC,
FANCD2,
FBN1,
FBXW11,
FGF17,
FGF22,
FGF23,
FGF3,
FGF5,
FGFRL1,
FHL1,
FLI1,
FLRT2,
FOXE1,
FOXE3,
FOXF2,
FOXI1,
FOXL2,
FOXN1,
FOXN3,
FRAS1,
FREM1,
FRZB,
GAMT,
GCNT1,
GCNT3,
GLG1,
GMNN,
GNGT1,
GPC4,
GPC6,
GREB1L,
GREM2,
GRXCR1,
GRXCR2,
GSX2,
GZF1,
HCCS,
HCN1,
HEG1,
HHIP,
HMX2,
HMX3,
HOXA2,
HOXA4,
HOXA6,
HOXA9,
HOXB4,
HOXB5,
HOXB6,
HOXB7,
HOXB9,
HOXC13,
HOXC4,
HOXC8,
HOXC9,
HOXD11,
HOXD13,
HOXD3,
HOXD4,
HOXD8,
HPN,
ID3,
ID4,
IFITM5,
IFT140,
IMPG2,
INTU,
IRX4,
IRX5,
ITGA6,
JAG2,
JHY,
KCNQ4,
KDM5B,
KLHL3,
LAMA1,
LAMB2,
LAMB4,
LAMC2,
LAMC3,
LBX1,
LCTL,
LEFTY1,
LHFPL5,
LHX3,
LHX4,
LHX8,
LHX9,
LIF,
LIMS2,
LRIG1,
LRIG3,
LY6H,
LZTS2,
MAGED1,
MAN2A1,
MATN1,
MDFI,
MDM4,
MEGF9,
MEIS2,
MEIS3,
MEIS3P1,
MFAP5,
MFRP,
MGP,
MICOS10-NBL1,
MIR17HG,
MIR195,
MLLT3,
MMP13,
MMP16,
MSN,
MYL3,
MYLK,
MYO3A,
MYO3B,
NAB1,
NAB2,
NBL1,
NDRG4,
NECTIN3,
NEK8,
NIPBL,
NKD1,
NKX2-1,
NOTO,
NPNT,
NR2E3,
NR5A2,
NRL,
NTN1,
NTN3,
NTN5,
NTNG1,
NTNG2,
OLFM3,
ONECUT2,
OSR2,
OTOP1,
OTOR,
OTX1,
PAPPA2,
PAX3,
PAX4,
PAX9,
PBX2,
PBX4,
PCGF2,
PDE6C,
PDZD7,
PEX7,
PHEX,
PHLDA2,
PKD1,
PKD2,
PKHD1,
PLAG1,
PLEKHA4,
PLXNA1,
POU3F4,
POU4F1,
POU4F3,
PPP1R13L,
PPP1R35,
PRICKLE2,
PRKRA,
PRRX1,
PTCD2,
RAB23,
RAB33B,
RARB,
RBPMS2,
RFNG,
RING1,
ROGDI,
ROM1,
ROR1,
RPGRIP1,
RPGRIP1L,
RSPO2,
RYK,
SAPCD2,
SATB2,
SAV1,
SDC1,
SERPINB5,
SERPINH1,
SETDB2,
SFRP4,
SFTPB,
SHOX2,
SIX6,
SLC39A1,
SLC39A3,
SLC4A10,
SLC6A4,
SLIT1,
SLIT3,
SMAD6,
SMARCC1,
SMURF1,
SOBP,
SOS1,
SOSTDC1,
SOX1,
SOX5,
SOX6,
SP5,
SP6,
SPEF1,
SPEF2,
SSUH2,
STK40,
STOX1,
STRC,
SYCP2,
TAB1,
TBX15,
TENM3,
THRB,
TLE1,
TLE2,
TLE5,
TMEFF1,
TMEM107,
TMEM176B,
TMIE,
TNC,
TNNI1,
TNNI3,
TPRN,
TREH,
TRIP11,
TSHZ1,
TSPEAR,
TTC39C,
TUFT1,
TUG1,
UCHL5,
UNCX,
VANGL1,
VAX2,
VDR,
VPS51,
WDR19,
WDR48,
WNK4,
WNT10A,
WNT7B,
WNT9A,
WWOX,
YY1,
ZEB1,
ZFPM2,
ZHX2,
ZIC3,
ZNF22,
ZNF335,
ZNRF3,
CCNA2,
CCND1,
CSNK2A2,
EZH2,
F7,
FLT3,
GFER,
IGF2R,
PCNA,
PTPRU,
SRSF5,
UPF2,
ABCC6,
CA12,
CKB,
CYB561,
CYB561D2,
CYBRD1,
FGFR4,
GCM2,
SLC12A1,
SLC12A3,
SLC12A8,
SLC12A9,
SLC34A2,
SLC34A3,
TBXAS1,
XPR1,
ADAMTS8,
ANKH,
ANO2,
ANO3,
ANO4,
ANO5,
ANO7,
ANO9,
BEST1,
CLCN6,
CLCN7,
CLIC2,
EMB,
GABRA1,
GABRA2,
GABRA3,
GABRA4,
GABRA5,
GABRA6,
GABRB1,
GABRB2,
GABRB3,
GABRD,
GABRE,
GABRG1,
GABRG3,
GABRP,
GABRQ,
GABRR1,
GABRR2,
GABRR3,
GLRA2,
GLRA3,
GOPC,
LRRC8B,
MFSD10,
MPC1,
MPC1L,
PCYOX1,
SLC13A1,
SLC13A2,
SLC13A4,
SLC16A11,
SLC16A12,
SLC16A3,
SLC16A7,
SLC16A8,
SLC17A1,
SLC20A1,
SLC20A2,
SLC22A7,
SLC22A8,
SLC22A9,
SLC23A1,
SLC23A2,
SLC24A1,
SLC24A2,
SLC24A3,
SLC24A5,
SLC25A10,
SLC25A19,
SLC25A3,
SLC25A30,
SLC26A10,
SLC26A11,
SLC26A4,
SLC26A5,
SLC26A9,
SLC35A1,
SLC35A2,
SLC35B1,
SLC35B4,
SLC35C2,
SLC35D1,
SLC35D3,
SLC37A1,
SLC37A2,
SLC37A3,
SLC37A4,
SLC4A11,
SLC4A5,
SLC4A7,
SLC4A8,
SLC4A9,
SLC5A1,
SLC5A12,
SLC5A5,
SLC5A8,
SLC6A8,
SLC9A2,
SLC9A3,
SLC9A5,
SLC9A6,
SLC9A7,
SLC9A8,
SLC9A9,
SLC9C1,
SLC9C2,
TCAF1,
TCAF2,
VDAC1,
VDAC2,
VDAC3,
ABCC10,
ABCC11,
ABCC2,
ABCC3,
ABCC9,
ABCD3,
ANO10,
ANO8,
ASIC3,
BDKRB2,
BEST2,
BEST3,
BEST4,
BSND,
CA4,
CA7,
CALHM1,
CALHM3,
CCT8L2,
CLCA1,
CLCA2,
CLCA3P,
CLCA4,
CLCC1,
CLCN4,
CLCN5,
CLCNKA,
CLCNKB,
CLDN17,
CLDN4,
CLIC1,
CLIC3,
CLIC5,
CLIC6,
CLNS1A,
CRY2,
CYB5R1,
CYB5R2,
CYB5RL,
CYP4A11,
CYP4F2,
ENPP3,
FXYD1,
FXYD3,
GET3,
GPR89A,
GPR89B,
MFSD5,
NMB,
NMUR2,
OC90,
OSTM1,
PACC1,
PLA2G12A,
PLA2G2A,
PLA2G2C,
PLA2G2E,
PLA2G2F,
PLA2G4F,
PLA2G5,
PROCA1,
RTBDN,
SLC10A2,
SLC10A3,
SLC10A4,
SLC10A5,
SLC10A6,
SLC16A13,
SLC16A14,
SLC16A4,
SLC16A5,
SLC16A6,
SLC16A9,
SLC17A2,
SLC17A3,
SLC17A4,
SLC22A10,
SLC22A11,
SLC22A12,
SLC22A24,
SLC22A25,
SLC25A24,
SLC27A5,
SLC27A6,
SLC29A1,
SLC2A10,
SLC2A14,
SLC2A2,
SLC2A3,
SLC2A8,
SLC2A9,
SLC39A14,
SLC52A1,
SLC52A2,
SLC52A3,
SLCO1A2,
SLCO1B1,
SLCO1B3,
SLCO1B7,
SLCO1C1,
SLCO2A1,
SLCO2B1,
SLCO3A1,
SLCO4A1,
SLCO4C1,
SLCO5A1,
SLCO6A1,
TG,
TTYH1,
TTYH2,
TTYH3,
ANKRD13C,
BMF,
BRMS1,
CEACAM5,
CEACAM6,
CRYBA1,
DAPK2,
E2F1,
MCL1,
MYBBP1A,
PTRH2,
SIK1,
TFDP1,
DRAXIN,
FBXO45,
DDX10,
PCSK6,
PGAP1,
RNF2,
TASOR,
DCC,
UNC5A,
UNC5C,
ARC,
BARX1,
BHLHE40,
BHLHE41,
BPTF,
CYP26C1,
FEZF1,
FEZF2,
GRSF1,
HES2,
HES3,
HES4,
HES6,
HOXA10,
HOXC5,
HOXC6,
SCMH1,
AGBL4,
AP3B2,
AP3M1,
AP3M2,
AP3S1,
AP3S2,
ARL8A,
ARL8B,
BLOC1S2,
BLOC1S3,
BLOC1S4,
BLOC1S5,
BORCS5,
CALY,
CNIH2,
DLG2,
FEZ1,
KIF1A,
KIF1B,
KIF1C,
KIF3A,
KIF3B,
KIF4A,
KIF5A,
KIF5B,
KIF5C,
MAP2,
MAPK8IP3,
MGARP,
NEFL,
RAB21,
RAB27B,
SNAPIN,
SPAST,
SPG7,
TRAK1,
TRAK2,
TRIM46,
KIF17,
CTSG,
DEFA1,
DEFA1B,
DEFA3,
DEFA4,
DEFA5,
DEFA6,
DMBT1,
H2BC10,
H2BC11,
H2BC12,
H2BC21,
H2BC4,
H2BC6,
H2BC7,
H2BC8,
H2BS1,
KLK7,
PGC,
PI3,
RNASE2,
RNASE3,
RNASE6,
RNASE7,
SLPI,
SPON2,
WFDC10A,
WFDC10B,
WFDC11,
WFDC12,
WFDC13,
WFDC2,
WFDC3,
WFDC5,
WFDC9,
FAM3A,
IL36RN,
RARRES2,
CLEC4E,
DEFB106A,
DEFB106B,
DEFB114,
DEFB119,
RNASE8,
TRIM62,
USP15,
CTSD,
CTSE,
CTSF,
CTSV,
FGL2,
IFI30,
MARCHF1,
MFSD6,
PDIA3,
PSMB8,
PSME1,
RAB10,
RAB32,
RAB33A,
RAB34,
RAB35,
RAB3C,
RAB4A,
RAB5B,
RAB6A,
SAR1B,
TAPBPL,
CCL13,
CXCL14,
CXCL2,
CXCL3,
CXCL5,
CXCL6,
DEFB118,
DEFB126,
DEFB127,
DEFB4A,
GALP,
GNLY,
HMGN2,
KRT6A,
LEAP2,
MUC7,
PF4V1,
PPBP,
REG1A,
REG1B,
S100A12,
SPAG11A,
SPAG11B,
ACOD1,
AZU1,
CST9,
CST9L,
CST9LP1,
PRSS2,
PRTN3,
AKAP1,
ATAD3A,
CLPB,
DDX58,
IFIT1,
MARCHF2,
MX1,
RNF135,
SENP7,
ZDHHC1,
ZDHHC11,
GPR149,
PTX3,
ADAMTS6,
AP2B1,
CNTRL,
DCTN5,
FKBP10,
LOXL1,
NPRL3,
NFATC1,
NPPA,
AFDN,
CLDN10,
CLDN11,
CLDN14,
CLDN15,
CLDN16,
CLDN2,
CLDN20,
CLDN22,
CLDN23,
CLDN24,
CLDN25,
CLDN34,
CLDN6,
CLDN7,
CLDN8,
CLDN9,
FBF1,
FRMPD2,
FRMPD2B,
GPBAR1,
MARVELD2,
MIR105-1,
MIR142,
MPP7,
OCEL1,
PARD3,
STRN,
INSC,
MAL,
NAPA,
CD300LF,
MEGF10,
MERTK,
PEAR1,
RAB14,
SPG11,
TXNDC5,
XKR4,
XKR5,
XKR6,
XKR7,
XKR8,
XKR9,
ACIN1,
DFFB,
ERN2,
TOP2A,
CECR2,
DFFA,
DNASE2,
DNASE2B,
EXOG,
AIFM2,
ATG3,
BCL2L1,
BCL2L2,
BIK,
BNIP3L,
CCAR2,
DNM1L,
FIS1,
FZD9,
GGCT,
GSK3B,
HRK,
HSPA1A,
IFI6,
IFIT2,
MFF,
MLLT11,
MOAP1,
MPV17L,
MTRNR2L5,
NAIF1,
NMT1,
NOL3,
NPTX1,
PARL,
PDCD5,
PLAUR,
PLSCR3,
PPP2CB,
PRELID1,
PSMD10,
RHOT1,
RHOT2,
RTL10,
SFN,
SLC35F6,
STPG1,
THEM4,
TIMM50,
TMEM102,
TMEM14A,
TNFSF10,
TRIAP1,
ZNF205,
PPP2R1B,
TNFRSF1A,
ZPR1,
AEN,
ARMC10,
ATF3,
BAG5,
BCAP31,
BCL2A1,
BCL2L12,
BCL2L14,
BCLAF1,
BDNF,
BIRC6,
CAAP1,
CD5,
CDIP1,
CDKN2D,
COA8,
CREB3,
CSF2,
CSNK2A1,
CUL2,
CUL4A,
CUL5,
CYLD,
DAP3,
DAPL1,
DDIAS,
DDX47,
DEDD,
DEDD2,
DELE1,
DEPTOR,
DIDO1,
DNAJA1,
DNAJC10,
DPF2,
DYRK2,
EDA2R,
ELL3,
ERBB3,
ERN1,
ERP29,
EYA3,
EYA4,
FAF1,
FAIM,
FASTK,
FBH1,
FHIT,
FIGNL1,
FNIP2,
GABARAP,
GFRAL,
GRINA,
GSDME,
GSKIP,
HELLS,
HERPUD1,
HIC1,
HINT1,
HMGB2,
HNRNPK,
HSPA1B,
HYOU1,
IFI27,
IFI27L1,
IFI27L2,
IKBKE,
IL19,
INCA1,
ING5,
ITPR1,
ITPRIP,
IVNS1ABP,
KRT18,
LTBR,
MAEL,
MAGEA3,
MAPK8IP2,
MARCHF7,
MAZ,
MELK,
METTL21C,
MIR198,
MIR26B,
MIR449A,
MUC1,
NACC2,
NDUFA13,
NGF,
NME5,
NOC2L,
P4HB,
PAK5,
PARP1,
PARP2,
PEA15,
PELI3,
PHIP,
PHLDA3,
PIAS4,
PIH1D1,
PLAGL2,
PLEKHF1,
PPP1R13B,
PRDX2,
PSME3,
PTPMT1,
PTTG1IP,
QRICH1,
RAD9A,
RB1CC1,
RNF183,
RNF186,
RNF34,
RNF41,
RRM2B,
RRN3,
RRP8,
RTKN2,
SCRT2,
SELENOK,
SEPTIN4,
SHISA5,
SIVA1,
SNW1,
SORT1,
SRPX,
SST,
SSTR3,
STK24,
STK25,
STYXL1,
SYVN1,
TAF9,
TAF9B,
TFPT,
TICAM1,
TIMP3,
TM2D1,
TMBIM1,
TMBIM6,
TMC8,
TMEM109,
TMEM117,
TMEM161A,
TNFRSF10C,
TNFRSF25,
TP53BP2,
TP73,
TPD52L1,
TPT1,
TRADD,
TRAF1,
TRAF7,
TRIB3,
TRIM39,
TXNDC12,
UACA,
UBE4B,
URI1,
USP28,
USP47,
WFS1,
ZC3HC1,
ZDHHC3,
ZMYND11,
ZNF385B,
ZNF622,
ZSWIM2,
ACD,
AFF3,
ATRX,
B9D1,
CIBAR1,
CRABP2,
DYNC2H1,
ECE1,
EVX2,
FBXW4,
FREM2,
GDF5,
HOXD12,
IQCE,
IRF6,
KAT2B,
KDF1,
KREMEN1,
KREMEN2,
KRT84,
LMBR1,
LNPK,
MAP3K20,
MED31,
PITX1,
PKDCC,
RAX,
RSPO4,
SMOC1,
SP8,
SP9,
TBC1D32,
TMEM231,
ZNF141,
ZNF358,
ALOX12,
ALOX15B,
AWAT1,
CBR1,
CYP2A13,
CYP2A6,
CYP2A7,
CYP2B6,
CYP2C19,
CYP2D7,
CYP2E1,
CYP2F1,
CYP2G1P,
CYP2J2,
CYP2S1,
CYP2U1,
CYP4A22,
CYP4F11,
CYP4F12,
CYP4F3,
CYP4Z1,
DAGLA,
DAGLB,
EPHX1,
FAAH,
FAAH2,
MGLL,
PLA2G4B,
PLA2G4C,
PTGDS,
PTGES2,
PTGES3,
PTGS1,
ARFGAP1,
ARFGEF2,
CYTH1,
CYTH3,
CYTH4,
FBXO8,
GBF1,
PSD,
PSD2,
PSD3,
PSD4,
HPDL,
HPGD,
ASIC1,
B4GALT2,
BRSK1,
DDHD2,
GRIN1,
IFT20,
LRRN4,
NETO1,
NEUROD2,
NPTN,
NPTX2,
NRGN,
PGRMC1,
RGS14,
SYNGAP1,
TAFA2,
TNR,
CENPJ,
CEP120,
KPNB1,
NUMA1,
TTBK1,
CCL3,
PLP1,
POU3F2,
TSPAN2,
KDM4A,
NKX2-2,
PRPF19,
SERPINE2,
ASPM,
GOLGA2,
TEAD3,
ATF6,
ATF6B,
ATP5MC1,
ATP5MC2,
ATP5MC3,
ATP5MGL,
ATP6V0C,
ATP6V1A,
DMAC2L,
H19,
LDHC,
MIR675,
PID1,
VPS9D1,
ATP6V1B2,
BEND3,
CLPX,
HSPA8,
NADK,
NMNAT1,
NUDT5,
OLA1,
PARG,
MAML1,
GPAA1,
PIGK,
PIGS,
PIGT,
PIGU,
BOD1,
CDT1,
CENPC,
CENPE,
CHAMP1,
KIF2C,
MAD1L1,
MIS12,
NDC80,
NUF2,
RMDN1,
SEH1L,
ABRAXAS1,
ABRAXAS2,
AURKC,
BUB3,
EML4,
KNSTRN,
NEK2,
SGO1,
SPAG5,
SPC24,
SPC25,
TEX14,
ZNF207,
TMC1,
HILPDA,
SERPINB3,
ARX,
GFRA3,
ISX,
KIF26A,
NAV2,
ATG7,
CALM2,
SH3GLB1,
TP53INP1,
ATP13A2,
PIP4K2A,
PIP4K2B,
RUBCNL,
VPS39,
ATG12,
ATG14,
CALCOCO2,
CHMP1A,
CHMP1B,
CHMP2A,
CHMP3,
CHMP4A,
CHMP5,
CHMP6,
CHMP7,
CLEC16A,
EPG5,
FYCO1,
IRGM,
LIX1,
LIX1L,
MAP1LC3A,
MAP1LC3B,
MAP1LC3B2,
MFSD8,
PHF23,
PIK3C3,
PIK3R4,
RUBCN,
SMCR8,
SNAP29,
SNX14,
STX17,
TECPR1,
TMEM39A,
TSG101,
UBQLN4,
UVRAG,
VAMP7,
VAMP8,
VIPAS39,
VMP1,
VPS16,
VPS33B,
VTI1B,
WIPI2,
AMBRA1,
AP4M1,
ATG101,
ATG13,
ATG16L1,
ATG16L2,
ATG2A,
ATG2B,
ATG4B,
ATG4D,
BECN2,
ELAPOR1,
EMC6,
FEZ2,
GABARAPL1,
GABARAPL2,
GABARAPL3,
IFT88,
LRBA,
LRSAM1,
MTMR3,
NSFL1C,
PACS2,
PIP4K2C,
RAB19,
RAB1B,
RAB1C,
RAB3GAP2,
RAB43,
RALB,
RNF5,
RUFY4,
SCFD1,
SEC22B,
SNX18,
SNX30,
SNX4,
SNX7,
STX12,
TMEM41B,
TRAPPC8,
UBXN2A,
UBXN2B,
ULK1,
ULK2,
WDR45,
WDR45B,
WIPI1,
C5orf51,
CAMKK2,
CDC37,
FBXO7,
FUNDC1,
HUWE1,
OPTN,
RETREG1,
SPATA18,
TOMM7,
USP30,
USP36,
VPS13C,
VPS13D,
PJVK,
GJC3,
GJD3,
TRIM28,
CXXC4,
HSPB11,
MNS1,
PKD1L1,
AMIGO1,
CNTN4,
CRTAC1,
NCAM2,
NDN,
ACTR10,
ARMCX3,
DST,
SYBU,
TMEM108,
CFAP91,
DNAJB13,
HYDIN,
RSPH9,
SPAG17,
CCDC63,
CCDC65,
CFAP100,
CFAP73,
DAW1,
DNAAF10,
DNAAF11,
DNAAF2,
DNAAF3,
DNAAF4,
DNAAF5,
DNAAF6,
DNAAF8,
DNAH1,
DNAH17,
DNAH2,
DNAH5,
DNAH7,
DNAH8,
DNAI1,
DNAI2,
DNAI4,
DNAL1,
DRC1,
LRRC49,
ODAD1,
ODAD2,
ODAD3,
ODAD4,
SPAG1,
TEKT2,
TTC12,
ZMYND10,
ARMC2,
CEP131,
CFAP157,
CFAP206,
CFAP43,
CFAP44,
CFAP46,
CFAP47,
CFAP58,
CFAP65,
CFAP69,
CFAP74,
CFAP97D1,
DCX,
DRC7,
FSIP2,
GAS8,
HOATZ,
IQCG,
LRGUK,
MEIG1,
RSPH1,
RSPH4A,
RSPH6A,
SPAG16,
SPAG6,
TOGARAM1,
TTC26,
TTLL3,
UBE2B,
GAP43,
ROBO3,
AFG3L2,
ALS2,
ANAPC2,
ANOS1,
APBB1,
APLP2,
ARHGEF25,
ARTN,
ATL1,
BOC,
CAMSAP2,
CCK,
CCKAR,
CDH4,
CDKL3,
CDKL5,
CHN1,
CHODL,
CNTN5,
CNTN6,
CREB1,
CRMP1,
CRPPA,
CSPG5,
DCLK1,
DIP2B,
DISC1,
DPYSL2,
DPYSL5,
DRGX,
EFNA2,
EFNA4,
EPHA10,
EPHA6,
EPHA7,
EPHB6,
ETV1,
EVX1,
FLRT3,
FSTL4,
GDI1,
GOLGA4,
IGSF9,
ISL2,
ISLR2,
KALRN,
KEL,
KIAA0319,
KIF13B,
KLK8,
L1CAM,
LGI1,
LGR6,
LMTK2,
LMX1A,
LRIG2,
LRRC4C,
LRTM1,
LRTM2,
LYPLA2,
MAP1B,
MAP1S,
MAP6,
MCF2,
METRN,
MIR431,
MYCBP2,
MYOT,
NCAM1,
NEFH,
NEO1,
NEXN,
NFASC,
NIN,
NKX2-8,
NREP,
OR10A4,
PARD6B,
PLPPR4,
PLXNB3,
PLXNC1,
PTPRF,
PTPRO,
PTPRS,
PTPRZ1,
RAB8A,
RAPH1,
RPS6KA5,
RTN4R,
RTN4RL1,
RTN4RL2,
S100A6,
S100B,
SLITRK2,
SLITRK3,
SLITRK4,
SLITRK5,
SPRY3,
SZT2,
TOP2B,
TRIO,
TRPC5,
TTL,
TUBB2B,
TUBB3,
UNC5D,
USP33,
VAX1,
VSTM2L,
ZDHHC17,
ZFYVE27,
MYRF,
NKX6-2,
KLC3,
SLC19A3,
SLC28A1,
PXDN,
CAV2,
MMP11,
NID1,
NID2,
A1CF,
APOBEC1,
APOBEC2,
APOBEC3A,
APOBEC3B,
APOBEC3C,
APOBEC3D,
APOBEC3F,
APOBEC3G,
APOBEC3H,
RBM47,
ADPRS,
APEX2,
DNA2,
ERCC5,
FAM168A,
FEN1,
LIG1,
LIG3,
MBD4,
MPG,
MUTYH,
NEIL1,
NEIL2,
NEIL3,
NTHL1,
PNKP,
POLD1,
POLE,
POLG,
POLL,
POLQ,
RPA1,
RPA2,
RPA3,
SMUG1,
TDG,
XPA,
XRCC1,
AAAS,
AFF2,
ARMCX5-GPRASP2,
ASIC4,
ASTN1,
ATAD1,
ATXN1,
ATXN1L,
BBIP1,
BHLHB9,
BRINP1,
C3orf70,
CAMK2N1,
CFAP20,
CHD8,
CIART,
CIC,
CNTFR,
CNTNAP4,
CRBN,
CRTC1,
CUX2,
DACH1,
DERL2,
DMRTA1,
DYNLRB1,
EGR1,
FBXL20,
FOSL1,
FOXO6,
FZD4,
GJB4,
GM2A,
GPR52,
GRIA1,
GRID1,
GRIN2B,
GRPR,
HCRTR1,
HCRTR2,
HPGDS,
INSL5,
ITPR3,
JPH3,
JPH4,
KCNK10,
KCNK2,
KCNK4,
LPAR5,
LRRTM1,
LYPD1,
MBD5,
MCOLN3,
MMP17,
MORC1,
MTA1,
MUSK,
MYG1,
NCOA2,
NEGR1,
NHLH2,
NLGN4Y,
NMS,
NMU,
NPAS1,
NPAS2,
NPAS4,
NPB,
NPSR1,
NPW,
NR1D2,
OBP2B,
P2RX2,
PAK6,
PCM1,
PER3,
PEX13,
PIRT,
PJA2,
PMCH,
PMCHL2,
POMK,
PPY,
PRKAR1B,
PRKAR2B,
PRKCG,
PRLHR,
PRRT1,
PTCHD1,
PYY,
PYY3,
QRFP,
RASD2,
RCAN1,
RMI1,
RXFP4,
SELENOP,
SGIP1,
SLC11A2,
SLC2A4,
SLC8A3,
SLURP1,
SORCS3,
STRBP,
TAS2R5,
TRMT1L,
UBR3,
USP2,
VPS13A,
VWA1,
ZDHHC8,
ZFHX3,
ZFY,
ACSM1,
CYP4B1,
GSTM1,
GSTM2,
GSTM3,
GSTM4,
PON3,
AMACR,
CYP8B1,
HSD3B7,
MALRD1,
OSBPL2,
OSBPL3,
OSBPL6,
OSBPL7,
OSBPL9,
SLC27A2,
STARD4,
UGT2A1,
UGT2A2,
ADAM18,
ADAM32,
ADAM5,
ASTL,
ATP8B3,
CCT2,
CCT3,
CCT4,
CCT5,
CCT7,
CCT8,
CLGN,
FETUB,
GLIPR1L2,
HSPA1L,
LY6K,
PRSS55,
SPA17,
TCP1,
TEX101,
TMPRSS12,
UBAP2L,
ZAN,
ZP1,
ABI3BP,
ACAN,
ADAM22,
ADAM23,
ADAMDEC1,
ADAMTS13,
ADAMTS18,
AGR2,
AJUBA,
AKIP1,
AKNA,
AMBP,
AMIGO2,
AMIGO3,
ANXA9,
APBB1IP,
AQP4,
ARHGAP5,
ARHGDIG,
ARVCF,
ASTN2,
ATP4B,
BCAM,
BCAN,
BVES,
C1QTNF1,
CADM2,
CADM3,
CADM4,
CASK,
CBLL1,
CBLL2,
CCDC80,
CCDC88B,
CCL25,
CCL28,
CCL4,
CCN4,
CCN5,
CCR1,
CCR8,
CD151,
CD164,
CD177,
CD2,
CD200,
CD200R1,
CD33,
CD58,
CD63,
CD72,
CD93,
CD96,
CD99,
CD99L2,
CDH15,
CDH16,
CDHR2,
CDHR4,
CDHR5,
CDON,
CEACAM8,
CERCAM,
CFDP1,
CGREF1,
CHRD,
CLECL1,
CLSTN1,
CLSTN2,
CLSTN3,
CNTN3,
CNTNAP3,
CNTNAP3B,
CNTNAP5,
COL14A1,
COL16A1,
COL17A1,
COL19A1,
COL26A1,
COL28A1,
COL4A6,
COL5A3,
COL6A2,
COL6A3,
COL6A5,
COL6A6,
CRNN,
CSF3R,
CSTA,
CTNNAL1,
CTNND1,
CTNND2,
CUZD1,
CYTIP,
DCHS2,
DENND6A,
DLG3,
DOCK8,
DPT,
DSC1,
DSC3,
DSG1,
DSG3,
DSG4,
DUSP26,
ECM2,
EDIL3,
EGFL6,
ENTPD1,
EPCAM,
ERBIN,
FAT3,
FAT4,
FBLIM1,
FBLN1,
FBLN2,
FBLN5,
FBLN7,
FERMT3,
FIBCD1,
FIBP,
FLG2,
FLRT1,
FNDC3A,
FREM3,
FUT2,
FUT3,
FUT4,
FUT9,
FXYD5,
GOLPH3,
GP1BA,
GP1BB,
GP5,
GP6,
GP9,
GTPBP4,
HABP2,
HAPLN1,
HAPLN2,
HAPLN3,
HAPLN4,
HBB,
HEPACAM,
IBSP,
ICAM2,
ICAM3,
ICAM4,
ICAM5,
ICOS,
IFNL1,
IFT74,
IGDCC3,
IGDCC4,
IGFALS,
IGFBP7,
IGSF11,
IGSF21,
IGSF5,
IGSF9B,
IL1RAP,
IL1RAPL1,
IL1RL2,
IL32,
IL36B,
ISLR,
ITGA1,
ITGA10,
ITGA11,
ITGA9,
ITGAD,
ITGAE,
ITGAL,
ITGB3BP,
ITGBL1,
IZUMO1,
IZUMO1R,
JAML,
KIFAP3,
KIRREL2,
KNG1,
LGALS1,
LGALS2,
LGALS3BP,
LGALS4,
LMLN,
LMLN2,
LMO7,
LPP,
LRFN3,
LRFN4,
LRFN5,
LRRC4,
LRRC4B,
LRRC7,
LRRN2,
LSAMP,
LY6D,
LYPD3,
MADCAM1,
MAGI1,
MAP3K8,
MDGA1,
MELTF,
MILR1,
MIP,
MIR141,
MIR183,
MIR192,
MIR519D,
MMP12,
MMP24,
MMRN1,
MPZ,
MPZL2,
MPZL3,
MSLN,
MSLNL,
MUC16,
MUC21,
MXRA8,
MYBPC1,
MYBPC2,
MYBPH,
MYL12A,
MYO10,
NCAN,
NECTIN4,
NEXMIF,
NFAT5,
NINJ2,
NME2,
NTM,
OLFM4,
OLR1,
OMD,
OMG,
ONECUT1,
OPCML,
OTOA,
PARD3B,
PBXIP1,
PCDH1,
PCDH10,
PCDH11X,
PCDH11Y,
PCDH12,
PCDH18,
PCDH19,
PCDH20,
PCDH7,
PCDH9,
PCDHA1,
PCDHA10,
PCDHA11,
PCDHA12,
PCDHA13,
PCDHA2,
PCDHA3,
PCDHA4,
PCDHA5,
PCDHA6,
PCDHA7,
PCDHA8,
PCDHA9,
PCDHAC1,
PCDHAC2,
PCDHB1,
PCDHB10,
PCDHB11,
PCDHB12,
PCDHB13,
PCDHB14,
PCDHB15,
PCDHB16,
PCDHB18P,
PCDHB2,
PCDHB3,
PCDHB4,
PCDHB5,
PCDHB6,
PCDHB7,
PCDHB8,
PCDHB9,
PCDHGA1,
PCDHGA10,
PCDHGA11,
PCDHGA12,
PCDHGA2,
PCDHGA3,
PCDHGA4,
PCDHGA5,
PCDHGA6,
PCDHGA7,
PCDHGA8,
PCDHGA9,
PCDHGB1,
PCDHGB2,
PCDHGB3,
PCDHGB4,
PCDHGB5,
PCDHGB6,
PCDHGB7,
PCDHGC3,
PCDHGC4,
PCDHGC5,
PDE5A,
PDZD2,
PEAK1,
PELI1,
PIEZO1,
PKP1,
PKP4,
PLAU,
PLEKHA2,
PLET1,
PNN,
PODXL2,
POLDIP2,
POSTN,
PPFIA2,
PPFIBP1,
PPP1CB,
PPP1R12A,
PPP2CA,
PRPH2,
PTPRA,
PTPRD,
PTPRK,
PTPRT,
RAG2,
RAP2B,
RELL2,
RGMB,
RNASE10,
RSU1,
S100A11,
SART1,
SCARF2,
SCGB1A1,
SELL,
SELP,
SELPLG,
SERPINB8,
SERPINI1,
SERPINI2,
SGCE,
SH2B3,
SIGLEC1,
SIGLEC11,
SIGLEC12,
SIGLEC14,
SIGLEC16,
SIGLEC5,
SIGLEC6,
SIGLEC7,
SIGLEC8,
SIGLEC9,
SIGLECL1,
SIRPA,
SIRPB1,
SIRPG,
SLK,
SNED1,
SOCS6,
SOX12,
SOX13,
SPACA4,
SPARCL1,
SPOCK1,
SPRY4,
SRCIN1,
SSPN,
SSPOP,
SSX2IP,
STK10,
STRCP1,
STX3,
STXBP6,
SUSD5,
SVEP1,
SYMPK,
TECTA,
TENM2,
TESC,
TGFB1I1,
THSD1,
TIGIT,
TIMM10B,
TINAG,
TLN2,
TM9SF4,
TMEM131L,
TMEM47,
TMEM8B,
TNFAIP8L2,
TNFRSF18,
TRIM29,
TRIP6,
TRO,
TROAP,
TSPAN32,
UMOD,
VAMP3,
VCAN,
VEZT,
VIT,
VSIG10,
VSIG10L2,
VWA2,
VWC2,
VWF,
XG,
ZC3H8,
SYCP2L,
ALYREF,
CBL,
CCR5,
CIITA,
CLEC5A,
CTSB,
DDB1,
DDX39B,
DYNLT1,
EPS15,
EXOC2,
EXOC7,
FUCA2,
GPR15,
GYPA,
HAVCR1,
IFITM1,
IFITM2,
IFITM3,
KPNA3,
LAMP1,
MID2,
MRC1,
NUP153,
PC,
PPID,
RNASEK,
SNX3,
THOC2,
THOC3,
THOC5,
THOC6,
THOC7,
TMPRSS2,
TMPRSS4,
TNFRSF4,
TPCN1,
TPCN2,
TRIM10,
TRIM11,
TRIM14,
TRIM21,
TRIM22,
TRIM25,
TRIM26,
TRIM31,
TRIM34,
TRIM38,
TRIM59,
TRIM6,
TRIM8,
TRIML1,
TRIML2,
VPS18,
VPS37B,
VPS4B,
WWP1,
WWP2,
ZNF502,
ZNF639,
CCNK,
CCNT1,
CDK9,
CFHR2,
CHD1,
CTDP1,
DCD,
DEFB103A,
DEFB103B,
FBXL2,
LRRC19,
NUCKS1,
POU2F3,
PPIB,
PSMC3,
RAB9A,
RRP1B,
SAP30,
SAP30BP,
SMARCB1,
STOM,
TAF11,
TFAP4,
YTHDC2,
ZBED1,
ABCF3,
AGBL5,
AKAP8,
AKIRIN2,
ALAD,
ALPK1,
ANKHD1,
AP1G1,
AP1S1,
ASGR1,
ASGR2,
AUP1,
BANF1,
BATF2,
BATF3,
BDKRB1,
BIRC2,
BIRC3,
BPI,
BPIFA2,
BPIFB1,
BPIFB3,
BTBD17,
C10orf99,
C15orf48,
CA3,
CA5B,
CACTIN,
CARD16,
CARD17,
CCDC92,
CCL1,
CCL14,
CCL15,
CCL16,
CCL17,
CCL18,
CCL20,
CCL22,
CCL23,
CCL3L1,
CCL3L3,
CCL7,
CCR4,
CD14,
CD180,
CD207,
CDK19,
CEACAM20,
CEBPE,
CEBPG,
CEP192,
CHID1,
CHUK,
CLEC12B,
CLEC17A,
CLEC19A,
CLEC2A,
CLEC4F,
CLNK,
CLPS,
CMPK2,
CNPY3,
COCH,
COLEC12,
CRCP,
CREBZF,
CRISP3,
CXCL16,
CYBA,
CYBC1,
DCST1,
DDX21,
DDX60,
DEFB104A,
DEFB104B,
DEFB105A,
DEFB105B,
DEFB107A,
DEFB107B,
DEFB108A,
DEFB108B,
DEFB109B,
DEFB110,
DEFB112,
DEFB113,
DEFB115,
DEFB116,
DEFB121,
DEFB123,
DEFB124,
DEFB125,
DEFB128,
DEFB129,
DEFB130A,
DEFB130B,
DEFB131A,
DEFB131B,
DEFB132,
DEFB133,
DEFB134,
DEFB135,
DEFB136,
DHX58,
DROSHA,
DTX3L,
DUOX2,
ECSIT,
ELMOD2,
EPPIN,
EPX,
EXOC1,
EXOSC4,
FBXO9,
FER1L6,
FKBP5,
FMO1,
FRK,
G3BP1,
G3BP2,
GBP2,
GBP3,
GBP4,
GBP5,
GBP6,
GBP7,
GKN2,
GP2,
GPATCH3,
GPM6A,
GPR31,
GSDMA,
GSDMB,
GSDMC,
GSDMD,
GTF2F1,
GZMA,
HERC5,
HERC6,
HMGB3,
HNRNPUL1,
HTN1,
HTN3,
IFI35,
IFI44,
IFI44L,
IFIH1,
IFIT1B,
IFIT3,
IFIT5,
IFNAR1,
IFNAR2,
IFNGR2,
IFNL2,
IFNL3,
IFNL4,
IFNLR1,
IKZF3,
IL10RA,
IL10RB,
IL12RB2,
IL1F10,
IL22RA1,
IL24,
IL25,
IL34,
IL36A,
IL36G,
IL37,
ILRUN,
IPO7,
IRAK2,
IRAK3,
IRAK4,
IRF2,
IRF3,
IRF5,
IRF8,
IRF9,
ISG15,
ISG20,
ITLN1,
KIR3DL1,
KLRF2,
KLRG1,
LACC1,
LALBA,
LAMTOR5,
LCE3A,
LCE3B,
LCE3C,
LDOC1,
LILRA4,
LILRA5,
LITAF,
LPO,
LSM5,
LY86,
LY96,
LYAR,
LYPD8,
LYST,
LYZL4,
LYZL6,
MAP3K14,
MAP4K2,
MAPKAPK3,
MAPKBP1,
MEFV,
MFHAS1,
MIR140,
MIR187,
MIR223,
MIR224,
MIR433,
MIR6869,
MIR708,
MIR766,
MLKL,
MPEG1,
MST1R,
MX2,
N4BP1,
NAALADL2,
NAIP,
NCBP3,
NCF1,
NCF2,
NCR1,
NDUFAF4,
NEDD4,
NFKBIA,
NFKBIB,
NFKBIL1,
NLRC3,
NLRC5,
NLRP2,
NLRP2B,
NLRP7,
NLRP9,
NLRX1,
NMI,
NPLOC4,
NRROS,
NT5C3A,
NUB1,
NUGGC,
OAS2,
OAS3,
OASL,
OCIAD2,
OTUD4,
OTUD5,
PABPN1,
PADI4,
PALM3,
PARP14,
PARP9,
PCBP2,
PIM2,
PLAA,
PLD4,
PLEKHM2,
PLSCR4,
PNLIPRP2,
POLR3A,
POLR3B,
POLR3C,
POLR3D,
POLR3E,
POLR3F,
POLR3G,
POLR3H,
POLR3K,
POU2AF1,
POU2F2,
PPM1B,
PPM1D,
PPP1R11,
PPP1R14B,
PPP6C,
PRB3,
PRDX3,
PRG2,
PRPF8,
PSMA2,
PTK6,
PYDC1,
PYDC2,
RAB20,
RAB7B,
RAET1E,
RAET1G,
REG4,
REL,
RIOK3,
RNASE1,
RNASEL,
RNASET2,
RNF166,
RNF185,
RNF187,
RNF216,
RNF26,
RNF39,
RTP4,
S100A14,
SAMHD1,
SARM1,
SCIMP,
SDHAF4,
SEC14L1,
SERPINB4,
SERPINB9,
SHARPIN,
SHPK,
SKP2,
SLA,
SLAMF8,
SLFN11,
SLFN13,
SMPDL3B,
SRMS,
SRPK1,
SSC5D,
ST13,
STAT2,
STATH,
STMP1,
STX8,
STYK1,
TAB2,
TASL,
TENT5A,
THBD,
THPO,
THRSP,
TICAM2,
TIFA,
TIMP4,
TLR1,
TLR5,
TLR7,
TMEM106A,
TMEM255A,
TNIP2,
TNIP3,
TNK1,
TNK2,
TOLLIP,
TRAC,
TRAF3,
TRAF3IP1,
TRAFD1,
TRDN,
TREML1,
TREML4,
TRIB1,
TRIL,
TRIM13,
TRIM17,
TRIM23,
TRIM35,
TRIM4,
TRIM40,
TRIM41,
TRIM43,
TRIM43B,
TRIM44,
TRIM48,
TRIM49,
TRIM49B,
TRIM49C,
TRIM49D1,
TRIM49D2,
TRIM51,
TRIM52,
TRIM56,
TRIM60,
TRIM61,
TRIM64,
TRIM64B,
TRIM64C,
TRIM75P,
TRIM77,
TSPAN6,
TTC4,
TTLL12,
TUBB,
TUBB4B,
UBE2K,
UFD1,
ULBP1,
ULBP2,
ULBP3,
UPK1B,
USP14,
USP17L2,
USP18,
USP27X,
USP29,
VAMP2,
VPS26B,
VWCE,
WDR83,
WRNIP1,
XCL2,
XIAP,
YJU2B,
ZC3HAV1,
ZG16,
ZNF175,
AMELY,
ATRAID,
BMP2K,
CLEC3B,
FAM83H,
FBXL15,
KLF10,
MEPE,
NBR1,
NELL1,
NOTUM,
OTOL1,
SBDS,
SRGN,
TFIP11,
TMEM38B,
TXLNG,
UCMA,
ZBTB40,
ASF1B,
CCDC24,
CCDC62,
COPS2,
DAD1,
EMG1,
FBLL1,
GINS1,
GINS4,
HORMAD1,
KPNA7,
LPAR6,
MED21,
N4BP2L2,
NASP,
NCAPG2,
NPM2,
PHF6,
PPP4R4,
PSMC4,
RAD51B,
RBBP8,
RRM2,
SLC25A34,
SLC35E2B,
SMIM14,
SPIC,
STMN3,
TAF8,
TTLL4,
UBE2A,
UBTFL1,
XAB2,
ZFP14,
EMP1,
EMP3,
SERPINC1,
CCM2,
ASB4,
CUL7,
HIF1AN,
MYO18B,
RAP1A,
CST3,
ATP7B,
COPA,
CSN2,
CSN3,
GUCA1B,
MTX1,
NME1,
P2RY2,
SLC29A2,
SOCS2,
UMPS,
UPRT,
USF2,
CRISPLD1,
CRISPLD2,
MAB21L2,
ZNF281,
ATP6AP1,
BBX,
DYM,
EPYC,
HSD17B1,
LRRC17,
MCPH1,
P3H1,
RANBP3L,
SPNS2,
SULF2,
TAPT1,
TRIM45,
TTC9,
VKORC1,
BNC2,
EVC,
OSTN,
MITF,
P3H4,
RASSF2,
SPP2,
SUCO,
NOPCHAP1,
NUFIP1,
PIH1D2,
RUVBL1,
RUVBL2,
SNU13,
ZNHIT3,
ZNHIT6,
CPN1,
XPNPEP1,
BCKDHA,
BCKDHB,
DBT,
ECHS1,
SOCS3,
TIMELESS,
ADAMTSL2,
SPDEF,
ADIG,
ARL4A,
FABP3,
FNDC5,
MB,
METRNL,
PEX11A,
VSTM2A,
ANKS4B,
TNNI3K,
CMTM7,
AKAP17A,
CD320,
CXCR5,
DCAF1,
DNAJB9,
DOCK10,
DOCK11,
FCRL1,
FNIP1,
GON4L,
IGBP1,
IL11,
IL5,
INHA,
IRF2BP2,
ITFG2,
KLF6,
MZB1,
NHEJ1,
PCID2,
RABL3,
SKAP2,
TCF3,
TPD52,
TXLNA,
HSH2D,
CAMLG,
SOS2,
LHB,
AFP,
DHRS2,
SLC30A1,
C10orf71,
CAMTA1,
CHERP,
CHP1,
CHP2,
EFHB,
HOMER3,
LMCD1,
NFATC3,
PPP3CC,
PPP3R1,
MAIP1,
MCUB,
MCUR1,
MICU1,
MICU2,
MICU3,
SMDT1,
LETM1,
SLC35G1,
ATP2C2,
CACNA1A,
CACNA1B,
CACNA1E,
CACNA1F,
CACNA1S,
MIR208B,
MRLN,
NALF1,
NALF2,
STRIT1,
TRPV3,
TRPV5,
TRPV6,
CADPS,
CADPS2,
CBARP,
DOC2A,
RAP1B,
RIMS3,
SCAMP5,
SDF4,
STX1B,
SYN2,
UNC13A,
UNC13C,
AHNAK,
ANXA2P2,
C4orf3,
CACHD1,
CACNA2D2,
CACNA2D3,
CACNA2D4,
CACNB1,
CACNB4,
CACNG1,
CACNG2,
CACNG3,
CACNG4,
CACNG5,
CACNG6,
CACNG7,
CACNG8,
CASQ2,
CATSPER1,
DHRS7C,
EHD3,
F2RL3,
GEM,
GJC2,
GNB5,
GRIN2C,
GRIN3A,
GRIN3B,
GSTO1,
HRC,
HSPA2,
IBTK,
ITPR2,
JPH1,
JPH2,
JSRP1,
MIR93,
NALCN,
NCS1,
ORAI2,
ORAI3,
PANX1,
PKD1L2,
PKD1L3,
PKD2L1,
PKD2L2,
PMPCB,
RASA3,
REM1,
RRAD,
RYR3,
SEC61A1,
SELENON,
SESTD1,
STAC,
STAC2,
STAC3,
TMC2,
TMCO1,
TMEM165,
TMEM37,
TMEM38A,
TRPA1,
TRPC1,
TRPC3,
TRPC6,
TRPC7,
TRPM1,
TRPM3,
TRPM5,
TRPM6,
TSPAN13,
XCR1,
BSPRY,
CAMK2B,
CRACR2B,
GJA4,
GRAMD2A,
IL16,
P2RX5,
PACSIN3,
PLCZ1,
RCVRN,
SARAF,
STC2,
ACKR2,
ACKR4,
CCR10,
CCR9,
CCRL2,
CXCR1,
CXCR2,
CXCR6,
DMPK,
GPR143,
MCTP1,
MCTP2,
NCALD,
PLCE1,
POMC,
RCAN2,
RCAN3,
TMBIM4,
PCP4,
ANGPTL7,
ATOH7,
BIRC7,
CRYBA2,
CRYBA4,
CRYBB1,
CRYBB2,
CRYBB3,
CRYBG3,
CRYGA,
CRYGC,
CRYGD,
CRYGN,
CRYGS,
FKBP8,
GJA8,
GJE1,
HSF4,
IMPDH2,
KERA,
KRT12,
LIM2,
MAB21L1,
MAF,
MAX,
MDM1,
MTERF4,
NDP,
NES,
NHS,
PDE6A,
PDE6B,
PLAAT1,
PRSS56,
PYGO2,
RCN1,
RD3,
SIX5,
SPRED2,
SPRED3,
TENT2,
TTLL5,
UNC45B,
WNT5B,
XRN2,
ZNF513,
ADCY10,
PDE10A,
PDE4C,
PDE7A,
PDE7B,
PDE8A,
PDE8B,
CDC34,
GPR61,
KSR1,
MGRN1,
OR51E2,
PDE11A,
PEX5L,
RNF157,
AMER2,
AMER3,
BAMBI,
BCL9,
BCL9L,
BICC1,
BIRC8,
CBY1,
CCNY,
CCNYL1,
CCNYL2,
CCNYL3,
CDK14,
CSNK1A1,
CSNK1A1L,
CSNK1D,
CSNK1E,
CSNK1G1,
CSNK1G2,
CSNK1G3,
CTDNEP1,
DACT3,
DKK2,
DKKL1,
EMD,
FAM53B,
FOXO1,
FRAT1,
FRMD8,
FRMD8P1,
GID8,
GPC5,
HECW1,
IGFBP4,
IGFBP6,
INVS,
JADE1,
JRK,
KPNA1,
LATS2,
LIMD1,
LMBR1L,
LYPD6,
MIR498,
MIR501,
MIR665,
NKD2,
PORCN,
PPM1A,
PPM1N,
PRDM15,
PYGO1,
RBMS3,
RBX1,
RNF146,
RNF220,
RSPO1,
SCEL,
SCYL2,
SFRP5,
SHISA3,
SOST,
TBL1X,
TCF7,
TCF7L1,
TLE4,
TLE7,
TMEM170B,
TMEM198,
TMEM88,
TMEM9,
TNKS,
TNKS2,
TPBGL,
UBAC2,
UBR5,
USP34,
USP8,
WNK2,
WNT8B,
AGL,
ARPP19,
B3GALNT1,
B3GALT5,
B3GAT2,
CHST8,
CLK2,
CRTC2,
CRY1,
EPM2AIP1,
ERFE,
FAM3C,
FBP2,
FUT5,
FUT6,
FUT8,
G6PC1,
G6PC3,
GBE1,
GYG1,
GYG2,
GYS1,
GYS2,
MGAT2,
MPDU1,
MST1,
NANS,
NHLRC1,
NLN,
PGD,
PHKG1,
PHKG2,
PPP1R3A,
PPP1R3B,
PPP1R3C,
PPP1R3D,
PPP1R3E,
PPP1R3F,
PPP1R3G,
PPP4R3B,
RANBP2,
SDHAF3,
SIRT7,
SOGA1,
ST6GALNAC1,
UGP2,
USP7,
WDR5,
ZNF692,
ABHD10,
AMY2A,
AOAH,
DERA,
DHDH,
ENOSF1,
FUT10,
GALE,
GALM,
GALT,
GBA3,
GLYCTK,
GUSBP3,
IDNK,
MAN2C1,
MANBA,
MGAM,
NAGA,
NEU1,
NEU2,
NEU3,
NEU4,
PYGB,
PYGM,
RBKS,
RPE,
RPEL1,
SI,
STBD1,
XYLB,
A3GALT2,
A4GALT,
A4GNT,
ABO,
ACOT7,
ALG1,
ALG10,
ALG10B,
ALG11,
ALG12,
ALG14,
ALG1L,
ALG1L2,
ALG2,
ALG3,
ALG5,
ALG6,
ALG8,
ALG9,
B3GALNT2,
B3GALT9,
B3GAT1,
B3GLCT,
B3GNT5,
C1GALT1C1,
C1GALT1C1L,
CANT1,
CDA,
CMPK1,
COASY,
COG3,
COG7,
CWH43,
DCAKD,
DCK,
DCTD,
DDOST,
DERL3,
DHODH,
DOLK,
DOLPP1,
DPM3,
DPY19L1,
DPY19L2,
DPY19L3,
DPY19L4,
DTYMK,
DUT,
EDEM3,
ENSG00000276759,
EOGT,
EXTL1,
EXTL3,
FAM20B,
FCSK,
FKRP,
FKTN,
FOXL1,
FUT11,
GAL3ST2,
GAL3ST4,
GALNT1,
GALNT10,
GALNT11,
GALNT12,
GALNT13,
GALNT14,
GALNT15,
GALNT16,
GALNT17,
GALNT18,
GALNT2,
GALNT3,
GALNT4,
GALNT6,
GALNT7,
GALNT8,
GALNT9,
GALNTL5,
GALNTL6,
GBGT1,
GCNT7,
GMDS,
GMPPB,
GORASP1,
GUCY1A1,
GUCY1A2,
GUCY1B1,
GUCY2C,
GUCY2D,
GUCY2F,
GUK1,
GXYLT1,
GXYLT2,
HS6ST3,
IL33,
IMPDH1,
KRTCAP2,
LCMT2,
MAGT1,
MAN1A1,
MAN1A2,
MAN1B1,
MAN1C1,
MAN2A2,
MGAT4A,
MGAT4B,
MGAT4C,
MGAT4D,
MGAT5,
MGAT5B,
MLEC,
MOGS,
MPI,
MPPE1,
NAGPA,
NME2P1,
NME3,
NME4,
NME6,
NME7,
NME9,
NUDT14,
OST4,
OSTC,
PANK1,
PANK3,
PANK4,
PGAP2,
PGAP3,
PGAP4,
PHLDA1,
PIGA,
PIGB,
PIGC,
PIGF,
PIGG,
PIGH,
PIGL,
PIGM,
PIGN,
PIGO,
PIGP,
PIGQ,
PIGV,
PIGW,
PIGX,
PIGY,
PIGZ,
PLOD1,
PMM1,
PMM2,
POGLUT2,
POGLUT3,
POMGNT1,
POMGNT2,
POMT1,
POMT2,
PPCDC,
PRTFDC1,
RFK,
RFT1,
RPN1,
RRM1,
RXYLT1,
SCCPDH,
SERP2,
SLC25A16,
SLC35C1,
ST6GAL2,
ST6GALNAC2,
ST8SIA1,
ST8SIA5,
STT3A,
STT3B,
TET2,
TET3,
TK2,
TM9SF2,
TMEM258,
TMEM59,
TMTC1,
TMTC2,
TMTC3,
TMTC4,
TUSC3,
TYW1,
TYW1B,
TYW5,
UBE2J1,
UCK1,
UCK2,
UCKL1,
UGGT1,
UGGT2,
UPP1,
UPP2,
UXS1,
XXYLT1,
CDADC1,
DCTPP1,
DPYD,
DPYS,
EDEM1,
EDEM2,
ENPP4,
ENTPD4,
FBXO17,
FBXO2,
FBXO27,
FBXO44,
FBXO6,
GALC,
GLA,
ITPA,
NCCRP1,
NGLY1,
NT5M,
NUDT15,
NUDT18,
NUDT19,
PDE9A,
PGM2,
UPB1,
ACOT1,
ACOT2,
ACOT4,
ACOT6,
ACOT9,
ACSF2,
ACSM2B,
ACSM3,
ACSM4,
ACSM5,
ACSM6,
AGA,
CERK,
DNPH1,
ENGASE,
ENSG00000205794,
ERH,
ERP44,
FAR1,
FAR2,
GANAB,
GANC,
GIMAP7,
GMPR2,
GNPTAB,
HS3ST4,
MACROD1,
MACROD2,
MAGI3,
MAN2B1,
MARCHF6,
MCEE,
MFN1,
MPP1,
OARD1,
OXSM,
PFKFB3,
PFKFB4,
PGLS,
PRKCSH,
RAN,
RNASEH2B,
RNF103,
RPIA,
SUMF1,
TALDO1,
TGDS,
THEM5,
TK1,
GJB1,
RALBP1,
RSC1A1,
SLC28A3,
SLC29A3,
SLC35A4,
SLC35A5,
SLC35E3,
SLC50A1,
SLC5A2,
ASPSCR1,
CMKLR2,
DUSP29,
FOXA3,
GPR21,
GRIK5,
HECTD4,
KLF15,
MIR320B1,
MIR320B2,
MIR320C1,
MIR320C2,
MIR320D1,
MIR320D2,
MIR320E,
MIR337,
NCOA5,
PIK3R2,
SESN3,
SUCNR1,
TWNK,
UBTF,
USF1,
ZNF236,
SLC2A5,
AMY1A,
AMY1B,
AMY1C,
AMY2B,
BRAT1,
CASD1,
COX11,
DCXR,
DUSP12,
FPGT,
FUOM,
GALK2,
GDPGP1,
GLB1L,
GLB1L2,
GLB1L3,
GLO1,
GLT6D1,
GNPTG,
GSTO2,
HEXD,
KBTBD2,
KHK,
KLB,
LANCL1,
LANCL2,
LANCL3,
LCMT1,
LCT,
LDHAL6A,
LDHAL6B,
LDHB,
MAN2B2,
ME1,
MYORG,
NKX1-1,
OTOGL,
PGGHG,
PGM2L1,
PHKA1,
PHKA2,
PHKB,
PPP1CC,
PPP1R1A,
PPP1R2,
PPP1R2B,
PPP1R2P1,
SIAE,
SLC45A3,
SPATA20,
TPD52L2,
TSTD1,
UEVLD,
WDTC1,
YDJC,
C2CD5,
CLIP3,
CLTCL1,
CREBL2,
MFSD4A,
MFSD4B,
OPN3,
RAB4B,
SLC2A11,
SLC2A12,
SLC2A7,
SLC45A1,
SLC5A10,
SLC5A11,
SLC5A4,
SLC5A9,
TMEM144,
TRARG1,
ZDHHC7,
AQP2,
MFSD2B,
SLC45A2,
SLC45A4,
NCOA1,
ALPK3,
LRRC10,
NKX2-6,
PI16,
SGCB,
CRELD1,
TMEM65,
ZBTB14,
ATP1A3,
CORIN,
MSC,
DIPK2A,
JARID2,
MIR509-1,
MIR548C,
MIR873,
VGLL4,
ASB3,
MYL4,
TNNI2,
MALAT1,
MIR25,
MYL7,
PRMT1,
SGCG,
EEF1AKMT4-ECE2,
HADHA,
LCLAT1,
CRLS1,
PGS1,
TAMM41,
DNAJC19,
BMP3,
BMP8B,
CHADL,
CHRDL2,
COL11A2,
CREB3L2,
DDRGK1,
ESRRA,
MATN3,
MBOAT2,
MEX3C,
MUSTN1,
SNORC,
TRPS1,
MAPK15,
ABCB6,
ABCB7,
ABCB8,
ASIC2,
ASIC5,
ATP12A,
ATP13A1,
ATP13A3,
ATP13A4,
ATP13A5,
ATP1A4,
ATP1B3,
ATP1B4,
ATP4A,
ATP6V0A4,
ATP6V0D1,
ATP6V0D2,
ATP6V0E1,
ATP6V0E2,
ATP6V1C1,
ATP6V1C2,
ATP6V1E1,
ATP6V1E2,
ATP6V1F,
ATP6V1G1,
ATP6V1G2,
ATP6V1G3,
ATP6V1H,
CALHM2,
CALHM4,
CALHM5,
CALHM6,
CBLIF,
CCDC51,
CHRNE,
CNGA1,
CNGA2,
CNGA3,
CNGA4,
CNGB3,
CNIH3,
CNKSR3,
CNNM2,
COMMD1,
COX17,
COX6B1,
COX7B,
COX8A,
CYB5A,
DPP10,
DPP6,
FGF11,
FGF14,
FXYD2,
FXYD4,
FXYD6,
FXYD6P3,
FXYD7,
GLRX,
GSG1L,
HCN3,
HECW2,
HTR3A,
HTR3B,
HTR3C,
HTR3D,
HTR3E,
HVCN1,
KCNA10,
KCNA3,
KCNA4,
KCNA6,
KCNA7,
KCNAB1,
KCNAB3,
KCNB2,
KCNC1,
KCNC3,
KCNC4,
KCND1,
KCNF1,
KCNG1,
KCNG2,
KCNG3,
KCNG4,
KCNH3,
KCNH4,
KCNH5,
KCNH8,
KCNIP1,
KCNIP3,
KCNIP4,
KCNJ1,
KCNJ12,
KCNJ13,
KCNJ14,
KCNJ15,
KCNJ16,
KCNJ18,
KCNJ4,
KCNJ6,
KCNJ9,
KCNK1,
KCNK12,
KCNK13,
KCNK15,
KCNK16,
KCNK17,
KCNK18,
KCNK3,
KCNK5,
KCNK6,
KCNK7,
KCNK9,
KCNMA1,
KCNN1,
KCNN3,
KCNQ2,
KCNQ3,
KCNQ5,
KCNRG,
KCNS1,
KCNS2,
KCNS3,
KCNT1,
KCNT2,
KCNU1,
KCNV1,
KCNV2,
KLHL24,
LRRC26,
LRRC38,
LRRC52,
LRRC55,
MFSD3,
MIR30D,
MMGT1,
MRS2,
NETO2,
NIPA1,
NIPA2,
NIPAL1,
NIPAL2,
NIPAL3,
NIPAL4,
OTOP2,
OTOP3,
OXSR1,
P2RX6,
PIEZO2,
RASGRF2,
RGS7,
SCARA5,
SCNN1A,
SCNN1D,
SCNN1G,
SHISA8,
SHISA9,
SLC22A18,
SLC25A26,
SLC25A28,
SLC25A37,
SLC30A2,
SLC30A3,
SLC30A4,
SLC30A5,
SLC30A6,
SLC30A7,
SLC30A9,
SLC31A1,
SLC31A2,
SLC39A11,
SLC39A13,
SLC39A2,
SLC39A4,
SLC39A5,
SLC39A6,
SLC39A7,
SLC41A1,
SLC41A2,
SLC41A3,
SLC47A2,
SLC6A16,
SLC9B1,
SLC9B1P1,
STEAP2,
TCN1,
TCN2,
TMCO3,
TMEM163,
TMEM63A,
TMEM63B,
TMEM63C,
UNC80,
ZDHHC13,
ARHGAP1,
ATOX1,
ATP10D,
C1orf194,
CHRND,
COMMD3,
COMMD9,
CP,
CUTC,
FLVCR2,
FTH1,
FTH1P19,
FTHL17,
FTL,
FTMT,
HEPH,
HEPHL1,
MAGED2,
MLLT6,
NDFIP2,
NKAIN1,
NKAIN2,
NKAIN3,
NKAIN4,
NSF,
PANX2,
PANX3,
PRSS8,
REP15,
SLC22A17,
SLC35F3,
SLC39A9,
SLC44A2,
SLC44A3,
SLC44A5,
SLC48A1,
SNAP23,
SNX6,
STEAP3,
STEAP4,
TAF7,
MLC1,
PROM2,
UNC119,
FANCA,
RHOV,
CDS1,
CEPT1,
CHKA,
CHKB,
CHPT1,
PCYT1A,
PCYT1B,
AGPAT1,
AGPAT2,
AGPAT3,
AGPAT4,
AGPAT5,
CDIPT,
CDS2,
AKR7A3,
ALDH3A1,
BCO2,
DHRS4L1,
DHRS4L2,
GRHPR,
HYI,
ABHD4,
AEBP1,
BTD,
CARNMT1,
CPA3,
CPD,
CPM,
CPQ,
CPXM1,
CPXM2,
CPZ,
DNPEP,
ECE2,
ETHE1,
GDAP1,
GDAP1L1,
GSR,
GSTA1,
GSTA2,
GSTA3,
GSTA4,
GSTA5,
GSTK1,
GSTM5,
GSTT1,
GSTT2,
GSTT2B,
GSTT4,
HLCS,
HM13,
LTA4H,
LVRN,
MBOAT4,
MIPEP,
MMACHC,
MTHFD2,
NAALADL1,
NIT1,
NPEPPS,
NPEPPSP1,
NSMAF,
OPLAH,
PCSK1N,
PCSK2,
PCSK7,
PLA2G15,
PLA2G4E,
PLA2G7,
PLAAT2,
PLAAT4,
PLAAT5,
PM20D2,
SCG5,
SEC11A,
SEC11B,
SEC11C,
SMPDL3A,
SPCS1,
SPCS2,
SPCS3,
THOP1,
TRHDE,
VNN2,
VNN3,
YIPF5,
ETFA,
ETFB,
ACCS,
ACCSL,
ACY1,
BPHL,
DIO1,
PEPD,
ADAMTS4,
AKAP8L,
ATXN7,
BLCAP,
CAMSAP1,
CCSAP,
CDK5RAP3,
CKAP2,
CKAP5,
DHX8,
DNAJC6,
DYRK3,
EXOC8,
GAK,
GRWD1,
H2AW,
H2BC1,
HDGFL3,
KATNB1,
KIF18A,
KIF18B,
KIF19,
KIF24,
KIF2A,
KIF2B,
KIF9,
KLC1,
MAP6D1,
MID1,
MID1IP1,
MMP1,
MMP10,
MMP3,
MMP7,
NAPB,
NAV3,
NCKAP5,
NCKAP5L,
NFE2,
NOSTRIN,
NOXO1,
PADI2,
PEX14,
PLK3,
PLK5,
PRSS1,
RETREG3,
SCAF4,
SCAF8,
SET,
SETX,
SH3GL1,
SH3GL3,
SMARCC2,
SMARCD1,
SMARCD2,
SMARCE1,
SSRP1,
STMN2,
STMN4,
STMND1,
STX5,
SUPT16H,
TEX264,
TMPRSS6,
TNP1,
TPSAB1,
TRIM54,
TTBK2,
UBA5,
UFC1,
UFL1,
UFM1,
VRK1,
VTA1,
ZFAND1,
ABHD17B,
BSN,
CBLN2,
CBLN3,
CBLN4,
CTBP2,
ERC1,
ERC2,
PARD6A,
ZNF804A,
ANKRD27,
BTBD3,
CPNE1,
CPNE5,
CPNE6,
CPNE9,
CUX1,
DCDC2,
DNM3,
DPYSL4,
FBXW8,
GRIP1,
ITSN2,
KIDINS220,
LLPH,
LZTS1,
LZTS3,
MNX1,
MYO16,
MYO9A,
NEK3,
NEUROG3,
NRN1,
NRN1L,
NSMF,
NUBPL,
NYAP1,
NYAP2,
PARP6,
POLG2,
PRMT3,
RASAL1,
SDC2,
SLIRP,
SNX1,
SNX2,
SPAG9,
SS18L1,
SS18L2,
SSBP1,
SULT4A1,
SUPV3L1,
SYT14P1,
TANC2,
TAOK3,
TMEM106B,
WEE1,
ZDHHC15,
ZNF365,
ANKRD9,
CCDC22,
COX19,
MT2A,
SCO1,
SCO2,
CD300C,
FCMR,
KIR2DS3,
KIR3DL2,
LSP1,
NCR2,
ZNF148,
PDGFD,
PLVAP,
TRIM55,
ALAS2,
ATP6V0A1,
ATP6V0A2,
C19orf12,
CCDC115,
CCDC47,
CD52,
CTRC,
CYB561A3,
DMXL1,
DMXL2,
EGLN2,
F2RL2,
FATE1,
FRRS1,
GNG3,
GPR17,
GPR174,
GPR199P,
GPR20,
IMMT,
KCTD17,
LETM2,
LPAR4,
MT1A,
MT1B,
MT1DP,
MT1E,
MT1F,
MT1G,
MT1H,
MT1HL1,
MT1M,
MT1X,
MT4,
MUC17,
NCOA4,
NUBP1,
P2RY10,
P2RY8,
PDZD8,
PRDX4,
PRDX5,
PRDX6,
RAB38,
RAB39A,
RIC3,
RMDN3,
SYPL2,
TAC1,
TAC4,
TESMIN,
TMEM178A,
TMEM199,
TMEM203,
TMPRSS3,
TNS2,
TTC7A,
TXN2,
TXNDC2,
TXNRD2,
TXNRD3,
VAPB,
WBP2NL,
CRABP1,
CYP21A2,
CYP26A1,
CYP2W1,
DHRS11,
HSD17B2,
RBP1,
SCPEP1,
UGT1A7,
UGT1A8,
UGT1A9,
UGT2B11,
UGT2B15,
UGT2B17,
UGT2B4,
EFHD1,
RCSD1,
ABCD2,
APOC1,
COQ10A,
COQ10B,
COQ4,
COQ5,
COQ6,
COQ8A,
COQ8B,
CRYZL1,
ETFBKMT,
FABP1,
KDSR,
LONP2,
LPGAT1,
NQO2,
PDSS1,
PDSS2,
PLIN5,
PPTC7,
SIRT5,
TYSND1,
UBIAD1,
VKORC1L1,
AADAC,
ABCD4,
ABHD1,
ABHD12B,
ABHD16A,
ABHD16B,
ABHD3,
ABHD5,
ACAD10,
ACAD11,
ACADS,
ACAT2,
ACOX1,
ACOX2,
ACOX3,
ACOXL,
AIG1,
DECR2,
ECH1,
ECHDC1,
ECHDC2,
ECI1,
ECI2,
EHHADH,
ETFDH,
GLYATL2,
GPCPD1,
HACL1,
HADHB,
LIPG,
LIPH,
LIPI,
LPIN2,
LPIN3,
MCAT,
PCCA,
PCCB,
PEX2,
PEX5,
PLA2G4D,
PLBD1,
PLBD2,
PNPLA3,
PNPLA5,
PNPLA6,
PNPLA7,
ABHD15,
ABHD8,
ACAD9,
ACBD4,
ACBD7,
AGMO,
AGPS,
ALKBH7,
CCDC71L,
CERKL,
CES2,
CISH,
CNEP1R1,
CRYL1,
CYP24A1,
CYP4F8,
CYP4V2,
DBI,
DGAT2L6,
DGKA,
DGKB,
DGKD,
DGKE,
DGKG,
DGKH,
DGKI,
DGKK,
ECHDC3,
EFR3A,
EFR3B,
ETNK1,
ETNK2,
FABP2,
FADS2B,
FADS3,
FADS6,
FAM126A,
FAM126B,
FAM135A,
FAM135B,
FASN,
FITM1,
GGPS1,
HACD3,
HACD4,
HAO2,
HDHD5,
LAMTOR1,
LGALS13,
LIPF,
LMF1,
LPCAT2,
LPCAT4,
LTC4S,
LYPLA1,
MBLAC2,
MBOAT1,
MECR,
MORC2,
MTMR1,
MTMR10,
MTMR11,
MTMR12,
MTMR14,
MTMR4,
MTMR6,
MTMR8,
MTMR9,
NCEH1,
OLAH,
OSBPL10,
P3R3URF,
PCYT2,
PEDS1,
PI4K2A,
PI4K2B,
PI4KA,
PI4KAP1,
PI4KAP2,
PI4KB,
PIK3C2B,
PIK3C2G,
PIP4P2,
PIP5K1B,
PIP5KL1,
PIPSL,
PISD,
PITPNM1,
PITPNM2,
PITPNM3,
PLA1A,
PLCB3,
PLCD1,
PLCH2,
PLPP5,
PLPPR1,
PLPPR2,
PLPPR3,
PLPPR5,
PPM1L,
PRKD3,
PRXL2B,
PTDSS1,
PTDSS2,
PTGR1,
PTGR2,
RBP2,
RBP3,
RLBP1,
SACM1L,
SAMD1,
SCD5,
SEL1L,
SELENOI,
SERAC1,
SERINC1,
SERINC2,
SERINC4,
SH3YL1,
SLC27A3,
SMG1,
SOCS4,
SOCS7,
TECRL,
TEX2,
TMEM150A,
TMEM86B,
TNFAIP8L3,
TPTE,
TPTE2,
TTC7B,
TYRP1,
VAC14,
ZADH2,
ZNF670,
ABCB10,
ACTR5,
ACTR8,
ALAS1,
ATF1,
ATG10,
BAZ1A,
BLM,
BOD1L1,
BRPF3,
CCNE1,
CCNE2,
CCT6A,
CDAN1,
CDC45,
CDC6,
CDC7,
CDK2AP1,
CENPF,
CENPS,
CENPX,
CHAF1A,
CHAF1B,
CHRAC1,
CHTF18,
CHTF8,
CINP,
CIZ1,
DBF4,
DDX11,
DDX23,
DKC1,
DNAJC2,
DNTT,
DONSON,
DSCC1,
DTL,
E4F1,
EME1,
EME2,
ERCC4,
ESCO1,
ESCO2,
ETAA1,
EXD2,
EXOSC10,
FAAP20,
FAM111A,
FAM111B,
FANCM,
GAR1,
GEN1,
GINS2,
GINS3,
GMNC,
GNL3L,
GOLGA7,
GOLGA7B,
HELB,
HHAT,
HHATL,
HMBOX1,
HNRNPA2B1,
HROB,
ING4,
INO80,
INO80B,
INO80C,
INO80D,
INO80E,
JADE2,
JADE3,
KAT7,
KIN,
LIN9,
LRWD1,
MAP3K4,
MCIDAS,
MCM10,
MCM2,
MCM3,
MCM4,
MCM5,
MCM6,
MCM7,
MCM8,
MCM9,
MCMBP,
MCRS1,
MEAF6,
METTL4,
MGME1,
MMS22L,
MRE11,
MUS81,
NABP2,
NAF1,
NAP1L1,
NEK7,
NFIA,
NFIC,
NFIX,
NFRKB,
NHP2,
NMT2,
NOC3L,
NOP10,
NVL,
OBI1,
ORC1,
ORC2,
ORC3,
ORC4,
ORC5,
ORC6,
PARM1,
PARP10,
PARP4,
PCLAF,
PDS5A,
PIF1,
PINX1,
PKIB,
POLA1,
POLA2,
POLD2,
POLD3,
POLD4,
POLE2,
POLE3,
POLE4,
POLH,
POLI,
POLK,
POLM,
POLN,
POT1,
PRIM1,
PRIM2,
PRIMPOL,
PTMS,
RAD17,
RAD50,
RAD51,
RBBP4,
RBBP6,
RBBP7,
RBMS1,
RCHY1,
RECQL,
RECQL4,
RECQL5,
REPIN1,
REV1,
REV3L,
RFC1,
RFC2,
RFC3,
RFC4,
RFC5,
RFWD3,
RMI2,
RNASEH1,
RNASEH2A,
RPA4,
RPAIN,
RTEL1,
RTF2,
SDE2,
SENP2,
SETMAR,
SLX4,
SMARCA5,
SMARCAL1,
SMC3,
SMG5,
SMG6,
SPATA22,
SPRTN,
STN1,
SVIP,
SYCP1,
TBRG1,
TELO2,
TEN1,
TEP1,
TERF1,
TERF2IP,
TEX12,
TICRR,
TINF2,
TIPIN,
TNKS1BP1,
TONSL,
TOP1,
TOP1MT,
TOPBP1,
TRAIP,
TSPYL2,
TTF1,
USP10,
USP37,
USP43,
WAPL,
WDHD1,
WDR18,
WIZ,
WRAP53,
ZBTB38,
ZDHHC11B,
ZDHHC12,
ZDHHC14,
ZDHHC16,
ZDHHC18,
ZDHHC19,
ZDHHC20,
ZDHHC22,
ZDHHC23,
ZDHHC24,
ZDHHC4,
ZDHHC5,
ZDHHC6,
ZDHHC9,
ZGRF1,
ZRANB3,
ABHD17A,
ABHD17C,
ABRA,
AIP,
AMN,
ANK1,
ANKLE1,
ANKRD13A,
AP1B1,
AP1G2,
AP1M1,
AP1M2,
AP1S2,
AP1S3,
AP2A2,
AP2M1,
AP2S1,
AP4B1,
AP4E1,
AP4S1,
APPBP2,
ARF3,
ARF5,
ARFGAP3,
ARFRP1,
ARIH2,
ARL11,
ARL13A,
ARL14,
ARL17B,
ARL2BP,
ARL3,
ARL4C,
ARL4D,
ARL5A,
ARL5B,
ARL5C,
ARL6,
ATP6V1D,
BANP,
BAP1,
BBS9,
BCAP29,
BCS1L,
BHLHE40-AS1,
BICD1,
BICD2,
BLZF1,
BTF3,
C11orf65,
C17orf75,
CABP1,
CC2D2B,
CCDC14,
CCHCR1,
CDCA5,
CENPA,
CENPQ,
CEP250,
CEP350,
CEP68,
CEP72,
CEP83,
CHCHD4,
CHM,
CHML,
CLTA,
CLTB,
CNPY4,
CNST,
CNTLN,
COPB1,
COPB2,
COPG1,
COPG2,
COPZ1,
COPZ2,
COX18,
CPLANE2,
CRB3,
CRIPT,
CRYZL2P-SEC16B,
CSE1L,
CTCF,
CTDSPL2,
CTSA,
DCLK2,
DCTN2,
DENND4C,
DERL1,
DESI1,
DMAP1,
DNAJC27,
DNLZ,
DUOXA1,
DUOXA2,
DUSP16,
DZIP1,
DZIP1L,
E2F3,
EFCAB7,
EHD4,
EMC1,
EMC2,
EMC3,
EMC4,
EMC7,
EMC8,
EMC9,
ENSG00000283175,
ENTR1,
ERGIC3,
ERLEC1,
EXOC5,
EXOC6,
EXOC6B,
EXPH5,
FAF2,
FAM149B1,
FAM47E,
FAM53A,
FAM53C,
FAM83D,
FAM91A1,
FCHO2,
FNTA,
FRMPD1,
GCC2,
GDI2,
GET1,
GET4,
GFY,
GGA1,
GGA2,
GJD2-DT,
GLIS2,
GLMP,
GNL3,
GOLGB1,
GOLPH3L,
GORASP2,
GPC2,
GPHN,
GPR158,
GPSM2,
GRIP2,
GRIPAP1,
GRPEL1,
GRPEL2,
H1-5,
HASPIN,
HDAC8,
HDGF,
HEATR3,
HERC2,
HIKESHI,
HNRNPAB,
HOOK3,
HPS4,
HPS6,
HSPA4,
HSPA9,
ICE1,
IFFO1,
IFT22,
IFT27,
IK,
IMMP1L,
IMMP2L,
ING1,
INTS13,
IPO11,
IPO13,
IPO4,
IPO5,
IPO8,
IPO9,
ITSN1,
KDELR1,
KDELR2,
KDELR3,
KIAA0753,
KICS2,
KIF13A,
KLHL21,
KNTC1,
KPNA2,
KPNA4,
KPNA5,
KPNA6,
LAMP5,
LAMTOR3,
LAMTOR4,
LARP7,
LEPROT,
LHFPL4,
LIN7A,
LIN7B,
LIN7C,
LINC00869,
LMAN1,
LMBRD1,
LTBP2,
LZTFL1,
M6PR,
MACROH2A2,
MAP7,
MAPRE1,
MAPRE3,
MARK4,
MAU2,
MDFIC,
MEAK7,
MEPCE,
MESD,
MFSD1,
MICALL1,
MIEF1,
MIEF2,
MISP,
MLPH,
MON1A,
MON1B,
MRNIP,
MTBP,
MTCH2,
MTCL1,
NACA,
NACA2,
NACA4P,
NACAD,
NAPG,
NEDD1,
NEURL1B,
NMD3,
NOL8,
NPAP1,
NUDCD3,
NUP107,
NUP133,
NUP188,
NUP214,
NUP35,
NUP42,
NUP50,
NUP54,
NUP58,
NUP62CL,
NUP85,
NUP88,
NUP93,
NUP98,
NUTF2,
NXT1,
NXT2,
OS9,
PACRG,
PACS1,
PAM16,
PAQR3,
PCARE,
PCNT,
PDIA2,
PDZD11,
PDZD3,
PDZK1P1,
PEX1,
PEX10,
PEX12,
PEX16,
PEX19,
PEX26,
PEX3,
PEX6,
PHAF1,
PITRM1,
PKIA,
PKIG,
PLRG1,
PMPCA,
POLR1A,
POM121,
POM121B,
POM121C,
POM121L12,
POM121L2,
PPHLN1,
PPIL2,
PPP1R10,
PPP2R5A,
PREB,
PREPL,
PTPN9,
RAB11FIP3,
RAB12,
RAB15,
RAB17,
RAB18,
RAB22A,
RAB24,
RAB26,
RAB28,
RAB31,
RAB3IP,
RAB40A,
RAB40AL,
RAB40B,
RAB40C,
RAB41,
RAB5C,
RAB6B,
RAB6C,
RAB6D,
RABEP1,
RABL2A,
RABL2B,
RAD21,
RANBP17,
RANBP3,
RANBP6,
RAPGEF6,
RAPSN,
RASSF5,
RASSF9,
RBM22,
REEP1,
REEP2,
RER1,
RGPD1,
RGPD2,
RGPD3,
RGPD4,
RGPD5,
RGPD6,
RGPD8,
RHBDD1,
RIC1,
RILPL1,
RILPL2,
RIPOR1,
RN7SL1,
RN7SL2,
RN7SL3,
RNF128,
RNF215,
RPF2,
RPGR,
RPH3A,
RRAGA,
RRAGB,
RRAGC,
RRAGD,
RRS1,
RTP1,
RTP2,
RTP3,
RTP5,
SAE1,
SAMM50,
SAR1A,
SCFD2,
SCG3,
SCYL1,
SCYL3,
SEC13,
SEC16A,
SEC16B,
SEC23A,
SEC23B,
SEC23IP,
SEC24A,
SEC24C,
SEC24D,
SEC31A,
SEC31B,
SEC61A2,
SEC61B,
SEC61G,
SEC62,
SEPTIN1,
SEPTIN10,
SEPTIN11,
SEPTIN12,
SEPTIN14,
SEPTIN2,
SEPTIN3,
SEPTIN6,
SEPTIN7,
SEPTIN8,
SEPTIN9,
SGF29,
SGTA,
SGTB,
SH3TC2,
SIAH3,
SIL1,
SKP1,
SLC9A3R2,
SLF1,
SLF2,
SNAP25-AS1,
SNF8,
SNUPN,
SNX11,
SNX13,
SNX15,
SNX16,
SNX27,
SNX31,
SNX33,
SNX5,
SNX8,
SORCS2,
SPDL1,
SPIDR,
SPO11,
SPRN,
SRP14,
SRP19,
SRP54,
SRP68,
SRP72,
SRPRA,
SRPRB,
SSB,
SSNA1,
SSR1,
SSR2,
SSR3,
STAM,
STX10,
STX11,
STX16,
STX18,
STX19,
STX6,
STXBP2,
STYX,
SUMO3,
SUMO4,
SUN1,
SUPT7L,
SURF4,
SYNDIG1,
SYNE1,
SYNE3,
SYNGR1,
SYNRG,
SYS1,
SYTL1,
SYTL2,
SYTL3,
SYTL5,
TAF3,
TAMALIN,
TCTN2,
TECPR2,
TGFBRAP1,
TIMM10,
TIMM13,
TIMM17A,
TIMM17B,
TIMM21,
TIMM22,
TIMM23,
TIMM23B,
TIMM29,
TIMM44,
TIMM8A,
TIMM8B,
TIMM9,
TLK1,
TM9SF1,
TM9SF3,
TMCO6,
TMED1,
TMED3,
TMED4,
TMED5,
TMED6,
TMED7,
TMED9,
TMEM129,
TMEM250,
TMEM35A,
TNPO1,
TNPO2,
TNPO3,
TOMM20,
TOMM20L,
TOMM22,
TOMM34,
TOMM40,
TOMM40L,
TOMM5,
TOR1AIP1,
TOR1AIP2,
TOR1B,
TRAM1,
TRAM1L1,
TRAM2,
TRAPPC12,
TRMT10B,
TSNARE1,
TSPAN10,
TSPAN14,
TSPAN15,
TSPAN17,
TSPAN33,
TSPAN5,
TTC21A,
TTC9-DT,
TTK,
TULP2,
TXNIP,
UBE2D3,
UBE2G2,
UBE2J2,
UBE2L3,
UBL4A,
UBL4B,
UBL5,
UNC50,
USO1,
USP4,
UTP25,
VAMP4,
VAMP5,
VCPIP1,
VPS11,
VPS25,
VPS26A,
VPS26C,
VPS28,
VPS29,
VPS36,
VPS37A,
VPS37C,
VPS37D,
VPS41,
VPS45,
VTI1A,
WASHC2A,
WDR11,
WDR35,
WDR83OS,
WRAP73,
XPO1,
XPO4,
XPO5,
XPO6,
XPO7,
XPOT,
XRCC4,
YIF1B,
YOD1,
YWHAB,
YWHAG,
YWHAQ,
ZFAND2A,
ZFAND2B,
ZFAND6,
ZFYVE16,
ZNF827,
ZW10,
ZWILCH,
NAPRT,
CKM,
CKMT1A,
CKMT1B,
CKMT2,
GGACT,
PCYOX1L,
CGA,
DUOX1,
FOLH1,
GGH,
TPO,
ALKBH5,
BLVRA,
BLVRB,
CARHSP1,
CSDC2,
DDX49,
DHX34,
DIS3L,
DNASE1L1,
DNASE1L2,
DXO,
EDC3,
EDC4,
ELAC2,
ENTPD2,
ENTPD3,
ENTPD6,
ENTPD8,
ERI1,
EXOSC1,
FASTKD1,
FASTKD5,
FUS,
HELZ2,
HMOX2,
KCNQ1OT1,
LIN28B,
LSM2,
LSM4,
LSM6,
LSM7,
MAGOHB,
MEIOC,
MRTO4,
MTPAP,
MTREX,
MYEF2,
NBAS,
NBDY,
NRDE2,
NUDT12,
NUDT13,
NUDT16L1,
NUDT17,
PCBP4,
PHAX,
PNRC2,
POP1,
PPP1R8,
PRPF18,
QPRT,
REXO4,
RNASEH2C,
SERBP1,
SKIV2L,
SMG7,
SMG8,
SMG9,
SND1,
TAF15,
TBRG4,
TENT5C,
TENT5D,
TRAF5,
TRDMT1,
TREX2,
TRIR,
TTC37,
TTC5,
TUT1,
ZC3H14,
ZC3H18,
ZCCHC17,
ZCCHC8,
ZSWIM8,
APOM,
CCS,
GPX2,
GPX3,
GPX5,
GPX6,
GPX7,
GPX8,
HBA1,
HBA2,
HBD,
HBE1,
HBG1,
HBG2,
HBM,
HBQ1,
HBZ,
IPCEF1,
MGST3,
NXN,
PRXL2A,
PXDNL,
SELENOF,
SELENOW,
SESN1,
SOD3,
SRXN1,
TXNDC17,
HPS1,
MREG,
PMEL,
TRAPPC6A,
AFF4,
ARMC12,
ASZ1,
BRDT,
BRIP1,
BRME1,
BTBD18,
C14orf39,
C16orf92,
CCDC42,
CCNA1,
CCNB2,
CDYL,
CEP57,
CHD5,
CTCFL,
DDX20,
DDX4,
DHH,
DMRTB1,
DMRTC2,
DNMT3L,
DPY19L2P1,
DPY19L2P2,
ETV6,
FAM9A,
FAM9B,
FAM9C,
FANCG,
FIGLA,
FKBP6,
FOXJ3,
GDF9,
GMCL1,
GMCL2,
H1-7,
H1-9P,
H3-3A,
H3-3B,
HOOK1,
HSF2BP,
IHO1,
KDM1B,
KMT2D,
LLCFC1,
M1AP,
MARF1,
MAST2,
MASTL,
MEI4,
MEIKIN,
MEIOB,
MLH3,
MOV10L1,
MYBL1,
NCAPH,
NCAPH2,
NOBOX,
ODF2,
OSBP2,
PAQR5,
PAQR7,
PAQR8,
PDILT,
PITHD1,
PRM2,
PRMT7,
PSME4,
PTCHD3,
RAD51C,
RIMBP3,
RIMBP3B,
RIMBP3C,
RNF17,
SBF1,
SEBOX,
SERPINA5,
SHCBP1L,
SMARCA2,
SOHLH1,
SOHLH2,
SPACA3,
SPACA6,
SPANXB1,
SPATA46,
SUN5,
SYCP3,
TAF1L,
TAF4B,
TDRD12,
TDRD9,
TEX11,
TEX15,
TEX19,
TIAL1,
TMEM95,
TOPAZ1,
TSSK1B,
TSSK2,
TSSK4,
TSSK6,
UBR2,
ZGLP1,
ZMYND15,
ZNF449,
ZSCAN21,
ADRM1,
AGAP3,
AMN1,
ANAPC11,
ANKIB1,
ANKZF1,
ARAF,
AREL1,
ARIH1,
ARMC8,
ARRDC1,
ATE1,
BAG2,
BFAR,
C17orf97,
C18orf25,
CACUL1,
CALR3,
CBLC,
CCNF,
CHFR,
CLPP,
CNOT4,
COP1,
COPS3,
CPA2,
CTSL3P,
CTSO,
CTSW,
CUL4B,
CUL9,
DCAF11,
DCAF12,
DDA1,
DDI1,
DDI2,
DENND3,
DET1,
DMAC2,
DNAJB12,
DNAJB14,
DNAJC18,
DPP7,
ECPAS,
ELOB,
ELOC,
ENSG00000288675,
ERCC8,
F8A1,
F8A2,
F8A3,
FAM8A1,
FBXL12,
FBXL13,
FBXL14,
FBXL16,
FBXL17,
FBXL18,
FBXL19,
FBXL21P,
FBXL22,
FBXL3,
FBXL4,
FBXL5,
FBXL6,
FBXL7,
FBXL8,
FBXO10,
FBXO11,
FBXO21,
FBXO22,
FBXO33,
FBXO39,
FBXO48,
FBXW5,
FEM1A,
FEM1C,
FOXRED2,
GID4,
HACE1,
HECTD3,
HSPBP1,
JKAMP,
KBTBD6,
KBTBD7,
KCTD10,
KCTD2,
KCTD21,
KCTD5,
KCTD6,
KEAP1,
KLHDC1,
KLHDC10,
KLHDC2,
KLHDC3,
KLHL15,
KLHL20,
KLHL22,
KLHL40,
KLHL42,
KLHL8,
LAPTM4B,
LNX1,
LONP1,
MAGEC2,
MAGEF1,
MKRN2,
MVB12A,
MVB12B,
MYLIP,
NEDD8,
NHLRC3,
OTUD7A,
PABIR1,
PBK,
PCNP,
PIAS1,
PPP2R5C,
PRAME,
PRAMEF6,
PSMA1,
PSMA3,
PSMA4,
PSMA5,
PSMA6,
PSMA7,
PSMA8,
PSMB1,
PSMB10,
PSMB2,
PSMB3,
PSMB4,
PSMB5,
PSMB6,
PSMB7,
PSMB9,
PSMC1,
PSMC2,
PSMC5,
PSMC6,
PSMD1,
PSMD11,
PSMD13,
PSMD14,
PSMD2,
PSMD3,
PSMD4,
PSMD6,
PSMD7,
PSMD8,
PSME2,
PSME3IP1,
PSMF1,
QRICH2,
RAD23A,
RAD23B,
RFPL1,
RGP1,
RHBDD2,
RHBDF1,
RLIM,
RMND5A,
RMND5B,
RNF11,
RNF111,
RNF114,
RNF115,
RNF121,
RNF122,
RNF123,
RNF126,
RNF13,
RNF130,
RNF133,
RNF144A,
RNF144B,
RNF148,
RNF149,
RNF150,
RNF167,
RNF175,
RNF19A,
RNF20,
RNF217,
RNF4,
RNF40,
RNF43,
RNF7,
RNFT1,
RNFT2,
RSPRY1,
RYBP,
SDF2L1,
SEL1L2,
SH3RF2,
SH3RF3,
SPOP,
SPOPL,
SPSB1,
SPSB2,
SPSB3,
SPSB4,
STUB1,
SUMO2,
TAF1,
TLK2,
TMEM259,
TMEM67,
TMUB1,
TMUB2,
TRIB2,
TRIM2,
TRIM3,
TRIM67,
TRIM72,
TRIM9,
TRIP12,
TTC3,
UBA1,
UBA7,
UBAP1,
UBAP1L,
UBC,
UBE2D1,
UBE2D2,
UBE2D4,
UBE2E1,
UBE2G1,
UBE2H,
UBE2I,
UBE2L5,
UBE2L6,
UBE2R2,
UBE2U,
UBE2W,
UBE2Z,
UBE3B,
UBE3C,
UBE3D,
UBE4A,
UBL7,
UBQLN3,
UBQLNL,
UBR1,
UBR4,
UBXN1,
UBXN10,
UBXN11,
UBXN4,
UBXN6,
UBXN7,
UBXN8,
UCHL3,
UHRF1,
USP1,
USP11,
USP12,
USP13,
USP17L1,
USP17L10,
USP17L11,
USP17L12,
USP17L13,
USP17L15,
USP17L17,
USP17L18,
USP17L19,
USP17L20,
USP17L21,
USP17L22,
USP17L23,
USP17L24,
USP17L3,
USP17L5,
USP17L6P,
USP17L7,
USP17L8,
USP19,
USP20,
USP21,
USP22,
USP24,
USP25,
USP26,
USP3,
USP31,
USP32,
USP35,
USP38,
USP40,
USP42,
USP44,
USP48,
USP49,
USP5,
USP50,
USP51,
USP9Y,
WAC,
WDR26,
WDR91,
YME1L1,
ZER1,
ZNRF1,
ZNRF4,
ZRANB1,
ZYG11B,
CISD1,
ETFRF1,
LYRM7,
BABAM2,
BRCC3,
C9orf116,
CAMKMT,
CDC25A,
COPS9,
DDB2,
ELK1,
GRK1,
GRK4,
GRK7,
GTF2H5,
HUS1,
INTS7,
KDM4D,
MAP3K1,
MAP3K2,
MAPK13,
MGMT,
NET1,
NSMCE3,
OPN1LW,
OPN1MW,
OPN1MW2,
OPN1MW3,
OPN1SW,
RAD1,
RAD51AP1,
RAD9B,
RGR,
RGS9,
RHNO1,
RRH,
SERPINB6,
SWI5,
TANK,
TMEM150C,
TNFRSF8,
TSPYL5,
XPC,
CASTOR1,
CASTOR2,
CASTOR3,
DNMT1,
SPAAR,
GRAMD1A,
GRAMD1B,
GRAMD1C,
KLF9,
MAP4K1,
CASP7,
UROS,
IGFBPL1,
SMC1A,
CARF,
CPNE2,
CPNE3,
CPNE4,
CPNE7,
CPNE8,
FOSB,
GUCA1A,
LCE1D,
RASA4,
RASA4B,
RASGRP2,
AQP8,
RAP1BL,
RAPGEF1,
ADNP2,
ANKRD2,
BRF2,
CHD6,
ERCC6L2,
ERMP1,
ETV5,
MAPKAP1,
MPV17,
NCOA7,
NME8,
OSER1,
PAGE4,
PYROXD1,
RAD52,
RNF112,
SIGMAR1,
STAU1,
STK26,
TBC1D24,
VRK2,
PLIN1,
SAXO1,
CBX3,
FBXO32,
NR3C1,
PLAT,
SMYD3,
AKTIP,
ALKBH2,
ALKBH3,
ALKBH8,
AP5S1,
AP5Z1,
APTX,
ARMT1,
ASCC1,
ASF1A,
ASH2L,
ATMIN,
ATP23,
ATRIP,
AUNIP,
BABAM1,
BACH1,
BAZ1B,
BCCIP,
BRD4,
BRD8,
CBX1,
CBX5,
CCDC117,
CCDC13,
CDC14B,
CDC5L,
CDK3,
CDK7,
CDKN2AIP,
CEP164,
CEP63,
CETN1,
CETN2,
CFAP410,
CHCHD6,
CHD1L,
CYREN,
DCLRE1A,
DCLRE1B,
DCUN1D5,
DEK,
DOT1L,
EEPD1,
EID3,
EMSY,
ENDOV,
ENSG00000254469,
EP400,
EPC1,
EPC2,
ERCC3,
EXO5,
FAAP24,
FAN1,
FANCB,
FANCF,
FANCL,
GCNA,
GGN,
GML,
GTF2H1,
GTF2H2C,
GTF2H2C_2,
GTF2H3,
GTF2H4,
GTSE1,
HDGFL2,
HELQ,
HINFP,
HPF1,
HUS1B,
IER3,
ING3,
INIP,
INTS3,
KDM2A,
KIF22,
KMT5A,
MAPK12,
MBTD1,
MCMDC2,
MDC1,
MMS19,
MORF4L1,
MORF4L2,
MRGBP,
MSH3,
NABP1,
NCOA6,
NDRG1,
NEK11,
NSMCE1,
NSMCE4A,
NUPR2,
OTUB2,
PAGR1,
PARPBP,
PAXX,
PDS5B,
PHF1,
PMS1,
PMS2,
PMS2P1,
PMS2P11,
PMS2P3,
PMS2P5,
PMS2P6,
POGZ,
POLR2I,
PPP4C,
PPP4R2,
PPP4R3A,
PPP4R3C,
PPP5C,
PRDM9,
PTTG1,
PWWP3A,
RAD18,
RAD21L1,
RAD51AP2,
RAD51D,
RADX,
RBBP5,
RINT1,
RNF113A,
RNF138,
RNF169,
RPS6KA6,
SETD1A,
SETD7,
SFR1,
SHPRH,
SLX1A,
SLX1B,
SMARCAD1,
SMCHD1,
SMYD2,
STK33,
SUSD6,
SUV39H1,
SWSAP1,
SYF2,
TDP1,
TDP2,
TFDP3,
TIPRL,
TOP3A,
TRRAP,
UBE2E2,
UBE2NL,
UBE2T,
UBE2V1,
UBE2V2,
UIMC1,
UVSSA,
VPS72,
WDR33,
WDR4,
WDR70,
WDR76,
XRCC3,
YEATS4,
YJU2,
ZBTB4,
ZCWPW1,
ZFYVE26,
ZMAT3,
ZSWIM7,
BMP15,
C20orf27,
CALCOCO1,
CCND3,
CHRDL1,
CHURC1,
CILP,
CRIM1,
CSH1,
CSH2,
CSHL1,
CSTF2,
CYSLTR2,
DDX54,
DSTYK,
DUSP15,
DYNC1LI2,
EID2,
ELAPOR2,
ESR2,
FAM83G,
FAM89B,
FGFBP3,
FMOD,
FRS3,
GAREM1,
GDF1,
GDF10,
GH2,
GKAP1,
GNRHR,
GNRHR2,
GPR173,
GRB14,
HIVEP1,
HTR6,
HTR7,
HTRA3,
HTRA4,
IL17RD,
IRS4,
KLF1,
KLF11,
KLF16,
KLF3,
LBH,
LDLRAD4,
LEFTY2,
LEPROTL1,
LMO2,
LMO3,
LRIT3,
LTBP1,
LTBP4,
MIR4632,
MIR573,
NCOA3,
NLK,
NR2C1,
NR3C2,
NSG2,
OR10H1,
OR10H2,
OR10H3,
OR10H4,
OR10H5,
OR10J6P,
OR11H4,
OR11H7,
OR5T2,
OR5T3,
OR6T1,
PEG10,
PELP1,
PTPN12,
PTPRE,
RASL11B,
RGS8,
RXRB,
RXRG,
SAFB,
SCUBE3,
SHCBP1,
SHISA2,
SHOC2,
SIK2,
SKOR1,
SKOR2,
SMAD9,
SNX25,
SPINT3,
SRA1,
SRARP,
SSTR1,
STK16,
STRN3,
SYAP1,
TADA3,
TFPI,
TGFBR3L,
TRERF1,
TRIM24,
TRIM33,
UBE2O,
UFSP2,
VASN,
VEPH1,
VWC2L,
WBP2,
WFIKKN1,
WFIKKN2,
ZFYVE9,
ZMIZ2,
ZNF106,
ZNF366,
ZNF451,
ZNF8,
H2AZ1,
LCOR,
NRIP1,
BMT2,
DEPDC5,
KRT20,
MIOS,
MN1,
MYH13,
NDOR1,
NIM1K,
NPRL2,
RNF152,
SIK1B,
TBL2,
WDR24,
WDR59,
ZFYVE1,
TFPI2,
CHORDC1,
DNAJB1,
DNAJC7,
HSBP1L1,
HSP90AA4P,
HSP90AB2P,
HSP90AB3P,
HSP90AB4P,
HSPA6,
IER5,
TCIM,
TFEC,
ZNF658,
RO60,
IRGC,
IL1R2,
RPS6KA4,
ST18,
UGT3A2,
BRINP2,
BRINP3,
GJB3,
LTK,
ZNF35,
MIR302A,
MIR758,
LY6G6D,
RGS10,
SLURP2,
P2RY13,
RAE1,
HP1BP3,
RWDD3,
SUV39H2,
VHL,
ZNF16,
SPRING1,
AIDA,
ARHGEF6,
CREB3L4,
DUSP9,
ERP27,
FICD,
GADD45B,
GPS1,
HERPUD2,
HIPK3,
HSPA13,
HSPA14,
HSPA7,
IL26,
KLHL31,
MANF,
MAP2K2,
MAP3K10,
MAP3K11,
MAP3K12,
MAP3K15,
MAP3K6,
MAP4K3,
MBIP,
MECOM,
MTARC1,
MTARC2,
MTURN,
NRBF2,
PARP16,
PDIA4,
PHLPP1,
PIGBOS1,
RELL1,
SH2D3A,
SH2D3C,
THG1L,
TMEM33,
TMX1,
TNFRSF19,
TTC23L,
ULK4,
UNC5CL,
ABTB2,
ADAMTS3,
FBXW7-AS1,
GAS1,
AHRR,
AOX1,
AS3MT,
CBR3,
CD69,
CES3,
CMBL,
CRYZ,
CYB5B,
EFTUD2,
FMO2,
FMO4,
N6AMT1,
NAT1,
NAT2,
NR1I2,
TPMT,
UGT1A10,
UGT1A5,
UGT1A6,
UGT2B28,
AZI2,
C12orf4,
CD3D,
CD3G,
CLPTM1,
CPLX2,
CRLF2,
CST7,
DCAF15,
DYSF,
GAB2,
GJD4,
IKZF1,
IL15RA,
IL2RB,
KIR3DS1,
KMT2E,
LMO1,
LST1,
MRGPRX2,
NFIL3,
S100A13,
SLAMF9,
SLC46A2,
SOX15,
TAFA3,
TREML2,
TSLP,
ZNF3,
MIR374A,
MIR506,
MPDZ,
PATJ,
AJM1,
GRHL1,
AKAP7,
AMPH,
APBA2,
APBA3,
APCDD1L,
BCL7B,
BEGAIN,
BRD7,
CEP89,
CGB3,
CGB7,
CHRFAM7A,
CHRNA2,
CHRNB3,
CHRNG,
CMAHP,
CPLX4,
CTF1,
DEPDC1B,
DLGAP1,
DLGAP2,
DLGAP3,
DLGAP4,
DNAJC5,
DNM1,
DRP2,
DTNA,
DTNB,
DYTN,
FCRL2,
FGFBP2,
GJA10,
GJA3,
GJA9,
GJB5,
GJB7,
GNRH1,
GPR156,
GPR50,
GRAP,
GRAP2,
GRIA2,
GRID2IP,
GRIK1,
GRIK4,
GRK6,
HBP1,
HCAR2,
HMGXB4,
IL17B,
IL17C,
IL3,
INSL4,
INSYN1,
INSYN2A,
KCMF1,
LBX2,
LRFN2,
LRRFIP2,
LRRTM2,
LTB,
MARK1,
MIR32,
MIR324,
MIR541,
MPP2,
MPZL1,
MYCBPAP,
NDRG2,
NPBWR1,
NPFF,
NPTXR,
NPVF,
OMP,
OTOF,
PDYN,
PHF24,
PNOC,
PPFIA3,
PRRT2,
PVALB,
PXK,
RAB11FIP1,
RIMBP2,
RIMS4,
RNF10,
SNAP47,
SNPH,
SPIN1,
STXBP5,
SV2B,
SV2C,
SYN1,
SYN3,
SYP,
SYPL1,
TFAP2C,
TM2D3,
TMEM237,
TMEM25,
TPRG1L,
TRABD2A,
TRABD2B,
TSHB,
TSHZ3,
UTS2,
WDR61,
WIF1,
ZACN,
ZBTB33,
AKIRIN1,
BIN2,
CAMK1D,
CD300H,
CKLF,
DDT,
DOCK4,
GPSM3,
MMP28,
MOSPD2,
MSMP,
MTUS1,
RIN3,
TAFA4,
AFAP1L2,
AHCTF1,
ANAPC10,
ANAPC13,
ANAPC15,
ANAPC16,
ANKFN1,
ANKK1,
ANKLE2,
ANKRD31,
ANKRD53,
ANXA11,
ATF5,
AURKAIP1,
AVEN,
AVPI1,
BEX2,
BIRC5,
BOD1L2,
BOP1,
BTC,
BTG3,
BTG4,
BUB1,
BUB1B,
C10orf90,
C11orf80,
C1orf146,
C6orf89,
CABLES1,
CABLES2,
CCAR1,
CCDC124,
CCDC57,
CCDC61,
CCDC69,
CCDC8,
CCNB3,
CCNC,
CCND2,
CCNDBP1,
CCNG2,
CCNH,
CCNI,
CCNI2,
CCNJ,
CCNJL,
CCNL1,
CCNO,
CCNP,
CCNQ,
CCNT2,
CCP110,
CCPG1,
CDC14A,
CDC14C,
CDC25C,
CDC26,
CDCA2,
CDCA3,
CDCA8,
CDK11A,
CDK11B,
CDK12,
CDK15,
CDK17,
CDK18,
CDK2AP2,
CDK5RAP2,
CDK8,
CDKL1,
CDKL2,
CDKL4,
CDKN2C,
CDKN3,
CENATAC,
CENPH,
CENPK,
CENPT,
CENPW,
CEP126,
CEP135,
CEP152,
CEP295,
CEP295NL,
CEP44,
CEP55,
CEP76,
CEP85,
CEP97,
CETN3,
CGRRF1,
CHD3,
CKS1B,
CKS2,
CLIP1,
CNPPD1,
CNTD1,
CNTROB,
CPSF3,
CRLF3,
CSPP1,
CTBP1,
CTDSP1,
CTDSP2,
CTDSPL,
DCDC1,
DCTN3,
DCTN6,
DCUN1D3,
DDX11L8,
DDX12P,
DEUP1,
DIRAS3,
DLGAP5,
DMTF1,
DR1,
DSN1,
DUSP13,
DUX4,
DYNC1LI1,
DYNLT3,
E2F5,
E2F6,
ECD,
EFHC1,
EFHC2,
EID1,
EML1,
EML3,
ERCC6L,
ESPL1,
ESX1,
EVI2B,
EXD1,
FAM32A,
FANCI,
FBXO43,
FIGN,
FSD1,
GADD45GIP1,
GFI1B,
GOLGA2P5,
GOLGA6A,
GOLGA6B,
GOLGA6C,
GOLGA6D,
GOLGA8A,
GOLGA8B,
GOLGA8CP,
GOLGA8DP,
GOLGA8G,
GOLGA8H,
GOLGA8IP,
GOLGA8J,
GOLGA8K,
GOLGA8M,
GOLGA8N,
GOLGA8O,
GOLGA8Q,
GOLGA8R,
GOLGA8S,
GOLGA8T,
GPR132,
H1-8,
HAUS1,
HAUS2,
HAUS3,
HAUS4,
HAUS5,
HAUS6,
HAUS7,
HAUS8,
HCFC1,
HECA,
HEPACAM2,
HEXIM2,
HFM1,
HJURP,
HMG20B,
HORMAD2,
INCENP,
INSM2,
JTB,
KAT14,
KATNA1,
KCTD11,
KDM8,
KIAA1614,
KIF11,
KIF15,
KIF20A,
KIF23,
KIF25,
KIF4B,
KIFC1,
KIFC2,
KIZ,
KLHDC8B,
KLHL13,
KLHL18,
KLHL9,
KLK10,
KLLN,
L3MBTL1,
LIN54,
LRRCC1,
LSM10,
LSM11,
MAD2L1,
MAD2L1BP,
MAGEA4,
MAJIN,
MAP10,
MAP4,
MAP9,
MAPK4,
MAPK6,
MARVELD1,
MBLAC1,
MEI1,
METTL13,
MIIP,
MIR30C2,
MIR362,
MIR372,
MIR520A,
MIR520H,
MIR638,
MIR711,
MIR892B,
MIS18A,
MIS18BP1,
MITD1,
MKI67,
MLF1,
MND1,
MOK,
MOS,
MPLKIP,
MS4A3,
MSH4,
MSH5,
MTA3,
MYBL2,
MZT1,
NAA10,
NAA50,
NAE1,
NANOGP8,
NCAPD2,
NCAPD3,
NCAPG,
NDC1,
NDE1,
NEK1,
NEK10,
NEK9,
NPAT,
NSL1,
NTMT1,
NUDC,
NUDT6,
NUP37,
NUP43,
NUSAP1,
OFD1,
OIP5,
OR1A2,
OSGIN2,
OVOL1,
PARD6G,
PBRM1,
PDCD2L,
PDIK1L,
PES1,
PHF13,
PHF8,
PIMREG,
PKMYT1,
PLAGL1,
PLK4,
PMF1,
POC5,
PPM1G,
PPME1,
PPP1R1C,
PPP2R2D,
PPP2R3B,
PPP2R5B,
PRC1,
PRCC,
PRDM11,
PRDM5,
PRDM7,
PRPF40A,
PRR11,
PRR5,
PSMC3IP,
PSMG2,
PSRC1,
PTP4A1,
PTPA,
PTTG2,
PTTG3P,
RAB11FIP4,
RANBP1,
RASSF1,
RASSF4,
RBL2,
RBM38,
RCBTB1,
RCC1,
REC114,
REEP3,
REEP4,
RIOK2,
RNF212,
RNF212B,
RPRD1B,
RPRM,
RTTN,
RXFP3,
SAC3D1,
SASS6,
SENP5,
SENP6,
SERTAD1,
SGO2,
SHOC1,
SKA1,
SKA2,
SKA3,
SMC1B,
SMC2,
SMC4,
SON,
SPAG8,
SPDYC,
SPICE1,
SPIN2A,
SPIN2B,
SPOUT1,
STAG1,
STAG2,
STAG3,
STAG3L1,
STAG3L2,
STAG3L3,
STAG3L4,
STAMBP,
STARD9,
STK35,
SUGT1,
SUSD2,
SYCE1,
SYCE1L,
SYCE2,
SYCE3,
TACC1,
TACC2,
TACC3,
TADA2A,
TAF10,
TAF2,
TAF6,
TAS1R2,
TAS2R13,
TBCE,
TERB1,
TERB2,
TFDP2,
TGM1,
THAP1,
THAP5,
TM4SF5,
TMEM14B,
TMPRSS11A,
TOGARAM2,
TOM1L2,
TP53I13,
TRNP1,
TTC19,
TTC28,
TUBA1A,
TUBA1B,
TUBA1C,
TUBA3C,
TUBA3D,
TUBA3E,
TUBA4A,
TUBA4B,
TUBA8,
TUBAL3,
TUBB1,
TUBB2A,
TUBB4A,
TUBB6,
TUBB8B,
TUBD1,
TUBE1,
TUBG1,
TUBG2,
TUBGCP2,
TUBGCP3,
TUBGCP4,
TUBGCP5,
TUBGCP6,
TXNL4A,
TXNL4B,
UBA3,
UHRF2,
URGCP,
USP39,
UTP14C,
UXT,
WDR12,
WDR6,
WDR62,
YEATS2,
YY1AP1,
ZBED9,
ZBTB17,
ZBTB49,
ZFP42,
ZNF268,
ZNF318,
ZNF324,
ZNF503,
ZNF655,
ZNRD2,
ZWINT,
ZZZ3,
POU3F3,
ABT1,
DBX1,
MDGA2,
OLIG2,
OLIG3,
ZC4H2,
GKN1,
MACC1,
NAP1L2,
SMYD5,
DMRTA2,
EPOP,
ESRP1,
IFRD1,
MGA,
MIAT,
MYT1L,
NKX6-3,
OLIG1,
POU6F2,
PTCH2,
TBX10,
TBX22,
TLX3,
ZNF521,
C8orf44-SGK3,
CCDC85B,
CEP43,
DCBLD2,
EAF2,
EBAG9,
EI24,
GNG4,
H3-5,
IL17RB,
KAZALD1,
KIAA1109,
MEG3,
MUC12,
NDRG3,
OGFR,
OSGIN1,
RERG,
ROS1,
SERTAD2,
SERTAD3,
SGK2,
SGK3,
ST7L,
TCHP,
TEAD1,
TMEM97,
TP53TG5,
WFDC1,
DNER,
IL1RAPL2,
LGI2,
LINGO2,
LRRC24,
LRRN1,
LRRN3,
SETD5,
VSTM5,
ARHGAP39,
C1QL3,
CAMKV,
CAST,
CNKSR2,
COL4A5,
CTTNBP2,
DOK7,
ELFN1,
FRMPD4,
PDZRN3,
PPFIA4,
PPFIBP2,
RAB39B,
ACAP3,
ARHGEF39,
AVL9,
BARHL1,
BEX4,
CCDC141,
CDKN2B-AS1,
CEP85L,
ELP3,
ELP5,
ELP6,
F10,
FAM110C,
GRAPL,
IGFBP3,
IGSF10,
LRCH1,
LRP12,
MIEN1,
MIR1290,
MIR335,
MIR338,
MIR491,
MIR493,
MIR520D,
MIR588,
MIR92B,
MYSM1,
NAV1,
PLEKHG3,
PODN,
PRAG1,
PSG2,
RAP2C,
RASGEF1A,
RRAS2,
SCAI,
SCRT1,
SDC3,
SINHCAF,
SOX14,
SPATA13,
SRGAP1,
SRGAP2B,
SRGAP2C,
SRGAP3,
STRIP2,
TBCCD1,
TMEM18,
TMIGD1,
TSPAN11,
TWIST2,
WWC1,
WWC2,
WWC3,
ZMYND8,
ZNF609,
ARHGAP15,
ARHGEF28,
ATP10A,
BRWD1,
BRWD3,
CDC42SE1,
CDC42SE2,
CFAP418,
FRY,
FRYL,
LRATD1,
MYL12B,
PALM2AKAP2,
PALMD,
RP2,
SART3,
SH3D19,
SS18,
TBCC,
WTIP,
ZMYM3,
ZMYM4,
ZMYM6,
ZNF135,
AKAP4,
ARHGEF4,
ARMC9,
ASAP1,
ATAT1,
ATXN10,
B9D2,
BBOF1,
CCDC113,
CCDC28B,
CCDC96,
CEP162,
CEP19,
CEP20,
CEP41,
CEP70,
CFAP161,
CFAP221,
CFAP298,
CFAP52,
CFAP53,
CFAP54,
CFAP70,
CIBAR2,
CILK1,
CLUAP1,
CPLANE1,
DYNC2I2,
DYNC2LI1,
DYNLL1,
DYNLL2,
DYNLT2B,
EPS8L1,
EPS8L2,
EPS8L3,
FAM161A,
FAM98A,
GORAB,
HYLS1,
IFT43,
IFT46,
IFT81,
IQUB,
KIAA0586,
KIF27,
MAFIP,
MPHOSPH9,
ODF2L,
POC1A,
PTPDC1,
RABEP2,
RFX4,
RILP,
SPATA6,
STK36,
TBC1D19,
TCTN3,
TEKT1,
TEKT3,
TEKT4,
TEKT5,
TMEM138,
TMEM17,
TMEM216,
TMEM80,
TRAPPC14,
TTLL8,
TXNDC15,
UNC119B,
WDR90,
AK7,
ALKAL1,
ALKAL2,
BICDL1,
BTBD8,
C21orf91,
CBFA2T2,
CCDC32,
CCDC78,
CDNF,
CEP78,
CFAP126,
CFAP61,
CLMN,
CSMD3,
DDX56,
DENND5A,
DNAH9,
FAM161B,
GPR22,
GPRIN1,
GPRIN2,
GPRIN3,
LCA5L,
LRRC56,
MIR219A1,
NCKIPSD,
NR2F1,
NUBP2,
PDCL,
PIFO,
PRDM12,
PRICKLE3,
RTN4IP1,
SF3A2,
TBC1D23,
TRAPPC4,
TSGA10IP,
TTC29,
TTC30A,
TTC30B,
SERPINB7,
SETD4,
PSMG1,
SFTPA1,
CENPP,
AATK,
AK8,
ARNT2,
ATN1,
CA10,
CCDC85C,
CLP1,
DHX30,
DHX37,
DPCD,
EED,
EN2,
EPOR,
EZH1,
FOXP2,
GNB4,
HDAC11,
HPCAL4,
IER3IP1,
JRKL,
KDM7A,
MACO1,
MAST1,
NEUROD6,
NHLH1,
NOTCH2NLA,
NOTCH2NLB,
NOTCH2NLC,
OPALIN,
OTP,
PAFAH1B2,
PAFAH1B3,
PHLPP2,
POU3F1,
POU6F1,
PPP1R17,
PRDM8,
PSPN,
PTBP2,
SBK1,
SHC3,
SMARCA1,
SNRPB,
SNTG2,
SOX3,
SPATA5,
SPINK6,
SUDS3,
SUZ12,
SYNGR3,
TAGLN3,
TAL2,
TFAP2D,
TMX2,
TRAPPC9,
UTP3,
VCX,
VCX2,
VCX3A,
VCX3B,
VCY,
VCY1B,
ZIC2,
ZIC4,
ZIC5,
ZNF430,
ZNF488,
ZSWIM6,
CENPI,
CENPN,
CENPO,
CFAP45,
KATNIP,
GUCA2B,
IRAG1,
RUNDC3A,
DPPA3,
STPG4,
ZDBF2,
ZFP57,
BAG1,
DNAJB4,
DNAJB5,
SDF2,
ST13P4,
ST13P5,
TOR2A,
SNRNP70,
PSMG3,
PTGES3L,
THEG,
CRTAP,
DNAJB3,
DNAJB7,
DNAJB8,
FKBP11,
FKBP2,
UNC45A,
ADCK1,
CIAO3,
CNNM1,
CNNM3,
FLG,
HRNR,
MALL,
MIR33B,
OIT3,
PRKACG,
RALY,
SPX,
STEAP1,
TLCD1,
TLCD2,
TLCD3A,
TLCD4,
TM6SF2,
TMPRSS11F,
WBP1L,
ACKR1,
MIR130B,
MIR301B,
MIR613,
ATF7IP,
ATF7IP2,
BAHD1,
BAZ2A,
CABIN1,
DNAJC9,
FAM172BP,
H1-0,
H1-1,
H1-10,
H1-2,
H1-3,
H1-4,
H1-6,
H2AB1,
H2AB2,
H2AB3,
H2BC13,
H2BC14,
H2BC15,
H2BC17,
H2BC18,
H2BC19P,
H2BC3,
H2BC5,
H2BC9,
H2BE1,
H2BU1,
H2BW1,
H2BW2,
H3-4,
H3C1,
H3C10,
H3C11,
H3C12,
H3C13,
H3C14,
H3C15,
H3C2,
H3C3,
H3C4,
H3C6,
H3C7,
H3C8,
H4-16,
H4C1,
H4C11,
H4C12,
H4C13,
H4C14,
H4C15,
H4C2,
H4C3,
H4C4,
H4C5,
H4C6,
H4C7,
H4C8,
H4C9,
HAT1,
HIRA,
HIRIP3,
KAT6B,
LMNTD2,
MPHOSPH8,
NAA60,
NAP1L3,
NAP1L4,
NAP1L5,
NAP1L6P,
PHF2,
RESF1,
RSF1,
SETDB1,
SETSIP,
SPTY2D1,
TSPY1,
TSPY10,
TSPY2,
TSPY26P,
TSPY3,
TSPY4,
TSPY8,
TSPYL1,
TSPYL4,
TSPYL6,
UBN1,
UBN2,
ZNF445,
ACTR6,
AEBP2,
ANP32E,
ARID1B,
ARID4A,
ARID4B,
ATAD2,
ATXN7L3,
BCORL1,
BMI1,
BRD3,
BRPF1,
BUD23,
C17orf49,
CBX2,
CBX4,
CBX6,
CBX7,
CBX8,
CGGBP1,
CHD2,
CHD4,
CHD9,
COPRS,
ENY2,
FAM50A,
FAM50B,
GATAD1,
GATAD2A,
GATAD2B,
HCFC2,
HLTF,
HMG20A,
HMGN1,
HMGN4,
HMGN5,
JMJD1C,
KANSL1,
KANSL2,
KANSL3,
KAT8,
KDM3B,
KDM4B,
KDM4E,
KDM5A,
KDM5C,
KDM6A,
KMT2A,
KMT2B,
KMT2C,
L3MBTL2,
L3MBTL4,
LRIF1,
MCM3AP,
MIER1,
MLLT1,
MPND,
MSL1,
MTF2,
NPM3,
NSD1,
NSD3,
PCGF3,
PCGF5,
PHF19,
PHF20,
PHF21A,
PRDM6,
RCCD1,
RCOR1,
RIOX1,
RSBN1,
SATB1,
SETD1B,
SFMBT1,
SMYD1,
SRCAP,
SUPT4H1,
TADA2B,
TAF6L,
TDRD3,
TTI1,
UTY,
XIST,
ZNF462,
ZNF518A,
ZNF518B,
ZNHIT1,
BANF2,
PRM1,
PRM3,
DQX1,
GTF2F2,
MTERF1,
RAD54L2,
TOP3B,
TPRKB,
YLPM1,
ZBTB48,
ZSCAN4,
CIAO1,
CIAO2A,
CIAO2B,
MAGEA10-MAGEA5,
MAGEA5P,
LIFR,
CABS1,
CFAP251,
DNHD1,
EFCAB1,
ENKUR,
SMCP,
TCTE1,
TPPP2,
TTLL6,
TTLL9,
ZBBX,
DNAH14,
DNAH3,
DNAH6,
ARNTL2,
PASD1,
RAI1,
CIPC,
DBP,
HEBP1,
NR2F6,
PROKR2,
SRRD,
ADAP2,
ANKS6,
BORCS8,
C1orf127,
CACYBP,
DUSP6,
FOXS1,
GGNBP2,
HSPB7,
MMP21,
MOSPD3,
POPDC2,
POPDC3,
PSKH1,
RBM20,
RIPPLY3,
SMYD4,
TCF25,
TMEM204,
DES,
F5,
KLK1,
KLK2,
LPA,
LRP3,
RNLS,
TAC3,
UTS2B,
UTS2R,
SNAP91,
AAK1,
GPR107,
SMAP1,
BMS1,
ERI2,
ERI3,
KRI1,
NOB1,
NOL9,
NOP14,
NOP9,
RCL1,
RPP40,
RRP36,
TBL3,
TSR1,
UTP20,
UTP23,
CLYBL,
MMAA,
MMAB,
MMADHC,
DOP1B,
GPR155,
GTF2A1L,
JAKMIP1,
LINS1,
METTL23,
OR52B4,
RP9,
TMPRSS11E,
OSCAR,
P3H3,
ADAMTS14,
ADAMTS2,
MMP23B,
MMP25,
MMP26,
MMP27,
MRC2,
COLGALT1,
COLGALT2,
LOXL4,
LUM,
OPTC,
P4HA1,
TLL1,
TLL2,
TNXA,
P3H2,
YIPF6,
PERCC1,
TMEM167A,
TMEM167B,
TRAPPC11,
COPS7A,
COPS7B,
TFG,
ARFGAP2,
EDDM3A,
KLK14,
CASP14,
LIPK,
LIPM,
LIPN,
TMEM126A,
APOO,
APOOL,
CHCHD3,
DNAJC11,
MICOS13,
C12orf73,
COA1,
COA4,
COA5,
COX14,
COX16,
COX20,
PET100,
PET117,
SMIM20,
UQCC1,
C1QTNF4,
CCDC3,
COMMD7,
CRLF1,
CSF2RA,
DOK1,
GPR75,
IL11RA,
IL13RA1,
IL17RC,
IL17RE,
IL17REL,
IL18RAP,
IL22RA2,
IL2RG,
IL3RA,
IL5RA,
MIR1246,
MIR135A1,
MIR99A,
MIRLET7C,
PIAS3,
PLP2,
SPATA2,
SPPL2A,
SPPL2B,
STAT4,
ANXA4,
ASB1,
BCL6B,
CARD18,
CLEC9A,
CUEDC2,
DTX4,
EOLA1,
IL17D,
LITAFD,
LURAP1,
MIR136,
MIR146B,
MIR155,
MIR194-1,
MIR197,
MIR203A,
MIR215,
MIR302C,
MIR302D,
MIR373,
MIR383,
MIR411,
MIR488,
MIR504,
MIR520G,
MIR657,
MIR920,
MIR935,
NFATC2IP,
PLD3,
SERPINB1,
TLR10,
TRIM16,
ZNF287,
GZMH,
MMD,
CLIP2,
CLIP4,
HOOK2,
SLAIN1,
SLAIN2,
WDR73,
NFKBIE,
ARHGAP21,
BICDL2,
DYNC1I1,
DYNC1I2,
KIF28P,
KIF3C,
ACTL7B,
AFAP1,
ARAP3,
ARHGAP10,
CAPN6,
CCDC120,
CCDC170,
CCDC187,
CCDC6,
CCDC68,
CCSER2,
CYLC1,
CYLC2,
EML2,
EVPL,
EVPLL,
FIGNL2,
GAN,
IQCJ-SCHIP1,
KATNAL1,
KATNAL2,
KATNBL1,
KRT13,
KRT15,
KRT23,
KRT27,
KRT3,
KRT31,
KRT32,
KRT33A,
KRT34,
KRT35,
KRT36,
KRT37,
KRT38,
KRT39,
KRT4,
KRT40,
KRT5,
KRT6B,
KRT6C,
KRT71,
KRT74,
KRT76,
KRT9,
LORICRIN,
LRCH3,
MAP7D1,
MAP7D2,
MAP7D3,
MARK3,
MAST3,
MAST4,
NEFM,
NINL,
PPL,
PRPH,
PRUNE1,
RANBP10,
RASSF7,
SAXO2,
SIK3,
SPATA4,
SPRYD3,
SYNM,
TBCEL,
TCHH,
TPPP3,
TTLL11,
TTLL13P,
TTLL2,
TTLL7,
TXNDC9,
ANKFY1,
ATP9A,
BET1L,
CCDC91,
DENND10,
DENND2A,
DNAJC13,
DOP1A,
EEA1,
FHIP1B,
GOSR1,
HEATR5A,
HEATR5B,
MON2,
PHETA1,
PHETA2,
PLEKHJ1,
RAB9B,
RBSN,
SLC66A2,
SNX12,
SNX32,
SRSF10,
TMEM87A,
TMEM87B,
TRAPPC10,
VPS50,
VPS52,
VPS53,
YKT6,
DNMT3B,
AGBL1,
FOLH1B,
TCF23,
OLFM2,
APOL3,
CASC2,
CD200R1L,
CLEC1A,
DLEC1,
FNDC4,
IL20,
LTB4R,
LXN,
LY75,
MEP1B,
MIR3909,
MS4A2,
NEAT1,
NFX1,
NLRP4,
NOX3,
OR2H2,
PIK3AP1,
PLGRKT,
PNMA1,
PROC,
PSG3,
PTPRCAP,
RHBDF2,
SETD6,
SP140,
CYP3A43,
HR,
RIOX2,
TMEM176A,
ZBTB46,
ACP1,
ACP2,
ACP7,
ALPG,
ALPI,
ALPP,
CPPED1,
CTTNBP2NL,
DAPP1,
DUSP11,
DUSP14,
DUSP18,
DUSP21,
DUSP23,
DUSP28,
DUSP7,
DUSP8,
FAM220A,
FAM220BP,
FRA10AC1,
HDDC2,
HDHD2,
ILKAP,
LHPP,
LRRC2,
LRRC30,
LRRC39,
LRRC40,
LRRIQ4,
MDP1,
NT5DC1,
NT5DC2,
NT5DC3,
NT5DC4,
PALD1,
PDP1,
PDP2,
PHOSPHO2,
PLPP7,
PP2D1,
PPA2,
PPEF1,
PPEF2,
PPM1H,
PPM1J,
PPM1K,
PPM1M,
PPP1R14D,
PPP1R16A,
PPP1R26,
PPP1R2C,
PPP1R36,
PPP1R7,
PPP2R2A,
PPP2R2B,
PPP2R2C,
PPP2R3A,
PPP2R5D,
PPP2R5E,
PPP4R1,
PPP4R1L,
PPP6R1,
PPP6R2,
PPP6R3,
PTP4A2,
PTPN13,
PTPN20,
PTPN21,
PTPN4,
PTPN5,
PTPN7,
PTPRH,
PTPRQ,
PUDP,
RNGTT,
RPAP2,
RPRD1A,
SSU72,
STYXL2,
TMEM225,
TMEM225B,
TNS3,
UBLCP1,
VRK3,
EYS,
GNGT2,
NPFFR2,
PDC,
PLEKHB1,
REEP6,
RGS9BP,
TMEM120A,
CA6,
CST1,
CST2,
TAS1R1,
TAS1R3,
TAS2R1,
TAS2R10,
TAS2R14,
TAS2R16,
TAS2R19,
TAS2R20,
TAS2R3,
TAS2R30,
TAS2R31,
TAS2R38,
TAS2R39,
TAS2R4,
TAS2R40,
TAS2R41,
TAS2R42,
TAS2R43,
TAS2R45,
TAS2R46,
TAS2R50,
TAS2R60,
TAS2R7,
TAS2R8,
TAS2R9,
GPR148,
LINC02203,
OR10A2,
OR10A3,
OR10A5,
OR10A6,
OR10A7,
OR10AC1,
OR10AD1,
OR10AG1,
OR10C1,
OR10D3,
OR10D4P,
OR10G2,
OR10G3,
OR10G4,
OR10G6,
OR10G7,
OR10G8,
OR10G9,
OR10J1,
OR10J3,
OR10J4,
OR10K1,
OR10K2,
OR10P1,
OR10Q1,
OR10R2,
OR10S1,
OR10T2,
OR10V1,
OR10W1,
OR10X1,
OR10Z1,
OR11A1,
OR11G2,
OR11H1,
OR11H12,
OR11H2,
OR11H6,
OR11L1,
OR12D1,
OR12D2,
OR12D3,
OR13A1,
OR13C2,
OR13C3,
OR13C4,
OR13C5,
OR13C6P,
OR13C7,
OR13C8,
OR13C9,
OR13D1,
OR13F1,
OR13G1,
OR13H1,
OR13J1,
OR14A16,
OR14A2,
OR14C36,
OR14I1,
OR14J1,
OR14K1,
OR14L1P,
OR1A1,
OR1B1,
OR1C1,
OR1D2,
OR1D4,
OR1D5,
OR1E1,
OR1E2,
OR1E3,
OR1F1,
OR1F12,
OR1F2P,
OR1G1,
OR1I1,
OR1J1,
OR1J2,
OR1J4,
OR1K1,
OR1L1,
OR1L3,
OR1L4,
OR1L6,
OR1L8,
OR1M1,
OR1N1,
OR1N2,
OR1P1,
OR1Q1,
OR1S1,
OR1S2,
OR2A1,
OR2A12,
OR2A14,
OR2A2,
OR2A25,
OR2A42,
OR2A5,
OR2A7,
OR2AE1,
OR2AG1,
OR2AG2,
OR2AJ1,
OR2AK2,
OR2AP1,
OR2AT4,
OR2B11,
OR2B2,
OR2B3,
OR2B6,
OR2B8P,
OR2C1,
OR2C3,
OR2D2,
OR2D3,
OR2F1,
OR2F2,
OR2G2,
OR2G3,
OR2G6,
OR2H1,
OR2I1P,
OR2J1,
OR2J2,
OR2J3,
OR2K2,
OR2L13,
OR2L2,
OR2L3,
OR2L5,
OR2L8,
OR2M2,
OR2M3,
OR2M4,
OR2M5,
OR2M7,
OR2S2,
OR2T1,
OR2T10,
OR2T11,
OR2T12,
OR2T2,
OR2T27,
OR2T29,
OR2T3,
OR2T33,
OR2T34,
OR2T35,
OR2T4,
OR2T5,
OR2T6,
OR2T7,
OR2T8,
OR2V1,
OR2V2,
OR2W1,
OR2W3,
OR2W5P,
OR2W6P,
OR2Y1,
OR2Z1,
OR3A1,
OR3A2,
OR3A3,
OR4A15,
OR4A16,
OR4A47,
OR4A4P,
OR4A5,
OR4A8,
OR4B1,
OR4C11,
OR4C12,
OR4C13,
OR4C15,
OR4C16,
OR4C3,
OR4C45,
OR4C46,
OR4C5,
OR4C6,
OR4D1,
OR4D10,
OR4D11,
OR4D2,
OR4D5,
OR4D6,
OR4D9,
OR4E1,
OR4E2,
OR4F15,
OR4F16,
OR4F17,
OR4F21,
OR4F29,
OR4F3,
OR4F4,
OR4F5,
OR4F6,
OR4K1,
OR4K13,
OR4K14,
OR4K15,
OR4K17,
OR4K2,
OR4K3,
OR4K5,
OR4L1,
OR4M1,
OR4M2,
OR4M2B,
OR4N2,
OR4N4,
OR4N5,
OR4P4,
OR4Q2,
OR4Q3,
OR4S1,
OR4S2,
OR4X1,
OR4X2,
OR51A2,
OR51A4,
OR51A7,
OR51B2,
OR51B4,
OR51B5,
OR51B6,
OR51D1,
OR51E1,
OR51F1,
OR51F2,
OR51G1,
OR51G2,
OR51H1,
OR51I1,
OR51I2,
OR51J1,
OR51L1,
OR51M1,
OR51Q1,
OR51S1,
OR51T1,
OR51V1,
OR52A1,
OR52A4P,
OR52A5,
OR52B2,
OR52B6,
OR52D1,
OR52E1,
OR52E2,
OR52E4,
OR52E5,
OR52E6,
OR52E8,
OR52H1,
OR52I1,
OR52I2,
OR52J3,
OR52K1,
OR52K2,
OR52L1,
OR52L2P,
OR52M1,
OR52N1,
OR52N2,
OR52N4,
OR52N5,
OR52P1P,
OR52R1,
OR52W1,
OR52Z1,
OR56A1,
OR56A3,
OR56A4,
OR56A5,
OR56B1,
OR56B2P,
OR56B4,
OR5A1,
OR5A2,
OR5AC1,
OR5AC2,
OR5AK2,
OR5AK3P,
OR5AL1,
OR5AN1,
OR5AP2,
OR5AR1,
OR5AS1,
OR5AU1,
OR5B12,
OR5B17,
OR5B2,
OR5B21,
OR5B3,
OR5C1,
OR5D13,
OR5D14,
OR5D16,
OR5D18,
OR5F1,
OR5G3,
OR5H1,
OR5H14,
OR5H15,
OR5H2,
OR5H6,
OR5H8,
OR5I1,
OR5J2,
OR5K1,
OR5K2,
OR5K3,
OR5K4,
OR5L1,
OR5L2,
OR5M1,
OR5M10,
OR5M11,
OR5M3,
OR5M8,
OR5M9,
OR5P2,
OR5P3,
OR5T1,
OR5V1,
OR5W2,
OR6A2,
OR6B1,
OR6B2,
OR6B3,
OR6C1,
OR6C2,
OR6C3,
OR6C4,
OR6C6,
OR6C65,
OR6C68,
OR6C70,
OR6C74,
OR6C75,
OR6C76,
OR6F1,
OR6J1,
OR6K2,
OR6K3,
OR6K6,
OR6M1,
OR6N1,
OR6N2,
OR6P1,
OR6Q1,
OR6S1,
OR6V1,
OR6X1,
OR6Y1,
OR7A10,
OR7A17,
OR7A2P,
OR7A5,
OR7C1,
OR7C2,
OR7D2,
OR7D4,
OR7E24,
OR7G1,
OR7G2,
OR7G3,
OR8A1,
OR8B12,
OR8B2,
OR8B3,
OR8B4,
OR8B8,
OR8D1,
OR8D2,
OR8D4,
OR8G1,
OR8G2P,
OR8G3P,
OR8G5,
OR8H1,
OR8H2,
OR8H3,
OR8I2,
OR8J1,
OR8J2,
OR8J3,
OR8K1,
OR8K3,
OR8K5,
OR8S1,
OR8U1,
OR8U3,
OR8U8,
OR8U9,
OR9A1P,
OR9A2,
OR9A4,
OR9G1,
OR9G4,
OR9G9,
OR9I1,
OR9K2,
OR9Q1,
OR9Q2,
MIR508,
OSCP1,
SGCA,
SP2,
TM4SF4,
ADAMTS20,
HPS5,
LRMDA,
ADAM20,
ADAM21,
ADAM28,
ADAM29,
AGFG1,
ANKRD49,
ASCL2,
BPY2,
BPY2B,
BPY2C,
C3orf62,
C9orf24,
CATSPERB,
CATSPERG,
CCDC182,
CDY1,
CDY1B,
CDY2A,
CDY2B,
CFAP97,
CNBD2,
COL9A3,
CREM,
DACH2,
DAZAP1,
GGNBP1,
GOLGA3,
GTSF1,
HERC4,
HSF2,
IRF2BPL,
LHFPL2,
MAMLD1,
MEA1,
MORN2,
MROH2B,
MYCBP,
NKAPL,
NLRP14,
NR2C2,
ODF1,
ODF3,
ODF4,
PARP11,
PLAC1,
PMFBP1,
PRSS21,
PRSS42P,
RAI14,
RBMY1B,
RNF151,
RNF38,
RTCB,
SF1,
SNRPA1,
SPAG4,
SPANXA1,
SPANXA2,
SPATA16,
SPATA19,
SPATA24,
SPATA25,
SPATA31A1,
SPATA31A3,
SPATA31A5,
SPATA31A6,
SPATA31A7,
SPATA31C1,
SPATA31C2,
SPATA31D1,
SPATA31D3,
SPATA31D4,
SPATA31E1,
SPATA32,
SPATA6L,
SPATA9,
SPOCD1,
SPRR2A,
SRY,
STOX2,
TAF4,
TAF7L,
TBATA,
TCFL5,
TDRP,
TSGA10,
TSNAX,
TSNAXIP1,
TSPAN8,
TSSK3,
TXNDC8,
UTF1,
ZFP41,
ZNF296,
ZNF541,
ZNF568,
ZNF628,
ZSCAN2,
NADSYN1,
ME2,
CAPN8,
CAPN9,
CLPSL1,
CLPSL2,
CTRB1,
CTRB2,
LRCOL1,
PGA3,
PGA4,
PGA5,
PIR,
CLMP,
GIN1,
KRBA2,
NYNRIN,
THAP9,
ZNF91,
ZNF93,
HEMK1,
MAPT-AS1,
PGBD5,
REXO2,
RLF,
SUB1,
TATDN1,
TSN,
VRTN,
EAF1,
EAPP,
ELL,
ELL2,
ELOA,
ELOA2,
ELOA3CP,
ELOF1,
ELP2,
ELP4,
ENSG00000288607,
ENSG00000288616,
ENSG00000288631,
HTATSF1,
NELFA,
NELFB,
NELFCD,
NELFE,
POLR1E,
RN7SK,
SUPT5H,
TCEA2,
TCERG1,
WDR43,
ZNF326,
BDP1,
BRF1,
CAND1,
CAVIN1,
GTF2A1,
GTF2A2,
GTF2B,
GTF2E1,
GTF2E2,
MED14,
MED16,
MED17,
MED23,
MED24,
MED26,
MED27,
MED30,
MED4,
MED7,
NAT14,
POLR1F,
RRN3P1,
RRN3P2,
SNAPC5,
TAF11L2,
TAF12,
TAF13,
TAF1B,
TAF1C,
TAF5,
TBP,
TBPL2,
TFAM,
TFB1M,
TFB2M,
MED18,
MTERF2,
PCF11,
POLR1H,
POLR2A,
SMN1,
SMN2,
TTF2,
LMX1B,
BCDIN3D,
DGCR8,
HENMT1,
MYCN,
PUS10,
RMRP,
SNIP1,
SRRT,
ZC3H7A,
ZC3H7B,
C1QTNF5,
CEBPD,
LRP10,
MYCL,
THSD4,
CIAPIN1,
ENOX2,
FDX2,
P4HA2,
PDIA5,
WDR93,
CDC40,
PPIL1,
FLT3LG,
C2orf49,
SUPT20H,
SIM2,
HOXD1,
KIAA1217,
CENPU,
CHTOP,
CIR1,
CMIP,
DHX35,
DLX4,
EGFL8,
FERD3L,
FOXD3,
KIFBP,
MAFF,
MYBPHL,
RAI2,
RBM19,
ANKRD50,
CCDC93,
CMTM6,
DENND1A,
DENND1C,
VPS35L,
ANKRD13B,
ANKRD13D,
ARHGAP27,
ATP9B,
CD163L1,
CLINT1,
ENDOU,
ENTHD1,
EPN3,
EPS15L1,
ESYT2,
FKBP15,
FNBP1,
GAPVD1,
GULP1,
HHIPL1,
LDLRAD3,
LRP1B,
MARCHF3,
NECAP1,
NECAP2,
OCIAD1,
PGBD1,
PRG4,
PRSS12,
RABEPK,
REPS1,
REPS2,
RIN1,
RINL,
RUFY1,
RUFY2,
SCAMP1,
SCARA3,
SRL,
SSC4D,
STON1,
STON2,
TEX261,
TMPRSS13,
TMPRSS15,
TMPRSS5,
TOM1,
WDR54,
ALS2CL,
ANXA8,
ANXA8L1,
ARMH3,
ATL2,
ATL3,
ATP8B2,
ATP8B4,
BET1,
BNIP1,
CAVIN2,
COG1,
COG2,
COG4,
COG5,
COG6,
COG8,
DMKN,
DNAJC28,
ESYT1,
ESYT3,
FAM174B,
FER1L4,
GOLGA5,
LMAN1L,
LMAN2,
LMAN2L,
LMNB1,
LYSMD3,
NEMP1,
PDE4DIP,
PLSCR2,
PLSCR5,
POLR2M,
PRX,
RAB2A,
RAB30,
REEP5,
STAM2,
STEEP1,
SUN3,
SYNGR2,
TANGO2,
TJAP1,
TMCC1,
TMEM127,
TMEM170A,
TMEM43,
WASHC4,
YIPF4,
YIPF7,
ZFP69B,
ZNF501,
CNIH4,
COPE,
CTAGE1,
CTAGE15,
CTAGE3P,
CTAGE4,
CTAGE6,
CTAGE8,
CTAGE9,
ERGIC1,
ERGIC2,
GOLT1A,
GOSR2,
MIA2,
NRBP1,
NRBP2,
SEC22A,
SEC22C,
TRAPPC1,
TRAPPC2,
TRAPPC2B,
TRAPPC2L,
TRAPPC3,
TRAPPC3L,
TRAPPC5,
TRAPPC6B,
USE1,
YIF1A,
AP5B1,
AP5M1,
CHMP4BP1,
DPY30,
TINAGL1,
TMEM50A,
TMEM50B,
SAMD9,
VPS8,
GPRASP1,
NRAS,
EDF1,
BCAS1,
CMTM8,
MAL2,
PLLP,
SBF2,
ZNF24,
RPUSD1,
RPUSD2,
TSR3,
AKT1S1,
ANGPTL1,
ANKS1B,
BTBD11,
CNKSR1,
DOK2,
DOK3,
DOK4,
DOK5,
DOK6,
FAM83A,
FAM83B,
GFRA2,
GFRA4,
GIGYF1,
INHBC,
INHBE,
MUC20,
MVP,
PDE6G,
PDE6H,
PDGFRL,
POLR1G,
RBPMS,
SAMD10,
SAMD12,
SH2B1,
SH2D6,
SHC2,
SHC4,
SHKBP1,
ZFYVE28,
ZGPAT,
CNFN,
ETV4,
FOSL2,
IVL,
KAZN,
KRT10,
KRTAP6-1,
KRTAP6-2,
KRTAP6-3,
LCE1A,
LCE1B,
LCE1C,
LCE1E,
LCE1F,
LCE2A,
LCE2B,
LCE2C,
LCE2D,
LCE3D,
LCE3E,
LCE4A,
LCE5A,
LCE6A,
OVOL3,
SPRR1A,
SPRR1B,
SPRR2B,
SPRR2D,
SPRR2E,
SPRR2F,
SPRR2G,
SPRR3,
SPRR4,
TGM3,
TMEM132E,
ZBED2,
C1orf68,
CALML5,
CST6,
FOXQ1,
KRT85,
KRTAP21-1,
KRTAP5-9,
KRTDAP,
SOX21,
STS,
TGM5,
ZNF750,
SERPINB13,
ADAMTSL4,
ACTL8,
ANXA7,
EHF,
HNRNPH3,
MIR18B,
MSI1,
PTER,
SYNE4,
TAGLN,
TAGLN2,
UPK1A,
UPK2,
BTBD10,
FABP7,
FMC1,
RETNLB,
WDR13,
MCRIP1,
S100A4,
USF3,
CA9,
RIPK4,
SIM1,
EPHX3,
ARHGAP8,
C1QL4,
C3orf33,
DENND2B,
PSCA,
AHSP,
ANKRD54,
CDIN1,
KLF13,
P4HTM,
TMEM14C,
FRMD4A,
FRMD4B,
IRAG2,
LSG1,
LTV1,
STARD3NL,
TMEM230,
AAGAB,
ACAP1,
AFM,
AFTPH,
AGAP1,
APBB3,
ARHGAP33,
ARRDC2,
ARRDC4,
ARRDC5,
ATG4A,
ATG4C,
DNAJC14,
EXOC3,
GOLT1B,
KTN1,
MAMDC4,
MCFD2,
MTX3,
MYOM1,
NPIPA1,
NUP160,
NUP205,
NUP210,
NXF1,
PLEKHF2,
RAB2B,
RAB36,
RAB37,
RAB3IL1,
RABIF,
SCAMP2,
SCAMP3,
SCAMP4,
SELENBP1,
SERGEF,
SFT2D1,
SFT2D2,
SFT2D3,
SLC7A6OS,
SNX20,
SNX21,
SNX22,
SNX24,
STXBP5L,
TANGO6,
TMEM115,
TVP23A,
TVP23B,
TVP23C,
VPS13B,
C12orf50,
CPSF6,
DDX19A,
DDX19B,
DDX39A,
FYTTD1,
HNRNPA1L2,
HNRNPA3,
IWS1,
LUZP4,
NOL6,
NXF2,
NXF2B,
NXF3,
NXF5,
RFTN2,
RTRAF,
SIDT1,
SRSF3,
SRSF7,
ZC3H11A,
ZC3H11B,
AIFM3,
CIDEC,
MTRNR2L1,
MTRNR2L10,
MTRNR2L11,
MTRNR2L12,
MTRNR2L13,
MTRNR2L2,
MTRNR2L3,
MTRNR2L4,
MTRNR2L6,
MTRNR2L7,
MTRNR2L8,
MTRNR2L9,
IGSF3,
EXOC3L2,
EXOC3L4,
EXOC1L,
LGI3,
SCRN1,
SYCN,
SYT16,
ADAMTS10,
ADAMTS17,
ADAMTS19,
ADAMTSL3,
ADAMTSL5,
C6orf15,
COL10A1,
COL23A1,
COL24A1,
COL4A4,
COL9A2,
GFOD2,
IMPG1,
MARCOL,
MIA,
OLFML2A,
OLFML2B,
PAPLN,
QSOX1,
ST7,
ZNF469,
ZNF653,
ACSS3,
OXCT2,
FABP12,
FABP5P3,
FABP6,
PLIN2,
PMP2,
RBP5,
RBP7,
AAMDC,
ADIRF,
ANKRD26,
DLK2,
FAM120B,
JDP2,
MEDAG,
MIR548D1,
OSBPL11,
RUNX1T1,
TMEM120B,
WDFY2,
ZBTB7C,
GC,
TOB2,
FAM170A,
GLIPR1L1,
IGSF8,
LCN6,
OVCH2,
SPACA7,
XKRY,
F11,
PROS1,
SERPINB2,
API5,
STK17A,
STK17B,
MED25,
FLAD1,
RNU4-1,
RNU4-2,
RNU5A-1,
RNU5B-1,
RNU5D-1,
RNU5E-1,
RNU5F-1,
RNU6-1,
RNU6-7,
RNU6-9,
DDX3Y,
NR6A1,
SPIN3,
SPIN4,
NGB,
COX6C,
FECH,
UQCR11,
CACNA2D1-AS1,
CARMN,
DNM3OS,
ENSG00000286028,
ENSG00000286760,
HELZ,
HOXA10-AS,
LINC00461,
LL22NC03-63E9.3,
MIR1-2,
MIR101-2,
MIR103A2,
MIR103B1,
MIR103B2,
MIR105-2,
MIR1178,
MIR1180,
MIR1183,
MIR1185-1,
MIR1185-2,
MIR1197,
MIR1207,
MIR1208,
MIR122,
MIR1225,
MIR1226,
MIR1227,
MIR1237,
MIR124-1,
MIR124-2,
MIR124-3,
MIR1249,
MIR1251,
MIR1253,
MIR1255B1,
MIR125B2,
MIR1265,
MIR127,
MIR1275,
MIR1277,
MIR128-2,
MIR1283-1,
MIR1283-2,
MIR1287,
MIR129-2,
MIR1296,
MIR1302-2,
MIR1302-4,
MIR1302-5,
MIR1306,
MIR1307,
MIR133A1HG,
MIR133A2,
MIR135A2,
MIR137HG,
MIR138-2,
MIR139,
MIR147B,
MIR151A,
MIR153-2,
MIR154,
MIR155HG,
MIR16-2,
MIR181A1,
MIR1827,
MIR184,
MIR190A,
MIR190B,
MIR191,
MIR1912,
MIR193B,
MIR194-2,
MIR194-2HG,
MIR196A2,
MIR196B,
MIR199A2,
MIR19B2,
MIR202,
MIR203B,
MIR211,
MIR216A,
MIR216B,
MIR218-2,
MIR219A2,
MIR219B,
MIR22HG,
MIR23AHG,
MIR23B,
MIR24-2,
MIR26A2,
MIR29B2,
MIR29B2CHG,
MIR300,
MIR301A,
MIR302B,
MIR3065,
MIR3074,
MIR3120,
MIR3142HG,
MIR3179-2,
MIR3180-2,
MIR3180-3,
MIR3180-4,
MIR3180-5,
MIR3184,
MIR323B,
MIR326,
MIR329-2,
MIR330,
MIR331,
MIR340,
MIR34AHG,
MIR3529,
MIR3591,
MIR3619,
MIR363,
MIR365B,
MIR3661,
MIR367,
MIR3677HG,
MIR369,
MIR371A,
MIR374B,
MIR374C,
MIR376A2,
MIR376B,
MIR376C,
MIR381,
MIR382,
MIR384,
MIR409,
MIR412,
MIR422A,
MIR423,
MIR425,
MIR429,
MIR432,
MIR449B,
MIR449C,
MIR450A1,
MIR450A2,
MIR450B,
MIR451B,
MIR452,
MIR454,
MIR4686,
MIR484,
MIR485,
MIR486-1,
MIR486-2,
MIR487A,
MIR489,
MIR490,
MIR496,
MIR499B,
MIR500A,
MIR500B,
MIR502,
MIR511,
MIR514A1,
MIR516A1,
MIR516A2,
MIR516B1,
MIR516B2,
MIR517A,
MIR517B,
MIR517C,
MIR518A1,
MIR518A2,
MIR518C,
MIR518D,
MIR518E,
MIR518F,
MIR519A1,
MIR519A2,
MIR519B,
MIR519C,
MIR519E,
MIR520F,
MIR521-1,
MIR521-2,
MIR522,
MIR523,
MIR524,
MIR525,
MIR526A1,
MIR526A2,
MIR526B,
MIR527,
MIR532,
MIR539,
MIR542,
MIR544A,
MIR548A3,
MIR548AA2,
MIR548AJ2,
MIR548AZ,
MIR548D2,
MIR548H2,
MIR548H3,
MIR548H4,
MIR548M,
MIR548X2,
MIR549A,
MIR550A1,
MIR550A2,
MIR550A3,
MIR550B1,
MIR550B2,
MIR551A,
MIR551B,
MIR552,
MIR553,
MIR554,
MIR556,
MIR557,
MIR558,
MIR5588,
MIR562,
MIR563,
MIR567,
MIR569,
MIR572,
MIR574,
MIR575,
MIR576,
MIR577,
MIR578,
MIR580,
MIR581,
MIR582,
MIR583,
MIR584,
MIR586,
MIR589,
MIR592,
MIR593,
MIR595,
MIR597,
MIR598,
MIR599,
MIR600,
MIR600HG,
MIR601,
MIR604,
MIR605,
MIR607,
MIR609,
MIR611,
MIR612,
MIR615,
MIR616,
MIR618,
MIR621,
MIR624,
MIR625,
MIR626,
MIR628,
MIR631,
MIR632,
MIR633,
MIR636,
MIR639,
MIR642A,
MIR643,
MIR648,
MIR649,
MIR650,
MIR651,
MIR652,
MIR653,
MIR654,
MIR655,
MIR656,
MIR660,
MIR661,
MIR662,
MIR663A,
MIR663B,
MIR668,
MIR671,
MIR676,
MIR7-1,
MIR7-2,
MIR7-3,
MIR744,
MIR760,
MIR761,
MIR764,
MIR765,
MIR767,
MIR769,
MIR770,
MIR802,
MIR874,
MIR875,
MIR876,
MIR885,
MIR887,
MIR889,
MIR891A,
MIR891B,
MIR9-2,
MIR9-3,
MIR922,
MIR924,
MIR92A2,
MIR934,
MIR936,
MIR937,
MIR938,
MIR940,
MIR942,
MIR944,
MIRLET7A2,
MIRLET7A3,
MIRLET7BHG,
MIRLET7D,
MIRLET7F2,
SPACA6P-AS,
SERPINA6,
FRRS1L,
GRIA3,
GRIA4,
PITPNB,
SORCS1,
BNIPL,
BRMS1L,
CREG1,
UBE2E3,
NPBWR2,
GPR171,
GPR34,
GPR87,
P2RY14,
ADGRA1,
ADGRA3,
ADGRF2,
ADGRF3,
ADGRF4,
ARHGEF1,
ARHGEF12,
CGB1,
CGB2,
ECEL1,
GAST,
GIT2,
GNB1L,
GNB2,
GNG10,
GNG11,
GNG12,
GNG13,
GNG14,
GNG5,
GNG7,
GNG8,
GPR135,
GPR139,
GPR141,
GPR142,
GPR146,
GPR150,
GPR151,
GPR152,
GPR153,
GPR160,
GPR162,
GPR179,
GPR180,
GPR182,
GPR19,
GPR25,
GPR39,
GPR42,
GPR45,
GPR63,
GPR82,
GPR83,
GPR84,
GPR85,
GPRC6A,
HCAR1,
HCAR3,
KCTD16,
KCTD8,
KISS1R,
MAS1L,
MCHR2,
MLNR,
MRGPRD,
MRGPRE,
MRGPRF,
MRGPRG,
MRGPRX3,
MRGPRX4,
NMBR,
NPFFR1,
NPY4R2,
NPY6R,
NTS,
NTSR2,
NXPH2,
NXPH3,
NXPH4,
OXGR1,
PIK3R5,
PLCB4,
PROKR1,
PTH2,
QRFPR,
RAPGEFL1,
RASD1,
RGS11,
RGS12,
RGS13,
RGS16,
RGS17,
RGS18,
RGS19,
RGS20,
RGS21,
RGS3,
RGS5,
RGS6,
RGS7BP,
RIC8B,
TAAR1,
TAAR2,
TAAR3P,
TAAR5,
TAAR6,
TAAR8,
TAAR9,
TMEM145,
TRHR,
VN1R1,
VN1R17P,
VN1R2,
VN1R3,
VN1R4,
VN1R5,
ARMC6,
C12orf29,
HEATR9,
KRT75,
NUDT21,
PRRC2C,
SERPINB12,
SP7,
TMEM190,
TMEM91,
WDR38,
WDR7,
ZBTB24,
ZFAT,
ZNF784,
ZSWIM9,
ARMCX1,
EMCN,
MYCT1,
ZNF251,
ANXA5,
F13A1,
F13B,
F9,
GGCX,
HGFAC,
PAFAH2,
PROCR,
PROZ,
SERPIND1,
FRMD1,
SCHIP1,
PRDM4,
PRMT8,
PADI1,
PADI3,
ELK4,
MIDEAS,
MIER2,
MIER3,
MSL3,
MSL3P1,
RCOR2,
RCOR3,
SIN3B,
TBL1Y,
SF3B3,
SF3B5,
SUPT3H,
TADA1,
TAF5L,
NAA40,
PCGF1,
PCGF6,
EZHIP,
CXXC1,
DYDC1,
DYDC2,
NFYA,
NFYB,
NFYC,
WDR5B,
WDR82,
ZNF274,
MSL2,
PWP1,
FBL,
PAXBP1,
PRDM13,
TRMT112,
CPA4,
GLYR1,
HIPK4,
PHC1,
PHF20L1,
THAP7,
CPSF2,
ZNF473,
SERPINA7,
NOXA1,
SQOR,
CPA1,
DPEP2,
CNIH1,
DPP8,
FCAR,
FCER1A,
FCGR2A,
FCGR2C,
FCGR3B,
FCGRT,
FCRLB,
GPR108,
GRAMD4,
HCST,
IGSF6,
IRAK1BP1,
KAAG1,
KIR2DL1,
KIR2DL3,
KIR2DS1,
KIR2DS5,
LRRC14,
NCR3LG1,
NFILZ,
PIANP,
PKHD1L1,
RAET1L,
RFX1,
SECTM1,
TCF12,
TRGC2,
VPREB1,
VPREB3,
WDFY1,
CRIP2,
CTNNBL1,
FAXDC2,
GAB3,
PURB,
SNRK,
ZNF160,
SACS,
PLEKHO2,
MICOS10,
MTX2,
TMEM11,
CA8,
MUC5AC,
PIK3IP1,
PLCH1,
PLGLB1,
PLGLB2,
RGL2,
ADAM11,
SYNC,
PITPNA,
PITPNC1,
PRELID2,
PRELID3A,
PRELID3B,
STARD5,
ARMC1,
CLUH,
RELCH,
SCP2D1,
HNF4G,
NR1I3,
ZNF536,
ANP32A,
ANP32C,
CLBA1,
CRYAA,
HEBP2,
HGSNAT,
RITA1,
SDCBP2,
LASP1,
TMC3,
TMC4,
TMC5,
TMC6,
TMC7,
SLC22A15,
SLC22A20P,
SLC22A23,
SLC22A31,
IBA57,
ISCA1,
ISCA2,
LYRM4,
NFU1,
C18orf32,
CARD19,
CC2D1A,
CXXC5,
LURAP1L,
MIB2,
PELI2,
TAB3,
TBKBP1,
TIAF1,
TMEM101,
TMEM9B,
LDHD,
GIMAP8,
LGALS14,
LGALS16,
PTCRA,
ACBD3,
ERG28,
HINT2,
HSD17B13,
HULC,
SDR42E1,
SDR42E2,
DDHD1,
HSD11B1,
HSD17B14,
IAH1,
LDAH,
LIPJ,
PLCXD2,
PLCXD3,
PNLIPRP3,
LDAF1,
ABCA10,
ABCA6,
ABCA9,
APOL4,
APOL5,
APOL6,
ATP10B,
CFHR4,
MEST,
PLIN3,
SPNS1,
SPNS3,
STARD10,
STARD6,
STOML1,
TMEM30CP,
ARSA,
BDH1,
C1QTNF2,
CYP4X1,
EBPL,
FNTB,
GDPD4,
GDPD5,
GLYATL3,
GOLM1,
JAZF1,
LACTB,
LIPT1,
OPA3,
PGAP6,
PLCXD1,
PNLIPRP1,
UGT2B10,
VSIG2,
ZFP69,
ZNF202,
ABHD13,
LYPLAL1,
C1QTNF8,
CCDC25,
CMTM1,
CMTM2,
CMTM5,
IER2,
LECT2,
CNPY2,
DPPA4,
CLVS1,
CLVS2,
ATP6V0B,
CAPNS1,
EPM2A,
GPSM1,
SCOC,
TMEM74,
ASB11,
ASB5,
ASB9,
CTRL,
PJA1,
PRSS16,
TIMP2,
MED15,
MED28,
MED6,
ZC3H13,
ZNF322,
BRAP,
DIRAS1,
DIRAS2,
MAP3K21,
MAP3K9,
MAP4K5,
NENF,
PEBP1,
RASGRP3,
RCE1,
SBK2,
STK38,
C1D,
FTSJ3,
LAS1L,
MAK16,
MPHOSPH6,
NSA2,
RPF1,
RRP15,
URB1,
DDX18,
MRPL1,
NIFK,
NOP2,
DCAF13,
DDX52,
ENSG00000275464,
HEATR1,
NOL10,
NOL11,
PWP2,
RIOK1,
SLX9,
SRFBP1,
TSR2,
UTP4,
UTP6,
WDR3,
WDR46,
GCA,
VAMP1,
SH3GLB2,
SPPL2C,
ZFP64,
ASMTL,
CMTR1,
CMTR2,
COMTD1,
CSKMT,
DIMT1,
EEF1AKMT1,
EEF1AKMT2,
EEF1AKMT3,
EEF1AKMT4,
EEF2KMT,
FAM86B1,
FAM86B2,
FAM86C1P,
FAM86C2P,
FAM98B,
FDXACB1,
GTPBP3,
METTL1,
METTL15,
METTL15P1,
METTL21A,
METTL21EP,
METTL22,
METTL24,
METTL25,
METTL25B,
METTL2A,
METTL2B,
METTL6,
METTL7A,
METTL7B,
METTL8,
METTL9,
MRM1,
MRM2,
MRM3,
MTO1,
NDUFAF5,
NDUFAF7,
NSUN4,
NSUN5P1,
NSUN5P2,
NSUN6,
NSUN7,
NTMT2,
PCMT1,
PCMTD1,
PCMTD2,
PRDM10,
PRMT9,
RAMAC,
RNMT,
SETD9,
SNRPD3,
TARBP1,
TGS1,
THUMPD2,
THUMPD3,
TRMO,
TRMT1,
TRMT10A,
TRMT11,
TRMT12,
TRMT13,
TRMT2A,
TRMT2B,
TRMT44,
TRMT5,
TRMT6,
TRMT61A,
TRMT61B,
TRMT9B,
TYW3,
VCPKMT,
VIRMA,
DNAH10,
DNAH12,
DNAL4,
DYNLRB2,
DYNLT2,
DYNLT4,
DYNLT5,
KIF12,
KIF21A,
KIF21B,
KIF6,
KIF7,
MEMO1,
MTFP1,
TMEM135,
MIGA1,
MIGA2,
VAT1,
MRPL12,
POLRMT,
PRORP,
PUS1,
TRIT1,
TRNT1,
SLC25A36,
ATPAF1,
ATPAF2,
TMEM242,
TMEM70,
HIGD1A,
HIGD1B,
HIGD1C,
HIGD2A,
HIGD2B,
RAB5IF,
DMAC1,
FOXRED1,
NDUFA11,
NDUFAF3,
NDUFAF6,
NDUFAF8,
NDUFB11,
SDHAF1,
TMEM126B,
TMEM186,
DDX28,
MTERF3,
SLC25A52,
MSTO1,
ATAD3B,
ATAD3C,
GABPB1,
PYROXD2,
UGT2A3,
CPSF1,
CPSF4,
CPSF4L,
CPSF7,
CSTF1,
CSTF2T,
CSTF3,
FIP1L1,
PAPOLA,
PAPOLB,
PAPOLG,
RPRD2,
SNRPA,
ISY1,
SF3A1,
SF3A3,
LINC01715,
PRPF39,
PSIP1,
RNU1-4,
RNU11,
RNU4ATAC,
RNU6ATAC,
RNVU1-1,
RNVU1-14,
RNVU1-15,
RNVU1-17,
RNVU1-19,
RNVU1-2A,
RNVU1-3,
RNVU1-4,
RNVU1-6,
RNVU1-7,
RNVU1-8,
SNRPC,
WEE2-AS1,
CWC15,
NCBP2L,
PRPF40B,
PRPF4B,
SNRNP200,
WBP11,
WBP4,
RNASE4,
AAR2,
APOBEC4,
AQR,
ARL6IP4,
ATXN2L,
BCAS2,
BUD13,
BUD31,
C9orf78,
CD2BP2,
CLASRP,
COIL,
CRNKL1,
CWC22,
CWC25,
CWC27,
CWF19L1,
CWF19L2,
DBR1,
DDX41,
DDX46,
DHX15,
DHX16,
DHX38,
DNAJB11,
ENSG00000259697,
ESS2,
FRG1,
GCFC2,
GEMIN2,
GEMIN4,
GEMIN6,
GEMIN7,
GEMIN8,
GPATCH1,
GPKOW,
HNRNPF,
HNRNPH1,
HNRNPLL,
HNRNPR,
KHDC4,
LSM3,
LSM8,
LUC7L,
LUC7L2,
LUC7L3,
MFAP1,
OVAAL,
PABPC3,
PCBP3,
PDCD11,
PHF5A,
PHRF1,
PPIE,
PPIH,
PPIL3,
PPWD1,
PRKRIP1,
PRPF3,
PRPF31,
PRPF38A,
PRPF38B,
PRPF4,
PRPF6,
PUS3,
RBM23,
RBM26,
RBM27,
RBM28,
RBM39,
RBM41,
RBM42,
RBM6,
RBMX2,
RBMXL1,
RBMXL2,
RBMXL3,
RBMY1D,
RBMY1E,
RNPC3,
RNU2-1,
SCAF1,
SCAF11,
SF3B1,
SF3B2,
SF3B4,
SLTM,
SMNDC1,
SNRNP25,
SNRNP27,
SNRNP35,
SNRNP40,
SNRNP48,
SNRPB2,
SNRPD1,
SNRPD2,
SNRPE,
SNRPF,
SNRPG,
SNRPGP15,
SNRPN,
SREK1,
SREK1IP1,
SRPK3,
SRRM1,
SRRM2,
SRSF11,
SRSF4,
SRSF8,
STH,
SUGP1,
SUGP2,
TFCP2,
TRA2A,
TRUB1,
TSEN15,
TSEN2,
TSEN34,
TSEN54,
U2AF1,
U2AF1L4,
U2AF2,
ZCRB1,
ZMAT2,
ZMAT5,
ZRANB2,
ZRSR2,
ZRSR2P1,
PVALEF,
TNNC2,
LRP11,
PAPPA,
PSG1,
PSG11,
PSG4,
PSG5,
PSG6,
PSG7,
PZP,
RLN1,
CAMTA2,
GTF2IRD1,
MLIP,
TRIM63,
FBXO40,
MAMSTR,
MRTFB,
SPEG,
NAA35,
OGN,
ZNF143,
MYH1,
MYL5,
MYOM3,
PPP1R12B,
SMPX,
SNTB1,
ANKRD33,
BORCS8-MEF2B,
BTBD1,
CAVIN4,
EID2B,
FOXN2,
HIVEP3,
HLF,
ITGB1BP2,
MEF2B,
MKX,
PAX7,
PRR14,
VGLL2,
ZBTB18,
ZBTB42,
ZNF689,
NMRK2,
PLEKHM3,
NADK2,
TP53I3,
NAXD,
NMRK1,
CT45A1,
CT45A10,
CT45A2,
CT45A3,
CT45A5,
CT45A6,
CT45A7,
CT45A8,
CT45A9,
ELAC1,
INTS1,
INTS12,
INTS14,
INTS2,
INTS5,
INTS6,
INTS6L,
INTS8,
PTCD1,
SAGE1,
SAGE2P,
TOE1,
USB1,
ADAT1,
ADAT3,
ANKRD16,
BRIX1,
C9orf64,
CTU1,
CTU2,
DDX27,
DDX51,
DTWD1,
DTWD2,
DUS1L,
DUS2,
DUS3L,
DUS4L,
EBNA1BP2,
ELP1,
ESF1,
FCF1,
GTF3A,
ICE2,
IMP3,
IMP4,
INTS10,
INTS11,
INTS4,
INTS9,
KRR1,
KTI12,
LAGE3,
MDN1,
MOCS3,
MPHOSPH10,
NOC4L,
NOP56,
NOP58,
OSGEP,
OSGEPL1,
PIN4,
POLR2L,
POP4,
POP5,
POP7,
PPAN,
PUSL1,
QTRT1,
QTRT2,
RBFA,
RNF113B,
RPP14,
RPP21,
RPP25,
RPP25L,
RPP30,
RPP38,
RPPH1,
RRP1,
RRP12,
RRP7BP,
RRP9,
SHQ1,
SNAPC1,
SNAPC2,
SNAPC3,
SNAPC4,
THUMPD1,
TP53RK,
TRMU,
TRPT1,
URM1,
USPL1,
UTP11,
UTP14A,
UTP15,
UTP18,
WDR36,
WDR55,
WDR75,
YBEY,
ZBTB8OS,
TMEM123,
MAGEA6,
BTAF1,
ZFP90,
ZNF593,
ACTRT1,
ASCL3,
BCL7A,
BEND5,
BEND6,
CC2D1B,
CDYL2,
DEPDC1,
DNAJC17,
DPF1,
DPF3,
DRAP1,
ERF,
ETV3,
FOXP4,
GCHFR,
GLIS1,
GLIS3,
HIC2,
HMX1,
IKZF4,
IKZF5,
IRF2BP1,
KCTD1,
KLF12,
KLF8,
LIN37,
LRRFIP1,
MAF1,
MAFK,
MAGEA1,
MAGEA10,
MAGEA11,
MAGEA12,
MAGEA13P,
MAGEA8,
MAGEA9,
MAGEA9B,
MAGEB1,
MAGEB10,
MAGEB16,
MAGEB17,
MAGEB18,
MAGEB2,
MAGEB3,
MAGEB4,
MAGEB5,
MAGEB6,
MAGEC1,
MAGEC3,
MAGED4,
MAGED4B,
MAGEE1,
MAGEE2,
MAGEH1,
MBD1,
MLX,
MOSPD1,
MXD1,
MXD3,
MXD4,
MXI1,
MYPOP,
MZF1,
NACC1,
NFE2L3,
NIF3L1,
NKRF,
PARP15,
PEG3,
PHC2,
PHC3,
PHF10,
PHF12,
POU2F1,
PRAMEF1,
PRAMEF10,
PRAMEF11,
PRAMEF12,
PRAMEF14,
PRAMEF17,
PRAMEF19,
PRAMEF2,
PRAMEF20,
PRAMEF22,
PRAMEF25,
PRAMEF27,
PRAMEF33,
PRAMEF4,
PRAMEF5,
PRAMEF7,
PRAMEF8,
RBAK,
RFX5,
SAMD11,
SAMD13,
SAMD7,
SAP130,
SCML1,
SCML2,
SCML4,
SFMBT2,
SNAI3,
SPEN,
SPINDOC,
SSX1,
TCEAL7,
TCP10L,
TGIF1,
THAP11,
TSC22D4,
VSX2,
YAF2,
ZBTB10,
ZBTB12,
ZBTB2,
ZBTB21,
ZBTB25,
ZBTB26,
ZBTB32,
ZBTB34,
ZBTB37,
ZBTB39,
ZBTB45,
ZBTB5,
ZBTB6,
ZBTB8A,
ZC3H4,
ZC3H6,
ZFP37,
ZFTA,
ZHX1,
ZHX3,
ZIM2,
ZMYM5,
ZNF10,
ZNF12,
ZNF124,
ZNF131,
ZNF133,
ZNF134,
ZNF136,
ZNF140,
ZNF169,
ZNF174,
ZNF177,
ZNF180,
ZNF19,
ZNF20,
ZNF217,
ZNF224,
ZNF239,
ZNF248,
ZNF25,
ZNF253,
ZNF254,
ZNF256,
ZNF263,
ZNF266,
ZNF282,
ZNF337,
ZNF343,
ZNF345,
ZNF350,
ZNF354B,
ZNF391,
ZNF398,
ZNF404,
ZNF425,
ZNF431,
ZNF436,
ZNF439,
ZNF440,
ZNF487,
ZNF491,
ZNF512B,
ZNF529,
ZNF550,
ZNF554,
ZNF555,
ZNF556,
ZNF557,
ZNF558,
ZNF559,
ZNF559-ZNF177,
ZNF560,
ZNF566,
ZNF572,
ZNF582,
ZNF587B,
ZNF589,
ZNF596,
ZNF599,
ZNF608,
ZNF614,
ZNF619,
ZNF620,
ZNF668,
ZNF669,
ZNF674,
ZNF684,
ZNF688,
ZNF69,
ZNF705A,
ZNF705B,
ZNF705D,
ZNF705E,
ZNF705G,
ZNF746,
ZNF749,
ZNF75A,
ZNF764,
ZNF77,
ZNF777,
ZNF778,
ZNF785,
ZNF79,
ZNF846,
ZNF85,
ZNF875,
ZNF891,
ZSCAN10,
PRKAR2A,
A2ML1,
C3P1,
CAMK2N2,
CPAMD8,
CST5,
CST8,
CSTL1,
DAOA,
DBNDD1,
DBNDD2,
ELFN2,
INKA1,
INKA2,
MYCNOS,
NOSIP,
PABIR2,
PABIR3,
PDE6D,
PI15,
PINLYP,
PPP1R12C,
PPP1R14A,
PPP1R14C,
PPP1R27,
PPP1R37,
R3HDML,
RARRES1,
SERPINA11,
SERPINA2,
SERPINA4,
SERPINA9,
SERPINB10,
SERPINB11,
SERPINE3,
SH3BP5,
SH3BP5L,
SIMC1,
SMR3A,
SMR3B,
SPINK14,
SPINK4,
SPINK7,
SPINK8,
SPINK9,
SPINT4,
TNFAIP8,
WFDC8,
AKAIN1,
AGR3,
BNIP2,
C8orf17,
CAPN13,
FANK1,
FMR1-AS1,
HYPK,
NAA16,
NAA38,
PTMA,
TAX1BP1,
TCL1A,
TNFRSF10D,
TNFRSF6B,
TOX3,
PRTG,
DTX1,
NEPRO,
C18orf54,
DELEC1,
H2AC4,
H2AC6,
H2AC8,
TES,
THAP12,
TNFRSF9,
TP53I11,
COMMD6,
NWD1,
HOXA11-AS,
MIR1262,
TCEAL1,
UPK3B,
ZFAT-AS1,
ZNF410,
C16orf72,
LZTR1,
OTUD3,
RASA2,
TNFAIP8L1,
CNRIP1,
LYNX1,
DLK1,
FSCB,
TM4SF20,
NUCB2,
DDIT4L,
MOSMO,
PAK1IP1,
RGS22,
YRDC,
CABP2,
CCDC50,
CEACAM16,
GUCA1C,
LHFPL3,
LOXHD1,
NIPSNAP1,
NYX,
OBP2A,
OTOS,
PRCD,
RABGGTA,
RABGGTB,
RAX2,
USP53,
ZNF354A,
RASSF10,
TAFA1,
BHLHE22,
BHLHE23,
BTBD2,
BTBD6,
CASZ1,
CYB5D2,
IRX6,
MMD2,
NEUROG2,
TCF4,
VXN,
UBE2M,
PRIMA1,
SLC43A3,
ERAL1,
MRPL20,
MRPL22,
NIP7,
DTX2,
DTX3,
ENHO,
MAML2,
MAML3,
FAM118B,
SUMO1P1,
ANGEL1,
ASTE1,
ENDOD1,
EXD3,
HARBI1,
ISG20L2,
KHNYN,
LACTB2,
N4BP2,
REXO1,
REXO1L1P,
REXO5,
RNASE11,
TATDN2,
TATDN3,
ZC3H12B,
ZC3H12C,
AK6,
ASPDH,
GMPR,
GUCA2A,
NMNAT2,
NMNAT3,
NAA20,
NAA25,
NAA30,
NAA11,
METAP1D,
METAP2,
AHCY,
AHCYL2,
CA1,
CA11,
CA13,
CA14,
CA5A,
MAT2A,
MAT2B,
PEX11B,
PEX11G,
BORCS6,
KLC2,
KXD1,
GADL1,
LIPT2,
PDXDC1,
PDXDC2P-NPIPB14P,
CPOX,
HMBS,
MOCOS,
MOCS1,
MOCS2,
PPOX,
RSAD1,
SLC25A39,
TMEM14DP,
TMEM14EP,
UROD,
CLEC11A,
CLEC3A,
HEMGN,
OSTF1,
CRAMP1,
TGM4,
TGM6,
TGM7,
AGBL2,
AGBL3,
ART1,
ART3,
ART5,
ASPHD1,
ASPHD2,
CAMK1G,
CLK1,
CLK3,
CLK4,
DCLK3,
DOCK3,
DOHH,
DYRK4,
FKBP14,
FKBP3,
FKBP7,
FKBP9,
KIAA1586,
MATK,
MTCP1,
NKTR,
P4HA3,
PNCK,
PPIAL4A,
PPIAL4C,
PPIAL4D,
PPIAL4E,
PPIAL4F,
PPIAL4G,
PPIAL4H,
PPIC,
PPIG,
PPIL4,
PPIL6,
PRKY,
QPCT,
QPCTL,
SENP3,
STK32A,
STK32B,
STK32C,
STK38L,
TCL1B,
TMX3,
TPGS2,
TTLL10,
UBA2,
C1orf43,
CD302,
CEACAM4,
NCF4,
ADCK2,
ADCK5,
CAB39L,
CAMKK1,
DAZAP2,
ERG,
FIZ1,
FN3KRP,
HUNK,
KCTD20,
LMTK3,
MAP3K19,
MEX3B,
MYLK4,
NEK5,
PSKH2,
RPS6KC1,
RPS6KL1,
RSKR,
SBK3,
STK19,
STK31,
STKLD1,
AHSA1,
AHSA2P,
DHRSX,
TRIM65,
ZNF618,
ADAP1,
ARAP2,
ARHGAP11A,
ASAP2,
BLID,
CHN2,
DCUN1D1,
DCUN1D2,
DCUN1D4,
DOCK6,
DOCK9,
ELMOD1,
PCOLCE,
PCOLCE2,
PRSS22,
RALGDS,
RALGPS1,
RALGPS2,
RAPGEF5,
RASGEF1B,
RASGEF1C,
RGL1,
RGL3,
RGL4,
WDR41,
ARID3A,
ARID3B,
ARID3C,
ASCL5,
ATAD2B,
ATF7,
BCLAF3,
BEX1,
BICRA,
BICRAL,
CAND2,
CEBPZ,
CITED4,
CREB5,
CREBRF,
CSRNP2,
CSRNP3,
DCAF6,
DDN,
EBF3,
EDRF1,
EGR4,
ELF2,
FHL5,
FOXD2,
FUBP3,
GABPB2,
GMEB1,
GMEB2,
GPBP1,
GPBP1L1,
ILF2,
KLF14,
LBHD1,
MED10,
MED12L,
MED19,
MIR9-1HG,
MLLT10,
MLXIP,
MSANTD1,
MYRFL,
NFE4,
NPAS3,
NRF1,
ONECUT3,
PCBP1,
PPRC1,
PTOV1,
RASL11A,
RBPJL,
RFPL2,
RFPL3,
RFPL4A,
RFPL4AL1,
RFXANK,
RFXAP,
SALL2,
SCAND1,
SHOX,
SPIB,
SSBP2,
SSBP3,
SSBP4,
TASP1,
TCEA1,
TCF20,
TEF,
TFAP2E,
THAP3,
TLX1,
TOX2,
VENTX,
VGLL1,
YY2,
ZBED4,
ZFP62,
ZFX,
ZNF107,
ZNF112,
ZNF197,
ZNF208,
ZNF225,
ZNF226,
ZNF227,
ZNF229,
ZNF267,
ZNF292,
ZNF300,
ZNF319,
ZNF33A,
ZNF33B,
ZNF341,
ZNF384,
ZNF395,
ZNF407,
ZNF43,
ZNF438,
ZNF48,
ZNF484,
ZNF485,
ZNF493,
ZNF496,
ZNF507,
ZNF544,
ZNF574,
ZNF585A,
ZNF585B,
ZNF594,
ZNF597,
ZNF600,
ZNF606,
ZNF615,
ZNF629,
ZNF658B,
ZNF71,
ZNF711,
ZNF717,
ZNF721,
ZNF729,
ZNF76,
ZNF770,
ZNF780B,
ZNF782,
ZNF786,
ZNF808,
ZNF814,
ZNF836,
ZNF840P,
ZNF841,
ZNF845,
ZNF850,
ZNF99,
ZXDA,
ZXDC,
ZZEF1,
C3orf38,
PNMA2,
PNMA3,
PNMA5,
PXT1,
CDCA7L,
DNAJA2,
SAAL1,
TSPAN31,
RHEBL1,
RNF25,
C14orf93,
FTX,
FUBP1,
JPX,
RHOXF2,
RHOXF2B,
ZEB2-AS1,
ARHGEF3,
GPR137C,
LRRC59,
LRRD1,
MCF2L,
LRRC70,
TEDC1,
TEDC2,
TTC23,
TBCA,
SENP8,
UBE2F,
PGGT1B,
PTAR1,
DEPP1,
DRAM1,
EVA1A,
RMC1,
SOGA3,
TMEM150B,
TMEM208,
BCL2L15,
BCL7C,
C6orf120,
CARD6,
CDCA7,
CLPTM1L,
DDX42,
G2E3,
HS1BP3,
MINDY3,
MRPS30,
PCGEM1,
PDCD7,
PRUNE2,
RASSF3,
RASSF6,
SHF,
TMEM214,
TMEM219,
TNS4,
TP53AIP1,
TPT1P8,
TRIM69,
USP17L4,
XAF1,
ZNF443,
OTUD6B,
POMP,
PSMD5,
PSMG4,
NAT9,
PARP12,
PARP8,
RNF141,
RNF181,
RNF208,
KCTD12,
KCTD14,
KCTD15,
KCTD18,
KCTD19,
KCTD3,
KCTD4,
KCTD9,
WDCP,
CEP112,
ANKRA2,
NCLN,
PALS2,
SH3BGR,
TSPAN4,
VMA21,
COPS4,
COPS6,
ISOC2,
SERF2,
CCT6B,
CCT8L1P,
CDC37L1,
DNAJC21,
DNAJC25,
DNAJC4,
ERO1B,
HSP90AA2P,
HSP90AA5P,
HSP90B2P,
HSPA4L,
NUDCD2,
PDIA6,
PDRG1,
QSOX2,
TTC1,
JMJD7,
OTUD6A,
WSB1,
DESI2,
MINDY1,
MINDY2,
MINDY4,
MINDY4B,
NHLRC4,
UBE2Q2,
OTUD1,
STAMBPL1,
ANKRD39,
FIBIN,
PRSS33,
MPP4,
FHIP1A,
ASPRV1,
CISD3,
KLK13,
LMF2,
MMEL1,
XPNPEP3,
YAE1,
ASB10,
ASB12,
ASB13,
ASB14,
ASB15,
ASB16,
ASB17,
ASB18,
ASB6,
ASB7,
ASB8,
DCAF10,
DCAF16,
DCAF17,
DCAF4,
DCAF5,
DCAF7,
DCAF8,
DZIP3,
FAAP100,
FANCE,
FBXO24,
FBXO25,
FBXO28,
FBXO3,
FBXO30,
FBXW2,
HECTD2,
HERC2P3,
HERC3,
KLHL2,
KLHL36,
KLHL7,
LNX2,
LRR1,
LRRC41,
MARCHF10,
MARCHF11,
MARCHF4,
MARCHF9,
MED11,
MED8,
MKRN1,
MKRN3,
MKRN4P,
NEURL2,
NEURL3,
NEURL4,
RNF145,
RNF170,
RNF182,
RNF214,
RNF223,
RNF225,
RNF227,
RNF24,
RUSC1,
TRIM47,
TRIM50,
TRIM7,
TRIM73,
TRIM74,
TULP4,
UBAC1,
UBE2QL1,
UBOX5,
UBR7,
UNKL,
WDSUB1,
WSB2,
ZNF738,
ZNRF2,
ATXN3L,
JOSD1,
JOSD2,
OTULINL,
USP54,
MSRB3,
CPN2,
TSPAN1,
ADAM30,
ADAM33,
ADAM7,
ADGB,
ALG13,
AMZ1,
AMZ2,
AOPEP,
CAPN11,
CAPN12,
CAPN14,
CAPN15,
CAPN5,
CAPNS2,
CELA2B,
CELA3A,
CELA3B,
CNDP1,
CNDP2,
CPA5,
CPA6,
CPB1,
CPO,
CPVL,
DPEP3,
DPP3,
DPP9,
GZMK,
KLK11,
KLK12,
KLK15,
KLK9,
KY,
LAP3,
LPAL2,
MEP1A,
MST1L,
NAALAD2,
NPEPL1,
NRIP2,
NRIP3,
OVCH1,
PGPEP1,
PGPEP1L,
PREP,
PRSS23,
PRSS27,
PRSS29P,
PRSS36,
PRSS38,
PRSS41,
PRSS45P,
PRSS46P,
PRSS47,
PRSS48,
PRSS50,
PRSS51,
PRSS53,
PRSS54,
PRSS57,
PRSS58,
RHBDL1,
RHBDL2,
RHBDL3,
RNPEP,
RNPEPL1,
SCRN2,
SCRN3,
TMPRSS11B,
TMPRSS11D,
TMPRSS7,
TMPRSS9,
TPSB2,
TPSD1,
TPSG1,
XPNPEP2,
ZUP1,
PUS7L,
DENND4A,
DENND4B,
GARRE1,
ERAS,
PLEKHG7,
RAB42,
RIT1,
NCF1B,
NCF1C,
ZPLD1,
GPATCH4,
PLEKHB2,
BRICD5,
C1orf56,
GKN3P,
RBBP9,
ARHGAP9,
RASAL2,
ARHGAP19,
ARHGAP20,
ARHGAP23,
ARHGAP30,
ARHGAP31,
ARHGAP32,
ARHGEF40,
ARHGEF9,
DEF6,
FAM13A,
FAM13B,
PLEKHG1,
PLEKHG4,
PLEKHG4B,
PLEKHG6,
TAGAP,
URB2,
ABCB5,
PATE1,
PATE4,
TMEM183A,
TMEM183BP,
AHNAK2,
CCNL2,
HNRNPH2,
RBM12,
RBM12B,
POLR2K,
ICA1L,
GNRH2,
PLEKHA5,
SFTPA2,
SFTPC,
IKBIP,
SLC25A27,
XRRA1,
PERM1,
CSN1S1,
MORN4,
S100A16,
MRPL15,
MYNN,
STIP1,
LCN8,
MXRA5,
CUTA,
SELENOV,
GDAP2,
OVCA2,
PON2,
TLDC2,
HSPB2,
HSPB3,
SNN,
FGFR1OP2,
SFTA3,
CSAG2,
CSAG3,
ENOX1,
DDX31,
GNL2,
GTPBP10,
NOP16,
RBIS,
SURF6,
DNTTIP2,
ELOVL2-AS1,
LINC01151,
MIR1248,
MIR3651,
MIR6516,
MIR664A,
MIR664B,
PCAT18,
PWAR5,
RBMS2,
RNU105B,
RNU105C,
RTCA,
RUNDC3A-AS1,
SCARNA1,
SCARNA10,
SCARNA11,
SCARNA12,
SCARNA13,
SCARNA14,
SCARNA15,
SCARNA16,
SCARNA17,
SCARNA18,
SCARNA18B,
SCARNA2,
SCARNA20,
SCARNA21,
SCARNA21B,
SCARNA22,
SCARNA23,
SCARNA3,
SCARNA4,
SCARNA5,
SCARNA6,
SCARNA7,
SCARNA8,
SCARNA9,
SNHG1,
SNHG10,
SNHG12,
SNHG14,
SNHG29,
SNHG7,
SNORA1,
SNORA10,
SNORA10B,
SNORA11,
SNORA11B,
SNORA11C,
SNORA11D,
SNORA11F,
SNORA11G,
SNORA12,
SNORA13,
SNORA14A,
SNORA14B,
SNORA15,
SNORA15B-1,
SNORA16A,
SNORA16B,
SNORA17A,
SNORA17B,
SNORA18,
SNORA19,
SNORA1B,
SNORA20,
SNORA20B,
SNORA21,
SNORA22,
SNORA22B,
SNORA22C,
SNORA23,
SNORA24,
SNORA24B,
SNORA25,
SNORA25B,
SNORA26,
SNORA27,
SNORA28,
SNORA29,
SNORA2A,
SNORA2B,
SNORA2C,
SNORA30,
SNORA30B,
SNORA31,
SNORA31B,
SNORA32,
SNORA33,
SNORA35,
SNORA35B,
SNORA36A,
SNORA36B,
SNORA36C,
SNORA37,
SNORA38,
SNORA38B,
SNORA3A,
SNORA3B,
SNORA3C,
SNORA4,
SNORA40,
SNORA40B,
SNORA40C,
SNORA41,
SNORA41B,
SNORA44,
SNORA46,
SNORA47,
SNORA48,
SNORA48B,
SNORA49,
SNORA50A,
SNORA50B,
SNORA50C,
SNORA50D,
SNORA51,
SNORA52,
SNORA53,
SNORA54,
SNORA55,
SNORA56,
SNORA57,
SNORA58,
SNORA58B,
SNORA59B,
SNORA5A,
SNORA5B,
SNORA5C,
SNORA6,
SNORA60,
SNORA61,
SNORA62,
SNORA63,
SNORA63B,
SNORA63C,
SNORA63E,
SNORA64,
SNORA65,
SNORA66,
SNORA67,
SNORA68,
SNORA68B,
SNORA69,
SNORA70,
SNORA70B,
SNORA70C,
SNORA70D,
SNORA70E,
SNORA70F,
SNORA70G,
SNORA70H,
SNORA70I,
SNORA70J,
SNORA71A,
SNORA71B,
SNORA71C,
SNORA71D,
SNORA71E,
SNORA72,
SNORA73A,
SNORA73B,
SNORA74A,
SNORA74B,
SNORA74C-1,
SNORA74C-2,
SNORA75,
SNORA75B,
SNORA77,
SNORA77B,
SNORA78,
SNORA79,
SNORA79B,
SNORA7A,
SNORA7B,
SNORA8,
SNORA80A,
SNORA80B,
SNORA80C,
SNORA80D,
SNORA80E,
SNORA81,
SNORA84,
SNORA9,
SNORA9B,
SNORD10,
SNORD100,
SNORD101,
SNORD102,
SNORD104,
SNORD105,
SNORD105B,
SNORD107,
SNORD108,
SNORD109A,
SNORD11,
SNORD110,
SNORD111,
SNORD111B,
SNORD112,
SNORD113-3,
SNORD113-4,
SNORD113-5,
SNORD113-6,
SNORD113-7,
SNORD113-8,
SNORD113-9,
SNORD114-1,
SNORD114-10,
SNORD114-11,
SNORD114-12,
SNORD114-13,
SNORD114-14,
SNORD114-15,
SNORD114-16,
SNORD114-17,
SNORD114-18,
SNORD114-19,
SNORD114-2,
SNORD114-20,
SNORD114-21,
SNORD114-22,
SNORD114-23,
SNORD114-24,
SNORD114-25,
SNORD114-26,
SNORD114-27,
SNORD114-28,
SNORD114-29,
SNORD114-3,
SNORD114-30,
SNORD114-31,
SNORD114-4,
SNORD114-5,
SNORD114-6,
SNORD114-7,
SNORD114-9,
SNORD115-1,
SNORD115-10,
SNORD115-11,
SNORD115-13,
SNORD115-14,
SNORD115-15,
SNORD115-16,
SNORD115-17,
SNORD115-2,
SNORD115-20,
SNORD115-21,
SNORD115-22,
SNORD115-23,
SNORD115-24,
SNORD115-25,
SNORD115-26,
SNORD115-27,
SNORD115-28,
SNORD115-3,
SNORD115-30,
SNORD115-31,
SNORD115-32,
SNORD115-33,
SNORD115-34,
SNORD115-35,
SNORD115-37,
SNORD115-38,
SNORD115-39,
SNORD115-4,
SNORD115-40,
SNORD115-41,
SNORD115-42,
SNORD115-44,
SNORD115-45,
SNORD115-46,
SNORD115-48,
SNORD115-5,
SNORD115-6,
SNORD115-7,
SNORD115-8,
SNORD115-9,
SNORD116-1,
SNORD116-10,
SNORD116-11,
SNORD116-12,
SNORD116-13,
SNORD116-14,
SNORD116-15,
SNORD116-16,
SNORD116-18,
SNORD116-19,
SNORD116-2,
SNORD116-20,
SNORD116-21,
SNORD116-22,
SNORD116-23,
SNORD116-24,
SNORD116-25,
SNORD116-26,
SNORD116-27,
SNORD116-29,
SNORD116-3,
SNORD116-30,
SNORD116-4,
SNORD116-5,
SNORD116-6,
SNORD116-8,
SNORD117,
SNORD11B,
SNORD12,
SNORD121A,
SNORD121B,
SNORD123,
SNORD124,
SNORD125,
SNORD126,
SNORD127,
SNORD12B,
SNORD12C,
SNORD13,
SNORD138,
SNORD13D,
SNORD13E,
SNORD14A,
SNORD14B,
SNORD14C,
SNORD14D,
SNORD15A,
SNORD15B,
SNORD16,
SNORD17,
SNORD18A,
SNORD18B,
SNORD18C,
SNORD19,
SNORD19B,
SNORD1A,
SNORD1B,
SNORD1C,
SNORD2,
SNORD20,
SNORD21,
SNORD22,
SNORD23,
SNORD24,
SNORD26,
SNORD27,
SNORD28,
SNORD28B,
SNORD30,
SNORD31B,
SNORD32A,
SNORD32B,
SNORD33,
SNORD34,
SNORD35A,
SNORD35B,
SNORD36A,
SNORD36B,
SNORD36C,
SNORD37,
SNORD38A,
SNORD38B,
SNORD38C,
SNORD38D,
SNORD3A,
SNORD3B-1,
SNORD3C,
SNORD3D,
SNORD3E,
SNORD3G,
SNORD3H,
SNORD3J,
SNORD41,
SNORD42A,
SNORD42B,
SNORD43,
SNORD45A,
SNORD45B,
SNORD45C,
SNORD46,
SNORD48,
SNORD49A,
SNORD49B,
SNORD4A,
SNORD4B,
SNORD5,
SNORD50B,
SNORD51,
SNORD52,
SNORD53,
SNORD53B,
SNORD54,
SNORD55,
SNORD56,
SNORD56B,
SNORD57,
SNORD58A,
SNORD58B,
SNORD58C,
SNORD59A,
SNORD6,
SNORD60,
SNORD61,
SNORD62A,
SNORD63,
SNORD63B,
SNORD64,
SNORD65,
SNORD65B,
SNORD65C,
SNORD66,
SNORD67,
SNORD68,
SNORD69,
SNORD7,
SNORD70,
SNORD70B,
SNORD71,
SNORD72,
SNORD73A,
SNORD73B,
SNORD74B,
SNORD77B,
SNORD8,
SNORD82,
SNORD83A,
SNORD83B,
SNORD84,
SNORD86,
SNORD87,
SNORD88A,
SNORD88B,
SNORD88C,
SNORD89,
SNORD9,
SNORD90,
SNORD91A,
SNORD91B,
SNORD92,
SNORD93,
SNORD94,
SNORD95,
SNORD97,
SNORD98,
SNORD99,
U2SURP,
ZFC3H1,
ZNF638,
ANHX,
ARSL,
PAX1,
ASCL4,
NUCB1,
RASL10A,
DISP2,
EVC2,
MSI2,
SULT6B1,
ARSG,
SUOX,
ANTXR2,
ANTXRL,
POLR1C,
TAF1A,
POLR3GL,
ABCC12,
AQP12A,
AQP12B,
C2orf83,
CYB561D1,
MFSD14A,
MFSD14B,
MFSD14C,
MFSD9,
SLC18B1,
SLC23A3,
SLC25A40,
SLC25A43,
SLC35E1,
SLC35E2A,
SLC35E4,
SLC35F1,
SLC35F2,
SLC35F4,
SLC46A3,
SLC49A3,
SVOP,
SVOPL,
TMEM241,
L1TD1,
CTAG1A,
CTAG1B,
CTAG2,
ACTR1A,
CACFD1,
CCZ1,
CCZ1B,
YIPF1,
YIPF2,
ZFPL1,
EPHX4,
NHERF1,
PPP3R2,
CLEC2B,
KLC4,
MYL10,
MYL11,
ENSG00000275063,
PSMD12,
SEM1,
H2AC1,
BORCS7,
FBRS,
MZT2A,
MZT2B,
MBD6,
DCTN4,
LCORL,
MGAM2,
SCUBE2,
IL31,
GALNS,
NRG2,
NRG4,
GMPPA,
CENPL,
CENPM,
NT5C1B-RDH14,
ACTR1B,
CFHR3,
MLN,
DNALI1,
RIGI,
TEX10,
POLR2B,
POLR2C,
POLR2E,
POLR2F,
POLR2H,
POLR2J,
POLR2J2,
POLR2J3,
FAU,
FRAT2,
SNTB2,
SNTG1,
TSPAN7,
AFF1,
CSNK2A3,
ACY3,
NHERF2,
JMJD7-PLA2G4B,
ATP5MC1P5,
CALML3,
CALML6,
COX6CP3,
NDUFA4L2,
UQCR10P1,
KIR2DL2,
KIR2DL5A,
KIR2DS4,
KIR3DL3,
HMGB1P1,
HMGB1P40,
PDE1A,
PDE1C,
VDAC2P5,
SKP1P2,
CCL4L2,
PPBPP1,
BMAL1,
SUCLG2P2,
POLR1D,
FMO3,
CES5A,
HMMR,
SMAP2,
TUBB7P,
ADPRM,
CD37,
GBA1,
LAPTM4A,
SH3BP2,
NPY4R,
PPA1,
CD82,
TKTL2,
PXMP2,
PXMP4,
PSMA6P4,
PSMC1P4,
SRP9P1,
ALLC,
NME1-NME2,
ACYP1,
ACYP2,
HAGHL,
TMSB4XP8,
RSL24D1P11,
SIKE1,
C1DP2,
C1DP3,
SKIC2,
SKIC3,
SKIC8,
ZCCHC7,
CCDC12,
HNRNPA1P60,
H2AC11,
H2AC12,
H2AC13,
H2AC14,
H2AC15,
H2AC16,
H2AC17,
H2AC18,
H2AC19,
H2AC20,
H2AC21,
H2AC25,
H2AC7,
H2ACP1,
H2AJ,
H2AZ2,
H2BC26,
H3Y1,
H3Y2,
H4C16,
ADO,
CGN,
MYH15,
MYH7B,
