"","genes","diff_","t_","p_"
"1","AAMP",0.0176287394085592,-6.47676754917267,1.59352148528614e-10
"2","AARS1",0.018108757282463,-6.61701437480371,6.1680638218845e-11
"3","AARS2",0.00790219109113821,-2.29032510443552,0.0222318030972363
"4","AASDHPPT",0.0124794334721746,-3.86887945496566,0.000117104143905333
"5","AATF",0.011698757257284,-3.29902047997512,0.00100504684537681
"6","ABCB7",0.00402574278780621,-2.1340810250902,0.0330928168539321
"7","ABCE1",0.0103571545043099,-3.75471751079791,0.000183041781419771
"8","ABCF1",0.0122446664350488,-5.40714459692096,8.06909823897071e-08
"9","ABT1",0.00782846935575665,-2.93126763046597,0.00345792103081752
"10","ACACA",0.0123387105650015,-3.30351550205122,0.000992345103680086
"11","ACIN1",-1.87800905837587e-05,0.00685614752394467,0.994531061876459
"12","ACLY",0.0125657256725729,-5.14801364117854,3.19923414426769e-07
"13","ACO2",0.0117378716720435,-4.78566518255119,1.97239317343745e-06
"14","ACSL3",0.0092073083017189,-3.33319941691528,0.000891595978019735
"15","ACSL4",0.00105602148555806,-0.358046045880584,0.720393265329323
"16","ACTB",-0.00376371288441368,0.882397904540653,0.377787037471251
"17","ACTG1",0.0102420679321756,-3.15057280264328,0.001674245090417
"18","ACTL6A",0.0103094729827099,-4.98110462592442,7.54247616416114e-07
"19","ACTR10",0.00433522393847663,-2.01750970402283,0.0439387034291881
"20","ACTR1A",0.0160179056970713,-4.61986148162096,4.39992908864145e-06
"21","ACTR2",-0.00288706455834764,0.900603597913261,0.368038552752512
"22","ACTR3",0.00407265669077017,-1.57271830648943,0.116125500104962
"23","ACTR5",0.00337947459116339,-0.915902652080989,0.359962167315205
"24","ACTR6",0.00781518306318674,-3.26616908509788,0.00112713681617134
"25","ACTR8",0.00545890620659839,-1.93558261662672,0.0532147949476992
"26","ADAR",0.00566591565500552,-1.60833941528434,0.108087966509675
"27","ADAT2",0.00155042225509128,-0.38735899300354,0.698577574305318
"28","ADAT3",0.00189010541148305,-0.529266190397823,0.596736723642086
"29","ADNP",0.0123816807780773,-3.89817590805977,0.000103651934251986
"30","ADRM1",0.0147387353772557,-5.07408817409363,4.73745942128452e-07
"31","ADSL",-0.0059260993700726,1.637951025915,0.101772248284509
"32","ADSS2",0.00752644256227941,-2.5428798194107,0.0111465048913101
"33","AFG3L2",0.00177317981341363,-0.677044051093037,0.498554158556621
"34","AHCTF1",0.00546048466349935,-2.7374967241682,0.00630863927827186
"35","AHCY",0.000183276925546871,-0.0878026707939762,0.930051424762763
"36","AHCYL1",0.0145180540800232,-3.97335461977822,7.66877870865368e-05
"37","AHR",0.0184933522769181,-7.50500072696122,1.42550808372052e-13
"38","AIFM1",0.0149442711061095,-5.27773186929542,1.63081190578877e-07
"39","AK2",0.0099997087212168,-2.47541513024928,0.0134871549713877
"40","AK6",0.00899657421854527,-2.55577338888693,0.0107374197271944
"41","AKIRIN2",0.0131930877368939,-5.21904777123348,2.20783957333309e-07
"42","ALDH18A1",0.0067956560456699,-2.32650807623929,0.0202073091736821
"43","ALDOA",-0.00610701233248101,1.09793676920819,0.272517697607508
"44","ALG1",0.0070161082056911,-2.69190734717751,0.007238982175932
"45","ALG11",0.0158644469284706,-5.35741231203404,1.07537584539271e-07
"46","ALG12",0.00996282719565988,-3.53620709572771,0.0004262869274241
"47","ALG13",0.0133277362715747,-4.95342182843974,8.66349416254034e-07
"48","ALG14",0.00871379956626173,-3.20509897920433,0.00139630055731871
"49","ALG2",0.00067311292121186,-0.264350103986398,0.791572012402539
"50","ALG8",0.00218209044555906,-0.740914315079743,0.458930111631279
"51","ALYREF",0.00546631596592395,-2.64794805703632,0.00822807838821182
"52","AMBRA1",0.00398804064822567,-1.42885919074143,0.153374978051703
"53","AMD1",0.0100351515069059,-3.26545545836655,0.00113278841952877
"54","ANAPC1",0.0111349446269029,-5.40734725053646,8.10937814608255e-08
"55","ANAPC10",0.0127011734069966,-4.14479613988079,3.70730381925151e-05
"56","ANAPC11",0.00573497845352355,-2.43360343189909,0.0151404019393492
"57","ANAPC13",0.0130144977620223,-3.64305789029222,0.000284969504793425
"58","ANAPC15",0.0183387844188174,-4.8259251931177,1.63389418257398e-06
"59","ANAPC2",0.0118055011766055,-3.61241703699386,0.000320718077355591
"60","ANAPC4",0.0174319889064423,-8.05075145675326,2.52767765760708e-15
"61","ANAPC5",0.0155897089288738,-6.00000406046883,2.85563125489074e-09
"62","ANKLE2",0.0146802473753906,-3.83316421690325,0.000135767700452519
"63","ANKRD11",0.0116246697559986,-3.82035867188551,0.000142266631974332
"64","ANKRD17",0.00511387898376858,-1.95641573746664,0.0507144802229023
"65","ANKRD49",0.00650570307777998,-2.42271787342878,0.0155913034328573
"66","ANLN",0.00583472364028625,-1.44290605579672,0.149353489397054
"67","AP1G1",0.0106183682262577,-5.61799545079787,2.52699447835861e-08
"68","AP2M1",-0.00250250874206071,0.957018837013218,0.338798671378192
"69","AP2S1",-0.000521372350337779,0.177846815719545,0.8588814198551
"70","APC",0.0108658661502672,-5.13444016649241,3.41715144417548e-07
"71","APEX2",0.0106766672665591,-4.77262539692809,2.10211023791487e-06
"72","AQP7",0.00657662649087609,-2.70926321304227,0.00686506991076031
"73","AQR",0.00916313673384417,-4.36321352149127,1.41712959329483e-05
"74","ARCN1",0.0142174666702792,-5.20835036257395,2.38196691178252e-07
"75","ARF1",0.0107101386087812,-3.06588109395656,0.0022337601318228
"76","ARF4",0.017172229605429,-4.51091249892871,7.25110429278732e-06
"77","ARF6",0.00902301639169778,-3.57566248941099,0.00036798639691462
"78","ARFRP1",0.0114802128958816,-3.48954757000478,0.000507057768338803
"79","ARHGAP29",0.00418735643618307,-1.01186584186966,0.311847630914605
"80","ARHGEF7",0.0159683700651275,-5.45588015418361,6.1487578627856e-08
"81","ARID1A",0.00619392529907248,-2.07203073233247,0.0385307331655874
"82","ARID2",0.00809306781238028,-3.76234998974657,0.000178541224748437
"83","ARID4B",0.0117921691250882,-4.84538729598259,1.48055885599863e-06
"84","ARIH1",0.0168113561398578,-5.21149808199132,2.30437801495784e-07
"85","ARIH2",0.00702841309602786,-1.7705419573836,0.0769806681814066
"86","ARL2",0.00479868110779813,-1.62095514758061,0.105399215984902
"87","ARMC5",0.0124333552493952,-2.75427164434045,0.00600504917183961
"88","ARNT",0.00855200531762268,-3.49222181236881,0.000500161858983035
"89","ARPC3",0.00585434467113621,-1.77392114534648,0.0763937952714438
"90","ARPC4",0.0026036805162315,-0.88826206914697,0.374625879663169
"91","ASCC3",0.0117474601710102,-3.45512194626506,0.000573747109815363
"92","ASCL1",0.0140956336444702,-5.63539608783256,2.31409066800753e-08
"93","ASNS",0.013530993401225,-4.70919212797882,2.86262486179419e-06
"94","ASPM",0.00541161629254461,-1.2793420886039,0.201078469188241
"95","ATF4",0.00896141107445303,-3.67106680247211,0.000254968195666648
"96","ATG9A",0.00592236900088217,-1.89932301677219,0.0578175317837902
"97","ATIC",-0.00472991213126317,1.13255218246815,0.257682608519041
"98","ATL2",0.0158373340800484,-6.11374687175204,1.4264379298974e-09
"99","ATMIN",0.00658237560782338,-2.46863356691892,0.013731567126666
"100","ATP1A1",-0.0112686841669272,2.5495387192627,0.0109542186808373
"101","ATP1B3",0.00588290537115632,-1.62429672700957,0.104657150971751
"102","ATP2A2",0.0112861317920657,-2.87946471453161,0.00406898348192195
"103","ATP2B1",0.0184618688090785,-4.47565589705434,8.64183924158403e-06
"104","ATP2C1",0.0117829794401653,-3.20799868264946,0.00138646271901862
"105","ATP5F1A",0.00978780003389967,-3.45758586283279,0.000570908619397567
"106","ATP5F1B",0.0105965600138874,-4.93222450228437,9.68657262263376e-07
"107","ATP5F1C",0.00912264514220185,-3.79012793245684,0.00016020014585557
"108","ATP5F1D",0.0124172916698256,-4.91848694304056,1.03603412562692e-06
"109","ATP5F1E",0.010792921136783,-4.96598599052379,8.14374988538804e-07
"110","ATP5ME",0.0109115874856588,-4.19527752260278,2.99665848938615e-05
"111","ATP5MF",0.0111158636781178,-4.95785344639212,8.5304419925436e-07
"112","ATP5MG",0.0114814196416978,-4.39565517675016,1.23651857027304e-05
"113","ATP5PB",0.0132620119732332,-5.11075873330612,3.94537519927883e-07
"114","ATP5PO",0.0100411010419649,-3.99817836328506,6.91059665192614e-05
"115","ATP6AP1",0.000164940189661289,-0.0581416510189743,0.953648355769575
"116","ATP6AP2",-0.00273627465525761,0.972199891517901,0.331184826680013
"117","ATP6V0B",6.72232274423479e-05,-0.0269230733061014,0.978526849461047
"118","ATP6V0C",-0.00146628149430383,0.520069258097114,0.603140804697429
"119","ATP6V0D1",0.00173847677298611,-0.678919340471374,0.49736521269187
"120","ATP6V0E1",0.0063999036380179,-1.74711494260291,0.0809695710611435
"121","ATP6V1A",0.00167123743824982,-0.702287475496469,0.482683266706715
"122","ATP6V1B2",0.00737449803145485,-3.48903969797218,0.000507023680685097
"123","ATP6V1C1",0.00372558940087198,-1.51964035402082,0.128937381667885
"124","ATP6V1D",0.00728029844094669,-2.8313957449877,0.00473620989167918
"125","ATP6V1E1",0.00422552071355475,-1.65803954875008,0.0976402198500865
"126","ATP6V1F",0.000292652018424322,-0.111590065264627,0.911173667151746
"127","ATP6V1G1",-0.00228473599039725,0.917200270525775,0.359300006124679
"128","ATP6V1H",0.00280181916607025,-1.10161373558123,0.270907847518576
"129","ATR",0.00803953312100514,-4.32203258725966,1.70877572329202e-05
"130","ATRIP",0.014633851059255,-6.50644933592902,1.22358641945527e-10
"131","ATXN7L3",0.0137814851550307,-4.70486350298482,2.88437041249864e-06
"132","AURKA",0.0144470821375391,-4.92370321174803,1.01277350651738e-06
"133","AURKB",0.0124026284836173,-5.00697920401551,6.65203706855176e-07
"134","BANF1",0.00596363512065229,-3.00071807165438,0.00276512503552735
"135","BANP",0.0122104338466076,-5.72434648700877,1.37194073402903e-08
"136","BAP1",0.00409324780607923,-1.22122980194167,0.222289683266406
"137","BARD1",0.0130943553506906,-5.17221194352262,2.8140931537808e-07
"138","BCAR1",0.0206998372620728,-7.86726761036384,9.95912196938274e-15
"139","BCAS2",0.00958235702313737,-4.49204116481866,7.98080779069833e-06
"140","BCL2L1",0.00632872144548347,-2.94017066352132,0.00335470928291149
"141","BCL6",0.00920509415273718,-3.63714324530569,0.000290265860306636
"142","BCL9",0.0177422794495161,-4.89923686077675,1.13759631804996e-06
"143","BCLAF1",0.00486370745095277,-1.93992396311543,0.0526742918600738
"144","BCS1L",0.0130555141067648,-4.86974404118874,1.32915341490761e-06
"145","BDP1",0.0102861719976308,-4.17537181643441,3.25763195600007e-05
"146","BET1",0.00794782322842524,-2.29000106572027,0.0222564990539631
"147","BIRC2",0.0107595499873475,-3.74509901047019,0.000191609725108818
"148","BIRC5",0.0079766186340357,-3.50282468175192,0.000481348826825983
"149","BIRC6",0.0139066048316111,-5.64464967448153,2.19845896198538e-08
"150","BMPR1A",0.00907477923759947,-2.92556327998923,0.0035100196094975
"151","BMS1",0.00867415711266251,-3.5424373621976,0.000415546958843446
"152","BNIP1",0.00513248434081059,-1.49963596233223,0.134042735973207
"153","BOP1",0.010146367785311,-3.34867735609634,0.000843975832081804
"154","BORA",0.0102447129253453,-4.21331347724509,2.74462974334726e-05
"155","BPTF",0.0140550345723863,-6.46165555661899,1.68681577392219e-10
"156","BRAF",0.0141151920187519,-5.19198766806316,2.54401573805185e-07
"157","BRAP",0.0148209563240498,-6.09728544334312,1.56504429543575e-09
"158","BRAT1",0.0132280464298317,-5.35214762591948,1.09466804813009e-07
"159","BRCA1",0.0126825362232584,-4.45361178206619,9.46386647799748e-06
"160","BRCA2",0.0104980089384515,-3.72365089556091,0.000207590185140434
"161","BRD2",0.0103464246437897,-4.15742517874771,3.51445570588671e-05
"162","BRD4",0.0123168625221797,-6.31375540747799,4.24654229434232e-10
"163","BRF1",0.0127868492693819,-4.13850001338197,3.81516357285698e-05
"164","BRF2",0.010681512183209,-5.2355410294694,2.03490097578208e-07
"165","BRIP1",-0.00110008148918739,0.286671365272379,0.774423011704721
"166","BRIX1",0.00989816154188938,-3.92142991519862,9.43569226755131e-05
"167","BRK1",0.0144542193128844,-5.52152540430136,4.38696994943154e-08
"168","BRPF1",0.0111433153403317,-4.65139813904362,3.76764299280561e-06
"169","BTAF1",0.00775616855618011,-2.1414385783795,0.0324910504703267
"170","BTF3",0.00134516122222506,-0.375856413966003,0.707105751197817
"171","BUB1B",0.00660016952969056,-2.14675875360541,0.0320528044694392
"172","BUB3",0.00116563446151324,-0.63774500709901,0.523793391065398
"173","BUD13",0.00240312868162118,-0.564693956849355,0.57240828709509
"174","BUD23",0.0188062451621132,-5.54138273234905,4.00083476415181e-08
"175","BUD31",0.0115503818791209,-4.07398160503249,4.96168832388618e-05
"176","BYSL",0.0109850151432856,-4.77346069746467,2.11276421358444e-06
"177","C1D",0.0145445209526919,-3.93876340772711,8.77701933124588e-05
"178","C1QBP",0.0128248470826192,-4.42393771785709,1.08090521141748e-05
"179","C3orf38",0.00999680123344082,-2.96322878091043,0.00311614122417334
"180","CAB39",0.00807593113998384,-3.53623363515691,0.00042458914109647
"181","CACTIN",0.0044006367920657,-1.16402247501626,0.244727311604589
"182","CAD",0.00139326017090935,-0.466933693977048,0.640656843920672
"183","CAMLG",0.00571947123157579,-2.13276620330324,0.0331813552928833
"184","CAND1",0.00406410581996675,-1.43230348815875,0.152388313810129
"185","CAP1",0.0079386855600363,-3.98154570925494,7.36503189448353e-05
"186","CAPRIN1",0.00841615280444097,-2.80871829309065,0.00506959408289471
"187","CAPZB",-0.000575201404198977,0.193520391488124,0.846593868722498
"188","CARM1",0.00978171829642605,-3.57132893962309,0.000374116288788566
"189","CARS1",0.0173705227422624,-6.55259879814499,9.80681400904806e-11
"190","CARS2",0.00358626928163119,-1.01024027620575,0.312629865748716
"191","CASC3",0.00629488888958063,-2.13047065947124,0.0333651739665885
"192","CBFB",-0.000889257592448844,0.224769355320048,0.822205695921454
"193","CBLL1",0.0108213938639732,-5.26662412468367,1.70838962969748e-07
"194","CCAR1",0.0112514397483617,-3.92323716541344,9.35708534530091e-05
"195","CCDC115",-0.00522461558120779,1.71843811503231,0.0860278595219875
"196","CCDC22",0.0155178122113621,-4.59824480052273,4.89763997857632e-06
"197","CCDC51",0.00624293887972571,-1.53014915759281,0.126313517832571
"198","CCDC6",0.00755676577540576,-2.52783080423088,0.0116420969829196
"199","CCL4",0.0146803725502319,-5.09679724171832,4.06590869009187e-07
"200","CCNA2",0.0135452614099204,-5.2582357696591,1.79389777209873e-07
"201","CCNB1",0.0100215356166953,-2.90652101242295,0.00373550538516026
"202","CCNC",0.00556414924805926,-1.70642811000435,0.0882290447648549
"203","CCND1",0.00721470344530695,-1.56900434718287,0.116979981084935
"204","CCND2",0.00553984048505396,-1.81451059440944,0.0699130350977497
"205","CCND3",0.00265640757556207,-0.888065201521467,0.374723863261188
"206","CCNE1",0.0180215865361176,-5.81896869573935,8.09042315520432e-09
"207","CCNF",0.0121393174337131,-2.75093825542922,0.00605173137078906
"208","CCNH",0.00875356787438253,-4.01085175597956,6.52133679419105e-05
"209","CCNK",0.0116537446316162,-5.13133696906217,3.47409751360007e-07
"210","CCNL1",0.0169124604470461,-6.51554977489201,1.1675295209334e-10
"211","CCT2",0.0165647187326091,-5.73790668989073,1.28718405442775e-08
"212","CCT3",0.00701657974785763,-2.71335345846315,0.00678459846981954
"213","CCT4",0.00784038817829419,-3.06922696135366,0.00220864574202335
"214","CCT5",0.00670650808627382,-2.45831367550557,0.0141329952515055
"215","CCT6A",0.0104050959271096,-4.81400293422803,1.71495252413748e-06
"216","CCT7",0.00893985850667911,-3.14302490200937,0.00172569130580972
"217","CCT8",0.0113913106493598,-4.57250525577352,5.45121501576266e-06
"218","CD2BP2",0.0136637522752797,-3.6480515477241,0.000278416343582398
"219","CDAN1",0.0073203417825134,-2.27439946061645,0.0231765977270122
"220","CDC123",0.0179391490086702,-6.64603454260099,5.17447065272338e-11
"221","CDC16",0.0123416120452667,-5.38922754889598,8.87866058247127e-08
"222","CDC20",0.00562024805108879,-2.661858879015,0.00789751720501862
"223","CDC23",0.0165853903394496,-6.1714556586152,1.02013815207589e-09
"224","CDC25B",0.0112916795504335,-3.52865270911505,0.000436216170561193
"225","CDC26",0.0201097789662013,-5.43748205663137,6.85096925776684e-08
"226","CDC27",0.0091106424317976,-3.3375023364426,0.000878427562377241
"227","CDC37",0.00419323944155159,-1.77955064377914,0.0754625861680295
"228","CDC40",0.00369923503866321,-1.01151889275329,0.312013082184954
"229","CDC42",0.0112306658428016,-5.31222899453311,1.35597805612758e-07
"230","CDC45",0.0157281273190594,-5.76005698840982,1.16540551726515e-08
"231","CDC5L",0.00248200731505188,-1.27128092450134,0.203938095415696
"232","CDC6",0.0184819316641546,-8.13373363563837,1.45310618891826e-15
"233","CDC7",0.00698865296582318,-2.69189316952461,0.00722058262415668
"234","CDC73",0.00487864435636154,-2.62057778137517,0.00892097202182048
"235","CDCA3",0.0114370959258494,-3.72770715497468,0.000204305044615452
"236","CDCA5",0.00819951306391775,-3.50231459703475,0.000482423090382925
"237","CDCA8",0.00686034403231173,-3.37018821096076,0.000779756737417928
"238","CDH1",0.0118045686833602,-4.15312604177233,3.57238967152347e-05
"239","CDH2",0.0139977003814145,-5.84106604603767,7.0541813549056e-09
"240","CDIN1",0.00795863919550865,-2.54843799318481,0.0109678345897494
"241","CDIPT",0.011891293581233,-5.45362540701367,6.37523747576347e-08
"242","CDK1",0.000226886486263733,-0.0859903319494723,0.931492100250922
"243","CDK12",0.00172981400153749,-0.683462030539833,0.494473391735392
"244","CDK13",0.00735571798018952,-2.49217687165276,0.0128599841878216
"245","CDK2",0.00686615216879216,-2.98220072615428,0.00293035348392964
"246","CDK4",0.00622302037297107,-2.70759290413415,0.00689428697411311
"247","CDK6",0.0117562256568707,-5.07130961953856,4.78018259157155e-07
"248","CDK7",0.011508850454809,-6.04445651106683,2.22172673246301e-09
"249","CDK8",0.0061169342939309,-1.69219316904427,0.0909312137261229
"250","CDK9",0.0140569309233289,-6.78581072306671,2.04863644805941e-11
"251","CDKN1A",0.0110275736065379,-4.26351093673025,2.2026251296599e-05
"252","CDS2",0.00622116721655408,-2.84420609746306,0.00454869603332404
"253","CDT1",0.019446143609512,-7.51942308804134,1.34150733170407e-13
"254","CEBPZ",0.00427723508453481,-2.00480978597352,0.0452699692934895
"255","CENATAC",0.00877238167978123,-4.14437063643414,3.70993376394055e-05
"256","CENPA",0.00337540816932158,-1.328338394431,0.184408058233848
"257","CENPC",0.0143106433295696,-5.64543519523406,2.17625439310479e-08
"258","CENPE",0.0131004641667003,-5.40515182650971,8.230771385401e-08
"259","CENPH",0.0115861223421716,-4.9971658124653,6.9272127591766e-07
"260","CENPI",0.00886921556900888,-2.94847771929511,0.00327239396137681
"261","CENPK",-0.00100500613577481,0.488060547671656,0.625617571380325
"262","CENPM",0.00600538136593909,-2.5390661372856,0.0112695180490757
"263","CENPN",0.00451099350899786,-1.83561428031574,0.0667129620883289
"264","CENPO",0.00576737917345493,-1.96306017752856,0.0499206529772804
"265","CENPP",-0.00151059824511046,0.500572359312213,0.616777910043442
"266","CENPT",0.015608766538285,-6.43898562359205,1.84310483544798e-10
"267","CENPW",0.00986920253243773,-4.78960267444404,1.92929702021746e-06
"268","CEP192",0.0104893881801845,-4.59897814715331,4.81894495483957e-06
"269","CEP43",0.00496485772313238,-1.61948776390162,0.105655274009752
"270","CEP55",-0.00473777531086794,1.06072439967776,0.28908236599287
"271","CEP85",0.0152604722223006,-5.83507831841437,7.45526139709223e-09
"272","CEPT1",0.00420765603238737,-2.02381065102674,0.0432605480188973
"273","CERS2",0.00521103405807044,-2.18667759795945,0.0290217836359405
"274","CFAP20",0.00595147341710345,-2.25382093253734,0.0244448993006796
"275","CFAP298",0.0109959375954733,-4.89677108228303,1.14892312138023e-06
"276","CFL1",-0.00294733991460838,1.02185092052994,0.307126924075617
"277","CFLAR",0.00791487567350535,-2.9162465526329,0.00362681445513234
"278","CHAF1A",0.0119051249524902,-5.80845149220933,8.85776676889099e-09
"279","CHAF1B",0.0183786375442081,-6.59337507342729,7.27404182124449e-11
"280","CHCHD4",0.0129314638789444,-5.6583024011007,2.04440542712378e-08
"281","CHD1",0.0113146473077931,-4.28193596380115,2.05406231381202e-05
"282","CHD4",0.00695716551045977,-3.96311832346232,7.94768720155006e-05
"283","CHD7",0.00194042746501666,-0.516148856407927,0.605870049431862
"284","CHD8",0.0132516960392177,-4.10927778991016,4.3425490032012e-05
"285","CHEK1",0.00959997347776992,-5.05963059431592,5.07089833082293e-07
"286","CHERP",0.00218893560797462,-0.910904485251811,0.362561506758507
"287","CHKA",0.00608992933740793,-3.07736852212471,0.00214455724558158
"288","CHMP2A",0.00150731631704304,-0.617280921998901,0.537200402065391
"289","CHMP3",0.00296086692617703,-0.737796493159675,0.460808223750446
"290","CHMP4B",0.0277200236236768,-5.83810965406794,7.7423326641272e-09
"291","CHMP5",0.00868812091211313,-2.30428508193797,0.0214134940456418
"292","CHMP6",0.00412848185507619,-1.45547382806126,0.145861384470258
"293","CHMP7",0.00920850210651269,-3.69579434288676,0.000231695741433222
"294","CHORDC1",0.0111658549471468,-4.36475149153401,1.41004649982251e-05
"295","CHP1",0.00488443755066026,-1.75201003409239,0.0800790268864474
"296","CHTF18",0.0112559160993296,-3.18955071452057,0.00146945402622405
"297","CHTF8",0.00922020972782034,-2.6125928819317,0.00912874520278218
"298","CIAO1",0.00274617099992436,-0.89556862181509,0.370706548348785
"299","CIAO2A",0.00758398401434124,-2.30193850537496,0.0215428843030934
"300","CIAO2B",-0.00199475339537758,0.832366859497689,0.405417563313323
"301","CIAO3",0.0115335805141396,-4.44029408510033,1.01139837550757e-05
"302","CIAPIN1",0.0138137210931545,-6.41618508490015,2.19533179073333e-10
"303","CINP",-0.000500852755116465,0.12586947897589,0.899861980949304
"304","CIT",0.0102198492685756,-4.24236353506571,2.43320497160747e-05
"305","CKAP5",0.0121671647857899,-5.16052870014437,2.98602076343863e-07
"306","CKS1B",0.00602205168830017,-1.54037008263824,0.123807256112517
"307","CLASRP",0.0119558736211816,-3.70266993080695,0.000225771964492453
"308","CLNS1A",0.00463761158781129,-1.81347902930733,0.0700837542762984
"309","CLP1",0.00312076916274323,-1.22400563142217,0.221238766897222
"310","CLPB",0.0133173008373323,-4.59188328920128,5.0581282991659e-06
"311","CLSPN",0.013675963200247,-6.07366980964362,1.8716306801871e-09
"312","CLTC",0.00135782240412341,-0.62211144804603,0.534011846558363
"313","CMIP",0.0131818287640135,-5.44806725048825,6.51160222178221e-08
"314","CMPK1",0.0094912220204153,-2.75216946651605,0.00603183200002769
"315","CMTR1",0.0127486202004234,-3.48902196711364,0.000506078517899256
"316","CNIH4",0.013132714266534,-4.69750202820482,3.03138668243211e-06
"317","CNOT1",0.013961216286798,-4.48481336842685,8.17294604008737e-06
"318","CNOT11",0.000751899466226336,-0.182587125201561,0.855158454434413
"319","CNOT2",0.00918399811593917,-4.12580490407154,4.02349646182667e-05
"320","CNOT3",0.0156433048293174,-6.35833797111175,3.24656482886362e-10
"321","CNOT4",0.00639568826897874,-2.50378890600827,0.0124486943226727
"322","CNOT9",0.0111719659377205,-3.80576058919079,0.000150378206214835
"323","COA3",0.0123925126707581,-4.27008343967821,2.16505050423501e-05
"324","COA5",0.0117951755795191,-5.11827999134262,3.79267736831653e-07
"325","COA6",0.00996691602394395,-4.37627586771305,1.34640213341277e-05
"326","COASY",0.0082166167248966,-3.28930223421858,0.00104261862564581
"327","COG1",0.0116226662365662,-3.48044851511288,0.00052347428961971
"328","COG2",0.00976695341360023,-2.9811488204956,0.00294509633850596
"329","COG3",0.00992468595110396,-4.14066784926505,3.768622078237e-05
"330","COG5",0.0091483353786419,-3.59990097056261,0.00033627440061257
"331","COG7",0.00872922745017135,-3.22684335741243,0.00129597732131535
"332","COG8",0.0123397485217511,-4.44700589703047,9.75182709721329e-06
"333","COP1",0.0116431493036093,-5.14829382524516,3.22113596350622e-07
"334","COPA",0.0166094423311322,-6.38627176613718,2.56202740060203e-10
"335","COPB1",0.0195797686282639,-6.32580507805682,3.9577601749459e-10
"336","COPB2",0.0129838382979131,-4.35807225805122,1.45395867469243e-05
"337","COPE",0.0100309816999697,-3.56080958093486,0.000387802846510414
"338","COPG1",0.012528665812355,-3.44163558501249,0.00060429334546403
"339","COPS2",0.00802789116012204,-3.85654643579158,0.00012305272056218
"340","COPS3",0.0147864730091996,-5.45935422869558,6.14526964848548e-08
"341","COPS4",0.0142151034752496,-5.678672074556,1.82025712801337e-08
"342","COPS5",0.00891487529430884,-5.22673079397324,2.14158688878632e-07
"343","COPS6",0.00984695586752693,-4.617429734449,4.40183015090282e-06
"344","COPS8",0.0155830269413751,-5.41470471340542,7.76530186023157e-08
"345","COPZ1",0.0149729732833954,-5.4962867439225,4.97510011920319e-08
"346","COQ2",0.0151904092465722,-6.2606247786525,5.84881593731064e-10
"347","COQ4",0.00729287113358201,-3.24063410923814,0.00123296219519037
"348","COQ7",0.0168735190218016,-6.91284892266812,8.80848365210728e-12
"349","COX10",0.0121541410441325,-5.46686385714307,5.93242701543893e-08
"350","COX11",0.0143200245070068,-5.47336225486715,5.71331465954058e-08
"351","COX15",0.0125946432400695,-5.58795214371177,3.03306216209465e-08
"352","COX17",0.0105036605403014,-5.13932871904527,3.38262507767865e-07
"353","COX18",0.0205696712231072,-6.46853934842648,1.60402699880724e-10
"354","COX19",0.0142802066639782,-5.51181976895163,4.6768523426556e-08
"355","COX4I1",0.00983702028841116,-4.58248582169891,5.23822074539625e-06
"356","COX5A",0.00982209759680919,-4.80687335439602,1.79332540052982e-06
"357","COX5B",0.0111216897054391,-4.90381161453714,1.11865003676645e-06
"358","COX6A1",0.00814371187307183,-3.9174644382544,9.60448448161868e-05
"359","COX6B1",0.0105982477647949,-4.13612173056291,3.89357090782894e-05
"360","COX6C",0.00696270866473436,-2.91944560215346,0.00359017687099217
"361","COX7B",0.00746397262138321,-3.63145827792908,0.00029763006675021
"362","COX7C",0.0105878313898831,-3.54140234279842,0.00041730110599593
"363","CPOX",0.00799395955481907,-2.47515499912337,0.0134882860631621
"364","CPSF1",0.00864374531855527,-4.29108047769947,1.9472693683172e-05
"365","CPSF2",0.00898842598384419,-3.77942087078526,0.000167152042619211
"366","CPSF3",0.011676045795922,-6.11685259606062,1.38729494998286e-09
"367","CPSF4",0.0127831447311977,-5.51272242762585,4.59705564396236e-08
"368","CPSF6",0.00708399310424435,-2.34880928081472,0.0190381075740929
"369","CRAMP1",0.0165352744993195,-5.29507060293448,1.47267453527055e-07
"370","CRCP",0.0173965608948735,-8.19112310992642,9.20745715661348e-16
"371","CREBBP",0.01283205181049,-5.21800820638921,2.23203139440093e-07
"372","CRK",0.0112396293412642,-3.854238526781,0.000123364414807383
"373","CRKL",0.0114997891988103,-3.8290487125754,0.00013670725879631
"374","CRLS1",0.00877746719124917,-3.6625740994465,0.000263570658724924
"375","CRNKL1",0.00681501288204456,-2.97509555141455,0.00300739405160871
"376","CRTC3",0.0194482592115889,-5.42685135556232,7.31383143478732e-08
"377","CSDE1",0.00780608696930141,-3.3623788769563,0.000801912304956851
"378","CSE1L",0.00148422963012906,-0.57982315255357,0.562177314439002
"379","CSH2",0.016772495508771,-5.54366404799843,3.91858191064447e-08
"380","CSK",0.00550046931167447,-2.05702953345041,0.0399562313610409
"381","CSNK1A1",0.00767813688930341,-2.79433711206574,0.00530173909482257
"382","CSNK2A1",0.00903054249236313,-2.32418558980197,0.0203244734374743
"383","CSNK2B",0.0105440024840711,-4.70804293565731,2.87533459081274e-06
"384","CSTF1",0.00764588554561951,-2.99780276313031,0.00278851967632982
"385","CSTF2",-0.00154839980738986,0.290124879879456,0.771779518657403
"386","CSTF3",0.0152485700835265,-6.65544630170214,4.93938276118733e-11
"387","CTC1",0.00704280538857238,-1.89950221915997,0.0577913876022496
"388","CTCF",0.009651333183335,-4.26979338169613,2.16263834341563e-05
"389","CTDNEP1",0.00728321484882544,-2.52613033419729,0.0116904805025239
"390","CTDP1",0.012015172179151,-5.3875930303459,8.99930331962452e-08
"391","CTDSPL2",0.020285750494682,-6.99234348448189,5.13668725575053e-12
"392","CTNNA1",0.00545086115137616,-1.93937409213619,0.0527523697638335
"393","CTNNB1",0.00879069459880033,-3.61491067141834,0.000315180581231074
"394","CTNNBL1",0.013287834646184,-3.78522275841178,0.000163367887873639
"395","CTPS1",0.00575794537919649,-1.82222586983148,0.0687408141290653
"396","CTR9",0.00711918379766108,-2.39630046273449,0.0167545097929306
"397","CTU1",0.012506841234323,-4.55150665968806,6.05190483964037e-06
"398","CTU2",0.00836445197358604,-3.26119431270128,0.00114907365846499
"399","CUL1",0.0102706024109285,-3.48036611147036,0.00052372094777192
"400","CUL2",0.00821705406467388,-2.85231958787566,0.00443218117176322
"401","CUL3",0.00563943878563866,-1.82859459713724,0.0677727609516223
"402","CWC22",0.0173686907213428,-7.22465050461838,1.08438690892675e-12
"403","CWF19L2",0.0109414573593356,-4.31123446965109,1.79412554018643e-05
"404","CXXC1",0.00743276841203744,-2.91230673131227,0.00366955441074372
"405","CYB5B",0.00562904444744938,-1.80155921799081,0.0719292076892898
"406","CYB5R4",0.0112665237847818,-4.7317934936905,2.5481920549157e-06
"407","CYC1",0.0104190629387791,-4.89361787526507,1.16197028568286e-06
"408","CYCS",0.00669288511024302,-3.48776264874426,0.000509356730069682
"409","DAD1",1.07515354874077e-05,-0.00466813088090248,0.996276430318172
"410","DAP3",0.0137209912561498,-5.56776772658137,3.41691893845618e-08
"411","DARS1",0.00593965302331384,-2.08091566789146,0.0377153807170913
"412","DARS2",0.000741816434670861,-0.239956828006983,0.810415340171854
"413","DAXX",0.00988173880423937,-3.23165257212921,0.0012720294093971
"414","DAZAP1",0.00538472324271599,-1.68395452782579,0.0925120623554386
"415","DBF4",0.0115578731535437,-4.72613015994522,2.6041824780653e-06
"416","DBR1",0.0082747196535185,-2.55038785754184,0.0109054644218729
"417","DCAF15",0.00534041397887897,-2.22940608675855,0.0260339088696268
"418","DCLRE1B",0.0189950318363746,-5.78050875155219,9.8987118702925e-09
"419","DCP2",0.00788919682911582,-3.46866862372031,0.000546313784933098
"420","DCPS",0.00991319802527968,-3.12716341586313,0.00181644234333576
"421","DCTN2",0.0114969516225174,-4.31742688452033,1.749462988471e-05
"422","DCTN3",0.00652194662564276,-2.57515337924956,0.0101597084992077
"423","DCTN5",0.010039206330855,-4.02598128566653,6.10994337442898e-05
"424","DCTN6",0.00891372501091336,-3.41265486455313,0.000670249398412568
"425","DDB1",0.00583026611810666,-3.30171318622966,0.000996936198180397
"426","DDI2",0.00252841104776191,-0.928741831158812,0.353260522386994
"427","DDOST",0.00899968776411442,-2.84506759783156,0.00454073140817444
"428","DDX10",0.0095716848063564,-4.53506808228739,6.51009945312546e-06
"429","DDX11",0.0129567919080805,-3.51787222763638,0.000454390913483989
"430","DDX18",0.0119493130564321,-6.22965076613346,7.35847145093193e-10
"431","DDX19A",0.0131655431828561,-4.88274326699751,1.23235896434919e-06
"432","DDX20",0.00951542705741504,-4.19464445984832,2.98138425027954e-05
"433","DDX21",0.0111057862833703,-4.73156279754232,2.57384242775773e-06
"434","DDX23",0.0066202016890563,-2.17520185696589,0.029850907150266
"435","DDX27",0.00694233526988608,-3.55222354416262,0.000399317468200497
"436","DDX28",0.00310108210348825,-1.50081801416372,0.133732787465206
"437","DDX39B",0.0114985270001764,-5.22269888680827,2.15469111093189e-07
"438","DDX3X",0.00574325286155353,-2.03856481185776,0.0417533230844869
"439","DDX41",0.00636022206404374,-3.09767390191998,0.00201085697118545
"440","DDX42",0.00835071628475648,-2.99801419346691,0.00278763635691216
"441","DDX47",0.00630336894510541,-3.51874234641059,0.000454652450801902
"442","DDX49",0.0151141689505495,-6.86875011657011,1.2620866982675e-11
"443","DDX5",0.0092604451431344,-3.18805220402403,0.00147985744366029
"444","DDX51",0.00941050561052015,-3.6218630327394,0.000308146339242408
"445","DDX52",0.00730205440233389,-3.77208380047192,0.000171724619388023
"446","DDX54",0.00821786204463659,-4.16277610213249,3.47565271611141e-05
"447","DDX56",0.0123316657044309,-7.08489819651521,2.94562103828799e-12
"448","DDX6",0.0184453778884716,-4.52878333787994,6.58893323188402e-06
"449","DENR",0.0127090800681773,-4.77015904093066,2.12172423084126e-06
"450","DERL2",0.0180479077590735,-5.90215983721291,5.01458263071849e-09
"451","DET1",0.0124841202109083,-5.02210359095447,6.12070785920571e-07
"452","DHDDS",0.00956208481066639,-4.41503106914463,1.12994170746398e-05
"453","DHFR",0.00588132994966728,-2.49979850502886,0.01258521827445
"454","DHODH",0.00228165201320696,-0.813994311115618,0.415854475581778
"455","DHPS",0.0109322359709144,-3.68013978962485,0.00024688293535663
"456","DHX15",0.00886886167806744,-4.20978709262458,2.79454731359337e-05
"457","DHX16",0.0127685392334409,-5.77679235308496,1.0568669444686e-08
"458","DHX29",-0.00171080395458212,0.395969787061695,0.692215621160461
"459","DHX30",0.00551043259852302,-1.83819949635729,0.066337917862256
"460","DHX33",0.00153178800990528,-0.441218481839487,0.659158258396354
"461","DHX35",0.0037691089916071,-0.877164546211388,0.380622574569916
"462","DHX36",0.0021410307073042,-0.755576677076845,0.450092904827466
"463","DHX37",0.0135138147589979,-6.87880481905492,1.10070409761781e-11
"464","DHX8",0.00781859771267268,-4.45283801875685,9.45271054026708e-06
"465","DHX9",0.00731451591145782,-4.22322800190383,2.62353586427809e-05
"466","DICER1",0.00520769257412546,-1.91878054827808,0.0553165255599037
"467","DIDO1",0.0107003160472829,-3.52199166774763,0.000447907596234053
"468","DIS3",0.00260280532820856,-0.960353746111782,0.337118058878468
"469","DKC1",0.0113020296220385,-5.66389910530763,1.96284404898496e-08
"470","DLD",0.0085685266570974,-3.56769674588207,0.00037863736049009
"471","DLG5",0.0151015710690846,-4.48219830425156,8.31509667940892e-06
"472","DLST",0.000938979830905295,-0.442488451176515,0.658229261435574
"473","DMAP1",0.00520866467668113,-2.63376204421209,0.00858618741896129
"474","DNAAF10",0.00962460012077837,-4.07385628658181,5.03002962684133e-05
"475","DNAAF5",0.0110753389132977,-3.69767353521966,0.000229374008410339
"476","DNAJA1",0.00837177818066348,-2.40302247177566,0.0164633074474868
"477","DNAJA3",0.00830301648097087,-3.70179542555014,0.000225788098648096
"478","DNAJC11",0.00672618774533729,-2.12514176159453,0.0338402429992808
"479","DNAJC13",0.00530545463239751,-2.02229833054844,0.0434253633974388
"480","DNAJC17",0.0094631655706221,-4.23914674638092,2.46045697696445e-05
"481","DNAJC19",0.00362541503142955,-0.989149027885522,0.322849217575254
"482","DNAJC2",0.00767212975294884,-1.52822612281873,0.126772050566725
"483","DNAJC21",0.00785142605580191,-2.28356952664786,0.022607650360504
"484","DNAJC9",0.00615283155378565,-2.02451395535852,0.0431821118979562
"485","DNLZ",-0.00076004965664378,0.239468270272672,0.810792247036819
"486","DNM1L",0.00492736648124814,-1.4830254241856,0.138401201311792
"487","DNM2",-0.00747667494611348,3.31242302752379,0.000962876147548432
"488","DOCK5",0.0127154689661256,-4.0031257173788,6.75614291232383e-05
"489","DOHH",0.00760303467910073,-3.04167342562632,0.00241396245780842
"490","DOLK",0.0136697407846809,-5.35951809146211,1.05824601206785e-07
"491","DOLPP1",0.0141157348156568,-4.5281287650225,6.73069784862816e-06
"492","DONSON",0.0122708713082216,-4.73798766531675,2.45557674623649e-06
"493","DOT1L",0.00297282621456296,-0.887930202179864,0.374793787207114
"494","DPAGT1",0.00381005108755916,-1.58750117870521,0.112753036633656
"495","DPF2",0.00229637552364148,-0.481863970216615,0.63001145787711
"496","DPH1",0.0112249429117602,-4.3898317274426,1.25408650576934e-05
"497","DPH2",0.00644982585426968,-2.28537496544257,0.0225017788289585
"498","DPH3",0.00839957827457405,-3.36772252564944,0.000788750796723365
"499","DPH5",0.00599621107717507,-1.84337621520758,0.0655637272372009
"500","DPH6",-0.00327711184169277,1.02308960555217,0.306533454117187
"501","DPM1",0.00666732222101518,-1.98470721562331,0.0474750122267262
"502","DPM2",0.0113919474221695,-3.88001975068711,0.000111984565808637
"503","DPY19L2",0.00693780441612057,-1.96961750351081,0.0491665765929803
"504","DPY30",0.0130887605300686,-5.41996882115913,7.56676247114307e-08
"505","DR1",0.00209295970758139,-0.894681577790041,0.371178260686904
"506","DRAP1",0.00994502854488866,-3.69059011012659,0.000237799546081209
"507","DSCC1",0.0129330521115032,-3.94940211795148,8.4092306927146e-05
"508","DSN1",0.014127409328032,-6.9768723953474,5.50512230792381e-12
"509","DTL",0.0134065978982508,-5.1368974518207,3.4510274573395e-07
"510","DTYMK",0.00437225782624262,-1.67336565351796,0.0945782310038354
"511","DUSP4",0.0117150714391572,-4.30113076499181,1.8802764974125e-05
"512","DUT",0.00829595205020661,-2.05586068131051,0.0400562923754699
"513","DYNC1H1",0.0133694803396763,-5.42196772564825,7.67424819954395e-08
"514","DYNC1I2",0.011390702676303,-3.96561551487999,7.9288094271719e-05
"515","DYNLL1",0.0142107668782135,-3.69152406946128,0.000235912566635208
"516","DYNLRB1",0.0130287478548493,-4.35507655636702,1.48010136346871e-05
"517","DYRK1A",0.0141244019879524,-5.41353886911828,7.91140128347845e-08
"518","E2F1",0.00933821338713581,-3.29998145529502,0.00100169722025291
"519","E2F3",0.00936846931888302,-3.37689883154548,0.000760942822403259
"520","E4F1",0.00478465558453467,-1.59314343549499,0.111443727556393
"521","EAF1",0.0145104273614275,-4.89153072488748,1.17019901356099e-06
"522","EAPP",0.00656413830751579,-3.51907615666027,0.000452573293948146
"523","EARS2",4.16551525355136e-05,-0.0137137646481528,0.989061157168997
"524","EBNA1BP2",0.0113229056939712,-4.81061121818958,1.75913808132548e-06
"525","ECD",0.0164683177781783,-5.40055090109034,8.24998155681969e-08
"526","ECT2",0.00291137516077733,-1.08500394190767,0.278175625602815
"527","EDF1",0.00693177059630501,-1.92207917225809,0.0548919160538584
"528","EED",0.00565650418915709,-1.70295412883313,0.0888870396371114
"529","EEF1A1",0.0141857694675874,-5.74967733756813,1.22997260310627e-08
"530","EEF1B2",0.009709808445307,-2.32228953828967,0.0204292568796855
"531","EEF1G",0.00644720408128341,-2.22045263035032,0.0266196402665676
"532","EEF2",0.00911306978294185,-3.38102756268035,0.000750952059255645
"533","EEF2KMT",0.0225718985503579,-6.55904114547999,8.40161859261324e-11
"534","EEFSEC",0.00708727060041336,-1.8546576959332,0.0639612070061105
"535","EFL1",0.0137314450591793,-4.28458099512265,2.01277582172595e-05
"536","EFR3A",0.00547150144805431,-1.64972833917408,0.0993114266167344
"537","EFTUD2",0.0114108965737978,-4.97850072169616,7.55205257196159e-07
"538","EGFR",0.00918837831278352,-2.71840294373429,0.00667220997654396
"539","EGLN1",0.0164904806291208,-5.04424942174902,5.49240192725595e-07
"540","EIF1",0.00856768897678695,-3.32332827153681,0.000923636032637097
"541","EIF1AD",0.020060405947273,-7.28220460150026,7.21559816735719e-13
"542","EIF1AX",0.0140408463393236,-5.86577952593386,6.0281095254405e-09
"543","EIF2AK4",0.0115561472202591,-2.60251598072798,0.00939429009139726
"544","EIF2B1",0.0167498071191401,-6.29922963887051,4.6309809458431e-10
"545","EIF2B2",0.0121871631334308,-3.71769772484643,0.000212914097403883
"546","EIF2B3",0.00894884363252335,-3.56692582115235,0.000378956041833944
"547","EIF2B4",0.0118481567647696,-5.25227487870899,1.83958688849652e-07
"548","EIF2B5",-0.00526060445606913,1.422223402093,0.155277699130021
"549","EIF2S1",0.0126883619815758,-6.21007662230539,8.08356098662256e-10
"550","EIF2S2",0.013466736129877,-5.28370730948935,1.58531106697859e-07
"551","EIF2S3",0.00405261285656311,-1.63685275777903,0.101977083364689
"552","EIF3A",0.00979357934683434,-5.13010642902832,3.56728281264649e-07
"553","EIF3B",0.0136699950371509,-6.24973663984503,6.31093415279932e-10
"554","EIF3D",0.00865449231331283,-3.84404281956055,0.000129546458384862
"555","EIF3E",0.0101111776535688,-3.84442408392637,0.00012884562629098
"556","EIF3F",0.0147701161797561,-4.81098089794,1.74261773817706e-06
"557","EIF3G",0.0134268308929831,-5.11726305978282,3.75730758831395e-07
"558","EIF3H",0.00500156631411941,-1.44133917715653,0.149805856931531
"559","EIF3I",0.0121859547903266,-6.27213765330631,5.62206469326299e-10
"560","EIF3J",0.0145199796152334,-3.2600850494393,0.0011551221976119
"561","EIF3M",0.00831855200536846,-2.93384842708296,0.00342805578003051
"562","EIF4A1",0.00817437629738382,-3.6925287144743,0.00023498040731295
"563","EIF4A3",0.00213633712942335,-0.49676053325908,0.619482778873529
"564","EIF4B",0.00355989402724566,-1.09739375177391,0.272736719736841
"565","EIF4E",0.0052169226749168,-2.30510885482908,0.0213868455775631
"566","EIF4E2",0.00282965962057669,-0.651266874212585,0.515023556337298
"567","EIF4G1",0.00359124461916527,-1.47156311807967,0.141455084779008
"568","EIF4G2",0.00492698291339855,-1.65174435906308,0.0989078012091157
"569","EIF5",0.0114469173688123,-4.55910165560618,5.84884957724725e-06
"570","EIF5A",0.0062212980905838,-1.79275118283601,0.0733186176792719
"571","EIF5AL1",0.00619043339628489,-1.45806530388619,0.145127527384589
"572","EIF6",0.00561024316755721,-1.6484295917623,0.0995773235091033
"573","EIPR1",0.0172608339196491,-4.74856124303041,2.36300130599596e-06
"574","ELAC2",0.0202106545868536,-5.29457703114049,1.50647424082878e-07
"575","ELAVL1",0.00715379044540787,-2.05671640642802,0.0399703257145391
"576","ELL",0.00714954923613764,-3.65083777342164,0.000276299762446623
"577","ELMO2",0.0196447232028431,-5.93272619791814,4.25371813134159e-09
"578","ELOA",0.00497658596214334,-1.68193176270511,0.0928902662573199
"579","ELOB",0.00781214881525349,-4.00595853339481,6.68278283004963e-05
"580","ELOC",0.00666989643426752,-3.1063171975634,0.00195121634072409
"581","ELOF1",0.00587872074632023,-2.01391981777424,0.0443020512017615
"582","ELP1",0.00411542549075006,-1.53149919795938,0.125979953147476
"583","ELP2",0.00465597281469898,-1.67501298201568,0.0942647930922272
"584","ELP3",0.00372022577039011,-1.40428440460422,0.160563449503761
"585","ELP4",0.00819688511556105,-2.99846716404078,0.00278543736820568
"586","ELP5",0.00799049643575456,-2.95874691587086,0.00316728345193187
"587","ELP6",0.00967014836787983,-3.52949269558887,0.000436650380357485
"588","EMC1",0.00511849650229357,-1.5373971399468,0.124517252818722
"589","EMC2",0.00724507801177032,-2.38520453418351,0.0172654826272056
"590","EMC3",-0.00209410928266451,0.590933278919644,0.554708297677373
"591","EMC4",0.00663464076449238,-2.55026816687298,0.0109212735176049
"592","EMC6",0.00599139623633937,-2.03391445780995,0.0422373194407541
"593","EMC7",0.0064395777673405,-3.19591190459679,0.00144005553239172
"594","EMSY",0.0102409725370753,-3.74132943190628,0.000193737000875873
"595","ENO1",0.00884105962292059,-3.9109383811101,9.86816080350781e-05
"596","ENY2",0.00733885075108376,-3.19576835622394,0.00144141586708483
"597","EP300",0.00299142868822466,-1.29031980910146,0.197238946647091
"598","EP400",0.0114398136260964,-5.07566498427154,4.67157212247863e-07
"599","EPC1",0.0151227857070773,-6.05994295337995,1.93791913762501e-09
"600","EPC2",0.0150564937359865,-5.50357552752117,4.83179687518885e-08
"601","EPRS1",0.0126022484778455,-6.29618174046977,4.8431340392017e-10
"602","ERAL1",0.00413505105688583,-1.55640246559322,0.119949616950212
"603","ERBB2",0.0101420018641497,-4.22017156608522,2.66278468930918e-05
"604","ERBB3",0.0136457313145982,-5.86275168624461,6.4407447078696e-09
"605","ERCC2",-0.000907811889353738,0.316312830822616,0.751828970663754
"606","ERCC3",0.00884682731197706,-4.58670600863755,5.07320794254039e-06
"607","ERH",0.00304192235096784,-1.11198546531184,0.266418071868524
"608","ESCO2",0.000427217852177586,-0.127313942144189,0.898717195979068
"609","ESF1",0.0113669143152283,-5.26901418963086,1.69517272962757e-07
"610","ESPL1",0.0100050285435023,-4.75986390873664,2.24761452829491e-06
"611","ESS2",0.0171564102815556,-5.99981655518456,2.86656748708325e-09
"612","ETF1",0.0140652740179454,-5.78683053676848,9.98445936178384e-09
"613","EXOC8",0.0187927790431748,-5.06321636171244,5.22782637500728e-07
"614","EXOSC1",0.00921439758546738,-2.81169723107445,0.00502773160532271
"615","EXOSC10",0.00539895028730208,-1.59943503595201,0.110052681073817
"616","EXOSC2",0.00728638375614987,-3.57773924744816,0.000363850170601698
"617","EXOSC3",0.0102586652671136,-4.89534202274545,1.15409096872004e-06
"618","EXOSC4",0.00306297343207484,-1.58011557721188,0.114394265315281
"619","EXOSC6",6.60298481953703e-05,-0.026128818545112,0.979160011121105
"620","EXOSC7",0.00800803812428164,-3.64164728512568,0.000284988737956702
"621","EXOSC8",0.0143138746136203,-6.41865623241654,2.18123474339415e-10
"622","EXT1",0.012420514221721,-4.2924983900954,1.95919163295672e-05
"623","EXT2",0.0123382894167759,-3.73793979895868,0.000196877743263186
"624","EZH2",0.00945420302984168,-3.17677960214925,0.00153550058811637
"625","FADD",0.0148439337946114,-3.51682351789661,0.000456456466268016
"626","FAF2",0.00982875465281274,-3.42044627115691,0.00065177113434653
"627","FAM32A",0.0127425332338694,-4.52821149058739,6.69563193538727e-06
"628","FAM50A",0.0171707316677588,-4.88587557523998,1.19954362413504e-06
"629","FAM98B",0.0117743862792368,-4.10309141553689,4.44434350507446e-05
"630","FANCA",0.00747503056396814,-2.59294272900713,0.00965142955336437
"631","FANCF",0.00821810476310614,-2.59041533255431,0.0097333032609425
"632","FANCI",0.010699865042343,-2.08588654225296,0.0372725589210255
"633","FANCM",0.00206649022078842,-0.588587333970875,0.556273786969794
"634","FARS2",0.00755610502094461,-2.26979213511784,0.0234518462985335
"635","FARSA",0.007065432366544,-3.07852245087982,0.00214221390587833
"636","FARSB",0.0097146902640135,-4.3464970498252,1.53660073141889e-05
"637","FASN",0.00999763376406393,-4.24706111173195,2.3751110742921e-05
"638","FASTKD5",0.000583092699163124,-0.25973514492687,0.795121323287492
"639","FAU",0.00282650315019156,-1.19578653865229,0.232065477464194
"640","FBL",0.00835779659277647,-3.62613632719575,0.00030240383795363
"641","FBXO11",0.00805670837705419,-3.44480969457645,0.000596193696594759
"642","FBXO5",0.0167962412580653,-5.05821434091486,5.08799941362931e-07
"643","FBXO7",0.0169429688054492,-5.47976350059573,5.53629197458078e-08
"644","FBXW11",0.00377321699551358,-1.2211536691078,0.222328417896362
"645","FBXW7",0.00756674377313749,-2.76176712253856,0.00585412883828478
"646","FCF1",0.014967656593457,-5.89029929791662,5.40812941324845e-09
"647","FCHO2",0.0187346138061297,-7.57106818736587,9.2172807121694e-14
"648","FDFT1",0.013935986274574,-5.42348957182512,7.45995937017106e-08
"649","FDPS",0.0159491110882397,-6.87866729097236,1.16141703735852e-11
"650","FDX1",0.0135436967128491,-4.84951240846079,1.45076417398745e-06
"651","FDX2",0.0155925888541436,-5.74601722592446,1.24219358784758e-08
"652","FDXR",0.00774926757599059,-3.0365493967296,0.00246164383391696
"653","FECH",0.0119782951245085,-4.51895216794711,7.05891007358791e-06
"654","FEN1",0.00303449565810565,-0.93977039449947,0.347581491233718
"655","FERMT1",0.0120000723194879,-3.98865611380013,7.17466596452795e-05
"656","FERMT2",0.0177802175646234,-4.46356739645585,9.01285638575015e-06
"657","FGFR1",0.0119587978464059,-4.31573086502494,1.76319555655727e-05
"658","FIP1L1",0.0100984650340761,-5.12503151429753,3.6213964928389e-07
"659","FIS1",0.00914335932417576,-3.46868027324782,0.000546997114944426
"660","FKBP1A",0.00306130606313637,-0.891896023436162,0.372673675859543
"661","FLCN",0.0144742063264945,-5.53466007294618,4.07095212838966e-08
"662","FLI1",0.0136406912359612,-5.78360932507415,9.96307955725616e-09
"663","FLII",0.0139243314185402,-4.79338665660128,1.9136267408427e-06
"664","FLVCR1",0.0139376622950651,-3.18648132255075,0.00148984727484543
"665","FNTA",0.011496753768147,-4.95695163606892,8.66098751338413e-07
"666","FNTB",0.00309762466808661,-1.05510353794319,0.29165960241851
"667","FOSL1",0.00852912321930133,-3.3570765387213,0.000818549443915276
"668","FOXA1",0.00771388092136294,-3.04365188517059,0.00239660888706912
"669","FOXK1",0.00749057825100818,-3.69837856598862,0.000229094397585845
"670","FOXM1",0.00734172600075611,-2.6300114208146,0.00866228500882246
"671","FOXRED1",0.0118830305001009,-4.85772594607495,1.39244269033714e-06
"672","FPGS",0.00616919866831334,-2.07625113128072,0.0381351397385053
"673","FRG1",0.013364549395176,-3.63810013254609,0.000289368809679204
"674","FUBP1",0.0124741334235811,-2.82462939258287,0.00483955400787509
"675","FURIN",0.0122122663212016,-4.52371384690782,6.82912902646627e-06
"676","FXN",0.0110662674353261,-4.27435526095576,2.11130353842998e-05
"677","FZR1",0.0140572453452465,-5.50319975079248,4.85865703991884e-08
"678","G3BP1",0.00931035390858459,-2.15073817195846,0.0317407670353608
"679","G6PD",0.00484738003432805,-2.08227899389806,0.0375819488012439
"680","GAB1",0.0156680812718015,-6.82638337485913,1.54027918538101e-11
"681","GABPA",0.0146091703783647,-4.87378238748308,1.29109905813851e-06
"682","GABPB1",0.00880125523442388,-4.30533722575803,1.83747072116921e-05
"683","GADD45GIP1",0.00537110446678102,-2.69100134437335,0.00725404902508649
"684","GAK",0.00390967432314249,-1.2892003826428,0.197641701489326
"685","GAPDH",-0.00136612522855128,0.674222802061767,0.500329841933113
"686","GARS1",0.00875594852432193,-4.02057632357145,6.24533552481556e-05
"687","GART",0.00414896606144777,-1.52751950983863,0.126960591467148
"688","GATA3",0.00981185004957652,-4.21069230703323,2.78188694878213e-05
"689","GATB",0.0234088965598599,-6.67182531424912,4.63317545290701e-11
"690","GATC",0.0256220390549198,-7.13010403405266,2.26245666274375e-12
"691","GBF1",0.0135893082394899,-5.49283879531388,5.10563586411831e-08
"692","GCN1",0.00777228216569215,-2.10894890981395,0.0352009272763853
"693","GCSH",0.00799815741062615,-2.05712895205766,0.0399367443844285
"694","GEMIN2",0.00612987418865307,-1.95651075012119,0.0506728465520408
"695","GEMIN4",0.00988723694452565,-3.40989503098992,0.000677393976268408
"696","GEMIN5",0.0166002887771196,-6.15077157009369,1.16693723254579e-09
"697","GEMIN6",0.00424526439555406,-1.26765303476947,0.205231677997413
"698","GEMIN7",0.00793328269999494,-2.45553452561071,0.0142408251735252
"699","GEMIN8",0.0144147080318077,-3.45219220890724,0.000581565818457961
"700","GET1",0.0101233158952767,-3.15794068505973,0.00164593777199385
"701","GET3",0.00343302278304258,-1.20448506447448,0.228695822034335
"702","GET4",0.00679931202623751,-2.46094014712556,0.0140276869274988
"703","GFER",0.010678168063086,-4.22038215065813,2.6590982757886e-05
"704","GFM1",0.00201068590210707,-0.711665419669858,0.476847358450213
"705","GFM2",0.00577719802878318,-1.86216807312086,0.0628764014933434
"706","GFPT1",0.014128950897167,-5.64439126057179,2.17905070405288e-08
"707","GGNBP2",0.0130232586408913,-3.59061550764858,0.000347084780794568
"708","GGPS1",0.0121408146386733,-5.14570138336477,3.25417226249838e-07
"709","GGTLC2",0.0120600144979334,-3.18301229291741,0.00151078502414931
"710","GIGYF2",0.0110559665214488,-4.47284040873508,8.66794979163547e-06
"711","GINS1",0.021294215539016,-7.44163110467597,2.18575331695493e-13
"712","GINS2",0.013874925146915,-5.8810082993042,5.66470432260638e-09
"713","GINS3",0.0114988690531556,-3.70601813580425,0.000222161766286504
"714","GINS4",0.00784933405718824,-3.1395240676722,0.00174256369377889
"715","GLMN",0.0184783836552576,-6.77101199829532,2.19798450135435e-11
"716","GLRX3",0.00485928552326342,-1.65633304705518,0.0979788958243774
"717","GLRX5",0.00931747285220286,-3.90256738505293,0.000102093657623188
"718","GLS",0.0119773246106715,-3.789743306399,0.000161058146682043
"719","GMNN",0.0151477586843684,-4.88743557086329,1.20209677778663e-06
"720","GMPPB",0.0113466945471066,-4.8323203555865,1.59314559801767e-06
"721","GMPS",-0.000210289464966262,0.0852903307004025,0.932048354146652
"722","GNA13",0.0179249546686158,-6.67640166884283,4.27625901364243e-11
"723","GNB1L",0.00932618462196289,-2.55627160385882,0.0107297522600116
"724","GNL2",0.0133672408010385,-6.41684071687382,2.25882971516286e-10
"725","GNL3",0.00993737806535433,-4.89352794155543,1.17830834205404e-06
"726","GNL3L",0.00691593220329667,-2.40594322284441,0.0163203985406612
"727","GNPNAT1",0.00805737185830224,-3.46572823818261,0.00055403640651693
"728","GOLGA7",0.00196150717186705,-0.668096906886822,0.504232126003209
"729","GOLGA8R",0.00996245800945161,-3.73584702764485,0.00019698568211887
"730","GOLT1B",0.00995019944883557,-3.35800231534494,0.000816790154010765
"731","GOSR2",0.0111949826326494,-3.79715056912238,0.000155333257396557
"732","GPATCH1",-0.00104004462896967,0.334199008063281,0.738298494865976
"733","GPI",0.00559194852228051,-2.51446208622114,0.012081940166217
"734","GPKOW",0.00246383171534426,-0.715875072849543,0.474254039335442
"735","GPS1",0.0129960287206624,-5.2545470548044,1.80066813461212e-07
"736","GPX4",0.00598791830922973,-1.59926712230662,0.110091015258961
"737","GRB2",0.015284703309129,-5.72008103336342,1.41911488699897e-08
"738","GRHL2",0.00880692656910986,-2.43451964007851,0.0150596056666376
"739","GRK2",0.0116591981973989,-4.29974588697317,1.89192828869679e-05
"740","GRPEL1",0.0187317553205212,-6.43432760789937,2.05708876509658e-10
"741","GRSF1",0.01255567560185,-5.59090734223523,2.92907319097544e-08
"742","GRWD1",0.00453215184025613,-1.60173451323327,0.109551725813699
"743","GSK3B",0.00925291662680205,-3.59833933508013,0.000336175699345642
"744","GSPT1",0.00550759599027117,-2.00091297758906,0.0457104369254449
"745","GTF2A1",0.00919451736160404,-3.68042429839329,0.000245894836350411
"746","GTF2A2",0.00535350713118765,-2.73767115084794,0.00631032121354496
"747","GTF2B",0.00525519405623048,-3.2130338115573,0.00135872882376352
"748","GTF2E1",0.0144605974485079,-6.97433174566216,6.01283222086889e-12
"749","GTF2E2",0.00926340675713277,-4.48670783635417,8.10984758940077e-06
"750","GTF2F2",0.00100369627643926,-0.303554205254424,0.761532524697823
"751","GTF2H3",0.00831651165563574,-2.56091036144965,0.0105862225746459
"752","GTF2H4",0.00683505879138524,-2.45537037488405,0.0142419510318523
"753","GTF3A",0.0161735131415717,-7.10933859263283,2.37998876951245e-12
"754","GTF3C1",0.0152731215694123,-6.74375072774664,2.76135979504907e-11
"755","GTF3C3",0.0090273432978375,-3.32097672507103,0.000931796976784863
"756","GTF3C4",0.0088878623839852,-3.54851533647408,0.000406536409531865
"757","GTF3C5",0.014228668339752,-5.19343650212559,2.56713090362746e-07
"758","GTF3C6",0.0105998736537454,-4.04307235752492,5.69705148216347e-05
"759","GTPBP10",0.00802732578175724,-3.22260047266432,0.0013137817726141
"760","GTPBP4",0.0108279883489515,-5.75928922794455,1.14779129056236e-08
"761","GTSE1",0.00857355200756127,-2.37001811355204,0.0179857460756147
"762","GUK1",0.000827511399410175,-0.441719397100342,0.658790375985347
"763","H2AC15",0.0101491796508216,-5.91225931594626,4.766947907539e-09
"764","H2AC17",0.0150533634483566,-5.77083593493019,1.07606215497607e-08
"765","H2AC20",0.00413193408708035,-1.70547195093988,0.0884329748080373
"766","H2AX",0.0118737473533874,-3.95958009424004,8.06700671707697e-05
"767","H2AZ1",0.00537041501008173,-2.03494355172095,0.0421187534560875
"768","H2BC11",0.0024038003589576,-1.35931217450569,0.174364421058566
"769","H2BC13",0.0039578253177992,-1.86770597722546,0.0620964336825979
"770","H2BC15",0.00601964301731528,-2.27804748456675,0.0229311779920611
"771","H2BC21",-0.00203591877079345,0.857269116889872,0.391511939758363
"772","H2BC26",0.0101491796508216,-5.91225931594626,4.766947907539e-09
"773","H2BC4",0.00521382520901803,-2.57625262414919,0.0101402365430091
"774","H2BC6",0.00354902956812686,-1.38314685563128,0.166899828859319
"775","H2BC9",0.00601964301731528,-2.27804748456675,0.0229311779920611
"776","H3-3A",0.00607142029335106,-2.88645203149727,0.00397843599930967
"777","HARS1",0.00866124432909066,-2.26532413308184,0.0237242285354323
"778","HARS2",0.00943444944591187,-2.98954307701939,0.00286698553374851
"779","HAUS1",0.0106506583186309,-4.06178636069222,5.25151996990946e-05
"780","HAUS3",0.0153714106338845,-5.69819576041147,1.63173577990619e-08
"781","HAUS4",0.0191949997339198,-5.53484341338912,4.25091699984351e-08
"782","HAUS5",0.00904086368472123,-3.70105514510915,0.00022635239867217
"783","HAUS6",0.00982817574873973,-4.93000064297729,9.64216412725495e-07
"784","HAUS7",0.0143715836558878,-5.04571022915237,5.39872465063045e-07
"785","HAUS8",0.0120446559268071,-5.35592138924411,1.08427589577811e-07
"786","HCCS",0.0113602851311624,-3.02123478549351,0.00258536403248092
"787","HCFC1",0.0137410799991179,-6.61922064600401,6.18177613737859e-11
"788","HDAC1",0.00416681964744436,-1.54278417956213,0.123223140976082
"789","HDAC3",0.00811397945783343,-4.25823312497861,2.28251435777367e-05
"790","HEATR1",0.0102445934376953,-4.91998167126427,1.02285664385568e-06
"791","HEATR3",0.0124587716751942,-3.88462049120207,0.000109744518348454
"792","HECTD1",0.0114612328616039,-4.32469375812832,1.69180450945221e-05
"793","HGS",0.00580793104735855,-1.60021194684699,0.10987596981033
"794","HINFP",0.0132173638149259,-5.13371781414442,3.50340087202063e-07
"795","HIRA",0.00803805384804424,-2.5151935082415,0.0120504676045443
"796","HJURP",-0.00173731595107873,0.589767858287505,0.555476844404746
"797","HK2",0.00443391476393795,-1.38287763144421,0.167033655139342
"798","HMBS",0.0124795102989717,-4.75413633277455,2.26158772861305e-06
"799","HMGA1",0.0108018223643764,-4.03746074909678,5.83103225596811e-05
"800","HMGB1",0.00270294130262627,-1.07365061671468,0.283245334004652
"801","HMGCR",0.0102202674203549,-3.95928589014127,8.07673893013336e-05
"802","HMGCS1",0.0083501676470914,-3.65999066793579,0.000266021838100523
"803","HNF1B",0.0356380730864754,-7.30563692854129,6.03585795578974e-13
"804","HNRNPA1",-0.000426794850791334,0.11868171122176,0.905550889559355
"805","HNRNPA1L2",0.0107414990076369,-3.66196438959739,0.00026332887408134
"806","HNRNPA2B1",-0.00644871135527769,1.3224304252316,0.186321759657489
"807","HNRNPC",0.00995629865513159,-3.67946581462582,0.000245831594095105
"808","HNRNPF",0.0117853104869442,-3.37522766943835,0.000767664747333755
"809","HNRNPH1",0.00982105867892424,-2.90864822720875,0.00371657598017285
"810","HNRNPK",0.0157976413223108,-4.4963605373625,7.85587614106149e-06
"811","HNRNPL",0.0107237802362889,-4.13275822919561,3.88445290487915e-05
"812","HNRNPM",0.00631600504524144,-2.59999698854728,0.00946503863730463
"813","HNRNPU",0.00347577338963101,-1.4913130207707,0.136201495001165
"814","HOXD13",0.00710302651771855,-2.10649020317053,0.0354075548904548
"815","HS6ST1",0.0154556433166145,-5.19667513897902,2.51611990763027e-07
"816","HSCB",0.00269966848596126,-0.745460423752411,0.456185447675166
"817","HSD17B10",0.00696925151976013,-2.82568467731003,0.00481691137250309
"818","HSD17B12",-0.00174528557440268,0.512200680971821,0.608625075001691
"819","HSF1",0.00985131133919748,-3.87046453455578,0.000115480050366465
"820","HSP90AB1",0.00837157545518707,-2.87459155376596,0.004137273883306
"821","HSP90B1",0.00818805368744335,-3.48082293780664,0.000521424652865468
"822","HSPA13",0.0110758635299425,-3.50740576300548,0.000473511469117043
"823","HSPA14",0.00865548813017947,-2.39001556167823,0.0170383865012159
"824","HSPA5",0.0115087409172043,-6.3525762616396,3.28860745211298e-10
"825","HSPA8",0.00477852341022278,-1.75501267909949,0.0795737777310795
"826","HSPA9",0.0102322720867275,-4.02646199724439,6.05944451493797e-05
"827","HSPD1",0.00403423829564475,-1.86730350898292,0.0621769374291833
"828","HSPE1",0.017848063163265,-3.55970461190373,0.000389900599405737
"829","HTATSF1",0.00511046770100321,-1.23547374106768,0.216957302683608
"830","HTRA2",0.00299299574926915,-0.924949234536831,0.355211387559211
"831","HUS1",0.00340902290717304,-1.44588080180682,0.148559331781427
"832","HUWE1",0.00861551590429976,-3.164531139658,0.00160513888300825
"833","HYOU1",0.0187465310595574,-3.66904294662706,0.000256024786251097
"834","HYPK",0.00336068346443696,-1.22778479582839,0.219831445399105
"835","IARS1",0.00842808536596434,-4.35242656980812,1.49718465094397e-05
"836","IARS2",0.00841250611427558,-2.23216177419025,0.0258710001505815
"837","IBA57",0.00559737379163727,-2.04144902490048,0.0414851299285746
"838","ICE1",0.0101610822758342,-4.70766070056863,2.88576249189728e-06
"839","ICE2",0.0131480508548493,-5.83090302473725,7.50747706300392e-09
"840","ICMT",0.01073277862592,-4.1435151639319,3.76160457091428e-05
"841","IDH3A",0.0016391546169725,-0.836919463119774,0.402834868230242
"842","IER3IP1",0.00884341717804216,-3.44105910666368,0.000604008317105324
"843","IFITM3",0.00970158209648153,-3.7770098411451,0.000167748034897263
"844","IGBP1",0.00786433548926313,-3.60795640780368,0.000323581694123062
"845","IGF1R",0.0178487134921362,-4.83736177408834,1.54126767693519e-06
"846","IK",0.0041782363175219,-1.62298083674085,0.10492004087503
"847","IKBKG",0.00146445329942535,-0.413807477823784,0.679100869965848
"848","ILF2",0.008207962095927,-3.40833743119227,0.000677769769184153
"849","ILF3",0.00604578379763587,-2.0678565893619,0.0389204439266813
"850","ILK",0.0115150153328964,-2.26633403816825,0.02363991656429
"851","IMP3",0.00607229898036599,-2.51537454728349,0.0120533137295819
"852","IMP4",0.011541198067522,-6.17974656976529,9.79052570973748e-10
"853","IMPDH2",0.0053420379634288,-2.18476088950607,0.0291441206250972
"854","INCENP",0.0121342167259049,-4.51284921957347,7.15711065925365e-06
"855","ING3",0.00918095836546018,-3.34041703708009,0.000869228670953421
"856","INO80",0.0145506803678295,-5.51713718711261,4.40978143349611e-08
"857","INTS1",0.0147559367767668,-6.07207531437596,1.82668170207162e-09
"858","INTS10",0.0119260757201582,-4.04413821489741,5.6544681831026e-05
"859","INTS11",0.0109349234968747,-6.1360617507741,1.26397215856875e-09
"860","INTS12",0.0104968530524246,-3.22662147185892,0.00129436997765291
"861","INTS13",0.00235142148502876,-0.65650875805643,0.511646240072844
"862","INTS14",0.00845501999944553,-2.81366648384584,0.0050035821229727
"863","INTS3",0.0103621778069867,-4.85047194531646,1.4248667024048e-06
"864","INTS5",0.00908153483743324,-4.12205598111914,4.08241664753161e-05
"865","INTS6",0.0197467877154954,-6.88188310677492,1.07943962507723e-11
"866","INTS7",0.0120563288541687,-5.60075086431093,2.77865145170335e-08
"867","INTS8",0.00876568532984678,-4.27927081462253,2.06489048896198e-05
"868","INTS9",0.00909949958561851,-4.70516501239478,2.90821219561415e-06
"869","IPO11",0.0170882054638068,-6.51067434016663,1.24767576060716e-10
"870","IPO13",0.0195899789695786,-6.02004762820356,2.47807977899459e-09
"871","IPO5",0.0154399274877004,-4.54831215119992,6.10351954821639e-06
"872","IPO7",0.0119758206593911,-4.78427374555373,2.00332290663541e-06
"873","IPO9",0.00798411615442585,-2.22943546089787,0.0260084179497277
"874","IPPK",0.00516577621952818,-1.75336090514343,0.0798442950429274
"875","IREB2",0.0134221191144772,-5.05739916382531,5.14262300250692e-07
"876","IRF2",0.00809822226943235,-2.65294391826337,0.00811538036644739
"877","IRF2BP2",0.0106730431425548,-3.53088706402996,0.000434449076275278
"878","IRF4",-0.00388514766574244,1.28562533350358,0.198864305606537
"879","IRS2",0.0102028322308449,-4.02315858388776,6.16609588707887e-05
"880","ISCA1",0.0109678289204558,-3.49551224736069,0.000495826300619672
"881","ISCA2",0.0115813499487095,-4.60878746774044,4.66590581280009e-06
"882","ISCU",0.0146863106486541,-4.67149401589665,3.42090425107196e-06
"883","ISG20L2",0.00540924108216556,-2.67084798111649,0.00770112665580476
"884","ISL1",0.0151331771158635,-4.3159379666553,1.77267672651185e-05
"885","ISY1",0.0116774245580451,-4.74061503424633,2.43884736395449e-06
"886","ITGA3",0.0023659937343482,-0.813538468234729,0.416111587848259
"887","ITGAV",0.0105631592214185,-3.36034338695208,0.00080928093056898
"888","ITGB1",0.00217648346151322,-0.839745787760688,0.401260667808981
"889","ITGB5",0.00877161655799474,-4.25789381552781,2.2550461877001e-05
"890","ITPK1",0.0107733687504284,-3.88535680531878,0.000108633153843172
"891","JMJD6",0.00735137927157481,-2.87611358220546,0.00411480664561629
"892","JTB",0.0163426378659391,-5.03483123260117,5.82353529120583e-07
"893","JUN",0.00167442066806134,-0.561112332391424,0.574844848321999
"894","JUNB",0.00715938568830021,-2.80889407697025,0.00506899014732462
"895","KANSL1",0.0145377956685906,-6.45436194085403,1.75184459952015e-10
"896","KANSL2",0.00827494576895349,-3.22226819375472,0.00131526583749241
"897","KANSL3",0.0121920490022683,-4.66629349690235,3.50248334737087e-06
"898","KARS1",0.0186152280340256,-8.1082503840089,1.96850673887917e-15
"899","KAT8",0.0158205366995412,-6.64827812148991,5.06617712660973e-11
"900","KATNB1",0.00545064870180967,-1.48163103706859,0.138756518102983
"901","KCMF1",0.014783993692459,-6.3047687321659,4.47175565016681e-10
"902","KCTD10",0.000922061280093756,-0.305112165799466,0.76035554576056
"903","KCTD5",-0.00197177700783846,0.583249802593415,0.559875340821103
"904","KDM2A",0.0136277268883205,-5.61722560009508,2.55950039740563e-08
"905","KDM5C",0.0172942783675017,-6.72063746840982,3.25519650531928e-11
"906","KDM8",0.0125417557672396,-4.2924818140497,1.94153561629901e-05
"907","KDSR",0.00811020994913803,-2.45537406407726,0.0142804270299325
"908","KEAP1",0.0030446837355832,-1.24387365966449,0.213843533438826
"909","KHSRP",0.00869019349919353,-2.67604565273825,0.00757784377704856
"910","KIDINS220",0.00931531753425241,-3.67875215864873,0.000247812212397618
"911","KIF11",0.0111878506218873,-4.41591105699879,1.13256118270699e-05
"912","KIF14",0.0144578044115334,-3.52677100291493,0.00044150114121163
"913","KIF18A",0.00835000683498843,-3.37576814382429,0.000764397342776353
"914","KIF18B",0.0169605771837382,-4.81456406803043,1.71568635782561e-06
"915","KIF20A",0.0132516456025557,-3.9575732037005,8.15612753280272e-05
"916","KIF23",0.00857788106001112,-3.17281252517384,0.00156256331520146
"917","KIF2C",0.00824173631527869,-2.10525441817789,0.0355261226169232
"918","KIF4A",0.0107422793297964,-2.61326822458865,0.00911415669186549
"919","KIN",0.00730024461122591,-3.27694671981957,0.00108646842489262
"920","KIRREL1",0.0147273622224519,-5.10052906762119,4.10933219049559e-07
"921","KLF5",0.0121715543289395,-4.06124822721154,5.26211914080744e-05
"922","KMT2A",0.0137084868638472,-5.30660365027617,1.39334510882012e-07
"923","KMT2D",0.0125721890675723,-5.85099384789239,6.70455592579557e-09
"924","KNL1",0.00852976479892131,-2.73878772941117,0.00627772173061645
"925","KNTC1",0.00478473875788898,-1.45934777891224,0.144792697322792
"926","KPNA2",0.0110475979537756,-4.12308528778126,4.04071199444787e-05
"927","KPNB1",0.00887081484456598,-2.97804331117445,0.00297159163225191
"928","KRAS",0.00416257569838185,-1.48841218970163,0.136981380583539
"929","KRI1",0.00783420768923282,-3.67317284234756,0.000253401031827579
"930","KRR1",0.00955110152588468,-4.21146502391527,2.78184749090764e-05
"931","KRT18",0.00780020196221898,-3.05365813141421,0.00232099473352924
"932","KTI12",0.00870865003211008,-3.28699481871352,0.00105002611906563
"933","LAMTOR2",0.0131027124508014,-3.90745979861137,0.000100477861403423
"934","LAMTOR3",0.00136304263131359,-0.37461294412145,0.708028753001755
"935","LAMTOR4",0.0115544832319791,-4.28229899876906,2.05108316918963e-05
"936","LARP1",0.0135083103409366,-4.07676167849856,4.95298160955077e-05
"937","LARP7",0.0138174663332997,-4.67878009846517,3.29144601714359e-06
"938","LARS1",0.0134833140224569,-6.44948107388548,1.85250321025162e-10
"939","LARS2",0.00647885038282581,-2.40149643239514,0.0165167274066945
"940","LAS1L",0.00778717620927005,-3.85441408138884,0.000123869081696638
"941","LCE2B",0.00734183154123402,-3.29058437042641,0.00103513327603025
"942","LCMT1",0.00895733223744832,-4.07776697070187,4.9229831821585e-05
"943","LDB1",0.0100089164918591,-3.34227042421706,0.000862297813276007
"944","LDLR",0.0151929592564523,-5.1404914557142,3.34973818926888e-07
"945","LEMD2",0.0156448087773213,-3.60432533204324,0.000330500359460443
"946","LETM1",0.00391888983682831,-1.65297540372955,0.0986519603579046
"947","LIAS",0.00380597435573149,-1.51924772363607,0.129012333644089
"948","LIG1",0.000273838702590901,-0.0822443259899059,0.934468645500804
"949","LIN54",0.00268412294182874,-1.00138648454519,0.316887291702105
"950","LIPT1",0.0145403427306684,-5.03096232073499,5.75823571622612e-07
"951","LMNA",0.0235860844426606,-7.82012871260261,1.64045272641779e-14
"952","LMNB1",0.0202890738365763,-5.86478944108288,6.42265818818459e-09
"953","LONP1",0.0100934379945055,-3.50517906215311,0.000476877837475697
"954","LRP8",0.00307751560179959,-1.07152517656796,0.284197854943447
"955","LRPPRC",0.0103718851147041,-5.346584751214,1.11958969048537e-07
"956","LRR1",0.018905475164079,-7.56961522856113,9.32834321849171e-14
"957","LSG1",0.0138699158585796,-6.31948679914644,4.12120584011073e-10
"958","LSM11",0.0112305742872769,-4.48452525883235,8.21889007749994e-06
"959","LSM2",0.012692142851976,-5.55988506345655,3.52195328837629e-08
"960","LSM3",0.00881835051734042,-4.2692672952491,2.13940451453375e-05
"961","LSM4",0.00953171217564774,-4.10060232745265,4.50330046986728e-05
"962","LSM5",0.0088600733372064,-2.92333906982948,0.00354319305439941
"963","LSM6",0.0173066193929076,-6.63151361386583,5.71837843006488e-11
"964","LSM7",0.0132417936718671,-6.4285553443232,2.09803410998466e-10
"965","LSM8",0.0120521591958615,-4.16058001458977,3.45712782539242e-05
"966","LTO1",0.02365299140495,-5.65340803964521,2.11487177498764e-08
"967","LUC7L2",0.0150518726162164,-4.43781989010835,1.02164446488782e-05
"968","LUC7L3",0.00717346868903113,-3.42022552744592,0.000653221886988196
"969","LYRM4",0.00578601568343584,-2.38160877817273,0.0174454086860794
"970","MAD2L1",0.00653774284965725,-3.13050009950735,0.0017960430609571
"971","MAD2L1BP",0.0202948746705566,-6.84662879633242,1.35490050047695e-11
"972","MAD2L2",0.00294252927696836,-0.906517653077717,0.364904522253535
"973","MAEA",0.0178198144006957,-5.48551182470353,5.2836914330498e-08
"974","MAGOH",0.00933607182074803,-3.40651862841802,0.000686730565163628
"975","MAK16",0.00933049131303565,-4.04285993807255,5.7110640100892e-05
"976","MALSU1",0.00585212471189134,-2.3372021780169,0.019635117700249
"977","MANF",0.0127765170764693,-4.61899327879205,4.39035825048148e-06
"978","MAP3K7",0.00740366180562557,-2.5348197295783,0.0114061823144799
"979","MAP4K4",0.00811333430895245,-2.15786096926966,0.0311959787069545
"980","MAPK1",0.0086339929332846,-3.18388225884164,0.00150021574297076
"981","MAPK14",0.0101514830553232,-3.51405801983437,0.000461955600052378
"982","MARCHF5",0.00130042034620426,-0.518223728341251,0.604420768117753
"983","MARK2",0.0117864183489264,-3.83044476090416,0.000136103460553236
"984","MARS1",0.0127162013918993,-4.78042643290416,2.05204203977178e-06
"985","MARS2",-0.00834351226819741,2.86378683675542,0.00427082513632912
"986","MASTL",0.00509100323049205,-2.57137359036542,0.0102662138614354
"987","MAT2A",-0.0019291165562304,0.692114233095052,0.489052389299114
"988","MAU2",0.010753912637035,-3.43675854478861,0.000615884136554351
"989","MAX",0.0086084466729005,-3.64551990583951,0.000280940001118499
"990","MBNL1",0.00879899481091839,-4.30762898104983,1.82412411359352e-05
"991","MBTPS1",0.0115647410128541,-5.83559496898587,7.42031353220837e-09
"992","MBTPS2",0.011832315449516,-2.65388436981125,0.00809459878403814
"993","MCL1",0.000753475030648265,-0.24564802605349,0.806004687416169
"994","MCM2",0.0168411774144823,-7.44917105133352,2.27766094613206e-13
"995","MCM3",0.0162676599751992,-6.36094697314653,3.19898491884608e-10
"996","MCM3AP",0.00994346783070377,-4.7084304998812,2.9100997781711e-06
"997","MCM4",0.0144099641785462,-6.68401667412379,4.18716873096277e-11
"998","MCM5",0.0108917826016736,-5.03121819724716,5.89840996373107e-07
"999","MCM6",0.0181254684750226,-7.96721130340788,5.24061918450312e-15
"1000","MCM7",0.0129172431886279,-5.79947032249818,9.3245705834338e-09
"1001","MCMBP",0.0154909623838089,-4.80850976732829,1.76548967730968e-06
"1002","MDM2",0.013874378074579,-1.98962382583859,0.0469362910039346
"1003","MDM4",0.0139612818996119,-5.1321158707566,3.47846274302802e-07
"1004","MDN1",0.0126633271317168,-5.15421825147377,3.13092706895411e-07
"1005","MEAF6",0.00712822756971476,-2.56509162392304,0.0104583735046465
"1006","MED1",0.00727156743222601,-2.07455925921527,0.0382890120420893
"1007","MED10",0.0108274349203297,-4.40675111636933,1.16644998026905e-05
"1008","MED11",0.0150701962169321,-4.03153852914783,5.94149651659336e-05
"1009","MED12",0.00830115636135187,-4.20537865116239,2.84564733282157e-05
"1010","MED13",0.0105266908205716,-3.87460392655492,0.000113984538510269
"1011","MED14",0.0133849683486995,-5.210950362167,2.31920042840263e-07
"1012","MED15",0.00978459852255775,-3.83093368403528,0.000136033570252864
"1013","MED16",0.00811221970395193,-1.98939713495778,0.0469341878215491
"1014","MED17",0.0164108288772307,-5.90529252875531,4.97437530975433e-09
"1015","MED18",0.0123989523900847,-3.62722724864017,0.000301235975499505
"1016","MED19",0.0108488557459422,-2.35030507529253,0.0189745048254654
"1017","MED23",0.0134805556597187,-4.5795403105254,5.2768581193673e-06
"1018","MED24",-0.00402212521700773,1.07114692806257,0.284357132085379
"1019","MED25",0.0071475201668767,-2.10181583216918,0.0358189264994203
"1020","MED26",0.0103503799709145,-2.99817373368317,0.00278606424326981
"1021","MED28",0.013579875298266,-5.27674917919924,1.61590876168055e-07
"1022","MED30",0.0205660808964361,-5.54665104685094,3.70872435417665e-08
"1023","MED31",0.0158373566764038,-6.58553052915808,7.69048567718026e-11
"1024","MED4",0.0123906349811724,-4.43782210448064,1.01213908403727e-05
"1025","MED6",0.0182631434153645,-6.60892596805621,6.46292417150403e-11
"1026","MED7",0.010621424823571,-4.48463883058411,8.19186548711795e-06
"1027","MED8",0.00747583433934873,-2.30288683927068,0.0215109412613573
"1028","MEF2C",0.00601991999027118,-2.13793066146714,0.0327795637941976
"1029","MEMO1",0.0133359383283093,-3.62943799761505,0.000299026357139184
"1030","MEN1",0.0164648162542091,-3.16004744237381,0.0016278429610753
"1031","MEPCE",0.00842270645833754,-3.24526313081773,0.00121511216605902
"1032","METAP1",0.00894747158879416,-2.8137221201765,0.00499418083331231
"1033","METAP2",0.0106414756010939,-3.8635865304525,0.000119421178029761
"1034","METTL1",0.00388093990301441,-1.06897189180749,0.285360801348307
"1035","METTL14",0.00600173450783859,-2.88527623116779,0.0039985646831376
"1036","METTL16",0.00911664839502468,-3.38396081729656,0.000744876759655723
"1037","METTL17",-0.00238398444374432,1.06395847720208,0.287619301072951
"1038","METTL3",0.00523270886649363,-1.48780712289328,0.137102146985394
"1039","MFAP1",0.0129668109305878,-5.41298179704179,7.9326494711794e-08
"1040","MFN2",0.00207060380229862,-0.785568791393526,0.432316933986921
"1041","MGAT1",0.0138734880299426,-4.70353766158504,2.98143147275329e-06
"1042","MIB1",0.0119652973993598,-5.69242091479879,1.66661895150682e-08
"1043","MICOS10",0.0194228124051063,-5.69782287461417,1.68396205306509e-08
"1044","MIOS",-0.00351099241044961,1.12220516710502,0.262077111083608
"1045","MIPEP",0.00676414819208082,-2.50886620633503,0.0122715543648352
"1046","MIS12",0.00593654253702491,-2.31533650343889,0.0207959382592344
"1047","MIS18A",-0.00261608666841417,0.887997887452735,0.374752307232486
"1048","MIS18BP1",-0.000157256976963449,0.0529372086716083,0.957792773225999
"1049","MLST8",-0.00141115021801586,0.446351127443288,0.655440880394156
"1050","MMGT1",0.0120678721331535,-4.30463705532984,1.84205739147145e-05
"1051","MMS19",0.0117080336242816,-4.37633351969644,1.33998622251889e-05
"1052","MMS22L",0.0119996992567295,-4.95803927915025,8.58477161413634e-07
"1053","MNAT1",0.00359800892073292,-0.904128879514875,0.36614642100118
"1054","MNT",0.00588764694371913,-2.03768217921828,0.0418650077830552
"1055","MOCS3",0.0045815033270491,-1.76369820424973,0.0781213595492154
"1056","MON2",0.00596783189958661,-2.12164632626842,0.0341554260045136
"1057","MORF4L1",0.0060699698714084,-1.91221243741761,0.0561405951421383
"1058","MPHOSPH10",0.00550708959063417,-2.73259541539147,0.00640244507288538
"1059","MRE11",0.00665443140515676,-2.35583997272293,0.0186896434738209
"1060","MRGBP",-0.00223416183387937,0.745562562628121,0.456114069484926
"1061","MRM2",0.00753668447235112,-2.6685365325501,0.00774908593051486
"1062","MRM3",0.00505069140591297,-1.59684629802758,0.110614256666723
"1063","MRPL10",0.00882275899977314,-3.47053549163985,0.000543259967440024
"1064","MRPL12",0.0104066267418086,-4.04624423041817,5.63362807281841e-05
"1065","MRPL13",0.00595301458239239,-2.00173107509557,0.0456008820575755
"1066","MRPL15",0.000722280890059435,-0.207366250529419,0.835768236255844
"1067","MRPL16",-0.00016113352674163,0.0570486257194327,0.954519178583115
"1068","MRPL18",0.00427363685565585,-1.97896129909427,0.0481115892110695
"1069","MRPL2",0.00986169350993038,-3.44120855396911,0.000605219909366284
"1070","MRPL20",0.00827639435424432,-2.94355496645338,0.00332443333830506
"1071","MRPL22",0.00202312898376844,-0.626259129156079,0.531292584006284
"1072","MRPL23",0.00662355634806933,-2.65457409512394,0.0080776308740851
"1073","MRPL24",0.0102169083684343,-4.2176746766997,2.69418211884626e-05
"1074","MRPL27",0.0075864455012854,-2.97183410525522,0.00303516695432718
"1075","MRPL28",0.01298313631543,-4.47897459302565,8.37278510039256e-06
"1076","MRPL3",-0.00364691691538965,1.02047493325544,0.307763705979493
"1077","MRPL32",0.00523645166745634,-2.19385312426916,0.0285002645576571
"1078","MRPL34",0.00714302064578087,-3.3495413995112,0.000841685830979252
"1079","MRPL35",-0.00288262168852704,1.07439687180647,0.282941653706463
"1080","MRPL36",0.0100755809148856,-4.01824728364719,6.35850667045721e-05
"1081","MRPL41",0.00670310153669729,-3.22158875412348,0.00131863008769125
"1082","MRPL43",0.00701050768409117,-3.21318237383668,0.00135824636058884
"1083","MRPL44",0.00741681611848466,-3.56426900014259,0.000383368948645611
"1084","MRPL47",0.00727505644460136,-3.02121870952587,0.00258577753057237
"1085","MRPL51",0.0154705861357243,-6.57726030297083,8.26364281162888e-11
"1086","MRPL55",0.00549109470201126,-2.66653832869814,0.00779307453340245
"1087","MRPL57",0.00625050831427054,-3.19483162437188,0.0014472376008783
"1088","MRPL58",0.0132329917064724,-5.02845978651523,5.95143795232426e-07
"1089","MRPL9",0.00618516838980743,-2.96802876713606,0.00307177203003033
"1090","MRPS11",0.00443699927122199,-1.86306546651691,0.0627482605140877
"1091","MRPS12",0.00578951543081463,-2.67447712916944,0.0076154619548569
"1092","MRPS14",0.00453400805015625,-1.5536435543885,0.120607401734509
"1093","MRPS16",0.00377052232415065,-1.85246704483718,0.0642844579773927
"1094","MRPS17",0.00363072589568003,-1.13709189968165,0.255795221936211
"1095","MRPS18B",0.00552269768494806,-2.78401984690664,0.00547055860400175
"1096","MRPS18C",0.00676104429960178,-2.18793457407779,0.0289247287654601
"1097","MRPS2",0.00338725377880833,-1.09074777099618,0.275661439594748
"1098","MRPS21",0.00693520872015829,-3.4539194672885,0.000576597044576662
"1099","MRPS24",0.00416357451154348,-1.68079619119094,0.0931319897484429
"1100","MRPS27",0.0121008248925295,-6.1051342645587,1.46836277530113e-09
"1101","MRPS30",0.00189234900110902,-0.589431933277127,0.555709241073451
"1102","MRPS34",0.00664976356777403,-3.17557014380329,0.001543749197185
"1103","MRPS5",0.00546403998167655,-2.3190417417471,0.0206064017329178
"1104","MRPS6",0.00308811806951304,-1.22608942669023,0.220474349954935
"1105","MRPS7",0.003979800792973,-1.32099050338405,0.186819110082072
"1106","MRTO4",0.00652589991571728,-2.72947388056111,0.00645989153757576
"1107","MSL1",0.0126534943971922,-4.90002487611266,1.12389044139893e-06
"1108","MSTO1",0.0117239574172548,-2.97458827259109,0.0030022112203323
"1109","MT1E",0.011624682971368,-4.5520060132335,6.01757639673996e-06
"1110","MT2A",0.0112136133054239,-4.44369610638863,9.90705505159986e-06
"1111","MTBP",0.0218777269229257,-7.92655669574338,6.8189676296591e-15
"1112","MTCH2",0.0197737248369543,-5.41909106123883,7.78904775510712e-08
"1113","MTERF4",0.00268303335298414,-1.15823325704364,0.247037643519256
"1114","MTF1",0.0106900009894899,-3.67375615417747,0.000252186178980403
"1115","MTG1",0.00648509360220284,-1.9438411262187,0.0522072341463639
"1116","MTG2",0.0029172808747101,-1.47645835877306,0.140130821603081
"1117","MTHFD1",0.00508550998439861,-2.14435779671234,0.0322529658014948
"1118","MTOR",0.0181606095622543,-7.23363887921584,1.03170417259363e-12
"1119","MTPAP",0.00161992442282488,-0.760131264727111,0.447361371234095
"1120","MTREX",0.00733497034597752,-3.54733905482403,0.000407673877211134
"1121","MTRF1L",0.0070400930536596,-2.85262941396989,0.00443105749542466
"1122","MTX2",0.0141641361111755,-5.01750546514969,6.25040683493953e-07
"1123","MUC20",0.0116293684267316,-4.635321725398,4.06834547610633e-06
"1124","MVD",0.00563386809312938,-1.72264240210541,0.0852749664068018
"1125","MVK",0.00239450405428976,-0.649899112215128,0.515922711989668
"1126","MYB",0.00850101242703405,-3.06849952995254,0.00221220687443371
"1127","MYBBP1A",0.00131468590780326,-0.39172466043946,0.695348873658328
"1128","MYBL2",0.00693879982815815,-2.62236899331423,0.00886743460793178
"1129","MYC",-0.00606537606994151,2.70849573580606,0.0068923015132969
"1130","MYCN",0.00983886401713885,-4.38589314709246,1.27226190660561e-05
"1131","MYH9",0.0068076347577376,-3.28535940688698,0.00105688080872198
"1132","MZT1",0.0112874561693215,-3.97759320779559,7.50510176400482e-05
"1133","N6AMT1",0.00227582711077223,-0.763856119847614,0.445140407961597
"1134","NAA10",0.0081044764532211,-3.48617849809425,0.00051156119829689
"1135","NAA15",0.000364497694550825,-0.136520205260686,0.891438548190995
"1136","NAA20",0.0106009417537554,-3.73980702098481,0.000195005569169211
"1137","NAA25",0.00541352454141042,-2.30505000644161,0.0213879532755032
"1138","NAA35",0.0132208375915415,-3.90461646410454,0.000100759809165748
"1139","NAA50",0.00381001263033065,-1.56821258089473,0.117164575655968
"1140","NACA",0.0174320208971923,-6.08679528449979,1.657251144218e-09
"1141","NAE1",0.0127992527846054,-4.23313770666618,2.54157092293057e-05
"1142","NAMPT",0.00269342029831632,-0.835061907414511,0.403888307051087
"1143","NAPA",0.0137136110732684,-5.21272107032759,2.30883515250879e-07
"1144","NAPG",0.0036143629639328,-1.14001272824397,0.254574334347999
"1145","NARS1",0.0102709832116141,-3.63381181642189,0.000296132299129781
"1146","NARS2",0.0072532736439157,-2.28777825338987,0.0223722144091023
"1147","NAT10",0.0139452112629046,-5.79189594449767,9.71349456831981e-09
"1148","NBAS",0.0144011166841164,-4.4902106457344,8.000005350378e-06
"1149","NCAPD2",0.0110309482114629,-5.13254924018649,3.49065611936842e-07
"1150","NCAPD3",0.0182008348223107,-5.33116927740523,1.2483242692804e-07
"1151","NCAPG",0.0042852096754713,-2.14018673783613,0.0325988868184621
"1152","NCAPG2",0.013042673805172,-4.55778100429773,5.79704227713643e-06
"1153","NCAPH2",0.0167977604701078,-6.10921558425631,1.48248235610429e-09
"1154","NCBP1",-0.000579314971216882,0.200121744684337,0.841426756972902
"1155","NCBP2",0.00395340526229959,-1.43135684484952,0.152656830594991
"1156","NCKAP1",0.0184952729906745,-6.1558047934602,1.10969761479891e-09
"1157","NCL",0.0113987486724468,-4.11084510366377,4.27597378515047e-05
"1158","NCOA4",0.0128461873920758,-3.15336227113888,0.00166171425785395
"1159","NDC1",0.010480752538134,-3.09247908352776,0.00203950091685382
"1160","NDC80",0.0122844305117199,-6.73941163098378,2.70825434822357e-11
"1161","NDE1",0.0132638940652031,-3.03110118192907,0.00250494937435509
"1162","NDOR1",0.0121722721632473,-4.77389457692662,2.06933843228096e-06
"1163","NDUFA1",0.0101855335010838,-4.47017039604271,8.74627634687078e-06
"1164","NDUFA10",0.0112042095563565,-4.75509779108148,2.29198697402707e-06
"1165","NDUFA11",0.0106402206631213,-4.93709190047259,9.34461157756749e-07
"1166","NDUFA2",0.00896625425781328,-4.40090100823865,1.20361570419339e-05
"1167","NDUFA3",0.00929170509955635,-4.2628963566144,2.21556850095868e-05
"1168","NDUFA4",0.0123741391492086,-5.47052095130727,5.82708661932962e-08
"1169","NDUFA6",0.0106615761205011,-4.66874188522502,3.47065468642743e-06
"1170","NDUFA8",0.0143204414719226,-5.85880987886143,6.47288702146102e-09
"1171","NDUFA9",0.00942136291649864,-4.91841013121362,1.0278754910062e-06
"1172","NDUFAB1",0.0143643155022432,-5.94470049792432,3.94266400023553e-09
"1173","NDUFAF1",0.00932064336702287,-4.810153446525,1.74593108559039e-06
"1174","NDUFAF3",0.0121755367335165,-5.07900944214693,4.56682700970977e-07
"1175","NDUFAF4",0.0134428930551971,-6.31864191560901,4.09964743337013e-10
"1176","NDUFAF6",0.00847559629153638,-4.04667001266685,5.60361176714644e-05
"1177","NDUFAF7",0.00827178309774168,-4.12413004304236,4.03872448573948e-05
"1178","NDUFAF8",0.00928648654337627,-3.36307784526204,0.000803661562526687
"1179","NDUFB10",0.0108946075811827,-4.92386767145202,1.00668761657332e-06
"1180","NDUFB11",0.0120076111320698,-5.09719394895187,4.17518031423972e-07
"1181","NDUFB2",0.0108855406487801,-4.64970824978999,3.79204768982974e-06
"1182","NDUFB3",0.00832229562037501,-4.0356049136347,5.86985409079183e-05
"1183","NDUFB4",0.0105881540665641,-4.49545837006108,7.79700531593734e-06
"1184","NDUFB6",0.0113194075721343,-4.79430742353557,1.89379984808182e-06
"1185","NDUFB7",0.00964328510457202,-4.17106624728053,3.31111024433408e-05
"1186","NDUFB8",0.00787333733062812,-3.94229147710415,8.64983185033183e-05
"1187","NDUFB9",0.0112720873936133,-4.90628863587713,1.0992091946407e-06
"1188","NDUFC1",0.00715167865135091,-3.05966037629077,0.00227548885244862
"1189","NDUFC2",0.0109999883930083,-4.8215074532781,1.66701352574994e-06
"1190","NDUFS1",0.0100030283273262,-3.67682735154325,0.000248426489619325
"1191","NDUFS2",0.0112753766388497,-4.89009050779101,1.18985213490401e-06
"1192","NDUFS3",0.0103841022834459,-4.59179237392321,4.98280194091306e-06
"1193","NDUFS5",0.0116048942794384,-5.25272449050152,1.87161780091992e-07
"1194","NDUFS7",0.00866821596995671,-4.37483068731249,1.34550414679331e-05
"1195","NDUFS8",0.0116724567972326,-5.78137659553823,1.02017335193505e-08
"1196","NDUFV2",0.0111348986673304,-4.70009189297657,2.9917313868972e-06
"1197","NEDD1",0.0147370609599254,-5.1102084390022,3.96990048288022e-07
"1198","NEDD8",-0.000402019207480508,0.184043827403935,0.854016743366198
"1199","NELFA",0.0079551910525002,-3.56665151585809,0.00037938215618928
"1200","NELFB",0.00291646948313851,-1.20116083684474,0.229978178112036
"1201","NELFCD",0.00665529767405981,-2.8742951392947,0.00413370748398923
"1202","NEPRO",0.0177047284527674,-4.42632051776203,1.06592139489113e-05
"1203","NF1",0.00968929101454274,-4.16133611819421,3.44762224004484e-05
"1204","NF2",0.014353286719377,-5.27140094649013,1.67910546552101e-07
"1205","NFE2L2",0.0179164251111503,-7.17008756199492,1.56106892650996e-12
"1206","NFRKB",0.00421050939429379,-1.5262882612341,0.127270916973819
"1207","NFS1",0.00870799451154347,-3.94810044248198,8.50178165208366e-05
"1208","NFYB",0.0130204256111252,-4.80070400012018,1.83169604546296e-06
"1209","NFYC",0.016996654606916,-6.71162335210365,3.3592455301201e-11
"1210","NGLY1",0.0081194394519104,-3.03524618515037,0.00247373074620956
"1211","NHP2",0.0127153104045519,-4.70433805292423,2.94029831016073e-06
"1212","NIFK",0.0172226738520516,-7.67158763115028,4.74595414231783e-14
"1213","NIP7",0.00854883725622541,-3.21354745364185,0.00135373055000403
"1214","NIPBL",0.0167320883792973,-6.92030446326204,8.58829217098891e-12
"1215","NKAP",0.00738263063307787,-2.37121129101557,0.0179489643077914
"1216","NMD3",0.00644105272643414,-2.64561012386167,0.00828492624888899
"1217","NMNAT1",0.00519889793882944,-1.87636128279978,0.0609162467189417
"1218","NMT1",0.00284234748767509,-1.03557921532087,0.300671610395618
"1219","NOA1",0.00510069766266763,-1.50648983246449,0.132246279229467
"1220","NOB1",0.00820705676081257,-2.58176789078788,0.00996863407555063
"1221","NOC3L",0.00748325530597838,-2.75541365597905,0.00597385683080351
"1222","NOC4L",0.0113302168682328,-4.63586396621019,4.04412252255323e-06
"1223","NOL10",0.00820940030315553,-4.72350279238024,2.68794199403116e-06
"1224","NOL6",0.0116424980841062,-5.00951821314042,6.6095183314633e-07
"1225","NOL8",0.0140309444394596,-5.860480410992,6.37576354074388e-09
"1226","NOL9",0.00293124206374129,-1.06469667693543,0.287270509463737
"1227","NOLC1",0.0122966527614932,-4.09430063317299,4.60310014133703e-05
"1228","NOM1",0.00936501474700069,-3.420963545304,0.000649769225991242
"1229","NONO",0.015755219574579,-4.77816326739487,2.06818777170253e-06
"1230","NOP10",0.00700557857480588,-2.7038617783648,0.00697468858018467
"1231","NOP14",0.00700004954476263,-3.70500329850704,0.000224214865185891
"1232","NOP16",0.0134014901814951,-5.14619352830709,3.15331291562523e-07
"1233","NOP2",0.00863344602769933,-3.85830473422608,0.000122212412568868
"1234","NOP56",0.0114839767325335,-5.72111142335929,1.44893102370712e-08
"1235","NOP58",0.00982593877265858,-5.6022355390316,2.81560537110476e-08
"1236","NOP9",0.00337870040074606,-1.44261434035687,0.149463490283312
"1237","NPAT",0.0184292047990977,-8.67729411047941,1.63939573970765e-17
"1238","NPEPPS",0.0121395605983466,-4.90405396782557,1.10418834893328e-06
"1239","NPLOC4",0.0137007959497429,-6.05282600931558,2.08320202119156e-09
"1240","NPM1",0.00239768060563061,-0.80005246878305,0.42388213683299
"1241","NRAS",0.00750326268893042,-3.14747803873356,0.00169816281789548
"1242","NRBP1",0.00734901102134788,-2.19706986714602,0.0282484502664219
"1243","NRDE2",0.0204502852551669,-7.1936761586464,1.36133095015845e-12
"1244","NRF1",0.00370322096284903,-1.55131756843334,0.121173028639232
"1245","NSA2",0.00702622436019251,-3.5098850527282,0.000469537943254059
"1246","NSF",0.00845625250138621,-3.01272894050923,0.00266361828659175
"1247","NSL1",0.00476181623669225,-2.19664216886871,0.0282873888367458
"1248","NSMCE1",0.00496222872184693,-1.85192378825605,0.0643592549167334
"1249","NSMCE2",0.00471859566072685,-1.61965710080365,0.105641094766575
"1250","NSMCE3",0.00542241611709848,-2.21561713586132,0.0269450865034497
"1251","NSMCE4A",0.00859588569114833,-3.74748666691021,0.000189425255255095
"1252","NSUN4",0.00429880769719737,-1.84264191006636,0.0656816859403119
"1253","NUBP1",0.00819046219661757,-3.85073695087105,0.000126544740607437
"1254","NUBP2",0.00843867214797356,-3.11710686885495,0.00188542098057529
"1255","NUDC",0.00856866786087307,-2.72247558886358,0.00659883010983767
"1256","NUDCD3",0.00606692200362946,-2.24143539325677,0.0252280397835394
"1257","NUDT21",0.000904217611351954,-0.343186429387397,0.731528128851997
"1258","NUF2",0.00470828677926205,-2.13129407725862,0.0333172785187454
"1259","NUMA1",-0.000614081924337095,0.197264095030625,0.843660677428511
"1260","NUP107",0.00785141260545419,-2.73164015401785,0.0064132835811221
"1261","NUP133",0.00958704889993944,-4.67829220064877,3.28378826720235e-06
"1262","NUP153",0.015828866037277,-4.23799190052169,2.4617284950951e-05
"1263","NUP155",0.011080474257662,-4.83534066088609,1.53781471017498e-06
"1264","NUP160",0.0111513329968747,-5.0208785192562,6.09011054503101e-07
"1265","NUP205",0.0116546735389655,-3.79303589637103,0.000157834777476644
"1266","NUP214",0.0083756208123299,-3.76313809383822,0.000177837561309993
"1267","NUP35",0.0121685786388245,-3.27058985071064,0.00111123761162091
"1268","NUP37",0.00817670098334,-2.50226658774754,0.012499155489368
"1269","NUP43",0.0114769386720436,-4.63426830816209,4.06377467977327e-06
"1270","NUP50",0.0100099004677892,-3.7149004830397,0.000214994814516918
"1271","NUP54",0.0103286371011191,-4.09065794723341,4.64546955866626e-05
"1272","NUP58",0.0108434342888144,-4.30445726686396,1.84275349171388e-05
"1273","NUP62",0.0138274300126021,-5.04315191685605,5.50174531366247e-07
"1274","NUP85",0.00850177037554189,-4.76487006599381,2.17093010843036e-06
"1275","NUP88",0.0190226761217108,-8.05616487621959,2.181485499241e-15
"1276","NUP93",0.0149296092662818,-6.3125316048847,4.24950942553268e-10
"1277","NUP98",0.0114038611235507,-5.32429296359882,1.26571259102953e-07
"1278","NUS1",0.0161597435216504,-6.31065878393026,4.35616940616591e-10
"1279","NUTF2",0.0204141531156619,-6.29193800205869,5.04467522041688e-10
"1280","NVL",0.0120955482299879,-6.3581018209908,3.25152069232893e-10
"1281","NXF1",0.00725721280033265,-3.55153609694142,0.000401048655196961
"1282","NXT1",0.00151862883592102,-0.448442232375301,0.653928942060841
"1283","OGDH",0.00635717017156467,-3.31352711022973,0.000954807937627405
"1284","OGT",0.0188337703360469,-7.98927765039981,4.02617602021621e-15
"1285","OIP5",0.00304236886077225,-0.875766798774925,0.381370790736816
"1286","OPA1",0.00956155752414567,-3.45291008301641,0.000579531326066686
"1287","ORC1",0.00486893231669017,-1.84321837262911,0.0655943223677052
"1288","ORC3",0.0080549001112511,-2.92140182617611,0.00356274299358003
"1289","ORC4",0.0115518943182781,-4.49164832065116,7.95210852323004e-06
"1290","ORC5",0.0120088206709598,-3.52327390523772,0.000445778721448815
"1291","ORC6",0.0228407614247656,-5.77310610991518,1.14417503120827e-08
"1292","OSGEP",0.011142951945055,-3.78727969730338,0.000161660070668771
"1293","OST4",0.0118054370693619,-3.90601277957584,0.000100917204750809
"1294","OSTC",0.0071170839356538,-2.85114619379386,0.00444584118922517
"1295","OTUD5",0.0106201226183084,-4.00896124974864,6.5465604703981e-05
"1296","OXA1L",0.0147543127163524,-6.84950605409008,1.31816504806372e-11
"1297","OXSM",0.00372432715941629,-1.09108639170739,0.275511898822221
"1298","PABIR1",0.0107216567347012,-4.0730361663725,5.03886297669188e-05
"1299","PABPC1",0.00864228038763992,-3.37055431234114,0.000780485423487271
"1300","PABPN1",0.0103042966605252,-4.91678226861991,1.03232306504882e-06
"1301","PAFAH1B1",0.0121327508290655,-3.98553983405074,7.27881208921278e-05
"1302","PAGR1",0.00831734046093358,-2.41134409633374,0.0160871096398119
"1303","PAICS",0.000956488280547396,-0.3137222780291,0.753801279247755
"1304","PAK1IP1",0.00629793364106768,-2.37282360480302,0.017855360485002
"1305","PAK2",0.0103788776919549,-4.11318799315059,4.23529492028366e-05
"1306","PALB2",0.0147427522611654,-5.8955334890045,5.20465001490749e-09
"1307","PAM16",0.0154234043941425,-6.33440421501812,3.55241498638472e-10
"1308","PARD3",0.0199698039933461,-6.48431359191924,1.495090400418e-10
"1309","PARD6B",0.0168895702765904,-5.51805134952381,4.45971756539823e-08
"1310","PARS2",0.00243361019734856,-0.932026829105343,0.351556885693368
"1311","PAX8",0.0151373971472931,-5.83472075959414,7.4687947241938e-09
"1312","PAXBP1",0.013641134798266,-5.72148066582772,1.39589838854811e-08
"1313","PAXIP1",0.0104482707540579,-3.28167246546966,0.00107231564065525
"1314","PBRM1",0.011583219595801,-4.9330242261744,9.61289613619252e-07
"1315","PCBP1",0.00313484309446521,-0.901465209145616,0.367561639361206
"1316","PCBP2",0.00707679671884764,-2.59140186058761,0.00970691446376604
"1317","PCF11",0.0205218618946467,-7.12590664302006,2.42338426274813e-12
"1318","PCGF1",0.011464262228753,-4.43483122579116,1.0263415039433e-05
"1319","PCID2",0.0102734966441174,-5.27607239402476,1.6084214099403e-07
"1320","PCM1",0.00950709424788276,-2.87064811164025,0.00418143991788941
"1321","PCNA",0.00510917888769025,-1.63935038458794,0.101454751410999
"1322","PCYT1A",0.00731993881734549,-2.83725147720633,0.00464835010995245
"1323","PDCD10",0.0124191590364956,-3.92014764243515,9.52694617525049e-05
"1324","PDCD11",0.00824894227686768,-3.78224477670812,0.00016536291539538
"1325","PDCD2",0.0187545445301947,-6.3928611274241,2.61931873094875e-10
"1326","PDCD5",0.0104850463338542,-3.04776555699393,0.00236770094630991
"1327","PDCD6IP",0.0102282315890211,-3.91105507082696,9.81441692530356e-05
"1328","PDCD7",0.00655568566587605,-1.59926110810557,0.110087602573388
"1329","PDCL",0.0162233736695483,-4.84647781050991,1.47142388589003e-06
"1330","PDE12",0.00624262208410631,-2.67868883947213,0.00750943645502533
"1331","PDE4DIP",0.0137307450563312,-4.75664369797345,2.24865889669889e-06
"1332","PDHA1",0.0137618115930789,-4.72830038548087,2.62572078813239e-06
"1333","PDPK1",0.00832080766982568,-3.53719109032319,0.000423350904292762
"1334","PDRG1",-0.00800386931994146,2.0953614953375,0.0364220668534937
"1335","PDS5A",0.00904865127837984,-3.64711552063534,0.000279853790918616
"1336","PDSS1",0.0153727956405635,-6.39264087261951,2.61811261734517e-10
"1337","PDSS2",0.0157502567092449,-6.47778553888571,1.53931102360989e-10
"1338","PELO",-0.00694029626106463,2.43586489472299,0.01502460011956
"1339","PELP1",-0.00136156960497535,0.465195972432648,0.64189291883772
"1340","PES1",0.0100339327426404,-4.23195160241472,2.54800203557276e-05
"1341","PET117",0.0131642229070723,-5.01339450237924,6.42372003695145e-07
"1342","PEX1",0.00990869043920761,-2.42794309304408,0.0153594727193947
"1343","PEX6",-0.001901197380482,0.435358020724342,0.663405069055673
"1344","PFAS",0.00622490724034686,-1.98015198853015,0.0479586833559479
"1345","PFDN1",0.00526648226761772,-1.82567724838089,0.0682012185264036
"1346","PFDN2",0.0037163440345801,-1.5959865466007,0.110795130943911
"1347","PFDN4",0.00907622452490175,-1.88682805390231,0.0594806788214484
"1348","PFDN5",0.0105311018256881,-3.82547985894517,0.000139308174607292
"1349","PFDN6",0.0155359122027927,-5.70781575255534,1.54605793754867e-08
"1350","PFN1",-0.00255914771269783,0.7599163044999,0.447482542013147
"1351","PGD",0.00433336427192754,-1.1958024020543,0.232080945112282
"1352","PGGT1B",0.0129008176145782,-5.33175195862986,1.24372595075041e-07
"1353","PGK1",0.00313528446032874,-1.33207639804758,0.183157522381357
"1354","PGM3",0.0115964892609386,-4.7956133776286,1.89282193377598e-06
"1355","PGP",0.0139882355728652,-3.87722401748483,0.0001128468635948
"1356","PGS1",0.00753660669424838,-3.78378832470789,0.000164285748921273
"1357","PHAX",0.0114454567327856,-3.58938629903842,0.000348213765876925
"1358","PHB2",0.00600808495097793,-2.8040021082574,0.0051432375681643
"1359","PHF12",0.00457161564356279,-2.04995964169805,0.0406277790583279
"1360","PHF5A",0.00934672655144164,-2.50846362056647,0.0122749760473669
"1361","PI4KA",0.016631416492212,-5.07236169919312,4.75200532549261e-07
"1362","PI4KB",0.0176389986067901,-4.84715753695143,1.46518941759456e-06
"1363","PICALM",0.00809093008420703,-3.4754375911525,0.000533594425876338
"1364","PIK3C3",0.00821554133866831,-3.31833596186815,0.000940110259068588
"1365","PIK3CA",0.0131582906314901,-6.73601248194993,2.76235924194855e-11
"1366","PIK3CB",0.0108977611180562,-5.34085841478683,1.15109643334035e-07
"1367","PIK3R1",-0.00602589656721952,1.53518553451794,0.125051308918078
"1368","PIK3R4",0.00805743453891528,-2.95797173643664,0.00317234038405319
"1369","PITRM1",0.0172028307328863,-6.3765663660267,2.819394254657e-10
"1370","PKM",0.00918453657679708,-4.29308827155995,1.94485956776249e-05
"1371","PKMYT1",0.0055676961281127,-1.67771950296009,0.0937207732541485
"1372","PKN2",0.0117860275865762,-4.97761436174375,7.61754159908608e-07
"1373","PLK1",0.00476532387816314,-1.42578119535115,0.154276217911851
"1374","PLK4",0.00267092238154054,-1.06515974890149,0.287057600953716
"1375","PLRG1",0.00684012633740794,-2.3548452145921,0.018729242855683
"1376","PMF1",0.00944931704698049,-4.18469663819448,3.13788959447955e-05
"1377","PMM2",0.0101861953434318,-3.39943746110113,0.000704564085939889
"1378","PMPCA",0.0042222522571328,-1.74754279050545,0.0808690865562108
"1379","PMPCB",0.0043112183085241,-1.80053825564227,0.0720914062657047
"1380","PMVK",0.00519177022088912,-1.6646300872149,0.0963119924292258
"1381","PNKP",0.0038420095941627,-1.56906517178657,0.11694700521248
"1382","PNN",0.00825696998190339,-2.95488530962909,0.00320457548750955
"1383","PNPT1",0.0171204968105656,-6.3416500614258,3.53495419021324e-10
"1384","POC1A",0.0115664723154804,-2.94979437767352,0.00325453986718618
"1385","POLA1",0.0144888804583627,-4.40441150907666,1.17784657008636e-05
"1386","POLA2",0.00961350244568504,-4.13408273793345,3.87655781487075e-05
"1387","POLD1",0.0142216231430336,-6.64476225350534,4.90930747968774e-11
"1388","POLD2",0.00447669037823883,-1.75152926210599,0.0801686591441552
"1389","POLD3",0.0116929452974595,-4.71649006803607,2.75643992065968e-06
"1390","POLE",0.0125329494632019,-5.12759558644498,3.59319383454522e-07
"1391","POLE2",0.00620850031800091,-2.72920442934894,0.00646439677165627
"1392","POLE3",0.00609465089797356,-1.74345642648045,0.0815691779993196
"1393","POLE4",0.000643300919699552,-0.168734185659686,0.866039997131852
"1394","POLG",0.00738224276718924,-2.41834717238363,0.0157669007760356
"1395","POLG2",0.00851857618530094,-2.82462010607175,0.00483579068558754
"1396","POLR1A",0.00460072237715492,-2.0825822643277,0.0375442554316567
"1397","POLR1B",0.00799896442942838,-4.17485304186079,3.2485046312508e-05
"1398","POLR1C",0.0035456652711211,-1.27386246915701,0.203049802006422
"1399","POLR1E",-0.000821482451885291,0.262544930841321,0.792957753935683
"1400","POLR1F",0.00811011375647747,-3.09870024225207,0.00199821554831662
"1401","POLR1H",0.0037719658283597,-1.44564743112789,0.14861661447898
"1402","POLR2B",0.00526470501918036,-2.24008386016102,0.02532031009421
"1403","POLR2C",0.0068367237783043,-3.98690650453907,7.19932078398957e-05
"1404","POLR2D",0.00668916363824479,-3.58380222659695,0.00035654534349985
"1405","POLR2E",0.00871447715646734,-3.72526598908544,0.000206758560245214
"1406","POLR2F",0.0129731512078587,-7.57111513943193,9.4579596906672e-14
"1407","POLR2G",0.0067090474266811,-3.17918098132895,0.00152564359139218
"1408","POLR2H",0.0128403155463757,-4.76562570602461,2.18595162328704e-06
"1409","POLR2I",0.00687408441433102,-3.30710003625123,0.000977512932255807
"1410","POLR2K",0.00587025058881951,-2.2719920485062,0.0233088802451284
"1411","POLR2L",0.00614985548485231,-3.53803861238781,0.000423986991083196
"1412","POLR2M",0.00873025396534433,-2.96713746543729,0.0030790217764229
"1413","POLR3A",0.0105342210535336,-5.69415575467027,1.67437154363213e-08
"1414","POLR3B",0.0151950426157123,-7.43882915562584,2.24454594184078e-13
"1415","POLR3C",0.0105259396558373,-4.40370397852131,1.18551103110302e-05
"1416","POLR3D",0.0132075275907854,-4.77758026104302,2.06885546758002e-06
"1417","POLR3E",0.0139895491333804,-5.30049471034012,1.43397068957177e-07
"1418","POLR3F",0.014019399115435,-6.4645413345947,1.64023727833148e-10
"1419","POLR3H",0.00813595152172597,-4.11676250985472,4.1899977582715e-05
"1420","POLR3K",0.0073829818891521,-3.77937864610419,0.000167468993473561
"1421","POLRMT",0.00572391960598351,-3.09104191791095,0.00205201393516223
"1422","POM121C",0.0119245337791108,-4.46690894787744,8.87065183712467e-06
"1423","POMP",0.0139428265318581,-3.17603582194134,0.00154220970757758
"1424","POP1",0.00886607048946464,-3.17648049333527,0.00154025510193538
"1425","POP4",0.0105439261126625,-3.54991962796888,0.000403966983640497
"1426","POP5",0.00438801052659032,-1.66900940046331,0.0954293562433884
"1427","POP7",0.00884330176935677,-3.41595237105129,0.000663654119279541
"1428","POT1",0.00391856565329163,-1.46910176385221,0.142097169908548
"1429","POU2AF1",0.0149622478703498,-5.4591059876014,5.98111097257637e-08
"1430","PPA1",0.00837156432599051,-2.88611762344852,0.00399431371299336
"1431","PPA2",0.00534520960495011,-1.53049664248275,0.126238363371438
"1432","PPAN",0.00665667086099908,-2.92005326768591,0.00357796383865521
"1433","PPAT",-0.00436684015273714,1.70079614226276,0.0893110875744208
"1434","PPCDC",-0.00090238720369995,0.25151849071587,0.801469019194169
"1435","PPCS",0.00525078537453372,-2.23294425326202,0.0257881073696954
"1436","PPIA",0.00678923492695838,-2.06504002814094,0.0391822780274317
"1437","PPIH",0.0112766424738129,-3.60431271341973,0.000328449676961281
"1438","PPIL1",0.000839929864830058,-0.347781381022126,0.728075629776102
"1439","PPIL2",0.0153977676790502,-5.6649628876914,1.97673301737818e-08
"1440","PPIL4",0.00724503363143969,-3.20886008788859,0.00137582529387856
"1441","PPM1D",0.00712380749647146,-2.04697242170449,0.0409425167519629
"1442","PPM1G",0.0168307557152435,-6.27904167284981,5.3799326261989e-10
"1443","PPME1",0.00906199137662567,-3.2245509715067,0.00130453494396678
"1444","PPP1CA",0.00963822758766009,-2.81198390375335,0.00502361174125243
"1445","PPP1CB",0.0030312651326494,-1.17519951096752,0.240223494098763
"1446","PPP1R10",0.0128642577941325,-5.64347481420344,2.16499343530601e-08
"1447","PPP1R11",0.0149127785933814,-5.75214772350421,1.18958147145946e-08
"1448","PPP1R12A",0.00972797104251932,-3.43982073264377,0.000607601556531203
"1449","PPP1R15B",0.0210588482768929,-6.95372220176379,6.69427665337786e-12
"1450","PPP1R2",0.00959195592708439,-3.06944593959068,0.0022010479324773
"1451","PPP1R7",0.0106420210328159,-3.468774146451,0.000546210693020341
"1452","PPP1R8",0.0137114062964764,-7.00577904216666,4.6464861317406e-12
"1453","PPP2CA",0.00040655436495618,-0.138122018531211,0.890170960193805
"1454","PPP2R1A",0.0175773189205062,-3.94729630565336,8.48209055911112e-05
"1455","PPP2R2A",0.0102384149417785,-4.04225625309362,5.71319208175863e-05
"1456","PPP2R3C",0.00939419467617708,-4.27970267500545,2.05435048524944e-05
"1457","PPP4C",0.00556788037433209,-2.82416902617977,0.00484294292061095
"1458","PPP4R2",0.0131742596075209,-5.51271329689077,4.5763724312286e-08
"1459","PPP6C",0.0135900257760611,-5.10717291698841,3.98884120127586e-07
"1460","PPP6R3",0.0102101089506251,-3.54394141383893,0.000413485134374117
"1461","PPRC1",0.0240599019100213,-7.10235686495854,2.56442514378373e-12
"1462","PPWD1",0.00869755875156264,-3.14744380564183,0.00169580228859709
"1463","PRC1",0.00793088821065635,-4.27198405675899,2.14076337229622e-05
"1464","PRDX1",0.00786057460492484,-1.63698719424284,0.101963947844374
"1465","PREB",0.0083282494744934,-3.41601719806084,0.00066292297562032
"1466","PRELID1",0.0105603281537388,-2.3084373633299,0.021184499946034
"1467","PRELID3B",0.0202186373535639,-6.9585451737567,6.48817298144735e-12
"1468","PRIM1",0.0252092252270391,-8.88438826570152,4.2524182864994e-18
"1469","PRKAR1A",0.0121145882835719,-4.02478710085337,6.15121475328837e-05
"1470","PRKRA",0.00997772642809247,-3.06124647912265,0.00227033140074645
"1471","PRMT1",0.00628872889074006,-2.72500103224254,0.00654771805257158
"1472","PRMT5",0.00051850224876504,-0.219469492323478,0.826329293253398
"1473","PRORP",-0.00160073637624758,0.524011047152483,0.600390734663646
"1474","PRPF19",0.016209007367779,-5.91212977287306,4.72277389891453e-09
"1475","PRPF3",0.0120950484078788,-4.53600239583667,6.45186533313547e-06
"1476","PRPF31",0.00591506640394701,-2.57268198864799,0.0102286694412512
"1477","PRPF38A",0.000889925628641985,-0.311878196808868,0.755203300695119
"1478","PRPF38B",0.0170116695678243,-6.02430428789762,2.48710388514415e-09
"1479","PRPF39",0.00732539928994858,-2.10372189129831,0.0356570295125053
"1480","PRPF4",0.00988899765956752,-3.96026202276467,8.04977397966652e-05
"1481","PRPF40A",-0.00156541308934877,0.431601944820823,0.666125562855666
"1482","PRPF6",0.0109452078138925,-3.19215454985165,0.00145959308964446
"1483","PRPF8",0.00978738630847364,-4.1023389429657,4.45878175246689e-05
"1484","PSMA1",0.0150683848888749,-5.35083586053091,1.0975287970152e-07
"1485","PSMA2",0.0201824757073042,-6.74267657168208,2.83100861381375e-11
"1486","PSMA3",0.0223078399725779,-8.32039345837363,2.98441002971356e-16
"1487","PSMA4",0.0229415075687065,-8.15661508735822,1.37500847657156e-15
"1488","PSMA5",0.0190496250554744,-7.81222913621275,1.56803693049955e-14
"1489","PSMA6",0.0172959564407955,-5.1723283179448,2.83673599028843e-07
"1490","PSMA7",0.00384208943562864,-1.47178372361096,0.141423304074609
"1491","PSMB1",0.0173871466784202,-6.16915105978932,1.03508691343343e-09
"1492","PSMB2",0.0156245852836728,-5.97663155627682,3.22449580969254e-09
"1493","PSMB3",0.0056879811975325,-1.71752315187628,0.0861789534144705
"1494","PSMB4",0.0168729265594062,-6.22513622806773,7.25736753333818e-10
"1495","PSMB5",0.0279549873260662,-9.45606835070754,2.7829931923433e-20
"1496","PSMB6",0.0141843153914205,-4.81794899245797,1.69670558904947e-06
"1497","PSMB7",0.0190523442793125,-6.89859524615805,9.59564941507156e-12
"1498","PSMC1",0.0220484320448634,-8.48767841311004,9.34536348810062e-17
"1499","PSMC2",0.0160807094811726,-7.93947196066106,6.13719890506332e-15
"1500","PSMC3",0.0120627277716252,-4.23814251763357,2.49240689453428e-05
"1501","PSMC4",0.0120072086674059,-4.42740235627927,1.06545437615878e-05
"1502","PSMC5",0.00960015187675167,-4.21299314505773,2.74881298181909e-05
"1503","PSMC6",0.00977278213020466,-5.80037425038485,8.93082894793238e-09
"1504","PSMD1",0.0167732656531404,-7.26098459853095,8.15437277937543e-13
"1505","PSMD11",0.0207887628683587,-7.14804062812465,1.80149612124985e-12
"1506","PSMD12",0.0119421365177186,-5.07494755808204,4.65058158163243e-07
"1507","PSMD13",0.0181652504527675,-5.54712315097176,3.82260593641705e-08
"1508","PSMD14",0.0196549231336576,-8.03316521524351,3.13644296822456e-15
"1509","PSMD2",0.0171716422793629,-6.74012812809253,2.81926205302367e-11
"1510","PSMD3",0.0126004684788285,-5.48645796634831,5.36353375194458e-08
"1511","PSMD4",0.0117814747395151,-5.50809304465332,4.73610265400972e-08
"1512","PSMD6",0.0170290649122896,-6.03466548573501,2.24632624408194e-09
"1513","PSMD7",0.00877690234688477,-3.6025989964757,0.000331570068970375
"1514","PSMD8",0.0175866071208035,-5.61732865396054,2.64205473656309e-08
"1515","PSMF1",0.0150024718683336,-3.71080130323989,0.000217917738607318
"1516","PSMG1",0.00633946815319086,-2.33232500814273,0.0199019267312977
"1517","PSMG2",0.00368233951320696,-1.54724127221769,0.122136271026268
"1518","PSMG3",0.00138246932636865,-0.506482585208721,0.612635299790115
"1519","PSMG4",-0.00107439361737571,0.337968131891114,0.735467831144598
"1520","PSTK",0.0125100223516231,-3.14034376081963,0.00174276629917447
"1521","PTAR1",0.00681699757190746,-3.16265952903565,0.00161391258685122
"1522","PTBP1",0.00377370208670225,-1.07769285367399,0.281430084326884
"1523","PTCD1",0.00888099845155765,-4.2308655342869,2.55546007107486e-05
"1524","PTCD3",0.00396014261825783,-2.13029494108009,0.0333867661500248
"1525","PTDSS1",0.00562554035711771,-2.74511903762751,0.00615818661099236
"1526","PTEN",0.00750630489391568,-2.30309338629178,0.0214845328377525
"1527","PTK2",0.0121732921718419,-4.38928507835409,1.2606380989733e-05
"1528","PTMA",0.0180945925544914,-4.91249166208729,1.07627428100665e-06
"1529","PTPA",0.00633978096320198,-2.60263671716544,0.00939681671657957
"1530","PTPMT1",0.000969184891748132,-0.352564770438883,0.724497344741227
"1531","PTPN1",0.0109990032732382,-3.90029804548318,0.000102769423081516
"1532","PTPN11",0.0102871080115687,-4.99685902051963,6.89997684655098e-07
"1533","PTPN23",0.00835259470191052,-2.98423735811704,0.00292217663192217
"1534","PUF60",0.0211211126787478,-6.01480872547525,2.52899827607147e-09
"1535","PUM1",0.0106874061992388,-2.88493812015297,0.00400101167816245
"1536","PWP1",0.0117810158023742,-4.09983887897335,4.49380780436907e-05
"1537","PWP2",0.0120874841540478,-5.97805816894148,3.29166728193502e-09
"1538","PXN",0.0167598606188627,-6.28461269441914,4.97098078818316e-10
"1539","PYROXD1",0.0207490386936435,-5.66279023008433,1.96767896242793e-08
"1540","QARS1",0.0131596601162668,-6.20297858520349,8.35937111335271e-10
"1541","QRSL1",0.0246677849794837,-7.36332492169307,4.44064487521738e-13
"1542","RAB10",0.0162473350804264,-4.36262148675246,1.43692354214007e-05
"1543","RAB18",0.00580177895254053,-2.04717894160374,0.0409091864844652
"1544","RAB35",0.0174714584123148,-5.08654915191008,4.40167865785897e-07
"1545","RAB6A",0.00966527088053237,-3.44906913859169,0.000587059309149395
"1546","RAB7A",0.0091239323801291,-3.18763818386803,0.00147934637163315
"1547","RABGGTA",0.0145585725300937,-4.77213427371069,2.13152483462605e-06
"1548","RABGGTB",0.00866037354703098,-3.63890193927024,0.00028882887882635
"1549","RABIF",0.00969392543026004,-4.13902045715963,3.78630850894471e-05
"1550","RAC1",0.0106261667382548,-4.82097052516567,1.66798522301421e-06
"1551","RAC3",0.0139715658340559,-4.41908308364925,1.10984303659636e-05
"1552","RACGAP1",0.00609620056164939,-2.30168618039765,0.0215397592048343
"1553","RACK1",0.00590113108171186,-2.41149343643428,0.0160770191197111
"1554","RAD1",0.0104331509205313,-3.07016213408508,0.00220978190813013
"1555","RAD17",0.00445816211112515,-1.36053769211287,0.173977148401995
"1556","RAD21",0.0102428537628038,-4.58795760826928,5.07601472702013e-06
"1557","RAD51",0.010747567819009,-5.51474908949783,4.53384577732797e-08
"1558","RAD51B",0.011642764603942,-4.34754875533238,1.53090611587221e-05
"1559","RAD51C",0.0157214511262224,-8.28843144195864,4.06970666351449e-16
"1560","RAD51D",0.0139143966971721,-5.55771567792442,3.57504243456172e-08
"1561","RAD9A",-0.0174352750482407,4.72015578557836,2.70650366848131e-06
"1562","RAE1",0.00729102626623146,-3.75689010305802,0.000182027094108356
"1563","RAF1",0.00987572354541788,-3.78495936652857,0.000163094742727114
"1564","RAN",0.002980122240725,-0.587596869370921,0.556945007608934
"1565","RANBP3",0.0022923324339903,-0.728922164012428,0.466230035464214
"1566","RANGAP1",0.00698243906578289,-3.95709587603343,8.15604776693331e-05
"1567","RARS2",0.017195186805676,-5.27470251978907,1.68403756726836e-07
"1568","RASA4",0.0134762781593154,-4.05396828896241,5.44743354525947e-05
"1569","RB1CC1",0.00898139269508014,-3.05597671893751,0.00230308179421996
"1570","RBBP4",0.00723434322673666,-4.00606636525041,6.64437110898539e-05
"1571","RBBP5",0.00696340836525855,-3.32892807999136,0.00090504215664124
"1572","RBBP6",0.0150452177370702,-5.53064912215117,4.08837861717624e-08
"1573","RBBP7",0.00754052775844338,-2.38579730246651,0.0172358700456093
"1574","RBBP8",0.0135757925576671,-6.38946345528221,2.57681638108357e-10
"1575","RBIS",0.0122334953234702,-5.97556571626828,3.24814489099507e-09
"1576","RBM10",0.00136373554264535,-0.398647904331148,0.690243033614429
"1577","RBM12",0.0146576349299576,-5.35286095962185,1.09343456334388e-07
"1578","RBM14",-0.00093880491188636,0.329899767933104,0.741549987072577
"1579","RBM15",0.00191761734091134,-0.536682398293164,0.59160788445013
"1580","RBM17",0.00268151953072382,-1.0071938233453,0.314077978821063
"1581","RBM22",0.00407206453052222,-1.51074488593939,0.131163765575247
"1582","RBM25",0.0157300023435326,-6.55063304829442,9.520828567938e-11
"1583","RBM28",0.00910937044203042,-3.95547509361554,8.20711665047947e-05
"1584","RBM39",0.015146739285185,-5.84354669117702,6.92559258786789e-09
"1585","RBM42",0.0194429030921212,-5.80115780416486,8.9695675947348e-09
"1586","RBM5",0.0118604688917229,-4.86507252363761,1.33984378906521e-06
"1587","RBM8A",0.015227272837786,-4.64351751729624,3.86773500488553e-06
"1588","RBMX",0.00534756742615183,-2.46940933846072,0.0136895282767194
"1589","RBMX2",0.00768442623603693,-1.58663018633687,0.112920799771992
"1590","RBMXL1",0.0124404990692862,-4.53496471521655,6.48712028121468e-06
"1591","RBSN",0.00674343491516283,-1.99002323540834,0.0468771855604678
"1592","RBX1",0.0111748177439762,-4.92765620580311,1.00319015749647e-06
"1593","RCC1",0.00767791627013814,-3.36597562319285,0.00079445280333478
"1594","RCC1L",0.0025536153091793,-0.719129102269868,0.47223629354217
"1595","RCL1",0.00491328978818439,-2.30531844952097,0.0213589111453706
"1596","RCOR1",0.000750246389782161,-0.191620440976843,0.848080256714024
"1597","RELA",0.0109271945799475,-3.76208494274223,0.000178682591877456
"1598","REV1",0.00824982253042139,-3.05249758491167,0.00233355297292936
"1599","REV3L",0.00485103359680916,-1.56026457542897,0.119022844191807
"1600","REXO2",0.00498861974130449,-1.29614869966253,0.19522153423769
"1601","RFC2",0.00332560620531297,-1.37006932791575,0.170993671231029
"1602","RFC3",0.00234961236349429,-0.913931451450091,0.360991383918335
"1603","RFC5",0.00095582439177333,-0.374440205595003,0.708160935510862
"1604","RFK",0.00909524942814299,-4.67420146145573,3.37656509939258e-06
"1605","RFT1",0.0128185835345801,-4.81112480093829,1.74749846801458e-06
"1606","RGP1",0.00727311147028431,-2.47984151266224,0.0133235862815029
"1607","RHEB",0.00828127182427674,-3.94864798467532,8.46233022275158e-05
"1608","RHOA",0.00597389529839187,-2.46434225416144,0.0139105342516764
"1609","RHOQ",0.0080835708877155,-3.22572000962588,0.00129949737362063
"1610","RIC1",0.0134611083251084,-4.32830852726089,1.65987771413767e-05
"1611","RIC8A",0.0180002439904476,-5.52520324702468,4.34831787486387e-08
"1612","RICTOR",0.0135922773388446,-5.19938988403288,2.45567337416207e-07
"1613","RINT1",0.0147632734023592,-5.4108316829173,8.03045473259161e-08
"1614","RIOK1",0.00929333761230966,-4.53059411133658,6.61205762337516e-06
"1615","RIOK2",0.0158303395750328,-6.56843831553964,8.5984582093708e-11
"1616","RMI1",0.00708152985522736,-2.10877577813934,0.0352215697814233
"1617","RMND5A",0.01025682425431,-3.27774646168876,0.00108089468198848
"1618","RNASEH2A",0.00313112378347113,-0.869385047718456,0.384845380903676
"1619","RNASEH2C",0.00748730819351751,-2.52464919127355,0.0117551773907401
"1620","RNF113A",0.0116423294136506,-3.68285857133214,0.000243651586218568
"1621","RNF146",0.0298336685542898,-7.37613706266343,4.24768252610888e-13
"1622","RNF168",0.000113410102606126,-0.0449769834661463,0.964135285436402
"1623","RNF20",0.0121005235701935,-5.15219801206087,3.15113449004434e-07
"1624","RNF31",0.0113412353566388,-4.57539092468369,5.37615608667561e-06
"1625","RNF4",0.00655817085535337,-2.07557711690469,0.0381987187378139
"1626","RNF7",0.0120095946277347,-3.62680163060427,0.00030320788465708
"1627","RNF8",0.0123850553454733,-4.55278117204746,6.03882808000048e-06
"1628","RNGTT",0.0145861695678244,-6.06278517968789,1.91927190291953e-09
"1629","RNH1",0.00323718233357695,-1.10566336765193,0.269145160423269
"1630","RNMT",0.00713547295596839,-3.1075501052194,0.00193809283116292
"1631","RNPC3",0.0118375392211665,-4.7272264074148,2.61917668277169e-06
"1632","RNPS1",0.010553268457531,-3.37607030111642,0.000763887942853651
"1633","ROCK2",0.00747779623276035,-2.89215381937286,0.00392803958155386
"1634","ROMO1",0.00767848668701487,-2.66771572239264,0.00776979644573346
"1635","RPA1",0.00835299558881947,-3.0999501512013,0.00198859920459686
"1636","RPA2",0.0190081901233239,-7.6147417549881,6.85991840081011e-14
"1637","RPA3",0.0111125289893638,-4.1644839212912,3.42577751102251e-05
"1638","RPAIN",0.0136103715021927,-3.5099096531821,0.000467308290066261
"1639","RPAP2",0.0127310613396008,-5.29212695460481,1.50791272154498e-07
"1640","RPE",0.0102228624200776,-3.57868414251262,0.000362799003778594
"1641","RPF1",0.00583848948974186,-2.79854963920851,0.0052365297317072
"1642","RPF2",0.00980770518187324,-4.81394463049075,1.7319842366184e-06
"1643","RPIA",0.00267266573041647,-1.17773608429656,0.239184907725201
"1644","RPL10",0.00424366025471312,-1.07324172338404,0.283424559499283
"1645","RPL10A",0.0149036274602026,-5.85725782011553,6.70037414228881e-09
"1646","RPL11",0.0113760791356992,-5.02404037028696,6.12268584697416e-07
"1647","RPL12",-0.00136747039802398,0.42761537244575,0.669028866402328
"1648","RPL13",0.00823228499692508,-4.11100487092094,4.31148285937306e-05
"1649","RPL13A",0.00578554424669825,-2.49098180288839,0.012914406513294
"1650","RPL14",0.0087304923077175,-3.83432675163305,0.000134042146210879
"1651","RPL17",0.00595404212014822,-1.67468691407473,0.0943544758118
"1652","RPL18",0.0116393300144673,-4.43879124999558,1.00568901917081e-05
"1653","RPL18A",0.0104496823780875,-4.20357618588311,2.87905335675646e-05
"1654","RPL19",0.0155453151227442,-5.44167459213881,6.83362950779943e-08
"1655","RPL21",0.00942703030439052,-3.51793462035136,0.000456859264671674
"1656","RPL22",0.00763215352286017,-1.75856040790441,0.0789696252258784
"1657","RPL22L1",0.0144584521701533,-3.09665228139133,0.00201583845249364
"1658","RPL23",0.0137442153454229,-4.75956201600044,2.2639379753003e-06
"1659","RPL23A",0.00964408433907149,-4.17369533306378,3.28790365629066e-05
"1660","RPL24",0.0106853691520567,-5.10216836309267,4.12057175248346e-07
"1661","RPL26",0.00976083130762928,-1.93741414731225,0.0529687152256611
"1662","RPL26L1",0.00864998870168365,-1.74638039483561,0.0810487837608056
"1663","RPL27",0.0045411039198508,-2.15158933906363,0.0316904295546968
"1664","RPL27A",-0.00281098762453369,0.780608862215069,0.435211481658401
"1665","RPL28",0.0095867500479887,-4.09574120846564,4.52495064480609e-05
"1666","RPL3",0.0108389019185149,-3.60540308716604,0.000328399291835012
"1667","RPL30",0.0112510222569059,-4.34248510199088,1.56500571669925e-05
"1668","RPL31",0.0154347270537353,-6.12528585525275,1.36421054861493e-09
"1669","RPL32",0.00950083824775683,-3.19720375379175,0.00143203618252906
"1670","RPL35",0.013856356754688,-4.19494984512227,2.98011952038624e-05
"1671","RPL36",0.0114640961425547,-3.76361147063223,0.000177826661961451
"1672","RPL36A",0.0088133513494052,-3.41476087323882,0.00066545040159997
"1673","RPL36AL",0.00661525884721237,-1.65347162190097,0.0985759559424278
"1674","RPL37",0.0157081847619468,-4.89875609474816,1.13437496233642e-06
"1675","RPL37A",0.0130258879941275,-5.14677293168902,3.23348260685434e-07
"1676","RPL38",0.0138058409899435,-3.94714984831694,8.50937724692505e-05
"1677","RPL4",0.00146278534620425,-0.598046537308986,0.549960288814787
"1678","RPL5",0.0105951596299778,-3.4189922487819,0.000655554030504413
"1679","RPL6",0.00859993681663979,-4.1504743544592,3.62715530019423e-05
"1680","RPL7",0.0145529190720083,-6.18036071563054,9.70955708190128e-10
"1681","RPL7A",0.0133380262558725,-6.26630873388194,5.88402661024762e-10
"1682","RPL7L1",0.00621789550927521,-2.64277353144977,0.00836112025292128
"1683","RPL8",0.0105137336578536,-4.66275649896175,3.60577232135597e-06
"1684","RPL9",0.00645078543857747,-2.74138640716631,0.00623966298767256
"1685","RPLP0",0.00837203287720534,-3.83250531240424,0.00013530994507404
"1686","RPLP1",0.00684413133448436,-2.42774353239882,0.0153812656061598
"1687","RPLP2",0.0105064286614074,-3.41627387956554,0.000661385131542473
"1688","RPN1",0.00420537770735452,-1.60229625645977,0.109457384617499
"1689","RPN2",0.0155239049244128,-4.40194337504913,1.19395774288392e-05
"1690","RPP14",0.00420471389943533,-1.30029623886598,0.193817163721583
"1691","RPP21",-0.00347684859862385,1.04444997167459,0.296530105481633
"1692","RPP25L",0.0119211108323167,-2.79955505310309,0.0052201328101334
"1693","RPP30",0.0043167360505848,-1.35258458508182,0.176486588810979
"1694","RPP38",0.0124447001223914,-4.84508366174077,1.4886232240464e-06
"1695","RPP40",0.0117117864536748,-3.64440530109112,0.000281783687358636
"1696","RPRD1B",-0.000400075270869049,0.132447501176633,0.894658283139247
"1697","RPRD2",0.0104165826444954,-4.87246951658473,1.29617740497327e-06
"1698","RPS11",0.0104367752439258,-3.97122154616334,7.72359147032911e-05
"1699","RPS12",0.0121559149948332,-5.574685335215,3.29410485987065e-08
"1700","RPS13",0.011169099738885,-5.18836203855871,2.60664004008794e-07
"1701","RPS14",0.00918335775897267,-4.6451133003521,3.90127967548756e-06
"1702","RPS15",0.0173551343791713,-5.78012118835577,1.04572097691749e-08
"1703","RPS15A",0.0121696416058826,-3.64348693179974,0.000283961447568073
"1704","RPS16",0.00978003626434115,-4.55126675659012,6.09705751653957e-06
"1705","RPS17",0.0231543224867677,-6.04180305188187,2.198743867255e-09
"1706","RPS18",0.00414945390871058,-1.75635824686805,0.079361037524516
"1707","RPS19",0.0104423238468344,-3.456264487639,0.000574167870022033
"1708","RPS2",0.0106051528606966,-5.09375143496734,4.30581330502924e-07
"1709","RPS20",0.0130507841112259,-4.92107006162268,1.0280314582161e-06
"1710","RPS21",0.0138396622551921,-4.70049112726432,2.97990420579973e-06
"1711","RPS23",0.00928523542058174,-4.11677639339688,4.21553811200582e-05
"1712","RPS24",0.00929091185477365,-3.44256555599821,0.000601295942354531
"1713","RPS25",0.0072975371029842,-2.96510773769076,0.00310339645030653
"1714","RPS27A",0.0149991112882599,-7.04039372948709,4.11056196602629e-12
"1715","RPS28",0.00715200887138318,-2.11580008513,0.0346093590412467
"1716","RPS29",0.0108597728699718,-3.87197231073645,0.00011576930071184
"1717","RPS3",0.0205765805478123,-7.72088718079485,3.282195428361e-14
"1718","RPS3A",0.00556052223344089,-1.97325624733239,0.0487692204978536
"1719","RPS4X",0.00846399561548544,-3.15101759459261,0.00167304656491651
"1720","RPS5",0.00900472414179854,-4.18542857506889,3.14476860725001e-05
"1721","RPS6",0.00762635287574348,-3.44076028140217,0.000607274597180179
"1722","RPS7",0.0107935452279463,-2.1876105346937,0.0289258819476646
"1723","RPS8",0.0082203956983567,-2.67759296799537,0.00754080053057842
"1724","RPS9",0.0103341582480593,-4.37258881254836,1.37009336463693e-05
"1725","RPTOR",0.0117639273358201,-5.26738074711162,1.69789077462405e-07
"1726","RPUSD3",0.00747122857281479,-2.16204356738646,0.0308733734726556
"1727","RPUSD4",0.00204577582843535,-0.906485772658463,0.364910436680737
"1728","RRAGA",0.0127141552508317,-4.97299026241157,7.93044043088358e-07
"1729","RRAGC",0.0130716594569513,-5.3553922073447,1.0753256679499e-07
"1730","RRM1",0.0318558636204557,-4.46143626444201,9.25444952868717e-06
"1731","RRM2",0.00513121224558927,-2.02577057757703,0.0430618788868143
"1732","RRN3",0.00967439608372817,-5.31412831959645,1.33469895125841e-07
"1733","RRP1",0.013333303692837,-5.43902143384808,6.7880162740449e-08
"1734","RRP12",0.0109253566139228,-5.41990052588277,7.46250302982453e-08
"1735","RRP15",0.00545269077432198,-1.71749036282041,0.0862225482804358
"1736","RRP7A",0.00695474617085901,-2.57364498282753,0.0102117938631075
"1737","RRP9",0.00872726293089021,-3.65422965817535,0.000272023182702918
"1738","RRS1",0.00447953999107764,-1.9897343904149,0.0469013797157193
"1739","RSL1D1",0.014132731113343,-6.72447635451909,3.09226352022231e-11
"1740","RSL24D1",0.00998838734764085,-3.71729458615996,0.00021356897443804
"1741","RTCB",0.00272702992458917,-1.02786923511529,0.304278943108437
"1742","RTEL1",0.00735478036094872,-2.50966337046968,0.0122520590555189
"1743","RTF2",0.00894816312990221,-3.40062368004256,0.000701841439500256
"1744","RTRAF",0.0105931602264593,-2.50530416334957,0.0124063398998427
"1745","RTTN",0.00180331055660854,-0.676472591665711,0.49889894451688
"1746","RUNX1",0.000795003781278281,-0.321179150034482,0.748141530325332
"1747","RUVBL1",0.0089092512291058,-4.7607036575391,2.27028340930576e-06
"1748","RUVBL2",0.00760811496408409,-4.01412863709434,6.43107906788988e-05
"1749","SACM1L",0.0113623458550761,-5.90385006986644,5.00417876377244e-09
"1750","SAE1",0.00523436236901409,-2.6892816618097,0.00729100181947017
"1751","SAMD4B",0.0067676338564624,-2.28886748687248,0.0222920942543169
"1752","SAMM50",0.0121832350571126,-5.45799161253837,6.23913187428922e-08
"1753","SAP130",0.00951852984378465,-4.54587471130838,6.15727969931428e-06
"1754","SAP18",0.00474130198366762,-2.10597986231041,0.035464798706632
"1755","SAP30BP",0.0148357762672648,-5.18337463992571,2.64886674945355e-07
"1756","SARNP",0.022762864875189,-4.89870552773132,1.16089189746493e-06
"1757","SARS1",0.0329455100090231,-6.67405810810086,4.26063101739977e-11
"1758","SARS2",0.00538839757284004,-1.88314413147095,0.0599627551364346
"1759","SART1",0.0157100258651577,-6.49148463570451,1.40082442830523e-10
"1760","SART3",0.0182431545824176,-6.80970667331656,1.77669251551084e-11
"1761","SASS6",0.0120416007506554,-4.32236669264536,1.71147882218885e-05
"1762","SBDS",0.0114725857692056,-2.80096433541213,0.00519582487521539
"1763","SCAF4",0.00306088629229262,-0.871772235152251,0.383536799708303
"1764","SCAF8",0.00679612518235206,-2.50733127523256,0.0123320286013259
"1765","SCAP",0.0047544164269584,-1.52057134625609,0.128705950330149
"1766","SCD",0.00425318658224116,-2.0207493098156,0.0435672190976123
"1767","SCFD1",0.0114054576099154,-5.10282738116029,4.0526029133054e-07
"1768","SCO1",0.0120943451822261,-4.71084619938362,2.86915568208737e-06
"1769","SCO2",0.0119383815191552,-4.56844484201462,5.57002516547314e-06
"1770","SCYL1",0.00914267230136601,-3.29159035928545,0.00103314629157333
"1771","SDAD1",0.00991967651912995,-4.61771734212353,4.41640707227957e-06
"1772","SDE2",-0.000185006351648365,0.0616098151218361,0.950888679274335
"1773","SDHA",0.0119177072906038,-5.05300304438656,5.24678411721553e-07
"1774","SDHB",0.00548556485691598,-2.17060559122729,0.0302078575912821
"1775","SDHC",0.00736689090954223,-3.77200606929785,0.000171594495572408
"1776","SDHD",0.0104352761275077,-4.93527110851573,9.5008786601627e-07
"1777","SEC13",-0.00108574693545216,0.548039140324452,0.583803493421757
"1778","SEC16A",0.0139014601622139,-4.86679347734712,1.33222013811158e-06
"1779","SEC61A1",0.00576278911016737,-2.65119355098409,0.00816221330969687
"1780","SEC61B",0.010320564357773,-2.84692303016777,0.00450799519731684
"1781","SEC61G",0.00694618694858351,-1.83252608226862,0.0671625877186514
"1782","SEC62",0.0110184257529238,-3.99155049109564,7.07585123697867e-05
"1783","SEC63",0.00994707140767714,-3.89416921503345,0.00010516255346605
"1784","SEH1L",0.00451705792272405,-2.28323577705635,0.0226502695351186
"1785","SEM1",0.00613371670576679,-2.11516827724429,0.034659946885355
"1786","SENP6",0.00409297453291657,-1.79826192397903,0.0724445497018742
"1787","SEPHS2",0.00243822046403364,-0.57252258441011,0.56710568252349
"1788","SEPSECS",0.000674015768827529,-0.203407557075544,0.838859954498273
"1789","SERBP1",0.00435541675927509,-1.33135572828724,0.183380531104797
"1790","SETD1A",0.0136238889370652,-5.96342985643951,3.49725252173666e-09
"1791","SETD1B",0.004454877475073,-1.42937847581325,0.153234951322484
"1792","SETD2",0.00881023799458114,-3.85311150233709,0.000124218922044124
"1793","SETD5",0.0159733799132221,-6.13717222578434,1.26679905924064e-09
"1794","SETDB1",0.00787228273626372,-3.22331804592936,0.00130993387653771
"1795","SF1",0.0165119793649813,-5.54942451545245,3.73963126327864e-08
"1796","SF3A1",0.0122520498183284,-5.21652475328371,2.23721255848281e-07
"1797","SF3A2",0.00647226325753614,-2.84454895039867,0.00453416478613123
"1798","SF3A3",0.0179260992970813,-6.43521731707424,1.98520498421002e-10
"1799","SF3B1",0.00797618964353763,-3.51910502913751,0.000452639410140666
"1800","SF3B2",0.00911944633269479,-3.87942449356742,0.000111668122362277
"1801","SF3B3",0.0111037509688981,-4.26793273359529,2.17431771421109e-05
"1802","SF3B4",0.00710433301933155,-2.00898962884895,0.0448183793269901
"1803","SF3B5",0.0146406106944501,-5.08001887720334,4.59263553940384e-07
"1804","SF3B6",0.0125798508255369,-4.14119880540782,3.75862880687044e-05
"1805","SFPQ",0.0188989364379726,-6.52033047125938,1.17842547369737e-10
"1806","SFSWAP",0.0128711816511241,-4.90377485288486,1.11518989514522e-06
"1807","SGF29",0.010115113742968,-4.57697282219765,5.29423126578228e-06
"1808","SGO1",0.0232057552910324,-6.5593817122416,9.28100205559391e-11
"1809","SH3GL1",0.00574866482102532,-1.8715873150459,0.061569934009831
"1810","SHC1",0.0100098350381087,-4.0833688837258,4.81285300682761e-05
"1811","SHOC2",0.0118556365303961,-5.10441048481633,4.0170182161082e-07
"1812","SHQ1",0.0133211889294031,-5.21952120206821,2.21775610133502e-07
"1813","SIAH1",0.0111682605053433,-2.9867915947963,0.0028934564760763
"1814","SIN3A",0.0137588753865057,-5.66739832649911,1.96165832870185e-08
"1815","SINHCAF",0.00858865417983157,-3.75342466179387,0.000184842412622712
"1816","SIVA1",0.0150242247311725,-4.82178741132244,1.66030700876763e-06
"1817","SKA1",0.00527749803735256,-1.52136372297445,0.128466952437901
"1818","SKA2",0.00569138463171692,-2.03737394481739,0.0418746468675923
"1819","SKA3",0.00392605764119369,-1.32422767341133,0.185734471768658
"1820","SKIC8",0.00142094503886481,-0.5282348998981,0.597453988928429
"1821","SKP1",0.0104583936403115,-4.43649721609456,1.02875510705501e-05
"1822","SKP2",0.00729399075405779,-2.08869088052526,0.0369977408491817
"1823","SLC16A1",0.0179992026845196,-6.45719277079878,1.80527516457545e-10
"1824","SLC20A1",0.0076450262815555,-3.09692687367218,0.00201314055174849
"1825","SLC25A1",0.0117284180967587,-3.44301678909591,0.000600527854637609
"1826","SLC25A19",0.00854249264109286,-2.81285106193387,0.00501598402175787
"1827","SLC25A26",0.0037736483628642,-1.50553844464508,0.132506426980357
"1828","SLC25A28",0.00530032570125516,-1.88026884044711,0.0603764597342094
"1829","SLC25A3",0.00813501216617096,-3.53178009739231,0.000432609000336874
"1830","SLC2A1",0.0138670703367274,-6.05436955018261,2.0150801021964e-09
"1831","SLC30A9",0.0137794392387841,-5.06570619847567,4.92339078748272e-07
"1832","SLC33A1",0.0177696139040731,-5.53705183415609,4.00058537851351e-08
"1833","SLC35A1",0.0100405065741002,-4.22269196491775,2.65784121767829e-05
"1834","SLC35A2",0.00995540566599451,-3.53547482031376,0.000427490603872764
"1835","SLC35B1",0.0167507118004335,-4.44718266968762,9.6683180316324e-06
"1836","SLC35B2",0.0122583422064472,-4.11458709163355,4.21063834080349e-05
"1837","SLC38A2",0.00579159175070565,-2.2148824391467,0.027008820561504
"1838","SLC39A10",0.018055289537655,-6.25722981875301,6.06148869801132e-10
"1839","SLC39A7",0.0179265156215093,-6.04039613486334,2.19134569301729e-09
"1840","SLC3A2",0.00773893167965523,-2.80819789606339,0.00508417269076772
"1841","SLC4A7",0.00808189021627681,-3.91507290025723,9.6750065993626e-05
"1842","SLC7A1",0.00683137197237615,-2.81611459691765,0.00496350689484266
"1843","SLC7A5",0.00478101690452659,-1.80172593083484,0.0718980284320994
"1844","SLC7A6OS",0.0141461764786269,-5.84708680836632,6.89275742517991e-09
"1845","SLU7",0.00783901057437741,-3.07084263072764,0.0021962250491007
"1846","SLX9",0.0136762399704355,-4.10154699724272,4.4438477717926e-05
"1847","SMAD7",0.0136629293927564,-4.90186802536106,1.11577833184612e-06
"1848","SMARCA2",0.0127077280590281,-4.51024603435489,7.30020902232578e-06
"1849","SMARCA4",0.0115424825376298,-3.14132404047427,0.00173074530626205
"1850","SMARCA5",0.00121679086735049,-0.495664093303997,0.620243536209667
"1851","SMARCB1",0.00897840427190244,-3.82276234056212,0.00014063760535349
"1852","SMARCD1",0.012767817644193,-4.39800225862889,1.21665669803354e-05
"1853","SMARCE1",0.00918702385782344,-3.7140025005003,0.000215791293345663
"1854","SMC1A",0.00542740908927319,-2.97085860566549,0.00304089088083354
"1855","SMC2",0.0102649450951708,-4.9205947026094,1.02882836283173e-06
"1856","SMC3",0.00424683246713375,-2.25767342030102,0.0241911895300609
"1857","SMC4",0.00776548452454884,-4.38374332336479,1.2896448745077e-05
"1858","SMC5",0.0037117147944602,-1.4240366633477,0.154750726270417
"1859","SMC6",0.00298150740926495,-0.898882345215271,0.368943724968113
"1860","SMCHD1",0.0150135649474746,-5.68793305781273,1.71476225462203e-08
"1861","SMG1",0.00944359706487552,-4.92972667171107,9.70789711576464e-07
"1862","SMG5",0.00947044531553076,-3.62304855230489,0.000307499333815448
"1863","SMG6",0.0145719698953524,-4.5994276220158,4.86878076997479e-06
"1864","SMG7",0.0185901680238936,-4.34216327143719,1.57764722790655e-05
"1865","SMNDC1",0.0124434019318983,-4.14585406073994,3.67164443288713e-05
"1866","SMU1",0.0239773645066287,-7.12402604719865,2.14686818393305e-12
"1867","SNAI2",0.010587787276414,-4.39511887794594,1.22539506172488e-05
"1868","SNAP23",0.00909798030875086,-5.07876656319816,4.58607765224105e-07
"1869","SNAPC1",0.0116439079927664,-5.95975538485314,3.65077354716854e-09
"1870","SNAPC2",0.0119536303416423,-5.86140469501562,6.4466915180285e-09
"1871","SNAPC3",0.0154089626036898,-7.12754658756734,2.13371689933839e-12
"1872","SNAPC5",0.0106210681531657,-5.02410795848455,6.10128065673353e-07
"1873","SNF8",-0.00203080069586148,0.605304392067221,0.545126248891835
"1874","SNIP1",0.0124638489806935,-3.4204349879671,0.000652072225140343
"1875","SNRNP200",0.0114905455236667,-4.57660200542363,5.36108360957885e-06
"1876","SNRNP25",0.0107120956676329,-5.07708357185467,4.59446005056304e-07
"1877","SNRNP27",0.00709023779065432,-2.88689055145703,0.00396996600090125
"1878","SNRNP35",0.00594165172401451,-1.70134285336037,0.0892066620982625
"1879","SNRNP40",6.53121093363573e-06,-0.00116893383540689,0.999067562460115
"1880","SNRNP48",0.0112402031599456,-2.72387723437096,0.00657186893170441
"1881","SNRNP70",0.00590065493623348,-2.5004159720172,0.0125716620466541
"1882","SNRPA",0.00501678885006052,-1.69440944010577,0.0905054717260322
"1883","SNRPA1",0.0212367872384313,-6.80942119567534,1.71282812022413e-11
"1884","SNRPB",0.00739623598759953,-2.79202181241432,0.00534304057193281
"1885","SNRPB2",0.0106163659171288,-2.93754282113347,0.00338539088820108
"1886","SNRPC",0.0150094133966125,-5.97478539067478,3.28135144641135e-09
"1887","SNRPD1",0.0126477756216352,-3.9887061601682,7.18240764489257e-05
"1888","SNRPD2",0.00847913573938908,-3.97631656501998,7.53779727738859e-05
"1889","SNRPD3",0.0200631104781949,-3.28769499667614,0.00104570328838626
"1890","SNRPE",0.00681558042532004,-2.25522564910251,0.024341237644046
"1891","SNRPF",0.0191201314008721,-5.55204125935126,3.74231924812366e-08
"1892","SNRPG",0.00919414690122494,-2.30368935547383,0.0214379336446744
"1893","SNU13",0.0143926659611856,-6.6146593576823,6.42175905978939e-11
"1894","SNUPN",0.0124672944838442,-4.3392928469628,1.58812331064832e-05
"1895","SNW1",0.0171222430222049,-7.1294132495967,2.10107503022083e-12
"1896","SOCS3",0.0124776678921514,-5.08480171282318,4.44827633860984e-07
"1897","SOD1",0.00675787999168265,-2.85131155123609,0.00444699073689791
"1898","SOD2",0.0101545619147847,-3.83970293728694,0.000131705449843896
"1899","SON",0.00885073569550865,-4.34192910395811,1.56330866894555e-05
"1900","SOS1",0.0133508752928723,-5.42954152510263,7.2199196698048e-08
"1901","SOX10",0.0166497237993497,-5.40464626573766,8.35575338908551e-08
"1902","SOX2",0.0127506628121786,-4.79415712240136,1.88564807833419e-06
"1903","SOX9",0.0126140385103337,-5.07025803197944,4.73123054461406e-07
"1904","SP1",0.00629286199964718,-1.87165327857892,0.0615661355150737
"1905","SPATA31A6",0.00829619401686155,-3.00050507480344,0.00276030573736791
"1906","SPC24",0.00806137091609532,-3.02506794575604,0.00255511506538548
"1907","SPC25",0.00307539732478068,-1.54336080768874,0.123049641677642
"1908","SPCS1",0.0146546966869644,-3.76085376738595,0.000180333113879141
"1909","SPCS2",0.00956845396927608,-2.22360046349048,0.0263993979822912
"1910","SPCS3",0.0136048526807642,-4.54692265392971,6.1396817865317e-06
"1911","SPDL1",-0.00188801615848366,0.823341958150997,0.410508752450878
"1912","SPOUT1",0.00875573348676784,-3.06505888670135,0.00223960636944157
"1913","SPRR2G",0.00734183154123402,-3.29058437042641,0.00103513327603025
"1914","SPRTN",0.0125955152304164,-4.98028826077409,7.55322322757793e-07
"1915","SPTLC1",0.00465993739477266,-1.85142650400705,0.0644298908002973
"1916","SPTLC2",0.00971127032707431,-3.92009206469851,9.50170372226522e-05
"1917","SPTSSA",0.0160562178570672,-4.97040974310225,7.93364578449685e-07
"1918","SQLE",0.0147119556387741,-6.27370269674729,5.37766592544e-10
"1919","SRBD1",0.0126036000421665,-5.90750584888113,4.80546988943275e-09
"1920","SRCAP",0.0140155830329922,-6.12015297888473,1.3765717868135e-09
"1921","SREBF1",0.0105496302926706,-4.35132214955925,1.50948010148495e-05
"1922","SREK1IP1",0.00491772848323924,-1.34115339618647,0.180203967625543
"1923","SRF",0.00974661981656422,-3.74335008435018,0.00019216417237623
"1924","SRFBP1",0.0232630376067396,-6.81010952076337,1.77954717552712e-11
"1925","SRM",0.00632223347731631,-1.88402615427251,0.0598625131755432
"1926","SRP14",0.00757532091705315,-1.99761974849068,0.0460315296740793
"1927","SRP19",0.0153701316665238,-6.57025059882538,8.57878993491461e-11
"1928","SRP54",0.0208021268678546,-6.45152877289001,1.84814507823785e-10
"1929","SRP72",0.007964893760258,-3.07205523904258,0.00219042708290832
"1930","SRP9",0.00916048930338242,-2.22500981742081,0.0263038646782629
"1931","SRPRA",0.0058884372046325,-2.5426009550776,0.0111596279007364
"1932","SRRM1",0.0142263156814698,-4.72967946430686,2.58354381086116e-06
"1933","SRRM2",0.0107989614586904,-3.77351973349009,0.000170288643611742
"1934","SRRT",0.0120565935506856,-4.4047706343009,1.16197443643631e-05
"1935","SRSF1",0.00932563620705207,-3.70787873407506,0.000221391718348743
"1936","SRSF10",0.00416822221395796,-1.07464235250252,0.28279534342626
"1937","SRSF11",0.0211105893720385,-6.40037610709216,2.5033331630015e-10
"1938","SRSF2",0.0164178809665793,-5.83505484787337,7.41230414703095e-09
"1939","SRSF3",0.0157939409689485,-4.52481159050175,6.81778496283462e-06
"1940","SRSF6",0.0024185021016736,-0.532000055456334,0.594843613715181
"1941","SRSF7",0.0100546582794637,-4.09668899600526,4.53948419767426e-05
"1942","SS18L2",-0.00155647816087812,0.583009618385892,0.560026318669737
"1943","SSB",0.0115369131558373,-3.95553076611515,8.22142501605012e-05
"1944","SSBP1",0.00587484278415162,-2.32298116495696,0.0203832091402146
"1945","SSBP3",0.0128062824278909,-5.9707712618515,3.33333559952843e-09
"1946","SSRP1",0.0120488668045922,-5.56651023447192,3.37770238863049e-08
"1947","SSU72",0.00230255788428768,-0.706729549368952,0.479898967322739
"1948","STAG1",0.00846862295806028,-3.40520519671917,0.000689273195577077
"1949","STAG2",0.00744854457137822,-2.75346297703852,0.00601125258632199
"1950","STAMBP",0.00715881048520517,-2.01875963148122,0.0437825828885165
"1951","STEEP1",0.00312290983158581,-1.38305245717268,0.167013081927571
"1952","STIL",0.0100015176442938,-4.54212387667354,6.2200902532602e-06
"1953","STK11",0.00501378549085085,-1.67419348585479,0.0944138104909495
"1954","STK40",0.00703056930519708,-2.55676289873025,0.0107154167940157
"1955","STN1",0.00425977881913497,-1.34347346196659,0.17944757514489
"1956","STRAP",0.00530361349342168,-1.6288334064929,0.103671450144102
"1957","STRIP1",0.0122348078241254,-4.87435333285478,1.29172872937461e-06
"1958","STT3A",0.0125612444901704,-4.40975849457952,1.1534975856378e-05
"1959","STX18",0.00731463014535239,-2.71465876820076,0.00675334750622586
"1960","STX4",0.00606603523223104,-2.50957172634949,0.0122653577276955
"1961","STX5",0.00934168353450449,-3.50437095669679,0.000479869559354033
"1962","STXBP3",0.00669707352986693,-2.8603766506905,0.00432959437222053
"1963","SUCO",0.0129596147485381,-6.43829736983064,1.93577198745472e-10
"1964","SUDS3",0.00709619719288734,-3.48489289945339,0.000514533653117047
"1965","SUGP1",0.0152898849504487,-5.2522950348012,1.83354861307677e-07
"1966","SUGT1",-0.00435971127278456,0.973441445977063,0.33055651651493
"1967","SUPT16H",0.0107983186137464,-4.68504450880165,3.20412744135215e-06
"1968","SUPT20H",0.00881065253773061,-3.52352485029323,0.00044509851941207
"1969","SUPT4H1",0.00559712980728899,-2.27091975868733,0.0233804312545877
"1970","SUPT5H",0.00952058891196184,-4.9485632984722,8.80150688828524e-07
"1971","SUPT6H",0.0148401951935175,-7.79562515774746,1.67426603783314e-14
"1972","SUPT7L",0.0132272052209649,-4.51001267963923,7.21697537728449e-06
"1973","SUPV3L1",-0.00306818501240047,1.20436687360343,0.228778101366943
"1974","SURF4",0.0157203553068102,-4.30298528160912,1.86386970771125e-05
"1975","SUZ12",0.000381000759880012,-0.142778403201746,0.886495321753963
"1976","SYF2",0.0130273264941022,-4.71836590611247,2.7336165300897e-06
"1977","SYMPK",0.00938886029514063,-4.00216988966791,6.75645642634666e-05
"1978","SYNCRIP",0.00618427619926398,-1.7256944951905,0.0847184764601868
"1979","SYS1",0.00557870271539473,-1.96880450150786,0.0492774334585347
"1980","SYVN1",0.0048284438241758,-1.56699746628476,0.117412185612053
"1981","TACC3",0.00176964763149012,-0.709924321315234,0.477922307135294
"1982","TADA1",0.0127347978509679,-4.92477038636791,9.80456992941477e-07
"1983","TADA2B",-0.000311720080552469,0.106062990124478,0.915554088389519
"1984","TADA3",0.0106299323341315,-4.60750572309156,4.60927741700373e-06
"1985","TAF1",0.00994636743441879,-4.61000665068718,4.58729852642425e-06
"1986","TAF10",0.00190035372885367,-0.79011268560573,0.429647641002419
"1987","TAF12",0.000745863761039356,-0.263074109323394,0.792546719668602
"1988","TAF1B",0.0120213139974291,-5.28558978050666,1.55534808939686e-07
"1989","TAF1C",0.0179413150233894,-5.96326266241094,3.45848593884507e-09
"1990","TAF2",0.00924073371300027,-4.04535065450005,5.64554130448056e-05
"1991","TAF4",0.00892156876045969,-3.79472295601937,0.000156918587374004
"1992","TAF5",0.00208557253500852,-0.663055830855877,0.507442557794115
"1993","TAF5L",0.00105514200264645,-0.379598957506353,0.704321634998185
"1994","TAF6",0.00518042313784151,-2.57673117708592,0.0101200438556754
"1995","TAF6L",0.0083586874310666,-3.60733685644354,0.000324436638449738
"1996","TAF7",0.00492466924218671,-1.98061446573214,0.0479147559067381
"1997","TAF8",0.00926839365137622,-3.49139472379293,0.00050132187226112
"1998","TAFAZZIN",0.00810704304304866,-2.11399527867387,0.0347967954520535
"1999","TAMM41",0.00758894562287027,-3.72846367466509,0.000204262078033211
"2000","TANGO6",0.00499035700511641,-1.71247947670408,0.0871405894317387
"2001","TAOK1",0.00738178293701475,-2.76907571771393,0.00572500334942849
"2002","TAPT1",0.01596130688396,-5.10629322015087,4.01934179696786e-07
"2003","TARDBP",0.010846223618888,-2.71221135381675,0.00680181179089205
"2004","TARS1",0.0107117333394999,-4.64610295349977,3.89277804188188e-06
"2005","TARS2",0.00346949771332794,-1.10133196944944,0.271023114637886
"2006","TBCA",-0.00399356291148301,1.0007222409111,0.317218391096518
"2007","TBCC",0.0150678963453221,-4.73248031645321,2.5743296471593e-06
"2008","TBCD",0.0140707027745993,-5.42152032885766,7.61732270207028e-08
"2009","TBL1XR1",0.00699039485900799,-2.75176134627334,0.00604487935995711
"2010","TBL3",0.00703602354967736,-3.79756107994636,0.000155927454801928
"2011","TCERG1",0.0107382041750933,-2.69949969346504,0.00706149882975096
"2012","TCF3",0.00711292693734245,-3.10074596523736,0.0019848620254889
"2013","TCF7L2",0.014689714722225,-3.18274547129457,0.00150639039398085
"2014","TCOF1",0.0123783462673657,-5.25840509746394,1.78006880499247e-07
"2015","TCP1",0.00550468034083579,-2.29768451180703,0.0217923770172672
"2016","TDP2",0.0126153183506401,-3.70781964357553,0.000221226159009917
"2017","TEAD1",0.0179481294979332,-6.02731733411856,2.37170953603452e-09
"2018","TEDC1",0.0196231948248815,-4.72602031414634,2.65655205189785e-06
"2019","TEDC2",0.0153807655087206,-4.96792115195602,8.20065639242632e-07
"2020","TELO2",0.0140229684878013,-5.73163871900444,1.33526764969481e-08
"2021","TEN1",0.0108696870199365,-3.79612391250843,0.000156637578021236
"2022","TENT4B",0.00391244235527777,-1.24433051956078,0.213689134220343
"2023","TERF2",0.0058204957467235,-2.41467936134317,0.0159328971289949
"2024","TFAM",0.00976840256008671,-3.43389848090686,0.000620915652415142
"2025","TFAP2A",0.0295109780116947,-6.75891694136308,2.56115569939972e-11
"2026","TFAP4",0.00557615130494515,-2.46054656812506,0.0140429183152383
"2027","TFB1M",0.0103602953047434,-2.4863471783804,0.0130780251176666
"2028","TFB2M",0.00479731032079844,-2.14300813660304,0.0323574807871518
"2029","TFDP1",0.0142130982039016,-5.43470950831534,6.99355965273797e-08
"2030","TFIP11",0.0148420440592297,-5.15668474880877,3.06196322321374e-07
"2031","TFRC",0.00630645327805224,-2.71093589234708,0.00683025395927831
"2032","TGFBR1",0.0036191656446215,-1.31428602728926,0.189077451865345
"2033","TGIF1",0.0102566267621736,-3.79635041853237,0.000155903317531621
"2034","TGS1",0.00803461801595429,-2.72790699717358,0.00649001871938293
"2035","THAP1",0.010195263997278,-3.37510624969549,0.000764351578982161
"2036","THAP11",0.0119641853440871,-3.40553525452226,0.000688799786696153
"2037","THAP12",0.0101207935441325,-4.56183951733116,5.75488008510359e-06
"2038","THG1L",0.00888091663038104,-2.72858999401279,0.00647521518412048
"2039","THOC1",0.0081480556368082,-3.76475789244518,0.000176371144800643
"2040","THOC2",0.0129621950191804,-4.77290875440987,2.11441299206897e-06
"2041","THOC3",0.00792784528289137,-3.03502251121454,0.00246794829997547
"2042","THOC5",0.00611495223714587,-2.84703508451914,0.00450897298102841
"2043","THOC7",0.00751043841004639,-2.97164182241902,0.0030380852492528
"2044","TIAL1",0.00377390336561145,-1.10508384452963,0.269393364938088
"2045","TICRR",0.0175560668315858,-6.28618977564793,5.09206313278481e-10
"2046","TIMELESS",0.00985999486896361,-3.80311930586174,0.000152265605958103
"2047","TIMM10",0.00985214152956448,-3.96290871239415,8.01415774947228e-05
"2048","TIMM13",0.0125752265841315,-3.95015226347128,8.40734296970318e-05
"2049","TIMM17A",0.0119159625245236,-3.90385977861266,0.000101638538904694
"2050","TIMM22",0.0135798048280068,-4.56420253476073,5.69598782300159e-06
"2051","TIMM23",0.0105335669985129,-3.60821824431993,0.000324504348537708
"2052","TIMM29",0.00350338455471821,-1.06631889232567,0.286572927691634
"2053","TIMM44",0.00438298445168361,-1.54460819597643,0.122787050078181
"2054","TIMM8A",0.0137408742285008,-3.50291529396879,0.000482136679728012
"2055","TIMM9",0.00959220075567091,-3.19064408578141,0.00147017722515666
"2056","TINF2",0.0127907740799224,-4.26683383446755,2.19721348102173e-05
"2057","TIPARP",0.0199337473585796,-7.93072785728156,5.98758194684542e-15
"2058","TIPIN",0.0127168465384111,-4.4299566799039,1.04381131080625e-05
"2059","TIPRL",0.00816377391347411,-2.34459587795154,0.0192478887764289
"2060","TKT",0.0160833516198962,-5.29506232386367,1.48421133030605e-07
"2061","TLK2",0.0119597797277196,-5.37674063892636,9.47657178359477e-08
"2062","TLN1",0.00544783942529492,-1.76470070775095,0.0779225046068998
"2063","TM9SF3",0.0143806226181823,-4.74313191796175,2.4427057163554e-06
"2064","TMED10",0.0115239955220284,-4.06022957627123,5.30001730618488e-05
"2065","TMED2",0.00848584079551862,-2.72434692042544,0.00655781351373214
"2066","TMEM165",0.0107215752362133,-4.39637508408898,1.2230898766629e-05
"2067","TMEM167A",0.0146381769757788,-4.90068883008227,1.13682017812449e-06
"2068","TMEM199",0.00902426727384309,-2.66268018217611,0.0078828351358432
"2069","TMEM41B",0.00851372532982153,-3.19322661572923,0.00144970562273694
"2070","TMEM80",0.0124148297841264,-5.04898942702055,5.30173114013395e-07
"2071","TMX2",0.00899878645072594,-2.99766836766535,0.00279439630394861
"2072","TNPO1",0.00867842396133689,-2.51665951511586,0.0120183127080297
"2073","TNPO3",0.0142548990846103,-4.68383122803426,3.2399045779765e-06
"2074","TOE1",0.0128801612548644,-3.77574410253353,0.000169760142954937
"2075","TOMM20",0.00863826581268279,-2.967038684367,0.00308626676171717
"2076","TOMM22",0.00492697051313129,-2.02129262250794,0.0435362837175796
"2077","TOMM40",0.0111897816448734,-5.02840766626577,5.97470755007214e-07
"2078","TOMM70",0.0129391610773012,-4.07024257998255,5.10278536942071e-05
"2079","TONSL",0.0146248298391974,-6.76944018349454,2.33108309212468e-11
"2080","TOP1",0.0034282681081762,-1.82681034120298,0.0680413747148887
"2081","TOP2A",0.011562415508645,-5.20934841072602,2.33049988412016e-07
"2082","TOP3A",0.00727953749085086,-2.94470491335712,0.00330956767816505
"2083","TOPBP1",0.00655398646572236,-2.9597645151138,0.00315490599691689
"2084","TP53",0.000183408352177672,-0.0478813416838609,0.961820651557475
"2085","TP53BP1",0.00579276349730318,-2.45083102737318,0.0144264521292626
"2086","TP53RK",0.00902356448170183,-3.04367057537967,0.00240172086041528
"2087","TP63",0.00775014466365054,-2.10135173821141,0.0358685400236377
"2088","TPI1",0.00426865512113117,-2.09765695089248,0.0361932649682911
"2089","TPK1",0.0116028624690241,-4.35132156683717,1.49837978948791e-05
"2090","TPR",0.00681262592806742,-2.38965207886706,0.0170420205208609
"2091","TPT1",0.00548010323828008,-1.18844663979162,0.234952881119953
"2092","TPX2",0.0155819205072588,-5.91689448673139,4.55459487639813e-09
"2093","TRA2B",-0.00457245235399228,1.27966317534248,0.200953627143849
"2094","TRAF2",0.00399779610810058,-1.3398388835377,0.180614841227464
"2095","TRAIP",0.0109486852077578,-3.67816818854095,0.000247681712730713
"2096","TRAPPC1",0.00392244046269785,-1.3182705485302,0.187743314969949
"2097","TRAPPC11",0.0112186861098398,-5.52995558992036,4.1394694055746e-08
"2098","TRAPPC2L",0.0129965470080401,-3.78132108336815,0.000165459862246798
"2099","TRAPPC3",0.00801352557248713,-2.82046614737014,0.00490200728327411
"2100","TRAPPC4",0.0140453355016634,-4.74917271380717,2.38422757567989e-06
"2101","TRAPPC5",0.0060857467783294,-2.32790541513866,0.0201283762953758
"2102","TRAPPC8",0.0176155070488456,-5.88501327194163,5.56541431803249e-09
"2103","TRIAP1",0.00895233039139531,-2.68475958816917,0.00738856107376781
"2104","TRIM28",0.00366747519480293,-1.30448546477602,0.192360623460326
"2105","TRIM37",0.0112594925347314,-4.13877582365361,3.78464977995643e-05
"2106","TRIP12",0.012036684332468,-4.74743082812705,2.37833750430399e-06
"2107","TRIP13",0.0154246176101169,-4.59371488275816,4.94642754877873e-06
"2108","TRIR",0.00826194456563156,-2.77427072864907,0.00563856428275834
"2109","TRIT1",0.00464989957425144,-1.19561757013581,0.232132591833481
"2110","TRMT10C",0.00704094645286824,-2.52110410676967,0.0118572611430222
"2111","TRMT112",0.00747555443252851,-3.22750168055308,0.00128672983381092
"2112","TRMT6",0.00757564133730726,-2.40327835114063,0.0164257629066732
"2113","TRMT61A",0.00147020601146797,-0.405638067495597,0.685095472860655
"2114","TRNAU1AP",0.00378668187511344,-0.996849753560091,0.319086201840441
"2115","TRNT1",0.0103631948841113,-5.05565775853653,5.15966225088653e-07
"2116","TRPM7",0.0139453790852908,-3.43061137032669,0.000629578421872893
"2117","TRRAP",0.00443469462831436,-1.91084101548803,0.0563285919233218
"2118","TRUB2",0.00427912471390768,-2.0299489090702,0.0426378811853125
"2119","TSC1",0.00972282599563967,-3.63065951531769,0.000297911359447177
"2120","TSC2",0.00958033150758653,-3.80727608304938,0.000149550493722144
"2121","TSEN34",0.0102083983089274,-3.68619257806199,0.000241440245099539
"2122","TSEN54",0.00952832810255566,-3.82863510479376,0.000137186079383666
"2123","TSG101",0.0131263672603085,-5.11968404732777,3.67662189237896e-07
"2124","TSR1",0.00644589006747154,-2.71875027110337,0.00667442463008115
"2125","TSR2",0.0131330651689182,-5.71755374502197,1.4764605612211e-08
"2126","TTC1",0.0214500654866923,-7.44230512148082,2.40900018864978e-13
"2127","TTC4",0.0122939323858504,-3.91547456910281,9.69121131335283e-05
"2128","TTC7A",0.0092278752941829,-3.41080260987222,0.000674608072849772
"2129","TTF2",0.00734133838980744,-3.07823775314588,0.00214468883436133
"2130","TTI1",0.00249294514187426,-0.813144607834204,0.416321997441255
"2131","TTK",0.0110688952237121,-3.85094114886163,0.000125499781469085
"2132","TUBA1B",0.00440818435530299,-2.12776140231346,0.0336185154776609
"2133","TUBA1C",0.00206443416725477,-0.638818014422998,0.523093013693691
"2134","TUBB",0.00679056481691698,-3.39018632320065,0.000726920529679688
"2135","TUBB3",0.0102382219727543,-2.64097938434058,0.00840191891110486
"2136","TUBB4B",0.00963604685852915,-3.07280020934783,0.00218175508895185
"2137","TUBD1",0.00802926096146284,-2.68507656671317,0.00738624944510148
"2138","TUBE1",0.0137466144670834,-3.97115604127844,7.70898553421957e-05
"2139","TUBG1",0.0135982756673052,-5.84483658443056,7.28424017231889e-09
"2140","TUBGCP2",0.0148671060775531,-5.83701446101689,7.31605399267887e-09
"2141","TUBGCP3",0.0106057424080552,-4.71147952572716,2.82988389172228e-06
"2142","TUBGCP4",0.0092323256002369,-4.05898403739508,5.32882941299548e-05
"2143","TUBGCP5",0.0013097752712975,-0.424799767571177,0.671077062465701
"2144","TUBGCP6",0.0108527290388648,-4.60623087355158,4.66133123850633e-06
"2145","TUT1",0.0181829641899133,-5.76560177980606,1.10319059740157e-08
"2146","TWNK",0.00757998086427558,-3.43582900625741,0.000614042436072247
"2147","TXN",0.0100471482182428,-4.25197383067622,2.32707235954079e-05
"2148","TXNL4A",0.0103730396887539,-4.38488252860655,1.27717250339627e-05
"2149","TXNL4B",0.00432861089452063,-1.81903527203479,0.0692017194732194
"2150","TXNRD1",0.00526991234791818,-2.04623872331817,0.0410152119262347
"2151","TYMS",0.00549420431434622,-1.44483711481999,0.148827977544943
"2152","U2AF1",0.002560309387035,-1.09749910986921,0.272715336364422
"2153","U2AF2",0.0148830426019004,-5.76700484964586,1.09354545471504e-08
"2154","U2SURP",0.0145362498314598,-6.95726487345016,6.82518577999065e-12
"2155","UAP1",0.0040708061045216,-1.97903614095159,0.0480912851490518
"2156","UBA1",0.00366344805134078,-1.67737398252867,0.0938323354829313
"2157","UBA2",0.0107760027775985,-4.40132731410642,1.21368271176112e-05
"2158","UBA3",0.0065666341230719,-2.51379622373412,0.0121191793927843
"2159","UBA5",0.0173172274976812,-5.38103824280793,9.46156958485206e-08
"2160","UBA6",0.014529715571479,-3.62273754618317,0.000308013621023916
"2161","UBAP1",0.00612467556283391,-2.62678156260485,0.00876273419166249
"2162","UBAP2L",0.00902767432021878,-2.62616035676906,0.0087736195359663
"2163","UBE2A",0.000675946448659093,-0.164205254361497,0.869603747983602
"2164","UBE2C",0.00691297060857943,-2.07905892844157,0.0378922435804467
"2165","UBE2D3",0.00525022633985284,-2.08705923823388,0.0371329906186809
"2166","UBE2F",0.0134652746925598,-3.75759478907904,0.000181868529742297
"2167","UBE2G2",0.011104178449138,-2.77593906371013,0.00561594970189402
"2168","UBE2H",0.0220013351050762,-6.58544474590114,7.2788305563353e-11
"2169","UBE2I",0.00741741242932753,-3.8203149486092,0.000141689108045587
"2170","UBE2J2",0.00653452214578076,-3.14850369821436,0.00168910726353769
"2171","UBE2K",0.00330608806104438,-1.05508987360353,0.29163577678496
"2172","UBE2L3",0.0125821075954481,-5.20933388230468,2.34008255479291e-07
"2173","UBE2M",0.0161006350773515,-6.58813376773559,8.00265103706989e-11
"2174","UBE2N",0.0149921162902006,-6.16801737413405,1.02774011747443e-09
"2175","UBE2Q1",0.00920182784978318,-3.49466562701645,0.000496208753821756
"2176","UBE2S",0.012401045947903,-4.29528419745002,1.91626865740856e-05
"2177","UBE3D",0.00595651465177938,-1.89338903337945,0.0586029337651007
"2178","UBE4B",0.00833594924102732,-2.58568590027821,0.00986325734047709
"2179","UBIAD1",0.0139042779784757,-4.47868749879409,8.40179895770713e-06
"2180","UBL5",0.00921505087697855,-3.04207124841879,0.0024156222274952
"2181","UBR4",0.0104504298611504,-3.65306099017723,0.000271986915047554
"2182","UBR5",0.00691020697373723,-2.02201666212965,0.0434444030574634
"2183","UBTF",0.0151496257716252,-7.401346658592,3.25240235487138e-13
"2184","UBXN4",0.00646740635285814,-2.13323855535386,0.0331547052253088
"2185","UCHL5",0.00268605186598947,-0.847548693631984,0.396887736405143
"2186","UFD1",0.0165307992035991,-6.59260109599122,7.5049597149723e-11
"2187","UFL1",0.0109903615722603,-3.82116575005108,0.000141197699178806
"2188","UFM1",0.0120465541584586,-3.18061512469899,0.00151618470562821
"2189","UFSP2",0.010575702243699,-3.62862348970349,0.000299795311410492
"2190","UGCG",0.0136275297751537,-4.85261183358771,1.4299501995531e-06
"2191","UGP2",0.0185550465569362,-7.87043171721209,1.0658407618522e-14
"2192","UMPS",-0.000513278128213446,0.161600181533684,0.87165482233744
"2193","UNC50",0.00630244813128844,-2.66656587821346,0.00778942011551281
"2194","UPF1",0.00437842327981652,-1.95035160621902,0.0514025249880588
"2195","UPF2",0.00943196167698357,-4.60537344982219,4.68302912331602e-06
"2196","UQCR10",0.00467977257157981,-1.67898069898447,0.0935001313300104
"2197","UQCRB",0.00621531060540381,-3.24467364040525,0.00121658328828997
"2198","UQCRC1",0.0108433903729459,-4.8323266352687,1.58442779514616e-06
"2199","UQCRC2",0.0129488799013006,-5.55877940540162,3.63702883436463e-08
"2200","UQCRFS1",0.0085849661440669,-4.16111721353252,3.44036012653096e-05
"2201","URB1",0.0143619121227694,-5.99381050610534,2.86744495475614e-09
"2202","URB2",0.00526854994157677,-1.93139561092051,0.0537307079644942
"2203","URI1",0.0203225390789897,-4.75176694780945,2.39456213119196e-06
"2204","URM1",0.00759637325483919,-2.84871489271408,0.00447909601552876
"2205","UROD",0.00386476386165446,-1.76653121696702,0.0776177155262255
"2206","UROS",0.00606722301524842,-1.75304941838086,0.079944895724894
"2207","USE1",0.00318114127238123,-1.10949327661816,0.267483529183614
"2208","USP1",0.00609871220669933,-2.00715338629202,0.0450066996147243
"2209","USP10",0.0119021621546779,-3.87996919524233,0.000112382954017136
"2210","USP14",0.00500202401895344,-1.52027952778124,0.12876727287612
"2211","USP17L10",0.0110604208479433,-3.50784297121264,0.00047221613879587
"2212","USP18",0.00858109991566691,-2.74073873935697,0.00624071868845533
"2213","USP36",0.00942209451280374,-3.70230714787013,0.000226516471401059
"2214","USP37",0.0117918416611049,-6.86747748308109,1.1777711163128e-11
"2215","USP39",0.0126643461271803,-4.68805762425154,3.16455549147485e-06
"2216","USP5",0.0140146488820698,-6.09724397838466,1.53630335751009e-09
"2217","USP7",0.0107650839254714,-3.79435336227519,0.000157681732836297
"2218","USP8",0.00703049565349323,-2.92662865147376,0.0035070180857426
"2219","USP9X",0.0111583768611251,-4.19978496768052,2.93565854829283e-05
"2220","USPL1",0.0146267167459925,-4.48533034765711,8.11561558567289e-06
"2221","UTP11",0.0106401254299324,-4.161648606723,3.44652895926577e-05
"2222","UTP15",0.0153876961069412,-6.92492219433632,8.09860386757849e-12
"2223","UTP18",0.0109401642200322,-5.45381693791802,6.30097278481768e-08
"2224","UTP20",0.0118098603561095,-4.06715378881575,5.15513820840616e-05
"2225","UTP23",0.00923256733246802,-4.16726740060556,3.35709375797025e-05
"2226","UTP3",0.00892012164119371,-2.83579629114836,0.0046674890375887
"2227","UTP4",0.0099466432294586,-4.37708787854551,1.34059814286551e-05
"2228","UXS1",0.0120149355914154,-5.73046477409394,1.34080108036315e-08
"2229","UXT",0.00823520481573248,-3.2535700867498,0.00117840098943039
"2230","VARS1",0.0116591391933663,-4.64855352399976,3.84421884979935e-06
"2231","VARS2",0.00599757223182784,-1.61969569833101,0.105628161779234
"2232","VBP1",0.00572552979985386,-1.65124778333258,0.0990086659685797
"2233","VCL",0.0057035842515627,-1.95832789118491,0.0504861064988449
"2234","VCP",0.0180765902139328,-3.6939715166862,0.000233053291692975
"2235","VCPIP1",0.00953347994162712,-4.33142454584149,1.63952648324341e-05
"2236","VDAC1",0.0128503424602783,-6.08615688467577,1.7135410623286e-09
"2237","VHL",0.00480050700831736,-1.84601800209915,0.0651775729874619
"2238","VIRMA",0.0128597510988002,-4.81663678879719,1.70753615182141e-06
"2239","VMA21",0.00570060256973992,-1.95262857212578,0.0511514660484351
"2240","VMP1",0.0125160565278758,-5.2651029646576,1.74773322613568e-07
"2241","VPS13D",0.0125025640932301,-4.42000764608192,1.10234185980906e-05
"2242","VPS16",0.00542949177437246,-1.5875640423181,0.112707292223173
"2243","VPS18",0.0141470462259552,-4.26567904902124,2.20162195088117e-05
"2244","VPS25",0.00807750547696345,-2.3514210569172,0.0189125552397356
"2245","VPS28",0.00946502604161203,-4.01006024356327,6.51077512270614e-05
"2246","VPS29",0.017553128421842,-5.91137987642889,4.91222448097237e-09
"2247","VPS33A",0.0121959047945609,-3.36286730044066,0.000803597576240995
"2248","VPS35",0.0102698211554088,-3.45998260406425,0.000565340803136848
"2249","VPS36",0.0154594979653191,-4.97375453553873,7.84198540793274e-07
"2250","VPS37A",0.00845681540707233,-2.46989377587045,0.0136855605656204
"2251","VPS41",0.0100208695104093,-4.58299770132983,5.21929739569488e-06
"2252","VPS45",0.00635890010731932,-2.76894945302754,0.00572896743465612
"2253","VPS4A",0.0130094499029388,-3.04173637435618,0.00241664250930108
"2254","VPS4B",0.00949233292320295,-3.64821559146801,0.000278913524130232
"2255","VPS51",0.00347035619863401,-1.11746880131388,0.264074806354817
"2256","VPS52",0.00723349383067851,-2.35378252958497,0.0187834742217276
"2257","VPS53",0.0131801419845246,-5.01253032976584,6.47430898467194e-07
"2258","VPS54",0.0164089358343331,-5.05024192436434,5.3184268102757e-07
"2259","VRK1",0.0117249502189989,-4.15335051983206,3.5571038930445e-05
"2260","WAC",0.0150799440887186,-7.57207875562108,9.2177982271269e-14
"2261","WARS1",0.00837962979027629,-2.5975342442038,0.00953225138302548
"2262","WARS2",0.00857104779292273,-2.69122781499017,0.00724773214109023
"2263","WASHC2C",0.0168807679470209,-6.0929739027953,1.64366338635878e-09
"2264","WASHC3",0.0139181353481702,-5.22541412260412,2.1263827248853e-07
"2265","WBP11",0.0179267613045921,-5.85959654744391,6.24976854866627e-09
"2266","WDHD1",0.0168841286284152,-6.72949652671834,3.09836753950226e-11
"2267","WDR1",-0.000414909767693317,0.153629611894249,0.877934732921146
"2268","WDR12",0.00941912239681419,-4.80696289373728,1.79042746387139e-06
"2269","WDR18",0.00677409047890409,-2.88554181025947,0.00399818282862776
"2270","WDR24",0.000803777804945116,-0.271485069038436,0.786079489184411
"2271","WDR26",0.0154196727950651,-6.19508984540142,8.7136820184051e-10
"2272","WDR3",0.00521420385363947,-2.55924871636345,0.0106366501971607
"2273","WDR33",0.00832121197930735,-4.1113754177283,4.2936391808853e-05
"2274","WDR36",0.000842631890538459,-0.305203324914806,0.760281003948217
"2275","WDR4",0.00139947977974086,-0.463259102432238,0.643282757589038
"2276","WDR43",0.0113549412964009,-5.35619745757327,1.08689231681465e-07
"2277","WDR46",0.00729935955025707,-3.44970156855304,0.000586340378016719
"2278","WDR48",0.00807874863776592,-2.16913984034396,0.0303148518775222
"2279","WDR5",0.00992237889802405,-3.93188336453142,9.03115114772314e-05
"2280","WDR55",0.0118625803823218,-3.92011923223997,9.5331760649411e-05
"2281","WDR7",0.00870011745387633,-4.26021977446984,2.24600482566814e-05
"2282","WDR73",0.0128800624367124,-3.85414944035021,0.00012391549162705
"2283","WDR74",0.00934794313380882,-3.93171813306398,9.07223002641233e-05
"2284","WDR75",0.0122592905356639,-5.48428693691212,5.42306734732382e-08
"2285","WDR77",0.00619418553649564,-2.40317792723512,0.0164451630427303
"2286","WDR82",3.12679266307736e-05,-0.0115839197565794,0.990760073371662
"2287","WDR83",0.0113420766630961,-4.17080450171067,3.32195206026063e-05
"2288","WEE1",0.018477208452465,-4.99864975706933,6.84428919252573e-07
"2289","WNK1",-0.00918371723878408,2.30906486796218,0.0211695716194451
"2290","WRN",0.00760160858156056,-2.33145288487559,0.01993485576013
"2291","WTAP",0.0132775929124911,-4.87719439276504,1.26194601394925e-06
"2292","WWTR1",0.0150681971210304,-4.13430457010083,3.87780481356654e-05
"2293","XAB2",0.00995357577926204,-4.14471764079884,3.71044325714222e-05
"2294","XPO1",0.0062049161803609,-3.16795419346274,0.00158432696560331
"2295","XPO5",0.0136889587696088,-3.91429849711308,9.75620692736731e-05
"2296","XPOT",0.00543693174309401,-1.29407174674607,0.195944902141391
"2297","XPR1",0.00882666319364345,-2.62839317597839,0.00871599993734098
"2298","XRCC2",0.00584095668457008,-1.91492059874746,0.0557970169839417
"2299","XRCC3",0.0102773177498739,-4.92481169944636,9.92195299179102e-07
"2300","XRCC5",0.0108053811051517,-4.64328026473341,3.92943599225765e-06
"2301","XRCC6",0.00370838977890919,-1.48405946584933,0.138103761300188
"2302","XRN1",0.00397828800163824,-1.63561661975466,0.102256923695719
"2303","XRN2",0.00430176542796656,-1.41783612256777,0.156570016658995
"2304","XYLT2",0.0144158673761217,-4.38498067064312,1.29481367363897e-05
"2305","YAP1",0.0116267305426454,-3.72664139689884,0.000205161889153858
"2306","YARS1",0.00993920287493699,-4.66023540035226,3.57951064976316e-06
"2307","YARS2",-0.00620517712186208,2.86415674454876,0.00427219467538792
"2308","YBX1",0.00971363061059582,-2.82622544221913,0.00480902828716631
"2309","YEATS2",0.0108336189595977,-3.92674284693203,9.20679983151345e-05
"2310","YEATS4",0.0119728298065077,-3.93189866288199,9.03474690424418e-05
"2311","YJU2",0.00684552402717009,-2.01582678804356,0.0440873588677374
"2312","YJU2B",0.00366771096514273,-0.922072302311291,0.356725333847507
"2313","YKT6",0.00747203517995765,-2.70337133831042,0.00699192098182257
"2314","YME1L1",0.010826303991985,-3.87691199039237,0.000113237299588108
"2315","YRDC",-0.00381807320982452,0.960386697212467,0.3370923546868
"2316","YTHDF2",0.00186271541284411,-0.566454671281661,0.571209013718692
"2317","YWHAE",0.00664507450166352,-1.87999525250549,0.0603947565684379
"2318","YY1",0.00951395026784452,-4.51765023020821,7.06141264649051e-06
"2319","ZBTB7A",0.00711410080721342,-2.33318917874701,0.0198374071358641
"2320","ZBTB8OS",0.00999219178281574,-3.61474933971942,0.000317248679750159
"2321","ZC3H10",0.0143007979346709,-5.44285416588316,6.57386206560158e-08
"2322","ZC3H13",0.0127366997795141,-4.74008430651563,2.46517681248549e-06
"2323","ZC3H18",0.0183658750420153,-6.250615959477,6.35352583419197e-10
"2324","ZC3H8",0.0077054029300333,-3.40406145002901,0.000692065862294846
"2325","ZCRB1",0.00502548690324123,-1.44573592075468,0.148580795449436
"2326","ZEB1",0.014497586591113,-3.2544685596223,0.00117619914017501
"2327","ZEB2",0.012170904795796,-5.34351489842022,1.14583548196339e-07
"2328","ZFC3H1",0.0133235751773364,-5.09914703872457,4.15360003776768e-07
"2329","ZFP36L1",0.00787928220178435,-2.09157748189838,0.0367490250427601
"2330","ZFP36L2",0.0082437520815607,-2.15649376641859,0.0313022690266645
"2331","ZFX",0.00864370035810058,-3.26318117618581,0.00114431502372779
"2332","ZMAT2",0.0186523606320194,-7.07207142695902,3.04803447836727e-12
"2333","ZMAT5",0.00993595109764089,-3.13237124657365,0.00178746249193735
"2334","ZMYND8",0.00399655022187217,-1.56145393411538,0.11875805321124
"2335","ZNF131",0.0149313506775632,-5.87030801908063,6.22293128376228e-09
"2336","ZNF207",-0.000722955674110293,0.227687124244931,0.81994079519771
"2337","ZNF217",0.00248091096370595,-1.00653478219924,0.314406563744719
"2338","ZNF236",0.0121233210068051,-4.36766154842623,1.39226259605793e-05
"2339","ZNF407",0.00914954195301942,-4.96867169679971,8.03040655067778e-07
"2340","ZNF574",0.00607689148228152,-2.44656266139978,0.0145998303246491
"2341","ZNF622",0.00695395917889918,-2.26474476091262,0.0237436358269835
"2342","ZNF830",0.0213779046542746,-6.66146975123854,4.73649940397935e-11
"2343","ZNHIT1",0.00694498234393592,-1.98012505322106,0.0480001137004743
"2344","ZNHIT3",0.00939662640616501,-3.59082483616319,0.000344965680526229
"2345","ZNHIT6",0.00819155825065532,-2.89126350220017,0.00392270195201121
"2346","ZPR1",0.00981544803392476,-4.16259778706274,3.44399333279474e-05
"2347","ZRANB2",0.0112474774997731,-2.99819595399682,0.00278798903476724
"2348","ZRSR2",0.00805205746794035,-2.42376644763417,0.0155429429627362
"2349","ZW10",0.007528624689636,-2.4227917602992,0.015597939005664
"2350","ZWINT",0.0051719020138119,-2.27145697794318,0.0233357715987703
