"","V1","project","genes","diff_","t_","p_"
"1",7051,"TCGA-COAD","AAMP",-0.00875648505185178,0.952251934413348,0.34540815338245
"2",7052,"TCGA-COAD","AARS1",-0.0152365890962963,1.29710634653695,0.201151454184998
"3",7053,"TCGA-COAD","AARS2",-0.0109706904888889,0.671423288748319,0.505158588910294
"4",7054,"TCGA-COAD","AASDHPPT",-0.0189426850962963,1.17190207813816,0.247127466463455
"5",7055,"TCGA-COAD","AATF",-0.0163488295481482,1.31528690838884,0.194986680296192
"6",7056,"TCGA-COAD","ABCB7",-0.00251588212592591,0.339674962806466,0.735681534591025
"7",7057,"TCGA-COAD","ABCE1",-0.00126624060740743,0.104621520566096,0.917177676805735
"8",7058,"TCGA-COAD","ABCF1",0.00103150586666667,-0.11095741661672,0.912136218237028
"9",7059,"TCGA-COAD","ABT1",-0.00951124222962962,0.779028950930121,0.439730695282801
"10",7060,"TCGA-COAD","ACACA",0.0155700946370371,-1.14292391746813,0.257425137296622
"11",7061,"TCGA-COAD","ACIN1",-0.00428164980740742,0.309949165254961,0.758001038109641
"12",7062,"TCGA-COAD","ACLY",-0.0180650926814815,1.53742852082191,0.130109257420046
"13",7063,"TCGA-COAD","ACO2",-0.0249786289481481,2.63238159655049,0.0111321679555001
"14",7064,"TCGA-COAD","ACSL3",-0.000265713162962977,0.0176355314512347,0.985999172725512
"15",7065,"TCGA-COAD","ACSL4",-0.00284023515555554,0.219919661550689,0.826997746778809
"16",7066,"TCGA-COAD","ACTB",-0.0252956670888889,1.31294593281223,0.195495611478277
"17",7067,"TCGA-COAD","ACTG1",-0.0222901938962963,1.50226234362614,0.139553325437564
"18",7068,"TCGA-COAD","ACTL6A",0.00286645259259266,-0.261698176423943,0.794795433254553
"19",7069,"TCGA-COAD","ACTR10",-0.0157752936814816,1.33484303630598,0.188946879763215
"20",7070,"TCGA-COAD","ACTR1A",-0.0248373365629629,1.95344491364979,0.0547200000704337
"21",7071,"TCGA-COAD","ACTR2",-0.0157175451555556,1.16009708530489,0.253266541448113
"22",7072,"TCGA-COAD","ACTR3",-0.00958354837777775,0.751227074495625,0.456136366306754
"23",7073,"TCGA-COAD","ACTR5",-0.00299231487407403,0.170790184100531,0.865030525006865
"24",7074,"TCGA-COAD","ACTR6",-0.00625592918518514,0.52039548168902,0.604972547687751
"25",7075,"TCGA-COAD","ACTR8",-0.00668966602962973,0.419520085852664,0.676634535138296
"26",7076,"TCGA-COAD","ADAR",-0.0104695549555556,0.545713916645946,0.588180355746829
"27",7077,"TCGA-COAD","ADAT2",-0.0262063780222223,1.45662068518009,0.150961973260918
"28",7078,"TCGA-COAD","ADAT3",-0.0233507677851852,1.8711736700608,0.0651377574609671
"29",7079,"TCGA-COAD","ADNP",0.00283882505185185,-0.217355436254922,0.829006240268736
"30",7080,"TCGA-COAD","ADRM1",-0.0139048280814814,1.01343901546296,0.31531822188542
"31",7081,"TCGA-COAD","ADSL",-0.0105563405185185,0.685659194962066,0.495981450518212
"32",7082,"TCGA-COAD","ADSS2",0.00241459333333327,-0.178039776556849,0.859395778369678
"33",7083,"TCGA-COAD","AFG3L2",-0.00352472951851845,0.331619955619854,0.741594199830075
"34",7084,"TCGA-COAD","AHCTF1",-0.00222992715555548,0.275395336577637,0.784281563342901
"35",7085,"TCGA-COAD","AHCY",-0.00868494708888889,0.874155722986971,0.386770865082542
"36",7086,"TCGA-COAD","AHCYL1",-0.00305481985185185,0.152471764338258,0.879552543779925
"37",7087,"TCGA-COAD","AHR",-0.00952877641481475,0.955877873499717,0.343818051125985
"38",7088,"TCGA-COAD","AIFM1",-0.0209285149777777,1.39276176435755,0.169370224946176
"39",7089,"TCGA-COAD","AK2",-0.0175349298148149,0.748620639361558,0.458162905834104
"40",7090,"TCGA-COAD","AK6",0.029487576362963,-1.25832803885036,0.217932935875308
"41",7091,"TCGA-COAD","AKIRIN2",0.00211799460740747,-0.218961831778789,0.827743605019502
"42",7092,"TCGA-COAD","ALDH18A1",-0.0102868043925927,0.724894867365153,0.471878522088711
"43",7093,"TCGA-COAD","ALDOA",-0.0410598677037037,1.98334790239111,0.0523675886881014
"44",7094,"TCGA-COAD","ALG1",-0.0101152959555555,0.870138446930202,0.38918165347087
"45",7095,"TCGA-COAD","ALG11",-0.00479518352592601,0.41135055207388,0.682632573182828
"46",7096,"TCGA-COAD","ALG12",-0.010584756925926,0.846236802714777,0.401411977088379
"47",7097,"TCGA-COAD","ALG13",-0.0169920595851851,1.66775506125791,0.101399084695208
"48",7098,"TCGA-COAD","ALG14",-0.0106991392222222,0.846207963106576,0.40176922345003
"49",7099,"TCGA-COAD","ALG2",-0.012351885925926,1.11108346803899,0.272208279148613
"50",7100,"TCGA-COAD","ALG8",-0.0150211268592593,1.02832015549552,0.308610415767909
"51",7101,"TCGA-COAD","ALYREF",-0.0169200926,2.32265212202101,0.0240827522078393
"52",7102,"TCGA-COAD","AMBRA1",-0.00701798626666661,0.473664376706571,0.637709540704144
"53",7103,"TCGA-COAD","AMD1",-0.0242360980962963,2.10709631499823,0.0407351260207287
"54",7104,"TCGA-COAD","ANAPC1",-0.00620874122962956,0.728119846186937,0.47095749232333
"55",7105,"TCGA-COAD","ANAPC10",-0.00286764497037029,0.192589692344202,0.848090458537705
"56",7106,"TCGA-COAD","ANAPC11",-0.0143734511481481,1.51352232310332,0.13673113910416
"57",7107,"TCGA-COAD","ANAPC13",-0.00784558423703707,0.432750554669812,0.667032990620156
"58",7108,"TCGA-COAD","ANAPC15",-0.0233178082814814,1.28019555261509,0.205680191746412
"59",7109,"TCGA-COAD","ANAPC2",-0.0272230725851852,2.54582101319159,0.0132868472573366
"60",7110,"TCGA-COAD","ANAPC4",-0.0015171000592592,0.17783775345271,0.859545373935047
"61",7111,"TCGA-COAD","ANAPC5",-0.0171583391111111,1.35815297169727,0.181906762803832
"62",7112,"TCGA-COAD","ANKLE2",-0.00459493008888889,0.3123193018362,0.756322765809197
"63",7113,"TCGA-COAD","ANKRD11",-0.00669021048888885,0.623038354992651,0.535443519483019
"64",7114,"TCGA-COAD","ANKRD17",-0.0126150190592593,1.03093676739881,0.30777128757511
"65",7115,"TCGA-COAD","ANKRD49",-0.0145095183333334,1.2205070233602,0.227460788904385
"66",7116,"TCGA-COAD","ANLN",-0.00723578346666665,0.322779981044304,0.748405291981457
"67",7117,"TCGA-COAD","AP1G1",-0.0069896260222222,0.901742393118974,0.370814346045287
"68",7118,"TCGA-COAD","AP2M1",-0.0144382412666666,0.89263021146371,0.376321882846296
"69",7119,"TCGA-COAD","AP2S1",-0.0232173780148148,1.47469786350909,0.145530716278306
"70",7120,"TCGA-COAD","APC",-0.00569180702962968,0.610898921663618,0.543917021226819
"71",7121,"TCGA-COAD","APEX2",-0.0136542152,1.42304808829906,0.159956166867591
"72",7122,"TCGA-COAD","AQP7",-0.00804097143703697,0.732653453209021,0.467229253320427
"73",7123,"TCGA-COAD","AQR",-0.0105285657777778,1.44767714612554,0.153435398090022
"74",7124,"TCGA-COAD","ARCN1",-0.0129266165407407,1.15915229977981,0.253789513441513
"75",7125,"TCGA-COAD","ARF1",-0.00962842093333338,0.574385385879526,0.568277364421585
"76",7126,"TCGA-COAD","ARF4",-0.0109934346074073,0.600814239621541,0.550327206158124
"77",7127,"TCGA-COAD","ARF6",-0.00570027666666673,0.455170101195091,0.650986037809503
"78",7128,"TCGA-COAD","ARFRP1",0.0110177080592593,-0.73761763692254,0.465046015326804
"79",7129,"TCGA-COAD","ARHGAP29",-0.00565637255555562,0.43463478886225,0.665376174931382
"80",7130,"TCGA-COAD","ARHGEF7",-0.0161218511703703,1.34890266656448,0.18328539246095
"81",7131,"TCGA-COAD","ARID1A",-0.0151775163185185,1.07721152153831,0.285904060643271
"82",7132,"TCGA-COAD","ARID2",-0.00878201890370378,0.74690903098092,0.458201982088791
"83",7133,"TCGA-COAD","ARID4B",-0.00115874743703703,0.095897362267089,0.923960417775327
"84",7134,"TCGA-COAD","ARIH1",-0.0202169104074074,1.46049355328722,0.150735678398304
"85",7135,"TCGA-COAD","ARIH2",-0.00521742418518523,0.246183037288824,0.80644322714298
"86",7136,"TCGA-COAD","ARL2",2.08557037029156e-06,-0.000170068026305232,0.999865087046077
"87",7137,"TCGA-COAD","ARMC5",-0.00741737864444436,0.481907305538014,0.631726044357031
"88",7138,"TCGA-COAD","ARNT",-0.0107921649111111,0.958705366754424,0.342176281890295
"89",7139,"TCGA-COAD","ARPC3",-0.0105713055925926,0.594963037238444,0.554636683243049
"90",7140,"TCGA-COAD","ARPC4",-0.0124869788074075,0.846512376698036,0.401516508988757
"91",7141,"TCGA-COAD","ASCC3",-0.0167537124592593,1.07763008665906,0.285370225977154
"92",7142,"TCGA-COAD","ASCL1",-0.00818309587407406,0.708679597901588,0.481979984462641
"93",7143,"TCGA-COAD","ASNS",-0.00456072156296294,0.312236309479258,0.756288144749204
"94",7144,"TCGA-COAD","ASPM",-0.00250400184444444,0.107256603943222,0.915060381152923
"95",7145,"TCGA-COAD","ATF4",-0.00895315977037037,0.932295016606418,0.355405979224461
"96",7146,"TCGA-COAD","ATG9A",-0.0240526598814815,1.55333177191161,0.126414904679437
"97",7147,"TCGA-COAD","ATIC",-0.00291936064444442,0.164830203295196,0.869664462527572
"98",7148,"TCGA-COAD","ATL2",0.00643452053333338,-0.661494791694193,0.511988066351847
"99",7149,"TCGA-COAD","ATMIN",-0.0118651673851852,0.961728326439539,0.340023174651746
"100",7150,"TCGA-COAD","ATP1A1",-0.00743784181481488,0.58518332052729,0.560679560589382
"101",7151,"TCGA-COAD","ATP1B3",-0.00872528393333327,0.583564182313702,0.562255725612912
"102",7152,"TCGA-COAD","ATP2A2",-0.000164252881481475,0.0107762942147709,0.991431862626415
"103",7153,"TCGA-COAD","ATP2B1",0.0058382997481482,-0.39325387802134,0.695889687396635
"104",7154,"TCGA-COAD","ATP2C1",-0.0168333788592593,1.30739711538875,0.195992721182398
"105",7155,"TCGA-COAD","ATP5F1A",-0.00184807211851856,0.169787890327811,0.865799792567817
"106",7156,"TCGA-COAD","ATP5F1B",-0.0170628716666666,1.99001074974243,0.05142272627671
"107",7157,"TCGA-COAD","ATP5F1C",-0.0263872307111112,2.56547084526527,0.0126752429056844
"108",7158,"TCGA-COAD","ATP5F1D",-0.00557592042962962,0.49385440713052,0.623683734271812
"109",7159,"TCGA-COAD","ATP5F1E",-0.0137319147111111,1.64573382799327,0.105155961296802
"110",7160,"TCGA-COAD","ATP5ME",-0.00663388506666662,0.549873444842375,0.58462407554613
"111",7161,"TCGA-COAD","ATP5MF",-0.00508061120740733,0.55412354848124,0.581561981179614
"112",7162,"TCGA-COAD","ATP5MG",-0.00598599416296297,0.532479156080757,0.59650319123102
"113",7163,"TCGA-COAD","ATP5PB",-0.0132427364444445,1.1402531760838,0.259864015952733
"114",7164,"TCGA-COAD","ATP5PO",-0.0112449818740741,0.964171826484021,0.339527259627386
"115",7165,"TCGA-COAD","ATP6AP1",-0.0016993614518519,0.133781942203585,0.894131182684807
"116",7166,"TCGA-COAD","ATP6AP2",-0.0102283601777778,0.987219946603758,0.327574821129815
"117",7167,"TCGA-COAD","ATP6V0B",-0.00964058671851853,0.907505237168858,0.368396710615648
"118",7168,"TCGA-COAD","ATP6V0C",-0.00790821214074072,0.608577097931092,0.545948169431246
"119",7169,"TCGA-COAD","ATP6V0D1",-0.0038294705555556,0.309451646464161,0.758490270810655
"120",7170,"TCGA-COAD","ATP6V0E1",-0.0244169657481482,1.24329795512418,0.219547526988347
"121",7171,"TCGA-COAD","ATP6V1A",0.00257044367407411,-0.25598804871075,0.799240751898328
"122",7172,"TCGA-COAD","ATP6V1B2",0.00259814761481481,-0.311178882775385,0.757116796948933
"123",7173,"TCGA-COAD","ATP6V1C1",0.00165058173333332,-0.143374626826636,0.886620114934135
"124",7174,"TCGA-COAD","ATP6V1D",0.00269973747407404,-0.233315603833466,0.816447675943934
"125",7175,"TCGA-COAD","ATP6V1E1",0.00390125880000003,-0.343092558910968,0.733159291864741
"126",7176,"TCGA-COAD","ATP6V1F",0.000571789451851878,-0.0490734720107246,0.961061786987012
"127",7177,"TCGA-COAD","ATP6V1G1",-0.00578165333333336,0.647381523638703,0.519959506154615
"128",7178,"TCGA-COAD","ATP6V1H",0.00672220080740749,-0.551867805971289,0.583870715839013
"129",7179,"TCGA-COAD","ATR",-0.00360843544444445,0.438516726032862,0.662880699153458
"130",7180,"TCGA-COAD","ATRIP",-0.000613969014814808,0.0578591756155117,0.95412072954764
"131",7181,"TCGA-COAD","ATXN7L3",0.000106821503703669,-0.00763267141362786,0.993935860129865
"132",7182,"TCGA-COAD","AURKA",-0.0175974423259259,1.65951577433102,0.101484534165301
"133",7183,"TCGA-COAD","AURKB",-0.0135280431111112,1.40390744916832,0.166321359604279
"134",7184,"TCGA-COAD","BANF1",-0.0128338681185185,1.93916210601077,0.057373205671314
"135",7185,"TCGA-COAD","BANP",-0.00925587787407411,1.07944951627941,0.285418454045498
"136",7186,"TCGA-COAD","BAP1",-0.0176358807481481,1.03708221437808,0.304278804038436
"137",7187,"TCGA-COAD","BARD1",0.000501980429629678,-0.0385758573044533,0.969390583021942
"138",7188,"TCGA-COAD","BCAR1",-0.0133466845259259,1.44655907362463,0.154395548149193
"139",7189,"TCGA-COAD","BCAS2",-0.0164615273629629,1.87996706875676,0.0657880908824269
"140",7190,"TCGA-COAD","BCL2L1",-0.00181264661481473,0.181306689608365,0.856749024333383
"141",7191,"TCGA-COAD","BCL6",-0.00716089468888892,0.606351538853457,0.546847841032205
"142",7192,"TCGA-COAD","BCL9",-0.0153489410444444,1.07777399747396,0.287132164863202
"143",7193,"TCGA-COAD","BCLAF1",-0.00332821995555554,0.289310553916896,0.773782754243499
"144",7194,"TCGA-COAD","BCS1L",-0.00407430017777777,0.322310495754441,0.748720125334811
"145",7195,"TCGA-COAD","BDP1",-0.00926473419259255,0.935157714138877,0.353742891616247
"146",7196,"TCGA-COAD","BET1",-0.0191402309037038,1.16507959990922,0.248546429679189
"147",7197,"TCGA-COAD","BIRC2",-0.0096662697333334,0.6670405842268,0.508038177314513
"148",7198,"TCGA-COAD","BIRC5",-0.0156192307481481,1.45262163174487,0.154373657512964
"149",7199,"TCGA-COAD","BIRC6",-0.000368507888888869,0.0330669084883854,0.973761591269447
"150",7200,"TCGA-COAD","BMPR1A",-0.0214382049037037,1.94385116071851,0.0565685183139859
"151",7201,"TCGA-COAD","BMS1",-0.00628147653333333,0.719518264754865,0.474788292171181
"152",7202,"TCGA-COAD","BNIP1",-0.0230888692666666,1.54776155050372,0.125877167894952
"153",7203,"TCGA-COAD","BOP1",-0.0147825450296296,1.15654096039133,0.255825124405034
"154",7204,"TCGA-COAD","BORA",-0.00413593535555556,0.319309906175954,0.750820029331551
"155",7205,"TCGA-COAD","BPTF",-0.00331568095555557,0.329461656235247,0.743190040326938
"156",7206,"TCGA-COAD","BRAF",-0.00758075390370372,0.569259364769838,0.571630903551774
"157",7207,"TCGA-COAD","BRAP",-0.00821721495555561,0.960146896708623,0.341070668517529
"158",7208,"TCGA-COAD","BRAT1",-0.0146545008814815,1.56821163800236,0.122954071439424
"159",7209,"TCGA-COAD","BRCA1",-0.00991653814074067,0.62038767015339,0.53780700146933
"160",7210,"TCGA-COAD","BRCA2",-0.0156582743185185,1.07307472433812,0.288144319522197
"161",7211,"TCGA-COAD","BRD2",-0.0110671006740741,0.861443578118807,0.393069927627172
"162",7212,"TCGA-COAD","BRD4",-0.00331153326666667,0.43767823289616,0.663392602697575
"163",7213,"TCGA-COAD","BRF1",-0.0313842228740741,2.525474564328,0.0152048848229834
"164",7214,"TCGA-COAD","BRF2",-0.00957734359259266,1.30915998577171,0.196018298048563
"165",7215,"TCGA-COAD","BRIP1",-0.0120900604148149,0.632059547405688,0.530241499942654
"166",7216,"TCGA-COAD","BRIX1",-0.0191174223185184,1.72558187357786,0.0897321755820795
"167",7217,"TCGA-COAD","BRK1",-0.0143577528814816,1.37036184154334,0.176741820712763
"168",7218,"TCGA-COAD","BRPF1",-0.0132844512296296,1.38699594524516,0.171232838443905
"169",7219,"TCGA-COAD","BTAF1",0.000498452540740768,-0.0250133966139272,0.980146428566448
"170",7220,"TCGA-COAD","BTF3",-0.0304521210148149,1.73744202470808,0.0876471189204343
"171",7221,"TCGA-COAD","BUB1B",-0.00236717374074069,0.131912907596107,0.895578982577256
"172",7222,"TCGA-COAD","BUB3",-0.009940615562963,1.15439420557575,0.254501922837354
"173",7223,"TCGA-COAD","BUD13",-0.00530505619259258,0.300339050244989,0.765055689366172
"174",7224,"TCGA-COAD","BUD23",-0.0104515167259259,0.753038579684344,0.456061781738612
"175",7225,"TCGA-COAD","BUD31",-0.00910642522222221,1.101824114371,0.275142774784324
"176",7226,"TCGA-COAD","BYSL",-0.00771865428148155,0.804283189464061,0.425158375689133
"177",7227,"TCGA-COAD","C1D",-0.0056067691777778,0.308188016280329,0.759385255670429
"178",7228,"TCGA-COAD","C1QBP",-0.00371976375555561,0.222075368413649,0.825122861452335
"179",7229,"TCGA-COAD","C3orf38",-0.021454198525926,1.25716411831211,0.213752639113629
"180",7230,"TCGA-COAD","CAB39",-0.00954481954814823,0.995839221650261,0.323503599949268
"181",7231,"TCGA-COAD","CACTIN",-0.0153770076148149,0.918635436628161,0.361879781559334
"182",7232,"TCGA-COAD","CAD",0.000698650785185162,-0.0416672831039253,0.966967127932297
"183",7233,"TCGA-COAD","CAMLG",-0.0288746581037037,2.27594640920184,0.0265603225630478
"184",7234,"TCGA-COAD","CAND1",-0.0145151201185185,1.14003991113211,0.260949551621152
"185",7235,"TCGA-COAD","CAP1",-0.00873563476296302,0.871000782143806,0.387675582078075
"186",7236,"TCGA-COAD","CAPRIN1",-0.0196820124148148,1.32158149564859,0.191211539027094
"187",7237,"TCGA-COAD","CAPZB",-0.0138214513185184,1.02454266176902,0.310298798079438
"188",7238,"TCGA-COAD","CARM1",-0.00355399108888887,0.301420431114407,0.764244767733881
"189",7239,"TCGA-COAD","CARS1",0.00366696309629633,-0.413821790814659,0.681154092422085
"190",7240,"TCGA-COAD","CARS2",-0.0253810675777778,1.65995034652397,0.103117182461196
"191",7241,"TCGA-COAD","CASC3",-0.0209199416296296,1.08227225591046,0.284287009392607
"192",7242,"TCGA-COAD","CBFB",-0.000472627237037004,0.022768596638907,0.981952568056228
"193",7243,"TCGA-COAD","CBLL1",-0.0135991174888889,2.03622154948448,0.0457338807960041
"194",7244,"TCGA-COAD","CCAR1",0.000163790340740766,-0.0100439274556455,0.992024522431184
"195",7245,"TCGA-COAD","CCDC115",0.00169912125185179,-0.120053911837395,0.904820560385929
"196",7246,"TCGA-COAD","CCDC22",-0.0197954739333333,1.20984346412954,0.232573593393833
"197",7247,"TCGA-COAD","CCDC51",-0.0300192858814815,1.78191210216258,0.0798583201724463
"198",7248,"TCGA-COAD","CCDC6",-0.00162101566666673,0.105122305556429,0.916772399611042
"199",7249,"TCGA-COAD","CCL4",-0.00946398165925932,1.1906638169153,0.238608323950519
"200",7250,"TCGA-COAD","CCNA2",-0.0241055511851852,1.62784160000637,0.11071920140079
"201",7251,"TCGA-COAD","CCNB1",-0.0234205972148148,1.21569028540505,0.230070453214998
"202",7252,"TCGA-COAD","CCNC",-0.0239116971777777,1.44320638866563,0.154046949490244
"203",7253,"TCGA-COAD","CCND1",-0.0156539026444444,0.913601472154832,0.366464831004434
"204",7254,"TCGA-COAD","CCND2",-0.00417664631111103,0.228710341587596,0.820380221522454
"205",7255,"TCGA-COAD","CCND3",-0.00708732341481477,0.578148387012292,0.565783992225018
"206",7256,"TCGA-COAD","CCNE1",-0.0160550649629629,1.01720174264025,0.314328731123139
"207",7257,"TCGA-COAD","CCNF",-0.0211193499629629,0.83418211652845,0.40844378408366
"208",7258,"TCGA-COAD","CCNH",-0.0127119406740741,1.50974403075257,0.136833247446402
"209",7259,"TCGA-COAD","CCNK",-0.00655308919259256,0.775011519538629,0.441858106828729
"210",7260,"TCGA-COAD","CCNL1",-0.00151824497037034,0.129999837208548,0.897256656686884
"211",7261,"TCGA-COAD","CCT2",-0.00938244073333327,0.649703118229941,0.518667580330066
"212",7262,"TCGA-COAD","CCT3",0.000748126977777763,-0.0808298326357567,0.935911308448526
"213",7263,"TCGA-COAD","CCT4",-0.00405923137777775,0.377345466578493,0.707590267072247
"214",7264,"TCGA-COAD","CCT5",-0.00402733835555558,0.286265786761182,0.775857353883614
"215",7265,"TCGA-COAD","CCT6A",-0.00773337849629629,0.759906147314893,0.450975127892201
"216",7266,"TCGA-COAD","CCT7",-0.0025650660444444,0.188212482417272,0.851481452024391
"217",7267,"TCGA-COAD","CCT8",-0.0093525664666666,0.782903724450378,0.437733938290944
"218",7268,"TCGA-COAD","CD2BP2",-0.0297371014148148,1.3286988148721,0.189786724013032
"219",7269,"TCGA-COAD","CDAN1",-0.0133779635555555,0.841765597026889,0.404774146951494
"220",7270,"TCGA-COAD","CDC123",0.00153723229629626,-0.159416180253606,0.873899439681003
"221",7271,"TCGA-COAD","CDC16",0.00502235806666668,-0.655673549446457,0.514626474956741
"222",7272,"TCGA-COAD","CDC20",-0.012473575925926,1.37016515257106,0.177743002638647
"223",7273,"TCGA-COAD","CDC23",-0.00128216645185186,0.120404173800959,0.904860139435892
"224",7274,"TCGA-COAD","CDC25B",-0.015985704874074,0.877363911062115,0.38479020162635
"225",7275,"TCGA-COAD","CDC26",-0.00732199125925925,0.483094337836197,0.630846925138347
"226",7276,"TCGA-COAD","CDC27",-0.00501664827407411,0.359093231207124,0.720940479825891
"227",7277,"TCGA-COAD","CDC37",0.00475328957037036,-0.432499899018483,0.667574193578371
"228",7278,"TCGA-COAD","CDC40",-0.00184800255555562,0.12027201733836,0.904725610208786
"229",7279,"TCGA-COAD","CDC42",-0.00173167712592592,0.197336102777974,0.844502827594317
"230",7280,"TCGA-COAD","CDC45",0.00464022931851849,-0.396111788240294,0.693831839828073
"231",7281,"TCGA-COAD","CDC5L",0.000724739540740704,-0.0914961607961639,0.927504333013023
"232",7282,"TCGA-COAD","CDC6",0.00682176302962956,-0.679148308118955,0.500880429824617
"233",7283,"TCGA-COAD","CDC7",0.00961688678518519,-0.852201997133243,0.39913745605848
"234",7284,"TCGA-COAD","CDC73",-0.00774713281481476,1.04779377039651,0.29878600324229
"235",7285,"TCGA-COAD","CDCA3",0.00196175588148151,-0.11833126046205,0.906277561082959
"236",7286,"TCGA-COAD","CDCA5",0.0037396409851852,-0.317796778647852,0.752013019155035
"237",7287,"TCGA-COAD","CDCA8",-0.00499084255555549,0.531368754715003,0.59775428675228
"238",7288,"TCGA-COAD","CDH1",-0.0115669968222222,0.854541959915681,0.397073463840515
"239",7289,"TCGA-COAD","CDH2",-0.0165775722,1.606249531715,0.114199861991636
"240",7290,"TCGA-COAD","CDIN1",-0.00322132096296301,0.192295655207046,0.848410020705411
"241",7291,"TCGA-COAD","CDIPT",-0.00781445327407415,1.00694474086579,0.318532299708614
"242",7292,"TCGA-COAD","CDK1",-0.0152089328518519,1.280902177045,0.206322635916482
"243",7293,"TCGA-COAD","CDK12",-0.00897883499999996,0.730817456495382,0.468707551713751
"244",7294,"TCGA-COAD","CDK13",-0.00401129259999999,0.296484794877201,0.768009648235694
"245",7295,"TCGA-COAD","CDK2",-0.00977820179259259,0.896307764909281,0.373906303084564
"246",7296,"TCGA-COAD","CDK4",-0.000237683400000077,0.0197429128568939,0.984344650057969
"247",7297,"TCGA-COAD","CDK6",-0.00294446829629635,0.334805146851782,0.739024291651331
"248",7298,"TCGA-COAD","CDK7",-0.00096717349629627,0.127978347698785,0.898837990206
"249",7299,"TCGA-COAD","CDK8",-0.00262450231111111,0.133023937200621,0.89486021835748
"250",7300,"TCGA-COAD","CDK9",-0.0042733642740741,0.484310858358984,0.630355508259417
"251",7301,"TCGA-COAD","CDKN1A",-0.0118131912148148,0.937984709198471,0.35240429210398
"252",7302,"TCGA-COAD","CDS2",-0.00935438731111105,1.08056819001868,0.284858709485643
"253",7303,"TCGA-COAD","CDT1",0.00283352160000006,-0.236417758359536,0.814170846463148
"254",7304,"TCGA-COAD","CEBPZ",-0.00434132816296295,0.474141784454123,0.637607648101335
"255",7305,"TCGA-COAD","CENATAC",-0.00437987255555561,0.5668832078901,0.573262365608011
"256",7306,"TCGA-COAD","CENPA",-0.00777944417777776,0.570599017929425,0.570925222940972
"257",7307,"TCGA-COAD","CENPC",-0.00752667439999999,0.688164829990816,0.494871017490132
"258",7308,"TCGA-COAD","CENPE",-0.00544071948888891,0.521734553426694,0.60443848895985
"259",7309,"TCGA-COAD","CENPH",-0.0132466358888889,1.22099740206785,0.229039447190923
"260",7310,"TCGA-COAD","CENPI",-0.0063134641037037,0.414888666851152,0.68026471353451
"261",7311,"TCGA-COAD","CENPK",-0.0123727983851851,1.54994447937914,0.129177166116376
"262",7312,"TCGA-COAD","CENPM",0.00713859576296294,-0.66475774304,0.509558981700511
"263",7313,"TCGA-COAD","CENPN",-0.000427727496296271,0.0332853665140904,0.973587011430681
"264",7314,"TCGA-COAD","CENPO",-0.0126671815777777,0.788049848009983,0.434212425274229
"265",7315,"TCGA-COAD","CENPP",0.0011945083851852,-0.0696650953523936,0.944778673628313
"266",7316,"TCGA-COAD","CENPT",-0.00443498375555562,0.437641543923741,0.663400710477425
"267",7317,"TCGA-COAD","CENPW",0.0104539962444444,-1.24184447427229,0.220974758782072
"268",7318,"TCGA-COAD","CEP192",-0.00321754288148146,0.318992210011753,0.751004626962135
"269",7319,"TCGA-COAD","CEP43",-0.0160756016666668,1.14664958392715,0.256343372336521
"270",7320,"TCGA-COAD","CEP55",0.00111357291111114,-0.0454245741964786,0.963974829206585
"271",7321,"TCGA-COAD","CEP85",-0.00734681590370367,0.859479440449122,0.392822391503276
"272",7322,"TCGA-COAD","CEPT1",-0.00944233529629634,1.13790596315757,0.260036016614049
"273",7323,"TCGA-COAD","CERS2",-0.00822026958518518,1.00822589574878,0.317649071490745
"274",7324,"TCGA-COAD","CFAP20",0.00588487541481475,-0.452808078119331,0.652528249647649
"275",7325,"TCGA-COAD","CFAP298",-0.0203767314074074,1.85218940980417,0.0703786747104449
"276",7326,"TCGA-COAD","CFL1",-0.0057736093555556,0.397900527555666,0.692636859395122
"277",7327,"TCGA-COAD","CFLAR",-0.0105252746962963,0.936737002552974,0.352779448345611
"278",7328,"TCGA-COAD","CHAF1A",0.00259507408148141,-0.268228796561038,0.790054357520585
"279",7329,"TCGA-COAD","CHAF1B",0.00700856264444449,-0.616109581885878,0.541732811596048
"280",7330,"TCGA-COAD","CHCHD4",0.00274834553333336,-0.255811547924352,0.799346265966565
"281",7331,"TCGA-COAD","CHD1",-0.00793329247407404,1.12179216437105,0.267702151796765
"282",7332,"TCGA-COAD","CHD4",-0.0148067099259259,2.01534999709733,0.0502796210787456
"283",7333,"TCGA-COAD","CHD7",-0.0120423676962963,0.58802172862213,0.55949298277075
"284",7334,"TCGA-COAD","CHD8",0.0087691823777778,-0.781857907464579,0.438503649003834
"285",7335,"TCGA-COAD","CHEK1",-0.00748586425185188,0.986653545901859,0.329201266516344
"286",7336,"TCGA-COAD","CHERP",-0.00306202978518522,0.251069860217689,0.802927396388182
"287",7337,"TCGA-COAD","CHKA",-0.00903999973333325,1.06635792809926,0.290615844166705
"288",7338,"TCGA-COAD","CHMP2A",-0.0111248887407408,0.889340363717308,0.379346050771764
"289",7339,"TCGA-COAD","CHMP3",0.00395703862222219,-0.236824936204814,0.813645320997341
"290",7340,"TCGA-COAD","CHMP4B",-0.00482689597037045,0.287129159967252,0.775329260800814
"291",7341,"TCGA-COAD","CHMP5",-0.00613383821481472,0.313966228377271,0.754936014179992
"292",7342,"TCGA-COAD","CHMP6",-0.0071396952740741,0.493392633627557,0.624366126044805
"293",7343,"TCGA-COAD","CHMP7",-0.0117532444074073,0.967003872093353,0.33840316507038
"294",7344,"TCGA-COAD","CHORDC1",-0.00680442972592599,0.450195216864255,0.654885963619194
"295",7345,"TCGA-COAD","CHP1",-0.0107235727111111,0.694062495752293,0.490834824674781
"296",7346,"TCGA-COAD","CHTF18",-0.018566650325926,1.03745810678972,0.303117661636238
"297",7347,"TCGA-COAD","CHTF8",-0.00786456605185182,0.377060638981336,0.70841418462201
"298",7348,"TCGA-COAD","CIAO1",-0.00747776888888896,0.563535036326365,0.575702786881818
"299",7349,"TCGA-COAD","CIAO2A",-0.00920293983703713,0.604493285282355,0.548517587287536
"300",7350,"TCGA-COAD","CIAO2B",-0.00601318250370364,0.733998007504898,0.466499726110027
"301",7351,"TCGA-COAD","CIAO3",0.00826600479259265,-0.840851996210774,0.404219555290424
"302",7352,"TCGA-COAD","CIAPIN1",-0.0128814165259259,1.18372735476821,0.244232382240069
"303",7353,"TCGA-COAD","CINP",-0.0273505538666666,1.54896254484703,0.128996803557567
"304",7354,"TCGA-COAD","CIT",0.00304190821481476,-0.254123343547598,0.800729732010647
"305",7355,"TCGA-COAD","CKAP5",-0.0127949656666666,1.34006879757257,0.186458392013655
"306",7356,"TCGA-COAD","CKS1B",-0.0292914736962964,1.37995742146536,0.174656503322256
"307",7357,"TCGA-COAD","CLASRP",0.00102861919999997,-0.0642175868823483,0.949075499224896
"308",7358,"TCGA-COAD","CLNS1A",-0.0271838636074074,2.08235815985482,0.0451756351227043
"309",7359,"TCGA-COAD","CLP1",-0.0104345251481481,1.17674303266723,0.245443659782202
"310",7360,"TCGA-COAD","CLPB",-0.0154161284296296,1.34546460579986,0.182727368941143
"311",7361,"TCGA-COAD","CLSPN",0.00692860963703712,-0.607610510542269,0.546881284349888
"312",7362,"TCGA-COAD","CLTC",-0.0113415297851851,0.982228963913036,0.331649624037065
"313",7363,"TCGA-COAD","CMIP",-0.0145286695037037,1.55378520609611,0.126017327387155
"314",7364,"TCGA-COAD","CMPK1",-0.00644970113333332,0.364760292850334,0.717132104204595
"315",7365,"TCGA-COAD","CMTR1",0.00771486356296291,-0.495683609686027,0.622210961472461
"316",7366,"TCGA-COAD","CNIH4",0.00137872770370373,-0.128103571521986,0.898654480676618
"317",7367,"TCGA-COAD","CNOT1",0.00847434404444447,-0.557407142330111,0.580762143861887
"318",7368,"TCGA-COAD","CNOT11",0.00958749654074076,-0.579257179943803,0.565191529683611
"319",7369,"TCGA-COAD","CNOT2",-0.00185041119259266,0.232510691963641,0.816993470377316
"320",7370,"TCGA-COAD","CNOT3",0.00215564611851848,-0.187450246740493,0.85231993408244
"321",7371,"TCGA-COAD","CNOT4",-0.00581687432592592,0.535664365192143,0.594489719253489
"322",7372,"TCGA-COAD","CNOT9",-0.00672974788148151,0.506818841441947,0.61483502976595
"323",7373,"TCGA-COAD","COA3",-0.00715275552592587,0.612694227403967,0.542276670416849
"324",7374,"TCGA-COAD","COA5",0.00340242548888892,-0.289919081911225,0.773451862018543
"325",7375,"TCGA-COAD","COA6",-0.00981282501481484,0.925442745722561,0.359740475265749
"326",7376,"TCGA-COAD","COASY",-0.00311758598518519,0.252085518874705,0.802102056250208
"327",7377,"TCGA-COAD","COG1",-0.0189669900444444,1.36141964139513,0.178522459615345
"328",7378,"TCGA-COAD","COG2",-0.0175846274444444,1.07082541480789,0.289902548332398
"329",7379,"TCGA-COAD","COG3",-0.0169944388666667,1.69678728780714,0.095176445652835
"330",7380,"TCGA-COAD","COG5",-0.00752821858518515,0.666169737470146,0.508869119729848
"331",7381,"TCGA-COAD","COG7",-0.00918431004444442,0.713843932276256,0.478477830600686
"332",7382,"TCGA-COAD","COG8",-0.00530191054814821,0.421791818093946,0.675377995611803
"333",7383,"TCGA-COAD","COP1",-0.00270963885185194,0.238940801199627,0.812302332810348
"334",7384,"TCGA-COAD","COPA",0.00411124025185183,-0.394997436888998,0.694148268024299
"335",7385,"TCGA-COAD","COPB1",0.00754108538518522,-0.574757754349136,0.568040242775679
"336",7386,"TCGA-COAD","COPB2",-0.00196704368148148,0.155024649849952,0.877455353461701
"337",7387,"TCGA-COAD","COPE",-0.0173323269037038,1.23204706630656,0.222428627164014
"338",7388,"TCGA-COAD","COPG1",-0.000110185762962955,0.00788286615038791,0.993740829883941
"339",7389,"TCGA-COAD","COPS2",-0.0178785738074074,2.19417854802315,0.0331433766942788
"340",7390,"TCGA-COAD","COPS3",-0.00910393209629623,0.568190455823091,0.57315922706618
"341",7391,"TCGA-COAD","COPS4",-0.0115261323333333,1.03595022282081,0.305704293972219
"342",7392,"TCGA-COAD","COPS5",-2.64525851851882e-05,0.00441927895208665,0.996487158404036
"343",7393,"TCGA-COAD","COPS6",-0.00515488157777777,0.471128419524665,0.639680339340606
"344",7394,"TCGA-COAD","COPS8",-0.0117604746814816,0.898276929052678,0.373252052767882
"345",7395,"TCGA-COAD","COPZ1",-0.00638292548148145,0.483848537081452,0.630481752930044
"346",7396,"TCGA-COAD","COQ2",-0.0104734492592592,0.953040530475167,0.344810621841983
"347",7397,"TCGA-COAD","COQ4",-0.0141924506666666,1.63684554964289,0.107395366471939
"348",7398,"TCGA-COAD","COQ7",-0.0174528785851852,1.65441915654127,0.103277585309368
"349",7399,"TCGA-COAD","COX10",-0.00929339873333335,0.824283498175482,0.414344669238167
"350",7400,"TCGA-COAD","COX11",-0.00164081627407409,0.111013044677426,0.91207203832745
"351",7401,"TCGA-COAD","COX15",-0.00770659811111107,0.722116740128503,0.474167527609667
"352",7402,"TCGA-COAD","COX17",-0.00105885005925932,0.105780044351467,0.916274064640273
"353",7403,"TCGA-COAD","COX18",-0.00771074795555549,0.499113555712843,0.619932359610166
"354",7404,"TCGA-COAD","COX19",0.00458542261481487,-0.336840616478742,0.737883675683392
"355",7405,"TCGA-COAD","COX4I1",-0.00701657424444435,0.645112537400776,0.522301028461031
"356",7406,"TCGA-COAD","COX5A",-0.00747781492592592,0.762300840004038,0.450102467841706
"357",7407,"TCGA-COAD","COX5B",-0.00948413454814812,0.928138380184415,0.358285677667277
"358",7408,"TCGA-COAD","COX6A1",-0.00625076018518511,0.549154892203288,0.585512026853676
"359",7409,"TCGA-COAD","COX6B1",-0.00785767001481485,0.583983111274455,0.562582148260429
"360",7410,"TCGA-COAD","COX6C",-0.00173341183703701,0.142245973242903,0.887433804786717
"361",7411,"TCGA-COAD","COX7B",-0.00676064247407415,0.681696386037241,0.498130138819313
"362",7412,"TCGA-COAD","COX7C",-0.0275976559111111,1.85471200569373,0.0693929106069351
"363",7413,"TCGA-COAD","CPOX",-0.00747654282222221,0.314701256572431,0.754400136942595
"364",7414,"TCGA-COAD","CPSF1",-0.00212385448888885,0.247326056386766,0.80580681602719
"365",7415,"TCGA-COAD","CPSF2",-0.0102886046296297,0.91006280391261,0.367550098567114
"366",7416,"TCGA-COAD","CPSF3",-0.00581493538518529,0.812141072011971,0.42035121110525
"367",7417,"TCGA-COAD","CPSF4",-0.00863755470370364,1.17112064285893,0.24623722891598
"368",7418,"TCGA-COAD","CPSF6",-0.00339220466666668,0.223088172687617,0.824430297906137
"369",7419,"TCGA-COAD","CRAMP1",-0.0203148455333333,1.26860088900005,0.210012428847419
"370",7420,"TCGA-COAD","CRCP",-0.00557492591851849,0.68646376439084,0.496166210602016
"371",7421,"TCGA-COAD","CREBBP",-0.00811803617037032,0.641592994894369,0.523985716277076
"372",7422,"TCGA-COAD","CRK",-0.0105707837259259,0.909340242763409,0.36723219104218
"373",7423,"TCGA-COAD","CRKL",-0.0122475019185185,1.20117317071213,0.23551125175404
"374",7424,"TCGA-COAD","CRLS1",-0.00725146934074083,0.825703857670868,0.413216859586463
"375",7425,"TCGA-COAD","CRNKL1",-0.00218106278518515,0.306935133080904,0.760177043712283
"376",7426,"TCGA-COAD","CRTC3",-0.0120652643851852,0.701966624041292,0.486199899672792
"377",7427,"TCGA-COAD","CSDE1",-0.00977904745185176,1.14419149883978,0.257830624446005
"378",7428,"TCGA-COAD","CSE1L",-0.0228854138814815,1.76143275849899,0.0861706081583089
"379",7429,"TCGA-COAD","CSH2",-0.00667899077037037,0.548609818615038,0.585385399940419
"380",7430,"TCGA-COAD","CSK",-0.0130552817999999,1.13975674447432,0.259011592491853
"381",7431,"TCGA-COAD","CSNK1A1",-0.0205092340444444,1.54175108247032,0.129578234525425
"382",7432,"TCGA-COAD","CSNK2A1",-0.0111552122888889,0.51499653505494,0.609164671556832
"383",7433,"TCGA-COAD","CSNK2B",-0.00998908030370371,0.84010216860897,0.404239344756175
"384",7434,"TCGA-COAD","CSTF1",-0.0166635913777778,1.60740960695279,0.11262092827163
"385",7435,"TCGA-COAD","CSTF2",0.00354080565925929,-0.127416293833498,0.899151847778829
"386",7436,"TCGA-COAD","CSTF3",-0.000547490555555585,0.0558952717207197,0.955637577075842
"387",7437,"TCGA-COAD","CTC1",0.0154538338888889,-0.767230055593281,0.447850247282564
"388",7438,"TCGA-COAD","CTCF",-0.00979669079999995,0.977168535294117,0.333648854943246
"389",7439,"TCGA-COAD","CTDNEP1",-0.0127113137703704,1.00323269681549,0.320187275068477
"390",7440,"TCGA-COAD","CTDP1",-0.015128838725926,1.5155112296048,0.138199637285697
"391",7441,"TCGA-COAD","CTDSPL2",-0.0106772856,0.8843027138718,0.380614274891685
"392",7442,"TCGA-COAD","CTNNA1",-0.0149438109111111,1.21468586334907,0.230201902716313
"393",7443,"TCGA-COAD","CTNNB1",-0.00788143731111102,0.732116519500909,0.467659216183132
"394",7444,"TCGA-COAD","CTNNBL1",-0.0117224226666667,0.764722169722796,0.447562528147808
"395",7445,"TCGA-COAD","CTPS1",-0.000827673170370358,0.0473332384083172,0.96247185514865
"396",7446,"TCGA-COAD","CTR9",-0.00642609288148144,0.4916606454949,0.625088410969487
"397",7447,"TCGA-COAD","CTU1",-0.0129605872666667,1.159766198935,0.251604290032325
"398",7448,"TCGA-COAD","CTU2",-0.0110245314666667,0.935016134227942,0.354990816037861
"399",7449,"TCGA-COAD","CUL1",-0.0148478033037037,1.05238367200499,0.297358010001185
"400",7450,"TCGA-COAD","CUL2",-0.00232327507407404,0.176143284816699,0.860871581287336
"401",7451,"TCGA-COAD","CUL3",-0.0171261236074074,1.29037716765232,0.203069047270198
"402",7452,"TCGA-COAD","CWC22",0.00020875985185187,-0.0267840325207868,0.978719189459824
"403",7453,"TCGA-COAD","CWF19L2",-0.00155061854074079,0.134405959867865,0.893571341454432
"404",7454,"TCGA-COAD","CXXC1",-0.00829034408148155,0.674022408457566,0.503710501177753
"405",7455,"TCGA-COAD","CYB5B",-0.00398188142962963,0.286999289584956,0.775117511549947
"406",7456,"TCGA-COAD","CYB5R4",-0.0180240394444444,1.84556205817446,0.069687592150548
"407",7457,"TCGA-COAD","CYC1",-0.0191255767555556,2.29800149883738,0.0253414630583309
"408",7458,"TCGA-COAD","CYCS",-0.0104887633925926,1.36659921720004,0.176695450854621
"409",7459,"TCGA-COAD","DAD1",-0.0167862163481481,1.80139686420343,0.0777187540850076
"410",7460,"TCGA-COAD","DAP3",-0.0191304957407408,1.82831781736214,0.0745729710119999
"411",7461,"TCGA-COAD","DARS1",-0.00943823851111109,0.669153844266034,0.50721890375811
"412",7462,"TCGA-COAD","DARS2",-0.0257676017333334,1.98578732863302,0.0537935236208737
"413",7463,"TCGA-COAD","DAXX",-0.000184650074074089,0.0114880949699866,0.990886025568541
"414",7464,"TCGA-COAD","DAZAP1",-0.0179024891703703,1.00368424123492,0.320355914487153
"415",7465,"TCGA-COAD","DBF4",-0.0139484514666667,1.1926400378269,0.237461774680473
"416",7466,"TCGA-COAD","DBR1",0.0131208299703705,-0.787295390926959,0.435294556882199
"417",7467,"TCGA-COAD","DCAF15",-0.00566599280000002,0.519066736009544,0.606214345413931
"418",7468,"TCGA-COAD","DCLRE1B",0.0155244369925925,-0.961538275027261,0.34189007455951
"419",7469,"TCGA-COAD","DCP2",-0.00845089694814805,0.755788081302137,0.453508654086297
"420",7470,"TCGA-COAD","DCPS",-0.00484900610370376,0.230367135232227,0.818776348644612
"421",7471,"TCGA-COAD","DCTN2",-0.0165609977481482,1.48136949566286,0.143482692083486
"422",7472,"TCGA-COAD","DCTN3",-0.0155148479407408,1.32376509824345,0.190590591918001
"423",7473,"TCGA-COAD","DCTN5",-0.00395585496296302,0.407053684112793,0.685779330793232
"424",7474,"TCGA-COAD","DCTN6",-0.0122028412,0.974528015188038,0.336758143476667
"425",7475,"TCGA-COAD","DDB1",-0.00986903710370368,1.36910973637614,0.176399666237808
"426",7476,"TCGA-COAD","DDI2",-0.0123072008962962,0.853401043193587,0.397227940468006
"427",7477,"TCGA-COAD","DDOST",-0.0147186351407407,1.00263972620294,0.322665997826669
"428",7478,"TCGA-COAD","DDX10",-0.00948245288148142,1.54291074859521,0.127651876814996
"429",7479,"TCGA-COAD","DDX11",-0.0371919524518519,2.08016323255496,0.0422743081680797
"430",7480,"TCGA-COAD","DDX18",-0.0100587632888889,1.43499128780128,0.157500161867151
"431",7481,"TCGA-COAD","DDX19A",-0.000568007200000054,0.0499991281253932,0.96032928828426
"432",7482,"TCGA-COAD","DDX20",-0.0151413854296296,1.771010144752,0.082232020149706
"433",7483,"TCGA-COAD","DDX21",-0.000539017251851903,0.0524399910403985,0.958385839669278
"434",7484,"TCGA-COAD","DDX23",-0.0170662743703703,1.11514273010828,0.269934000737573
"435",7485,"TCGA-COAD","DDX27",-0.00706223387407412,0.803062919991521,0.42586971873818
"436",7486,"TCGA-COAD","DDX28",-0.0128809631555555,1.37402011450183,0.177470571900699
"437",7487,"TCGA-COAD","DDX39B",-0.0113935898814814,1.15090638537269,0.255076532176132
"438",7488,"TCGA-COAD","DDX3X",-0.0112739727703703,0.934369356328019,0.354046957926481
"439",7489,"TCGA-COAD","DDX41",-0.0191364565481481,2.37646170097363,0.0207807028040527
"440",7490,"TCGA-COAD","DDX42",-0.0101587546666667,0.7611534645453,0.450476231569511
"441",7491,"TCGA-COAD","DDX47",-0.000349352837037076,0.0432602793285222,0.965702121689032
"442",7492,"TCGA-COAD","DDX49",-0.00653176148148149,0.696827069699934,0.490162856474881
"443",7493,"TCGA-COAD","DDX5",-0.00167892664444447,0.115754107554632,0.908289010319301
"444",7494,"TCGA-COAD","DDX51",-0.0072795822740741,0.661902376587766,0.510510302992876
"445",7495,"TCGA-COAD","DDX52",-0.00967790362962972,1.19263922840203,0.238117694522644
"446",7496,"TCGA-COAD","DDX54",0.00448801631851847,-0.571479472861409,0.571152063339457
"447",7497,"TCGA-COAD","DDX56",-0.00319302414814815,0.542514060165066,0.590505627378858
"448",7498,"TCGA-COAD","DDX6",-0.0129637539925925,0.792198958527472,0.43222971587056
"449",7499,"TCGA-COAD","DENR",-0.0110669321555557,0.881731550054787,0.381222682108282
"450",7500,"TCGA-COAD","DERL2",-0.0180693276370371,1.12482531729281,0.265379517248034
"451",7501,"TCGA-COAD","DET1",-0.00182528920000002,0.15079344260201,0.880748664246297
"452",7502,"TCGA-COAD","DHDDS",-0.0100413008,1.02949929108201,0.308146320603355
"453",7503,"TCGA-COAD","DHFR",-0.0174149327777777,1.47745369509093,0.145462492228234
"454",7504,"TCGA-COAD","DHODH",-0.00996194087407409,0.887367115487299,0.378765289743422
"455",7505,"TCGA-COAD","DHPS",-0.0259169601037037,1.61362710290886,0.11224603929899
"456",7506,"TCGA-COAD","DHX15",-0.00631433628888889,0.818788148974945,0.416680066324861
"457",7507,"TCGA-COAD","DHX16",0.0100762140814815,-1.14353499461867,0.259567425046984
"458",7508,"TCGA-COAD","DHX29",-0.00583725127407408,0.316712782086062,0.752593316252926
"459",7509,"TCGA-COAD","DHX30",-0.0183455657629629,1.2124745127053,0.231001394080161
"460",7510,"TCGA-COAD","DHX33",-0.0218345898,1.87527000973284,0.0665423503171513
"461",7511,"TCGA-COAD","DHX35",0.000308435644444383,-0.0167498187642598,0.986706419661631
"462",7512,"TCGA-COAD","DHX36",0.000861827888888889,-0.0712297388738221,0.943479073174323
"463",7513,"TCGA-COAD","DHX37",0.00190007469629638,-0.228606808037396,0.820416446332637
"464",7514,"TCGA-COAD","DHX8",-0.00947326082962963,1.41899335219482,0.16348893622775
"465",7515,"TCGA-COAD","DHX9",-0.0112086114518518,1.48072580847409,0.145348649187145
"466",7516,"TCGA-COAD","DICER1",-0.00478128085925922,0.310062334588824,0.757935390740047
"467",7517,"TCGA-COAD","DIDO1",-0.00148719851851853,0.114509646775556,0.909267776184637
"468",7518,"TCGA-COAD","DIS3",-0.0161004694222222,1.04549694580883,0.301172243192324
"469",7519,"TCGA-COAD","DKC1",0.00325133425925928,-0.361129445359475,0.719727508668704
"470",7520,"TCGA-COAD","DLD",-0.00571426553333332,0.515345421072574,0.608651308872791
"471",7521,"TCGA-COAD","DLG5",-0.0203424447259259,1.24435510713873,0.220127347019385
"472",7522,"TCGA-COAD","DLST",-0.00735782566666665,0.697734240497689,0.488918845606301
"473",7523,"TCGA-COAD","DMAP1",-0.0140587513185185,1.8401852021059,0.0736234399687159
"474",7524,"TCGA-COAD","DNAAF10",-0.0101803712296297,1.12460181634571,0.266263443427543
"475",7525,"TCGA-COAD","DNAAF5",-0.0260838182518519,2.05879340138863,0.0443275730153391
"476",7526,"TCGA-COAD","DNAJA1",-0.0153361345925925,0.935188018859888,0.353699579839585
"477",7527,"TCGA-COAD","DNAJA3",-0.0147656606074074,1.45453175555808,0.151548566551618
"478",7528,"TCGA-COAD","DNAJC11",-0.0226837252074074,1.40116501537053,0.167663178975245
"479",7529,"TCGA-COAD","DNAJC13",-0.00932288538518522,0.691375603065974,0.492669478922287
"480",7530,"TCGA-COAD","DNAJC17",-0.019007727237037,2.14994017851588,0.0356954626311806
"481",7531,"TCGA-COAD","DNAJC19",-0.0250735443333334,1.34416766324436,0.184992653281808
"482",7532,"TCGA-COAD","DNAJC2",-0.02860288,1.21112939049959,0.231171487894926
"483",7533,"TCGA-COAD","DNAJC21",-0.0165451309555555,0.937978568987829,0.352918019067467
"484",7534,"TCGA-COAD","DNAJC9",-0.0101676671555556,0.729956981862679,0.468898648132946
"485",7535,"TCGA-COAD","DNLZ",-0.0101973792296296,0.80654229823358,0.423048981808627
"486",7536,"TCGA-COAD","DNM1L",-0.0317789537851852,1.92611190043133,0.0598477376568707
"487",7537,"TCGA-COAD","DNM2",-0.008316067674074,0.946569358436051,0.347791697573649
"488",7538,"TCGA-COAD","DOCK5",-0.00743809746666668,0.531575526503953,0.597610950656826
"489",7539,"TCGA-COAD","DOHH",-0.00587829161481479,0.488917647498758,0.627576862779061
"490",7540,"TCGA-COAD","DOLK",-0.0136206823185184,1.29472529274162,0.201311381807916
"491",7541,"TCGA-COAD","DOLPP1",-0.0114147059259259,0.848987696076808,0.399609153940242
"492",7542,"TCGA-COAD","DONSON",0.00833324773333333,-0.592838887021081,0.556334778652958
"493",7543,"TCGA-COAD","DOT1L",-0.0103209588962963,0.717360980520588,0.476163257794801
"494",7544,"TCGA-COAD","DPAGT1",-0.0167233336,1.78520473094593,0.0801022936621578
"495",7545,"TCGA-COAD","DPF2",-0.0158498742148149,0.937393031038352,0.352140715089717
"496",7546,"TCGA-COAD","DPH1",-0.00770081424444435,0.622222872632656,0.536440899310193
"497",7547,"TCGA-COAD","DPH2",-0.00596477629629633,0.466386855627633,0.642744799701412
"498",7548,"TCGA-COAD","DPH3",-0.0130119872222222,1.29525962840865,0.20168569376671
"499",7549,"TCGA-COAD","DPH5",-0.0153300059037037,0.84219658593691,0.403349157926835
"500",7550,"TCGA-COAD","DPH6",-0.0079482795111111,0.513504382420367,0.610027615733574
"501",7551,"TCGA-COAD","DPM1",-0.0131220446666667,0.807920735473949,0.423088992722367
"502",7552,"TCGA-COAD","DPM2",-0.0087313007407408,0.720763413460777,0.474577394656266
"503",7553,"TCGA-COAD","DPY19L2",-0.0258906048962964,1.39523597784281,0.167395402681201
"504",7554,"TCGA-COAD","DPY30",-0.00356855637777775,0.384620937116442,0.702119447882158
"505",7555,"TCGA-COAD","DR1",-0.0016305567851852,0.201441064381877,0.841125258197308
"506",7556,"TCGA-COAD","DRAP1",-0.00429208408888893,0.385625711854981,0.701504806010128
"507",7557,"TCGA-COAD","DSCC1",0.00792361777037032,-0.461164967788525,0.646831322012118
"508",7558,"TCGA-COAD","DSN1",-0.00595088386666665,0.669860253787873,0.50619918081994
"509",7559,"TCGA-COAD","DTL",0.00313249974074076,-0.313717570253603,0.754911132763894
"510",7560,"TCGA-COAD","DTYMK",-0.00655263058518518,0.635022666025538,0.529077292274754
"511",7561,"TCGA-COAD","DUSP4",-0.0188776780296297,1.50008683178134,0.139320011262831
"512",7562,"TCGA-COAD","DUT",-0.00957578245185187,0.607893566235438,0.546303506833232
"513",7563,"TCGA-COAD","DYNC1H1",-0.0128086931851852,1.55866921569149,0.124586430944428
"514",7564,"TCGA-COAD","DYNC1I2",-0.00905838324444441,1.04339357275209,0.301247049346301
"515",7565,"TCGA-COAD","DYNLL1",-0.0195475430074074,1.17794000168894,0.243784937598277
"516",7566,"TCGA-COAD","DYNLRB1",-0.00478503094074079,0.402044582128191,0.689526317541925
"517",7567,"TCGA-COAD","DYRK1A",-0.0105256547777778,0.738910594346371,0.463085333714677
"518",7568,"TCGA-COAD","E2F1",-0.00673441947407405,0.507873101480115,0.613730594603588
"519",7569,"TCGA-COAD","E2F3",-0.0161063949925926,1.24078839427843,0.21986644663733
"520",7570,"TCGA-COAD","E4F1",-0.0273293996148148,1.70189358144362,0.0947953988550754
"521",7571,"TCGA-COAD","EAF1",-0.000410090688888864,0.0321846528059839,0.974441763709067
"522",7572,"TCGA-COAD","EAPP",-0.0156166413185185,2.00416843663754,0.0490340855846188
"523",7573,"TCGA-COAD","EARS2",-0.0132985333259259,1.07511770595371,0.287541037473915
"524",7574,"TCGA-COAD","EBNA1BP2",-0.00482391065185184,0.412482383469508,0.681747373154068
"525",7575,"TCGA-COAD","ECD",-0.0041008462296297,0.298455025185771,0.766764311145811
"526",7576,"TCGA-COAD","ECT2",-0.0130094907777778,1.01333861380531,0.316075621998885
"527",7577,"TCGA-COAD","EDF1",-0.0171191855185185,0.969854839205276,0.335650545329455
"528",7578,"TCGA-COAD","EED",-0.0190271080074074,1.25837856106024,0.213471602778592
"529",7579,"TCGA-COAD","EEF1A1",-0.00749765029629629,0.631579141605842,0.531261914145907
"530",7580,"TCGA-COAD","EEF1B2",-0.00916580699259251,0.400052351588259,0.691082272741145
"531",7581,"TCGA-COAD","EEF1G",-0.00831672798518512,0.582741161164646,0.56255650259521
"532",7582,"TCGA-COAD","EEF2",-0.00154403622222221,0.167069026799681,0.867823648314993
"533",7583,"TCGA-COAD","EEF2KMT",-0.00195180394814809,0.158724469558671,0.874431210652401
"534",7584,"TCGA-COAD","EEFSEC",-0.0469858765037037,2.89300946736751,0.00552441952104206
"535",7585,"TCGA-COAD","EFL1",0.00648231520740739,-0.487733403806454,0.627755413097384
"536",7586,"TCGA-COAD","EFR3A",0.00211897551851847,-0.109300326789509,0.913496046570354
"537",7587,"TCGA-COAD","EFTUD2",7.76877037036994e-05,-0.0086562284647395,0.993141854372101
"538",7588,"TCGA-COAD","EGFR",-0.0271144051851852,1.93371461195344,0.0583252056573311
"539",7589,"TCGA-COAD","EGLN1",-0.0201772072666666,1.54980447337396,0.126757475013243
"540",7590,"TCGA-COAD","EIF1",-0.00983357856296296,0.766879188713065,0.447151863293794
"541",7591,"TCGA-COAD","EIF1AD",-0.0101986983407407,0.792582869853709,0.431640137086849
"542",7592,"TCGA-COAD","EIF1AX",0.00731927237777785,-0.630180830918506,0.531382761826927
"543",7593,"TCGA-COAD","EIF2AK4",-0.0203898025037037,1.0557539903353,0.295761748042673
"544",7594,"TCGA-COAD","EIF2B1",-0.00492447173333332,0.480006245874356,0.632885194760908
"545",7595,"TCGA-COAD","EIF2B2",0.00462281656296293,-0.338243729903284,0.736323463607829
"546",7596,"TCGA-COAD","EIF2B3",-0.0199997019777778,1.67482113738819,0.101815564179515
"547",7597,"TCGA-COAD","EIF2B4",0.00954592262962961,-0.871092935387492,0.387089438356768
"548",7598,"TCGA-COAD","EIF2B5",-0.0267753420888889,2.24196641812149,0.028877622236267
"549",7599,"TCGA-COAD","EIF2S1",-0.00776891731111107,1.04083888841838,0.304035507255826
"550",7600,"TCGA-COAD","EIF2S2",-0.00851715897037042,0.729594186779767,0.470013770631613
"551",7601,"TCGA-COAD","EIF2S3",0.00534958179259259,-0.494534917718707,0.623093558889162
"552",7602,"TCGA-COAD","EIF3A",-0.0134261672,1.86597785099691,0.0694223260884196
"553",7603,"TCGA-COAD","EIF3B",-0.00544855131851851,0.633559593957863,0.530274228725924
"554",7604,"TCGA-COAD","EIF3D",-0.00403937131851861,0.405032017299034,0.68770027404474
"555",7605,"TCGA-COAD","EIF3E",-0.0102896998296297,0.837757052109938,0.406790584990042
"556",7606,"TCGA-COAD","EIF3F",-0.000756196940740805,0.0655230914230994,0.947934210868347
"557",7607,"TCGA-COAD","EIF3G",-0.00682582653333341,0.524055187912433,0.60278589955391
"558",7608,"TCGA-COAD","EIF3H",-0.00671521729629621,0.440159532063928,0.661751799686292
"559",7609,"TCGA-COAD","EIF3I",-0.00997019210370365,1.42429989536673,0.160309027517565
"560",7610,"TCGA-COAD","EIF3J",-0.0106807369037037,0.458618435106968,0.648806527824272
"561",7611,"TCGA-COAD","EIF3M",-0.0053524486370371,0.407541070850583,0.68563647896561
"562",7612,"TCGA-COAD","EIF4A1",-0.00691845210370368,0.728501938796896,0.470819731553453
"563",7613,"TCGA-COAD","EIF4A3",-0.0247263208444444,1.51528096928162,0.136499307665083
"564",7614,"TCGA-COAD","EIF4B",-0.00950800027407406,0.474066025230468,0.637890165611793
"565",7615,"TCGA-COAD","EIF4E",0.00158108010370361,-0.186598957325465,0.852942747580825
"566",7616,"TCGA-COAD","EIF4E2",-0.012063925162963,0.471496800669294,0.639359427360273
"567",7617,"TCGA-COAD","EIF4G1",-0.0067157212222223,0.480920995161641,0.632994394377724
"568",7618,"TCGA-COAD","EIF4G2",-0.00174570157777776,0.09860374625194,0.921935198902162
"569",7619,"TCGA-COAD","EIF5",-0.00730872202222221,0.602221833812674,0.550262823978219
"570",7620,"TCGA-COAD","EIF5A",-0.0170879589851851,0.869935077421628,0.389401892733736
"571",7621,"TCGA-COAD","EIF5AL1",-0.0237568027703704,1.06615810564233,0.291810913696766
"572",7622,"TCGA-COAD","EIF6",-0.0314656967703704,1.58032451550937,0.119924761250812
"573",7623,"TCGA-COAD","EIPR1",-0.0153926843629629,0.87616224899698,0.385021514989382
"574",7624,"TCGA-COAD","ELAC2",-0.0147355155925926,0.856150417830009,0.39608417877239
"575",7625,"TCGA-COAD","ELAVL1",-0.0216885533703703,1.21321689203412,0.230440241846632
"576",7626,"TCGA-COAD","ELL",-0.00684935908148143,1.02968808123754,0.308383829272168
"577",7627,"TCGA-COAD","ELMO2",-0.012832478725926,0.92105620552129,0.362125291198552
"578",7628,"TCGA-COAD","ELOA",-0.0177681782296297,1.33101771473103,0.188221112136425
"579",7629,"TCGA-COAD","ELOB",-0.0223664176074074,3.22311501676658,0.00205290558390681
"580",7630,"TCGA-COAD","ELOC",-0.0179314047703704,2.08987806749211,0.0407380602801404
"581",7631,"TCGA-COAD","ELOF1",-0.0248519758222222,1.70525654937137,0.0926669452110076
"582",7632,"TCGA-COAD","ELP1",-0.0110716232666667,0.838963357517816,0.406065590794654
"583",7633,"TCGA-COAD","ELP2",-0.0165436943703704,1.31602343396674,0.194992603191464
"584",7634,"TCGA-COAD","ELP3",-0.0143972712962963,1.12207618792034,0.268146276545344
"585",7635,"TCGA-COAD","ELP4",-0.0152816276814816,1.21089093478485,0.232957030032726
"586",7636,"TCGA-COAD","ELP5",-0.0159004631111112,1.24658097088816,0.219268162499103
"587",7637,"TCGA-COAD","ELP6",-0.0151813101333333,1.17799317594547,0.24505152426431
"588",7638,"TCGA-COAD","EMC1",-0.0178683897777777,1.1965653754168,0.235899599649195
"589",7639,"TCGA-COAD","EMC2",-0.0198768359333332,1.56417561645274,0.122386841619785
"590",7640,"TCGA-COAD","EMC3",-0.0077853336,0.512375139144798,0.610566693910793
"591",7641,"TCGA-COAD","EMC4",-0.00883072524444439,1.03065594900482,0.306444042835534
"592",7642,"TCGA-COAD","EMC6",-0.0180229595037037,1.38882277881718,0.169652983508022
"593",7643,"TCGA-COAD","EMC7",-0.0157003299555555,1.98251670457982,0.0514945396946782
"594",7644,"TCGA-COAD","EMSY",-0.00595513712592588,0.461446301968225,0.646222501521329
"595",7645,"TCGA-COAD","ENO1",-0.00371266311851859,0.429965205869814,0.669101978159919
"596",7646,"TCGA-COAD","ENY2",-0.0102659672666666,0.983219549709877,0.329656063537503
"597",7647,"TCGA-COAD","EP300",-0.00802068077037044,0.674067744938363,0.503004702862062
"598",7648,"TCGA-COAD","EP400",0.00234892405185183,-0.203855681736717,0.839261095276395
"599",7649,"TCGA-COAD","EPC1",0.000155499748148102,-0.0157390225526124,0.987506195520249
"600",7650,"TCGA-COAD","EPC2",-0.00249087679999993,0.2178109469394,0.828357682079102
"601",7651,"TCGA-COAD","EPRS1",0.00267263620000002,-0.328773490213608,0.744085387921169
"602",7652,"TCGA-COAD","ERAL1",-0.0206795819037038,1.4860570221912,0.143731920881557
"603",7653,"TCGA-COAD","ERBB2",-0.0230486292592593,2.12409480508783,0.0377413963058964
"604",7654,"TCGA-COAD","ERBB3",-0.0217923711407407,2.19213419097076,0.0326635577269096
"605",7655,"TCGA-COAD","ERCC2",-0.0170797784592592,1.23781202178298,0.221410875708728
"606",7656,"TCGA-COAD","ERCC3",-0.00466584736296294,0.593232735370952,0.555716986438197
"607",7657,"TCGA-COAD","ERH",-0.0206067795185185,1.96274430427507,0.0556419879766206
"608",7658,"TCGA-COAD","ESCO2",-0.00350720185925935,0.161510050767203,0.872528391418303
"609",7659,"TCGA-COAD","ESF1",-0.00259539779259255,0.37299836234575,0.71046380975545
"610",7660,"TCGA-COAD","ESPL1",0.0161855909703704,-1.5208663123471,0.134479460223118
"611",7661,"TCGA-COAD","ESS2",-0.00428475132592598,0.361985212412536,0.719198222046619
"612",7662,"TCGA-COAD","ETF1",0.000493313007407403,-0.0508869032626593,0.959699119910873
"613",7663,"TCGA-COAD","EXOC8",-0.0257986765851852,1.94810283719226,0.0591234653594945
"614",7664,"TCGA-COAD","EXOSC1",-0.00944744467407399,0.523491676524277,0.603138439852362
"615",7665,"TCGA-COAD","EXOSC10",-0.0101259804518519,0.547200917225991,0.586622519436088
"616",7666,"TCGA-COAD","EXOSC2",-0.00957652293333333,1.01118094889259,0.317181562068564
"617",7667,"TCGA-COAD","EXOSC3",-0.00311616641481482,0.329879220656748,0.743121467865099
"618",7668,"TCGA-COAD","EXOSC4",-0.000535237925925913,0.0565311497899125,0.955194051117174
"619",7669,"TCGA-COAD","EXOSC6",0.0076148520888889,-0.598351442164008,0.553282422489476
"620",7670,"TCGA-COAD","EXOSC7",-0.00538968019259256,0.6189398749649,0.538477111422766
"621",7671,"TCGA-COAD","EXOSC8",-0.00854995301481487,0.838335276221127,0.405890958400549
"622",7672,"TCGA-COAD","EXT1",-0.00967063758518516,0.795995259810787,0.429789726302505
"623",7673,"TCGA-COAD","EXT2",-0.00699960081481488,0.520453652110584,0.604851095576747
"624",7674,"TCGA-COAD","EZH2",-0.0103996598740741,0.553137517365613,0.582879435387181
"625",7675,"TCGA-COAD","FADD",-0.0135065396222223,0.58325142886149,0.562809036474639
"626",7676,"TCGA-COAD","FAF2",-0.00974295917037038,0.7281069546727,0.469695253368727
"627",7677,"TCGA-COAD","FAM32A",-0.00624638845185188,0.505833168931391,0.615098877212484
"628",7678,"TCGA-COAD","FAM50A",-0.0271829391703704,1.80009445307537,0.0767638261841445
"629",7679,"TCGA-COAD","FAM98B",-0.00151960731111112,0.103699049475052,0.917891015119844
"630",7680,"TCGA-COAD","FANCA",-0.00720305759259265,0.446838834221269,0.656887605938692
"631",7681,"TCGA-COAD","FANCF",-0.0161937151851852,0.872346648508789,0.38778621141138
"632",7682,"TCGA-COAD","FANCI",0.00319574039999992,-0.122359923795012,0.903164989725264
"633",7683,"TCGA-COAD","FANCM",-0.00507217334814813,0.299376617152155,0.765966328159256
"634",7684,"TCGA-COAD","FARS2",0.00143951869629633,-0.0839604843456248,0.933519633919067
"635",7685,"TCGA-COAD","FARSA",-0.0100651221407407,1.01324280171593,0.317103507999874
"636",7686,"TCGA-COAD","FARSB",-0.00821574931111113,0.805620859272855,0.42557710031142
"637",7687,"TCGA-COAD","FASN",-0.0231040213925926,2.21360562406479,0.0305898605973283
"638",7688,"TCGA-COAD","FASTKD5",-0.00236493645185176,0.257577257435025,0.798207182937319
"639",7689,"TCGA-COAD","FAU",0.00794994038518521,-0.815728809956581,0.418835732405145
"640",7690,"TCGA-COAD","FBL",0.0035938668444444,-0.348406332972484,0.729352183401285
"641",7691,"TCGA-COAD","FBXO11",-0.00762385091111106,0.732690696480195,0.46689691092464
"642",7692,"TCGA-COAD","FBXO5",-0.00921640116296307,0.544510277570327,0.588460608975301
"643",7693,"TCGA-COAD","FBXO7",-0.0177928472888889,1.50075403873303,0.138345683934752
"644",7694,"TCGA-COAD","FBXW11",-0.0161852437925926,0.987210824599517,0.328751345589772
"645",7695,"TCGA-COAD","FBXW7",-0.0148476190296296,1.12014176350989,0.267714879960885
"646",7696,"TCGA-COAD","FCF1",-0.00712042355555553,0.595894689497884,0.554042445763545
"647",7697,"TCGA-COAD","FCHO2",-0.00945594552592599,0.920554319505361,0.361545310940322
"648",7698,"TCGA-COAD","FDFT1",-0.00909396786666672,0.754278760110897,0.454365303087861
"649",7699,"TCGA-COAD","FDPS",-0.0102012578814815,0.79764229640881,0.429190713375784
"650",7700,"TCGA-COAD","FDX1",-0.00674129785185185,0.438562787570112,0.663027098112673
"651",7701,"TCGA-COAD","FDX2",-0.00395067655555548,0.273566913852906,0.78570005429563
"652",7702,"TCGA-COAD","FDXR",0.00397907048148149,-0.437181089634702,0.663467469179858
"653",7703,"TCGA-COAD","FECH",-0.0163603534296296,1.17613762359881,0.246396679708934
"654",7704,"TCGA-COAD","FEN1",0.00676553279259262,-0.4118966734455,0.682380921079274
"655",7705,"TCGA-COAD","FERMT1",-0.00949616598518521,0.778531209160757,0.439589611359731
"656",7706,"TCGA-COAD","FERMT2",-0.00615975157037041,0.442408469879302,0.660218646891896
"657",7707,"TCGA-COAD","FGFR1",-0.00856930519259258,0.74531271001944,0.459114389258939
"658",7708,"TCGA-COAD","FIP1L1",0.00343844214814815,-0.366167337938899,0.715922139499033
"659",7709,"TCGA-COAD","FIS1",-0.0194323644666666,1.48976751978203,0.142474521618633
"660",7710,"TCGA-COAD","FKBP1A",-0.0237673484222222,1.3592128857221,0.179739523532129
"661",7711,"TCGA-COAD","FLCN",-0.0049388883037037,0.384790804947782,0.702039560322278
"662",7712,"TCGA-COAD","FLI1",-0.00829311305925917,0.810623370385129,0.42114368638297
"663",7713,"TCGA-COAD","FLII",-0.00961186532592595,0.76195076798513,0.449139321329744
"664",7714,"TCGA-COAD","FLVCR1",-0.00916217457777779,0.43863408145697,0.662828404461688
"665",7715,"TCGA-COAD","FNTA",-0.0114747577777777,1.35221387806778,0.182734778718826
"666",7716,"TCGA-COAD","FNTB",-0.020777518074074,1.87853995794802,0.0664229676236839
"667",7717,"TCGA-COAD","FOSL1",-0.00540428548888894,0.559646860627574,0.577971648192834
"668",7718,"TCGA-COAD","FOXA1",-0.0118544264888889,1.00801021720017,0.318680287070501
"669",7719,"TCGA-COAD","FOXK1",-0.0158878281925925,1.86968315971025,0.0662439352978475
"670",7720,"TCGA-COAD","FOXM1",-0.0076746465481482,0.48673497795168,0.6285078077825
"671",7721,"TCGA-COAD","FOXRED1",-0.013061859474074,1.10946594649478,0.27346296566824
"672",7722,"TCGA-COAD","FPGS",0.0095832120888889,-0.721631983813105,0.47397757070675
"673",7723,"TCGA-COAD","FRG1",-0.0180346358222222,1.17601660534173,0.243984257439346
"674",7724,"TCGA-COAD","FUBP1",-0.0018629020370371,0.0716562123949866,0.943187592799863
"675",7725,"TCGA-COAD","FURIN",-0.0140385835555555,1.0573074363616,0.294364410007213
"676",7726,"TCGA-COAD","FXN",5.26351185184959e-05,-0.00376112326620311,0.997017231238381
"677",7727,"TCGA-COAD","FZR1",-0.00723520330370375,0.651845328013606,0.517458231291952
"678",7728,"TCGA-COAD","G3BP1",-0.0176993361925926,0.815777291503745,0.418261813743724
"679",7729,"TCGA-COAD","G6PD",-0.0243423416888889,2.46005186681793,0.0168572976557788
"680",7730,"TCGA-COAD","GAB1",-0.018970632488889,1.91115022740906,0.0612792345896412
"681",7731,"TCGA-COAD","GABPA",-0.0107247916666666,0.769227859158906,0.445699986163887
"682",7732,"TCGA-COAD","GABPB1",-0.0142829064518518,1.79622482477545,0.0774204848658875
"683",7733,"TCGA-COAD","GADD45GIP1",-0.00788701693333338,1.04679486000031,0.301575094821667
"684",7734,"TCGA-COAD","GAK",-0.0132924742962963,0.8424737049146,0.403425799271084
"685",7735,"TCGA-COAD","GAPDH",-0.0323443291037037,3.66992723707182,0.000659396755163999
"686",7736,"TCGA-COAD","GARS1",-0.00878318695555547,0.791634619111187,0.432443124220507
"687",7737,"TCGA-COAD","GART",-0.00305973661481485,0.263336987855808,0.793156896875719
"688",7738,"TCGA-COAD","GATA3",-0.00822370216296298,0.781203395452334,0.438049747578216
"689",7739,"TCGA-COAD","GATB",-0.00398749147407407,0.210314729636246,0.834629319749474
"690",7740,"TCGA-COAD","GATC",0.00473728177037036,-0.257113281117809,0.798650177314471
"691",7741,"TCGA-COAD","GBF1",-0.013666907562963,1.46629115628798,0.148515492583049
"692",7742,"TCGA-COAD","GCN1",-0.0200650463333333,1.11740002914937,0.26877340150134
"693",7743,"TCGA-COAD","GCSH",-0.0228830995555556,0.961371457448738,0.342459164849862
"694",7744,"TCGA-COAD","GEMIN2",-0.0109029133333334,0.656331817432529,0.514839589902829
"695",7745,"TCGA-COAD","GEMIN4",-0.0132093047037037,0.849218019115534,0.399664128385669
"696",7746,"TCGA-COAD","GEMIN5",-0.0148008593333333,1.40646294536949,0.16601271930493
"697",7747,"TCGA-COAD","GEMIN6",-0.017890846888889,1.31285427171349,0.195401762642587
"698",7748,"TCGA-COAD","GEMIN7",-0.0128229858222222,0.889551603035429,0.37761881697951
"699",7749,"TCGA-COAD","GEMIN8",-0.00284804445925924,0.15093128246708,0.880594430094083
"700",7750,"TCGA-COAD","GET1",-0.0196722773703704,1.40416366132991,0.165084298034341
"701",7751,"TCGA-COAD","GET3",-0.016820177437037,1.22779901295711,0.226629660899484
"702",7752,"TCGA-COAD","GET4",-0.0154079541037038,1.29595590620149,0.200671181381422
"703",7753,"TCGA-COAD","GFER",-0.0113871205777778,0.995999588441038,0.323191989930548
"704",7754,"TCGA-COAD","GFM1",-0.0110453049259259,0.819948951851053,0.415732484513169
"705",7755,"TCGA-COAD","GFM2",-0.0139805610148148,0.930578411122338,0.356018708322604
"706",7756,"TCGA-COAD","GFPT1",0.000209121348148211,-0.0191728968031796,0.984788998616105
"707",7757,"TCGA-COAD","GGNBP2",0.0172746629703704,-1.20725339674907,0.233520366035137
"708",7758,"TCGA-COAD","GGPS1",-0.00541598383703701,0.555972941977675,0.581122429812171
"709",7759,"TCGA-COAD","GGTLC2",0.0192524632666667,-1.52478017859171,0.133780870982423
"710",7760,"TCGA-COAD","GIGYF2",-0.00449747177037041,0.355403305890644,0.723820020677399
"711",7761,"TCGA-COAD","GINS1",0.00609235586666668,-0.50074121061456,0.61870142641099
"712",7762,"TCGA-COAD","GINS2",-0.00365613300740741,0.422467508284071,0.674179074954604
"713",7763,"TCGA-COAD","GINS3",-0.00936697363703698,0.63596329922828,0.527600903623618
"714",7764,"TCGA-COAD","GINS4",-0.0069869535925926,0.729268240521517,0.46941961744532
"715",7765,"TCGA-COAD","GLMN",-0.0173345166074075,1.57910947104766,0.120344304012708
"716",7766,"TCGA-COAD","GLRX3",-0.0210400676444444,1.34108593923557,0.186015594770582
"717",7767,"TCGA-COAD","GLRX5",-0.0210344713407408,1.88070722778068,0.0660447961430721
"718",7768,"TCGA-COAD","GLS",-0.0117708474148148,0.905019682516836,0.369339077616843
"719",7769,"TCGA-COAD","GMNN",-0.0116398546074074,0.851997742200487,0.398852697343515
"720",7770,"TCGA-COAD","GMPPB",-0.0132732285407408,1.74586408208716,0.0857869400330393
"721",7771,"TCGA-COAD","GMPS",-0.0115196983777778,1.00317735074544,0.32074978170801
"722",7772,"TCGA-COAD","GNA13",-0.0021842180740741,0.197950826400939,0.843729788941517
"723",7773,"TCGA-COAD","GNB1L",-0.000349539162962986,0.0196726311759471,0.984398111172139
"724",7774,"TCGA-COAD","GNL2",-0.00846848470370376,1.04279279208895,0.30218715265739
"725",7775,"TCGA-COAD","GNL3",-0.00594875828148145,0.753213373976111,0.455331942766664
"726",7776,"TCGA-COAD","GNL3L",-0.00317571695555552,0.24612619505789,0.806566566819408
"727",7777,"TCGA-COAD","GNPNAT1",-0.00163076354814817,0.195360731958472,0.845751057813199
"728",7778,"TCGA-COAD","GOLGA7",-0.0174614609407407,1.21355303067227,0.230507236477082
"729",7779,"TCGA-COAD","GOLGA8R",-0.0223103973703703,1.49912001367202,0.140967451916517
"730",7780,"TCGA-COAD","GOLT1B",-0.0245510792444444,2.13242892331797,0.0362134353025203
"731",7781,"TCGA-COAD","GOSR2",-0.0151392182222222,1.18044890441705,0.243280625063394
"732",7782,"TCGA-COAD","GPATCH1",-0.00873192893333341,0.533289124726951,0.59592650741916
"733",7783,"TCGA-COAD","GPI",-0.0150663783777778,1.68971746747205,0.096637710628353
"734",7784,"TCGA-COAD","GPKOW",-0.0156004966814816,0.908529541374361,0.368142730407606
"735",7785,"TCGA-COAD","GPS1",-0.0250696137407408,2.02482958013494,0.0464248639577585
"736",7786,"TCGA-COAD","GPX4",-0.0207407204962963,1.50372556511072,0.137718558429506
"737",7787,"TCGA-COAD","GRB2",-0.0135772447555556,1.32178846123718,0.19240083876458
"738",7788,"TCGA-COAD","GRHL2",-0.0368982137185184,2.25550272763312,0.0275924364909722
"739",7789,"TCGA-COAD","GRK2",-0.0181387742074074,1.63258455795388,0.107766993244819
"740",7790,"TCGA-COAD","GRPEL1",-0.00410356239999998,0.408264143722224,0.684837029311979
"741",7791,"TCGA-COAD","GRSF1",-0.0106331843851852,0.981164665742928,0.332097262361241
"742",7792,"TCGA-COAD","GRWD1",-0.0117549323037037,0.952126603801384,0.345328933548961
"743",7793,"TCGA-COAD","GSK3B",-0.0154264669629629,1.37964817799464,0.172901012645506
"744",7794,"TCGA-COAD","GSPT1",-0.0074929667111111,0.771605510825938,0.443513893486814
"745",7795,"TCGA-COAD","GTF2A1",-0.010856655162963,0.867880286500564,0.389895119640011
"746",7796,"TCGA-COAD","GTF2A2",-0.00672290631851857,0.982400521086812,0.330712415051151
"747",7797,"TCGA-COAD","GTF2B",-0.00978564902962964,1.56503983549173,0.12499278034381
"748",7798,"TCGA-COAD","GTF2E1",-0.00581527692592598,0.898320817177617,0.372623301952277
"749",7799,"TCGA-COAD","GTF2E2",-0.0106730225851851,1.37372305330002,0.175346248165465
"750",7800,"TCGA-COAD","GTF2F2",-0.00846209091851857,0.557535024531791,0.579412618992027
"751",7801,"TCGA-COAD","GTF2H3",-0.0103727087703703,0.692725029782246,0.491777348455338
"752",7802,"TCGA-COAD","GTF2H4",-0.0096639500222222,0.752960203078112,0.455028656213099
"753",7803,"TCGA-COAD","GTF3A",-0.0132565561111111,1.58427395307557,0.119025353767832
"754",7804,"TCGA-COAD","GTF3C1",-0.013825149037037,1.67304639755447,0.0991607838718304
"755",7805,"TCGA-COAD","GTF3C3",-0.0135095061185185,1.42931834584941,0.157421076343209
"756",7806,"TCGA-COAD","GTF3C4",-0.00613381295555548,0.66395420341575,0.509621962150102
"757",7807,"TCGA-COAD","GTF3C5",-0.0161087745481481,1.48514208586166,0.143668820316034
"758",7808,"TCGA-COAD","GTF3C6",-0.0184394672518519,1.32024146410215,0.19282810256914
"759",7809,"TCGA-COAD","GTPBP10",-0.00933381997037042,0.855884858079499,0.397424991430878
"760",7810,"TCGA-COAD","GTPBP4",0.00039455650370368,-0.0559349491688867,0.955642003023212
"761",7811,"TCGA-COAD","GTSE1",-0.00845733044444441,0.409657493656204,0.683734697627263
"762",7812,"TCGA-COAD","GUK1",-0.0050971713185185,0.730050245506497,0.469226437786997
"763",7813,"TCGA-COAD","H2AC15",-0.00871755074074065,1.20445378005305,0.233691024486754
"764",7814,"TCGA-COAD","H2AC17",-0.00710508648148156,0.558565896788139,0.578800203218207
"765",7815,"TCGA-COAD","H2AC20",-0.0131320409777778,1.26503393138146,0.212193998976822
"766",7816,"TCGA-COAD","H2AX",-0.0109872498888889,0.79883475013289,0.427627166885566
"767",7817,"TCGA-COAD","H2AZ1",-0.0165752044814814,1.30338439349337,0.197447283110991
"768",7818,"TCGA-COAD","H2BC11",-0.0101753778592593,1.31558452714128,0.19455881650889
"769",7819,"TCGA-COAD","H2BC13",-0.009890860237037,1.12184689564893,0.266958044500526
"770",7820,"TCGA-COAD","H2BC15",-0.0129237257037037,1.33227903180112,0.188305137267278
"771",7821,"TCGA-COAD","H2BC21",-0.0127032665481481,1.054532485282,0.29694879355311
"772",7822,"TCGA-COAD","H2BC26",-0.00871755074074065,1.20445378005305,0.233691024486754
"773",7823,"TCGA-COAD","H2BC4",-0.00325198236296298,0.429728055288812,0.669158765701074
"774",7824,"TCGA-COAD","H2BC6",-0.00498161416296294,0.533738315132061,0.595564540937533
"775",7825,"TCGA-COAD","H2BC9",-0.0129237257037037,1.33227903180112,0.188305137267278
"776",7826,"TCGA-COAD","H3-3A",-0.00958119709629623,1.13478781440413,0.260714587979749
"777",7827,"TCGA-COAD","HARS1",0.0100801017777779,-0.727057397393531,0.469414149262386
"778",7828,"TCGA-COAD","HARS2",-0.0201062750518518,1.295384257718,0.20106062358836
"779",7829,"TCGA-COAD","HAUS1",-0.0117511783333333,1.01173883904224,0.315742649626316
"780",7830,"TCGA-COAD","HAUS3",-0.0160168850888889,1.78459037084414,0.0790945298364895
"781",7831,"TCGA-COAD","HAUS4",-0.0212850667777778,1.60861071604032,0.112797239964674
"782",7832,"TCGA-COAD","HAUS5",-0.0172419863851851,1.4821275418628,0.143302411512385
"783",7833,"TCGA-COAD","HAUS6",-0.00207060673333326,0.258111712865484,0.797353013842099
"784",7834,"TCGA-COAD","HAUS7",-0.0185774686148148,1.20516413717791,0.234862515374839
"785",7835,"TCGA-COAD","HAUS8",-0.000869786659259297,0.0917893849419941,0.927255169028148
"786",7836,"TCGA-COAD","HCCS",-0.00427415262222219,0.200532052905394,0.841843505531116
"787",7837,"TCGA-COAD","HCFC1",-0.00588539002222221,0.766938989163664,0.446853943813951
"788",7838,"TCGA-COAD","HDAC1",-0.00679487615555563,0.391923555068776,0.696987923806146
"789",7839,"TCGA-COAD","HDAC3",-0.00844219688888892,0.800568019319755,0.428260328799896
"790",7840,"TCGA-COAD","HEATR1",0.000592071037037067,-0.0775571233628942,0.938559275211539
"791",7841,"TCGA-COAD","HEATR3",-0.0105021580740741,0.661058505477546,0.512498568602654
"792",7842,"TCGA-COAD","HECTD1",-0.00967642751851849,0.740670805950762,0.462086278218609
"793",7843,"TCGA-COAD","HGS",0.00311501625185184,-0.147669283317909,0.883240614307659
"794",7844,"TCGA-COAD","HINFP",-0.0141182068074075,1.0689634794606,0.292125849052084
"795",7845,"TCGA-COAD","HIRA",-0.0135089200888888,0.724103499940185,0.472105939995467
"796",7846,"TCGA-COAD","HJURP",0.0134834782370371,-0.713553021255916,0.479764796498869
"797",7847,"TCGA-COAD","HK2",-0.0108866754296296,0.735013001910858,0.465220760784656
"798",7848,"TCGA-COAD","HMBS",0.00760109841481482,-0.588716211215839,0.558063659940672
"799",7849,"TCGA-COAD","HMGA1",0.00188810611851853,-0.124040358871421,0.901854255722618
"800",7850,"TCGA-COAD","HMGB1",-0.0128689403407407,1.00027026348041,0.321398069315326
"801",7851,"TCGA-COAD","HMGCR",-0.019374999762963,1.55453815991048,0.126844054777914
"802",7852,"TCGA-COAD","HMGCS1",-0.000910587718518485,0.0877890863479793,0.930448959316081
"803",7853,"TCGA-COAD","HNF1B",2.55009703704623e-05,-0.00193271634616015,0.998465217433914
"804",7854,"TCGA-COAD","HNRNPA1",-0.0155069308074074,0.83431370176081,0.407727252688653
"805",7855,"TCGA-COAD","HNRNPA1L2",-0.0293719380740741,1.82938336408189,0.071216380894609
"806",7856,"TCGA-COAD","HNRNPA2B1",-0.0113992253407407,0.432284697968349,0.667577108199213
"807",7857,"TCGA-COAD","HNRNPC",-0.00436444347407405,0.40758543478522,0.685330254306197
"808",7858,"TCGA-COAD","HNRNPF",-0.00583996105925932,0.303555939241185,0.762775170511305
"809",7859,"TCGA-COAD","HNRNPH1",0.00253995120740746,-0.154292430148867,0.877961075475248
"810",7860,"TCGA-COAD","HNRNPK",-0.00259386574074078,0.199043428730875,0.843155824642651
"811",7861,"TCGA-COAD","HNRNPL",-0.0158583563703704,1.45106006397515,0.154058837835263
"812",7862,"TCGA-COAD","HNRNPM",-0.0156997624962962,0.997104083116683,0.323816997832003
"813",7863,"TCGA-COAD","HNRNPU",-0.0139247055037037,1.36837765160108,0.177747956213883
"814",7864,"TCGA-COAD","HOXD13",-0.00899283477037038,0.689988072832616,0.493216625744572
"815",7865,"TCGA-COAD","HS6ST1",0.0145424138444444,-1.78043005324137,0.0798449475554496
"816",7866,"TCGA-COAD","HSCB",-0.00604618684444447,0.293999677819447,0.770161299335328
"817",7867,"TCGA-COAD","HSD17B10",0.00341253445185186,-0.269464079840699,0.788791306970366
"818",7868,"TCGA-COAD","HSD17B12",-0.0222177075629629,1.3336053388539,0.187082763958798
"819",7869,"TCGA-COAD","HSF1",-0.00820737925185189,0.568200303583561,0.571980535884546
"820",7870,"TCGA-COAD","HSP90AB1",-0.0130420521407407,0.818683842419484,0.416998663874131
"821",7871,"TCGA-COAD","HSP90B1",-0.0138230991925926,1.22694404194617,0.225937119797176
"822",7872,"TCGA-COAD","HSPA13",-0.0174053559481482,1.13776824286374,0.260119001179549
"823",7873,"TCGA-COAD","HSPA14",-0.014900218725926,0.833560339701211,0.40827948269592
"824",7874,"TCGA-COAD","HSPA5",-0.0089314962,1.32741646276067,0.189759857489377
"825",7875,"TCGA-COAD","HSPA8",-0.0151987412148148,1.03985248245478,0.303666592099659
"826",7876,"TCGA-COAD","HSPA9",0.00272685158518515,-0.269536719438784,0.788559889835997
"827",7877,"TCGA-COAD","HSPD1",-0.00015782912592599,0.0150446009484585,0.988058924548644
"828",7878,"TCGA-COAD","HSPE1",0.0296174307259259,-1.36305852885072,0.178082207179192
"829",7879,"TCGA-COAD","HTATSF1",-0.0227944707111111,1.28340809097455,0.204192745382702
"830",7880,"TCGA-COAD","HTRA2",-0.018676923,1.02999102827028,0.307257669099377
"831",7881,"TCGA-COAD","HUS1",-0.000924980496296302,0.09442994223104,0.925085661326107
"832",7882,"TCGA-COAD","HUWE1",-0.00976692900000009,0.795248130793307,0.429967469373767
"833",7883,"TCGA-COAD","HYOU1",0.0078325500592592,-0.306119564830045,0.76071943400657
"834",7884,"TCGA-COAD","HYPK",-0.0234847025925926,2.2332524552453,0.0284836456562221
"835",7885,"TCGA-COAD","IARS1",-0.00709786594074074,0.893333880483272,0.376974177088043
"836",7886,"TCGA-COAD","IARS2",-0.0156724687111112,1.43112455412975,0.159317541179836
"837",7887,"TCGA-COAD","IBA57",-0.0267044233851852,1.97976318284629,0.0541204293229299
"838",7888,"TCGA-COAD","ICE1",-0.00125898824444437,0.139182382126486,0.889867996199069
"839",7889,"TCGA-COAD","ICE2",-0.00494211907407416,0.589845224427993,0.557551495122209
"840",7890,"TCGA-COAD","ICMT",-0.0271323530148148,2.34758573177259,0.0233621212539965
"841",7891,"TCGA-COAD","IDH3A",-0.00950634951111118,1.00460121259173,0.320042302081027
"842",7892,"TCGA-COAD","IER3IP1",-0.0117395589925926,0.912568143601057,0.365210929177685
"843",7893,"TCGA-COAD","IFITM3",-0.00858537419259253,1.04830420530141,0.298698396128373
"844",7894,"TCGA-COAD","IGBP1",-0.0171824634962964,2.4063362156254,0.0187338939927099
"845",7895,"TCGA-COAD","IGF1R",0.00802780791111113,-0.459633325317698,0.647479522853206
"846",7896,"TCGA-COAD","IK",-0.0132951660444445,1.33136015484805,0.188529506007039
"847",7897,"TCGA-COAD","IKBKG",-0.00486037054074073,0.308380872127013,0.758898171270688
"848",7898,"TCGA-COAD","ILF2",-0.00969512874074074,0.975544413082683,0.333387891958794
"849",7899,"TCGA-COAD","ILF3",-0.000523592985185117,0.0243200068125204,0.980709669780578
"850",7900,"TCGA-COAD","ILK",-0.0307388487777778,1.30868980425112,0.19589296133563
"851",7901,"TCGA-COAD","IMP3",0.000341807251851844,-0.0300978309648216,0.976119900880805
"852",7902,"TCGA-COAD","IMP4",0.00143777349629626,-0.202848610374483,0.840242121482357
"853",7903,"TCGA-COAD","IMPDH2",-0.00103717892592592,0.0966339398563503,0.923463614158949
"854",7904,"TCGA-COAD","INCENP",-0.0214886839111111,1.72884944024982,0.0907383691344048
"855",7905,"TCGA-COAD","ING3",-0.00394308897037043,0.316974879084473,0.752318521225115
"856",7906,"TCGA-COAD","INO80",-0.00652541917777782,0.664076660458364,0.509723897375864
"857",7907,"TCGA-COAD","INTS1",-0.0122040577111111,1.21898413948797,0.227250132623685
"858",7908,"TCGA-COAD","INTS10",0.00180746754074068,-0.112019000745236,0.911374406105766
"859",7909,"TCGA-COAD","INTS11",0.00230179542222225,-0.312351972300174,0.756498495344811
"860",7910,"TCGA-COAD","INTS12",-0.00613884405925924,0.363415211900403,0.717829872158009
"861",7911,"TCGA-COAD","INTS13",-0.0130212032222222,0.657168323867638,0.514446005757064
"862",7912,"TCGA-COAD","INTS14",-0.00335863454814822,0.23347494316736,0.816366188470367
"863",7913,"TCGA-COAD","INTS3",0.0168259371333334,-1.62923771399085,0.110847510884113
"864",7914,"TCGA-COAD","INTS5",0.0027273966074074,-0.25660197007433,0.798914869046506
"865",7915,"TCGA-COAD","INTS6",0.00349457674074072,-0.280618958047135,0.780409602844638
"866",7916,"TCGA-COAD","INTS7",0.00479517699259258,-0.540022818216767,0.591880344556597
"867",7917,"TCGA-COAD","INTS8",-0.000279749740740742,0.0380731535124898,0.969790467792132
"868",7918,"TCGA-COAD","INTS9",0.00229123808888887,-0.344505418507061,0.731926063789819
"869",7919,"TCGA-COAD","IPO11",-0.0138049368074075,1.41362583018856,0.163255973782234
"870",7920,"TCGA-COAD","IPO13",-0.00310108581481472,0.259781503907048,0.795944537229723
"871",7921,"TCGA-COAD","IPO5",-0.00631507933333331,0.365864510724587,0.716153103218706
"872",7922,"TCGA-COAD","IPO7",-0.0120509474888888,1.15339355650561,0.253819609807134
"873",7923,"TCGA-COAD","IPO9",-0.0219467920148148,1.30918177086484,0.195555295114692
"874",7924,"TCGA-COAD","IPPK",-0.0156747126888889,1.2429272222702,0.219748654206208
"875",7925,"TCGA-COAD","IREB2",0.000226257792592555,-0.0198367217992076,0.98425438754865
"876",7926,"TCGA-COAD","IRF2",-0.0160413947481481,0.986316463481539,0.329162371972503
"877",7927,"TCGA-COAD","IRF2BP2",-0.0180350699777778,1.37865733503082,0.174415560951898
"878",7928,"TCGA-COAD","IRF4",-0.00074125102962963,0.0602621983559547,0.952152902279287
"879",7929,"TCGA-COAD","IRS2",-0.00838184276296294,0.561178145944995,0.577840607085779
"880",7930,"TCGA-COAD","ISCA1",-0.0123775642740741,0.800901312732961,0.427357743484263
"881",7931,"TCGA-COAD","ISCA2",-0.00305327607407413,0.241015949654451,0.810701475627118
"882",7932,"TCGA-COAD","ISCU",0.0172907085703704,-1.28594393118525,0.204032380760912
"883",7933,"TCGA-COAD","ISG20L2",0.00195276012592593,-0.25248609863861,0.801770844800719
"884",7934,"TCGA-COAD","ISL1",-0.0025720708074074,0.160423128527997,0.873054770838291
"885",7935,"TCGA-COAD","ISY1",-0.0111620682666667,1.08918033099747,0.280435800073795
"886",7936,"TCGA-COAD","ITGA3",-0.00939511729629627,0.731124804484905,0.468345844425663
"887",7937,"TCGA-COAD","ITGAV",-0.0128553197481481,1.09801289073189,0.278372000595621
"888",7938,"TCGA-COAD","ITGB1",-0.00927318354074069,0.798581014058461,0.428705218190545
"889",7939,"TCGA-COAD","ITGB5",-0.017241660762963,2.25396399379093,0.0277280105442192
"890",7940,"TCGA-COAD","ITPK1",-0.0176512961407408,1.4618023839851,0.149862483205608
"891",7941,"TCGA-COAD","JMJD6",-0.00641861601481475,0.511067557052775,0.611401282334694
"892",7942,"TCGA-COAD","JTB",0.0165452062074074,-1.25816960963145,0.214293876579434
"893",7943,"TCGA-COAD","JUN",-0.039704255725926,2.76630843670349,0.0077409239143797
"894",7944,"TCGA-COAD","JUNB",-0.00140493280740739,0.121131189510159,0.904060702523787
"895",7945,"TCGA-COAD","KANSL1",-0.00471984030370365,0.537306272116554,0.593324154969899
"896",7946,"TCGA-COAD","KANSL2",-0.0101632360518519,1.13862616905824,0.260565363113984
"897",7947,"TCGA-COAD","KANSL3",-0.0152177331407408,1.58867209059051,0.11846382327732
"898",7948,"TCGA-COAD","KARS1",-0.00244516822962959,0.28645578870481,0.776037987110293
"899",7949,"TCGA-COAD","KAT8",-0.00576891810370372,0.677387215285784,0.501761734443323
"900",7950,"TCGA-COAD","KATNB1",-0.0263175211629629,1.33693247075826,0.187713160264488
"901",7951,"TCGA-COAD","KCMF1",-0.00583910400740739,0.695336231465234,0.489265166579379
"902",7952,"TCGA-COAD","KCTD10",-0.00144861369629623,0.117433074679373,0.907006197044751
"903",7953,"TCGA-COAD","KCTD5",-0.0195875140740741,1.31806967679934,0.193144903414754
"904",7954,"TCGA-COAD","KDM2A",-0.00790325157777783,0.631414356589597,0.530344977231314
"905",7955,"TCGA-COAD","KDM5C",-0.00737563761481486,0.783943116196334,0.436172330591822
"906",7956,"TCGA-COAD","KDM8",0.00629319868888889,-0.438366968998625,0.663381178351002
"907",7957,"TCGA-COAD","KDSR",-0.0258809675333334,2.32644708747221,0.024071475746408
"908",7958,"TCGA-COAD","KEAP1",-0.00438371154074069,0.395448314930812,0.694066166574061
"909",7959,"TCGA-COAD","KHSRP",-0.0144294097259259,0.884304691593976,0.381890632643889
"910",7960,"TCGA-COAD","KIDINS220",-0.010920662237037,0.8579194211705,0.394758332797382
"911",7961,"TCGA-COAD","KIF11",-0.0145925203111111,1.13581747852022,0.262219794697987
"912",7962,"TCGA-COAD","KIF14",0.0175507070814814,-0.797023202631682,0.429525969532675
"913",7963,"TCGA-COAD","KIF18A",-0.0188755391407407,1.7621194399486,0.0838912462979911
"914",7964,"TCGA-COAD","KIF18B",-0.00239352172592588,0.159165061608296,0.874236028108029
"915",7965,"TCGA-COAD","KIF20A",-0.00244274637777775,0.143586852407754,0.886472685906011
"916",7966,"TCGA-COAD","KIF23",-0.0171614913037038,1.37564351090722,0.17571212679041
"917",7967,"TCGA-COAD","KIF2C",-0.0161842179185185,0.780587028530916,0.439375817981175
"918",7968,"TCGA-COAD","KIF4A",-0.0223799827185185,1.1100439762582,0.272257987589265
"919",7969,"TCGA-COAD","KIN",-0.0285906634222222,3.81885803092353,0.000291523775427642
"920",7970,"TCGA-COAD","KIRREL1",-0.00880578445925928,0.790580880095079,0.432719707203502
"921",7971,"TCGA-COAD","KLF5",-0.0109390377333334,0.968065627132651,0.336706459546271
"922",7972,"TCGA-COAD","KMT2A",-0.00891735580740749,0.690549590604155,0.492872473899441
"923",7973,"TCGA-COAD","KMT2D",-0.0133769215703704,1.33789373341846,0.18614577359906
"924",7974,"TCGA-COAD","KNL1",-0.0206890967333333,1.23962265227567,0.220906138309964
"925",7975,"TCGA-COAD","KNTC1",-0.00487336254074067,0.275827494267002,0.784134962858865
"926",7976,"TCGA-COAD","KPNA2",-0.0150307782444444,1.17467203151368,0.244076707595787
"927",7977,"TCGA-COAD","KPNB1",-0.0118305185407408,0.837603441541349,0.406730941124813
"928",7978,"TCGA-COAD","KRAS",-0.0119970791407408,0.952008680433018,0.345566997658827
"929",7979,"TCGA-COAD","KRI1",0.000395762733333416,-0.0526943489680684,0.958169827633969
"930",7980,"TCGA-COAD","KRR1",-0.00784802808148144,0.816659191603924,0.418457332431376
"931",7981,"TCGA-COAD","KRT18",-0.0170860249185185,1.34937900744288,0.18318783307599
"932",7982,"TCGA-COAD","KTI12",-0.0148280352814815,1.20712361829914,0.233424745442783
"933",7983,"TCGA-COAD","LAMTOR2",0.00410532928888885,-0.285535471933308,0.776437612556779
"934",7984,"TCGA-COAD","LAMTOR3",0.0125454322148147,-0.687942824890456,0.494574371081944
"935",7985,"TCGA-COAD","LAMTOR4",-0.00224713531111109,0.167290000320634,0.867927440308186
"936",7986,"TCGA-COAD","LARP1",-0.00155017770370369,0.0875673718719528,0.930623399795765
"937",7987,"TCGA-COAD","LARP7",0.00221499759259258,-0.226464132712914,0.821701512176024
"938",7988,"TCGA-COAD","LARS1",-0.0115934117703703,1.54923973809246,0.129154889866535
"939",7989,"TCGA-COAD","LARS2",-0.013879637562963,1.03395709559809,0.305542728250749
"940",7990,"TCGA-COAD","LAS1L",0.00527775434074074,-0.657282870549909,0.513658297506297
"941",7991,"TCGA-COAD","LCE2B",-0.0260699178888889,2.06707000590502,0.042640204068837
"942",7992,"TCGA-COAD","LCMT1",-0.0102088770296297,1.01505181024994,0.314978502885712
"943",7993,"TCGA-COAD","LDB1",-0.0129555455925926,0.994507297074966,0.324031368036561
"944",7994,"TCGA-COAD","LDLR",-0.00458022304444439,0.274949593401916,0.784572504884344
"945",7995,"TCGA-COAD","LEMD2",-0.00500899145925926,0.209876387450401,0.83461936594431
"946",7996,"TCGA-COAD","LETM1",-0.0210013409777778,2.44746061006494,0.0173076061965094
"947",7997,"TCGA-COAD","LIAS",-0.0197321892888889,1.49752690102612,0.139427870947284
"948",7998,"TCGA-COAD","LIG1",-0.0181146321111111,1.34372238118234,0.185143705053504
"949",7999,"TCGA-COAD","LIN54",-0.0097647720666667,0.721304904788368,0.474209448770938
"950",8000,"TCGA-COAD","LIPT1",-0.023646048688889,1.92577743871171,0.0599584922089006
"951",8001,"TCGA-COAD","LMNA",-0.0136459451851851,1.31207569684701,0.19564869407256
"952",8002,"TCGA-COAD","LMNB1",-0.0121180329333332,0.874102901715235,0.386386566179949
"953",8003,"TCGA-COAD","LONP1",-0.0311482790518519,2.79903993854272,0.00788758121676795
"954",8004,"TCGA-COAD","LRP8",-0.0150196605333334,1.32360209692819,0.190660111350285
"955",8005,"TCGA-COAD","LRPPRC",-0.0106567446962963,1.31615744049213,0.19491664763383
"956",8006,"TCGA-COAD","LRR1",-0.00215714603703704,0.234527458949985,0.815712567804289
"957",8007,"TCGA-COAD","LSG1",-0.00064767865185178,0.0730993979861259,0.942031639547532
"958",8008,"TCGA-COAD","LSM11",-0.000883654785185262,0.0878354015638077,0.930436758630138
"959",8009,"TCGA-COAD","LSM2",-0.0133802959259259,1.39581603700882,0.17206168126592
"960",8010,"TCGA-COAD","LSM3",-0.00136610736296294,0.147637965319094,0.883199473956915
"961",8011,"TCGA-COAD","LSM4",0.00464657134814817,-0.524152133528617,0.603373103983948
"962",8012,"TCGA-COAD","LSM5",-0.0142055458074074,1.07560009682067,0.286599866008432
"963",8013,"TCGA-COAD","LSM6",-0.0115245763555555,1.1464251745267,0.255776775578814
"964",8014,"TCGA-COAD","LSM7",-0.00750649971851858,0.91551759962304,0.363734744646416
"965",8015,"TCGA-COAD","LSM8",-0.00110002574814816,0.112744380337292,0.910599010487825
"966",8016,"TCGA-COAD","LTO1",-0.0186729321555557,1.21742452907661,0.230726498531122
"967",8017,"TCGA-COAD","LUC7L2",-0.0145500817259259,0.8360383992986,0.406636754835234
"968",8018,"TCGA-COAD","LUC7L3",0.00845174547407401,-0.79840359698758,0.429428277960513
"969",8019,"TCGA-COAD","LYRM4",-0.00971588077037044,0.802846835905581,0.427141101859888
"970",8020,"TCGA-COAD","MAD2L1",-0.0145679839851852,1.49430850259884,0.142455719572814
"971",8021,"TCGA-COAD","MAD2L1BP",-0.0162161090370371,1.20697252580384,0.232193451762167
"972",8022,"TCGA-COAD","MAD2L2",0.00562455442222232,-0.354736371907345,0.72452822588322
"973",8023,"TCGA-COAD","MAEA",-0.0178365072444444,1.2379810925433,0.220984607777374
"974",8024,"TCGA-COAD","MAGOH",-0.0132714080814815,0.850260030775073,0.399741856784603
"975",8025,"TCGA-COAD","MAK16",-0.0150303557555556,1.29697230419972,0.20313893211735
"976",8026,"TCGA-COAD","MALSU1",-0.0206639843037038,1.69712501271587,0.0966033813328158
"977",8027,"TCGA-COAD","MANF",-0.0134721768962963,1.18184981948042,0.241281661662592
"978",8028,"TCGA-COAD","MAP3K7",-0.010612773362963,0.762668969850326,0.449270782495817
"979",8029,"TCGA-COAD","MAP4K4",-0.0248661372074074,1.29032355830961,0.202548841994136
"980",8030,"TCGA-COAD","MAPK1",-0.0111965356296296,0.879883952686626,0.383228288767003
"981",8031,"TCGA-COAD","MAPK14",-0.00635102729629633,0.450977156215964,0.653867186582152
"982",8032,"TCGA-COAD","MARCHF5",-0.0188514513407407,1.43122878610335,0.157239217912418
"983",8033,"TCGA-COAD","MARK2",-0.0261134185703704,2.03711308393753,0.0467360276708298
"984",8034,"TCGA-COAD","MARS1",-0.00111982096296304,0.100748195677806,0.920287782024503
"985",8035,"TCGA-COAD","MARS2",-0.0179960148814815,1.55604278884867,0.125580365647742
"986",8036,"TCGA-COAD","MASTL",-0.00634651014814813,0.911764340479706,0.365184513538459
"987",8037,"TCGA-COAD","MAT2A",-0.0110982186592593,0.919881762676428,0.363109225386784
"988",8038,"TCGA-COAD","MAU2",0.000952940244444478,-0.0706189911502998,0.944068320640189
"989",8039,"TCGA-COAD","MAX",-0.00909541592592589,0.766716784275504,0.447730824867533
"990",8040,"TCGA-COAD","MBNL1",-0.0065095723481482,0.688254224678955,0.49423977308913
"991",8041,"TCGA-COAD","MBTPS1",-0.00892913817037033,1.19506960117066,0.237650742358111
"992",8042,"TCGA-COAD","MBTPS2",-0.00918770579999995,0.428311709913493,0.670136801781728
"993",8043,"TCGA-COAD","MCL1",-0.0113798415407407,0.749776757969217,0.456994615472294
"994",8044,"TCGA-COAD","MCM2",0.00641475114814816,-0.565411119209246,0.574732286259142
"995",8045,"TCGA-COAD","MCM3",0.00809836019999999,-0.641640318259672,0.524350216510983
"996",8046,"TCGA-COAD","MCM3AP",-0.0106335171851851,1.1370022244161,0.261071997475767
"997",8047,"TCGA-COAD","MCM4",0.0017949487333333,-0.194494685161635,0.846591079420629
"998",8048,"TCGA-COAD","MCM5",-0.0140800330148148,1.52329444430273,0.134983701303704
"999",8049,"TCGA-COAD","MCM6",0.00874871796296295,-0.841348728449217,0.404605395988265
"1000",8050,"TCGA-COAD","MCM7",-0.00605901389629632,0.740524265228784,0.462283021013393
"1001",8051,"TCGA-COAD","MCMBP",-0.00601779589629625,0.456427668076174,0.649999955722335
"1002",8052,"TCGA-COAD","MDM2",-0.0570577217333333,2.10958605217141,0.0396026120743647
"1003",8053,"TCGA-COAD","MDM4",-0.00667753297777773,0.568535124802439,0.572218231755301
"1004",8054,"TCGA-COAD","MDN1",0.004309618037037,-0.461869327515667,0.64689429502818
"1005",8055,"TCGA-COAD","MEAF6",0.0025224941555555,-0.16630068450758,0.868605973198673
"1006",8056,"TCGA-COAD","MED1",-0.00444893149629633,0.256769717366806,0.798727330740818
"1007",8057,"TCGA-COAD","MED10",-0.00975456445925926,0.942779535482078,0.349395671002435
"1008",8058,"TCGA-COAD","MED11",0.0196748766444445,-0.963268739065777,0.340352991363656
"1009",8059,"TCGA-COAD","MED12",-0.0206006669481481,3.01523286457926,0.00371589843424074
"1010",8060,"TCGA-COAD","MED13",-0.0137452964074074,0.975811295793692,0.333756944518952
"1011",8061,"TCGA-COAD","MED14",0.0043703769111112,-0.396893343483917,0.693372376583803
"1012",8062,"TCGA-COAD","MED15",-0.0199982419555556,1.729299781981,0.0883521735830435
"1013",8063,"TCGA-COAD","MED16",-0.0121442138074074,0.577039233135751,0.567027280983549
"1014",8064,"TCGA-COAD","MED17",-0.0117493994592593,0.940730587296151,0.352959180116683
"1015",8065,"TCGA-COAD","MED18",0.0118928743185185,-0.980005825364163,0.33079819295409
"1016",8066,"TCGA-COAD","MED19",-0.0172283819185186,0.692411818622115,0.49193455095774
"1017",8067,"TCGA-COAD","MED23",-0.00075429916296299,0.0528235893153679,0.958094356131907
"1018",8068,"TCGA-COAD","MED24",-0.0139933948962964,0.779939895663061,0.438827803887444
"1019",8069,"TCGA-COAD","MED25",-0.00863150073333341,0.496964562080795,0.621539498336526
"1020",8070,"TCGA-COAD","MED26",-0.0152904910888889,0.911247837068174,0.366692475762164
"1021",8071,"TCGA-COAD","MED28",0.0132443308814815,-1.12044095619834,0.266781620710098
"1022",8072,"TCGA-COAD","MED30",0.0161870073777778,-1.00363295741659,0.319094785514065
"1023",8073,"TCGA-COAD","MED31",0.00020674251111108,-0.0238610247389909,0.981066602413443
"1024",8074,"TCGA-COAD","MED4",-0.0145193816148148,1.4102421891278,0.163520431756638
"1025",8075,"TCGA-COAD","MED6",-1.71747185184756e-05,0.00152740451041108,0.998787376765343
"1026",8076,"TCGA-COAD","MED7",-0.0030411848666666,0.359687371673946,0.720298774450243
"1027",8077,"TCGA-COAD","MED8",-0.0094821584,0.52008472356147,0.605380312689145
"1028",8078,"TCGA-COAD","MEF2C",-0.00409750137777776,0.269155328016666,0.788980732557467
"1029",8079,"TCGA-COAD","MEMO1",-0.0368698396888889,2.29459529642816,0.0253864009429589
"1030",8080,"TCGA-COAD","MEN1",-0.0510243181777779,2.36010607396458,0.0217742273975634
"1031",8081,"TCGA-COAD","MEPCE",-0.0256882642518519,2.41034931516885,0.0190856218517607
"1032",8082,"TCGA-COAD","METAP1",-0.0114826040814815,0.895684833808136,0.374828076184159
"1033",8083,"TCGA-COAD","METAP2",-0.0125980906518519,0.993658800585581,0.325729473922654
"1034",8084,"TCGA-COAD","METTL1",-0.0173063247111112,0.947997767958702,0.34736257874101
"1035",8085,"TCGA-COAD","METTL14",-0.00804433114074077,0.735196419651959,0.465579947519802
"1036",8086,"TCGA-COAD","METTL16",-0.0184274225555556,1.56817359994572,0.121750061426799
"1037",8087,"TCGA-COAD","METTL17",-0.00645029836296296,0.73710600895594,0.465148706657712
"1038",8088,"TCGA-COAD","METTL3",-0.00998453237037034,0.547985401170924,0.586176579989122
"1039",8089,"TCGA-COAD","MFAP1",-0.0177740161555555,1.82637212674004,0.0745168525587533
"1040",8090,"TCGA-COAD","MFN2",-0.0212105062518518,2.07069422565933,0.0434466649335722
"1041",8091,"TCGA-COAD","MGAT1",-0.0140136043555555,1.04485718820934,0.302266799001191
"1042",8092,"TCGA-COAD","MIB1",-0.00879212065925927,0.874675999681712,0.385517784558267
"1043",8093,"TCGA-COAD","MICOS10",-0.00594960577777781,0.385143592502541,0.701741635776092
"1044",8094,"TCGA-COAD","MIOS",-0.0020403698962963,0.150773844908031,0.880811281656745
"1045",8095,"TCGA-COAD","MIPEP",0.00101012048888893,-0.0816547229699221,0.935238810816457
"1046",8096,"TCGA-COAD","MIS12",-0.0207558172740741,1.51423432641939,0.136816358610526
"1047",8097,"TCGA-COAD","MIS18A",-0.00541970665185187,0.324209620011562,0.747239221388895
"1048",8098,"TCGA-COAD","MIS18BP1",0.00651490943703714,-0.4046023581829,0.687755146198883
"1049",8099,"TCGA-COAD","MLST8",-0.0175257312074074,1.14447562006405,0.257742355990314
"1050",8100,"TCGA-COAD","MMGT1",-0.0191257441407408,1.25157656277106,0.216296401354802
"1051",8101,"TCGA-COAD","MMS19",-0.0101358041777777,0.840785288821012,0.404870077883545
"1052",8102,"TCGA-COAD","MMS22L",0.00311905766666665,-0.293376937307642,0.770577688244577
"1053",8103,"TCGA-COAD","MNAT1",-0.00910226921481483,0.498874072055884,0.62009153430129
"1054",8104,"TCGA-COAD","MNT",-0.0122667328518519,0.972521777990592,0.334923153824504
"1055",8105,"TCGA-COAD","MOCS3",-0.0129242703777778,1.00614523915563,0.319456105027405
"1056",8106,"TCGA-COAD","MON2",-0.0197914542296296,2.04607141257182,0.0451620301075863
"1057",8107,"TCGA-COAD","MORF4L1",-0.0104717586962962,0.583045073249059,0.562707901297281
"1058",8108,"TCGA-COAD","MPHOSPH10",-0.00464936494074075,0.544549878902446,0.58832626845072
"1059",8109,"TCGA-COAD","MRE11",-0.0086493354814815,0.561372814673139,0.577307087371221
"1060",8110,"TCGA-COAD","MRGBP",-0.0198333539185185,1.34109012917322,0.185662124305491
"1061",8111,"TCGA-COAD","MRM2",-0.0142147673481482,0.871600170678081,0.388878300588018
"1062",8112,"TCGA-COAD","MRM3",-0.0297148571481481,2.05029910430786,0.0456931989397339
"1063",8113,"TCGA-COAD","MRPL10",-0.0176032252888889,2.37622327317144,0.020152197133716
"1064",8114,"TCGA-COAD","MRPL12",-0.0216362256518519,1.61993238460253,0.111939135912422
"1065",8115,"TCGA-COAD","MRPL13",-0.0148828571037037,0.968684026570093,0.337917750658944
"1066",8116,"TCGA-COAD","MRPL15",-0.0144475603185186,0.852925333778369,0.397793640734375
"1067",8117,"TCGA-COAD","MRPL16",-0.0119160159259259,0.935533684296874,0.353823976041388
"1068",8118,"TCGA-COAD","MRPL18",-0.0143426157333333,1.50110428612535,0.140857370105983
"1069",8119,"TCGA-COAD","MRPL2",-0.0238772410666667,1.75653919728493,0.0846673011489602
"1070",8120,"TCGA-COAD","MRPL20",-0.0164393816222222,1.34452574958103,0.184730792303606
"1071",8121,"TCGA-COAD","MRPL22",-0.0221907909555555,1.43538435636317,0.15700243336998
"1072",8122,"TCGA-COAD","MRPL23",-0.008671756074074,0.75266118141656,0.455017293683667
"1073",8123,"TCGA-COAD","MRPL24",-0.00781476995555552,0.646673061432332,0.521253632855168
"1074",8124,"TCGA-COAD","MRPL27",-0.00519359320000001,0.467686598749119,0.642228858207855
"1075",8125,"TCGA-COAD","MRPL28",-0.0237145944370371,1.61140433810338,0.113383765921625
"1076",8126,"TCGA-COAD","MRPL3",-0.0125543251259259,0.745932390282169,0.459094006308781
"1077",8127,"TCGA-COAD","MRPL32",-0.0138468367925926,1.39570928144179,0.167858166221915
"1078",8128,"TCGA-COAD","MRPL34",-0.0127987136740741,1.67670864354367,0.100656222770519
"1079",8129,"TCGA-COAD","MRPL35",-0.00836271970370372,0.68878556196383,0.495006552409239
"1080",8130,"TCGA-COAD","MRPL36",-0.0137021223703704,1.14366215915102,0.259014662858725
"1081",8131,"TCGA-COAD","MRPL41",-0.0140213977555556,1.84080218523954,0.0733653743059608
"1082",8132,"TCGA-COAD","MRPL43",-0.0137818166444444,1.47918785282766,0.145346206888102
"1083",8133,"TCGA-COAD","MRPL44",-0.00873375865185189,1.10492809070155,0.276255784368549
"1084",8134,"TCGA-COAD","MRPL47",-0.0134444408074074,1.2823893938715,0.205940236337543
"1085",8135,"TCGA-COAD","MRPL51",-0.0116221302666667,1.38399649525335,0.171815664450206
"1086",8136,"TCGA-COAD","MRPL55",-0.0148921687481481,1.84069150294618,0.0723448125367414
"1087",8137,"TCGA-COAD","MRPL57",-0.00595094828888898,0.828075075310095,0.412457757283081
"1088",8138,"TCGA-COAD","MRPL58",-0.0148357415185185,1.19543502436095,0.239092343353775
"1089",8139,"TCGA-COAD","MRPL9",-0.0139563784666666,1.61726000884574,0.113438759857212
"1090",8140,"TCGA-COAD","MRPS11",-0.0157005211851852,1.52859911956929,0.1334499538917
"1091",8141,"TCGA-COAD","MRPS12",-0.0179666932666667,1.79481657588596,0.0787687114204683
"1092",8142,"TCGA-COAD","MRPS14",-0.0188377341333333,1.24123427342775,0.220303449000929
"1093",8143,"TCGA-COAD","MRPS16",-0.011540439,1.44863373848981,0.153782968333638
"1094",8144,"TCGA-COAD","MRPS17",-0.0169961640888889,1.13106599668674,0.263590794743962
"1095",8145,"TCGA-COAD","MRPS18B",-0.0181877841777778,2.28263243949723,0.0277941144754053
"1096",8146,"TCGA-COAD","MRPS18C",-0.00986051122222231,0.690889977444007,0.492962218693127
"1097",8147,"TCGA-COAD","MRPS2",-0.0200916350814815,1.38705219305365,0.170799089774863
"1098",8148,"TCGA-COAD","MRPS21",-0.00557036828888891,0.829893531271564,0.409972991379155
"1099",8149,"TCGA-COAD","MRPS24",-0.0204083817407407,1.91735468288827,0.0607763587498905
"1100",8150,"TCGA-COAD","MRPS27",-0.0162544830666667,1.86329061067311,0.0690318355365209
"1101",8151,"TCGA-COAD","MRPS30",-0.0226234329407408,1.37470278543689,0.17511317107123
"1102",8152,"TCGA-COAD","MRPS34",-0.015675187837037,2.00520443069714,0.0508605698144396
"1103",8153,"TCGA-COAD","MRPS5",-0.0144117109999999,1.35720289864991,0.18007024218472
"1104",8154,"TCGA-COAD","MRPS6",-0.00965035780740742,1.02586232407606,0.310367029683122
"1105",8155,"TCGA-COAD","MRPS7",-0.0205150523777777,1.33458746475954,0.187903995438536
"1106",8156,"TCGA-COAD","MRTO4",-0.00246401628888882,0.236695938930115,0.813704695826853
"1107",8157,"TCGA-COAD","MSL1",-0.00998609522962968,1.00350335069517,0.319585476842918
"1108",8158,"TCGA-COAD","MSTO1",0.0130380988814816,-0.76650945690372,0.447025198434793
"1109",8159,"TCGA-COAD","MT1E",-0.0103604243555555,1.00124308036836,0.321151023258049
"1110",8160,"TCGA-COAD","MT2A",-0.00944804074074068,0.916924064113615,0.363190717219678
"1111",8161,"TCGA-COAD","MTBP",0.00721628814074071,-0.674244903444307,0.504620341256967
"1112",8162,"TCGA-COAD","MTCH2",-0.0136831839111111,0.903914258860511,0.36933485430729
"1113",8163,"TCGA-COAD","MTERF4",-0.0225165246074074,1.99854761560544,0.0521619129289587
"1114",8164,"TCGA-COAD","MTF1",-0.00931950858518515,0.715274982424665,0.477218591352985
"1115",8165,"TCGA-COAD","MTG1",-0.0254636301925926,1.57472393245592,0.121453074437455
"1116",8166,"TCGA-COAD","MTG2",-0.0049897607777778,0.660127573751492,0.513002180416479
"1117",8167,"TCGA-COAD","MTHFD1",-0.0132203607037037,1.15367764341639,0.253732862655899
"1118",8168,"TCGA-COAD","MTOR",-0.0165947052666667,1.67476188270489,0.101066789098948
"1119",8169,"TCGA-COAD","MTPAP",-0.0147070809777778,1.66291984965171,0.103713609440437
"1120",8170,"TCGA-COAD","MTREX",-0.00350931746666661,0.407676504668355,0.685492695904967
"1121",8171,"TCGA-COAD","MTRF1L",-0.012671730725926,1.26122453720728,0.213813168252484
"1122",8172,"TCGA-COAD","MTX2",-0.0204221758518518,1.75231794623021,0.0852369784102813
"1123",8173,"TCGA-COAD","MUC20",-0.0266274414518518,3.20966958342847,0.00208359139900224
"1124",8174,"TCGA-COAD","MVD",-0.000745010911111121,0.047758227179635,0.962117806083431
"1125",8175,"TCGA-COAD","MVK",-0.0189380261037038,1.33292140678739,0.187639565082937
"1126",8176,"TCGA-COAD","MYB",-0.00546407280740746,0.405680304942139,0.686516487013247
"1127",8177,"TCGA-COAD","MYBBP1A",-0.00189156328888884,0.123437023896157,0.902196618278615
"1128",8178,"TCGA-COAD","MYBL2",-0.00584152748888889,0.441889833451226,0.660257527543972
"1129",8179,"TCGA-COAD","MYC",-0.0210737772444444,2.49958012841428,0.0169983308738539
"1130",8180,"TCGA-COAD","MYCN",-0.0108398953037038,1.09475919962566,0.278157239950575
"1131",8181,"TCGA-COAD","MYH9",-0.00936820879259259,1.28106614622431,0.205382339490138
"1132",8182,"TCGA-COAD","MZT1",0.0030349253555555,-0.25545374507958,0.799262937527431
"1133",8183,"TCGA-COAD","N6AMT1",-0.00462670790370368,0.303779160374253,0.76275751890327
"1134",8184,"TCGA-COAD","NAA10",0.00111645384444437,-0.110958301622591,0.912123056292761
"1135",8185,"TCGA-COAD","NAA15",-0.0131671753851852,1.21025423585839,0.231930858232347
"1136",8186,"TCGA-COAD","NAA20",-0.0111484196814815,0.901096010113788,0.371401114450049
"1137",8187,"TCGA-COAD","NAA25",-0.00554838282962966,0.506281742545511,0.615011860488513
"1138",8188,"TCGA-COAD","NAA35",-0.0101524887185186,0.623136540397976,0.535915380890243
"1139",8189,"TCGA-COAD","NAA50",0.00305119285925926,-0.399706721243173,0.690814119140235
"1140",8190,"TCGA-COAD","NACA",-0.0052156846962963,0.448022696494874,0.656501874387994
"1141",8191,"TCGA-COAD","NAE1",-0.0101980951703704,0.754822575227935,0.454220074439272
"1142",8192,"TCGA-COAD","NAMPT",-0.000768302903703666,0.0469452695251344,0.962747865228736
"1143",8193,"TCGA-COAD","NAPA",-0.0070063007333333,0.770314491468496,0.444136001612168
"1144",8194,"TCGA-COAD","NAPG",-0.0186513785259259,1.43568811273028,0.15563027858143
"1145",8195,"TCGA-COAD","NARS1",-0.0060170652888889,0.697797747959723,0.488182604468212
"1146",8196,"TCGA-COAD","NARS2",-0.00957097788148153,0.47996714468426,0.63336076321072
"1147",8197,"TCGA-COAD","NAT10",-0.00969181008148146,1.07368045080298,0.288770161012924
"1148",8198,"TCGA-COAD","NBAS",-0.00950799728148155,0.634861346719423,0.528118104011143
"1149",8199,"TCGA-COAD","NCAPD2",0.000424762688888913,-0.0600362488915739,0.952381533119291
"1150",8200,"TCGA-COAD","NCAPD3",-0.0047698554296296,0.275925116087404,0.783950918912054
"1151",8201,"TCGA-COAD","NCAPG",-0.0208892969037037,2.4817315893901,0.0173207153410372
"1152",8202,"TCGA-COAD","NCAPG2",0.00156632030370374,-0.110459616194448,0.9125119105377
"1153",8203,"TCGA-COAD","NCAPH2",-0.00484815606666678,0.397460497112282,0.692646288380449
"1154",8204,"TCGA-COAD","NCBP1",-0.020463267874074,1.40337214064772,0.166273609465025
"1155",8205,"TCGA-COAD","NCBP2",-0.0227479121407408,1.84003173185324,0.0718726052635917
"1156",8206,"TCGA-COAD","NCKAP1",-0.00525085228148148,0.400075473157908,0.691093789633142
"1157",8207,"TCGA-COAD","NCL",-0.0171282924518519,1.40748433330974,0.165241306359578
"1158",8208,"TCGA-COAD","NCOA4",-0.0179963990296297,0.97701618670587,0.332374297158679
"1159",8209,"TCGA-COAD","NDC1",-0.00685344915555564,0.437181040848914,0.663825030209932
"1160",8210,"TCGA-COAD","NDC80",0.00090060544444448,-0.118865517968792,0.905869637542336
"1161",8211,"TCGA-COAD","NDE1",0.0161109859037037,-0.743703731439412,0.461127576099475
"1162",8212,"TCGA-COAD","NDOR1",-0.0036311531481481,0.281656387409711,0.779466951878684
"1163",8213,"TCGA-COAD","NDUFA1",-0.0103989693407407,0.963096316930015,0.34041190293679
"1164",8214,"TCGA-COAD","NDUFA10",-0.00846151597777778,0.751837083314734,0.455913741003031
"1165",8215,"TCGA-COAD","NDUFA11",-0.0122956814148149,1.26180625443172,0.213439255398931
"1166",8216,"TCGA-COAD","NDUFA2",-0.0103511331259259,1.09881568795406,0.276599020862455
"1167",8217,"TCGA-COAD","NDUFA3",-0.0153220048,1.45763379223812,0.151238737376903
"1168",8218,"TCGA-COAD","NDUFA4",-0.0107931316444444,1.14452240366977,0.257897671637445
"1169",8219,"TCGA-COAD","NDUFA6",-0.0120672896814815,1.1960623866993,0.237103030261018
"1170",8220,"TCGA-COAD","NDUFA8",-0.0145251449407408,1.25017797781095,0.217855222323582
"1171",8221,"TCGA-COAD","NDUFA9",-0.00883298414814815,1.25112372292373,0.21767575266723
"1172",8222,"TCGA-COAD","NDUFAB1",-0.00535161185185185,0.472796385994856,0.638485159959771
"1173",8223,"TCGA-COAD","NDUFAF1",-0.0102538951037037,1.1817610474411,0.243668939209389
"1174",8224,"TCGA-COAD","NDUFAF3",-0.00872200522962963,0.782705521619969,0.437738990737496
"1175",8225,"TCGA-COAD","NDUFAF4",0.00453690623703706,-0.435174607068608,0.66584676176567
"1176",8226,"TCGA-COAD","NDUFAF6",-0.0125016513333333,1.29486742587279,0.202255074831599
"1177",8227,"TCGA-COAD","NDUFAF7",-0.0115545971629629,1.24621994317433,0.219532529268538
"1178",8228,"TCGA-COAD","NDUFAF8",-0.0125626324592593,0.953558303963536,0.344201460145128
"1179",8229,"TCGA-COAD","NDUFB10",-0.0108028802962963,1.22775249197135,0.22493920897597
"1180",8230,"TCGA-COAD","NDUFB11",-0.0110988879555556,1.04799616519698,0.299584301312277
"1181",8231,"TCGA-COAD","NDUFB2",-0.00993004481481474,0.922143129786915,0.361118628177814
"1182",8232,"TCGA-COAD","NDUFB3",-0.0119074703111111,1.31332566182949,0.195605693729848
"1183",8233,"TCGA-COAD","NDUFB4",-0.00924657431851861,0.872236103100869,0.387482170090178
"1184",8234,"TCGA-COAD","NDUFB6",-0.00841875091851851,0.822502602885921,0.414720848480701
"1185",8235,"TCGA-COAD","NDUFB7",-0.00632800531111122,0.58998319725407,0.557771293641001
"1186",8236,"TCGA-COAD","NDUFB8",-0.0143136338592592,1.68915998315495,0.0971302381041349
"1187",8237,"TCGA-COAD","NDUFB9",-0.00167685120000005,0.179001209932915,0.858705026582999
"1188",8238,"TCGA-COAD","NDUFC1",-0.0137212269481481,0.893916839795215,0.374919138112136
"1189",8239,"TCGA-COAD","NDUFC2",-0.0100564047037037,0.888065205329743,0.379383456088782
"1190",8240,"TCGA-COAD","NDUFS1",-0.0103872295999999,0.787331373478773,0.433658238385449
"1191",8241,"TCGA-COAD","NDUFS2",-0.0141023821555556,1.4421917796803,0.156455497750874
"1192",8242,"TCGA-COAD","NDUFS3",-0.0167359830518519,1.69665512760133,0.0966571230448062
"1193",8243,"TCGA-COAD","NDUFS5",-0.0146144297555556,1.3544853180141,0.18218283216889
"1194",8244,"TCGA-COAD","NDUFS7",-0.0114960983037037,1.37918353686943,0.174823687730486
"1195",8245,"TCGA-COAD","NDUFS8",-0.00788698099259266,0.854290424578534,0.39816133492705
"1196",8246,"TCGA-COAD","NDUFV2",-0.0127579332666667,1.27217925998817,0.208364084785702
"1197",8247,"TCGA-COAD","NEDD1",0.000994693370370392,-0.100380382876759,0.920443125083855
"1198",8248,"TCGA-COAD","NEDD8",-0.0104895403851851,1.19579480706232,0.237812798789053
"1199",8249,"TCGA-COAD","NELFA",-0.00796157477037041,1.17085187320651,0.245943749072556
"1200",8250,"TCGA-COAD","NELFB",-0.0129968110888889,1.30690275886549,0.196353391599561
"1201",8251,"TCGA-COAD","NELFCD",-0.0115861949111111,1.23807158527651,0.22171698477063
"1202",8252,"TCGA-COAD","NEPRO",-0.0239847474888889,1.48656933973907,0.14358611325976
"1203",8253,"TCGA-COAD","NF1",-0.00847511528888878,0.825675774162582,0.412585915399415
"1204",8254,"TCGA-COAD","NF2",-0.0166927621333333,1.39360383387663,0.169029431237304
"1205",8255,"TCGA-COAD","NFE2L2",-0.00411566434814814,0.30537258442722,0.761712902353868
"1206",8256,"TCGA-COAD","NFRKB",-0.022781895525926,1.64890284282619,0.104627268491981
"1207",8257,"TCGA-COAD","NFS1",0.00252348204444441,-0.202615195029458,0.8405894335802
"1208",8258,"TCGA-COAD","NFYB",-0.00862345887407412,0.672136440260183,0.504580452521026
"1209",8259,"TCGA-COAD","NFYC",-0.000508392096296273,0.0392720776965487,0.968861296090866
"1210",8260,"TCGA-COAD","NGLY1",-0.0220640760296297,1.54990085517007,0.127473792144
"1211",8261,"TCGA-COAD","NHP2",-0.0108991977851852,0.941147392267189,0.350172555619771
"1212",8262,"TCGA-COAD","NIFK",0.00707771946666669,-0.941277395570374,0.351872906058485
"1213",8263,"TCGA-COAD","NIP7",-0.0192685371407407,2.01446888119006,0.0482319482449288
"1214",8264,"TCGA-COAD","NIPBL",-0.0108472854148148,0.974146687601713,0.334472347843747
"1215",8265,"TCGA-COAD","NKAP",-0.00927103600000001,0.597868759392213,0.552840920169696
"1216",8266,"TCGA-COAD","NMD3",0.000802315962962985,-0.070798583723035,0.943842390431436
"1217",8267,"TCGA-COAD","NMNAT1",-0.00349923949629638,0.378897048064788,0.706202318711553
"1218",8268,"TCGA-COAD","NMT1",-0.0023516849703703,0.188168008224659,0.851696519962529
"1219",8269,"TCGA-COAD","NOA1",-0.025977822162963,1.32970634513953,0.188558831539773
"1220",8270,"TCGA-COAD","NOB1",-0.0201546664888889,1.5356872060116,0.129016680415287
"1221",8271,"TCGA-COAD","NOC3L",-0.00538967728148143,0.420183645185878,0.676029896757925
"1222",8272,"TCGA-COAD","NOC4L",-0.00435926949629628,0.421716071072751,0.674775241801233
"1223",8273,"TCGA-COAD","NOL10",-0.000396152014814799,0.0618020093324087,0.951078917683697
"1224",8274,"TCGA-COAD","NOL6",0.000237433111111129,-0.0257075832241689,0.979624772823697
"1225",8275,"TCGA-COAD","NOL8",-0.00130527592592589,0.114325872560102,0.909449860359143
"1226",8276,"TCGA-COAD","NOL9",0.00552555558518519,-0.355070088273003,0.72439452263491
"1227",8277,"TCGA-COAD","NOLC1",-0.0168792165037037,1.19432446522958,0.236983817839537
"1228",8278,"TCGA-COAD","NOM1",0.00830145675555549,-0.689718535160827,0.494179723641045
"1229",8279,"TCGA-COAD","NONO",-0.00163776724444442,0.095011706156466,0.924799531903707
"1230",8280,"TCGA-COAD","NOP10",-0.0151837164592592,1.40801510010385,0.163354961474287
"1231",8281,"TCGA-COAD","NOP14",-0.00072717220000007,0.100946240949398,0.919979409622041
"1232",8282,"TCGA-COAD","NOP16",-0.000425124288888856,0.0524663931791828,0.958295144413456
"1233",8283,"TCGA-COAD","NOP2",0.000787433785185199,-0.0791577715199746,0.93727032236412
"1234",8284,"TCGA-COAD","NOP56",-0.00575147002962961,0.885239131709052,0.381903290062968
"1235",8285,"TCGA-COAD","NOP58",0.00676141611851855,-1.17673634291812,0.244902854001101
"1236",8286,"TCGA-COAD","NOP9",-0.00301347233333338,0.298643838738619,0.766525935290638
"1237",8287,"TCGA-COAD","NPAT",-0.0131677912074074,1.55089140659218,0.125851602739261
"1238",8288,"TCGA-COAD","NPEPPS",-0.0240789032666666,2.3995717973523,0.0193264921586573
"1239",8289,"TCGA-COAD","NPLOC4",-0.00948623771111112,0.861004165024132,0.393306314700469
"1240",8290,"TCGA-COAD","NPM1",-0.00383524045185191,0.218576200630097,0.828077633432966
"1241",8291,"TCGA-COAD","NRAS",-0.0149507653703704,1.3425954570231,0.184864307945289
"1242",8292,"TCGA-COAD","NRBP1",-0.000837214533333297,0.054328669196304,0.956903167117412
"1243",8293,"TCGA-COAD","NRDE2",-0.00394080726666668,0.27233628050593,0.78660341492165
"1244",8294,"TCGA-COAD","NRF1",0.00228868451111108,-0.235708706203025,0.814587374389849
"1245",8295,"TCGA-COAD","NSA2",0.00256100227407408,-0.287748054256885,0.77507152289235
"1246",8296,"TCGA-COAD","NSF",-0.0173654311851852,1.68550597747411,0.0976796074588087
"1247",8297,"TCGA-COAD","NSL1",-0.00644286115555559,0.723146561870407,0.473346672962084
"1248",8298,"TCGA-COAD","NSMCE1",0.0128187400296297,-1.22905907812167,0.224024314961365
"1249",8299,"TCGA-COAD","NSMCE2",-0.0183872827259259,1.24449286044149,0.218979008795353
"1250",8300,"TCGA-COAD","NSMCE3",-0.00750044698518515,0.590389430756273,0.55786647880694
"1251",8301,"TCGA-COAD","NSMCE4A",-0.00679983597037037,0.580112697184021,0.565166661446807
"1252",8302,"TCGA-COAD","NSUN4",-0.0252406378222222,2.39254407178837,0.0197916621529712
"1253",8303,"TCGA-COAD","NUBP1",-0.0161093712222222,1.71668980304786,0.0947111921908509
"1254",8304,"TCGA-COAD","NUBP2",-0.0185621096666666,1.34978836341169,0.184210064125978
"1255",8305,"TCGA-COAD","NUDC",0.00142113743703698,-0.0794043711741733,0.937044551117971
"1256",8306,"TCGA-COAD","NUDCD3",-0.00633490118518509,0.54255798124711,0.589512174724789
"1257",8307,"TCGA-COAD","NUDT21",-0.00987567638518516,0.908450514789878,0.367024106792705
"1258",8308,"TCGA-COAD","NUF2",-0.0193962429703703,1.78632350256061,0.0804192299144037
"1259",8309,"TCGA-COAD","NUMA1",-0.0236804171407408,1.88623808332089,0.0636317912626497
"1260",8310,"TCGA-COAD","NUP107",-0.00927198018518516,0.659454545627553,0.512565306529678
"1261",8311,"TCGA-COAD","NUP133",0.00806912666666659,-1.01094175807911,0.317647914934578
"1262",8312,"TCGA-COAD","NUP153",-0.0228692630962962,1.24905246640838,0.217890036100346
"1263",8313,"TCGA-COAD","NUP155",-0.00747426098518522,0.826805359329485,0.412448001498426
"1264",8314,"TCGA-COAD","NUP160",-9.73993999999756e-05,0.0121085472339129,0.990390627491043
"1265",8315,"TCGA-COAD","NUP205",-0.00330614788148154,0.198690098184471,0.843372516105977
"1266",8316,"TCGA-COAD","NUP214",-0.0121116993925925,1.49327505445041,0.142330260508348
"1267",8317,"TCGA-COAD","NUP35",0.00660976720740747,-0.364313184810501,0.717432695820749
"1268",8318,"TCGA-COAD","NUP37",-0.00499739417777778,0.279500669961664,0.78111848149563
"1269",8319,"TCGA-COAD","NUP43",-0.00940939367407401,0.79978696251188,0.42744972274422
"1270",8320,"TCGA-COAD","NUP50",0.00427292926666667,-0.306117996038892,0.761034194742492
"1271",8321,"TCGA-COAD","NUP54",0.00504448512592592,-0.380517344341541,0.705432759691619
"1272",8322,"TCGA-COAD","NUP58",-0.00428400521481487,0.386726635321685,0.700494160766146
"1273",8323,"TCGA-COAD","NUP62",-0.00763706388148155,0.567835622297871,0.572932548961199
"1274",8324,"TCGA-COAD","NUP85",0.00469014702962967,-0.637717633788741,0.526606655822888
"1275",8325,"TCGA-COAD","NUP88",0.0122050042148149,-1.56909639569002,0.122703844601059
"1276",8326,"TCGA-COAD","NUP93",-0.00772193560000001,0.797851863057818,0.429282581017779
"1277",8327,"TCGA-COAD","NUP98",-0.00195773277777778,0.23464850240544,0.815421513576849
"1278",8328,"TCGA-COAD","NUS1",-0.00561533882222232,0.504805947719245,0.616366252407037
"1279",8329,"TCGA-COAD","NUTF2",0.00541504672592596,-0.496827733072883,0.621367393181468
"1280",8330,"TCGA-COAD","NVL",0.0109545456370371,-1.4939304730164,0.143379224769171
"1281",8331,"TCGA-COAD","NXF1",-0.00413290425925927,0.494162872633029,0.623355468449229
"1282",8332,"TCGA-COAD","NXT1",-0.00937670675555557,0.555186296286175,0.58165036265692
"1283",8333,"TCGA-COAD","OGDH",-0.000346709629629571,0.0416225124114034,0.966960143593637
"1284",8334,"TCGA-COAD","OGT",0.000437289925925954,-0.0513105536037571,0.959268410098161
"1285",8335,"TCGA-COAD","OIP5",0.00793683391851852,-0.37720394009186,0.707932876959041
"1286",8336,"TCGA-COAD","OPA1",-0.0171224590518518,1.1586546503991,0.252181138871528
"1287",8337,"TCGA-COAD","ORC1",0.000645070859259245,-0.0595498627246983,0.95275520179374
"1288",8338,"TCGA-COAD","ORC3",-0.0262750780000001,1.8764502425475,0.0652424430331431
"1289",8339,"TCGA-COAD","ORC4",-0.00626477631851852,0.535144586791076,0.595278561753539
"1290",8340,"TCGA-COAD","ORC5",-0.0175368671481482,1.12569698560917,0.264871528266233
"1291",8341,"TCGA-COAD","ORC6",0.0283290176814814,-1.54178444464961,0.131643683998317
"1292",8342,"TCGA-COAD","OSGEP",-0.000580264740740799,0.0453606434020011,0.964016378657499
"1293",8343,"TCGA-COAD","OST4",-0.017543769962963,1.20969370220436,0.232367712153342
"1294",8344,"TCGA-COAD","OSTC",-0.020005020325926,1.85000406048687,0.0684256353289492
"1295",8345,"TCGA-COAD","OTUD5",-0.0135720775481482,1.17339437125889,0.244413397568872
"1296",8346,"TCGA-COAD","OXA1L",-0.00866998580740741,0.935363399114418,0.353622425298058
"1297",8347,"TCGA-COAD","OXSM",-0.00850168858518519,0.471126886130489,0.63987119312971
"1298",8348,"TCGA-COAD","PABIR1",-0.00366196565925925,0.463253062664054,0.64481945428523
"1299",8349,"TCGA-COAD","PABPC1",-0.00736543961481484,0.60165171836252,0.550638446923411
"1300",8350,"TCGA-COAD","PABPN1",-0.00224935206666665,0.345249263214342,0.731091206484906
"1301",8351,"TCGA-COAD","PAFAH1B1",-0.000286265903703731,0.0218252386037383,0.982668645467303
"1302",8352,"TCGA-COAD","PAGR1",-0.0137920612592592,0.860688872178491,0.393714615802713
"1303",8353,"TCGA-COAD","PAICS",-0.00625749142962961,0.412278223519903,0.682329798727353
"1304",8354,"TCGA-COAD","PAK1IP1",-0.0149900712222222,1.52095205896813,0.133946369116755
"1305",8355,"TCGA-COAD","PAK2",-0.0108075269555555,0.949222451729555,0.346637826212432
"1306",8356,"TCGA-COAD","PALB2",-0.0119027946962963,1.14129110063263,0.258133085171636
"1307",8357,"TCGA-COAD","PAM16",0.00197223554074077,-0.219087467959178,0.827696312381061
"1308",8358,"TCGA-COAD","PARD3",-0.0198471771851851,1.28690338492161,0.203449154594252
"1309",8359,"TCGA-COAD","PARD6B",0.00947149198518527,-0.581129027642861,0.564191076240646
"1310",8360,"TCGA-COAD","PARS2",-0.00648507223703709,0.495867611049632,0.6225508181983
"1311",8361,"TCGA-COAD","PAX8",-0.00642951115555557,0.637502073424009,0.526590989685096
"1312",8362,"TCGA-COAD","PAXBP1",-0.000402167548148147,0.0373026050589016,0.970361530878034
"1313",8363,"TCGA-COAD","PAXIP1",0.0190423427851852,-1.19866701135683,0.238277748395566
"1314",8364,"TCGA-COAD","PBRM1",-0.00333162561481481,0.258859716855543,0.796830565492064
"1315",8365,"TCGA-COAD","PCBP1",-0.0114140372296296,0.85905287903185,0.393848973853407
"1316",8366,"TCGA-COAD","PCBP2",-0.0131967578518519,0.90058019005299,0.372414933498718
"1317",8367,"TCGA-COAD","PCF11",-0.00799502242222216,0.895695646716512,0.374300856105158
"1318",8368,"TCGA-COAD","PCGF1",-0.0304375590148148,2.99297287977508,0.00388999434600327
"1319",8369,"TCGA-COAD","PCID2",-0.00349622197777777,0.410906870005313,0.683302683484352
"1320",8370,"TCGA-COAD","PCM1",-0.0230311761629629,1.40833070016306,0.164443602180817
"1321",8371,"TCGA-COAD","PCNA",0.0135750790444444,-0.808886491444688,0.422221671282029
"1322",8372,"TCGA-COAD","PCYT1A",-0.0029845092592593,0.288615939118558,0.773856807158626
"1323",8373,"TCGA-COAD","PDCD10",-0.0157614454222222,1.01280889334121,0.315985301227789
"1324",8374,"TCGA-COAD","PDCD11",-0.00194277714814817,0.211453017759139,0.833521098497797
"1325",8375,"TCGA-COAD","PDCD2",0.0148767529851852,-1.07828843247157,0.285922609762609
"1326",8376,"TCGA-COAD","PDCD5",-0.0208052610370369,1.32602207659712,0.190130679262616
"1327",8377,"TCGA-COAD","PDCD6IP",-0.00890880161481478,0.869336633214957,0.387563302756184
"1328",8378,"TCGA-COAD","PDCD7",-0.00865196114814815,0.310710759018067,0.757385281238519
"1329",8379,"TCGA-COAD","PDCL",-0.0201655500444444,1.45046941297821,0.152076634419253
"1330",8380,"TCGA-COAD","PDE12",-0.017817721325926,1.46416921528499,0.150707957917521
"1331",8381,"TCGA-COAD","PDE4DIP",-0.0183134224148148,1.56641725351334,0.123096957314636
"1332",8382,"TCGA-COAD","PDHA1",-0.000373273362963,0.0444968093235201,0.964650567917332
"1333",8383,"TCGA-COAD","PDPK1",-0.00154945510370375,0.141908298402221,0.887710999222006
"1334",8384,"TCGA-COAD","PDRG1",-0.0018847057925927,0.119309377389633,0.905559476965922
"1335",8385,"TCGA-COAD","PDS5A",-0.00145160402962963,0.129542605556222,0.897444503150724
"1336",8386,"TCGA-COAD","PDSS1",-0.0128433833481482,0.961864071591788,0.340919394553191
"1337",8387,"TCGA-COAD","PDSS2",-0.012848808362963,0.917899502088247,0.363112710047838
"1338",8388,"TCGA-COAD","PELO",0.00953706866666659,-0.692410169540075,0.491683234517406
"1339",8389,"TCGA-COAD","PELP1",-0.0120981831481481,0.760434961373914,0.450945588037151
"1340",8390,"TCGA-COAD","PES1",-0.00181368031111107,0.204903977865685,0.838428407717015
"1341",8391,"TCGA-COAD","PET117",0.00493675451111109,-0.366426083886008,0.715882647017997
"1342",8392,"TCGA-COAD","PEX1",1.65252074074695e-05,-0.000938132477332894,0.999254604301667
"1343",8393,"TCGA-COAD","PEX6",-0.0129178936518518,0.595516523208406,0.5542786547837
"1344",8394,"TCGA-COAD","PFAS",-0.0151289666962963,1.0420108726258,0.301446407763547
"1345",8395,"TCGA-COAD","PFDN1",-0.0158274446888889,1.29994631565576,0.199464715625859
"1346",8396,"TCGA-COAD","PFDN2",-0.00586278818518515,0.557131019749305,0.579875346504652
"1347",8397,"TCGA-COAD","PFDN4",-0.0230522681555555,0.956923390287375,0.343955295562216
"1348",8398,"TCGA-COAD","PFDN5",-0.00777517120740745,0.754270596368814,0.453628100146107
"1349",8399,"TCGA-COAD","PFDN6",-0.00328681538518516,0.273278126925871,0.785983862439305
"1350",8400,"TCGA-COAD","PFN1",-0.0287810199999999,1.91311748637751,0.0599558850033906
"1351",8401,"TCGA-COAD","PGD",-0.00550995914074071,0.414093415240228,0.680185690719986
"1352",8402,"TCGA-COAD","PGGT1B",-0.0162421189925925,1.67183665679834,0.100210663072948
"1353",8403,"TCGA-COAD","PGK1",-0.013946722488889,1.15476438610216,0.25393044527065
"1354",8404,"TCGA-COAD","PGM3",-0.0116869628222223,1.26671997542177,0.210370494761733
"1355",8405,"TCGA-COAD","PGP",-0.0212361749259259,1.67164312785132,0.0995577880477134
"1356",8406,"TCGA-COAD","PGS1",-0.016380416911111,2.20863265694687,0.0314099934711842
"1357",8407,"TCGA-COAD","PHAX",-0.0113059932666667,0.787907682441429,0.434132293522059
"1358",8408,"TCGA-COAD","PHB2",-0.00151574869629628,0.190721548394969,0.849517160332764
"1359",8409,"TCGA-COAD","PHF12",-0.0170789384888889,1.67839135612034,0.0991212138743204
"1360",8410,"TCGA-COAD","PHF5A",-0.00167991202222217,0.141573659227037,0.888115216704913
"1361",8411,"TCGA-COAD","PI4KA",-0.018406887,0.828537871316028,0.4105280078133
"1362",8412,"TCGA-COAD","PI4KB",-0.0148720802814815,0.688256856719651,0.494697991867516
"1363",8413,"TCGA-COAD","PICALM",-0.00840194628888891,0.78927605513788,0.434325067288271
"1364",8414,"TCGA-COAD","PIK3C3",-0.0201879959851852,1.58701771428133,0.118093800309197
"1365",8415,"TCGA-COAD","PIK3CA",-0.00819957509629632,1.03619268382736,0.304250067396238
"1366",8416,"TCGA-COAD","PIK3CB",-0.0123421207851853,1.46462402388068,0.148478752418591
"1367",8417,"TCGA-COAD","PIK3R1",-0.00160412085925921,0.107011985256365,0.915136932936287
"1368",8418,"TCGA-COAD","PIK3R4",-0.00886959128888887,0.733109592455466,0.466446186883631
"1369",8419,"TCGA-COAD","PITRM1",-0.0195201345703704,1.4291109899019,0.158614032493923
"1370",8420,"TCGA-COAD","PKM",-0.0112427093259259,1.45436825523274,0.150785694073838
"1371",8421,"TCGA-COAD","PKMYT1",-0.00303321189629635,0.254473116402961,0.8001377877271
"1372",8422,"TCGA-COAD","PKN2",-0.00664194871851853,0.539915957068313,0.591442302279289
"1373",8423,"TCGA-COAD","PLK1",-0.00798486488888889,0.495222907552599,0.622865168136336
"1374",8424,"TCGA-COAD","PLK4",-0.0208339230666666,1.5863056449405,0.117641199998268
"1375",8425,"TCGA-COAD","PLRG1",-0.0119950616518518,0.720591479213152,0.475196924310546
"1376",8426,"TCGA-COAD","PMF1",0.00335851163703704,-0.292703998755553,0.770700574485398
"1377",8427,"TCGA-COAD","PMM2",-0.0162946602518519,1.22231912092691,0.22737161150737
"1378",8428,"TCGA-COAD","PMPCA",-0.0174019285259259,1.7163543488067,0.0939591962441962
"1379",8429,"TCGA-COAD","PMPCB",-0.017908770111111,1.93048449197104,0.0604856620588381
"1380",8430,"TCGA-COAD","PMVK",-0.0048351318444444,0.301914343850864,0.763985190097111
"1381",8431,"TCGA-COAD","PNKP",-0.00433063119259258,0.523379176228449,0.602680688334936
"1382",8432,"TCGA-COAD","PNN",-0.00482887370370366,0.442560895719239,0.659880678419481
"1383",8433,"TCGA-COAD","PNPT1",-0.00871545346666658,0.557813297219817,0.579861096071121
"1384",8434,"TCGA-COAD","POC1A",-0.0106200870666667,0.545358500839976,0.587899972109076
"1385",8435,"TCGA-COAD","POLA1",-0.00179752771851849,0.112672458311631,0.91071834318895
"1386",8436,"TCGA-COAD","POLA2",-0.0184351302296296,1.28601528214975,0.205229350786503
"1387",8437,"TCGA-COAD","POLD1",0.0162508346888889,-2.05677247353691,0.0441365377322127
"1388",8438,"TCGA-COAD","POLD2",-0.0141324968592592,1.33095814640675,0.189674514158189
"1389",8439,"TCGA-COAD","POLD3",-0.00609385397037032,0.547982325122952,0.587132718891577
"1390",8440,"TCGA-COAD","POLE",0.00444572117777775,-0.518808943212809,0.605962436842538
"1391",8441,"TCGA-COAD","POLE2",-0.0192686775185185,2.21558472969635,0.0299907672221348
"1392",8442,"TCGA-COAD","POLE3",-0.0233012364296297,1.42592094777391,0.159342765391715
"1393",8443,"TCGA-COAD","POLE4",-0.0128021625555554,0.735603242655431,0.465130752644243
"1394",8444,"TCGA-COAD","POLG",-0.00273688368888891,0.168560208015019,0.866863021970411
"1395",8445,"TCGA-COAD","POLG2",-0.018233482,1.15468748124583,0.254412671451419
"1396",8446,"TCGA-COAD","POLR1A",-0.0122406623703704,1.05021686078061,0.298941134267978
"1397",8447,"TCGA-COAD","POLR1B",-0.000298922459259221,0.0430699481383837,0.965821959354817
"1398",8448,"TCGA-COAD","POLR1C",-0.00408162333333328,0.369628680803242,0.713374906354987
"1399",8449,"TCGA-COAD","POLR1E",-0.00814194999999995,0.650375113232438,0.517803615823953
"1400",8450,"TCGA-COAD","POLR1F",-0.0167481253333334,1.52036677244586,0.134334427587957
"1401",8451,"TCGA-COAD","POLR1H",-0.000989934985185181,0.073417384298798,0.941822069753147
"1402",8452,"TCGA-COAD","POLR2B",-0.00349404814074072,0.347825536236042,0.729399361068464
"1403",8453,"TCGA-COAD","POLR2C",-0.0185418822296296,3.29716327414418,0.00170451561604612
"1404",8454,"TCGA-COAD","POLR2D",-0.0188349378074074,3.24308121952921,0.00207592500739913
"1405",8455,"TCGA-COAD","POLR2E",-0.0158160903407407,1.71154209283541,0.092709723102664
"1406",8456,"TCGA-COAD","POLR2F",-0.00610722383703705,1.20445678718753,0.233985915989422
"1407",8457,"TCGA-COAD","POLR2G",-0.0105889529925925,1.30678071211433,0.19591033092337
"1408",8458,"TCGA-COAD","POLR2H",-0.0264362918518518,2.39247277330796,0.0202771654265362
"1409",8459,"TCGA-COAD","POLR2I",-0.0119490050444444,1.44428660395046,0.154564739503254
"1410",8460,"TCGA-COAD","POLR2K",-0.0113385143185185,1.05879598360013,0.294094566787149
"1411",8461,"TCGA-COAD","POLR2L",-0.00708890146666669,0.965346246395824,0.338471328363606
"1412",8462,"TCGA-COAD","POLR2M",-0.0149397030074074,0.94755785981922,0.348614377427716
"1413",8463,"TCGA-COAD","POLR3A",-0.0153976775481481,1.92924986572816,0.0606817792219622
"1414",8464,"TCGA-COAD","POLR3B",-0.00708309737777779,0.804218897402148,0.425649805628431
"1415",8465,"TCGA-COAD","POLR3C",-0.0100691022814815,0.933316229153652,0.355202950911929
"1416",8466,"TCGA-COAD","POLR3D",-0.0111650713481481,1.02443647726035,0.310400680390517
"1417",8467,"TCGA-COAD","POLR3E",-0.0161329308222222,1.3876562999826,0.171220783261055
"1418",8468,"TCGA-COAD","POLR3F",-0.0140037746074074,1.43224059869989,0.158744516519693
"1419",8469,"TCGA-COAD","POLR3H",-0.0133831738666667,1.65185687824341,0.105589044480727
"1420",8470,"TCGA-COAD","POLR3K",-0.0099070751037037,1.27652220115691,0.208698033687069
"1421",8471,"TCGA-COAD","POLRMT",-0.011166567562963,1.50467917645522,0.138435396139429
"1422",8472,"TCGA-COAD","POM121C",-0.00589957976296296,0.484983912423145,0.629571805164277
"1423",8473,"TCGA-COAD","POMP",-0.0232121435851852,1.161868122558,0.249223548732511
"1424",8474,"TCGA-COAD","POP1",0.00680517346666665,-0.655082127654338,0.516017099094593
"1425",8475,"TCGA-COAD","POP4",-0.00886076457037033,0.623476727238909,0.535417660769143
"1426",8476,"TCGA-COAD","POP5",0.00782000890370371,-0.790034448184042,0.432668618338192
"1427",8477,"TCGA-COAD","POP7",0.0102562624148148,-0.924321149755866,0.360987023425542
"1428",8478,"TCGA-COAD","POT1",-0.0213237306222223,1.54651354782367,0.12732143570264
"1429",8479,"TCGA-COAD","POU2AF1",-0.000178941888888895,0.0157493368398695,0.987490192410361
"1430",8480,"TCGA-COAD","PPA1",-0.0273672490592592,1.98270101393609,0.0524305968415293
"1431",8481,"TCGA-COAD","PPA2",-0.0236634629259259,1.25558073875219,0.214942312544158
"1432",8482,"TCGA-COAD","PPAN",-0.00986209928148152,1.27924658452101,0.205681466937699
"1433",8483,"TCGA-COAD","PPAT",-0.00553859851111116,0.548810965690407,0.5860055144943
"1434",8484,"TCGA-COAD","PPCDC",-0.00522787854074069,0.271514106382604,0.787125230141411
"1435",8485,"TCGA-COAD","PPCS",-0.012443254362963,0.812698404907243,0.420819710109272
"1436",8486,"TCGA-COAD","PPIA",-0.0181184509851853,1.33091135071531,0.188137510353126
"1437",8487,"TCGA-COAD","PPIH",-0.0174235913481482,1.07974062241267,0.284234676977941
"1438",8488,"TCGA-COAD","PPIL1",-0.0175436370592592,1.16873233853893,0.248290428451505
"1439",8489,"TCGA-COAD","PPIL2",-0.0246260618148149,1.8294496849413,0.0744312252299382
"1440",8490,"TCGA-COAD","PPIL4",-0.0135345185925926,1.30214293030932,0.197977867581759
"1441",8491,"TCGA-COAD","PPM1D",0.00160374482222225,-0.0832597833910561,0.933982351551657
"1442",8492,"TCGA-COAD","PPM1G",-0.0106143350148149,0.987593230264471,0.327960308356924
"1443",8493,"TCGA-COAD","PPME1",-0.0261600762370371,1.74419100798111,0.0864218745699501
"1444",8494,"TCGA-COAD","PPP1CA",-0.018157843162963,1.01006595980174,0.318223564094106
"1445",8495,"TCGA-COAD","PPP1CB",-0.0113267492,0.950723492226187,0.34697921123802
"1446",8496,"TCGA-COAD","PPP1R10",-0.000864450370370418,0.0988116932657097,0.921720723095485
"1447",8497,"TCGA-COAD","PPP1R11",-0.0144918882888889,1.67298956917734,0.0995831586237421
"1448",8498,"TCGA-COAD","PPP1R12A",-0.00985209985925928,0.973876485207932,0.333603613470931
"1449",8499,"TCGA-COAD","PPP1R15B",0.00570655986666657,-0.368542884655162,0.714455917388531
"1450",8500,"TCGA-COAD","PPP1R2",-0.0247293252518519,1.72618708905292,0.0891352418627346
"1451",8501,"TCGA-COAD","PPP1R7",0.00797080138518513,-0.580963328064636,0.563725571522095
"1452",8502,"TCGA-COAD","PPP1R8",-0.0116868583037036,1.45433611059869,0.152338980623633
"1453",8503,"TCGA-COAD","PPP2CA",-0.0219949833999999,1.50573041584114,0.139476086420838
"1454",8504,"TCGA-COAD","PPP2R1A",-0.0221305164814815,1.08362548124067,0.283402329601766
"1455",8505,"TCGA-COAD","PPP2R2A",-0.00804280222962961,0.660425409950665,0.512024616417482
"1456",8506,"TCGA-COAD","PPP2R3C",-0.00359380042962965,0.406399746865242,0.685863165520328
"1457",8507,"TCGA-COAD","PPP4C",-0.00326797945925916,0.386513457889888,0.700926301153649
"1458",8508,"TCGA-COAD","PPP4R2",-0.00323013951851858,0.297106490349765,0.767642365469924
"1459",8509,"TCGA-COAD","PPP6C",-0.00100292008888891,0.0714181856792669,0.943404703786496
"1460",8510,"TCGA-COAD","PPP6R3",-0.0110528059037037,0.830295713206677,0.410258503322977
"1461",8511,"TCGA-COAD","PPRC1",-0.0107475625481481,0.769379323851901,0.445217792227507
"1462",8512,"TCGA-COAD","PPWD1",-0.00912166675555559,0.882815118103805,0.382331008132624
"1463",8513,"TCGA-COAD","PRC1",-0.00482237206666669,0.624553723762058,0.534477437870665
"1464",8514,"TCGA-COAD","PRDX1",-0.0127850934296296,0.501570935541269,0.618258291793295
"1465",8515,"TCGA-COAD","PREB",0.00818332267407407,-0.968868453866918,0.337147953100393
"1466",8516,"TCGA-COAD","PRELID1",-0.00545842824444442,0.204487761478374,0.838954001251984
"1467",8517,"TCGA-COAD","PRELID3B",0.0131570187703703,-1.01174644374202,0.315817271567867
"1468",8518,"TCGA-COAD","PRIM1",0.00360069987407408,-0.247523026082903,0.805948776711234
"1469",8519,"TCGA-COAD","PRKAR1A",-0.0144753087333334,1.1236921706314,0.266182009151264
"1470",8520,"TCGA-COAD","PRKRA",0.00976337941481487,-0.499353690693906,0.62071305773842
"1471",8521,"TCGA-COAD","PRMT1",-0.00813544532592603,0.885085114700572,0.379888049383773
"1472",8522,"TCGA-COAD","PRMT5",-0.00404252762222213,0.471178828170463,0.639535403913507
"1473",8523,"TCGA-COAD","PRORP",-0.0106546752518519,0.726180243701339,0.472306813105657
"1474",8524,"TCGA-COAD","PRPF19",-0.00614671081481483,0.516529165918375,0.608301269013355
"1475",8525,"TCGA-COAD","PRPF3",-0.0119173376370371,0.911171924674748,0.366296739219656
"1476",8526,"TCGA-COAD","PRPF31",0.000714674496296253,-0.077023189785828,0.938921251867912
"1477",8527,"TCGA-COAD","PRPF38A",-0.0121712262666667,1.16937555791451,0.24722963891612
"1478",8528,"TCGA-COAD","PRPF38B",-0.0112895445185185,0.855603408179246,0.397137141192234
"1479",8529,"TCGA-COAD","PRPF39",0.00167140941481481,-0.0945073145327553,0.925037931694283
"1480",8530,"TCGA-COAD","PRPF4",-0.00629129039999998,0.632587021366825,0.52992797745755
"1481",8531,"TCGA-COAD","PRPF40A",-0.00584365823703703,0.304191311826265,0.76248513696231
"1482",8532,"TCGA-COAD","PRPF6",-0.0217961624444445,1.41029409478141,0.163755991649347
"1483",8533,"TCGA-COAD","PRPF8",-0.0265270346888889,3.27016835275584,0.00173095307737399
"1484",8534,"TCGA-COAD","PSMA1",0.00939268691111111,-0.716841786855354,0.476325082378352
"1485",8535,"TCGA-COAD","PSMA2",0.0051447519333333,-0.416707994900095,0.678494194786172
"1486",8536,"TCGA-COAD","PSMA3",0.00765748557777779,-0.878170241566734,0.383886950515436
"1487",8537,"TCGA-COAD","PSMA4",-0.00165489475555547,0.131782819627484,0.895825911269262
"1488",8538,"TCGA-COAD","PSMA5",0.0125510875481482,-1.45213433216253,0.154244406836221
"1489",8539,"TCGA-COAD","PSMA6",-0.00168743677777777,0.138219443600314,0.890579903734286
"1490",8540,"TCGA-COAD","PSMA7",-0.00206211857037036,0.201116447102494,0.841603101133155
"1491",8541,"TCGA-COAD","PSMB1",-0.00481879129629637,0.467969431954928,0.641309147311502
"1492",8542,"TCGA-COAD","PSMB2",0.00548705221481482,-0.507200005963471,0.613833403915348
"1493",8543,"TCGA-COAD","PSMB3",0.00618831191111113,-0.485795011811657,0.628522329442493
"1494",8544,"TCGA-COAD","PSMB4",0.012771666237037,-1.40582558488059,0.167544439690105
"1495",8545,"TCGA-COAD","PSMB5",-0.0123053956148148,1.29667845004371,0.201492261268015
"1496",8546,"TCGA-COAD","PSMB6",-0.00817127961481479,0.776921900692017,0.44056187422593
"1497",8547,"TCGA-COAD","PSMB7",-0.00893088631851846,0.756094035342696,0.453243133990361
"1498",8548,"TCGA-COAD","PSMC1",-0.000713401925925949,0.111347985646773,0.911677801857577
"1499",8549,"TCGA-COAD","PSMC2",-0.0109154424148148,1.47128721561969,0.148665165969546
"1500",8550,"TCGA-COAD","PSMC3",-0.00690479045925929,0.61822670049802,0.538849432614368
"1501",8551,"TCGA-COAD","PSMC4",-0.0098067790518519,0.783903329704818,0.436824026576579
"1502",8552,"TCGA-COAD","PSMC5",-0.0152253979851852,1.5214823112041,0.135250685223688
"1503",8553,"TCGA-COAD","PSMC6",7.4606718518555e-05,-0.0120121062961109,0.990457509841483
"1504",8554,"TCGA-COAD","PSMD1",-0.00748359141481481,1.03126398078755,0.307333097860489
"1505",8555,"TCGA-COAD","PSMD11",-0.0143232056222222,1.53854256541711,0.129836074162908
"1506",8556,"TCGA-COAD","PSMD12",-0.0069942602518519,0.807300358357137,0.422610975658251
"1507",8557,"TCGA-COAD","PSMD13",-0.0199523447703703,1.88419297924299,0.0642765754103903
"1508",8558,"TCGA-COAD","PSMD14",-0.00317088675555555,0.325241484803829,0.74651764713343
"1509",8559,"TCGA-COAD","PSMD2",-0.0038294794,0.355004583431731,0.724403115091753
"1510",8560,"TCGA-COAD","PSMD3",-0.00673139708888881,0.835265805448569,0.406634971106748
"1511",8561,"TCGA-COAD","PSMD4",-0.00782519434814821,0.933318345444907,0.355278006779677
"1512",8562,"TCGA-COAD","PSMD6",0.00448939865185183,-0.432276619676485,0.667052289293207
"1513",8563,"TCGA-COAD","PSMD7",-0.0140406601037038,1.50910655654681,0.137457269055965
"1514",8564,"TCGA-COAD","PSMD8",-0.0117950859851852,0.971130576597762,0.336588354537715
"1515",8565,"TCGA-COAD","PSMF1",-0.0107319598148148,0.659133153290998,0.512100130390104
"1516",8566,"TCGA-COAD","PSMG1",-0.00296373389629634,0.233167591195387,0.816638456649132
"1517",8567,"TCGA-COAD","PSMG2",-0.0134218231851851,1.24976489678202,0.218849021923812
"1518",8568,"TCGA-COAD","PSMG3",-0.00124305223703702,0.109187229915563,0.9133861376436
"1519",8569,"TCGA-COAD","PSMG4",-0.00254379671851857,0.18241135806822,0.855929770307962
"1520",8570,"TCGA-COAD","PSTK",-0.0181379734074073,1.12647024740696,0.26681554175358
"1521",8571,"TCGA-COAD","PTAR1",-0.000259956451851839,0.0321826531777715,0.974432468677651
"1522",8572,"TCGA-COAD","PTBP1",-0.0145854830666666,0.584626308769593,0.561436907153502
"1523",8573,"TCGA-COAD","PTCD1",-0.0139490380148148,2.00958589148963,0.0494191997403178
"1524",8574,"TCGA-COAD","PTCD3",-0.0132288969629629,1.57657430223833,0.122562507732391
"1525",8575,"TCGA-COAD","PTDSS1",-0.0117231051481482,1.36852152985532,0.176020256261243
"1526",8576,"TCGA-COAD","PTEN",-0.0147243981185184,0.908141340689534,0.36790982856523
"1527",8577,"TCGA-COAD","PTK2",-0.0122445540296297,1.08449074937309,0.283392979872556
"1528",8578,"TCGA-COAD","PTMA",-0.0104224491703704,0.646768735519149,0.520526713159412
"1529",8579,"TCGA-COAD","PTPA",-0.00733334685185183,0.588958302619765,0.558480470484205
"1530",8580,"TCGA-COAD","PTPMT1",-0.0221092894296296,2.19083956410004,0.0319657346381825
"1531",8581,"TCGA-COAD","PTPN1",-0.00623915012592591,0.484159929510182,0.630206242702062
"1532",8582,"TCGA-COAD","PTPN11",-0.0137972277555556,1.98817458400171,0.0521903517618852
"1533",8583,"TCGA-COAD","PTPN23",-0.00422745191111118,0.443065497850047,0.659534029763113
"1534",8584,"TCGA-COAD","PUF60",0.0107428079851852,-0.718677691111744,0.474790228398356
"1535",8585,"TCGA-COAD","PUM1",-0.00358757015555555,0.183305069886447,0.855238213874411
"1536",8586,"TCGA-COAD","PWP1",-0.000841484118518476,0.074304586103878,0.941138142653425
"1537",8587,"TCGA-COAD","PWP2",-0.00278014162222218,0.325605935436799,0.746352349732681
"1538",8588,"TCGA-COAD","PXN",-0.00541082031111118,0.386252165825461,0.701120591694881
"1539",8589,"TCGA-COAD","PYROXD1",0.0196455038592592,-1.28987030831323,0.203661573547649
"1540",8590,"TCGA-COAD","QARS1",0.00223075261481476,-0.2580571422478,0.797495308519476
"1541",8591,"TCGA-COAD","QRSL1",-0.00212137220740749,0.112944477547141,0.910735522896612
"1542",8592,"TCGA-COAD","RAB10",0.0128637607925925,-0.83954077545008,0.4049003105409
"1543",8593,"TCGA-COAD","RAB18",-0.0133610014814816,1.23855879850414,0.220376542291971
"1544",8594,"TCGA-COAD","RAB35",-0.00531209108148145,0.436378711995308,0.664125961587477
"1545",8595,"TCGA-COAD","RAB6A",-0.00581239230370367,0.539584323044729,0.591685434922728
"1546",8596,"TCGA-COAD","RAB7A",-0.0077713381185186,0.564074922082197,0.575582789686155
"1547",8597,"TCGA-COAD","RABGGTA",-0.0258392679407408,2.0191292952088,0.0492511924651982
"1548",8598,"TCGA-COAD","RABGGTB",-0.0127467952666668,1.38078006698546,0.174162423626273
"1549",8599,"TCGA-COAD","RABIF",-0.0139888556666667,1.57891828280806,0.119842008628345
"1550",8600,"TCGA-COAD","RAC1",-0.00333323745185188,0.321558577336053,0.749241895037756
"1551",8601,"TCGA-COAD","RAC3",-0.00738047837777778,0.476134188922378,0.635817673130362
"1552",8602,"TCGA-COAD","RACGAP1",-0.0160448993481481,1.23718342223449,0.222703313071381
"1553",8603,"TCGA-COAD","RACK1",-0.0114847183925926,0.98002311374326,0.332477999513361
"1554",8604,"TCGA-COAD","RAD1",0.00100365857777784,-0.057112486675503,0.954735785814421
"1555",8605,"TCGA-COAD","RAD17",-0.0128497857111111,0.830070855855723,0.410539887280448
"1556",8606,"TCGA-COAD","RAD21",-0.00464058681481483,0.396653983208217,0.693317878474061
"1557",8607,"TCGA-COAD","RAD51",-0.019880243325926,3.31500105742339,0.00154866078967879
"1558",8608,"TCGA-COAD","RAD51B",-0.00504976982222216,0.338624774383602,0.736497221778278
"1559",8609,"TCGA-COAD","RAD51C",-0.000390384548148104,0.0582111881236015,0.953789478647181
"1560",8610,"TCGA-COAD","RAD51D",-0.00219228500000002,0.163625973548674,0.870791745872734
"1561",8611,"TCGA-COAD","RAD9A",0.00687050477037043,-0.454951022577687,0.651020274610432
"1562",8612,"TCGA-COAD","RAE1",0.00530722076296297,-0.745104512639294,0.459878833685573
"1563",8613,"TCGA-COAD","RAF1",-0.00980166370370361,0.864542392358861,0.391208609728935
"1564",8614,"TCGA-COAD","RAN",0.00112877098518518,-0.0462850210831798,0.963297473238761
"1565",8615,"TCGA-COAD","RANBP3",-0.0216848370592593,1.75454427308282,0.0853747405064151
"1566",8616,"TCGA-COAD","RANGAP1",0.00042320499259263,-0.0623885941153412,0.950488988211823
"1567",8617,"TCGA-COAD","RARS2",-0.00200595284444449,0.122375164845277,0.903226178567289
"1568",8618,"TCGA-COAD","RASA4",-0.00905847637777779,0.654908937286518,0.51491620383273
"1569",8619,"TCGA-COAD","RB1CC1",-0.00999180860000004,0.657101139170368,0.513885588446177
"1570",8620,"TCGA-COAD","RBBP4",-0.00666605379259255,0.788824597938239,0.433978479984719
"1571",8621,"TCGA-COAD","RBBP5",0.00229354240000001,-0.288864106613227,0.773819036637737
"1572",8622,"TCGA-COAD","RBBP6",-0.00282342910370381,0.241182998505536,0.810488803340184
"1573",8623,"TCGA-COAD","RBBP7",-0.00947567505925917,0.644144455587031,0.522390712772024
"1574",8624,"TCGA-COAD","RBBP8",-0.00451665577777782,0.646655468827009,0.520440589865148
"1575",8625,"TCGA-COAD","RBIS",-0.0117636077777779,1.47155616758691,0.147845182207652
"1576",8626,"TCGA-COAD","RBM10",-0.0252063806814815,1.7573475099648,0.0832143968479747
"1577",8627,"TCGA-COAD","RBM12",-0.0114070800148148,0.880813349889542,0.382364051483128
"1578",8628,"TCGA-COAD","RBM14",0.0102538693925925,-0.904808346735456,0.369396857086784
"1579",8629,"TCGA-COAD","RBM15",-0.0169386728666666,1.09523619848415,0.278373234535066
"1580",8630,"TCGA-COAD","RBM17",0.00276282859259269,-0.212052734693155,0.832824895398595
"1581",8631,"TCGA-COAD","RBM22",-0.0307660435333333,2.54820542036128,0.0133922251160783
"1582",8632,"TCGA-COAD","RBM25",-0.0141089748000001,1.28234536753903,0.206820036309181
"1583",8633,"TCGA-COAD","RBM28",-0.00622450883703696,0.629816670304708,0.531417332611766
"1584",8634,"TCGA-COAD","RBM39",0.00837728366666668,-0.865284323840937,0.390120397298111
"1585",8635,"TCGA-COAD","RBM42",-0.00943459075555553,0.857029415122448,0.394672916862954
"1586",8636,"TCGA-COAD","RBM5",-0.00305609904444448,0.261342622612837,0.794822417142534
"1587",8637,"TCGA-COAD","RBM8A",-0.0120828317407408,0.767897867013246,0.446965606789979
"1588",8638,"TCGA-COAD","RBMX",0.000677813303703645,-0.0744491021680166,0.940925252963649
"1589",8639,"TCGA-COAD","RBMX2",-0.0144080074666667,0.733492712332966,0.46612063595884
"1590",8640,"TCGA-COAD","RBMXL1",0.00544978483703706,-0.50763091907797,0.61397726823336
"1591",8641,"TCGA-COAD","RBSN",0.00187154644444443,-0.0995921599437726,0.921144542195028
"1592",8642,"TCGA-COAD","RBX1",-0.0103462829703703,1.40250971590831,0.165816865460176
"1593",8643,"TCGA-COAD","RCC1",-0.0191077475481481,1.6353430003014,0.111445035714394
"1594",8644,"TCGA-COAD","RCC1L",0.00696192436296295,-0.317845352163764,0.752487386669157
"1595",8645,"TCGA-COAD","RCL1",-0.00240100927407405,0.306422104625357,0.760368120880115
"1596",8646,"TCGA-COAD","RCOR1",-0.0210133408518518,1.11081016525193,0.272232471774123
"1597",8647,"TCGA-COAD","RELA",-0.00720117225925931,0.515140681615163,0.60835101611878
"1598",8648,"TCGA-COAD","REV1",-0.00524856685185193,0.381353927656504,0.704621582990191
"1599",8649,"TCGA-COAD","REV3L",-0.00235789694814814,0.136262389057292,0.892241144900181
"1600",8650,"TCGA-COAD","REXO2",-0.0141495893851852,0.596441696573894,0.55356796375897
"1601",8651,"TCGA-COAD","RFC2",-0.00920225101481487,0.66188413024245,0.51224250524164
"1602",8652,"TCGA-COAD","RFC3",-0.00786276538518527,0.557215424493727,0.580544601980345
"1603",8653,"TCGA-COAD","RFC5",-0.0172808595481482,1.39587956870813,0.170422826645038
"1604",8654,"TCGA-COAD","RFK",-0.00697930041481487,0.88985110030861,0.378306968251849
"1605",8655,"TCGA-COAD","RFT1",-0.00459765729629635,0.373470482269876,0.710657068097988
"1606",8656,"TCGA-COAD","RGP1",-0.0171923740962963,1.57184694962791,0.120629486041182
"1607",8657,"TCGA-COAD","RHEB",-0.00892660394074074,0.864682804017809,0.390971045621727
"1608",8658,"TCGA-COAD","RHOA",-0.00664273262222215,0.534528753343402,0.595438060529788
"1609",8659,"TCGA-COAD","RHOQ",-0.00919117028888883,0.779032898870576,0.439133361418116
"1610",8660,"TCGA-COAD","RIC1",-0.00561015831111111,0.527807283429462,0.599346333639169
"1611",8661,"TCGA-COAD","RIC8A",-8.54419777778226e-05,0.00540161877587693,0.995710432443096
"1612",8662,"TCGA-COAD","RICTOR",-0.011278445674074,0.972394415572855,0.334538598516021
"1613",8663,"TCGA-COAD","RINT1",-0.0063649394592592,0.602661089915915,0.549310211205397
"1614",8664,"TCGA-COAD","RIOK1",0.00279221617037029,-0.352909264324704,0.725782857326979
"1615",8665,"TCGA-COAD","RIOK2",-0.00938342247407409,0.94498858101302,0.349295447603676
"1616",8666,"TCGA-COAD","RMI1",-0.0215288161333334,1.33641670598168,0.189235404381269
"1617",8667,"TCGA-COAD","RMND5A",-0.0119396152592592,1.19181802343423,0.237144805882717
"1618",8668,"TCGA-COAD","RNASEH2A",-0.0266974281777778,1.35524236748208,0.181500009621042
"1619",8669,"TCGA-COAD","RNASEH2C",-0.00172720973333329,0.157578353766019,0.875354626754841
"1620",8670,"TCGA-COAD","RNF113A",-0.0125365236444445,0.869175371354665,0.388188291494208
"1621",8671,"TCGA-COAD","RNF146",-0.00599382722222219,0.341726257978916,0.734217726670091
"1622",8672,"TCGA-COAD","RNF168",0.00109765976296305,-0.0987128939372894,0.921718848016308
"1623",8673,"TCGA-COAD","RNF20",-0.00328277580740743,0.337847005393187,0.736878585291415
"1624",8674,"TCGA-COAD","RNF31",-0.0149304626444445,1.80173041354915,0.0756464224283963
"1625",8675,"TCGA-COAD","RNF4",-0.0100471095185185,0.652914092670703,0.51693865065459
"1626",8676,"TCGA-COAD","RNF7",-0.0120448405185185,0.795118002520119,0.430306289865375
"1627",8677,"TCGA-COAD","RNF8",-0.0139636961481481,1.04016021496039,0.30341374986664
"1628",8678,"TCGA-COAD","RNGTT",-0.000544022281481482,0.0498395311085263,0.960474014924364
"1629",8679,"TCGA-COAD","RNH1",-0.0174003932592592,1.27533016478308,0.206987601427563
"1630",8680,"TCGA-COAD","RNMT",-0.0161741762518518,1.67610468698662,0.100201701955439
"1631",8681,"TCGA-COAD","RNPC3",-0.0209577317481482,2.05396913183328,0.0451285675491734
"1632",8682,"TCGA-COAD","RNPS1",-0.0012373040962963,0.0972236435982358,0.922915060125562
"1633",8683,"TCGA-COAD","ROCK2",-0.0240487785481481,2.26905966522199,0.0276632075258919
"1634",8684,"TCGA-COAD","ROMO1",-0.00729961184444439,0.54417579435265,0.588621560839303
"1635",8685,"TCGA-COAD","RPA1",-0.0148791190148148,1.26791061861293,0.209915858877518
"1636",8686,"TCGA-COAD","RPA2",-0.00465189582222214,0.392575109180422,0.696776347834148
"1637",8687,"TCGA-COAD","RPA3",-0.00205271406666663,0.194991869087732,0.846140500936878
"1638",8688,"TCGA-COAD","RPAIN",-0.0345109076592592,1.81977975968488,0.0742233785530408
"1639",8689,"TCGA-COAD","RPAP2",-0.00263011334074081,0.206287230734653,0.837516908720425
"1640",8690,"TCGA-COAD","RPE",-0.0192620524592593,1.64337613056608,0.105225595689809
"1641",8691,"TCGA-COAD","RPF1",0.0013277669777777,-0.147884233741844,0.883133037548015
"1642",8692,"TCGA-COAD","RPF2",-0.00891026341481482,1.04687708736015,0.300535235890182
"1643",8693,"TCGA-COAD","RPIA",-0.0162581858,1.57422019471436,0.121787704609092
"1644",8694,"TCGA-COAD","RPL10",-0.0150908687555555,0.715373524468547,0.477811988439906
"1645",8695,"TCGA-COAD","RPL10A",0.00507682262962961,-0.441247916689891,0.661576843260058
"1646",8696,"TCGA-COAD","RPL11",0.00919668828148146,-0.954099584268913,0.345542185312188
"1647",8697,"TCGA-COAD","RPL12",0.0200926551185185,-1.67810845738607,0.100077394337562
"1648",8698,"TCGA-COAD","RPL13",0.0150780941185185,-1.8021194154847,0.0797409215749785
"1649",8699,"TCGA-COAD","RPL13A",-0.0131075413629629,1.40418440443609,0.166829325499887
"1650",8700,"TCGA-COAD","RPL14",0.0135469882740741,-1.16970077964276,0.249011738288107
"1651",8701,"TCGA-COAD","RPL17",0.0216661393407407,-1.69713266216895,0.0962149310398772
"1652",8702,"TCGA-COAD","RPL18",0.0032922400518518,-0.29330513571728,0.770991543230041
"1653",8703,"TCGA-COAD","RPL18A",0.0207363166296296,-1.73517846155399,0.090028506361223
"1654",8704,"TCGA-COAD","RPL19",0.00606452349629627,-0.521766412869235,0.604869816064739
"1655",8705,"TCGA-COAD","RPL21",0.0169236421259259,-1.48036013655395,0.144878504502231
"1656",8706,"TCGA-COAD","RPL22",-0.0129714215851852,0.583574961912731,0.562308852045861
"1657",8707,"TCGA-COAD","RPL22L1",-0.0194271848592593,0.753275887182622,0.455104887798136
"1658",8708,"TCGA-COAD","RPL23",0.0145321356296296,-1.14179794528713,0.259913886519872
"1659",8709,"TCGA-COAD","RPL23A",0.00744886222962965,-0.761151269441708,0.451650361404696
"1660",8710,"TCGA-COAD","RPL24",0.00836328142962961,-0.78511820084849,0.437759300711181
"1661",8711,"TCGA-COAD","RPL26",-0.0367938814555556,1.13500665872349,0.262944271790138
"1662",8712,"TCGA-COAD","RPL26L1",-0.0295789264888889,1.15362643825391,0.253937224533979
"1663",8713,"TCGA-COAD","RPL27",0.0118954794592593,-1.03574963821691,0.307484560586066
"1664",8714,"TCGA-COAD","RPL27A",-0.00885520935555556,0.524376308021975,0.602640271246117
"1665",8715,"TCGA-COAD","RPL28",-0.018090217674074,1.88345643343335,0.0649898162740654
"1666",8716,"TCGA-COAD","RPL3",-0.00890228698518514,0.681005213216238,0.499953866057266
"1667",8717,"TCGA-COAD","RPL30",-0.0122428714666667,0.930446147876758,0.357641287447233
"1668",8718,"TCGA-COAD","RPL31",0.0191188478444445,-1.87454093483974,0.0675174072064035
"1669",8719,"TCGA-COAD","RPL32",0.00295790986666666,-0.262689356795453,0.794106510385956
"1670",8720,"TCGA-COAD","RPL35",0.00308668758518515,-0.180214819481648,0.858014999201646
"1671",8721,"TCGA-COAD","RPL36",-0.00532400142222222,0.420392546493922,0.676419436393461
"1672",8722,"TCGA-COAD","RPL36A",-0.000286532088888958,0.0205912748608803,0.983671382857075
"1673",8723,"TCGA-COAD","RPL36AL",-0.0048108568518519,0.194135869574456,0.84699000422715
"1674",8724,"TCGA-COAD","RPL37",0.00633448734074071,-0.485443001339184,0.629684042188586
"1675",8725,"TCGA-COAD","RPL37A",-0.00135638645185188,0.125648582263928,0.900692572801295
"1676",8726,"TCGA-COAD","RPL38",-0.00823313191111108,0.543277704818681,0.589845997565978
"1677",8727,"TCGA-COAD","RPL4",0.0128552978888889,-1.25343520688891,0.218193941557514
"1678",8728,"TCGA-COAD","RPL5",0.0132779961407407,-0.841926217387831,0.404965638185187
"1679",8729,"TCGA-COAD","RPL6",-0.00703551142962966,0.721643549540168,0.47467693782938
"1680",8730,"TCGA-COAD","RPL7",0.00373028529629627,-0.355576707226662,0.724201967532727
"1681",8731,"TCGA-COAD","RPL7A",0.0010637900814815,-0.117317847279329,0.907198502520166
"1682",8732,"TCGA-COAD","RPL7L1",-0.0200200759037037,2.16463638444267,0.0348716347222577
"1683",8733,"TCGA-COAD","RPL8",0.0118368414666666,-1.25224242294397,0.217374733661217
"1684",8734,"TCGA-COAD","RPL9",0.0158103713777778,-1.43570699488495,0.160018363251464
"1685",8735,"TCGA-COAD","RPLP0",0.000684051274074116,-0.0699808799198136,0.94454052322827
"1686",8736,"TCGA-COAD","RPLP1",0.00782236603703701,-0.570100844040426,0.571463172637168
"1687",8737,"TCGA-COAD","RPLP2",0.00383669291851851,-0.234775949778575,0.815719551480558
"1688",8738,"TCGA-COAD","RPN1",-0.0172853564444445,1.47605788533989,0.145642993886271
"1689",8739,"TCGA-COAD","RPN2",-0.0138593554814815,0.873370158550036,0.386086507257677
"1690",8740,"TCGA-COAD","RPP14",-0.0158330331407407,1.04228643561424,0.301984887804899
"1691",8741,"TCGA-COAD","RPP21",-0.00330200622222221,0.213235152719697,0.832159474509514
"1692",8742,"TCGA-COAD","RPP25L",-0.0100376801333334,0.522342233199477,0.603769606486278
"1693",8743,"TCGA-COAD","RPP30",-0.0154811096592592,1.02151264778133,0.31118146321908
"1694",8744,"TCGA-COAD","RPP38",-0.00423345399259256,0.367086712333096,0.715327138976367
"1695",8745,"TCGA-COAD","RPP40",-0.0203066435777778,1.41121083531755,0.163192313062034
"1696",8746,"TCGA-COAD","RPRD1B",-0.0077369073111111,0.475744585386647,0.636334887977568
"1697",8747,"TCGA-COAD","RPRD2",-0.00495219011111114,0.421209712492759,0.675604255831224
"1698",8748,"TCGA-COAD","RPS11",0.00915968565185182,-0.663837094847457,0.511039793230705
"1699",8749,"TCGA-COAD","RPS12",0.0043363588,-0.476712922425595,0.636180491921674
"1700",8750,"TCGA-COAD","RPS13",-0.00388899087407413,0.373738690334885,0.71060222289236
"1701",8751,"TCGA-COAD","RPS14",0.00180777341481486,-0.206784140014259,0.83726673727316
"1702",8752,"TCGA-COAD","RPS15",0.00488624222222223,-0.398712327384062,0.692365345767166
"1703",8753,"TCGA-COAD","RPS15A",0.00755302904444444,-0.46549333989749,0.643772433542842
"1704",8754,"TCGA-COAD","RPS16",0.00241478966666664,-0.269944907622808,0.788747710330726
"1705",8755,"TCGA-COAD","RPS17",-0.0209448728518519,1.64512181579004,0.107237138032706
"1706",8756,"TCGA-COAD","RPS18",0.010854546762963,-1.04125473988115,0.304811169871882
"1707",8757,"TCGA-COAD","RPS19",-0.000802207674074074,0.06121571717765,0.951527064009149
"1708",8758,"TCGA-COAD","RPS2",-0.0127498398888889,1.42929159630717,0.162005130524932
"1709",8759,"TCGA-COAD","RPS20",0.00417099152592593,-0.358286705916694,0.721794881223905
"1710",8760,"TCGA-COAD","RPS21",-0.015040230162963,0.960469668776159,0.341990098718428
"1711",8761,"TCGA-COAD","RPS23",-0.00144027446666667,0.153033797758607,0.879118339572261
"1712",8762,"TCGA-COAD","RPS24",0.00135276726666667,-0.092426116140251,0.926864728546622
"1713",8763,"TCGA-COAD","RPS25",-0.0103370030888889,0.808187861956334,0.423409222629998
"1714",8764,"TCGA-COAD","RPS27A",0.00557149922962963,-0.676195253793258,0.503484899946683
"1715",8765,"TCGA-COAD","RPS28",-0.0027985452888889,0.163704544441163,0.870730224498866
"1716",8766,"TCGA-COAD","RPS29",0.00549046426666666,-0.43312982856893,0.666853836223502
"1717",8767,"TCGA-COAD","RPS3",0.00515084799259258,-0.493352104403817,0.624095929052271
"1718",8768,"TCGA-COAD","RPS3A",0.00470218949629631,-0.415233863758212,0.680053762559277
"1719",8769,"TCGA-COAD","RPS4X",-0.00493478012592596,0.386357467526759,0.701177906550331
"1720",8770,"TCGA-COAD","RPS5",-0.00535004334074074,0.493735999561125,0.624635668317268
"1721",8771,"TCGA-COAD","RPS6",-0.00578902095555556,0.728477683379589,0.469894113866135
"1722",8772,"TCGA-COAD","RPS7",0.0192398433555556,-0.855831623138905,0.397397462628642
"1723",8773,"TCGA-COAD","RPS8",0.0268483959777778,-1.95447183494494,0.0564771252665126
"1724",8774,"TCGA-COAD","RPS9",-0.00215211851111119,0.20572810743792,0.838054173456874
"1725",8775,"TCGA-COAD","RPTOR",-0.0151938955407407,1.4262874509052,0.158967078426081
"1726",8776,"TCGA-COAD","RPUSD3",0.000404266651851892,-0.0241443156016666,0.980840562710477
"1727",8777,"TCGA-COAD","RPUSD4",-0.00991696775555562,0.949090421771512,0.347673839991501
"1728",8778,"TCGA-COAD","RRAGA",-0.00940536551111115,0.857597548179418,0.395606838511195
"1729",8779,"TCGA-COAD","RRAGC",-0.00112673504444438,0.100339129013666,0.920463638779798
"1730",8780,"TCGA-COAD","RRM1",-0.0277158052444444,1.06366898735611,0.292248027215987
"1731",8781,"TCGA-COAD","RRM2",0.0051534303111111,-0.434820639207409,0.665477971718168
"1732",8782,"TCGA-COAD","RRN3",-0.00265648377037037,0.365541586931257,0.716173517174618
"1733",8783,"TCGA-COAD","RRP1",-0.011246606,0.925271758293205,0.358779917109679
"1734",8784,"TCGA-COAD","RRP12",-0.00177990625925928,0.191881374052802,0.848547153250816
"1735",8785,"TCGA-COAD","RRP15",-0.0208352974296296,1.36659052997149,0.177271946676793
"1736",8786,"TCGA-COAD","RRP7A",0.00304173483703707,-0.237059442039039,0.81355247940919
"1737",8787,"TCGA-COAD","RRP9",-0.00392616002962964,0.339426348421375,0.735499266947029
"1738",8788,"TCGA-COAD","RRS1",-0.0109174148,1.0840457295696,0.283104205664399
"1739",8789,"TCGA-COAD","RSL1D1",-0.00255374147407406,0.332749759215601,0.740841743002022
"1740",8790,"TCGA-COAD","RSL24D1",0.0044536618296297,-0.404884998714451,0.687284726783929
"1741",8791,"TCGA-COAD","RTCB",-0.00146679722962961,0.116643797730165,0.907680817152099
"1742",8792,"TCGA-COAD","RTEL1",-0.0127328489185186,0.717630052528472,0.477393962532748
"1743",8793,"TCGA-COAD","RTF2",-0.00468934045925928,0.441319400036575,0.661352078341987
"1744",8794,"TCGA-COAD","RTRAF",-0.0210780036222222,1.12145063414235,0.26724794015592
"1745",8795,"TCGA-COAD","RTTN",-0.0324179750222222,2.22846689807716,0.0299329687927746
"1746",8796,"TCGA-COAD","RUNX1",-0.0096542489037037,0.907150063383135,0.368377123956893
"1747",8797,"TCGA-COAD","RUVBL1",-0.0055526066814815,0.754746602991507,0.453874926761333
"1748",8798,"TCGA-COAD","RUVBL2",-0.00612030242962969,0.954023836226169,0.344303914055969
"1749",8799,"TCGA-COAD","SACM1L",0.00116638338518515,-0.152506242744281,0.879406429266942
"1750",8800,"TCGA-COAD","SAE1",-0.00613538808888892,0.893775838284485,0.375965569753113
"1751",8801,"TCGA-COAD","SAMD4B",0.00222525345185176,-0.166073529411708,0.86885977693389
"1752",8802,"TCGA-COAD","SAMM50",-0.011784640837037,1.08947664532175,0.282393733732129
"1753",8803,"TCGA-COAD","SAP130",7.26252888888501e-05,-0.00619661241629769,0.995084946023686
"1754",8804,"TCGA-COAD","SAP18",-0.00960226599259251,0.799195780686477,0.428332904466179
"1755",8805,"TCGA-COAD","SAP30BP",-0.00903719265925929,0.758296981869737,0.450838237914854
"1756",8806,"TCGA-COAD","SARNP",-0.0174328192666667,0.869162937938216,0.388675281792284
"1757",8807,"TCGA-COAD","SARS1",-0.0163021144370371,0.674474905985759,0.503425196525031
"1758",8808,"TCGA-COAD","SARS2",-0.0203437091777778,1.53412630930405,0.130637381775807
"1759",8809,"TCGA-COAD","SART1",-0.00330074662962965,0.285283068281082,0.776551121262437
"1760",8810,"TCGA-COAD","SART3",-0.0114184561481481,1.09213074167792,0.281900660290576
"1761",8811,"TCGA-COAD","SASS6",0.00470692625185187,-0.395275926500258,0.694208189808133
"1762",8812,"TCGA-COAD","SBDS",-0.00945815393333338,0.576208225654961,0.566985895234686
"1763",8813,"TCGA-COAD","SCAF4",-0.0173959542666667,1.01093603226291,0.316137235077948
"1764",8814,"TCGA-COAD","SCAF8",-0.00653917707407403,0.434220975569122,0.665920370474116
"1765",8815,"TCGA-COAD","SCAP",0.000378267629629669,-0.0270150366281257,0.978565685872615
"1766",8816,"TCGA-COAD","SCD",-0.00598723211111107,0.723377739554523,0.472400467729551
"1767",8817,"TCGA-COAD","SCFD1",-0.00673973362962965,0.753350049700919,0.454356816630135
"1768",8818,"TCGA-COAD","SCO1",-0.0020681260444444,0.153585027066538,0.87865556964983
"1769",8819,"TCGA-COAD","SCO2",-0.00801064128148143,0.564912897576204,0.574842765928296
"1770",8820,"TCGA-COAD","SCYL1",-0.0131466051851852,0.83033274998509,0.40969241125751
"1771",8821,"TCGA-COAD","SDAD1",-0.00552931234814813,0.562161999915293,0.576022169627524
"1772",8822,"TCGA-COAD","SDE2",-0.00825999371111108,0.696880252941815,0.489908349375976
"1773",8823,"TCGA-COAD","SDHA",-0.00674954334074074,0.608621560363081,0.545927798299512
"1774",8824,"TCGA-COAD","SDHB",-0.0205843038148148,2.23161641234638,0.0299996756746721
"1775",8825,"TCGA-COAD","SDHC",-0.0172916068,2.26101150745195,0.0278742538985226
"1776",8826,"TCGA-COAD","SDHD",-0.00781861218518509,0.795371315709143,0.429254945393764
"1777",8827,"TCGA-COAD","SEC13",0.0011358819777777,-0.153782659919547,0.878415324216462
"1778",8828,"TCGA-COAD","SEC16A",-0.0195107552888889,1.38332420507078,0.173302421235662
"1779",8829,"TCGA-COAD","SEC61A1",-0.0182734556074073,1.42344344336239,0.163532592683078
"1780",8830,"TCGA-COAD","SEC61B",-0.0236337569111111,1.57379121645795,0.120196862565395
"1781",8831,"TCGA-COAD","SEC61G",-0.0249039801037036,1.40162560443759,0.166250945978869
"1782",8832,"TCGA-COAD","SEC62",-0.00960735577777783,0.851570611234541,0.398335572950228
"1783",8833,"TCGA-COAD","SEC63",-0.00900482017777771,0.901635327373318,0.370940147825896
"1784",8834,"TCGA-COAD","SEH1L",-0.00739368727407408,0.889178732597648,0.377836608168955
"1785",8835,"TCGA-COAD","SEM1",-0.0103682725703704,0.824844922960565,0.412910427067768
"1786",8836,"TCGA-COAD","SENP6",0.00656027891851851,-0.765636668889902,0.448150752194436
"1787",8837,"TCGA-COAD","SEPHS2",-0.00680117852592588,0.590723995037706,0.557094174096674
"1788",8838,"TCGA-COAD","SEPSECS",-0.0284626067925926,1.83091241993712,0.0737912542496968
"1789",8839,"TCGA-COAD","SERBP1",-0.0242092018518518,1.52527535425152,0.132376067509061
"1790",8840,"TCGA-COAD","SETD1A",-0.00902825000740748,0.900348759609955,0.373843041056762
"1791",8841,"TCGA-COAD","SETD1B",-0.00306639817777776,0.261389873272097,0.794824143454203
"1792",8842,"TCGA-COAD","SETD2",-0.0143471349777777,1.33025767536145,0.18873586402641
"1793",8843,"TCGA-COAD","SETD5",-0.0147235539925925,1.59087384532921,0.117081393600894
"1794",8844,"TCGA-COAD","SETDB1",-0.00694269065185182,0.536730246949567,0.593809131075227
"1795",8845,"TCGA-COAD","SF1",-0.0206546837037037,1.09150867261374,0.282527288052897
"1796",8846,"TCGA-COAD","SF3A1",-0.00549893641481475,0.58801793091141,0.558788614769688
"1797",8847,"TCGA-COAD","SF3A2",-0.0131284286222222,1.34103948593213,0.185600360644942
"1798",8848,"TCGA-COAD","SF3A3",0.00284122975555556,-0.308380170320463,0.759057268095787
"1799",8849,"TCGA-COAD","SF3B1",-0.0106597811851852,1.07062708105687,0.289521164005466
"1800",8850,"TCGA-COAD","SF3B2",-0.0266785891481481,2.25028097121373,0.0290007795873993
"1801",8851,"TCGA-COAD","SF3B3",-0.0273765210814815,2.79560184652615,0.00734863974188018
"1802",8852,"TCGA-COAD","SF3B4",-0.0392383517259259,1.94178950972981,0.0594602854931813
"1803",8853,"TCGA-COAD","SF3B5",0.000418438162962997,-0.0272641834893118,0.978359887009391
"1804",8854,"TCGA-COAD","SF3B6",-0.0315224239925926,2.3266205590605,0.0238756702475504
"1805",8855,"TCGA-COAD","SFPQ",0.00304410650370368,-0.330609255163159,0.742462312747288
"1806",8856,"TCGA-COAD","SFSWAP",-0.00240993180740745,0.226963125661184,0.821302701796073
"1807",8857,"TCGA-COAD","SGF29",-0.00765771511111113,0.767870955900852,0.445828626640666
"1808",8858,"TCGA-COAD","SGO1",-0.0195852751259259,1.19156498641102,0.238915229139569
"1809",8859,"TCGA-COAD","SH3GL1",-0.0165072288074074,1.1011740676815,0.27616330231646
"1810",8860,"TCGA-COAD","SHC1",-0.0152446198444444,1.63105031115654,0.109556096810043
"1811",8861,"TCGA-COAD","SHOC2",-0.0103922372444444,0.999856357685278,0.322054988506797
"1812",8862,"TCGA-COAD","SHQ1",-0.0141115660296296,1.27663517745893,0.206338787464239
"1813",8863,"TCGA-COAD","SIAH1",-0.0121967167851852,0.651597730132277,0.518104395972363
"1814",8864,"TCGA-COAD","SIN3A",-0.00923573553333334,0.670343630331148,0.506159440278181
"1815",8865,"TCGA-COAD","SINHCAF",-0.0196421940074074,2.00019713663455,0.0497569060459548
"1816",8866,"TCGA-COAD","SIVA1",-0.0225551766814814,1.77043380464077,0.0814702681749638
"1817",8867,"TCGA-COAD","SKA1",-0.0119115544962963,0.53344961707093,0.596333142570489
"1818",8868,"TCGA-COAD","SKA2",-0.0113614038296297,0.683077567175716,0.497845363119453
"1819",8869,"TCGA-COAD","SKA3",-0.00917079234074081,0.487701604173565,0.628223003625073
"1820",8870,"TCGA-COAD","SKIC8",-0.0130102755259259,1.2024714543261,0.233394467230528
"1821",8871,"TCGA-COAD","SKP1",-0.00906591276296298,0.977029964585212,0.33486058165177
"1822",8872,"TCGA-COAD","SKP2",-0.00768270785185188,0.440374218284229,0.66141991340959
"1823",8873,"TCGA-COAD","SLC16A1",-0.00723735968888894,0.617018520412191,0.539594209730929
"1824",8874,"TCGA-COAD","SLC20A1",-0.0135654809925926,1.13041206750917,0.263091439421819
"1825",8875,"TCGA-COAD","SLC25A1",-0.00473836500000002,0.257457535505968,0.797939494873606
"1826",8876,"TCGA-COAD","SLC25A19",-0.0147338054740741,1.22701683977996,0.225002909147816
"1827",8877,"TCGA-COAD","SLC25A26",-0.0251816778666667,2.08184889866376,0.0408814402863965
"1828",8878,"TCGA-COAD","SLC25A28",-0.0178650107925926,1.02573220850935,0.311640283295723
"1829",8879,"TCGA-COAD","SLC25A3",-0.0209576691407407,1.91580233022127,0.0616531084069697
"1830",8880,"TCGA-COAD","SLC2A1",-0.00703838074074081,0.736878115180918,0.464007600724355
"1831",8881,"TCGA-COAD","SLC30A9",-0.00409903762222219,0.320170353620627,0.750174669897401
"1832",8882,"TCGA-COAD","SLC33A1",-0.0186403446592592,1.52686499526145,0.133369985902137
"1833",8883,"TCGA-COAD","SLC35A1",-0.0141132720592593,1.529602687532,0.132355035747069
"1834",8884,"TCGA-COAD","SLC35A2",-0.0098358995185186,0.901662685137105,0.370881485383625
"1835",8885,"TCGA-COAD","SLC35B1",0.00927837994074077,-0.650451101146891,0.519068790359776
"1836",8886,"TCGA-COAD","SLC35B2",-0.00325234741481484,0.289036964383083,0.773755423599794
"1837",8887,"TCGA-COAD","SLC38A2",-0.000185236059259242,0.0179158027104901,0.985781465072048
"1838",8888,"TCGA-COAD","SLC39A10",-0.0118146254148148,1.13287586309852,0.262314012800647
"1839",8889,"TCGA-COAD","SLC39A7",-0.000610408911111193,0.0459574860899474,0.963534193451744
"1840",8890,"TCGA-COAD","SLC3A2",-0.00363676961481485,0.270573107821124,0.787948690353409
"1841",8891,"TCGA-COAD","SLC4A7",-0.00695086642962972,0.728098665796842,0.46964090491533
"1842",8892,"TCGA-COAD","SLC7A1",-0.0107507276518518,0.966031009579884,0.337975129397386
"1843",8893,"TCGA-COAD","SLC7A5",-0.000316324844444438,0.0342366130181658,0.972818363039994
"1844",8894,"TCGA-COAD","SLC7A6OS",-0.0150370663555555,1.67458006042705,0.100170381704229
"1845",8895,"TCGA-COAD","SLU7",-0.005267510525926,0.500856162236904,0.618616917475778
"1846",8896,"TCGA-COAD","SLX9",-0.0144612498074074,1.01682286160796,0.312603017752564
"1847",8897,"TCGA-COAD","SMAD7",-0.00141835394074075,0.126703844361637,0.899691897902332
"1848",8898,"TCGA-COAD","SMARCA2",0.000256767637037081,-0.0183854651065193,0.985404107916519
"1849",8899,"TCGA-COAD","SMARCA4",-0.00673294422962967,0.40337185930479,0.688393006056265
"1850",8900,"TCGA-COAD","SMARCA5",-0.00990543873333338,0.869330300022338,0.388638688418747
"1851",8901,"TCGA-COAD","SMARCB1",-0.00760501158518523,0.83539854153142,0.407155415582932
"1852",8902,"TCGA-COAD","SMARCD1",0.000107765918518576,-0.00893069191359812,0.99291171276329
"1853",8903,"TCGA-COAD","SMARCE1",-0.00854371455555558,0.906813327305243,0.367773235116789
"1854",8904,"TCGA-COAD","SMC1A",0.0046309871037038,-0.733205248523141,0.467475573043211
"1855",8905,"TCGA-COAD","SMC2",-0.00928213529629629,1.25493134356935,0.21455957559913
"1856",8906,"TCGA-COAD","SMC3",-0.00885724966666668,1.16157030907383,0.250660414883595
"1857",8907,"TCGA-COAD","SMC4",-0.00645436281481482,1.26076905196593,0.212306361167105
"1858",8908,"TCGA-COAD","SMC5",-0.0236884063703704,2.08038550428804,0.0414606077276932
"1859",8909,"TCGA-COAD","SMC6",-0.0173890149111111,1.16650028944289,0.248779807466623
"1860",8910,"TCGA-COAD","SMCHD1",-0.00499488438518525,0.401193526487628,0.689796077177255
"1861",8911,"TCGA-COAD","SMG1",-0.00439120727407416,0.48898426456413,0.626960674780112
"1862",8912,"TCGA-COAD","SMG5",-0.0116263386888888,0.977007953892984,0.333153537023587
"1863",8913,"TCGA-COAD","SMG6",-0.0164413060444445,1.16871563622588,0.24961645453689
"1864",8914,"TCGA-COAD","SMG7",-0.0205786037555555,1.08825616622289,0.282214629032959
"1865",8915,"TCGA-COAD","SMNDC1",-0.0128862794666667,1.20017010863687,0.23433131128271
"1866",8916,"TCGA-COAD","SMU1",-0.00756928381481481,0.538329323689693,0.592919666940953
"1867",8917,"TCGA-COAD","SNAI2",-0.0114790651407407,1.17271293445161,0.246910272876709
"1868",8918,"TCGA-COAD","SNAP23",-0.00554873501481479,0.946684734299024,0.347449610182398
"1869",8919,"TCGA-COAD","SNAPC1",4.29677851850885e-05,-0.00692484783457549,0.994498614162274
"1870",8920,"TCGA-COAD","SNAPC2",-0.00478495414074065,0.656027842813199,0.514892855367729
"1871",8921,"TCGA-COAD","SNAPC3",-0.00234213357037039,0.309713374961963,0.7581416655403
"1872",8922,"TCGA-COAD","SNAPC5",-0.0103882602592592,1.27256453120624,0.209010664086047
"1873",8923,"TCGA-COAD","SNF8",-0.0243296566296296,1.6206318711802,0.11135009530582
"1874",8924,"TCGA-COAD","SNIP1",-0.0162880305111111,0.834732413118174,0.407927645339643
"1875",8925,"TCGA-COAD","SNRNP200",-0.00461956021481486,0.528503541131649,0.599088906455121
"1876",8926,"TCGA-COAD","SNRNP25",-0.00780224606666668,0.805055553549667,0.424716933245293
"1877",8927,"TCGA-COAD","SNRNP27",-0.014058253911111,0.97667960360868,0.334010770109583
"1878",8928,"TCGA-COAD","SNRNP35",-0.0232272131555555,1.43347565248148,0.157275361600147
"1879",8929,"TCGA-COAD","SNRNP40",-0.00946734952592587,0.330461964307813,0.742495694017911
"1880",8930,"TCGA-COAD","SNRNP48",0.00205072917777782,-0.127512378812329,0.899078943300469
"1881",8931,"TCGA-COAD","SNRNP70",-0.0108800423111111,0.711127618477988,0.480860892233204
"1882",8932,"TCGA-COAD","SNRPA",-0.0119854527925926,0.783258890447327,0.437502853784909
"1883",8933,"TCGA-COAD","SNRPA1",-0.0051668270148148,0.485998661850524,0.628979302303394
"1884",8934,"TCGA-COAD","SNRPB",-0.0212018796740741,2.34278305026553,0.0221989303963053
"1885",8935,"TCGA-COAD","SNRPB2",-0.0172820123481482,1.12028471161027,0.267253493159223
"1886",8936,"TCGA-COAD","SNRPC",-0.0113966547777777,1.0256530635296,0.30914435419515
"1887",8937,"TCGA-COAD","SNRPD1",-0.0316773059851852,2.22128707058346,0.031598417742746
"1888",8938,"TCGA-COAD","SNRPD2",-0.0134325757407407,1.66033839279344,0.103680770730693
"1889",8939,"TCGA-COAD","SNRPD3",-0.0324417302615556,1.35071128578278,0.182836326996384
"1890",8940,"TCGA-COAD","SNRPE",-0.0139892074222222,1.07157989964451,0.288846223882841
"1891",8941,"TCGA-COAD","SNRPF",-0.0199454029333334,1.35514542068439,0.182443576748171
"1892",8942,"TCGA-COAD","SNRPG",-0.0115510617407407,0.632072844746637,0.530760426654328
"1893",8943,"TCGA-COAD","SNU13",-0.0106821368962963,1.28372350346511,0.20503910093305
"1894",8944,"TCGA-COAD","SNUPN",-0.0109526376296296,0.77438079917702,0.443333670383798
"1895",8945,"TCGA-COAD","SNW1",-0.00405112233333338,0.437470687607691,0.663398482745074
"1896",8946,"TCGA-COAD","SOCS3",-0.0215485454074074,2.3549259876202,0.0215829491419604
"1897",8947,"TCGA-COAD","SOD1",-0.00626693011111112,0.609940821965614,0.545197601534722
"1898",8948,"TCGA-COAD","SOD2",-0.0193678692296296,1.41509727775478,0.16425086514212
"1899",8949,"TCGA-COAD","SON",-0.00747535699259261,0.930687939287967,0.356655618689888
"1900",8950,"TCGA-COAD","SOS1",-0.0146577272740741,1.45584050402455,0.152376542480875
"1901",8951,"TCGA-COAD","SOX10",-1.20629851851906e-05,0.000987699866371779,0.999215401974593
"1902",8952,"TCGA-COAD","SOX2",-0.00933480040000001,0.769051808589869,0.445616600512744
"1903",8953,"TCGA-COAD","SOX9",-0.0071802086740741,0.762158517290484,0.448835887961762
"1904",8954,"TCGA-COAD","SP1",-0.00940250808888898,0.538185300431883,0.592778296948018
"1905",8955,"TCGA-COAD","SPATA31A6",-0.000427501392592511,0.0445046689291885,0.964624867798458
"1906",8956,"TCGA-COAD","SPC24",-0.00957321580740739,0.79468993859606,0.430783571483063
"1907",8957,"TCGA-COAD","SPC25",-0.0162220587555555,1.82368935650335,0.0741721932623826
"1908",8958,"TCGA-COAD","SPCS1",-0.0161465401851852,0.86494986590032,0.390985261708073
"1909",8959,"TCGA-COAD","SPCS2",-0.0196224173185184,0.954958751208281,0.343013340595758
"1910",8960,"TCGA-COAD","SPCS3",-0.023591134562963,1.96222135527192,0.0536769160017985
"1911",8961,"TCGA-COAD","SPDL1",-0.00577478835555556,0.465508924908286,0.644137831070625
"1912",8962,"TCGA-COAD","SPOUT1",-0.00461855474814821,0.361794832769925,0.719113263731347
"1913",8963,"TCGA-COAD","SPRR2G",-0.0260699178888889,2.06707000590502,0.042640204068837
"1914",8964,"TCGA-COAD","SPRTN",0.0013435303037036,-0.12327428638834,0.902339343879495
"1915",8965,"TCGA-COAD","SPTLC1",-0.0022212530222222,0.278798482098192,0.781567125440094
"1916",8966,"TCGA-COAD","SPTLC2",-0.00351944092592593,0.42547500647448,0.671986413980093
"1917",8967,"TCGA-COAD","SPTSSA",-0.00983844838518522,0.756653251846477,0.453625892875942
"1918",8968,"TCGA-COAD","SQLE",-0.0138719624666667,1.11908733857943,0.268248903162497
"1919",8969,"TCGA-COAD","SRBD1",0.00299953068148151,-0.351463984666646,0.726447688514639
"1920",8970,"TCGA-COAD","SRCAP",-0.00509920019259258,0.461374140248521,0.646854569001347
"1921",8971,"TCGA-COAD","SREBF1",-0.00916122968888888,0.888940769063662,0.378206468116083
"1922",8972,"TCGA-COAD","SREK1IP1",-0.0116788832666667,0.595473786820095,0.553705542410156
"1923",8973,"TCGA-COAD","SRF",-0.0179168423111111,1.36171174068435,0.179122948198489
"1924",8974,"TCGA-COAD","SRFBP1",0.0119599074444444,-0.936626277328602,0.35391694194576
"1925",8975,"TCGA-COAD","SRM",0.00125889746666663,-0.0726013279201408,0.942460996664151
"1926",8976,"TCGA-COAD","SRP14",-0.0217233593185185,1.20392521254674,0.233272992707588
"1927",8977,"TCGA-COAD","SRP19",-0.0105200968148148,1.05547890177063,0.297516205028403
"1928",8978,"TCGA-COAD","SRP54",-0.0105935593777778,0.752291454396869,0.457022288070654
"1929",8979,"TCGA-COAD","SRP72",-0.00539913815555559,0.473202172903278,0.637759531152979
"1930",8980,"TCGA-COAD","SRP9",-0.00582017579259264,0.306130615756088,0.760720256601588
"1931",8981,"TCGA-COAD","SRPRA",-0.0144826733777779,1.44041930312874,0.156390163595871
"1932",8982,"TCGA-COAD","SRRM1",0.000371695822222184,-0.0247372142521361,0.980351460306427
"1933",8983,"TCGA-COAD","SRRM2",-0.0207197324814814,1.22787520596622,0.225268376181131
"1934",8984,"TCGA-COAD","SRRT",-0.0169387238296296,1.56239556812409,0.124382268420662
"1935",8985,"TCGA-COAD","SRSF1",-0.0276452542148148,2.77222996614262,0.00761768596095376
"1936",8986,"TCGA-COAD","SRSF10",-0.021670994162963,1.10474114395113,0.273559614949598
"1937",8987,"TCGA-COAD","SRSF11",-0.0180899793185185,1.00715735074088,0.319932421810785
"1938",8988,"TCGA-COAD","SRSF2",-0.0218623190962963,2.81784233314483,0.00785731995600007
"1939",8989,"TCGA-COAD","SRSF3",-0.0127332848888889,1.03956214614664,0.305234265964013
"1940",8990,"TCGA-COAD","SRSF6",0.0019689397851852,-0.0854446127528942,0.932261093674396
"1941",8991,"TCGA-COAD","SRSF7",-0.0209118149037037,2.14805528594481,0.0363763892434421
"1942",8992,"TCGA-COAD","SS18L2",-0.000232465422222217,0.0188888019208757,0.985020776101912
"1943",8993,"TCGA-COAD","SSB",-0.00881241142222222,0.594429480883899,0.554992312011312
"1944",8994,"TCGA-COAD","SSBP1",-0.0140094329777778,1.00667424260709,0.319060620074417
"1945",8995,"TCGA-COAD","SSBP3",-0.0063150419185185,0.639366461392399,0.525497020691786
"1946",8996,"TCGA-COAD","SSRP1",-0.0131736442074074,1.44985934653018,0.152387309881212
"1947",8997,"TCGA-COAD","SSU72",-0.0127397627481481,0.954762903530986,0.34353306670981
"1948",8998,"TCGA-COAD","STAG1",-0.00518743683703704,0.448739002386516,0.655426481967299
"1949",8999,"TCGA-COAD","STAG2",-0.00771719137777771,0.526531194838356,0.600877500789107
"1950",9000,"TCGA-COAD","STAMBP",-0.0206001018074073,1.27521269892695,0.207702326262085
"1951",9001,"TCGA-COAD","STEEP1",-0.0112012663555556,1.36792710028696,0.176920666478587
"1952",9002,"TCGA-COAD","STIL",-0.0114060453259259,1.32106036635061,0.192012996658373
"1953",9003,"TCGA-COAD","STK11",-0.015991086962963,1.19612040950375,0.236412495109671
"1954",9004,"TCGA-COAD","STK40",-0.0114407838296297,0.79825305403621,0.427925085090874
"1955",9005,"TCGA-COAD","STN1",-0.00969455582222223,0.552314405190575,0.583172405606017
"1956",9006,"TCGA-COAD","STRAP",-0.00473389188888884,0.304364581219545,0.762262752520338
"1957",9007,"TCGA-COAD","STRIP1",-0.0184080782888889,1.90529230385435,0.0617261585066389
"1958",9008,"TCGA-COAD","STT3A",-0.0152483487407408,1.14159264862279,0.258970884266798
"1959",9009,"TCGA-COAD","STX18",-0.00476149637037038,0.457169330228579,0.649220933184325
"1960",9010,"TCGA-COAD","STX4",-0.0100038026740741,1.27139554711022,0.210426395763743
"1961",9011,"TCGA-COAD","STX5",0.00250760114814808,-0.250718540458389,0.802937366191297
"1962",9012,"TCGA-COAD","STXBP3",-0.007273345562963,0.777948939675154,0.440348294306015
"1963",9013,"TCGA-COAD","SUCO",-0.00597081759999996,0.758457321113811,0.451224222100257
"1964",9014,"TCGA-COAD","SUDS3",-0.010804583162963,1.20066770649189,0.23501403242552
"1965",9015,"TCGA-COAD","SUGP1",-0.0113564624148148,0.632223485539916,0.530530137826513
"1966",9016,"TCGA-COAD","SUGT1",-0.0112762938222222,0.566188852932006,0.573915034503316
"1967",9017,"TCGA-COAD","SUPT16H",-0.00207160297777781,0.221679494419262,0.825446745992913
"1968",9018,"TCGA-COAD","SUPT20H",-0.00379816930370369,0.325929944692451,0.74577748628973
"1969",9019,"TCGA-COAD","SUPT4H1",-0.00352023258518519,0.282809961372896,0.778620856556544
"1970",9020,"TCGA-COAD","SUPT5H",-0.0124649902814814,1.48138078473546,0.14561425858269
"1971",9021,"TCGA-COAD","SUPT6H",-0.00595963114814813,0.983143568397658,0.329768202254087
"1972",9022,"TCGA-COAD","SUPT7L",0.00300889828888884,-0.211074448433844,0.833558498337041
"1973",9023,"TCGA-COAD","SUPV3L1",-0.018245719637037,1.79333858223018,0.0796549084406106
"1974",9024,"TCGA-COAD","SURF4",-0.00298209961481477,0.168021222913147,0.867180371250716
"1975",9025,"TCGA-COAD","SUZ12",-0.0112056236,0.85694988042868,0.395893659365966
"1976",9026,"TCGA-COAD","SYF2",-0.0247245160148148,1.95017707125336,0.0561208783723922
"1977",9027,"TCGA-COAD","SYMPK",-0.00741181691851844,0.664745683655348,0.50916874874203
"1978",9028,"TCGA-COAD","SYNCRIP",-0.0117095824074074,0.633053672554374,0.530043509134814
"1979",9029,"TCGA-COAD","SYS1",-0.0169816241111111,1.70985669063388,0.0920657958728351
"1980",9030,"TCGA-COAD","SYVN1",-0.0125570143111111,0.960232645069439,0.340300623840197
"1981",9031,"TCGA-COAD","TACC3",-0.0186212419481482,1.27897669156519,0.209188119093419
"1982",9032,"TCGA-COAD","TADA1",0.00356955665185188,-0.293168298647692,0.770472686646021
"1983",9033,"TCGA-COAD","TADA2B",-0.00738706747407403,0.551636332752386,0.583774948531117
"1984",9034,"TCGA-COAD","TADA3",-0.00310808668148155,0.306794365016725,0.760382168971146
"1985",9035,"TCGA-COAD","TAF1",-0.0072836782074075,0.770089525355564,0.444478639047697
"1986",9036,"TCGA-COAD","TAF10",-0.00849424068148152,0.856909707272592,0.395165697145241
"1987",9037,"TCGA-COAD","TAF12",-0.00768614807407408,0.620207964444099,0.537916698700474
"1988",9038,"TCGA-COAD","TAF1B",-0.00835678128888895,0.854746758296731,0.396536610101819
"1989",9039,"TCGA-COAD","TAF1C",-0.00686892019259255,0.632634524082662,0.529801251573819
"1990",9040,"TCGA-COAD","TAF2",-0.00196168442222222,0.200946271435539,0.841431619843414
"1991",9041,"TCGA-COAD","TAF4",-0.00228645002962957,0.273941417437474,0.785211730206872
"1992",9042,"TCGA-COAD","TAF5",-0.0113030591111112,0.786167521286672,0.435268360387372
"1993",9043,"TCGA-COAD","TAF5L",-0.020672932,1.3963291293162,0.167594990821881
"1994",9044,"TCGA-COAD","TAF6",-0.00261760920740739,0.292453144388826,0.771231650614121
"1995",9045,"TCGA-COAD","TAF6L",-0.00446624859259259,0.430474841128653,0.668904668319073
"1996",9046,"TCGA-COAD","TAF7",0.0039889662962963,-0.42850630308119,0.669975515447396
"1997",9047,"TCGA-COAD","TAF8",-0.00419357131111109,0.316723457802244,0.753132540184962
"1998",9048,"TCGA-COAD","TAFAZZIN",-0.00655066095555557,0.530932780696484,0.597536472314343
"1999",9049,"TCGA-COAD","TAMM41",-0.0135848422148148,1.71436852392604,0.0924611593905746
"2000",9050,"TCGA-COAD","TANGO6",-0.00775200223703698,0.503483938542341,0.617893556324891
"2001",9051,"TCGA-COAD","TAOK1",-0.0167077205333334,1.36707930023027,0.176984688029017
"2002",9052,"TCGA-COAD","TAPT1",-0.0179120289407408,1.75931564772148,0.0845700848082916
"2003",9053,"TCGA-COAD","TARDBP",-0.0152890109703703,0.774990669814981,0.442372328335204
"2004",9054,"TCGA-COAD","TARS1",-0.00942644500740741,0.830276577824726,0.412518222240842
"2005",9055,"TCGA-COAD","TARS2",-0.0110041934074074,0.689402170792297,0.494294276070334
"2006",9056,"TCGA-COAD","TBCA",-0.0243380090740741,1.46289118479801,0.149396339596355
"2007",9057,"TCGA-COAD","TBCC",0.00203483165925922,-0.238974236903609,0.812179741690019
"2008",9058,"TCGA-COAD","TBCD",-0.0135177717185185,1.43487667856815,0.158823232268109
"2009",9059,"TCGA-COAD","TBL1XR1",-0.00389873162962961,0.274963166667552,0.784711291804353
"2010",9060,"TCGA-COAD","TBL3",-0.00351533202222221,0.436790332019022,0.664517150698914
"2011",9061,"TCGA-COAD","TCERG1",-0.0334403295629629,1.8556652226885,0.0690316021285142
"2012",9062,"TCGA-COAD","TCF3",-0.0063614930074074,0.671623157220446,0.504712539150159
"2013",9063,"TCGA-COAD","TCF7L2",-0.043368649111111,2.60723547737165,0.0121613482542704
"2014",9064,"TCGA-COAD","TCOF1",-0.0126427081333333,1.19361038892977,0.238171968784521
"2015",9065,"TCGA-COAD","TCP1",0.00419213019999998,-0.446430512080925,0.657146348346761
"2016",9066,"TCGA-COAD","TDP2",-0.00743620628888897,0.460599045831752,0.647153997935059
"2017",9067,"TCGA-COAD","TEAD1",-0.0139188196,1.07451612522182,0.287052874271697
"2018",9068,"TCGA-COAD","TEDC1",0.0112739045777778,-0.572528486773945,0.569503519037239
"2019",9069,"TCGA-COAD","TEDC2",0.00757116173333339,-0.504986865642267,0.616281927202962
"2020",9070,"TCGA-COAD","TELO2",-0.0208122383259259,1.55038800698904,0.126764928042822
"2021",9071,"TCGA-COAD","TEN1",-0.00157562634074071,0.107742914906582,0.914543477079661
"2022",9072,"TCGA-COAD","TENT4B",-0.0119681399777778,0.638862404945287,0.526173354006034
"2023",9073,"TCGA-COAD","TERF2",0.00125949991851848,-0.0877040684190556,0.930552335688084
"2024",9074,"TCGA-COAD","TFAM",-0.0138237607481482,0.866560432488188,0.390776786354498
"2025",9075,"TCGA-COAD","TFAP2A",0.00121304453333326,-0.085563520592281,0.932140871945645
"2026",9076,"TCGA-COAD","TFAP4",-0.00918562547407409,1.10721335093933,0.272020020944314
"2027",9077,"TCGA-COAD","TFB1M",-0.019768245562963,1.05531949493568,0.296276193192006
"2028",9078,"TCGA-COAD","TFB2M",-0.0140170433259259,1.37575726141054,0.174768185683014
"2029",9079,"TCGA-COAD","TFDP1",-0.00614028066666661,0.553834941700891,0.582170553693001
"2030",9080,"TCGA-COAD","TFIP11",-0.00665335628888897,0.580248802688467,0.564161841510916
"2031",9081,"TCGA-COAD","TFRC",-0.0135238639333334,1.37497296265793,0.17538571039761
"2032",9082,"TCGA-COAD","TGFBR1",-0.00355968991111111,0.271234596506748,0.78736932355605
"2033",9083,"TCGA-COAD","TGIF1",-0.000274738874074032,0.0293028130034722,0.976701524818654
"2034",9084,"TCGA-COAD","TGS1",-0.0190862523037036,1.52174875292714,0.13352287387229
"2035",9085,"TCGA-COAD","THAP1",-0.0161379191555555,1.4443775733116,0.153912876094431
"2036",9086,"TCGA-COAD","THAP11",0.0111694826148148,-0.709356132442355,0.481597783906899
"2037",9087,"TCGA-COAD","THAP12",-0.0154742752962963,1.59798439911349,0.115853679478271
"2038",9088,"TCGA-COAD","THG1L",-0.00589544088888894,0.414798691947191,0.679950195002301
"2039",9089,"TCGA-COAD","THOC1",-0.0144618579555555,1.50508573829559,0.138844133972881
"2040",9090,"TCGA-COAD","THOC2",-0.00951214582962956,0.892617693660913,0.377294902745732
"2041",9091,"TCGA-COAD","THOC3",-0.00741198727407411,0.669386424154304,0.506065464078056
"2042",9092,"TCGA-COAD","THOC5",-0.00870686974814816,1.03007009791408,0.308503991460733
"2043",9093,"TCGA-COAD","THOC7",-0.0200748826370369,1.64965593588563,0.105595582637269
"2044",9094,"TCGA-COAD","TIAL1",-0.0170521388888889,0.938794039807264,0.352011137579363
"2045",9095,"TCGA-COAD","TICRR",-0.000832045362962996,0.0572373518869834,0.954637030957284
"2046",9096,"TCGA-COAD","TIMELESS",-0.0108400920444444,0.961878709220277,0.340075702717662
"2047",9097,"TCGA-COAD","TIMM10",0.0103323186148148,-0.947527417775168,0.349070648261567
"2048",9098,"TCGA-COAD","TIMM13",-0.0101475698518518,0.64091263746322,0.524575422707931
"2049",9099,"TCGA-COAD","TIMM17A",-0.00707914891851846,0.501089646318564,0.618545696830263
"2050",9100,"TCGA-COAD","TIMM22",0.00104466055555552,-0.0826255984443935,0.934480028136626
"2051",9101,"TCGA-COAD","TIMM23",0.011440822,-0.671881534878001,0.50617827843783
"2052",9102,"TCGA-COAD","TIMM29",0.0177200030666667,-1.3398449407744,0.186045256184192
"2053",9103,"TCGA-COAD","TIMM44",-0.0160420097037037,1.0620619190639,0.294389993685732
"2054",9104,"TCGA-COAD","TIMM8A",-0.021977502837037,1.20248090699909,0.234401243074912
"2055",9105,"TCGA-COAD","TIMM9",0.000888694081481511,-0.0685766785321936,0.945617326208234
"2056",9106,"TCGA-COAD","TINF2",-0.00286738130370379,0.204551385740587,0.838991281330734
"2057",9107,"TCGA-COAD","TIPARP",-0.00476804462962965,0.459878467098535,0.647899124457407
"2058",9108,"TCGA-COAD","TIPIN",0.00461170248148146,-0.378657739129164,0.706516607108462
"2059",9109,"TCGA-COAD","TIPRL",-0.0167631091333333,0.825578740140855,0.413224276120856
"2060",9110,"TCGA-COAD","TKT",-0.0167648779037037,1.13439723026926,0.262216667271033
"2061",9111,"TCGA-COAD","TLK2",-0.00311885663703704,0.315865501625041,0.753312701246837
"2062",9112,"TCGA-COAD","TLN1",-0.00836077609629626,0.610587760334121,0.544265780776664
"2063",9113,"TCGA-COAD","TM9SF3",-0.0107100634148148,0.79650044206929,0.429361274116817
"2064",9114,"TCGA-COAD","TMED10",-0.022387639437037,1.72836475178264,0.0881545764461235
"2065",9115,"TCGA-COAD","TMED2",-0.0149790704222222,1.00455246233579,0.31891638010926
"2066",9116,"TCGA-COAD","TMEM165",-0.0086050870296297,1.01217364271454,0.314936779588958
"2067",9117,"TCGA-COAD","TMEM167A",-0.0114606191111111,0.90249142370478,0.37042250761145
"2068",9118,"TCGA-COAD","TMEM199",-0.0114769891777778,0.707040637612519,0.482513450224896
"2069",9119,"TCGA-COAD","TMEM41B",-0.0189926328444444,1.54982253554705,0.126184562230026
"2070",9120,"TCGA-COAD","TMEM80",-0.00844991263703709,0.649426416796409,0.519422111167531
"2071",9121,"TCGA-COAD","TMX2",-0.0140645953111111,1.2657159654915,0.21052568834752
"2072",9122,"TCGA-COAD","TNPO1",-0.0218580819703704,1.74967328468931,0.0849790248258978
"2073",9123,"TCGA-COAD","TNPO3",-0.00820716104444441,0.654502646795269,0.515650388015875
"2074",9124,"TCGA-COAD","TOE1",0.00142643237777784,-0.0914344046187343,0.927467239210908
"2075",9125,"TCGA-COAD","TOMM20",-0.0172676846222223,1.3013189546196,0.199236490130527
"2076",9126,"TCGA-COAD","TOMM22",0.0119598654444444,-1.10375722884578,0.275321565099979
"2077",9127,"TCGA-COAD","TOMM40",0.00275455197777774,-0.298552793855189,0.767019095326831
"2078",9128,"TCGA-COAD","TOMM70",-0.0112380166148148,0.756927200991048,0.452812450950583
"2079",9129,"TCGA-COAD","TONSL",0.00444721080740751,-0.476444669302891,0.636206793503082
"2080",9130,"TCGA-COAD","TOP1",-0.0149377028222222,1.5945897227943,0.116641578591487
"2081",9131,"TCGA-COAD","TOP2A",-0.00138147263703703,0.13373203892213,0.894326851365316
"2082",9132,"TCGA-COAD","TOP3A",-0.00869724115555559,0.698931270899634,0.488073787736014
"2083",9133,"TCGA-COAD","TOPBP1",-0.00225835168148147,0.251351364142907,0.802607905097368
"2084",9134,"TCGA-COAD","TP53",-0.0153553054074074,0.720652396859286,0.474498690051111
"2085",9135,"TCGA-COAD","TP53BP1",-0.0192532924592593,1.47067289210056,0.147205582387587
"2086",9136,"TCGA-COAD","TP53RK",-0.0112080096814815,0.902085755541528,0.370979475240919
"2087",9137,"TCGA-COAD","TP63",-0.0185784487777778,1.11507848278702,0.269554895034861
"2088",9138,"TCGA-COAD","TPI1",-0.00623542523703702,0.744915820733639,0.459415933227475
"2089",9139,"TCGA-COAD","TPK1",-0.00777986099259254,0.700458673745525,0.486825745751128
"2090",9140,"TCGA-COAD","TPR",-0.00884483837037031,0.716740625145673,0.476367532836114
"2091",9141,"TCGA-COAD","TPT1",-0.00359480642222221,0.152661942170934,0.879382845607341
"2092",9142,"TCGA-COAD","TPX2",-0.00420885240000002,0.401728689107224,0.68932095248308
"2093",9143,"TCGA-COAD","TRA2B",-0.00299662374074072,0.142099953058653,0.887690567723278
"2094",9144,"TCGA-COAD","TRAF2",-0.00438587068888896,0.389993527037435,0.697859555212627
"2095",9145,"TCGA-COAD","TRAIP",0.00806303814814813,-0.569977091520491,0.570932157464493
"2096",9146,"TCGA-COAD","TRAPPC1",-0.0107007382074074,1.19192035975188,0.238111983241684
"2097",9147,"TCGA-COAD","TRAPPC11",0.000966855414814893,-0.125638041075066,0.900525534694231
"2098",9148,"TCGA-COAD","TRAPPC2L",-0.0114074003555557,0.728122702219775,0.469327586955541
"2099",9149,"TCGA-COAD","TRAPPC3",-0.00194217147407416,0.159138814155606,0.874397569699877
"2100",9150,"TCGA-COAD","TRAPPC4",-0.0147406826148148,1.03907759108092,0.303769881903402
"2101",9151,"TCGA-COAD","TRAPPC5",-0.0123373853777778,1.12942749095707,0.263913549763201
"2102",9152,"TCGA-COAD","TRAPPC8",-0.0103815235333333,1.00832471992596,0.318117509038208
"2103",9153,"TCGA-COAD","TRIAP1",-0.00165180530370368,0.120729437582291,0.904311172245256
"2104",9154,"TCGA-COAD","TRIM28",-0.0116396304222223,0.94272759044948,0.350086283674917
"2105",9155,"TCGA-COAD","TRIM37",-0.0198433988962964,2.17946236655801,0.0324611499972241
"2106",9156,"TCGA-COAD","TRIP12",-0.00610707003703703,0.465493950061202,0.6435192926009
"2107",9157,"TCGA-COAD","TRIP13",-0.0165763351851852,0.953062319037078,0.344588710650443
"2108",9158,"TCGA-COAD","TRIR",-0.00056461957037035,0.0473148769438756,0.962410859661788
"2109",9159,"TCGA-COAD","TRIT1",-0.0178301924518518,0.824313998613827,0.413455599570174
"2110",9160,"TCGA-COAD","TRMT10C",-0.00645556317777773,0.50511434392453,0.615719590353017
"2111",9161,"TCGA-COAD","TRMT112",-0.0228261584222222,2.60600048469646,0.012296978696384
"2112",9162,"TCGA-COAD","TRMT6",-0.00930317227407407,0.682328726403206,0.49757591578198
"2113",9163,"TCGA-COAD","TRMT61A",0.005559931037037,-0.372271823081257,0.711030208455902
"2114",9164,"TCGA-COAD","TRNAU1AP",-0.0181107312814814,0.823257325737356,0.41487218178795
"2115",9165,"TCGA-COAD","TRNT1",-0.00318533244444441,0.418268865412324,0.677792038854558
"2116",9166,"TCGA-COAD","TRPM7",0.00990766211111116,-0.414340727507675,0.680943091903498
"2117",9167,"TCGA-COAD","TRRAP",-0.00109452508888885,0.107021837488294,0.915260280999237
"2118",9168,"TCGA-COAD","TRUB2",-0.0118092684444444,1.14291981718063,0.25934610700511
"2119",9169,"TCGA-COAD","TSC1",-0.001969800162963,0.156140473328154,0.876487605045611
"2120",9170,"TCGA-COAD","TSC2",-0.00534563805925925,0.485255499180333,0.629138223275991
"2121",9171,"TCGA-COAD","TSEN34",-0.00613258501481484,0.477016328512138,0.635407537306536
"2122",9172,"TCGA-COAD","TSEN54",-0.00532004227407401,0.498422528960062,0.619943474562538
"2123",9173,"TCGA-COAD","TSG101",-0.00211206599259262,0.198259191513506,0.843692358914712
"2124",9174,"TCGA-COAD","TSR1",-0.00363692389629633,0.308642666231868,0.758987619969529
"2125",9175,"TCGA-COAD","TSR2",0.00201384402962956,-0.220855683244079,0.826468349602484
"2126",9176,"TCGA-COAD","TTC1",-0.0176252355407407,1.62804083861671,0.10874722038012
"2127",9177,"TCGA-COAD","TTC4",0.00145295702222215,-0.0830059885802472,0.934255384816309
"2128",9178,"TCGA-COAD","TTC7A",-0.0192879071629629,1.61166680454625,0.112828936558175
"2129",9179,"TCGA-COAD","TTF2",-0.00508378877037041,0.484774802848433,0.629633733956195
"2130",9180,"TCGA-COAD","TTI1",-0.003590078474074,0.261103000217659,0.794820333512391
"2131",9181,"TCGA-COAD","TTK",-0.0196101886518518,1.36263808933244,0.177915005178938
"2132",9182,"TCGA-COAD","TUBA1B",-0.00599340777777779,0.60883345563299,0.54571214671429
"2133",9183,"TCGA-COAD","TUBA1C",-0.0206477322444444,1.69121631315594,0.0959370734096976
"2134",9184,"TCGA-COAD","TUBB",-0.00540738592592593,0.637167545361733,0.527180007745564
"2135",9185,"TCGA-COAD","TUBB3",-0.0190151074962963,0.879761335304081,0.383196523643125
"2136",9186,"TCGA-COAD","TUBB4B",-0.00746860393333326,0.568002581397871,0.572661697128386
"2137",9187,"TCGA-COAD","TUBD1",-0.00302179094814814,0.251404121083441,0.802636992796019
"2138",9188,"TCGA-COAD","TUBE1",-0.0146507501333333,0.952916745125422,0.345414679181907
"2139",9189,"TCGA-COAD","TUBG1",-0.00118834530370371,0.141438682005506,0.888184261189896
"2140",9190,"TCGA-COAD","TUBGCP2",-0.0104275457851851,0.945717406122558,0.349020851339314
"2141",9191,"TCGA-COAD","TUBGCP3",-0.00845661031851852,0.917252613500584,0.363153055187681
"2142",9192,"TCGA-COAD","TUBGCP4",-0.00623836289629631,0.616086701467637,0.540763923847116
"2143",9193,"TCGA-COAD","TUBGCP5",-0.00432721214814813,0.454425182470859,0.651724241179076
"2144",9194,"TCGA-COAD","TUBGCP6",-0.00798495693333334,0.730406051979211,0.468560135158634
"2145",9195,"TCGA-COAD","TUT1",-0.0308740760888889,1.95815170674154,0.0590691844713927
"2146",9196,"TCGA-COAD","TWNK",-0.00791678641481475,0.861592074009972,0.39288032966834
"2147",9197,"TCGA-COAD","TXN",-0.0136839685037038,1.46369925249647,0.149973136305792
"2148",9198,"TCGA-COAD","TXNL4A",-0.00954785994074075,0.935456235327994,0.353330202936101
"2149",9199,"TCGA-COAD","TXNL4B",-0.00620579877777772,0.578802085511229,0.565410288675884
"2150",9200,"TCGA-COAD","TXNRD1",-0.0225571915703704,1.81992788610133,0.075147986450961
"2151",9201,"TCGA-COAD","TYMS",-0.0177764073185185,0.774838305715159,0.442852394719027
"2152",9202,"TCGA-COAD","U2AF1",-0.00392790556296296,0.375165547835686,0.708887456115995
"2153",9203,"TCGA-COAD","U2AF2",-0.0139421289333332,1.33951721949931,0.185744055406274
"2154",9204,"TCGA-COAD","U2SURP",-0.0152971183481482,1.79644621548926,0.0791893536997031
"2155",9205,"TCGA-COAD","UAP1",-0.00978498061481481,1.18991089450935,0.238639561081929
"2156",9206,"TCGA-COAD","UBA1",-0.00728831364444449,0.875152770154677,0.38491876601128
"2157",9207,"TCGA-COAD","UBA2",-0.00390527245925931,0.402742896612558,0.689208179109289
"2158",9208,"TCGA-COAD","UBA3",-0.00160610955555551,0.16172597430179,0.872120420063658
"2159",9209,"TCGA-COAD","UBA5",-0.00614724526666666,0.419284476025263,0.677320182373584
"2160",9210,"TCGA-COAD","UBA6",-0.00955954471111109,0.493481817744017,0.624057831632846
"2161",9211,"TCGA-COAD","UBAP1",-0.00549844915555564,0.472208509277738,0.639302344020437
"2162",9212,"TCGA-COAD","UBAP2L",-0.0265378551185185,1.75089768196697,0.0845390343273551
"2163",9213,"TCGA-COAD","UBE2A",-0.0218331712222222,1.22319970136166,0.226869388877794
"2164",9214,"TCGA-COAD","UBE2C",-0.0149379572962963,1.08071637414337,0.28428968021326
"2165",9215,"TCGA-COAD","UBE2D3",-0.0106310392444444,0.920728474081228,0.3610041425434
"2166",9216,"TCGA-COAD","UBE2F",-0.00657322400740745,0.355458920364067,0.723887663104417
"2167",9217,"TCGA-COAD","UBE2G2",-0.00792951577037038,0.514315508788789,0.609524536661341
"2168",9218,"TCGA-COAD","UBE2H",-0.00358039817037037,0.240822444016906,0.810529222405193
"2169",9219,"TCGA-COAD","UBE2I",-0.00749617488148147,1.14849690136331,0.2555021439197
"2170",9220,"TCGA-COAD","UBE2J2",-0.0130108475851852,1.47482737287862,0.14640464868829
"2171",9221,"TCGA-COAD","UBE2K",-0.0149705634518519,0.990046700607072,0.326140278539043
"2172",9222,"TCGA-COAD","UBE2L3",-0.0178720327925926,1.64130816614165,0.106427062271114
"2173",9223,"TCGA-COAD","UBE2M",-0.00186290980740744,0.220169667213465,0.826681734989173
"2174",9224,"TCGA-COAD","UBE2N",-0.00439774774074064,0.437055894325822,0.663863831216126
"2175",9225,"TCGA-COAD","UBE2Q1",-0.0173915303185185,1.12238418685138,0.266343016705208
"2176",9226,"TCGA-COAD","UBE2S",-0.0146701896222222,0.959883072732811,0.342570169163586
"2177",9227,"TCGA-COAD","UBE3D",-0.00333038627407412,0.202248887306939,0.840615821468112
"2178",9228,"TCGA-COAD","UBE4B",-0.0252291585851853,1.57367398025981,0.120428830464941
"2179",9229,"TCGA-COAD","UBIAD1",-0.0129291844518519,1.12771926249749,0.264206071196635
"2180",9230,"TCGA-COAD","UBL5",0.00732117102962965,-0.591734478337134,0.556419538389768
"2181",9231,"TCGA-COAD","UBR4",-0.00181973982222228,0.209389718289824,0.834809183203468
"2182",9232,"TCGA-COAD","UBR5",-0.0099123570592593,0.601892015775975,0.550104946139827
"2183",9233,"TCGA-COAD","UBTF",-0.0033768286962963,0.458939588666667,0.648363883862599
"2184",9234,"TCGA-COAD","UBXN4",-0.0098267734518519,0.632130411738818,0.530779083255347
"2185",9235,"TCGA-COAD","UCHL5",-0.0176104575777778,1.05875198871863,0.294304791431397
"2186",9236,"TCGA-COAD","UFD1",-0.00767074285185187,0.699711882308571,0.48713974585076
"2187",9237,"TCGA-COAD","UFL1",-0.00492741554814813,0.435055210050381,0.665673325403159
"2188",9238,"TCGA-COAD","UFM1",-0.0129334387777778,0.753774549479256,0.454217377134442
"2189",9239,"TCGA-COAD","UFSP2",-0.00534581366666675,0.444684823225468,0.658454599135554
"2190",9240,"TCGA-COAD","UGCG",-0.0103976704000001,0.972558264223924,0.335080549393201
"2191",9241,"TCGA-COAD","UGP2",-0.0146613298740741,1.97506509785795,0.051997480055186
"2192",9242,"TCGA-COAD","UMPS",-0.015874003562963,0.932245605726275,0.355594480516584
"2193",9243,"TCGA-COAD","UNC50",-0.0188109674592593,2.25762674910722,0.0277966760190823
"2194",9244,"TCGA-COAD","UPF1",-0.0088348453851852,0.742950943599408,0.460681576723924
"2195",9245,"TCGA-COAD","UPF2",0.00266729221481476,-0.334949657444941,0.739055457731089
"2196",9246,"TCGA-COAD","UQCR10",-0.00563192749629626,0.443273521180112,0.659471972022713
"2197",9247,"TCGA-COAD","UQCRB",-0.00472982438518521,0.511268361102784,0.611390578707713
"2198",9248,"TCGA-COAD","UQCRC1",-0.00771654454074067,0.814275239833034,0.419215494309453
"2199",9249,"TCGA-COAD","UQCRC2",-0.014860259711111,1.28700655059045,0.205139562322302
"2200",9250,"TCGA-COAD","UQCRFS1",-0.0161959203111111,1.94997724493421,0.0560350979737722
"2201",9251,"TCGA-COAD","URB1",-0.00698815177037027,0.779471260907048,0.440296057598131
"2202",9252,"TCGA-COAD","URB2",-0.0175806881481481,1.34179929113987,0.185787486691224
"2203",9253,"TCGA-COAD","URI1",-0.00539480525925928,0.300783770633936,0.764621737233643
"2204",9254,"TCGA-COAD","URM1",-0.0250175773037037,2.01563384842544,0.0507034928883807
"2205",9255,"TCGA-COAD","UROD",-0.0175128602296296,2.13483454418161,0.037456254733888
"2206",9256,"TCGA-COAD","UROS",-0.0255029609407408,1.48830950266463,0.143235370946308
"2207",9257,"TCGA-COAD","USE1",-0.0244776981333333,1.58661891354343,0.117975079357755
"2208",9258,"TCGA-COAD","USP1",-0.0155270011037036,0.974546179878101,0.334556446768247
"2209",9259,"TCGA-COAD","USP10",-0.0178950417111111,1.37123920124135,0.175656403825935
"2210",9260,"TCGA-COAD","USP14",-0.0130258467185186,0.840969662547459,0.403768139654269
"2211",9261,"TCGA-COAD","USP17L10",-0.0186496457185185,1.61763120770061,0.110485181025257
"2212",9262,"TCGA-COAD","USP18",-0.0151310018148149,0.912703707748266,0.364940946627386
"2213",9263,"TCGA-COAD","USP36",-0.0019375206222223,0.192213353767829,0.848389228146395
"2214",9264,"TCGA-COAD","USP37",-0.000955106318518473,0.156951504675755,0.875835012461371
"2215",9265,"TCGA-COAD","USP39",-0.00832366522222228,0.779750001317615,0.439701313082545
"2216",9266,"TCGA-COAD","USP5",-0.00882779011111112,1.12533463276728,0.265039189606906
"2217",9267,"TCGA-COAD","USP7",-0.0109627181851852,0.828998356712774,0.411542148462122
"2218",9268,"TCGA-COAD","USP8",-0.00777112380740741,0.73951692208253,0.46280002610094
"2219",9269,"TCGA-COAD","USP9X",-0.013056323,1.08801868392794,0.281774905973812
"2220",9270,"TCGA-COAD","USPL1",-0.0072873569629629,0.442393113271241,0.660504949420186
"2221",9271,"TCGA-COAD","UTP11",-0.00652133583703707,0.479765621889215,0.633596947092193
"2222",9272,"TCGA-COAD","UTP15",-0.00805632528148148,1.10319801572624,0.275598126048369
"2223",9273,"TCGA-COAD","UTP18",-0.0114600645037037,1.28162111189988,0.206981674786118
"2224",9274,"TCGA-COAD","UTP20",-0.0109048016814814,0.797832690827439,0.428834047291818
"2225",9275,"TCGA-COAD","UTP23",-0.00759162216296305,0.740576523550241,0.462085097540642
"2226",9276,"TCGA-COAD","UTP3",0.000665715792592558,-0.0434438536248897,0.965542085040455
"2227",9277,"TCGA-COAD","UTP4",0.00713160422962966,-0.839422531047923,0.405745387623814
"2228",9278,"TCGA-COAD","UXS1",-0.0156488524296297,1.95930896443,0.0559414966857919
"2229",9279,"TCGA-COAD","UXT",0.00171416325925922,-0.115660442182873,0.908317793363298
"2230",9280,"TCGA-COAD","VARS1",-0.0145926888592592,1.93616636419579,0.0572872849571185
"2231",9281,"TCGA-COAD","VARS2",-0.0312574146518519,1.70060836130163,0.0946298040265259
"2232",9282,"TCGA-COAD","VBP1",-0.0160737400074075,0.878762313701512,0.384068900243438
"2233",9283,"TCGA-COAD","VCL",-0.0096281504074075,0.673851494585911,0.503497808400432
"2234",9284,"TCGA-COAD","VCP",0.0308318126814814,-1.54783692858901,0.128338126257672
"2235",9285,"TCGA-COAD","VCPIP1",-0.00941543952592594,1.16180799350054,0.250334616827561
"2236",9286,"TCGA-COAD","VDAC1",-0.0058339980370371,0.606329405943097,0.546878227130426
"2237",9287,"TCGA-COAD","VHL",-0.00127195685925929,0.0872315345609377,0.930901881114293
"2238",9288,"TCGA-COAD","VIRMA",-0.0186766711185186,1.85964168131157,0.0690062648709625
"2239",9289,"TCGA-COAD","VMA21",0.00994739778518516,-0.666536004719672,0.508261440224404
"2240",9290,"TCGA-COAD","VMP1",-0.00121771134814808,0.172771310217345,0.86345395581088
"2241",9291,"TCGA-COAD","VPS13D",-0.00512256417777779,0.369097074192078,0.713643055201697
"2242",9292,"TCGA-COAD","VPS16",-0.0122523448814814,0.616209972187545,0.540789596000104
"2243",9293,"TCGA-COAD","VPS18",0.00407350094074077,-0.245373620693661,0.807134518514571
"2244",9294,"TCGA-COAD","VPS25",-0.0139735246,1.04863396379964,0.299187060203267
"2245",9295,"TCGA-COAD","VPS28",-0.00134084471111107,0.127003906046737,0.899588039863393
"2246",9296,"TCGA-COAD","VPS29",-0.015614367562963,1.25478785659895,0.217037291004073
"2247",9297,"TCGA-COAD","VPS33A",-0.0067382021185185,0.349259538975887,0.728395496906264
"2248",9298,"TCGA-COAD","VPS35",-0.00557698049629629,0.413093350054814,0.6813797502663
"2249",9299,"TCGA-COAD","VPS36",-0.00547933518518517,0.401959950736426,0.689269511159592
"2250",9300,"TCGA-COAD","VPS37A",-0.0201133187037037,1.3690838960499,0.175074391669954
"2251",9301,"TCGA-COAD","VPS41",-0.00580588030370377,0.557173118919802,0.579725709796918
"2252",9302,"TCGA-COAD","VPS45",-0.00487319297777777,0.504103077466976,0.616074020758037
"2253",9303,"TCGA-COAD","VPS4A",0.00562156265185187,-0.271991718128837,0.786865485710985
"2254",9304,"TCGA-COAD","VPS4B",-0.0123980316888889,1.03189280916957,0.306380884716138
"2255",9305,"TCGA-COAD","VPS51",-0.0174156269259259,1.27731367101341,0.206833135837467
"2256",9306,"TCGA-COAD","VPS52",-0.00370984968148147,0.278575620791081,0.781518863932246
"2257",9307,"TCGA-COAD","VPS53",-0.00931125319999992,0.793144967355658,0.430743900851625
"2258",9308,"TCGA-COAD","VPS54",-0.0119120572888889,0.909340728201232,0.367030698067678
"2259",9309,"TCGA-COAD","VRK1",-0.00981365012592594,0.778998754223116,0.439588733593185
"2260",9310,"TCGA-COAD","WAC",-0.00540082525185182,0.71627779944077,0.476386429189386
"2261",9311,"TCGA-COAD","WARS1",-0.0159731727407407,1.18484680714393,0.242484497615465
"2262",9312,"TCGA-COAD","WARS2",-0.00572166417777786,0.392439936186004,0.69680091087339
"2263",9313,"TCGA-COAD","WASHC2C",-0.00283124485925934,0.24234714556056,0.809527021344714
"2264",9314,"TCGA-COAD","WASHC3",0.00331175628888891,-0.287087330731668,0.775605625597631
"2265",9315,"TCGA-COAD","WBP11",-0.00176608851851856,0.109680431936522,0.913028528912691
"2266",9316,"TCGA-COAD","WDHD1",0.000142800333333359,-0.0116178590434145,0.990787752208671
"2267",9317,"TCGA-COAD","WDR1",-0.0161762504444445,1.40616055248626,0.16501666884861
"2268",9318,"TCGA-COAD","WDR12",-0.0128883902888889,1.35940179711164,0.180670904106313
"2269",9319,"TCGA-COAD","WDR18",-0.00202726928888886,0.184163775430711,0.854675078640499
"2270",9320,"TCGA-COAD","WDR24",-0.00556980075555558,0.442986520760772,0.659730497917038
"2271",9321,"TCGA-COAD","WDR26",-0.0100040688814814,0.912732290880618,0.365676320585861
"2272",9322,"TCGA-COAD","WDR3",0.00117196462222224,-0.116588585627128,0.907693987788081
"2273",9323,"TCGA-COAD","WDR33",-0.00757018418518518,0.981010700339292,0.332495523312464
"2274",9324,"TCGA-COAD","WDR36",-0.00524112161481483,0.422436574136824,0.674281798481141
"2275",9325,"TCGA-COAD","WDR4",-0.00593120117777779,0.458468551950384,0.648697411972875
"2276",9326,"TCGA-COAD","WDR43",0.00353857588148149,-0.442790043290633,0.660025975052541
"2277",9327,"TCGA-COAD","WDR46",-0.00691084065185188,0.88737119061453,0.378458793561373
"2278",9328,"TCGA-COAD","WDR48",-0.0195970196296296,1.01001222800809,0.316745830800289
"2279",9329,"TCGA-COAD","WDR5",-0.0157611452444445,1.35967512640553,0.179506117483534
"2280",9330,"TCGA-COAD","WDR55",0.00754643182222214,-0.636029338727413,0.527751899983663
"2281",9331,"TCGA-COAD","WDR7",-0.00671818097777777,0.746707766636831,0.458803822838241
"2282",9332,"TCGA-COAD","WDR73",-0.00316334902222226,0.195890843369551,0.845330850604855
"2283",9333,"TCGA-COAD","WDR74",0.00538175429629628,-0.410347568575699,0.683955080885836
"2284",9334,"TCGA-COAD","WDR75",-0.0149021112296296,1.64169973851972,0.107531019287477
"2285",9335,"TCGA-COAD","WDR77",-0.021997693148148,1.90472605520877,0.0637725607493368
"2286",9336,"TCGA-COAD","WDR82",0.0111923213555556,-1.06889995510543,0.291265147297467
"2287",9337,"TCGA-COAD","WDR83",-0.000114411511111134,0.0101632729280186,0.991925957396822
"2288",9338,"TCGA-COAD","WEE1",0.0133575071851852,-0.8111024747605,0.420943693286007
"2289",9339,"TCGA-COAD","WNK1",0.0163849402814815,-1.19108735764347,0.239622879043885
"2290",9340,"TCGA-COAD","WRN",-0.0136285325555555,0.72776530064422,0.470083091612619
"2291",9341,"TCGA-COAD","WTAP",0.00118145130370373,-0.0969241137943384,0.923297213951722
"2292",9342,"TCGA-COAD","WWTR1",0.00569316040000001,-0.326840952032643,0.745437929453017
"2293",9343,"TCGA-COAD","XAB2",-0.00176902215555558,0.23430862343612,0.815721775836282
"2294",9344,"TCGA-COAD","XPO1",-0.00387982911111112,0.584336886494805,0.561828573131226
"2295",9345,"TCGA-COAD","XPO5",-0.00786787774074083,0.414548192768478,0.680454394427741
"2296",9346,"TCGA-COAD","XPOT",-0.0211637783481481,1.13399941604627,0.261691209390443
"2297",9347,"TCGA-COAD","XPR1",-0.0213269846814814,1.34035576254916,0.186278967200431
"2298",9348,"TCGA-COAD","XRCC2",-0.00878385779259261,0.473928570895104,0.637601727891036
"2299",9349,"TCGA-COAD","XRCC3",-0.0105952050222222,1.11526701563482,0.269298019411823
"2300",9350,"TCGA-COAD","XRCC5",-0.0171649422222222,1.82891354206618,0.0746115437588023
"2301",9351,"TCGA-COAD","XRCC6",0.00173186593333341,-0.159807901438272,0.873657425770564
"2302",9352,"TCGA-COAD","XRN1",-0.00912505734074076,0.6462592526723,0.521298271704511
"2303",9353,"TCGA-COAD","XRN2",-0.00665586898518511,0.377761457652239,0.707424486959279
"2304",9354,"TCGA-COAD","XYLT2",0.00145833952592589,-0.105119411478741,0.91669351174358
"2305",9355,"TCGA-COAD","YAP1",-0.0145972386592592,1.03406972511504,0.306148883401355
"2306",9356,"TCGA-COAD","YARS1",-0.000740389096296312,0.107841796108972,0.914522243314764
"2307",9357,"TCGA-COAD","YARS2",-0.00991555021481483,0.980747047362407,0.332387793219772
"2308",9358,"TCGA-COAD","YBX1",-0.0180694970074075,1.0309286458221,0.307402560971546
"2309",9359,"TCGA-COAD","YEATS2",-0.00385661561481487,0.331786101487077,0.741255840115879
"2310",9360,"TCGA-COAD","YEATS4",-0.00852282117777781,0.602324179000204,0.549779318732255
"2311",9361,"TCGA-COAD","YJU2",-0.0110535015925926,0.783917021925416,0.436608321544061
"2312",9362,"TCGA-COAD","YJU2B",-0.00700980090370373,0.401381928965218,0.689696919975172
"2313",9363,"TCGA-COAD","YKT6",-0.00688426825925925,0.633657188021612,0.529083291013595
"2314",9364,"TCGA-COAD","YME1L1",-0.0143902965333333,1.07925885909978,0.285117279463237
"2315",9365,"TCGA-COAD","YRDC",0.00407250970370365,-0.278731403192104,0.781581979129206
"2316",9366,"TCGA-COAD","YTHDF2",0.00677510581481489,-0.413193065744839,0.681597157623762
"2317",9367,"TCGA-COAD","YWHAE",-0.0160270219333334,0.969775878757628,0.335609590261393
"2318",9368,"TCGA-COAD","YY1",-0.0107675595555555,1.23756211910018,0.220595095758417
"2319",9369,"TCGA-COAD","ZBTB7A",-0.0125986869851852,1.01863847589729,0.312874255660464
"2320",9370,"TCGA-COAD","ZBTB8OS",0.00643028783703703,-0.76833203744411,0.445727114837342
"2321",9371,"TCGA-COAD","ZC3H10",-0.0138523548592593,1.05347139795838,0.296326992865502
"2322",9372,"TCGA-COAD","ZC3H13",-0.0139680029111111,1.17429595026823,0.245024228545352
"2323",9373,"TCGA-COAD","ZC3H18",-0.000537448399999918,0.0425829699110181,0.966252430577504
"2324",9374,"TCGA-COAD","ZC3H8",-0.00613984573333337,0.503529970839373,0.616729075698532
"2325",9375,"TCGA-COAD","ZCRB1",-0.027897304525926,1.59657761077882,0.11671173039078
"2326",9376,"TCGA-COAD","ZEB1",-0.0226566727111112,0.886869507237989,0.377911760202341
"2327",9377,"TCGA-COAD","ZEB2",-0.00717292453333329,0.686870586209773,0.495182509037397
"2328",9378,"TCGA-COAD","ZFC3H1",0.00166441811111107,-0.117645447192072,0.906835241316208
"2329",9379,"TCGA-COAD","ZFP36L1",-0.00424077834814818,0.263504431104526,0.793076951466369
"2330",9380,"TCGA-COAD","ZFP36L2",-0.0181094817555556,1.11824907530477,0.267017524273585
"2331",9381,"TCGA-COAD","ZFX",-0.0106762577851851,0.743073595519207,0.461137507798878
"2332",9382,"TCGA-COAD","ZMAT2",-0.00577123028148141,0.563320602577345,0.57492823077685
"2333",9383,"TCGA-COAD","ZMAT5",-0.00607744860740744,0.384023660481307,0.70254093251126
"2334",9384,"TCGA-COAD","ZMYND8",0.0028134620074074,-0.2452429478351,0.80753210467292
"2335",9385,"TCGA-COAD","ZNF131",-0.00660979729629629,0.759502479348265,0.451439903692643
"2336",9386,"TCGA-COAD","ZNF207",-0.00813303102222218,0.641475267294512,0.524377564135321
"2337",9387,"TCGA-COAD","ZNF217",-0.0180253412666667,1.46146680905717,0.150891325954342
"2338",9388,"TCGA-COAD","ZNF236",-0.0102438781259259,0.677066201116242,0.501643720166322
"2339",9389,"TCGA-COAD","ZNF407",-0.00503722151111108,0.66760740293456,0.507500471865144
"2340",9390,"TCGA-COAD","ZNF574",-0.0147597750518519,1.22685974616552,0.224989251416356
"2341",9391,"TCGA-COAD","ZNF622",0.000518154666666604,-0.0361706080599196,0.971316294296471
"2342",9392,"TCGA-COAD","ZNF830",-0.00760932562222216,0.529949098727136,0.598663828334284
"2343",9393,"TCGA-COAD","ZNHIT1",-0.00594696731111111,0.388960521457826,0.698852712110902
"2344",9394,"TCGA-COAD","ZNHIT3",-0.0046806455703704,0.49199027128161,0.624975705954764
"2345",9395,"TCGA-COAD","ZNHIT6",-0.0126148233851852,1.05231535807032,0.297669329075654
"2346",9396,"TCGA-COAD","ZPR1",0.00261686911851844,-0.27797721849578,0.782266993206471
"2347",9397,"TCGA-COAD","ZRANB2",-0.00188844905925922,0.0957429916768784,0.92415907826011
"2348",9398,"TCGA-COAD","ZRSR2",-0.0165921762222222,1.07067292010169,0.288568122767217
"2349",9399,"TCGA-COAD","ZW10",-0.0132077613037037,0.841547789723858,0.404242464354822
"2350",9400,"TCGA-COAD","ZWINT",-0.00435817883703704,0.356946514691901,0.722848801430215
