"","V1","project","genes","diff_","t_","p_"
"1",11751,"TCGA-HNSC","AAMP",0.020027974025974,-1.42823371149128,0.174749073787797
"2",11752,"TCGA-HNSC","AARS1",-0.00662073090909088,0.323414671449135,0.751978073223151
"3",11753,"TCGA-HNSC","AARS2",0.0600659370562771,-2.33859556173333,0.0359088304257417
"4",11754,"TCGA-HNSC","AASDHPPT",0.00416679258297259,-0.184215186332682,0.856993622041414
"5",11755,"TCGA-HNSC","AATF",-0.0426987047186147,1.04491665278341,0.315667708907478
"6",11756,"TCGA-HNSC","ABCB7",0.00633441913419908,-0.839382695056517,0.410172278314083
"7",11757,"TCGA-HNSC","ABCE1",-0.0119591360606061,0.523836031613242,0.609347963401053
"8",11758,"TCGA-HNSC","ABCF1",0.00874383854256855,-0.645567061940454,0.52977414465184
"9",11759,"TCGA-HNSC","ABT1",-0.000531698210678222,0.0394748417468423,0.969084323000823
"10",11760,"TCGA-HNSC","ACACA",0.0242812247186147,-0.719182026378454,0.486962975895728
"11",11761,"TCGA-HNSC","ACIN1",0.0356276457720058,-2.52021324536499,0.0233882429419853
"12",11762,"TCGA-HNSC","ACLY",0.0385144323665224,-3.33139736074214,0.004087868422059
"13",11763,"TCGA-HNSC","ACO2",0.0350442903896104,-2.61218104755955,0.0208251304896019
"14",11764,"TCGA-HNSC","ACSL3",0.0313447946753247,-1.826822639149,0.0889605377698519
"15",11765,"TCGA-HNSC","ACSL4",0.00803421330447329,-0.608895069868066,0.550468926471514
"16",11766,"TCGA-HNSC","ACTB",0.0291157692640692,-1.43193091876404,0.170576723109925
"17",11767,"TCGA-HNSC","ACTG1",0.00682870689754689,-0.505944582450556,0.619603698045223
"18",11768,"TCGA-HNSC","ACTL6A",0.0183063490331891,-1.31717947183368,0.20997981534848
"19",11769,"TCGA-HNSC","ACTR10",0.0127409392640693,-0.954647876955983,0.355274829069285
"20",11770,"TCGA-HNSC","ACTR1A",0.0229329037518037,-1.00635081255285,0.3322813935146
"21",11771,"TCGA-HNSC","ACTR2",0.00766003945165949,-0.441464476127371,0.666553309644931
"22",11772,"TCGA-HNSC","ACTR3",0.0232370351948052,-1.72466944359143,0.104315017852161
"23",11773,"TCGA-HNSC","ACTR5",0.0482486313564213,-1.32279726685269,0.211528678335649
"24",11774,"TCGA-HNSC","ACTR6",0.0339135807070707,-2.01247187715265,0.0655591422109579
"25",11775,"TCGA-HNSC","ACTR8",0.0169869948917749,-0.61533673640102,0.549585260882324
"26",11776,"TCGA-HNSC","ADAR",0.0492083659018759,-1.55434186184237,0.142601121323988
"27",11777,"TCGA-HNSC","ADAT2",0.0530533485425685,-1.97151771682684,0.0692570826828611
"28",11778,"TCGA-HNSC","ADAT3",0.0733956529437229,-2.89262136240353,0.011852151180433
"29",11779,"TCGA-HNSC","ADNP",0.0564883406493507,-2.30766139766185,0.0362435607466315
"30",11780,"TCGA-HNSC","ADRM1",0.0234237453679653,-1.14339665768561,0.273757561613154
"31",11781,"TCGA-HNSC","ADSL",0.0446769958585859,-1.75644500633232,0.102253708936014
"32",11782,"TCGA-HNSC","ADSS2",0.0540478037662339,-2.88711492904409,0.0122104899025908
"33",11783,"TCGA-HNSC","AFG3L2",0.0256138927994227,-1.38008050319841,0.19107163260379
"34",11784,"TCGA-HNSC","AHCTF1",-0.00467869334776339,0.385341837337288,0.705821858716507
"35",11785,"TCGA-HNSC","AHCY",0.0283608827705627,-2.79701482238449,0.0116440881929455
"36",11786,"TCGA-HNSC","AHCYL1",0.0627938304329004,-2.5049613262338,0.026286550939754
"37",11787,"TCGA-HNSC","AHR",0.027440351010101,-2.8446727643541,0.00835009353528275
"38",11788,"TCGA-HNSC","AIFM1",0.0357667896103896,-2.61200750323633,0.0185559509812178
"39",11789,"TCGA-HNSC","AK2",0.0588744441847042,-1.7649993590624,0.101762218073032
"40",11790,"TCGA-HNSC","AK6",-0.00146658718614723,0.0513456732454675,0.95966151606996
"41",11791,"TCGA-HNSC","AKIRIN2",0.0174792007503608,-0.767690507029773,0.455082130802329
"42",11792,"TCGA-HNSC","ALDH18A1",0.0311241734920635,-1.5863229974659,0.13685696240702
"43",11793,"TCGA-HNSC","ALDOA",0.0383599173737373,-0.935217976103277,0.367076912751486
"44",11794,"TCGA-HNSC","ALG1",0.0168468714862915,-1.54820786478426,0.141558670986468
"45",11795,"TCGA-HNSC","ALG11",0.0133881774458874,-0.844499492293655,0.414500306555011
"46",11796,"TCGA-HNSC","ALG12",0.0380432687590188,-2.97408154570062,0.00949615684155866
"47",11797,"TCGA-HNSC","ALG13",0.00167738053391053,-0.159839177693456,0.874920376525621
"48",11798,"TCGA-HNSC","ALG14",0.0268329526839827,-2.14628060680785,0.0494530186261274
"49",11799,"TCGA-HNSC","ALG2",0.0207052942857142,-1.8389366110436,0.0874528305708564
"50",11800,"TCGA-HNSC","ALG8",0.000861309206349303,-0.0696979852801105,0.945332576354484
"51",11801,"TCGA-HNSC","ALYREF",0.0133515945454545,-0.907370884391825,0.381319345209728
"52",11802,"TCGA-HNSC","AMBRA1",0.0494384883116883,-1.91808166484243,0.0800216223360623
"53",11803,"TCGA-HNSC","AMD1",0.00416663978354981,-0.243607207293101,0.810806289267575
"54",11804,"TCGA-HNSC","ANAPC1",-0.00319394523809524,0.264880799395666,0.795299070688155
"55",11805,"TCGA-HNSC","ANAPC10",0.0201234042424243,-1.56910266815916,0.137835235465607
"56",11806,"TCGA-HNSC","ANAPC11",0.0197899621212122,-1.13478275629739,0.279175012125463
"57",11807,"TCGA-HNSC","ANAPC13",0.0346635512265513,-1.93036417422459,0.0716800960475105
"58",11808,"TCGA-HNSC","ANAPC15",0.00591585484848478,-0.190740566748499,0.85174429698918
"59",11809,"TCGA-HNSC","ANAPC2",0.0411353744444444,-1.8872795595067,0.0828195693734164
"60",11810,"TCGA-HNSC","ANAPC4",0.0103525186147186,-0.696732270619228,0.498940856983295
"61",11811,"TCGA-HNSC","ANAPC5",0.0047502345021645,-0.323874904428546,0.750569314854597
"62",11812,"TCGA-HNSC","ANKLE2",-0.00961705995670997,0.280732219288614,0.783962414918476
"63",11813,"TCGA-HNSC","ANKRD11",0.0290936796536797,-1.42244480451671,0.179068023534695
"64",11814,"TCGA-HNSC","ANKRD17",0.0143841796103896,-0.781882709191389,0.447638097782047
"65",11815,"TCGA-HNSC","ANKRD49",0.0260512073881674,-1.72922338181828,0.106056486464194
"66",11816,"TCGA-HNSC","ANLN",0.0197802176623376,-0.680173521440537,0.507061932842114
"67",11817,"TCGA-HNSC","AP1G1",0.0112077175613275,-1.11625572438054,0.282532598479595
"68",11818,"TCGA-HNSC","AP2M1",0.00713910580086574,-0.394348186965484,0.699674459823459
"69",11819,"TCGA-HNSC","AP2S1",0.0288053188023089,-1.24975033560954,0.235013163921253
"70",11820,"TCGA-HNSC","APC",0.0209368183982683,-1.491986321593,0.158220936385163
"71",11821,"TCGA-HNSC","APEX2",0.0255441287012986,-1.68240042769278,0.115310000648885
"72",11822,"TCGA-HNSC","AQP7",0.0121851993939395,-0.819994157200952,0.426255448756081
"73",11823,"TCGA-HNSC","AQR",-0.00729196805194809,0.63730594751006,0.532274247614102
"74",11824,"TCGA-HNSC","ARCN1",0.0227608767388168,-1.62513611125183,0.12569934911508
"75",11825,"TCGA-HNSC","ARF1",0.0208387281673882,-0.944094025227155,0.361467786924867
"76",11826,"TCGA-HNSC","ARF4",0.0224574843867243,-1.00603414979548,0.329255588037792
"77",11827,"TCGA-HNSC","ARF6",0.0185049900721501,-1.45096226762308,0.16644082058667
"78",11828,"TCGA-HNSC","ARFRP1",0.0131835855122655,-0.848635368087262,0.400916107012866
"79",11829,"TCGA-HNSC","ARHGAP29",0.0463997080808081,-1.33461555610154,0.20684338260702
"80",11830,"TCGA-HNSC","ARHGEF7",0.0214396978499279,-1.46437671679855,0.1620763232847
"81",11831,"TCGA-HNSC","ARID1A",0.0619830376767676,-2.33569072120316,0.0380289891339801
"82",11832,"TCGA-HNSC","ARID2",0.00845329292929298,-0.566596943016142,0.579896974999605
"83",11833,"TCGA-HNSC","ARID4B",0.0324009657287158,-1.5562882518043,0.146042390812888
"84",11834,"TCGA-HNSC","ARIH1",0.0168888373304473,-0.860980878304415,0.404084687273173
"85",11835,"TCGA-HNSC","ARIH2",0.0958204295959596,-2.29726140524101,0.0412941524710318
"86",11836,"TCGA-HNSC","ARL2",-0.021902387979798,0.916842017412585,0.378312064454396
"87",11837,"TCGA-HNSC","ARMC5",0.0250637267099567,-1.98234937235066,0.060331739153726
"88",11838,"TCGA-HNSC","ARNT",0.0296876061616163,-2.59018330225577,0.0181973044803367
"89",11839,"TCGA-HNSC","ARPC3",0.0386640790764791,-1.65632185731406,0.119692668556667
"90",11840,"TCGA-HNSC","ARPC4",0.0234245720202021,-1.16892656331633,0.263305364455293
"91",11841,"TCGA-HNSC","ASCC3",0.0343909422943722,-1.07065033199155,0.305054168511319
"92",11842,"TCGA-HNSC","ASCL1",0.0200491722077922,-1.63411536314235,0.120729078451631
"93",11843,"TCGA-HNSC","ASNS",0.0261742528138529,-1.5807098299598,0.134184641380324
"94",11844,"TCGA-HNSC","ASPM",0.0559578614718615,-1.58809490961036,0.135960659584508
"95",11845,"TCGA-HNSC","ATF4",0.0318313805194805,-1.80794353233921,0.0922949834566758
"96",11846,"TCGA-HNSC","ATG9A",0.0204019125108226,-1.15733584841974,0.263638459807708
"97",11847,"TCGA-HNSC","ATIC",0.027045521976912,-0.940157193892777,0.363042984213159
"98",11848,"TCGA-HNSC","ATL2",0.0415425462337663,-2.53416886809713,0.0233394433375698
"99",11849,"TCGA-HNSC","ATMIN",0.0337657458730158,-1.92839989973968,0.0738790728108314
"100",11850,"TCGA-HNSC","ATP1A1",0.0236206617027417,-1.31282365564525,0.211052831770762
"101",11851,"TCGA-HNSC","ATP1B3",0.0462048902453103,-1.85400254577216,0.086387986339341
"102",11852,"TCGA-HNSC","ATP2A2",0.0133361041558442,-0.638727636495847,0.533640226457818
"103",11853,"TCGA-HNSC","ATP2B1",0.0409602996248196,-2.27932881582611,0.0359755050140681
"104",11854,"TCGA-HNSC","ATP2C1",0.0690929428860029,-2.09585480932667,0.0581191968940884
"105",11855,"TCGA-HNSC","ATP5F1A",0.0341491083261183,-2.03203880171551,0.0617020344784849
"106",11856,"TCGA-HNSC","ATP5F1B",0.0392272860173161,-3.20894617047355,0.00623839482662436
"107",11857,"TCGA-HNSC","ATP5F1C",0.0422483927128428,-2.77580121110456,0.0151869225598334
"108",11858,"TCGA-HNSC","ATP5F1D",0.0248256212409812,-2.11922893684924,0.0502939718099602
"109",11859,"TCGA-HNSC","ATP5F1E",0.0443383224675324,-3.37863475408871,0.00460376637261476
"110",11860,"TCGA-HNSC","ATP5ME",0.0271441454689755,-1.89205016841169,0.0795680009794399
"111",11861,"TCGA-HNSC","ATP5MF",0.0128942502020203,-0.999139428383471,0.335705055351876
"112",11862,"TCGA-HNSC","ATP5MG",0.0228156100432901,-1.7903064225785,0.093329697989996
"113",11863,"TCGA-HNSC","ATP5PB",0.0284044984848485,-1.89363711090952,0.0794105482949335
"114",11864,"TCGA-HNSC","ATP5PO",0.0247740755699856,-1.81822096378893,0.089267821216012
"115",11865,"TCGA-HNSC","ATP6AP1",0.00729395473304473,-0.386722861377247,0.705354719247555
"116",11866,"TCGA-HNSC","ATP6AP2",0.0324329725108224,-1.75404410719804,0.101883508407907
"117",11867,"TCGA-HNSC","ATP6V0B",0.00855839036075046,-0.554655943957009,0.588301248634677
"118",11868,"TCGA-HNSC","ATP6V0C",-0.015916181053391,1.05783701193157,0.30648880582651
"119",11869,"TCGA-HNSC","ATP6V0D1",0.00635351043290044,-0.459647292399839,0.653058770652791
"120",11870,"TCGA-HNSC","ATP6V0E1",0.0572185352958152,-2.49052254424743,0.0277538193021426
"121",11871,"TCGA-HNSC","ATP6V1A",0.00622313174603173,-0.407618055728523,0.690644048496851
"122",11872,"TCGA-HNSC","ATP6V1B2",0.00807062095238098,-0.626202250962553,0.541184299812164
"123",11873,"TCGA-HNSC","ATP6V1C1",0.0167149171861473,-1.29889777912711,0.214086074713322
"124",11874,"TCGA-HNSC","ATP6V1D",0.0136802500432901,-0.675704290570698,0.512143330189844
"125",11875,"TCGA-HNSC","ATP6V1E1",0.017789392987013,-1.35697619077125,0.195474072521309
"126",11876,"TCGA-HNSC","ATP6V1F",0.0200698896392496,-1.38227156256298,0.188526057566691
"127",11877,"TCGA-HNSC","ATP6V1G1",0.0305558568253969,-2.49689768739859,0.0263176083852148
"128",11878,"TCGA-HNSC","ATP6V1H",0.0213553600144301,-1.51986194954594,0.150437301896265
"129",11879,"TCGA-HNSC","ATR",0.0030448143434344,-0.32345491099869,0.750630844491115
"130",11880,"TCGA-HNSC","ATRIP",0.0273696397113997,-1.52478386389716,0.147311688033844
"131",11881,"TCGA-HNSC","ATXN7L3",0.047328636046176,-1.85855502933467,0.0877318248810117
"132",11882,"TCGA-HNSC","AURKA",0.00416130292929295,-0.252723489749052,0.803959367932331
"133",11883,"TCGA-HNSC","AURKB",-0.0115643834199134,0.79766270630114,0.440240855545732
"134",11884,"TCGA-HNSC","BANF1",-0.00087219816738815,0.090127759122181,0.929179439850824
"135",11885,"TCGA-HNSC","BANP",0.00402882935064941,-0.267540724583559,0.793405592605238
"136",11886,"TCGA-HNSC","BAP1",0.0406886597113998,-1.31856053160902,0.209824481241717
"137",11887,"TCGA-HNSC","BARD1",0.0394694504329005,-1.66863452905802,0.121255068730993
"138",11888,"TCGA-HNSC","BCAR1",0.0151439372150072,-1.68890395200645,0.103648229776265
"139",11889,"TCGA-HNSC","BCAS2",0.00192134341991335,-0.183968917421384,0.856696901221092
"140",11890,"TCGA-HNSC","BCL2L1",0.00392134818181811,-0.315956331340784,0.756415712055826
"141",11891,"TCGA-HNSC","BCL6",0.0332188847619047,-2.02581528651033,0.0619741068913981
"142",11892,"TCGA-HNSC","BCL9",0.0457591220490621,-3.14020382627452,0.00694234288440381
"143",11893,"TCGA-HNSC","BCLAF1",0.023934942914863,-1.39622933196277,0.184462291596304
"144",11894,"TCGA-HNSC","BCS1L",0.0258553731746032,-1.47728757684347,0.161832057077104
"145",11895,"TCGA-HNSC","BDP1",0.0416158413997114,-1.77616130815376,0.102247568081045
"146",11896,"TCGA-HNSC","BET1",0.03881588008658,-1.43997903008807,0.17605416894407
"147",11897,"TCGA-HNSC","BIRC2",0.0209551487157287,-1.22984407119952,0.239839752728941
"148",11898,"TCGA-HNSC","BIRC5",-0.00701700493506491,0.491288258602413,0.631225877404516
"149",11899,"TCGA-HNSC","BIRC6",0.0264379395526695,-2.03873750506904,0.0598460079008836
"150",11900,"TCGA-HNSC","BMPR1A",0.00544821672438667,-0.323756420945451,0.749699985709103
"151",11901,"TCGA-HNSC","BMS1",0.0218334966522367,-1.35579589028442,0.196637617451342
"152",11902,"TCGA-HNSC","BNIP1",0.0330689084271284,-1.14050541859033,0.275861670633296
"153",11903,"TCGA-HNSC","BOP1",0.0403629601587302,-2.04101559619855,0.0621133588473536
"154",11904,"TCGA-HNSC","BORA",0.0307183380375181,-1.30097024843718,0.218747567212261
"155",11905,"TCGA-HNSC","BPTF",0.0157847793650794,-1.64145634978286,0.117265587987389
"156",11906,"TCGA-HNSC","BRAF",0.0394112334776334,-2.23543085458908,0.0419982598946637
"157",11907,"TCGA-HNSC","BRAP",0.0299213069408369,-1.48350638521949,0.161296558074671
"158",11908,"TCGA-HNSC","BRAT1",0.0165924632611832,-1.07375490496245,0.299306091583529
"159",11909,"TCGA-HNSC","BRCA1",0.0348245697691197,-1.58959161729388,0.137024922627962
"160",11910,"TCGA-HNSC","BRCA2",0.0128953034343433,-0.622044887842721,0.54431236894133
"161",11911,"TCGA-HNSC","BRD2",0.0173806903318903,-1.03616233888973,0.318031041317236
"162",11912,"TCGA-HNSC","BRD4",-0.00235731323232324,0.322339731799393,0.751022495630022
"163",11913,"TCGA-HNSC","BRF1",0.0425119407647908,-1.93534846368079,0.0753252527926794
"164",11914,"TCGA-HNSC","BRF2",0.0323305157575758,-2.7169917211972,0.0173523139397013
"165",11915,"TCGA-HNSC","BRIP1",0.0137703841414141,-0.621688713432268,0.54189692057069
"166",11916,"TCGA-HNSC","BRIX1",0.0236140465512266,-1.07906764699803,0.30133321003663
"167",11917,"TCGA-HNSC","BRK1",0.0210153794805195,-1.57868100816167,0.134275721340597
"168",11918,"TCGA-HNSC","BRPF1",0.0171998755555556,-1.0895286546169,0.292241267699474
"169",11919,"TCGA-HNSC","BTAF1",0.0522319371861473,-2.02563061888934,0.0633512688783484
"170",11920,"TCGA-HNSC","BTF3",0.0315734134199135,-1.44161519101333,0.171163259762158
"171",11921,"TCGA-HNSC","BUB1B",0.0207479825829726,-0.998663298705652,0.33544127528409
"172",11922,"TCGA-HNSC","BUB3",-0.0165690189177489,1.41337605989232,0.181722817584088
"173",11923,"TCGA-HNSC","BUD13",0.0183199879076479,-0.613138987830087,0.549722022835974
"174",11924,"TCGA-HNSC","BUD23",0.0526589678932179,-2.2654116923392,0.0423846147009147
"175",11925,"TCGA-HNSC","BUD31",-0.000305057821067822,0.012548303551903,0.990182165257401
"176",11926,"TCGA-HNSC","BYSL",0.0180157737518037,-1.41576971714455,0.178033874356037
"177",11927,"TCGA-HNSC","C1D",0.0410577839826841,-1.85264152805154,0.0854290152925593
"178",11928,"TCGA-HNSC","C1QBP",0.0553160105194804,-2.94541407187977,0.0111321214677266
"179",11929,"TCGA-HNSC","C3orf38",0.0352961407070708,-1.50067841680367,0.15771112392078
"180",11930,"TCGA-HNSC","CAB39",0.0202859718470418,-1.61855095814523,0.126713538819406
"181",11931,"TCGA-HNSC","CACTIN",0.0226479883549783,-0.911317098501428,0.376749871757525
"182",11932,"TCGA-HNSC","CAD",0.0314210347330447,-1.61005330939739,0.13241049223101
"183",11933,"TCGA-HNSC","CAMLG",0.0297039453823954,-1.59986108477135,0.131534901908549
"184",11934,"TCGA-HNSC","CAND1",-0.0215095040981241,0.703742763856354,0.495352643289221
"185",11935,"TCGA-HNSC","CAP1",0.0287317292063491,-2.21638812098573,0.044249666355168
"186",11936,"TCGA-HNSC","CAPRIN1",0.0378764874025974,-1.25164455907697,0.234477828561873
"187",11937,"TCGA-HNSC","CAPZB",0.0114299675901876,-0.539136127122293,0.598251800670522
"188",11938,"TCGA-HNSC","CARM1",0.0382630728715728,-2.74472482486862,0.0140091364057315
"189",11939,"TCGA-HNSC","CARS1",0.0374682607792208,-3.38843117033735,0.00422517182966858
"190",11940,"TCGA-HNSC","CARS2",0.0399336084992785,-1.46490917233214,0.166758311413863
"191",11941,"TCGA-HNSC","CASC3",0.00896222165945171,-0.342022194088948,0.738055270892248
"192",11942,"TCGA-HNSC","CBFB",0.0244168126695526,-0.891693809350239,0.387969592537421
"193",11943,"TCGA-HNSC","CBLL1",0.023711928109668,-2.26064969287613,0.0373045698213074
"194",11944,"TCGA-HNSC","CCAR1",0.0341393805194805,-1.60498437014959,0.133447336381364
"195",11945,"TCGA-HNSC","CCDC115",0.0116495534920634,-0.533256933898785,0.602615445902026
"196",11946,"TCGA-HNSC","CCDC22",0.0327338152380952,-1.34160609113366,0.202425207535659
"197",11947,"TCGA-HNSC","CCDC51",0.0347209287445887,-0.862586739431169,0.405693453497803
"198",11948,"TCGA-HNSC","CCDC6",0.02797875001443,-1.50390683317583,0.156151545760877
"199",11949,"TCGA-HNSC","CCL4",0.0206717036219336,-0.984049131812036,0.339740950698488
"200",11950,"TCGA-HNSC","CCNA2",0.0227865346897547,-1.47278979028393,0.161548720782995
"201",11951,"TCGA-HNSC","CCNB1",0.0236039464935065,-0.942799783447474,0.361254204442637
"202",11952,"TCGA-HNSC","CCNC",0.0212137338095237,-0.850193859296586,0.409088656064969
"203",11953,"TCGA-HNSC","CCND1",0.000156523232323291,-0.00995416917573695,0.992190662076841
"204",11954,"TCGA-HNSC","CCND2",0.0127140086291486,-0.843032121828275,0.411715853103011
"205",11955,"TCGA-HNSC","CCND3",0.0126916455844156,-0.767690171858844,0.454742824875522
"206",11956,"TCGA-HNSC","CCNE1",0.027309787099567,-1.27980199523437,0.221582282056068
"207",11957,"TCGA-HNSC","CCNF",0.0490393143290043,-1.49816846538258,0.158296570501042
"208",11958,"TCGA-HNSC","CCNH",-0.00387111259740258,0.450435556281007,0.656212526248228
"209",11959,"TCGA-HNSC","CCNK",0.00820486038961044,-0.618373968143719,0.546281215265144
"210",11960,"TCGA-HNSC","CCNL1",0.0153049208658009,-1.01648742886142,0.320356179469348
"211",11961,"TCGA-HNSC","CCT2",0.0353975239393939,-1.60851592945867,0.132903760485139
"212",11962,"TCGA-HNSC","CCT3",-0.0242061533766234,1.06759344612607,0.305173876304432
"213",11963,"TCGA-HNSC","CCT4",-0.0170919584271285,1.04033373638176,0.315902769913998
"214",11964,"TCGA-HNSC","CCT5",0.0112299783261184,-0.525082363784721,0.608577729088989
"215",11965,"TCGA-HNSC","CCT6A",0.0045548171428571,-0.359016675162818,0.724527995048046
"216",11966,"TCGA-HNSC","CCT7",-0.0098688118326119,0.542050419733277,0.596404827152599
"217",11967,"TCGA-HNSC","CCT8",0.00904099884559884,-0.463394216970317,0.650105306868808
"218",11968,"TCGA-HNSC","CD2BP2",0.0384655673015873,-1.46029809531787,0.168755755181659
"219",11969,"TCGA-HNSC","CDAN1",0.00985932036075043,-0.658855348005292,0.519709504286306
"220",11970,"TCGA-HNSC","CDC123",-0.00473604568542563,0.243575146063045,0.811628930163923
"221",11971,"TCGA-HNSC","CDC16",0.00647856049062046,-0.505074685122967,0.621472825524449
"222",11972,"TCGA-HNSC","CDC20",-0.00452889503607501,0.392583835357861,0.699936808204052
"223",11973,"TCGA-HNSC","CDC23",0.00284169640692639,-0.184867279961498,0.856090983829906
"224",11974,"TCGA-HNSC","CDC25B",0.0197616704473305,-1.05729828951533,0.304967704942371
"225",11975,"TCGA-HNSC","CDC26",0.0500946780663781,-1.56329256793656,0.142730430700132
"226",11976,"TCGA-HNSC","CDC27",-0.0309798077200578,0.952867828029455,0.362002386933184
"227",11977,"TCGA-HNSC","CDC37",-0.0235728472150072,2.12013958801724,0.0512017795118994
"228",11978,"TCGA-HNSC","CDC40",0.0318458330014431,-1.20899441138454,0.246855350915035
"229",11979,"TCGA-HNSC","CDC42",0.0222895131313131,-2.87399788183101,0.0079227869295089
"230",11980,"TCGA-HNSC","CDC45",0.00151408290043287,-0.0873952244095522,0.931653096850831
"231",11981,"TCGA-HNSC","CDC5L",0.0144533454112554,-1.28528744211,0.220757822702977
"232",11982,"TCGA-HNSC","CDC6",0.0313203626839826,-2.30444652338103,0.0379868671281816
"233",11983,"TCGA-HNSC","CDC7",0.0158573039105339,-0.598395265226948,0.561197353417704
"234",11984,"TCGA-HNSC","CDC73",0.013953963997114,-1.19714331646946,0.247654072713309
"235",11985,"TCGA-HNSC","CDCA3",0.0400210536652237,-1.54893109508098,0.142780651338461
"236",11986,"TCGA-HNSC","CDCA5",0.00442586751803753,-0.299455023677939,0.768931937240407
"237",11987,"TCGA-HNSC","CDCA8",0.00882647212121213,-0.69620519485935,0.496595219082138
"238",11988,"TCGA-HNSC","CDH1",0.0252905570995671,-1.43733744398621,0.174218575896467
"239",11989,"TCGA-HNSC","CDH2",0.0212208140115441,-1.58745802784063,0.134151736870486
"240",11990,"TCGA-HNSC","CDIN1",-0.00301242196248197,0.163460470171096,0.872097054991124
"241",11991,"TCGA-HNSC","CDIPT",0.00925567165945163,-1.21637373555933,0.237503933817123
"242",11992,"TCGA-HNSC","CDK1",-0.0269035774458874,1.34415371144976,0.203864029402424
"243",11993,"TCGA-HNSC","CDK12",0.0296850273304473,-2.54209379104339,0.0188954393542813
"244",11994,"TCGA-HNSC","CDK13",0.0341184716161617,-1.95103003510587,0.069269201607859
"245",11995,"TCGA-HNSC","CDK2",0.0145129663492064,-1.06402033112535,0.303612860142501
"246",11996,"TCGA-HNSC","CDK4",0.00678566659451663,-0.505069071673654,0.620525056881948
"247",11997,"TCGA-HNSC","CDK6",0.0235045234920634,-1.65952615295911,0.119280035884052
"248",11998,"TCGA-HNSC","CDK7",0.00609166808080802,-0.462382237616172,0.65191392785376
"249",11999,"TCGA-HNSC","CDK8",0.0532340668542568,-1.75490790368166,0.103508415033758
"250",12000,"TCGA-HNSC","CDK9",0.00530137806637809,-0.501425363565926,0.622641474042749
"251",12001,"TCGA-HNSC","CDKN1A",0.0239587966089466,-1.5054125270409,0.153162404069378
"252",12002,"TCGA-HNSC","CDS2",0.0253688956565657,-2.50575812550946,0.0227041677769237
"253",12003,"TCGA-HNSC","CDT1",-0.00115648163059168,0.0895887332259484,0.929772967284123
"254",12004,"TCGA-HNSC","CEBPZ",0.0224753968109668,-2.22500334762912,0.0439895566587776
"255",12005,"TCGA-HNSC","CENATAC",-0.0034720496103896,0.301659807050892,0.767542102939283
"256",12006,"TCGA-HNSC","CENPA",0.0203204270274171,-1.36225073525967,0.192840539399625
"257",12007,"TCGA-HNSC","CENPC",0.0043327521356421,-0.315702180141726,0.7572813885367
"258",12008,"TCGA-HNSC","CENPE",0.0197111264935065,-1.47517933149216,0.158969507166596
"259",12009,"TCGA-HNSC","CENPH",-0.00561241386724387,0.45440137498191,0.655111044022584
"260",12010,"TCGA-HNSC","CENPI",0.0138050392496393,-0.657500983002184,0.522163252721354
"261",12011,"TCGA-HNSC","CENPK",-0.0177498454545455,1.18815515778801,0.257662076597555
"262",12012,"TCGA-HNSC","CENPM",0.00130100164502167,-0.0850649674631116,0.93343364314559
"263",12013,"TCGA-HNSC","CENPN",-0.00889910763347768,0.529140812131311,0.605447215996787
"264",12014,"TCGA-HNSC","CENPO",-7.12677922077853e-05,0.00332659959053285,0.997392002132618
"265",12015,"TCGA-HNSC","CENPP",-0.00230717779220779,0.114297675163132,0.910553865405054
"266",12016,"TCGA-HNSC","CENPT",0.0251473761471861,-1.34065985369673,0.205183688075042
"267",12017,"TCGA-HNSC","CENPW",-0.00932732707070716,0.984020689172381,0.339356630843689
"268",12018,"TCGA-HNSC","CEP192",0.0436102925396825,-2.36456106188357,0.035708761239578
"269",12019,"TCGA-HNSC","CEP43",0.0413725589321789,-1.30123285968959,0.218119550540815
"270",12020,"TCGA-HNSC","CEP55",0.0503788639105339,-1.3063400848413,0.21418259887786
"271",12021,"TCGA-HNSC","CEP85",0.0954693739393939,-2.53300651232359,0.0288281181456844
"272",12022,"TCGA-HNSC","CEPT1",0.00696977634920637,-0.575036129952066,0.574847721331926
"273",12023,"TCGA-HNSC","CERS2",0.0440422733477633,-2.17582160597374,0.0480744582676268
"274",12024,"TCGA-HNSC","CFAP20",0.00251071056277063,-0.134874899445697,0.89474772379911
"275",12025,"TCGA-HNSC","CFAP298",0.0309014630303031,-1.8642621463377,0.0842201969937882
"276",12026,"TCGA-HNSC","CFL1",0.0123675401010102,-0.604628092490142,0.554378740917289
"277",12027,"TCGA-HNSC","CFLAR",0.0251138214430014,-1.72282747806128,0.108333991731358
"278",12028,"TCGA-HNSC","CHAF1A",0.00993630363636366,-1.29801553611022,0.212314144012758
"279",12029,"TCGA-HNSC","CHAF1B",-0.00674009020202015,0.656848655901989,0.520029318335937
"280",12030,"TCGA-HNSC","CHCHD4",0.0116934353391054,-0.838452029323493,0.41674702590005
"281",12031,"TCGA-HNSC","CHD1",0.0608857841991342,-2.21057342357717,0.0475234793906486
"282",12032,"TCGA-HNSC","CHD4",0.0076408488600288,-1.14374117938665,0.26897063168527
"283",12033,"TCGA-HNSC","CHD7",0.0488635782683983,-1.65110787331739,0.123178266171461
"284",12034,"TCGA-HNSC","CHD8",0.0142100615295815,-0.656036444503318,0.521143763802352
"285",12035,"TCGA-HNSC","CHEK1",-0.00167041904761905,0.229122478072596,0.820883125830398
"286",12036,"TCGA-HNSC","CHERP",0.0291560518181818,-1.25645408075397,0.233202259022842
"287",12037,"TCGA-HNSC","CHKA",0.0085253194949495,-0.871743753527844,0.39560930098847
"288",12038,"TCGA-HNSC","CHMP2A",0.0110596982683983,-0.627349522457125,0.540975479772475
"289",12039,"TCGA-HNSC","CHMP3",0.00791367751803751,-0.310806161073301,0.761341891059974
"290",12040,"TCGA-HNSC","CHMP4B",0.0236556370418471,-0.93229266292762,0.369718121193378
"291",12041,"TCGA-HNSC","CHMP5",0.0237214132756133,-0.969079200043382,0.348312114286295
"292",12042,"TCGA-HNSC","CHMP6",0.0107328298412699,-0.741582217272384,0.467397483861252
"293",12043,"TCGA-HNSC","CHMP7",0.013540768989899,-0.755947645827587,0.462533953148111
"294",12044,"TCGA-HNSC","CHORDC1",0.028063536089466,-1.73759291135514,0.105353860838298
"295",12045,"TCGA-HNSC","CHP1",0.0282784411255411,-1.44149249961593,0.172548488061987
"296",12046,"TCGA-HNSC","CHTF18",0.0435798198268398,-1.30785296940752,0.21482968872314
"297",12047,"TCGA-HNSC","CHTF8",0.013799644040404,-0.564840193772159,0.581321742469697
"298",12048,"TCGA-HNSC","CIAO1",0.00115786767676762,-0.0776857758648872,0.939043569736779
"299",12049,"TCGA-HNSC","CIAO2A",0.0361972324531025,-1.59947786464665,0.131261318697829
"300",12050,"TCGA-HNSC","CIAO2B",0.00518374956709955,-0.461883102150529,0.649803859473445
"301",12051,"TCGA-HNSC","CIAO3",-0.0104345947619048,0.65882770734189,0.521868724244096
"302",12052,"TCGA-HNSC","CIAPIN1",0.0187863106349206,-1.10436252004334,0.292508447850581
"303",12053,"TCGA-HNSC","CINP",0.0486250084559885,-1.32174786545391,0.211479652166882
"304",12054,"TCGA-HNSC","CIT",0.00673246126984128,-0.459844052259136,0.652354466142505
"305",12055,"TCGA-HNSC","CKAP5",-0.00483675796536792,0.433718990785863,0.672059497123398
"306",12056,"TCGA-HNSC","CKS1B",0.0180158394516595,-0.6864349771854,0.503456806491108
"307",12057,"TCGA-HNSC","CLASRP",0.0330106823809524,-1.53486705563341,0.148034088013306
"308",12058,"TCGA-HNSC","CLNS1A",0.0232944043867244,-1.75478668290785,0.0988901230250896
"309",12059,"TCGA-HNSC","CLP1",-0.00112420212121211,0.0457766212240078,0.964265492105438
"310",12060,"TCGA-HNSC","CLPB",0.0486180933333333,-1.73033572911738,0.110178392557852
"311",12061,"TCGA-HNSC","CLSPN",0.0138801972727273,-0.854288748489997,0.408889686601918
"312",12062,"TCGA-HNSC","CLTC",0.0141723818903319,-1.25679705750105,0.228700898342417
"313",12063,"TCGA-HNSC","CMIP",0.0259517437950938,-1.75101586653303,0.0993912511863932
"314",12064,"TCGA-HNSC","CMPK1",0.0328409576623376,-1.24213717188928,0.237638120588457
"315",12065,"TCGA-HNSC","CMTR1",0.0363709100865801,-1.40506010372311,0.186086950112797
"316",12066,"TCGA-HNSC","CNIH4",0.030382154011544,-1.13110569665881,0.277563170823115
"317",12067,"TCGA-HNSC","CNOT1",0.0171824962049062,-1.15734699245717,0.264891173380494
"318",12068,"TCGA-HNSC","CNOT11",0.0150568304617604,-0.612962881662244,0.548958183689662
"319",12069,"TCGA-HNSC","CNOT2",0.0020579689177489,-0.151433910012474,0.881700272300922
"320",12070,"TCGA-HNSC","CNOT3",0.00976515567099567,-0.789485714916981,0.440903504604383
"321",12071,"TCGA-HNSC","CNOT4",0.0263578995093795,-1.72653142914071,0.105929137233838
"322",12072,"TCGA-HNSC","CNOT9",0.0215136436652237,-1.42536329400292,0.17233084937682
"323",12073,"TCGA-HNSC","COA3",0.0435074793362193,-2.31494774910513,0.037250325438399
"324",12074,"TCGA-HNSC","COA5",0.0256657561471862,-3.1889698825972,0.0028943245510697
"325",12075,"TCGA-HNSC","COA6",0.035371695036075,-3.04883386763467,0.00788407987448197
"326",12076,"TCGA-HNSC","COASY",0.0365074879365079,-3.08168669180692,0.00730244245199801
"327",12077,"TCGA-HNSC","COG1",0.0398466136940837,-1.7623682345959,0.102118375077695
"328",12078,"TCGA-HNSC","COG2",0.0272946692929293,-1.18101076947542,0.259891664909252
"329",12079,"TCGA-HNSC","COG3",0.0311911077056277,-2.34027111782456,0.0343151138145669
"330",12080,"TCGA-HNSC","COG5",0.00625103746031752,-0.330782044470712,0.746346980924019
"331",12081,"TCGA-HNSC","COG7",0.0304990009812409,-1.94505194273714,0.0737646538172784
"332",12082,"TCGA-HNSC","COG8",0.0350562651803752,-1.95615395238668,0.0724521542712717
"333",12083,"TCGA-HNSC","COP1",0.0142205931168831,-1.25266575552845,0.230358465409244
"334",12084,"TCGA-HNSC","COPA",0.0293175077200577,-1.93286258826073,0.0695290920841335
"335",12085,"TCGA-HNSC","COPB1",0.0041300465945166,-0.24369121957749,0.810761008326055
"336",12086,"TCGA-HNSC","COPB2",0.0268659525974026,-1.36405418180506,0.193878086523357
"337",12087,"TCGA-HNSC","COPE",0.0449326488455989,-1.68284113933868,0.120102167529829
"338",12088,"TCGA-HNSC","COPG1",0.0131334373881673,-0.62785037844364,0.53963468431771
"339",12089,"TCGA-HNSC","COPS2",0.0303804345743146,-2.17103200370328,0.0495344241421643
"340",12090,"TCGA-HNSC","COPS3",0.0474675681240981,-3.1418620946931,0.00765964496970712
"341",12091,"TCGA-HNSC","COPS4",0.0107931034632035,-1.12745091935876,0.272463818105773
"342",12092,"TCGA-HNSC","COPS5",0.0117558544588744,-1.74265905999707,0.0975816895782636
"343",12093,"TCGA-HNSC","COPS6",0.00287051277056283,-0.237350355181646,0.81572326855376
"344",12094,"TCGA-HNSC","COPS8",0.0125796342568543,-0.716553065098825,0.48484832358317
"345",12095,"TCGA-HNSC","COPZ1",0.0285012201587301,-1.6102954598764,0.129427467436686
"346",12096,"TCGA-HNSC","COQ2",0.0314204791053392,-2.29275671243694,0.0384412692696528
"347",12097,"TCGA-HNSC","COQ4",0.033930769018759,-2.18236229827613,0.0490686750436474
"348",12098,"TCGA-HNSC","COQ7",0.0259947122943723,-2.27060074992717,0.0375480163606292
"349",12099,"TCGA-HNSC","COX10",0.0234378482539683,-2.07120178520105,0.0564756359121407
"350",12100,"TCGA-HNSC","COX11",0.0401897401587301,-3.51636910217982,0.00190557042981227
"351",12101,"TCGA-HNSC","COX15",0.0291442205194805,-3.21594300333405,0.00398767287723031
"352",12102,"TCGA-HNSC","COX17",0.0252374152669552,-3.01604413659799,0.00660359087078256
"353",12103,"TCGA-HNSC","COX18",0.0244607292352091,-1.16489934406868,0.26264639344665
"354",12104,"TCGA-HNSC","COX19",0.0260432017893218,-2.31335713323101,0.0287657948164068
"355",12105,"TCGA-HNSC","COX4I1",0.032670986046176,-2.97403384542301,0.00904746812803005
"356",12106,"TCGA-HNSC","COX5A",0.0276886857142857,-2.98306764932021,0.00851043386824234
"357",12107,"TCGA-HNSC","COX5B",0.0247673118181818,-2.39603258617553,0.0297588155759987
"358",12108,"TCGA-HNSC","COX6A1",0.0213057970562771,-1.87804152418385,0.080491839182434
"359",12109,"TCGA-HNSC","COX6B1",0.0263625444588744,-2.25857382462801,0.0384640668572639
"360",12110,"TCGA-HNSC","COX6C",0.0306152604184704,-2.00608444258381,0.0649560653483611
"361",12111,"TCGA-HNSC","COX7B",0.00877792238095243,-0.845183305292387,0.410291874406254
"362",12112,"TCGA-HNSC","COX7C",0.0468958367965369,-2.59293407034213,0.0217399582749539
"363",12113,"TCGA-HNSC","CPOX",0.00195641427128423,-0.0924201068679472,0.927771238759202
"364",12114,"TCGA-HNSC","CPSF1",0.0112282015007216,-1.5230912408417,0.139198232176679
"365",12115,"TCGA-HNSC","CPSF2",-0.000372191529581567,0.0227879176933675,0.982179484634358
"366",12116,"TCGA-HNSC","CPSF3",0.00125943836940834,-0.0989024656457507,0.922812529537627
"367",12117,"TCGA-HNSC","CPSF4",0.00639980903318904,-0.485653792145054,0.634661506173969
"368",12118,"TCGA-HNSC","CPSF6",0.0391299068831168,-1.69016810568149,0.115470160312414
"369",12119,"TCGA-HNSC","CRAMP1",0.0431071148629149,-2.00226822364532,0.0651648773813002
"370",12120,"TCGA-HNSC","CRCP",0.00609460903318904,-0.503373352806908,0.623104389807782
"371",12121,"TCGA-HNSC","CREBBP",0.0230612805916306,-1.410713209835,0.180897653824899
"372",12122,"TCGA-HNSC","CRK",0.0205794002164502,-1.53764519830445,0.140980415174218
"373",12123,"TCGA-HNSC","CRKL",0.00775576507936515,-0.597286348854454,0.558213082908662
"374",12124,"TCGA-HNSC","CRLS1",0.0262136461616161,-2.41010413683586,0.0269765275740539
"375",12125,"TCGA-HNSC","CRNKL1",0.00652294711399709,-0.454944328006807,0.656945339930993
"376",12126,"TCGA-HNSC","CRTC3",0.0396127907647909,-1.40911692726882,0.181925028324048
"377",12127,"TCGA-HNSC","CSDE1",0.0211094585425685,-1.48121607533175,0.158328464489808
"378",12128,"TCGA-HNSC","CSE1L",-0.0110606669264069,0.796798529849752,0.43773062283053
"379",12129,"TCGA-HNSC","CSH2",0.0139039255844157,-1.26904625722941,0.219643625010669
"380",12130,"TCGA-HNSC","CSK",0.0190714743001443,-1.09020672327683,0.294293559746097
"381",12131,"TCGA-HNSC","CSNK1A1",0.0165890567243867,-1.11741250987268,0.28012891027719
"382",12132,"TCGA-HNSC","CSNK2A1",0.0491425878066377,-1.41527147223249,0.182577912754033
"383",12133,"TCGA-HNSC","CSNK2B",0.0341865950793651,-2.01012922525399,0.0673273519093725
"384",12134,"TCGA-HNSC","CSTF1",0.0306684055411256,-1.56321947653087,0.142507378686197
"385",12135,"TCGA-HNSC","CSTF2",0.0841203392207792,-2.67440344877707,0.0168579944782479
"386",12136,"TCGA-HNSC","CSTF3",0.0177614631024531,-1.33686632731372,0.204619716285876
"387",12137,"TCGA-HNSC","CTC1",0.00239882509379508,-0.117188870230403,0.908049494198816
"388",12138,"TCGA-HNSC","CTCF",0.0177698525396826,-1.82561323259112,0.0877206135919035
"389",12139,"TCGA-HNSC","CTDNEP1",0.0246151609812411,-1.20925981582583,0.247026802541745
"390",12140,"TCGA-HNSC","CTDP1",-0.0209086391341992,2.0796272985768,0.0514948220631887
"391",12141,"TCGA-HNSC","CTDSPL2",0.0319962635930736,-1.79359163297593,0.0929510611406718
"392",12142,"TCGA-HNSC","CTNNA1",0.0184060352092351,-1.09318150500996,0.29332847602976
"393",12143,"TCGA-HNSC","CTNNB1",0.0208839070274169,-1.48332103654179,0.157789036969547
"394",12144,"TCGA-HNSC","CTNNBL1",0.0284743809235209,-1.42844801504402,0.173341791382728
"395",12145,"TCGA-HNSC","CTPS1",0.0707308247474747,-2.78811817130657,0.0162723932327293
"396",12146,"TCGA-HNSC","CTR9",0.0263984164935065,-1.52699581151338,0.148598378837703
"397",12147,"TCGA-HNSC","CTU1",0.0206227182106782,-1.39645549925184,0.186429553248404
"398",12148,"TCGA-HNSC","CTU2",0.00864830981240972,-0.728471665061358,0.477383087325482
"399",12149,"TCGA-HNSC","CUL1",0.0239340111976912,-1.34466532810297,0.199406695240299
"400",12150,"TCGA-HNSC","CUL2",0.0213537658585859,-1.34417961350828,0.19744071807553
"401",12151,"TCGA-HNSC","CUL3",0.0213554825974026,-0.913969036449805,0.378314693404322
"402",12152,"TCGA-HNSC","CWC22",0.00209302777777787,-0.181704802575043,0.858559965931207
"403",12153,"TCGA-HNSC","CWF19L2",0.0151089532900432,-0.949779287904448,0.358374836944437
"404",12154,"TCGA-HNSC","CXXC1",0.0355694327561327,-1.7399788703953,0.107056514893546
"405",12155,"TCGA-HNSC","CYB5B",0.0373453984559884,-2.01962935766557,0.0624472253004245
"406",12156,"TCGA-HNSC","CYB5R4",0.0259422076046176,-2.14534111472808,0.0493769210522353
"407",12157,"TCGA-HNSC","CYC1",0.0298280233333333,-2.7570338125649,0.0139930615122351
"408",12158,"TCGA-HNSC","CYCS",0.0282396391197691,-3.14380092614828,0.00608958447938921
"409",12159,"TCGA-HNSC","DAD1",-0.0118518855699856,0.844081525230707,0.414965181703623
"410",12160,"TCGA-HNSC","DAP3",0.029725668961039,-2.17228784833112,0.0469151893404101
"411",12161,"TCGA-HNSC","DARS1",0.017356936031746,-0.800429333379818,0.437995544043728
"412",12162,"TCGA-HNSC","DARS2",0.0387851438816739,-3.33244790409858,0.00313599191636418
"413",12163,"TCGA-HNSC","DAXX",0.028799889033189,-1.33909026445933,0.20201524437541
"414",12164,"TCGA-HNSC","DAZAP1",0.0324088953679653,-1.30497416566902,0.214469399722001
"415",12165,"TCGA-HNSC","DBF4",0.0218369813275613,-1.80541004750347,0.08787775032193
"416",12166,"TCGA-HNSC","DBR1",0.0149247167965368,-0.584158025187422,0.569994809551216
"417",12167,"TCGA-HNSC","DCAF15",-0.00579037284271278,0.314377250258139,0.758624496770972
"418",12168,"TCGA-HNSC","DCLRE1B",0.0314266424242424,-1.72001465732229,0.106249279835663
"419",12169,"TCGA-HNSC","DCP2",0.0146217578787878,-0.997382081207864,0.336469882716077
"420",12170,"TCGA-HNSC","DCPS",0.0297029513708514,-1.19032704923702,0.254168898883395
"421",12171,"TCGA-HNSC","DCTN2",0.0309117837373737,-1.93171727431639,0.0726184557223536
"422",12172,"TCGA-HNSC","DCTN3",0.0367588331601731,-1.7342594948655,0.107048860606893
"423",12173,"TCGA-HNSC","DCTN5",0.00549159414141409,-0.473476330532291,0.64063344077539
"424",12174,"TCGA-HNSC","DCTN6",0.00719529988455991,-0.509927677985969,0.618357063600815
"425",12175,"TCGA-HNSC","DDB1",0.00445135337662339,-0.398505070666343,0.697121636410284
"426",12176,"TCGA-HNSC","DDI2",0.0243642463924963,-1.30597216015189,0.214564325451831
"427",12177,"TCGA-HNSC","DDOST",0.0308069485425686,-0.984683978915224,0.344175138466277
"428",12178,"TCGA-HNSC","DDX10",0.0113495596392497,-0.830753349099865,0.421430054410495
"429",12179,"TCGA-HNSC","DDX11",0.0186666253102453,-0.783540776560026,0.447401223444157
"430",12180,"TCGA-HNSC","DDX18",-0.00038964748917758,0.033728518769029,0.973640648874964
"431",12181,"TCGA-HNSC","DDX19A",0.0394627817171717,-1.39655732766079,0.186915097347123
"432",12182,"TCGA-HNSC","DDX20",0.012876595122655,-1.10534945588384,0.286203604756386
"433",12183,"TCGA-HNSC","DDX21",0.0169791513275613,-1.05594365131231,0.311455023401015
"434",12184,"TCGA-HNSC","DDX23",0.00649013340548343,-0.278099400091938,0.784957797117198
"435",12185,"TCGA-HNSC","DDX27",0.0263999823088023,-2.30017983990536,0.0363404087120778
"436",12186,"TCGA-HNSC","DDX28",0.0189528799711399,-1.46898610963419,0.167311385159128
"437",12187,"TCGA-HNSC","DDX39B",0.0243502007215006,-1.90829626397108,0.0742132684261739
"438",12188,"TCGA-HNSC","DDX3X",0.00344912743145753,-0.201661981938144,0.842962386869515
"439",12189,"TCGA-HNSC","DDX41",0.016523636002886,-1.11553442452379,0.284727539290963
"440",12190,"TCGA-HNSC","DDX42",0.0429735082972583,-2.06281524533006,0.0595805589010909
"441",12191,"TCGA-HNSC","DDX47",0.00573422884559893,-0.460483531670964,0.653021027521354
"442",12192,"TCGA-HNSC","DDX49",0.00874776672438671,-0.625733988584669,0.542570579971841
"443",12193,"TCGA-HNSC","DDX5",0.0363398624963924,-1.72733941443512,0.110568319926583
"444",12194,"TCGA-HNSC","DDX51",0.0228612956854256,-1.45762921954678,0.166041483158687
"445",12195,"TCGA-HNSC","DDX52",0.00603599492063489,-0.659145730599112,0.520073784424789
"446",12196,"TCGA-HNSC","DDX54",0.00395123388167384,-0.280139339933609,0.784385561164225
"447",12197,"TCGA-HNSC","DDX56",-0.000804319379509422,0.0924217151951144,0.927498617692786
"448",12198,"TCGA-HNSC","DDX6",-0.0448679505772006,2.01788570781127,0.0500277604454055
"449",12199,"TCGA-HNSC","DENR",0.0240099958441559,-1.45123163751349,0.167792846456169
"450",12200,"TCGA-HNSC","DERL2",0.0230309859451659,-1.24321318425611,0.230991051563037
"451",12201,"TCGA-HNSC","DET1",0.0162045313564213,-1.15167489623526,0.267977518179522
"452",12202,"TCGA-HNSC","DHDDS",0.000296340577200571,-0.0223503676940652,0.982533863426025
"453",12203,"TCGA-HNSC","DHFR",0.0332623008080808,-2.4115115089187,0.028390906182863
"454",12204,"TCGA-HNSC","DHODH",0.0303202923232324,-2.20288294142908,0.041261792635139
"455",12205,"TCGA-HNSC","DHPS",0.029557417041847,-1.18231322562034,0.260875993068658
"456",12206,"TCGA-HNSC","DHX15",0.00685895897546895,-0.641082671050469,0.530883101631484
"457",12207,"TCGA-HNSC","DHX16",0.0091941511111111,-0.883943106180894,0.389656349546788
"458",12208,"TCGA-HNSC","DHX29",0.0714430604473305,-2.0259998741784,0.0640274800900033
"459",12209,"TCGA-HNSC","DHX30",0.044767433924964,-1.99371976517746,0.0675581958271546
"460",12210,"TCGA-HNSC","DHX33",0.0183239513564214,-0.734760533397872,0.475373414472773
"461",12211,"TCGA-HNSC","DHX35",0.0230356814718614,-0.783708699412306,0.446419566373688
"462",12212,"TCGA-HNSC","DHX36",0.0355148819191919,-2.51003881398777,0.0236207551383623
"463",12213,"TCGA-HNSC","DHX37",0.0113977155699856,-0.946030615570891,0.360881520033782
"464",12214,"TCGA-HNSC","DHX8",0.0114167504473304,-1.21335482303562,0.244490608963066
"465",12215,"TCGA-HNSC","DHX9",0.0163186425252525,-1.68010254711932,0.113248741818787
"466",12216,"TCGA-HNSC","DICER1",0.0199262193073593,-0.876694071688648,0.396808442138772
"467",12217,"TCGA-HNSC","DIDO1",0.0194653678066379,-0.979761416159104,0.343710113441324
"468",12218,"TCGA-HNSC","DIS3",0.0187509574747474,-1.08799428833176,0.296263598002215
"469",12219,"TCGA-HNSC","DKC1",0.0207795492063493,-3.12093856473375,0.00455465028790952
"470",12220,"TCGA-HNSC","DLD",0.0349295475757575,-3.37857356249974,0.00333283568124406
"471",12221,"TCGA-HNSC","DLG5",0.0241793502308802,-1.32608451062607,0.205659596343057
"472",12222,"TCGA-HNSC","DLST",0.0106485955411256,-0.946139154211088,0.357573450056951
"473",12223,"TCGA-HNSC","DMAP1",-0.015712755007215,1.1385345112318,0.275162190284185
"474",12224,"TCGA-HNSC","DNAAF10",0.0105554634920635,-0.800853046144408,0.435677678244777
"475",12225,"TCGA-HNSC","DNAAF5",0.0226044312698412,-1.22932248748952,0.238677236646784
"476",12226,"TCGA-HNSC","DNAJA1",0.0376361542135643,-1.86632699349716,0.0833013114237773
"477",12227,"TCGA-HNSC","DNAJA3",0.0265678394516595,-1.15017592324707,0.272899039198666
"478",12228,"TCGA-HNSC","DNAJC11",0.0368318823809525,-1.71773050993366,0.109207802909337
"479",12229,"TCGA-HNSC","DNAJC13",0.036976627864358,-1.95542905307646,0.0725659116886878
"480",12230,"TCGA-HNSC","DNAJC17",0.0257319167243867,-1.6618055150874,0.120247059452682
"481",12231,"TCGA-HNSC","DNAJC19",0.0306123515584416,-0.989907718862508,0.339436433148613
"482",12232,"TCGA-HNSC","DNAJC2",0.0697440972150073,-1.53689893839016,0.149940409480438
"483",12233,"TCGA-HNSC","DNAJC21",0.0339442475901875,-1.42233558638869,0.178764431461379
"484",12234,"TCGA-HNSC","DNAJC9",0.0144924478066378,-0.922375016834936,0.368199705151521
"485",12235,"TCGA-HNSC","DNLZ",0.0321795581240981,-0.917469225683949,0.376837550931771
"486",12236,"TCGA-HNSC","DNM1L",0.0274367136219337,-1.17591448486921,0.258837400752339
"487",12237,"TCGA-HNSC","DNM2",0.0206262591919192,-1.6805035213014,0.111776631039713
"488",12238,"TCGA-HNSC","DOCK5",0.023166257027417,-1.20975811590376,0.249207102139974
"489",12239,"TCGA-HNSC","DOHH",0.0229730678354978,-1.45845306874162,0.163348295278669
"490",12240,"TCGA-HNSC","DOLK",0.0109332029870129,-0.860811011902669,0.40086058110187
"491",12241,"TCGA-HNSC","DOLPP1",0.0287497008946609,-1.62112968373864,0.127877519266357
"492",12242,"TCGA-HNSC","DONSON",0.00866822881673884,-0.499883973858582,0.625078368896412
"493",12243,"TCGA-HNSC","DOT1L",0.0379958672871572,-1.49521996828598,0.157007652403788
"494",12244,"TCGA-HNSC","DPAGT1",-0.0165517087157286,1.93169675685437,0.0700777535249261
"495",12245,"TCGA-HNSC","DPF2",0.0247116293939394,-0.70411193524353,0.493156589998668
"496",12246,"TCGA-HNSC","DPH1",0.0294633357287157,-2.36360996761074,0.0312759830750091
"497",12247,"TCGA-HNSC","DPH2",0.0279415983982684,-2.02323866158411,0.0627508589708822
"498",12248,"TCGA-HNSC","DPH3",0.0192454895093795,-1.71887899465769,0.10216720809099
"499",12249,"TCGA-HNSC","DPH5",0.0273750660606061,-1.4430325396864,0.173327124620058
"500",12250,"TCGA-HNSC","DPH6",0.0263576375468976,-1.37495527967681,0.185310602078832
"501",12251,"TCGA-HNSC","DPM1",0.0278149007070707,-1.40533976282229,0.182342021166372
"502",12252,"TCGA-HNSC","DPM2",0.0246613228138528,-1.15784363739068,0.268797135879613
"503",12253,"TCGA-HNSC","DPY19L2",0.019248381948052,-1.78264776028774,0.0848592539534307
"504",12254,"TCGA-HNSC","DPY30",0.0376452328715728,-2.17576230272235,0.0485415551323038
"505",12255,"TCGA-HNSC","DR1",0.0214745787012988,-1.71569722416396,0.102726105974844
"506",12256,"TCGA-HNSC","DRAP1",0.0155736114141414,-0.810951970175035,0.431806274341551
"507",12257,"TCGA-HNSC","DSCC1",0.0123644104761905,-0.533143672992271,0.602931233333116
"508",12258,"TCGA-HNSC","DSN1",0.0182623536940837,-2.07976135670668,0.0497563592116732
"509",12259,"TCGA-HNSC","DTL",-0.0173595693939394,1.28171502735296,0.219906922291891
"510",12260,"TCGA-HNSC","DTYMK",0.0200650815440115,-1.83631181257598,0.0833629626409074
"511",12261,"TCGA-HNSC","DUSP4",0.0234881242568542,-1.44119372712997,0.171782526068709
"512",12262,"TCGA-HNSC","DUT",0.0178835711832612,-0.861559279089016,0.398643540084179
"513",12263,"TCGA-HNSC","DYNC1H1",0.036021293088023,-2.46083430627444,0.0288382947212882
"514",12264,"TCGA-HNSC","DYNC1I2",0.00602129571428578,-0.251351542402825,0.805740010145543
"515",12265,"TCGA-HNSC","DYNLL1",0.0504234513564213,-1.6186864043989,0.130163012771465
"516",12266,"TCGA-HNSC","DYNLRB1",-0.00441230844155838,0.268077009169625,0.792937172061518
"517",12267,"TCGA-HNSC","DYRK1A",0.0389022838383838,-1.83158182622287,0.0911897945921564
"518",12268,"TCGA-HNSC","E2F1",0.0199585506204907,-1.34560780144128,0.197228794623094
"519",12269,"TCGA-HNSC","E2F3",0.0282909068109668,-1.65185749547003,0.118845501338724
"520",12270,"TCGA-HNSC","E4F1",0.0407709040259741,-1.32402128573501,0.208784487561049
"521",12271,"TCGA-HNSC","EAF1",0.0468012465223665,-2.03490478856691,0.062272547140887
"522",12272,"TCGA-HNSC","EAPP",0.0279867330303031,-2.3468113736769,0.0344225269961198
"523",12273,"TCGA-HNSC","EARS2",0.0293590677056277,-2.48075755804682,0.0235221197790092
"524",12274,"TCGA-HNSC","EBNA1BP2",0.0308235736652237,-1.94687449876455,0.0722762560432637
"525",12275,"TCGA-HNSC","ECD",-0.00186830422799422,0.162229575812078,0.872448132881544
"526",12276,"TCGA-HNSC","ECT2",0.0214305596536796,-1.42202370393493,0.173160427477256
"527",12277,"TCGA-HNSC","EDF1",0.0489619138095237,-1.61806413598677,0.129526966774398
"528",12278,"TCGA-HNSC","EED",0.0334882258152958,-1.08350924795332,0.297390455445692
"529",12279,"TCGA-HNSC","EEF1A1",0.00773279728715731,-0.808052310141844,0.428744584578323
"530",12280,"TCGA-HNSC","EEF1B2",0.0291437141558442,-0.931345109548277,0.367872475608157
"531",12281,"TCGA-HNSC","EEF1G",0.00992109506493499,-0.606595103720055,0.551684087705703
"532",12282,"TCGA-HNSC","EEF2",-0.00709585139971136,0.241354006078603,0.813571015308188
"533",12283,"TCGA-HNSC","EEF2KMT",-0.00859461049062049,0.278590284529382,0.785236991892812
"534",12284,"TCGA-HNSC","EEFSEC",0.0329649773015872,-1.38468553801786,0.184080016981811
"535",12285,"TCGA-HNSC","EFL1",0.0193832237085138,-1.05030007720968,0.312448189475213
"536",12286,"TCGA-HNSC","EFR3A",0.011663040894661,-0.581343026270852,0.568595656450147
"537",12287,"TCGA-HNSC","EFTUD2",-0.0120784420779221,1.25529774114946,0.222381385562251
"538",12288,"TCGA-HNSC","EGFR",0.0108837476190476,-0.667914600145428,0.515441718248056
"539",12289,"TCGA-HNSC","EGLN1",0.0249687543145742,-1.70697480751708,0.106637061306115
"540",12290,"TCGA-HNSC","EIF1",0.0276966295959596,-1.3877668492119,0.189926814513189
"541",12291,"TCGA-HNSC","EIF1AD",0.00938573212121208,-0.605689004686213,0.553512203252549
"542",12292,"TCGA-HNSC","EIF1AX",0.0156513595382396,-1.1265933503578,0.278304609198891
"543",12293,"TCGA-HNSC","EIF2AK4",0.0412095980952382,-1.38799487365537,0.186678274607849
"544",12294,"TCGA-HNSC","EIF2B1",0.0339123852958153,-2.10661030698502,0.0536067638330895
"545",12295,"TCGA-HNSC","EIF2B2",0.0332538425108225,-1.470500204042,0.162119478682793
"546",12296,"TCGA-HNSC","EIF2B3",0.039097994025974,-3.01687668070429,0.0102953797817126
"547",12297,"TCGA-HNSC","EIF2B4",0.0154095035786436,-0.888427112282106,0.392124284391009
"548",12298,"TCGA-HNSC","EIF2B5",0.0211592277027417,-0.333426972701542,0.744875697852763
"549",12299,"TCGA-HNSC","EIF2S1",0.0119339661183261,-1.00887701009654,0.331529131649539
"550",12300,"TCGA-HNSC","EIF2S2",-0.00286936656565651,0.176363191977829,0.862675760774747
"551",12301,"TCGA-HNSC","EIF2S3",0.00510826535353537,-0.403007954776346,0.692637545164453
"552",12302,"TCGA-HNSC","EIF3A",0.00340552974025976,-0.351036929416974,0.73101472310008
"553",12303,"TCGA-HNSC","EIF3B",0.0163904834199134,-1.12512854410257,0.282917740559984
"554",12304,"TCGA-HNSC","EIF3D",0.00248300653679656,-0.207022946049091,0.838660638105618
"555",12305,"TCGA-HNSC","EIF3E",0.0213273138528138,-1.11758854380356,0.285095557318198
"556",12306,"TCGA-HNSC","EIF3F",0.0168857084848485,-0.565248754956724,0.582797932871993
"557",12307,"TCGA-HNSC","EIF3G",0.021719407950938,-1.48434094494414,0.161347024612793
"558",12308,"TCGA-HNSC","EIF3H",0.0034832545310246,-0.141127541169805,0.889813635501764
"559",12309,"TCGA-HNSC","EIF3I",0.0017253693939393,-0.152872160165801,0.880805683490457
"560",12310,"TCGA-HNSC","EIF3J",0.0478765410678211,-1.5421378964711,0.147326954165817
"561",12311,"TCGA-HNSC","EIF3M",0.0279945277200577,-1.39083909106609,0.188680633962863
"562",12312,"TCGA-HNSC","EIF4A1",0.025451335021645,-2.0352136429058,0.0623901054507765
"563",12313,"TCGA-HNSC","EIF4A3",-0.026951530981241,0.694258928096508,0.500182058540514
"564",12314,"TCGA-HNSC","EIF4B",0.0531047232178933,-1.93932858778927,0.0742517081442124
"565",12315,"TCGA-HNSC","EIF4E",0.0143617554401154,-1.25168439362208,0.228444260356151
"566",12316,"TCGA-HNSC","EIF4E2",0.0263997101154402,-0.793036826266727,0.440740670145999
"567",12317,"TCGA-HNSC","EIF4G1",0.0308101982251082,-2.26029545778167,0.0357053333238529
"568",12318,"TCGA-HNSC","EIF4G2",0.0295403366810967,-1.05593711276308,0.310978178245338
"569",12319,"TCGA-HNSC","EIF5",0.00987078662337659,-0.642497249136904,0.531239231429496
"570",12320,"TCGA-HNSC","EIF5A",0.0501825393362194,-2.08518105979384,0.0567227780606696
"571",12321,"TCGA-HNSC","EIF5AL1",0.0486341324531024,-1.76955279176598,0.0970364982367265
"572",12322,"TCGA-HNSC","EIF6",0.0209862483116883,-0.893144328154045,0.388185490455458
"573",12323,"TCGA-HNSC","EIPR1",0.0298364415873016,-1.66819856016997,0.118071118987196
"574",12324,"TCGA-HNSC","ELAC2",0.0299946948484848,-1.28266284004121,0.221671653339587
"575",12325,"TCGA-HNSC","ELAVL1",0.0282173005050504,-1.04880147814217,0.31315146130816
"576",12326,"TCGA-HNSC","ELL",0.00554785909090905,-0.456300869317821,0.654772154712305
"577",12327,"TCGA-HNSC","ELMO2",0.0317609630303031,-2.0895459414485,0.052429351401215
"578",12328,"TCGA-HNSC","ELOA",0.041363661933622,-2.25242401221477,0.0379979774899939
"579",12329,"TCGA-HNSC","ELOB",0.014141942987013,-1.41439550760903,0.179150121034116
"580",12330,"TCGA-HNSC","ELOC",0.0183014707503607,-1.60164492387534,0.130855526531789
"581",12331,"TCGA-HNSC","ELOF1",0.0811766495093795,-1.99179447751004,0.0723429274428065
"582",12332,"TCGA-HNSC","ELP1",0.0112300420923521,-0.85346849984999,0.406579454981286
"583",12333,"TCGA-HNSC","ELP2",0.0121290869408369,-0.881593474076835,0.39370439139983
"584",12334,"TCGA-HNSC","ELP3",0.016176928989899,-0.997397530060503,0.337874015899144
"585",12335,"TCGA-HNSC","ELP4",0.0219559905050505,-1.60343699595988,0.12801846594641
"586",12336,"TCGA-HNSC","ELP5",0.0119448502886003,-0.835355060231332,0.417480593954001
"587",12337,"TCGA-HNSC","ELP6",0.0162352154256854,-1.19178084247519,0.251285119631367
"588",12338,"TCGA-HNSC","EMC1",0.0379969580952381,-1.48360182947771,0.160243523819356
"589",12339,"TCGA-HNSC","EMC2",0.0331610422077923,-1.6124886186707,0.130020608543038
"590",12340,"TCGA-HNSC","EMC3",0.0377980142857143,-1.69235918366347,0.111919521517841
"591",12341,"TCGA-HNSC","EMC4",0.0276646609812409,-1.4179902683355,0.178319245653416
"592",12342,"TCGA-HNSC","EMC6",0.0197037413852814,-0.955910340302408,0.354926781745695
"593",12343,"TCGA-HNSC","EMC7",0.0261099353246753,-1.68122336128835,0.116407401202771
"594",12344,"TCGA-HNSC","EMSY",0.0196797253535353,-1.22887146126077,0.237346302506946
"595",12345,"TCGA-HNSC","ENO1",0.02815425010101,-2.4143988835769,0.0296916142162917
"596",12346,"TCGA-HNSC","ENY2",0.00921557274170282,-0.557194132394879,0.586952298413368
"597",12347,"TCGA-HNSC","EP300",0.0134690106349207,-0.651207143116583,0.525716260423876
"598",12348,"TCGA-HNSC","EP400",0.0151501752092351,-1.08059607096884,0.296336829892964
"599",12349,"TCGA-HNSC","EPC1",0.0151915986580086,-1.15015027995699,0.270236114514486
"600",12350,"TCGA-HNSC","EPC2",0.0246733508369409,-1.60974651971532,0.129800932966395
"601",12351,"TCGA-HNSC","EPRS1",-0.00309314828282836,0.240540715758515,0.814001911778449
"602",12352,"TCGA-HNSC","ERAL1",0.0314588303896104,-2.0150285855025,0.0633166836534707
"603",12353,"TCGA-HNSC","ERBB2",0.0198283844300144,-1.62314939617263,0.126002531214428
"604",12354,"TCGA-HNSC","ERBB3",0.0227504352813852,-1.75611636483574,0.104096006064895
"605",12355,"TCGA-HNSC","ERCC2",0.0191244610966811,-1.0954564558933,0.288631717944203
"606",12356,"TCGA-HNSC","ERCC3",0.0121518746031747,-0.909019709819214,0.380806488615971
"607",12357,"TCGA-HNSC","ERH",0.0162949086868687,-0.88622250035804,0.387342659772851
"608",12358,"TCGA-HNSC","ESCO2",0.0110818747907647,-0.544963811110941,0.592514832039591
"609",12359,"TCGA-HNSC","ESF1",0.0199659556709957,-2.07490993371689,0.0565514796085459
"610",12360,"TCGA-HNSC","ESPL1",0.00045343001442999,-0.0360305828167886,0.971784842558138
"611",12361,"TCGA-HNSC","ESS2",-0.00232328450216446,0.128083856877134,0.899900990044605
"612",12362,"TCGA-HNSC","ETF1",0.00963491367965374,-0.866940142701596,0.400714130286719
"613",12363,"TCGA-HNSC","EXOC8",0.00721816073593073,-0.592393672086394,0.558453661432269
"614",12364,"TCGA-HNSC","EXOSC1",0.0200637463924964,-0.921933018595756,0.37210659870024
"615",12365,"TCGA-HNSC","EXOSC10",0.047873305079365,-1.91118384900208,0.078982239917161
"616",12366,"TCGA-HNSC","EXOSC2",0.0085957579220779,-0.756712724378084,0.463289993381451
"617",12367,"TCGA-HNSC","EXOSC3",0.0100580128427128,-0.849602509735424,0.410249490141595
"618",12368,"TCGA-HNSC","EXOSC4",-0.00596160015873015,0.395986313698157,0.699038759050788
"619",12369,"TCGA-HNSC","EXOSC6",0.0252533641702741,-1.88757808598048,0.0805470350820341
"620",12370,"TCGA-HNSC","EXOSC7",0.0329934698268398,-2.97702802305616,0.0105224282240584
"621",12371,"TCGA-HNSC","EXOSC8",0.0178559772005772,-1.32523984100878,0.209358237808832
"622",12372,"TCGA-HNSC","EXT1",0.0174597262481963,-1.31583410277263,0.208015860696371
"623",12373,"TCGA-HNSC","EXT2",0.0254161032756133,-1.41488807158978,0.180600400961713
"624",12374,"TCGA-HNSC","EZH2",0.0307000729437229,-1.29477892593776,0.216877547983966
"625",12375,"TCGA-HNSC","FADD",0.0458914656132756,-1.62970090616321,0.126256462041422
"626",12376,"TCGA-HNSC","FAF2",0.0359331121212121,-2.29092852868305,0.0372297247306901
"627",12377,"TCGA-HNSC","FAM32A",0.0379335005483405,-1.74479561838619,0.103946168105203
"628",12378,"TCGA-HNSC","FAM50A",0.0376204977056277,-1.28713026893749,0.221135915087477
"629",12379,"TCGA-HNSC","FAM98B",0.0418965717893218,-2.71342255258419,0.0165623026568298
"630",12380,"TCGA-HNSC","FANCA",0.0158370527561328,-0.73486036167118,0.474126644683042
"631",12381,"TCGA-HNSC","FANCF",0.0479215140115441,-1.82171514198266,0.0915128469608092
"632",12382,"TCGA-HNSC","FANCI",0.0809896897258298,-1.47431192192,0.166191740498381
"633",12383,"TCGA-HNSC","FANCM",0.0197451964357864,-0.891984311071167,0.387828923131475
"634",12384,"TCGA-HNSC","FARS2",0.0228651857431457,-0.885493874524679,0.393077545370615
"635",12385,"TCGA-HNSC","FARSA",0.0239856127272727,-1.36407076716908,0.199357160709052
"636",12386,"TCGA-HNSC","FARSB",0.0240047478787879,-2.07095177333894,0.0539964219044046
"637",12387,"TCGA-HNSC","FASN",0.0155678176479077,-1.37560971600417,0.189548007754949
"638",12388,"TCGA-HNSC","FASTKD5",0.0212334983838384,-2.01503336909654,0.05918607022179
"639",12389,"TCGA-HNSC","FAU",-0.00524815780663779,0.457925162981347,0.651150239090749
"640",12390,"TCGA-HNSC","FBL",0.0156480694083694,-1.0517592749099,0.31221771750086
"641",12391,"TCGA-HNSC","FBXO11",0.0219042363924964,-1.94193268321975,0.0686734658048424
"642",12392,"TCGA-HNSC","FBXO5",-0.0114887815151515,0.580468939014802,0.571647352447579
"643",12393,"TCGA-HNSC","FBXO7",0.0439528912842713,-1.87706030634122,0.0823848850134003
"644",12394,"TCGA-HNSC","FBXW11",0.0244402532034632,-1.90865891263811,0.0730081747120264
"645",12395,"TCGA-HNSC","FBXW7",0.0191236167821067,-1.25012059836554,0.229999874729037
"646",12396,"TCGA-HNSC","FCF1",0.00769757668109672,-0.39021503527096,0.703108469691411
"647",12397,"TCGA-HNSC","FCHO2",0.0287795528715729,-2.45584519135775,0.0256841367110984
"648",12398,"TCGA-HNSC","FDFT1",0.0421720076767678,-3.10258525357956,0.00760961224938451
"649",12399,"TCGA-HNSC","FDPS",0.026418226017316,-2.21155404224459,0.0445009236089361
"650",12400,"TCGA-HNSC","FDX1",0.0300918910533911,-1.7498557495688,0.104042901438866
"651",12401,"TCGA-HNSC","FDX2",0.0328946443290044,-2.37373651591363,0.0315572710246094
"652",12402,"TCGA-HNSC","FDXR",0.0320638436940837,-2.51631337932507,0.0245645131242732
"653",12403,"TCGA-HNSC","FECH",0.0473743074314574,-2.63034743449996,0.0226417175625644
"654",12404,"TCGA-HNSC","FEN1",0.0216367341558442,-0.84304960853377,0.414332055165545
"655",12405,"TCGA-HNSC","FERMT1",0.0166661560894661,-1.01412782844484,0.327971610836319
"656",12406,"TCGA-HNSC","FERMT2",0.0153686015584416,-0.844419074585568,0.412548701288399
"657",12407,"TCGA-HNSC","FGFR1",0.0138732926406926,-0.985507570212206,0.340340453516266
"658",12408,"TCGA-HNSC","FIP1L1",0.0229739520779221,-2.56618866692195,0.0227674465054323
"659",12409,"TCGA-HNSC","FIS1",0.0272958638672439,-1.46426947214816,0.167312270399882
"660",12410,"TCGA-HNSC","FKBP1A",0.0156812547907648,-0.668885338057008,0.515113748266001
"661",12411,"TCGA-HNSC","FLCN",0.0369725950793651,-2.14881766772362,0.0499426641460958
"662",12412,"TCGA-HNSC","FLI1",0.009854373015873,-0.811008456320434,0.428101875829262
"663",12413,"TCGA-HNSC","FLII",0.0269776071139971,-1.54533613498407,0.144694045323602
"664",12414,"TCGA-HNSC","FLVCR1",0.0607069421933621,-1.51929893700423,0.154341258138901
"665",12415,"TCGA-HNSC","FNTA",0.0153776730014431,-1.33123829625192,0.205494965476588
"666",12416,"TCGA-HNSC","FNTB",0.023273822049062,-1.39633505140144,0.181366944109129
"667",12417,"TCGA-HNSC","FOSL1",0.0211135698412698,-1.6260022022944,0.124113483023086
"668",12418,"TCGA-HNSC","FOXA1",0.0246055676623377,-1.68771415053609,0.113679675645058
"669",12419,"TCGA-HNSC","FOXK1",0.0146430528282828,-1.05680813531375,0.309699699653198
"670",12420,"TCGA-HNSC","FOXM1",0.00206453427128428,-0.124152464637866,0.902584024471235
"671",12421,"TCGA-HNSC","FOXRED1",0.0223954969841269,-1.73646474693064,0.104379576270512
"672",12422,"TCGA-HNSC","FPGS",0.0197177741558442,-1.2689412955256,0.221614847254488
"673",12423,"TCGA-HNSC","FRG1",0.0603468021500722,-1.72800773188111,0.109221383999238
"674",12424,"TCGA-HNSC","FUBP1",0.0597498078787879,-1.41673658959973,0.18145204812019
"675",12425,"TCGA-HNSC","FURIN",0.0310072554545455,-2.04301093748248,0.0594509431236987
"676",12426,"TCGA-HNSC","FXN",0.0334457783261183,-2.24226917039279,0.0415322504975599
"677",12427,"TCGA-HNSC","FZR1",0.03167095004329,-1.75017592490359,0.103922901822482
"678",12428,"TCGA-HNSC","G3BP1",0.023940233059163,-0.712404267437115,0.488134134046693
"679",12429,"TCGA-HNSC","G6PD",0.0264813805050506,-2.20645971837506,0.0415060962252297
"680",12430,"TCGA-HNSC","GAB1",0.0216125284126985,-2.11444840242739,0.0488758972338868
"681",12431,"TCGA-HNSC","GABPA",0.0175422026118326,-0.953000751832931,0.358422651419651
"682",12432,"TCGA-HNSC","GABPB1",0.0190163747619048,-1.36773911956604,0.195006112418916
"683",12433,"TCGA-HNSC","GADD45GIP1",0.0165583097979799,-1.88045095432196,0.0786230785042422
"684",12434,"TCGA-HNSC","GAK",0.0215433961471861,-1.04724221560724,0.31314120401394
"685",12435,"TCGA-HNSC","GAPDH",0.0104594797258297,-1.27147195490698,0.219096751094158
"686",12436,"TCGA-HNSC","GARS1",0.0370642498556999,-2.97089634944609,0.00904391017425177
"687",12437,"TCGA-HNSC","GART",0.0389644945887446,-2.21845740204979,0.0440169781913861
"688",12438,"TCGA-HNSC","GATA3",0.0302998208513708,-2.14911850043722,0.0471847287120209
"689",12439,"TCGA-HNSC","GATB",0.0285599941847042,-1.13796641460912,0.276348935879638
"690",12440,"TCGA-HNSC","GATC",0.0287648761471861,-1.16175499216852,0.268270307072565
"691",12441,"TCGA-HNSC","GBF1",0.0192976595526696,-2.51734922533512,0.0191736128830913
"692",12442,"TCGA-HNSC","GCN1",0.0371094317893218,-1.48866004941881,0.156924111117956
"693",12443,"TCGA-HNSC","GCSH",0.023718880966811,-1.42047982289436,0.173589397485979
"694",12444,"TCGA-HNSC","GEMIN2",0.0348073875757575,-1.24886508863382,0.234081593989274
"695",12445,"TCGA-HNSC","GEMIN4",0.0318369930158731,-1.71758055343231,0.108709176681221
"696",12446,"TCGA-HNSC","GEMIN5",0.0144088755844155,-0.768953338378207,0.455869737823101
"697",12447,"TCGA-HNSC","GEMIN6",0.0266423460461761,-1.05198730853617,0.312287356115464
"698",12448,"TCGA-HNSC","GEMIN7",0.0373211146320347,-1.3652560361387,0.196871995093976
"699",12449,"TCGA-HNSC","GEMIN8",0.0471941534199134,-1.42005379212253,0.180953639020426
"700",12450,"TCGA-HNSC","GET1",0.0172642634054834,-1.0410119663175,0.314342713205058
"701",12451,"TCGA-HNSC","GET3",0.0133289204473305,-0.635041758718531,0.53570676980136
"702",12452,"TCGA-HNSC","GET4",0.0220015315873016,-1.43155971302312,0.170633074879911
"703",12453,"TCGA-HNSC","GFER",0.0272966554689755,-1.63457263125894,0.127102337361681
"704",12454,"TCGA-HNSC","GFM1",0.0378487566378066,-2.29987194396141,0.0357821876060883
"705",12455,"TCGA-HNSC","GFM2",0.0391967208080808,-2.01922345280973,0.062030082674263
"706",12456,"TCGA-HNSC","GFPT1",0.0341716658008658,-3.19335072014647,0.00566973027971158
"707",12457,"TCGA-HNSC","GGNBP2",0.0155752706637806,-0.480394271022811,0.639906403768619
"708",12458,"TCGA-HNSC","GGPS1",0.0210942886868687,-1.84701364821157,0.0822657460210637
"709",12459,"TCGA-HNSC","GGTLC2",0.0312981596248196,-1.14534395115129,0.274082733487594
"710",12460,"TCGA-HNSC","GIGYF2",0.0294608472005772,-1.89034984695684,0.0797063555963433
"711",12461,"TCGA-HNSC","GINS1",-0.00192568935064935,0.156262299936569,0.877824665903814
"712",12462,"TCGA-HNSC","GINS2",0.00797605383838385,-0.526296534884912,0.607254798547622
"713",12463,"TCGA-HNSC","GINS3",0.0140539097979798,-0.499620016014161,0.626729372113391
"714",12464,"TCGA-HNSC","GINS4",0.0041169387012987,-0.223613481236663,0.826773854886558
"715",12465,"TCGA-HNSC","GLMN",0.0238125834199134,-1.75274477138104,0.101171645860993
"716",12466,"TCGA-HNSC","GLRX3",0.0269329095670996,-1.40791025502693,0.182498171089238
"717",12467,"TCGA-HNSC","GLRX5",0.0344063346176046,-2.17719239927915,0.0496105990408983
"718",12468,"TCGA-HNSC","GLS",0.0449454282539682,-2.09805056709424,0.0566820655803348
"719",12469,"TCGA-HNSC","GMNN",0.0367405037373737,-1.62271279761823,0.127854961878014
"720",12470,"TCGA-HNSC","GMPPB",0.0374055949062049,-2.0638334305138,0.0607532193917274
"721",12471,"TCGA-HNSC","GMPS",0.0255060091630592,-1.38221655869836,0.190175781343131
"722",12472,"TCGA-HNSC","GNA13",0.0254828658008658,-1.64510887216452,0.121865134068066
"723",12473,"TCGA-HNSC","GNB1L",0.0220709243145744,-1.11094677861585,0.283673300042417
"724",12474,"TCGA-HNSC","GNL2",0.0148664507503609,-1.92681417497179,0.0712245709134294
"725",12475,"TCGA-HNSC","GNL3",0.0124133008802308,-0.971085025257791,0.350561895752087
"726",12476,"TCGA-HNSC","GNL3L",0.0356560395526695,-1.93448532662287,0.0759650524826293
"727",12477,"TCGA-HNSC","GNPNAT1",0.0425624461616162,-3.33857137704451,0.00462472837427144
"728",12478,"TCGA-HNSC","GOLGA7",0.0473518248340549,-3.01969843019316,0.00913725883701512
"729",12479,"TCGA-HNSC","GOLGA8R",0.0457294988023087,-2.57319526813267,0.0212973169920515
"730",12480,"TCGA-HNSC","GOLT1B",0.0215377231024531,-1.30415065914457,0.208686999310156
"731",12481,"TCGA-HNSC","GOSR2",0.0342956979797979,-1.55809773980727,0.144535790480848
"732",12482,"TCGA-HNSC","GPATCH1",0.0234570133766233,-1.3512810691688,0.196120442640688
"733",12483,"TCGA-HNSC","GPI",0.0348188414430014,-3.07008184602292,0.00784849522469379
"734",12484,"TCGA-HNSC","GPKOW",0.0120677459307359,-0.549767919843547,0.591795813429397
"735",12485,"TCGA-HNSC","GPS1",0.0311034535642135,-1.1875773417231,0.259418982649586
"736",12486,"TCGA-HNSC","GPX4",0.0385365217460317,-1.96027057312398,0.0678319885402191
"737",12487,"TCGA-HNSC","GRB2",0.0121185733044734,-0.9873858201536,0.33848104088794
"738",12488,"TCGA-HNSC","GRHL2",0.0180572892352092,-1.02296910544381,0.320625969970601
"739",12489,"TCGA-HNSC","GRK2",0.0353675621212121,-2.53436079568754,0.0221867165932747
"740",12490,"TCGA-HNSC","GRPEL1",0.0416622712842714,-2.28812467808138,0.0408946377258719
"741",12491,"TCGA-HNSC","GRSF1",0.0277081706060606,-1.76080815464116,0.101156449853779
"742",12492,"TCGA-HNSC","GRWD1",0.0469464474747475,-3.00078264899354,0.0097636209859836
"743",12493,"TCGA-HNSC","GSK3B",0.0198805268542568,-1.0551293032803,0.309444887756101
"744",12494,"TCGA-HNSC","GSPT1",-0.0216776747186147,1.58789558927681,0.133702494602237
"745",12495,"TCGA-HNSC","GTF2A1",0.0260927646897547,-1.62753118721991,0.126611907985826
"746",12496,"TCGA-HNSC","GTF2A2",-0.00816956864357865,0.949935511748265,0.351734806826688
"747",12497,"TCGA-HNSC","GTF2B",0.00643306002886002,-0.572632373968777,0.57709815159524
"748",12498,"TCGA-HNSC","GTF2E1",0.040592535108225,-2.49537222393344,0.0281587334470709
"749",12499,"TCGA-HNSC","GTF2E2",0.00970057318903328,-0.623515214693644,0.543719812521217
"750",12500,"TCGA-HNSC","GTF2F2",0.0403117200144301,-1.37146929676301,0.194344599786204
"751",12501,"TCGA-HNSC","GTF2H3",0.0418862493217893,-1.83765558097366,0.0872479407356814
"752",12502,"TCGA-HNSC","GTF2H4",0.0411695334920635,-1.57457237936367,0.141569575288286
"753",12503,"TCGA-HNSC","GTF3A",0.0167294054545454,-1.05312393309336,0.311940805064012
"754",12504,"TCGA-HNSC","GTF3C1",0.0197719221933622,-1.29434504182778,0.220027954688371
"755",12505,"TCGA-HNSC","GTF3C3",0.0425104197835499,-1.66531990111924,0.12273783750815
"756",12506,"TCGA-HNSC","GTF3C4",0.0219784972005772,-1.04267904094437,0.317573597056249
"757",12507,"TCGA-HNSC","GTF3C5",0.0244000242568543,-1.85427573401511,0.0817641466931159
"758",12508,"TCGA-HNSC","GTF3C6",0.0357615441414141,-1.71179849300627,0.112237417386265
"759",12509,"TCGA-HNSC","GTPBP10",0.0233763785714285,-1.76481388664485,0.100025599418541
"760",12510,"TCGA-HNSC","GTPBP4",0.0162160716305917,-1.95735303924907,0.0694403198039095
"761",12511,"TCGA-HNSC","GTSE1",0.0431229448629149,-1.30282584763387,0.216325430746466
"762",12512,"TCGA-HNSC","GUK1",0.00714086441558437,-0.823696912112412,0.420442994074733
"763",12513,"TCGA-HNSC","H2AC15",0.020366444949495,-2.53503155282419,0.0224584892953647
"764",12514,"TCGA-HNSC","H2AC17",0.0157915555122655,-1.40573775044203,0.172776343816194
"765",12515,"TCGA-HNSC","H2AC20",0.0167014490909091,-1.50782033768054,0.14614294169984
"766",12516,"TCGA-HNSC","H2AX",0.0442619598701298,-2.09468805881407,0.0561267342327189
"767",12517,"TCGA-HNSC","H2AZ1",0.0246738981096681,-1.37849099966891,0.190041854157329
"768",12518,"TCGA-HNSC","H2BC11",-0.00982252600288602,0.925743012737663,0.369276308270852
"769",12519,"TCGA-HNSC","H2BC13",-0.0027343467676767,0.197279983863418,0.846568501307837
"770",12520,"TCGA-HNSC","H2BC15",0.015140903924964,-0.977712933587462,0.34143833847198
"771",12521,"TCGA-HNSC","H2BC21",0.00956033197691208,-0.639855467877336,0.532227264413957
"772",12522,"TCGA-HNSC","H2BC26",0.020366444949495,-2.53503155282419,0.0224584892953647
"773",12523,"TCGA-HNSC","H2BC4",0.0135336041414141,-1.07542057835368,0.302002879486322
"774",12524,"TCGA-HNSC","H2BC6",0.0192396357575758,-0.772964512561106,0.454329356319406
"775",12525,"TCGA-HNSC","H2BC9",0.015140903924964,-0.977712933587462,0.34143833847198
"776",12526,"TCGA-HNSC","H3-3A",0.0116559783261183,-0.791387142284477,0.441702591990427
"777",12527,"TCGA-HNSC","HARS1",-0.0303188476479076,0.829623466048328,0.421102081132349
"778",12528,"TCGA-HNSC","HARS2",0.0410226266955267,-1.91707586241592,0.0750593861718273
"779",12529,"TCGA-HNSC","HAUS1",0.0136112617171718,-0.836277432091332,0.417817485209431
"780",12530,"TCGA-HNSC","HAUS3",0.0230422582539682,-1.3675281306379,0.1943779938711
"781",12531,"TCGA-HNSC","HAUS4",0.0209679052525252,-1.08577888601791,0.297751891219212
"782",12532,"TCGA-HNSC","HAUS5",0.0359372188167388,-1.78890796232962,0.0985463194862578
"783",12533,"TCGA-HNSC","HAUS6",0.0147478708225108,-1.2238057718168,0.242969672071005
"784",12534,"TCGA-HNSC","HAUS7",0.0232149252092352,-1.12712116213981,0.280707053617358
"785",12535,"TCGA-HNSC","HAUS8",0.0302402707070708,-1.9539899849082,0.0756830362634412
"786",12536,"TCGA-HNSC","HCCS",0.0479700858874459,-1.94013826575751,0.0720554867855049
"787",12537,"TCGA-HNSC","HCFC1",0.00567753111111113,-0.44675286292935,0.662217565138893
"788",12538,"TCGA-HNSC","HDAC1",0.017582651991342,-0.770120142740128,0.456347331236504
"789",12539,"TCGA-HNSC","HDAC3",0.0205623215295815,-1.71296462980882,0.112202728203017
"790",12540,"TCGA-HNSC","HEATR1",0.0130092835642135,-1.56510123117009,0.135830221112691
"791",12541,"TCGA-HNSC","HEATR3",0.0383350002020202,-2.17250898377145,0.0466031113662674
"792",12542,"TCGA-HNSC","HECTD1",0.0268964345021645,-1.50977039505691,0.154374204274153
"793",12543,"TCGA-HNSC","HGS",0.0321773203318904,-1.15346220319216,0.269427958417853
"794",12544,"TCGA-HNSC","HINFP",0.00454487505050505,-0.329734886518863,0.746537987086795
"795",12545,"TCGA-HNSC","HIRA",0.0313391521356421,-1.43436113803487,0.175406848740097
"796",12546,"TCGA-HNSC","HJURP",0.00562870049062048,-0.247239811641554,0.808407844427814
"797",12547,"TCGA-HNSC","HK2",0.0499770234632035,-2.29400306194376,0.0398898461921269
"798",12548,"TCGA-HNSC","HMBS",0.0315780546031746,-3.0291613685492,0.00663347525031886
"799",12549,"TCGA-HNSC","HMGA1",0.0175054562626262,-1.52111217401766,0.142574668855398
"800",12550,"TCGA-HNSC","HMGB1",0.0289463564069264,-1.65812665593664,0.117154915159095
"801",12551,"TCGA-HNSC","HMGCR",0.0243033525685425,-1.3938426973072,0.189138889057957
"802",12552,"TCGA-HNSC","HMGCS1",0.00929188523809532,-0.885538788530333,0.387938439934324
"803",12553,"TCGA-HNSC","HNF1B",0.0397378453102453,-2.6889033403694,0.0150077856564973
"804",12554,"TCGA-HNSC","HNRNPA1",0.0560689251226552,-2.12565660441999,0.0512498082138903
"805",12555,"TCGA-HNSC","HNRNPA1L2",0.0108478801298701,-0.856051665865273,0.403775621568606
"806",12556,"TCGA-HNSC","HNRNPA2B1",0.0755120718614719,-2.48680905179864,0.025435887774085
"807",12557,"TCGA-HNSC","HNRNPC",0.0280197057864359,-1.27105836501087,0.226970670911965
"808",12558,"TCGA-HNSC","HNRNPF",0.0685362851948053,-2.81887856468717,0.0147420353652769
"809",12559,"TCGA-HNSC","HNRNPH1",0.0243373533189033,-0.874428062304214,0.398919497127991
"810",12560,"TCGA-HNSC","HNRNPK",-0.0574023480808081,1.54472436408115,0.150537869778939
"811",12561,"TCGA-HNSC","HNRNPL",0.0143073344300144,-0.785597035189278,0.445928814234789
"812",12562,"TCGA-HNSC","HNRNPM",0.0237918876334776,-1.59507479369074,0.131975301634847
"813",12563,"TCGA-HNSC","HNRNPU",0.0251939714141415,-1.63391732097606,0.126268001257292
"814",12564,"TCGA-HNSC","HOXD13",0.00943801455988458,-0.505375542819782,0.619544446699365
"815",12565,"TCGA-HNSC","HS6ST1",0.0261923357431457,-1.70578938106729,0.10912452237012
"816",12566,"TCGA-HNSC","HSCB",0.0383247900577199,-1.51125274673417,0.156289053228271
"817",12567,"TCGA-HNSC","HSD17B10",0.0302508098412698,-1.85445356027964,0.0847808361040555
"818",12568,"TCGA-HNSC","HSD17B12",0.0511623264502165,-1.90764752021556,0.0793756601071422
"819",12569,"TCGA-HNSC","HSF1",0.0360715579076479,-1.48356094570176,0.161406890879637
"820",12570,"TCGA-HNSC","HSP90AB1",0.0219915937373737,-1.03064112354406,0.321494282207896
"821",12571,"TCGA-HNSC","HSP90B1",0.03121500989899,-2.04285858865836,0.0603500729565946
"822",12572,"TCGA-HNSC","HSPA13",0.056786765007215,-2.12806435002072,0.0537585189978814
"823",12573,"TCGA-HNSC","HSPA14",0.0661712184415584,-1.92479765128749,0.0776151171045832
"824",12574,"TCGA-HNSC","HSPA5",0.0231310565800866,-1.86003851467733,0.085437038634392
"825",12575,"TCGA-HNSC","HSPA8",0.0440319033477633,-1.91297302247313,0.0786778963682961
"826",12576,"TCGA-HNSC","HSPA9",0.00692210670995669,-0.372205971682446,0.715302503160492
"827",12577,"TCGA-HNSC","HSPD1",0.0270254235786436,-2.60809208643165,0.0208936887287709
"828",12578,"TCGA-HNSC","HSPE1",-0.0186343372294372,0.468747487305807,0.646765858301668
"829",12579,"TCGA-HNSC","HTATSF1",0.0595654266522367,-1.84704207272432,0.0877086113916
"830",12580,"TCGA-HNSC","HTRA2",0.0556221637662337,-1.96139503587387,0.0720116932920586
"831",12581,"TCGA-HNSC","HUS1",0.00401836750360751,-0.408371759915277,0.687257510248994
"832",12582,"TCGA-HNSC","HUWE1",0.0163308400577201,-0.879909264196044,0.394305571819981
"833",12583,"TCGA-HNSC","HYOU1",0.0572541572727272,-1.30460726634962,0.216438950542408
"834",12584,"TCGA-HNSC","HYPK",0.0219846901443002,-1.25358559682246,0.231894851081741
"835",12585,"TCGA-HNSC","IARS1",0.0184407515151515,-1.60196079661807,0.133657526192812
"836",12586,"TCGA-HNSC","IARS2",0.00905266861471854,-0.536550068068595,0.600789018933181
"837",12587,"TCGA-HNSC","IBA57",0.036741826955267,-2.0743483469621,0.0568885047007606
"838",12588,"TCGA-HNSC","ICE1",0.00467419841269845,-0.522007390260571,0.608184009941381
"839",12589,"TCGA-HNSC","ICE2",0.0285011527128427,-1.57049000094459,0.142095839893792
"840",12590,"TCGA-HNSC","ICMT",0.0313928888888888,-3.2744724246158,0.00508479234509147
"841",12591,"TCGA-HNSC","IDH3A",0.0234691969119769,-2.07787487563211,0.0558806542304996
"842",12592,"TCGA-HNSC","IER3IP1",0.0263545374891775,-1.76688041158791,0.0971422258372752
"843",12593,"TCGA-HNSC","IFITM3",0.0413999094516594,-1.43018478687024,0.176084319561404
"844",12594,"TCGA-HNSC","IGBP1",-0.00365389054834053,0.264975629554497,0.794282101458543
"845",12595,"TCGA-HNSC","IGF1R",0.0261507906926407,-1.28731601761793,0.218967611008879
"846",12596,"TCGA-HNSC","IK",0.0151148955411256,-0.833964966692848,0.417774266288271
"847",12597,"TCGA-HNSC","IKBKG",0.0184940262193362,-1.07337079685181,0.294359160210312
"848",12598,"TCGA-HNSC","ILF2",0.0226478706493506,-1.39018807280058,0.184640242405909
"849",12599,"TCGA-HNSC","ILF3",0.0332321933910533,-2.12947098079334,0.048314885697413
"850",12600,"TCGA-HNSC","ILK",0.037963396984127,-1.04791676369546,0.314233092834581
"851",12601,"TCGA-HNSC","IMP3",0.0109522321212121,-0.823879060079024,0.422294651469887
"852",12602,"TCGA-HNSC","IMP4",0.0127203328138528,-1.50964305195788,0.148952765711613
"853",12603,"TCGA-HNSC","IMPDH2",0.0211952772294373,-0.910833479228965,0.381309520981498
"854",12604,"TCGA-HNSC","INCENP",0.00172490816738813,-0.0954861418938463,0.925217428988918
"855",12605,"TCGA-HNSC","ING3",0.0352495754978355,-1.77007661568802,0.100363315996396
"856",12606,"TCGA-HNSC","INO80",-0.0093243692352093,0.398058422337486,0.697997976156019
"857",12607,"TCGA-HNSC","INTS1",0.0359299151370851,-2.25884758769844,0.0416850953609826
"858",12608,"TCGA-HNSC","INTS10",0.0432271652525252,-2.15654344317144,0.049410333267136
"859",12609,"TCGA-HNSC","INTS11",0.00421444865800863,-0.33720578342058,0.741028110968711
"860",12610,"TCGA-HNSC","INTS12",0.0315738484848485,-1.32282026496448,0.209114669334926
"861",12611,"TCGA-HNSC","INTS13",0.0302404651803752,-1.238691891729,0.237284023269842
"862",12612,"TCGA-HNSC","INTS14",0.0511810981529581,-2.22599598007287,0.0448192473010415
"863",12613,"TCGA-HNSC","INTS3",0.0171535342857143,-1.31927394603956,0.207160687739196
"864",12614,"TCGA-HNSC","INTS5",0.0220301825396825,-2.11145850838628,0.0506917320681409
"865",12615,"TCGA-HNSC","INTS6",0.0163937085858585,-1.15964606787931,0.264737610452656
"866",12616,"TCGA-HNSC","INTS7",0.00608626307359306,-0.417258425750228,0.683285905769033
"867",12617,"TCGA-HNSC","INTS8",0.00551574987012982,-0.466196518051349,0.648501694634759
"868",12618,"TCGA-HNSC","INTS9",-0.0109560832756133,0.959752214967715,0.352322310431025
"869",12619,"TCGA-HNSC","IPO11",0.0258153124963925,-1.32485510701701,0.210173713209214
"870",12620,"TCGA-HNSC","IPO13",0.0301972907215008,-1.93982110035641,0.0709263139244839
"871",12621,"TCGA-HNSC","IPO5",0.0422075048629149,-1.73572957001869,0.10712094829642
"872",12622,"TCGA-HNSC","IPO7",0.0198824822510822,-1.11053695073768,0.288727613498914
"873",12623,"TCGA-HNSC","IPO9",0.0311301048773448,-0.917353600506718,0.374720578360925
"874",12624,"TCGA-HNSC","IPPK",0.0198606455844156,-1.16239130836469,0.263585200827016
"875",12625,"TCGA-HNSC","IREB2",0.0267500284559885,-2.6101054038033,0.0163982301809263
"876",12626,"TCGA-HNSC","IRF2",0.0356565912987012,-1.51392013728054,0.154357963794195
"877",12627,"TCGA-HNSC","IRF2BP2",0.0185390923520924,-1.12701720675413,0.278614308110678
"878",12628,"TCGA-HNSC","IRF4",0.0121750422077922,-0.622555201264785,0.543176848949439
"879",12629,"TCGA-HNSC","IRS2",0.0420687585714286,-2.69327054537363,0.0177976231489682
"880",12630,"TCGA-HNSC","ISCA1",0.042079843953824,-2.6116466910837,0.0189508672860514
"881",12631,"TCGA-HNSC","ISCA2",0.00266926940836942,-0.189306290687205,0.852541942567882
"882",12632,"TCGA-HNSC","ISCU",0.00353396191919197,-0.155221964167801,0.879047194379532
"883",12633,"TCGA-HNSC","ISG20L2",0.0187290639105339,-1.33493620431054,0.205367025391156
"884",12634,"TCGA-HNSC","ISL1",0.0382553711255411,-1.80275859926314,0.0963799955377754
"885",12635,"TCGA-HNSC","ISY1",0.0260869583261184,-1.72553944350685,0.108400438340525
"886",12636,"TCGA-HNSC","ITGA3",0.0235066665800866,-1.68575537564304,0.113258624406667
"887",12637,"TCGA-HNSC","ITGAV",0.0143447312121212,-1.08886388914195,0.291531143310882
"888",12638,"TCGA-HNSC","ITGB1",0.0140373067243867,-0.99278873482796,0.337842685621585
"889",12639,"TCGA-HNSC","ITGB5",0.0165597856277055,-1.43753984308804,0.170654434891148
"890",12640,"TCGA-HNSC","ITPK1",0.0329320398845599,-1.89668517479572,0.0742184972963389
"891",12641,"TCGA-HNSC","JMJD6",-0.00318158375180366,0.203922870676045,0.840730511121132
"892",12642,"TCGA-HNSC","JTB",0.0368810005339105,-1.2052307336269,0.252464526521496
"893",12643,"TCGA-HNSC","JUN",0.0111047477922077,-0.658271229490126,0.519886228518022
"894",12644,"TCGA-HNSC","JUNB",0.016573008023088,-0.929782007872666,0.368985234979261
"895",12645,"TCGA-HNSC","KANSL1",0.0189383191630592,-1.08157208049176,0.300360269900642
"896",12646,"TCGA-HNSC","KANSL2",0.0287835656709957,-2.18460035424692,0.0434898032291589
"897",12647,"TCGA-HNSC","KANSL3",0.0172675198268398,-1.47168877293458,0.157436733135718
"898",12648,"TCGA-HNSC","KARS1",0.008201308975469,-0.725195733315401,0.481004552986387
"899",12649,"TCGA-HNSC","KAT8",-0.0204047535353535,1.36287893192231,0.19695421411172
"900",12650,"TCGA-HNSC","KATNB1",0.0116485727272728,-0.557862118104272,0.585980761169201
"901",12651,"TCGA-HNSC","KCMF1",0.05279243004329,-3.08970092144226,0.00937759558486922
"902",12652,"TCGA-HNSC","KCTD10",0.0355634970995671,-1.5681728470789,0.141233575457516
"903",12653,"TCGA-HNSC","KCTD5",0.0312604015295815,-1.34108114300477,0.203019197786264
"904",12654,"TCGA-HNSC","KDM2A",0.0217546997546898,-1.20505222185047,0.250304386526986
"905",12655,"TCGA-HNSC","KDM5C",0.0335129213419914,-2.97071074367135,0.00821087616251424
"906",12656,"TCGA-HNSC","KDM8",-0.0113551506060606,0.664253056964322,0.516373807158865
"907",12657,"TCGA-HNSC","KDSR",0.0046400346753247,-0.180699970909162,0.85970997483515
"908",12658,"TCGA-HNSC","KEAP1",0.0263817753246752,-1.64019357621263,0.122645968531746
"909",12659,"TCGA-HNSC","KHSRP",0.0345784011399711,-1.10048306234372,0.292110239555335
"910",12660,"TCGA-HNSC","KIDINS220",0.033613425064935,-2.13575854806082,0.0513158172818634
"911",12661,"TCGA-HNSC","KIF11",-0.0102423316161616,0.692600383693397,0.500359165200377
"912",12662,"TCGA-HNSC","KIF14",0.0606362673015873,-1.82373300611509,0.092619062544403
"913",12663,"TCGA-HNSC","KIF18A",0.0141407186435787,-1.11041018858235,0.283267308498252
"914",12664,"TCGA-HNSC","KIF18B",0.0465897368831169,-1.71992420365733,0.112743502613691
"915",12665,"TCGA-HNSC","KIF20A",0.0432937802020202,-1.66942855801852,0.119056291737748
"916",12666,"TCGA-HNSC","KIF23",0.0160095277922078,-1.4692650547573,0.160727683354318
"917",12667,"TCGA-HNSC","KIF2C",0.0445068988888889,-1.43903130403575,0.17450122124303
"918",12668,"TCGA-HNSC","KIF4A",0.0318511045310246,-1.46763436943463,0.161551058193608
"919",12669,"TCGA-HNSC","KIN",0.00656177480519482,-0.496887402072155,0.624453650614797
"920",12670,"TCGA-HNSC","KIRREL1",0.0229382087878788,-0.982548220255711,0.3441645171922
"921",12671,"TCGA-HNSC","KLF5",0.0261511320634921,-1.48521058508434,0.161189505737661
"922",12672,"TCGA-HNSC","KMT2A",0.0302261446753247,-1.70890639461497,0.109695422064249
"923",12673,"TCGA-HNSC","KMT2D",0.00698317715728713,-0.490143350757286,0.631851502475232
"924",12674,"TCGA-HNSC","KNL1",0.00531442490620493,-0.273710877806578,0.787662218944496
"925",12675,"TCGA-HNSC","KNTC1",0.0328350495526696,-1.23595919219045,0.239273766421391
"926",12676,"TCGA-HNSC","KPNA2",0.0317019112842712,-1.72761350288147,0.103089344823548
"927",12677,"TCGA-HNSC","KPNB1",0.0109225729148629,-0.557139567360943,0.587229755693088
"928",12678,"TCGA-HNSC","KRAS",0.00809150773448775,-0.575472450457332,0.574115851343855
"929",12679,"TCGA-HNSC","KRI1",0.0223230012698412,-1.42021177532729,0.180908326069222
"930",12680,"TCGA-HNSC","KRR1",0.018438833001443,-1.22027567300045,0.244061752577449
"931",12681,"TCGA-HNSC","KRT18",0.0247467952380952,-1.51587780885579,0.152528416339719
"932",12682,"TCGA-HNSC","KTI12",0.0168470529004329,-1.17627636810877,0.258646042688974
"933",12683,"TCGA-HNSC","LAMTOR2",0.048018251976912,-2.04882517718929,0.0622316546476179
"934",12684,"TCGA-HNSC","LAMTOR3",0.0398632221789322,-1.89861175910273,0.0784765790457766
"935",12685,"TCGA-HNSC","LAMTOR4",0.0388867567388167,-2.07619641720468,0.0584785165435649
"936",12686,"TCGA-HNSC","LARP1",0.0221963608658009,-0.929501632861449,0.36833712017984
"937",12687,"TCGA-HNSC","LARP7",0.0302902978354979,-2.11041264324109,0.0482606608114794
"938",12688,"TCGA-HNSC","LARS1",0.00972928386724381,-0.824507787847358,0.425290794554164
"939",12689,"TCGA-HNSC","LARS2",0.0288175146608947,-1.52245812131353,0.149505677182664
"940",12690,"TCGA-HNSC","LAS1L",0.0190605653391053,-1.23940044815332,0.237763423716755
"941",12691,"TCGA-HNSC","LCE2B",0.021619278932179,-2.60972114207059,0.0187086392607559
"942",12692,"TCGA-HNSC","LCMT1",0.0294329149062049,-1.85117541913073,0.0878248200205734
"943",12693,"TCGA-HNSC","LDB1",0.0238925806782107,-1.10640625432438,0.286681633412227
"944",12694,"TCGA-HNSC","LDLR",0.0397830489177489,-2.33372591081427,0.0345372414217839
"945",12695,"TCGA-HNSC","LEMD2",0.0745616557864358,-1.82153405893503,0.0932824221460332
"946",12696,"TCGA-HNSC","LETM1",0.00895307093795095,-0.56240482354836,0.582742980454943
"947",12697,"TCGA-HNSC","LIAS",0.0271067438383839,-1.39659186857281,0.186349966135912
"948",12698,"TCGA-HNSC","LIG1",0.0323894511976912,-0.985880431100253,0.342724545895311
"949",12699,"TCGA-HNSC","LIN54",0.0191768878210679,-1.25203438123827,0.230566302040338
"950",12700,"TCGA-HNSC","LIPT1",0.0253850913564213,-2.51499962094296,0.0228666745985018
"951",12701,"TCGA-HNSC","LMNA",0.0198704969841269,-1.26612725603689,0.227895115707391
"952",12702,"TCGA-HNSC","LMNB1",0.0215269283694084,-1.09518030589862,0.293848066813777
"953",12703,"TCGA-HNSC","LONP1",0.0136486712554112,-0.77016529086181,0.454480530257124
"954",12704,"TCGA-HNSC","LRP8",0.0270185019624819,-1.37231981687944,0.19003987315552
"955",12705,"TCGA-HNSC","LRPPRC",0.0129792204761905,-1.12340275409215,0.282611125624696
"956",12706,"TCGA-HNSC","LRR1",0.000164716017315991,-0.0120570857430162,0.990568594574145
"957",12707,"TCGA-HNSC","LSG1",0.0141497537518038,-0.856829528877409,0.407699604058882
"958",12708,"TCGA-HNSC","LSM11",0.0270352322222223,-1.99157664981419,0.0664153132533375
"959",12709,"TCGA-HNSC","LSM2",-0.00372187448773448,0.185022257753351,0.856377778963996
"960",12710,"TCGA-HNSC","LSM3",0.00357082189033198,-0.336549621527988,0.74070332694223
"961",12711,"TCGA-HNSC","LSM4",-0.000401494098124067,0.0272382052377862,0.978663577904033
"962",12712,"TCGA-HNSC","LSM5",0.00626328298701295,-0.302291657142563,0.767127440745218
"963",12713,"TCGA-HNSC","LSM6",0.0342666644011543,-2.29533944586593,0.0367214618654815
"964",12714,"TCGA-HNSC","LSM7",0.0133341943578643,-0.966421462738436,0.35290528129925
"965",12715,"TCGA-HNSC","LSM8",-0.00551168649350647,0.259481829873064,0.799205333220812
"966",12716,"TCGA-HNSC","LTO1",-0.0128012885569985,0.784221415257745,0.443218133760634
"967",12717,"TCGA-HNSC","LUC7L2",0.0481164518470418,-1.72378355642766,0.1091586072893
"968",12718,"TCGA-HNSC","LUC7L3",0.0139610197546898,-1.42732652799001,0.170005021629255
"969",12719,"TCGA-HNSC","LYRM4",0.0217145804761905,-1.40703112794606,0.183649057040942
"970",12720,"TCGA-HNSC","MAD2L1",-0.00812254711399718,0.663708113290034,0.519051767290072
"971",12721,"TCGA-HNSC","MAD2L1BP",0.0473722902886002,-2.06052007419552,0.0604927049681615
"972",12722,"TCGA-HNSC","MAD2L2",0.0312023778932179,-1.8809254741518,0.0779234860579264
"973",12723,"TCGA-HNSC","MAEA",0.0512061562049062,-2.09251793251831,0.0571814734123443
"974",12724,"TCGA-HNSC","MAGOH",0.0312096611976912,-1.43556655102855,0.177294608693363
"975",12725,"TCGA-HNSC","MAK16",0.00447587041847042,-0.338528643064317,0.740741342940682
"976",12726,"TCGA-HNSC","MALSU1",0.0347627434632034,-2.34005602720953,0.0351183409176011
"977",12727,"TCGA-HNSC","MANF",0.0295171288744589,-1.88092899764061,0.0761235219956244
"978",12728,"TCGA-HNSC","MAP3K7",0.0413998025974026,-1.71953400162597,0.110503465276833
"979",12729,"TCGA-HNSC","MAP4K4",0.0476690279220779,-1.672581105118,0.117591674932688
"980",12730,"TCGA-HNSC","MAPK1",0.0247510335497836,-1.4920241860548,0.158143001707889
"981",12731,"TCGA-HNSC","MAPK14",0.0332816675613276,-1.83844246197096,0.086873301379428
"982",12732,"TCGA-HNSC","MARCHF5",0.0293756627128428,-1.32043364132399,0.210586830025441
"983",12733,"TCGA-HNSC","MARK2",0.0211472556132757,-1.06918897192702,0.304092304085131
"984",12734,"TCGA-HNSC","MARS1",0.0100042546897547,-1.05910678007773,0.301409503922667
"985",12735,"TCGA-HNSC","MARS2",0.0119596815584416,-0.793507598836803,0.436462645713679
"986",12736,"TCGA-HNSC","MASTL",0.0210538674747475,-1.4694043939598,0.165934151539017
"987",12737,"TCGA-HNSC","MAT2A",-0.0162398957720058,0.859182759939526,0.406025984677927
"988",12738,"TCGA-HNSC","MAU2",-0.0162553588455989,0.495559393392458,0.630150259201609
"989",12739,"TCGA-HNSC","MAX",0.019163007056277,-1.2545657814066,0.231078845276341
"990",12740,"TCGA-HNSC","MBNL1",0.0362318204329004,-2.35788399981479,0.0347983532637476
"991",12741,"TCGA-HNSC","MBTPS1",0.0341117389466089,-3.94225791960946,0.000719396787302177
"992",12742,"TCGA-HNSC","MBTPS2",0.0416796832323232,-1.39419078159595,0.186944985524584
"993",12743,"TCGA-HNSC","MCL1",0.0427900678787879,-2.02660257512854,0.0607812046572295
"994",12744,"TCGA-HNSC","MCM2",0.026139637085137,-2.23481660650753,0.0425271797127703
"995",12745,"TCGA-HNSC","MCM3",0.0281272572294372,-1.73466665894298,0.104866231134133
"996",12746,"TCGA-HNSC","MCM3AP",0.00472612064935063,-0.423909842381487,0.677873070272749
"997",12747,"TCGA-HNSC","MCM4",0.0339940684271284,-2.78468384554751,0.0152573917842599
"998",12748,"TCGA-HNSC","MCM5",0.00880017975468983,-0.920791130779222,0.369900432899363
"999",12749,"TCGA-HNSC","MCM6",0.0251386146753246,-2.15707104768019,0.0490017815547231
"1000",12750,"TCGA-HNSC","MCM7",0.00545072982683986,-0.542857731714585,0.594676308511126
"1001",12751,"TCGA-HNSC","MCMBP",0.012708272063492,-0.707717434163977,0.489568675444184
"1002",12752,"TCGA-HNSC","MDM2",0.0318467373737374,-0.660718541666195,0.521052101623021
"1003",12753,"TCGA-HNSC","MDM4",0.013459856969697,-0.708094208082295,0.490510921773389
"1004",12754,"TCGA-HNSC","MDN1",0.0338204476911976,-3.27930080416307,0.00400178168301114
"1005",12755,"TCGA-HNSC","MEAF6",0.0229889186435787,-1.33016084767903,0.204206689036543
"1006",12756,"TCGA-HNSC","MED1",0.0331422920057719,-2.03797931894318,0.06050882775329
"1007",12757,"TCGA-HNSC","MED10",0.0291906446031747,-1.53568908162581,0.148135890632222
"1008",12758,"TCGA-HNSC","MED11",-0.00253180822510823,0.1071903443369,0.916186463091199
"1009",12759,"TCGA-HNSC","MED12",0.027774583073593,-2.34136577241863,0.0351173891193054
"1010",12760,"TCGA-HNSC","MED13",0.0305963742857143,-1.50983244178196,0.154568785615335
"1011",12761,"TCGA-HNSC","MED14",-0.0195124921645021,1.40741694543414,0.180221194226914
"1012",12762,"TCGA-HNSC","MED15",0.0320101638239538,-2.25312901310759,0.0384119142119494
"1013",12763,"TCGA-HNSC","MED16",0.0192627923809524,-0.659871360372693,0.521037308290478
"1014",12764,"TCGA-HNSC","MED17",0.00380700896103892,-0.223616960200713,0.825989213448152
"1015",12765,"TCGA-HNSC","MED18",0.0134205862626262,-0.600959963111338,0.557062108706369
"1016",12766,"TCGA-HNSC","MED19",0.0413284808225108,-1.19082845594602,0.255488280487918
"1017",12767,"TCGA-HNSC","MED23",0.0260504140115441,-1.49024532098068,0.157731621434849
"1018",12768,"TCGA-HNSC","MED24",0.0176451395382395,-0.770300528165336,0.450927585630287
"1019",12769,"TCGA-HNSC","MED25",0.0423663986580086,-1.75382256152926,0.0995484700580033
"1020",12770,"TCGA-HNSC","MED26",0.0303792449062049,-1.25808304000044,0.231498369079572
"1021",12771,"TCGA-HNSC","MED28",0.0102084136796536,-0.481062928850613,0.639110331745242
"1022",12772,"TCGA-HNSC","MED30",-0.00982461506493504,0.268148136426173,0.79337914357048
"1023",12773,"TCGA-HNSC","MED31",-0.000798738311688307,0.0462682141307376,0.963874908508052
"1024",12774,"TCGA-HNSC","MED4",0.00454507728715736,-0.23939358994717,0.814710545391375
"1025",12775,"TCGA-HNSC","MED6",-0.0101930782683983,0.643842757345215,0.530244643277281
"1026",12776,"TCGA-HNSC","MED7",0.0175616355988456,-1.40781282613183,0.176008694722737
"1027",12777,"TCGA-HNSC","MED8",-0.0168070629004329,0.790310735301452,0.442976200817649
"1028",12778,"TCGA-HNSC","MEF2C",0.0258513635497836,-1.66830494842181,0.114930097714189
"1029",12779,"TCGA-HNSC","MEMO1",0.034350404877345,-1.8275359400271,0.0848314166601337
"1030",12780,"TCGA-HNSC","MEN1",0.018337236926407,-0.639498171616039,0.53293452050141
"1031",12781,"TCGA-HNSC","MEPCE",0.0233672143722944,-1.0177264578287,0.328071784013365
"1032",12782,"TCGA-HNSC","METAP1",0.0315624907070707,-1.55332840247099,0.144369191743499
"1033",12783,"TCGA-HNSC","METAP2",0.036580912020202,-1.64191864615276,0.125962884909657
"1034",12784,"TCGA-HNSC","METTL1",0.0523337284415585,-2.1441782814469,0.0504774535437653
"1035",12785,"TCGA-HNSC","METTL14",0.0137388692207793,-1.07196908657762,0.301470302989645
"1036",12786,"TCGA-HNSC","METTL16",0.0365469136940838,-1.88097013652194,0.0839793072431075
"1037",12787,"TCGA-HNSC","METTL17",0.0253918648340548,-2.0717575656289,0.0577731085727332
"1038",12788,"TCGA-HNSC","METTL3",0.0226734058152958,-0.908268662415612,0.378841638349972
"1039",12789,"TCGA-HNSC","MFAP1",0.0117242714285715,-0.829747488165812,0.421067793715322
"1040",12790,"TCGA-HNSC","MFN2",0.0118485026118326,-0.680875541669094,0.506351980630736
"1041",12791,"TCGA-HNSC","MGAT1",0.0319581107503607,-1.58310969708483,0.138498843443455
"1042",12792,"TCGA-HNSC","MIB1",0.030453556998557,-2.63012807159527,0.0187066508292308
"1043",12793,"TCGA-HNSC","MICOS10",0.0427330341558442,-1.30265708720431,0.218991486880809
"1044",12794,"TCGA-HNSC","MIOS",0.0226109314141414,-1.33660340583218,0.203244690403973
"1045",12795,"TCGA-HNSC","MIPEP",0.0621191448340549,-2.08086894485278,0.059398235809382
"1046",12796,"TCGA-HNSC","MIS12",-0.00378687499278496,0.233076072450239,0.818605341862119
"1047",12797,"TCGA-HNSC","MIS18A",-0.0246623431168832,1.3708099041581,0.191198160682094
"1048",12798,"TCGA-HNSC","MIS18BP1",0.00295072744588754,-0.117424524259302,0.908364589097982
"1049",12799,"TCGA-HNSC","MLST8",0.0212382945887446,-1.14296861086355,0.27191495214879
"1050",12800,"TCGA-HNSC","MMGT1",0.0315550008369408,-1.38052944126435,0.190872688377095
"1051",12801,"TCGA-HNSC","MMS19",0.00887637633477634,-0.569923546771933,0.578681112118735
"1052",12802,"TCGA-HNSC","MMS22L",0.00155481370851374,-0.150079682282177,0.882456359391536
"1053",12803,"TCGA-HNSC","MNAT1",0.0482901311255411,-1.64007078869031,0.12389199788373
"1054",12804,"TCGA-HNSC","MNT",0.0491005053246754,-2.75159125355111,0.0150156976350337
"1055",12805,"TCGA-HNSC","MOCS3",0.0311263021212121,-2.30096196717345,0.0377506687330016
"1056",12806,"TCGA-HNSC","MON2",0.0144573184126985,-1.05333925360663,0.308944160912318
"1057",12807,"TCGA-HNSC","MORF4L1",0.038933103001443,-1.6227938287964,0.129058971899337
"1058",12808,"TCGA-HNSC","MPHOSPH10",0.028243377113997,-2.14749778427881,0.0507874722850259
"1059",12809,"TCGA-HNSC","MRE11",0.00652011431457433,-0.338329765653944,0.740556229044392
"1060",12810,"TCGA-HNSC","MRGBP",0.0309167211976912,-1.47907456451287,0.163114754866993
"1061",12811,"TCGA-HNSC","MRM2",0.0410151588167388,-2.22634325104783,0.0447399977915546
"1062",12812,"TCGA-HNSC","MRM3",0.0315531512987014,-2.07502894654203,0.0527736909878503
"1063",12813,"TCGA-HNSC","MRPL10",0.0110395658152959,-0.875497421011264,0.395951574723699
"1064",12814,"TCGA-HNSC","MRPL12",0.022372009004329,-1.39385758060627,0.183828469119759
"1065",12815,"TCGA-HNSC","MRPL13",0.0297661283261184,-1.82742627346712,0.0873260761559277
"1066",12816,"TCGA-HNSC","MRPL15",0.0300715024819624,-1.2309748515525,0.237668345794975
"1067",12817,"TCGA-HNSC","MRPL16",0.0373057178499279,-2.16883889346184,0.0456612410243422
"1068",12818,"TCGA-HNSC","MRPL18",0.0140623299134199,-1.13031124782248,0.276331122902401
"1069",12819,"TCGA-HNSC","MRPL2",0.01469480992785,-0.957062949627495,0.352451569237973
"1070",12820,"TCGA-HNSC","MRPL20",0.0272812724963925,-1.58555086530863,0.133275422717767
"1071",12821,"TCGA-HNSC","MRPL22",0.0218071786580086,-0.95530077805784,0.353819447498632
"1072",12822,"TCGA-HNSC","MRPL23",0.0334759056132756,-2.31439779066891,0.0354626725516359
"1073",12823,"TCGA-HNSC","MRPL24",0.028180158946609,-1.75480370340636,0.10119787858241
"1074",12824,"TCGA-HNSC","MRPL27",0.024963781010101,-1.94015424628397,0.0705258705023956
"1075",12825,"TCGA-HNSC","MRPL28",0.0122025822510822,-0.663016701733544,0.516016695762354
"1076",12826,"TCGA-HNSC","MRPL3",0.0350493258730158,-1.4632938919118,0.164375762921207
"1077",12827,"TCGA-HNSC","MRPL32",0.0270063222655123,-1.64104886209221,0.123657241315443
"1078",12828,"TCGA-HNSC","MRPL34",0.0158158586147187,-1.44037635739563,0.167121031051974
"1079",12829,"TCGA-HNSC","MRPL35",0.0357002444155844,-2.23188768152626,0.0406565067996488
"1080",12830,"TCGA-HNSC","MRPL36",0.0297017765367965,-2.36897545502764,0.0318473748591311
"1081",12831,"TCGA-HNSC","MRPL41",0.00790822126984125,-1.03884789012834,0.30922579434766
"1082",12832,"TCGA-HNSC","MRPL43",0.0204477903174604,-2.34395592933897,0.0289754681487128
"1083",12833,"TCGA-HNSC","MRPL44",0.00600093688311698,-0.95324929265308,0.344955768423263
"1084",12834,"TCGA-HNSC","MRPL47",0.0158836445165945,-1.16323822302612,0.263129871958906
"1085",12835,"TCGA-HNSC","MRPL51",0.03227166001443,-2.63330775980035,0.0190437355321015
"1086",12836,"TCGA-HNSC","MRPL55",0.017904522020202,-1.61825443741685,0.124914578387524
"1087",12837,"TCGA-HNSC","MRPL57",0.0183527979509379,-1.90587961436712,0.0770351787713281
"1088",12838,"TCGA-HNSC","MRPL58",0.0308816403030303,-2.26876728355381,0.0370002054086455
"1089",12839,"TCGA-HNSC","MRPL9",0.00388257962481953,-0.459113059554848,0.650747023299982
"1090",12840,"TCGA-HNSC","MRPS11",0.037630621096681,-3.00883069555461,0.00768836751898726
"1091",12841,"TCGA-HNSC","MRPS12",0.0283907933189033,-2.52193208178809,0.022748847542751
"1092",12842,"TCGA-HNSC","MRPS14",0.0106434894660895,-0.595124778003694,0.559440442141995
"1093",12843,"TCGA-HNSC","MRPS16",0.0234998391774892,-2.20068712184898,0.0430535220171616
"1094",12844,"TCGA-HNSC","MRPS17",0.032892308080808,-1.49505215445438,0.155176151850334
"1095",12845,"TCGA-HNSC","MRPS18B",0.00960123995671003,-0.733074979977834,0.475967609024215
"1096",12846,"TCGA-HNSC","MRPS18C",0.0336424277633477,-2.2110152005041,0.0403143807584154
"1097",12847,"TCGA-HNSC","MRPS2",0.0270409913564214,-1.3292096349263,0.204938647249502
"1098",12848,"TCGA-HNSC","MRPS21",0.0140465192640693,-1.4339778644476,0.168760315741127
"1099",12849,"TCGA-HNSC","MRPS24",0.0215490908080809,-1.08057181202512,0.299341400305279
"1100",12850,"TCGA-HNSC","MRPS27",0.0212929255988455,-2.21433101726114,0.0415356653363296
"1101",12851,"TCGA-HNSC","MRPS30",0.0212105096248196,-1.35086368167879,0.194726987429767
"1102",12852,"TCGA-HNSC","MRPS34",0.011357315137085,-1.29378216475595,0.208983156633626
"1103",12853,"TCGA-HNSC","MRPS5",0.0212686696248197,-1.60062185655159,0.131526173499962
"1104",12854,"TCGA-HNSC","MRPS6",0.0246583005916307,-2.12709257412791,0.0483534489719526
"1105",12855,"TCGA-HNSC","MRPS7",0.0169376143145743,-0.796040846155157,0.438359202632087
"1106",12856,"TCGA-HNSC","MRTO4",0.0312928738816739,-2.10457228273237,0.054000381839097
"1107",12857,"TCGA-HNSC","MSL1",0.0304670503318903,-2.08468188674853,0.0547379197474005
"1108",12858,"TCGA-HNSC","MSTO1",-0.0174201114574315,0.588255544124633,0.565033742739066
"1109",12859,"TCGA-HNSC","MT1E",0.0350313993650794,-2.20112308964967,0.0451825493038867
"1110",12860,"TCGA-HNSC","MT2A",0.0356041007215007,-2.26323412967742,0.0398612365606388
"1111",12861,"TCGA-HNSC","MTBP",0.0114448455699856,-0.706333815921534,0.492368148711689
"1112",12862,"TCGA-HNSC","MTCH2",0.0753280606493506,-2.94679110415744,0.0116447173386858
"1113",12863,"TCGA-HNSC","MTERF4",0.0223495464790764,-1.63329792051342,0.127326852694851
"1114",12864,"TCGA-HNSC","MTF1",0.0461659208513708,-2.41578216479086,0.0313163154098489
"1115",12865,"TCGA-HNSC","MTG1",0.0368229531168831,-2.12237767216468,0.0507265558106284
"1116",12866,"TCGA-HNSC","MTG2",0.0184114578643578,-1.90951138578234,0.0718246638953418
"1117",12867,"TCGA-HNSC","MTHFD1",0.0309523928860029,-2.24674927930344,0.0425965741797445
"1118",12868,"TCGA-HNSC","MTOR",0.0070549482106782,-0.42744583574072,0.675918819218517
"1119",12869,"TCGA-HNSC","MTPAP",0.0131191386580086,-0.954497858795073,0.357620548648333
"1120",12870,"TCGA-HNSC","MTREX",0.0272936076767677,-4.10359910267079,0.000613809163615934
"1121",12871,"TCGA-HNSC","MTRF1L",0.0419933767243867,-3.31670101346542,0.00449511139413885
"1122",12872,"TCGA-HNSC","MTX2",0.0328373862914862,-2.10043965663256,0.0518006633338595
"1123",12873,"TCGA-HNSC","MUC20",0.0178028444588745,-1.22790171497659,0.237497193221198
"1124",12874,"TCGA-HNSC","MVD",0.0283336168109668,-1.58922756352827,0.129865245522851
"1125",12875,"TCGA-HNSC","MVK",0.0266310477777778,-1.18532768739302,0.253302737369032
"1126",12876,"TCGA-HNSC","MYB",0.0398690433910533,-2.13931766547178,0.050104606680814
"1127",12877,"TCGA-HNSC","MYBBP1A",0.0426285395238095,-2.06899511377127,0.0580135885101777
"1128",12878,"TCGA-HNSC","MYBL2",0.0345929216305916,-1.49133527298528,0.161543227458888
"1129",12879,"TCGA-HNSC","MYC",-0.0105284712554112,0.993245102464862,0.336058632906517
"1130",12880,"TCGA-HNSC","MYCN",0.0356684662770562,-2.99872822243931,0.00912624711436984
"1131",12881,"TCGA-HNSC","MYH9",0.0174623208658009,-1.6982031934793,0.109073461688742
"1132",12882,"TCGA-HNSC","MZT1",0.0308113216738817,-1.49134592983032,0.162208983300599
"1133",12883,"TCGA-HNSC","N6AMT1",0.017347226046176,-1.22109967650478,0.240126674038125
"1134",12884,"TCGA-HNSC","NAA10",0.00833459923520918,-0.524882634670747,0.607846951695734
"1135",12885,"TCGA-HNSC","NAA15",0.00543391357864353,-0.388878605980364,0.702545029287711
"1136",12886,"TCGA-HNSC","NAA20",0.0216045344877345,-0.943221068886073,0.364207223776168
"1137",12887,"TCGA-HNSC","NAA25",-0.00608924186147186,0.48012194287145,0.638117616936596
"1138",12888,"TCGA-HNSC","NAA35",0.0375611246320346,-1.16653220918511,0.265120455281253
"1139",12889,"TCGA-HNSC","NAA50",0.00876602536796534,-0.51543805063483,0.61485538271996
"1140",12890,"TCGA-HNSC","NACA",0.00669736613275618,-0.365019006945991,0.721091875305892
"1141",12891,"TCGA-HNSC","NAE1",0.0312846627417027,-1.83262279378628,0.0903166067989514
"1142",12892,"TCGA-HNSC","NAMPT",0.0193942283982684,-1.46805672384558,0.154653429584697
"1143",12893,"TCGA-HNSC","NAPA",0.0284366044877346,-1.96951986791094,0.0721978430461244
"1144",12894,"TCGA-HNSC","NAPG",0.0504470781529582,-2.13531240858357,0.0534064050671222
"1145",12895,"TCGA-HNSC","NARS1",0.0125049381096681,-0.796894991075474,0.437302369499033
"1146",12896,"TCGA-HNSC","NARS2",0.0355842150937951,-1.92019687096695,0.0748070649228402
"1147",12897,"TCGA-HNSC","NAT10",0.0141749689033189,-1.02164063830891,0.324933709490158
"1148",12898,"TCGA-HNSC","NBAS",0.027898592034632,-1.66974150956443,0.116318281483708
"1149",12899,"TCGA-HNSC","NCAPD2",0.00549636656565655,-0.452505815354903,0.657092996622805
"1150",12900,"TCGA-HNSC","NCAPD3",0.0087906003463204,-0.497123588929119,0.626726808599334
"1151",12901,"TCGA-HNSC","NCAPG",-0.00527784683982691,0.453958011856082,0.657023157213189
"1152",12902,"TCGA-HNSC","NCAPG2",0.018115280894661,-0.97473400104675,0.346226571368015
"1153",12903,"TCGA-HNSC","NCAPH2",0.0254490902453103,-1.75132832956268,0.100341068804052
"1154",12904,"TCGA-HNSC","NCBP1",0.0271279148629149,-1.2216373124955,0.243217201725332
"1155",12905,"TCGA-HNSC","NCBP2",0.0121009101587302,-0.647808592175568,0.528099016480873
"1156",12906,"TCGA-HNSC","NCKAP1",0.0193361105050505,-1.27971440780666,0.21881307259831
"1157",12907,"TCGA-HNSC","NCL",0.0408051263492064,-1.81261211054753,0.0944968515556803
"1158",12908,"TCGA-HNSC","NCOA4",0.0237121960750361,-1.19452096567934,0.244368087457298
"1159",12909,"TCGA-HNSC","NDC1",0.016488653059163,-0.577743816729823,0.574177937800448
"1160",12910,"TCGA-HNSC","NDC80",0.0019973457431457,-0.187888946339901,0.853750454038115
"1161",12911,"TCGA-HNSC","NDE1",-0.0130831034920635,0.357811653187257,0.726988700551471
"1162",12912,"TCGA-HNSC","NDOR1",0.0276124026984127,-1.63447999759097,0.126124470519994
"1163",12913,"TCGA-HNSC","NDUFA1",0.0331454555555556,-2.66000874126349,0.0183570005529103
"1164",12914,"TCGA-HNSC","NDUFA10",0.0311563275180374,-2.36069499374777,0.0334674428553638
"1165",12915,"TCGA-HNSC","NDUFA11",0.0272950864213565,-2.2329798844806,0.0423252876670092
"1166",12916,"TCGA-HNSC","NDUFA2",0.0267890545310245,-1.94881756483646,0.0729077523871258
"1167",12917,"TCGA-HNSC","NDUFA3",0.0350590534776335,-2.60642677728541,0.020900136012932
"1168",12918,"TCGA-HNSC","NDUFA4",0.028046223968254,-2.11675181829776,0.0539002275291523
"1169",12919,"TCGA-HNSC","NDUFA6",0.0331697383982684,-2.86785673078085,0.011660440057007
"1170",12920,"TCGA-HNSC","NDUFA8",0.0366127190187591,-3.15859944342509,0.00597512543951413
"1171",12921,"TCGA-HNSC","NDUFA9",0.0153905274170274,-1.28507776030431,0.221107928111133
"1172",12922,"TCGA-HNSC","NDUFAB1",0.0178898232756132,-1.22554586637119,0.242831650360065
"1173",12923,"TCGA-HNSC","NDUFAF1",0.0217422598989899,-2.14584007056086,0.0503109407865016
"1174",12924,"TCGA-HNSC","NDUFAF3",0.0344956933189033,-2.7565676707828,0.0154860953499454
"1175",12925,"TCGA-HNSC","NDUFAF4",0.0260103194660894,-2.03951726603375,0.0620607523753605
"1176",12926,"TCGA-HNSC","NDUFAF6",0.0251994998556998,-2.45047765938292,0.0258919321330224
"1177",12927,"TCGA-HNSC","NDUFAF7",0.0189031937518037,-1.75878839863508,0.101788717067445
"1178",12928,"TCGA-HNSC","NDUFAF8",0.0576116380952382,-1.14821897647026,0.276417286245574
"1179",12929,"TCGA-HNSC","NDUFB10",0.0285549646176045,-2.2972610723845,0.0391127560474478
"1180",12930,"TCGA-HNSC","NDUFB11",0.037809066940837,-2.93468599724006,0.0109536428292988
"1181",12931,"TCGA-HNSC","NDUFB2",0.0337903894949495,-2.58007876796447,0.0216522886011856
"1182",12932,"TCGA-HNSC","NDUFB3",0.0256154900721501,-2.1165494306478,0.0536355002935171
"1183",12933,"TCGA-HNSC","NDUFB4",0.0312340954689755,-2.25425951854152,0.0415782446604463
"1184",12934,"TCGA-HNSC","NDUFB6",0.0350284092784993,-2.73819502771164,0.0159708340607195
"1185",12935,"TCGA-HNSC","NDUFB7",0.0291093363059163,-2.12480507596327,0.0521971918439759
"1186",12936,"TCGA-HNSC","NDUFB8",0.0209699277200577,-1.54841422703997,0.14465311654856
"1187",12937,"TCGA-HNSC","NDUFB9",0.0318742356709957,-2.92434336347077,0.0101005461597383
"1188",12938,"TCGA-HNSC","NDUFC1",0.0317104504906205,-2.3242041149509,0.0354599219887545
"1189",12939,"TCGA-HNSC","NDUFC2",0.0296056447041847,-2.46322203783785,0.0275556990004051
"1190",12940,"TCGA-HNSC","NDUFS1",0.0331075131746031,-1.69911473467553,0.111662050192176
"1191",12941,"TCGA-HNSC","NDUFS2",0.0315669990764791,-3.0162718277986,0.00826955584428461
"1192",12942,"TCGA-HNSC","NDUFS3",0.0326498546608947,-3.42255294372071,0.00295291640647848
"1193",12943,"TCGA-HNSC","NDUFS5",0.030142857950938,-2.30485970735071,0.0386702351109747
"1194",12944,"TCGA-HNSC","NDUFS7",0.0255579263347763,-1.99717316365468,0.0678442266125666
"1195",12945,"TCGA-HNSC","NDUFS8",0.021867466998557,-2.65301436256327,0.0184661068622102
"1196",12946,"TCGA-HNSC","NDUFV2",0.0233048116450216,-1.59977566919284,0.131551559421367
"1197",12947,"TCGA-HNSC","NEDD1",0.00426897842712848,-0.172390968466921,0.866163726952952
"1198",12948,"TCGA-HNSC","NEDD8",0.00142695115440117,-0.0994968647691632,0.921925866432692
"1199",12949,"TCGA-HNSC","NELFA",0.0151866099134199,-1.53317321308039,0.145719197714492
"1200",12950,"TCGA-HNSC","NELFB",0.031602477965368,-1.98989773882171,0.066363873650261
"1201",12951,"TCGA-HNSC","NELFCD",0.0278315332323233,-1.99563651775095,0.0676357095952275
"1202",12952,"TCGA-HNSC","NEPRO",0.0118432035930737,-0.401846934594354,0.693986503286119
"1203",12953,"TCGA-HNSC","NF1",0.0344356843145743,-2.77663190239567,0.013742158309615
"1204",12954,"TCGA-HNSC","NF2",0.0228772525829727,-1.54260689069442,0.141789476747275
"1205",12955,"TCGA-HNSC","NFE2L2",0.0250827913708513,-1.64773610719844,0.120920203922119
"1206",12956,"TCGA-HNSC","NFRKB",0.0460314976479076,-2.25690086026001,0.0435924957936774
"1207",12957,"TCGA-HNSC","NFS1",-0.0104908077922078,0.658719891081501,0.521955255854538
"1208",12958,"TCGA-HNSC","NFYB",0.025894296984127,-1.62981199855278,0.124770902834198
"1209",12959,"TCGA-HNSC","NFYC",0.0124013636796537,-0.825071079455475,0.422589903099448
"1210",12960,"TCGA-HNSC","NGLY1",0.00754376073593077,-0.891613538357132,0.382265757881101
"1211",12961,"TCGA-HNSC","NHP2",0.0350403727417027,-1.51666536392337,0.154798748826636
"1212",12962,"TCGA-HNSC","NIFK",0.0112534116594516,-0.966268683261319,0.35079696555575
"1213",12963,"TCGA-HNSC","NIP7",-0.005863825007215,0.511783344634543,0.615417857171332
"1214",12964,"TCGA-HNSC","NIPBL",0.0221643854834055,-1.92509001895699,0.0699191938222339
"1215",12965,"TCGA-HNSC","NKAP",0.0239386278354978,-0.906200821896377,0.382262372016536
"1216",12966,"TCGA-HNSC","NMD3",0.0292869092784993,-1.94803778980513,0.0728767670368162
"1217",12967,"TCGA-HNSC","NMNAT1",0.0510292436219336,-2.38938937971059,0.032381450735846
"1218",12968,"TCGA-HNSC","NMT1",0.00384942613275607,-0.174083476909457,0.864564013154948
"1219",12969,"TCGA-HNSC","NOA1",0.0456835235786437,-2.1652380218555,0.0473672160477145
"1220",12970,"TCGA-HNSC","NOB1",0.014016683997114,-0.711528889119817,0.488143499897574
"1221",12971,"TCGA-HNSC","NOC3L",0.0366770813708513,-2.19097688418619,0.0475436046218981
"1222",12972,"TCGA-HNSC","NOC4L",0.0176974432178932,-1.38285451497569,0.185459011162974
"1223",12973,"TCGA-HNSC","NOL10",0.00631212194805186,-0.750051488591512,0.466869958331345
"1224",12974,"TCGA-HNSC","NOL6",0.0248375734487735,-1.94005825332962,0.0742561519778437
"1225",12975,"TCGA-HNSC","NOL8",0.0288418421933622,-1.62733689984868,0.128410458307911
"1226",12976,"TCGA-HNSC","NOL9",0.0228144395526695,-1.18537820678673,0.25319058198222
"1227",12977,"TCGA-HNSC","NOLC1",0.0402442713997114,-2.24417316128682,0.0418071131008075
"1228",12978,"TCGA-HNSC","NOM1",0.0301331633044732,-1.50185382873045,0.157013055628536
"1229",12979,"TCGA-HNSC","NONO",0.0491032226695527,-2.11779918404048,0.0532840599411018
"1230",12980,"TCGA-HNSC","NOP10",0.0205403552813853,-1.23918729875199,0.236484105570913
"1231",12981,"TCGA-HNSC","NOP14",0.017389503982684,-1.55566044796496,0.144440860229154
"1232",12982,"TCGA-HNSC","NOP16",0.0287153208946609,-2.85932730729552,0.00791730247749752
"1233",12983,"TCGA-HNSC","NOP2",0.0306503547041846,-2.35978229482619,0.0363007684639753
"1234",12984,"TCGA-HNSC","NOP56",0.0120502152813853,-0.959884556430197,0.355229314613678
"1235",12985,"TCGA-HNSC","NOP58",0.0046413614141414,-0.438324518620305,0.668548814404464
"1236",12986,"TCGA-HNSC","NOP9",0.0195060815151515,-1.56520892912212,0.140931782847967
"1237",12987,"TCGA-HNSC","NPAT",0.0163881568398268,-2.19030894934566,0.0431541531845025
"1238",12988,"TCGA-HNSC","NPEPPS",0.0131996507792207,-0.805730110722097,0.435615500712561
"1239",12989,"TCGA-HNSC","NPLOC4",0.0232207297113997,-1.2131938782783,0.247666991056609
"1240",12990,"TCGA-HNSC","NPM1",0.0315430812265513,-1.09070264072187,0.297701105115997
"1241",12991,"TCGA-HNSC","NRAS",0.0123093484126984,-1.10403297990723,0.283417976117551
"1242",12992,"TCGA-HNSC","NRBP1",-0.0207896283405483,0.889995551737915,0.389482084646042
"1243",12993,"TCGA-HNSC","NRDE2",0.0338353801587301,-1.97809029286042,0.0686333578722986
"1244",12994,"TCGA-HNSC","NRF1",0.021052125079365,-1.38385437833318,0.190261247259159
"1245",12995,"TCGA-HNSC","NSA2",0.0245264456421356,-2.22403536907904,0.0428441447841265
"1246",12996,"TCGA-HNSC","NSF",0.0194704944300144,-1.33360310333522,0.198991507696846
"1247",12997,"TCGA-HNSC","NSL1",0.00134273556998554,-0.180207388552837,0.858100412664948
"1248",12998,"TCGA-HNSC","NSMCE1",0.00363372129870132,-0.245552024897587,0.809181322133731
"1249",12999,"TCGA-HNSC","NSMCE2",0.00897683046176045,-0.470628532643674,0.645628767418757
"1250",13000,"TCGA-HNSC","NSMCE3",0.0026841706926406,-0.22089618673147,0.828140355888885
"1251",13001,"TCGA-HNSC","NSMCE4A",-0.0011025783549784,0.0831537157764632,0.934938628531973
"1252",13002,"TCGA-HNSC","NSUN4",0.0141801728571429,-1.22827146334793,0.238069331828684
"1253",13003,"TCGA-HNSC","NUBP1",0.000550888210678169,-0.0389602509381193,0.969569538011748
"1254",13004,"TCGA-HNSC","NUBP2",0.0255799583838384,-2.05237468314301,0.0579493440300944
"1255",13005,"TCGA-HNSC","NUDC",0.024511214906205,-1.0067142709971,0.332671703264559
"1256",13006,"TCGA-HNSC","NUDCD3",0.0347462943578644,-1.93007411603859,0.0739653065358552
"1257",13007,"TCGA-HNSC","NUDT21",0.00353096093795102,-0.145376247137454,0.8868623301
"1258",13008,"TCGA-HNSC","NUF2",0.00250160487734485,-0.162062711824729,0.873592849021045
"1259",13009,"TCGA-HNSC","NUMA1",0.0631103849494949,-2.12443711098467,0.0548611973474952
"1260",13010,"TCGA-HNSC","NUP107",0.0283453732467532,-1.35242258745749,0.200040932311129
"1261",13011,"TCGA-HNSC","NUP133",-0.0118836404040403,1.18078498864826,0.252152783247846
"1262",13012,"TCGA-HNSC","NUP153",0.0213294844300144,-0.650923761673041,0.526432133995615
"1263",13013,"TCGA-HNSC","NUP155",0.0284654109523809,-2.14046188571954,0.0474953543645739
"1264",13014,"TCGA-HNSC","NUP160",0.00883500797979797,-0.796604100038433,0.436502120134962
"1265",13015,"TCGA-HNSC","NUP205",0.014583097041847,-0.755056048279081,0.463014590015588
"1266",13016,"TCGA-HNSC","NUP214",0.0106077359018759,-0.756108839286355,0.462616337624249
"1267",13017,"TCGA-HNSC","NUP35",0.0262772436796537,-0.972071243900698,0.349777573054938
"1268",13018,"TCGA-HNSC","NUP37",0.0346348386868687,-1.52948550004269,0.148964511717489
"1269",13019,"TCGA-HNSC","NUP43",0.0292663788744588,-2.01380375063939,0.0642212457240307
"1270",13020,"TCGA-HNSC","NUP50",0.00564877647907647,-0.410147598822275,0.687058979556635
"1271",13021,"TCGA-HNSC","NUP54",0.00859997852813854,-0.504158966646788,0.622683188394071
"1272",13022,"TCGA-HNSC","NUP58",0.026843487994228,-1.61067957744737,0.13059724314649
"1273",13023,"TCGA-HNSC","NUP62",0.0187111247186147,-1.23969392522728,0.234496529011623
"1274",13024,"TCGA-HNSC","NUP85",-0.000308925339105315,0.0327536281017437,0.974304517108107
"1275",13025,"TCGA-HNSC","NUP88",0.00776880904761901,-0.656449437704871,0.519672025188639
"1276",13026,"TCGA-HNSC","NUP93",0.00472739890331886,-0.231064545107597,0.82140369514014
"1277",13027,"TCGA-HNSC","NUP98",-0.000895506464646423,0.0826680238230816,0.935191121092043
"1278",13028,"TCGA-HNSC","NUS1",0.0172202556565657,-1.09906862543968,0.290807112347777
"1279",13029,"TCGA-HNSC","NUTF2",-0.0290347084126985,1.33648667119533,0.204544162082792
"1280",13030,"TCGA-HNSC","NVL",0.0163142898556999,-1.72622041189356,0.106252607677284
"1281",13031,"TCGA-HNSC","NXF1",0.0108062385281386,-0.775587891153786,0.452397191028079
"1282",13032,"TCGA-HNSC","NXT1",0.0378360977633477,-1.39347979384817,0.188061993064998
"1283",13033,"TCGA-HNSC","OGDH",0.0210635687157288,-1.98723799775974,0.0662546203794885
"1284",13034,"TCGA-HNSC","OGT",-0.002337006002886,0.171835348486739,0.866211103772607
"1285",13035,"TCGA-HNSC","OIP5",0.0133231326262626,-0.471343445782401,0.644926375878311
"1286",13036,"TCGA-HNSC","OPA1",0.0244532865079365,-1.39603137119225,0.182273629065109
"1287",13037,"TCGA-HNSC","ORC1",0.030138027113997,-1.65896157499387,0.121418936818797
"1288",13038,"TCGA-HNSC","ORC3",0.0204400362626262,-0.927174255227836,0.37073867398174
"1289",13039,"TCGA-HNSC","ORC4",0.00369745210678207,-0.368069420741245,0.7170351984585
"1290",13040,"TCGA-HNSC","ORC5",0.04403819991342,-1.72855941759616,0.106325265198354
"1291",13041,"TCGA-HNSC","ORC6",0.0123150430591631,-0.688336007951064,0.5025659282157
"1292",13042,"TCGA-HNSC","OSGEP",-0.00270928069264076,0.231584887635059,0.819666507790762
"1293",13043,"TCGA-HNSC","OST4",0.0213803853246753,-1.27952551577282,0.222959019715598
"1294",13044,"TCGA-HNSC","OSTC",0.0256772991919192,-1.45387230715793,0.168555768797406
"1295",13045,"TCGA-HNSC","OTUD5",0.0278531021933621,-1.66889920335825,0.114319621823696
"1296",13046,"TCGA-HNSC","OXA1L",0.0200404996969697,-1.41309794066212,0.181381968358724
"1297",13047,"TCGA-HNSC","OXSM",0.0370075501154401,-1.64925043316666,0.120758228285428
"1298",13048,"TCGA-HNSC","PABIR1",0.0312578941269841,-1.28158917978892,0.226330567332295
"1299",13049,"TCGA-HNSC","PABPC1",0.0258533032323232,-1.5172990208929,0.154367428783407
"1300",13050,"TCGA-HNSC","PABPN1",0.00892269352092345,-0.510559557993895,0.618575241011089
"1301",13051,"TCGA-HNSC","PAFAH1B1",-0.0275635589033189,1.1971231444715,0.25547513195467
"1302",13052,"TCGA-HNSC","PAGR1",0.0585794552236653,-2.12820629496548,0.0528097158343217
"1303",13053,"TCGA-HNSC","PAICS",0.0342518193362193,-1.52468450981597,0.150628587710296
"1304",13054,"TCGA-HNSC","PAK1IP1",0.00476523386724381,-0.31423080411015,0.758172806199772
"1305",13055,"TCGA-HNSC","PAK2",0.0287432367243867,-1.67419363955332,0.118190196827983
"1306",13056,"TCGA-HNSC","PALB2",0.0282533629292929,-1.84433872116224,0.0868250557982534
"1307",13057,"TCGA-HNSC","PAM16",0.0186632305050505,-1.07927007463099,0.300785019414487
"1308",13058,"TCGA-HNSC","PARD3",0.0311120762337662,-1.91186911432568,0.0765040549785792
"1309",13059,"TCGA-HNSC","PARD6B",0.0122014048051947,-0.712615826855626,0.487626361188614
"1310",13060,"TCGA-HNSC","PARS2",0.0341075200432901,-1.68582803469412,0.115994030767628
"1311",13061,"TCGA-HNSC","PAX8",0.0280170589610389,-2.40423600066452,0.027568882569371
"1312",13062,"TCGA-HNSC","PAXBP1",0.0292809523520923,-1.42568902574701,0.17933026073695
"1313",13063,"TCGA-HNSC","PAXIP1",0.0273645339682539,-1.35681301948494,0.195022853444703
"1314",13064,"TCGA-HNSC","PBRM1",0.0234776365512266,-1.47271273286023,0.163114430346289
"1315",13065,"TCGA-HNSC","PCBP1",0.0268512317316018,-1.23200895446035,0.239994337067408
"1316",13066,"TCGA-HNSC","PCBP2",0.0131950394805195,-0.889281041129387,0.390162919336745
"1317",13067,"TCGA-HNSC","PCF11",0.00631757825396817,-0.36882857046524,0.718712446903185
"1318",13068,"TCGA-HNSC","PCGF1",0.0276767335353536,-1.95574513786515,0.0676363894465577
"1319",13069,"TCGA-HNSC","PCID2",0.0195437323232324,-1.8457952904798,0.0818454250031081
"1320",13070,"TCGA-HNSC","PCM1",0.0479884328715728,-1.61975401526886,0.131370690028116
"1321",13071,"TCGA-HNSC","PCNA",-0.0204288164502164,0.786609658213781,0.443750207324759
"1322",13072,"TCGA-HNSC","PCYT1A",0.00693597610389607,-0.34659492376438,0.734871615647199
"1323",13073,"TCGA-HNSC","PDCD10",0.0317806327849928,-1.15146361529973,0.271212275746345
"1324",13074,"TCGA-HNSC","PDCD11",0.0186353800865801,-1.67567934198216,0.114139418058446
"1325",13075,"TCGA-HNSC","PDCD2",0.0160099816738817,-0.877454402066645,0.395002781112058
"1326",13076,"TCGA-HNSC","PDCD5",0.0339356894083693,-1.44842558406824,0.168981435350037
"1327",13077,"TCGA-HNSC","PDCD6IP",0.0165991902741703,-0.832757498443275,0.419664018518665
"1328",13078,"TCGA-HNSC","PDCD7",0.0530331068297258,-1.4015832216859,0.180753567262531
"1329",13079,"TCGA-HNSC","PDCL",0.051163908051948,-1.96034532489859,0.0717018412247975
"1330",13080,"TCGA-HNSC","PDE12",0.0156384365367965,-1.30086167607482,0.209792952779487
"1331",13081,"TCGA-HNSC","PDE4DIP",0.0453246845598845,-2.32686619375395,0.0352710338837547
"1332",13082,"TCGA-HNSC","PDHA1",0.0444100549206349,-2.51830315949932,0.0265228934790178
"1333",13083,"TCGA-HNSC","PDPK1",0.00902225085137076,-0.68614497849318,0.502182954918859
"1334",13084,"TCGA-HNSC","PDRG1",0.0167579981962481,-1.16181850691026,0.260161579820125
"1335",13085,"TCGA-HNSC","PDS5A",0.0228390555844156,-1.65191874158532,0.118605085124247
"1336",13086,"TCGA-HNSC","PDSS1",0.0285020554689756,-2.29932485010273,0.0377109164471526
"1337",13087,"TCGA-HNSC","PDSS2",0.0279636194083694,-2.17385046104563,0.0480920826172597
"1338",13088,"TCGA-HNSC","PELO",0.0308239719191918,-1.97944596084528,0.067419135164253
"1339",13089,"TCGA-HNSC","PELP1",0.00995747301587302,-0.569561027950859,0.576800956668935
"1340",13090,"TCGA-HNSC","PES1",0.0129778797546898,-0.896978358966028,0.38679075992093
"1341",13091,"TCGA-HNSC","PET117",0.0301378231313132,-2.62892354653994,0.0145468555504579
"1342",13092,"TCGA-HNSC","PEX1",0.0233900071717171,-1.21604049596988,0.239298255333611
"1343",13093,"TCGA-HNSC","PEX6",0.0116064818759019,-0.664863139820596,0.514385455691366
"1344",13094,"TCGA-HNSC","PFAS",0.0572598305916306,-2.5525137107113,0.0221130310647531
"1345",13095,"TCGA-HNSC","PFDN1",0.0147484171717173,-0.730639589458068,0.478115468398884
"1346",13096,"TCGA-HNSC","PFDN2",0.00522628440115436,-0.319596252909921,0.754215263438335
"1347",13097,"TCGA-HNSC","PFDN4",0.0451686338383839,-1.15384288694309,0.269801724738
"1348",13098,"TCGA-HNSC","PFDN5",0.00827479945165943,-0.469276297834487,0.646069472922999
"1349",13099,"TCGA-HNSC","PFDN6",-0.00271408226551217,0.181041719906543,0.85901043089984
"1350",13100,"TCGA-HNSC","PFN1",0.0346832753535354,-1.12271918079185,0.283463600913524
"1351",13101,"TCGA-HNSC","PGD",0.00381727958152955,-0.11538156811332,0.910107828439073
"1352",13102,"TCGA-HNSC","PGGT1B",-0.000846952900432907,0.08094540982071,0.936526580833663
"1353",13103,"TCGA-HNSC","PGK1",0.0154996400865801,-0.997760706156989,0.337053051460335
"1354",13104,"TCGA-HNSC","PGM3",0.0307563690476191,-2.76939352770184,0.0142490818153273
"1355",13105,"TCGA-HNSC","PGP",0.0157579588744589,-0.853293590690503,0.406265320022935
"1356",13106,"TCGA-HNSC","PGS1",0.0196222355555555,-1.70425746321971,0.112234525544256
"1357",13107,"TCGA-HNSC","PHAX",0.0232998771861471,-0.777167846638197,0.451465731912237
"1358",13108,"TCGA-HNSC","PHB2",0.00783447529581538,-0.512140245207642,0.617329842274604
"1359",13109,"TCGA-HNSC","PHF12",0.0276197976767677,-1.79497165169592,0.0973659758160301
"1360",13110,"TCGA-HNSC","PHF5A",-0.0197982848773449,0.642879794088855,0.53103307808919
"1361",13111,"TCGA-HNSC","PI4KA",0.0222108132178932,-1.22354715396883,0.241517112060201
"1362",13112,"TCGA-HNSC","PI4KB",0.0414806595238095,-1.79740366903105,0.0954405106309678
"1363",13113,"TCGA-HNSC","PICALM",0.0196776742424242,-1.40525902748613,0.184042079286303
"1364",13114,"TCGA-HNSC","PIK3C3",0.0316559286147187,-1.63834392855023,0.125961739818804
"1365",13115,"TCGA-HNSC","PIK3CA",0.0230925295526696,-1.79866968538065,0.0933963325028281
"1366",13116,"TCGA-HNSC","PIK3CB",0.0202376281818182,-1.80463272780245,0.0914508353804457
"1367",13117,"TCGA-HNSC","PIK3R1",0.0297828004184704,-1.33248976349098,0.200262609991001
"1368",13118,"TCGA-HNSC","PIK3R4",0.0168213328571428,-0.797201850423382,0.439089064655169
"1369",13119,"TCGA-HNSC","PITRM1",0.0425655243867243,-3.22908324612529,0.00570787502422704
"1370",13120,"TCGA-HNSC","PKM",0.0297533884848484,-2.49034745860954,0.0262883158036134
"1371",13121,"TCGA-HNSC","PKMYT1",0.0286335709523809,-1.03588757662768,0.321919608487892
"1372",13122,"TCGA-HNSC","PKN2",0.0291551627994228,-2.24519213512575,0.0404586692765578
"1373",13123,"TCGA-HNSC","PLK1",-0.0438625878643579,1.30080653055281,0.219919586856182
"1374",13124,"TCGA-HNSC","PLK4",0.0161138915151514,-1.21019428432848,0.243012414722469
"1375",13125,"TCGA-HNSC","PLRG1",0.0116204950649351,-0.586059484225211,0.568040001268701
"1376",13126,"TCGA-HNSC","PMF1",0.00516125073593066,-0.331871846609503,0.744580907186755
"1377",13127,"TCGA-HNSC","PMM2",0.0350432817604618,-2.27056512459082,0.0394397915507914
"1378",13128,"TCGA-HNSC","PMPCA",0.00934116287157294,-0.762175102487935,0.456070914782497
"1379",13129,"TCGA-HNSC","PMPCB",0.00625719329004326,-0.512183530588682,0.614904636221814
"1380",13130,"TCGA-HNSC","PMVK",0.0436170268831169,-2.39022104088171,0.0301227174895164
"1381",13131,"TCGA-HNSC","PNKP",0.0100150196825397,-0.664706095327795,0.517223030161332
"1382",13132,"TCGA-HNSC","PNN",0.0175350372727273,-1.13638366673813,0.274816133564436
"1383",13133,"TCGA-HNSC","PNPT1",0.0269212491630592,-1.33680217386914,0.205806925346001
"1384",13134,"TCGA-HNSC","POC1A",0.0445803336363637,-1.42754661593106,0.1772553554165
"1385",13135,"TCGA-HNSC","POLA1",0.0217014315295815,-1.13599708756411,0.276340719240778
"1386",13136,"TCGA-HNSC","POLA2",0.00343478147186149,-0.252019967292738,0.804658735172896
"1387",13137,"TCGA-HNSC","POLD1",-0.00812006670995674,0.57129950175004,0.577419287231422
"1388",13138,"TCGA-HNSC","POLD2",0.00320025174603178,-0.166952767252802,0.869454631741464
"1389",13139,"TCGA-HNSC","POLD3",0.0183826389033188,-1.20054188628938,0.24847072932939
"1390",13140,"TCGA-HNSC","POLE",0.0159799910966811,-1.64572681086823,0.118840516854123
"1391",13141,"TCGA-HNSC","POLE2",0.0483386724675324,-2.99349269571049,0.00971850810606968
"1392",13142,"TCGA-HNSC","POLE3",0.0243898523520923,-0.905000570160984,0.38087266492704
"1393",13143,"TCGA-HNSC","POLE4",0.0384545695382396,-1.09508971540233,0.294504217490548
"1394",13144,"TCGA-HNSC","POLG",0.0466448095238094,-2.97788150308082,0.00824603520908353
"1395",13145,"TCGA-HNSC","POLG2",0.0370112766233766,-2.15647761874779,0.0488980713157971
"1396",13146,"TCGA-HNSC","POLR1A",0.00275302350649342,-0.294448394330144,0.77214508126717
"1397",13147,"TCGA-HNSC","POLR1B",0.00883980961038966,-0.690138644166153,0.502404309870882
"1398",13148,"TCGA-HNSC","POLR1C",0.0304469725108225,-1.33139360418283,0.208708619106927
"1399",13149,"TCGA-HNSC","POLR1E",0.0394294205483405,-2.06485344368858,0.0591910306366675
"1400",13150,"TCGA-HNSC","POLR1F",0.00434041607503605,-0.287170689102094,0.778231250583611
"1401",13151,"TCGA-HNSC","POLR1H",0.0150379552380953,-0.901387812275787,0.383817464632966
"1402",13152,"TCGA-HNSC","POLR2B",-0.0290370341991342,1.73354645478228,0.10650187637377
"1403",13153,"TCGA-HNSC","POLR2C",-0.0157790926551226,1.59835376037041,0.132402968706218
"1404",13154,"TCGA-HNSC","POLR2D",-0.00022656554112549,0.0210120156734616,0.983541008293659
"1405",13155,"TCGA-HNSC","POLR2E",0.0292401105627705,-1.72180279633738,0.109278951202482
"1406",13156,"TCGA-HNSC","POLR2F",0.00404064705627705,-0.331952685710955,0.745709879494024
"1407",13157,"TCGA-HNSC","POLR2G",0.014610415093795,-0.917419309276107,0.376363354744236
"1408",13158,"TCGA-HNSC","POLR2H",0.0245882512554113,-1.71316706066028,0.109719473756024
"1409",13159,"TCGA-HNSC","POLR2I",0.00177674724386734,-0.141142286962806,0.889934027754733
"1410",13160,"TCGA-HNSC","POLR2K",0.0396383471572871,-1.71018711683677,0.111978712983082
"1411",13161,"TCGA-HNSC","POLR2L",0.00328766678210679,-0.333677322318134,0.744159165683004
"1412",13162,"TCGA-HNSC","POLR2M",0.0403490544155845,-1.95135769634204,0.0706990698997516
"1413",13163,"TCGA-HNSC","POLR3A",-0.00560221411255413,0.380906817447341,0.71032769335873
"1414",13164,"TCGA-HNSC","POLR3B",-0.011901997965368,1.03139014167987,0.317839883781776
"1415",13165,"TCGA-HNSC","POLR3C",0.0173020806637807,-1.19419729829083,0.252860260287124
"1416",13166,"TCGA-HNSC","POLR3D",0.0235066553679654,-1.17521181330388,0.261703833379008
"1417",13167,"TCGA-HNSC","POLR3E",0.0159532152380952,-0.937060362152733,0.363673339988456
"1418",13168,"TCGA-HNSC","POLR3F",0.00509211792207787,-0.533073674381065,0.600950279701233
"1419",13169,"TCGA-HNSC","POLR3H",0.00699104431457431,-0.797784884388378,0.436030824280447
"1420",13170,"TCGA-HNSC","POLR3K",0.00644037913419915,-0.700841123561084,0.493166661293886
"1421",13171,"TCGA-HNSC","POLRMT",0.0201534913275614,-2.6431282648132,0.0156979974104309
"1422",13172,"TCGA-HNSC","POM121C",0.0231594254689754,-1.87706555496805,0.0823341511971388
"1423",13173,"TCGA-HNSC","POMP",0.0253820754112554,-0.715277089705267,0.487663507827436
"1424",13174,"TCGA-HNSC","POP1",0.0156251868253968,-0.545707587303314,0.595241068895212
"1425",13175,"TCGA-HNSC","POP4",0.00845423907647913,-0.589322597711564,0.563372186792262
"1426",13176,"TCGA-HNSC","POP5",-0.0051104836507937,0.289835344780224,0.776363940023978
"1427",13177,"TCGA-HNSC","POP7",-0.0280524688311689,1.89916088738178,0.075537606183228
"1428",13178,"TCGA-HNSC","POT1",-0.00194051118326122,0.172411874376813,0.864550173708404
"1429",13179,"TCGA-HNSC","POU2AF1",0.0408736893939394,-2.40234984244203,0.0309937164035925
"1430",13180,"TCGA-HNSC","PPA1",0.0439502474025973,-2.03848199806109,0.0648368516013026
"1431",13181,"TCGA-HNSC","PPA2",0.0520286678354979,-2.45900500506551,0.0283885614612769
"1432",13182,"TCGA-HNSC","PPAN",0.0466393605483405,-3.01224510669858,0.0106035842653989
"1433",13183,"TCGA-HNSC","PPAT",0.0316381945887446,-2.17508953307149,0.0486314475462321
"1434",13184,"TCGA-HNSC","PPCDC",0.0394533089321789,-1.85917806065041,0.0860071050151172
"1435",13185,"TCGA-HNSC","PPCS",0.0280399594660894,-1.59504111861058,0.135671147600723
"1436",13186,"TCGA-HNSC","PPIA",0.012250166998557,-0.518867578476911,0.611877480993511
"1437",13187,"TCGA-HNSC","PPIH",0.0366103011399711,-1.55902313085751,0.142316914128906
"1438",13188,"TCGA-HNSC","PPIL1",0.0353648016594517,-2.74205072013051,0.0135704333525226
"1439",13189,"TCGA-HNSC","PPIL2",0.00827504395382395,-0.480495989114898,0.639251793917364
"1440",13190,"TCGA-HNSC","PPIL4",0.0398737584848484,-1.76532195359815,0.104191371040133
"1441",13191,"TCGA-HNSC","PPM1D",0.029587114040404,-1.01221604716616,0.330113572595312
"1442",13192,"TCGA-HNSC","PPM1G",0.0301089977344877,-2.15844534614042,0.0483620507704334
"1443",13193,"TCGA-HNSC","PPME1",0.0184906771428571,-1.00836635612402,0.33091943946044
"1444",13194,"TCGA-HNSC","PPP1CA",0.0262667018759019,-1.04380008173805,0.315833165091232
"1445",13195,"TCGA-HNSC","PPP1CB",0.0142609285569986,-1.17724832099591,0.257607998206418
"1446",13196,"TCGA-HNSC","PPP1R10",0.0226461751659451,-1.38451425206571,0.187749217099025
"1447",13197,"TCGA-HNSC","PPP1R11",0.0224247270274169,-1.21021504414978,0.248051258794207
"1448",13198,"TCGA-HNSC","PPP1R12A",-0.0294907568398268,1.56882198951791,0.13833766892193
"1449",13199,"TCGA-HNSC","PPP1R15B",0.0468069494949496,-2.28339563086933,0.0394397702649168
"1450",13200,"TCGA-HNSC","PPP1R2",0.0142008650937951,-0.897167919836484,0.385919147866545
"1451",13201,"TCGA-HNSC","PPP1R7",0.0217131321067821,-1.0191225449407,0.326018661035705
"1452",13202,"TCGA-HNSC","PPP1R8",0.0224071746753247,-2.90599988057595,0.00814085070816045
"1453",13203,"TCGA-HNSC","PPP2CA",0.00384775396825399,-0.22586409787531,0.824216263991116
"1454",13204,"TCGA-HNSC","PPP2R1A",0.0421531909235209,-1.40707758133031,0.183341906984931
"1455",13205,"TCGA-HNSC","PPP2R2A",0.0222551967243867,-2.31595022826485,0.0320463229453401
"1456",13206,"TCGA-HNSC","PPP2R3C",0.0265812241991342,-2.56596487538848,0.0202188045024916
"1457",13207,"TCGA-HNSC","PPP4C",0.023055115959596,-2.21299465873873,0.0436922430680974
"1458",13208,"TCGA-HNSC","PPP4R2",0.0338133877922078,-1.70052725822656,0.113655016576618
"1459",13209,"TCGA-HNSC","PPP6C",0.043819752005772,-3.61404198194177,0.0025948188660352
"1460",13210,"TCGA-HNSC","PPP6R3",0.0316935043001443,-1.60582831926808,0.132115621256328
"1461",13211,"TCGA-HNSC","PPRC1",0.0465873237950939,-1.99865338504318,0.0684483585589277
"1462",13212,"TCGA-HNSC","PPWD1",-0.00649173582972584,0.772133840199866,0.445332255375086
"1463",13213,"TCGA-HNSC","PRC1",0.0164419317171717,-1.16078409252011,0.269013728014392
"1464",13214,"TCGA-HNSC","PRDX1",0.0444117226984126,-1.05025444507854,0.312634102762067
"1465",13215,"TCGA-HNSC","PREB",0.0226556272871573,-1.50621549618041,0.156265761579268
"1466",13216,"TCGA-HNSC","PRELID1",0.0282891479299855,-0.790267226542822,0.442479305291434
"1467",13217,"TCGA-HNSC","PRELID3B",0.0393998621789322,-2.67074925481377,0.0172235641258462
"1468",13218,"TCGA-HNSC","PRIM1",0.0137787142424243,-1.1703183126965,0.257711328816385
"1469",13219,"TCGA-HNSC","PRKAR1A",0.037569605036075,-1.86642479045509,0.0846167068345774
"1470",13220,"TCGA-HNSC","PRKRA",0.0254807479509379,-1.0060162329668,0.333170486395477
"1471",13221,"TCGA-HNSC","PRMT1",0.0297587957864358,-1.6499138248681,0.125122615326973
"1472",13222,"TCGA-HNSC","PRMT5",0.0130088373160173,-0.915435120067138,0.3741519652763
"1473",13223,"TCGA-HNSC","PRORP",0.0332875605627705,-1.59525137805881,0.134867218142957
"1474",13224,"TCGA-HNSC","PRPF19",-0.00615591238095242,0.263925665932424,0.796071348181042
"1475",13225,"TCGA-HNSC","PRPF3",0.0270622307792209,-1.83240337558771,0.0891374571671367
"1476",13226,"TCGA-HNSC","PRPF31",-0.00550573479076477,0.582155382804927,0.568865062486381
"1477",13227,"TCGA-HNSC","PRPF38A",-0.0209780923232323,0.657791923762417,0.523733711424055
"1478",13228,"TCGA-HNSC","PRPF38B",0.0189416683549785,-1.00220997938625,0.335024121597967
"1479",13229,"TCGA-HNSC","PRPF39",0.0499885293073593,-2.05311848738067,0.0605092712390915
"1480",13230,"TCGA-HNSC","PRPF4",-0.00634710613275613,0.326082127552193,0.749341708580931
"1481",13231,"TCGA-HNSC","PRPF40A",0.0498180798556999,-2.20884615510683,0.0446484709921755
"1482",13232,"TCGA-HNSC","PRPF6",0.0170501570418471,-0.569372362048723,0.579472919400651
"1483",13233,"TCGA-HNSC","PRPF8",0.00289508414141415,-0.185841405312325,0.85542749238843
"1484",13234,"TCGA-HNSC","PSMA1",-0.0102064030447331,0.7274789265342,0.477636110350195
"1485",13235,"TCGA-HNSC","PSMA2",-0.0144984418470419,0.685488315297926,0.50642474816567
"1486",13236,"TCGA-HNSC","PSMA3",-0.00653222206349208,0.447353949161767,0.661443769633028
"1487",13237,"TCGA-HNSC","PSMA4",0.0181791466089466,-1.04653496467623,0.315730177889154
"1488",13238,"TCGA-HNSC","PSMA5",0.00741300613275614,-0.754623702021726,0.460502574657823
"1489",13239,"TCGA-HNSC","PSMA6",-0.0262910002597403,0.931958104482449,0.370358264808364
"1490",13240,"TCGA-HNSC","PSMA7",-0.0186594208080808,1.30639845333296,0.212065241527704
"1491",13241,"TCGA-HNSC","PSMB1",0.0086532396681096,-0.457736081294718,0.655437490884794
"1492",13242,"TCGA-HNSC","PSMB2",-0.010335103001443,0.666150139497205,0.516403705123508
"1493",13243,"TCGA-HNSC","PSMB3",-0.0173098615873016,0.473190315739893,0.645792765199837
"1494",13244,"TCGA-HNSC","PSMB4",-0.00217772386724391,0.153575250784465,0.880236936138942
"1495",13245,"TCGA-HNSC","PSMB5",0.0187512214141414,-1.82404734238589,0.0862180582284987
"1496",13246,"TCGA-HNSC","PSMB6",-0.0175816296392497,1.41736546651927,0.176136894643977
"1497",13247,"TCGA-HNSC","PSMB7",0.0255755514862914,-1.46239576291734,0.168203301414433
"1498",13248,"TCGA-HNSC","PSMC1",0.0303924106060607,-2.31043659581505,0.0371263109558563
"1499",13249,"TCGA-HNSC","PSMC2",0.0147694963059163,-1.4618750051379,0.166451146651678
"1500",13250,"TCGA-HNSC","PSMC3",-0.0272954070274171,1.29325973506482,0.219545690894654
"1501",13251,"TCGA-HNSC","PSMC4",-0.012894043982684,0.905486684973709,0.377827815470087
"1502",13252,"TCGA-HNSC","PSMC5",0.0223568472005772,-1.51812328024639,0.154834512136129
"1503",13253,"TCGA-HNSC","PSMC6",0.00291950395382401,-0.4332860766922,0.670603273913581
"1504",13254,"TCGA-HNSC","PSMD1",0.0167137161183262,-1.14806865688229,0.271612055703056
"1505",13255,"TCGA-HNSC","PSMD11",0.0189690244155845,-1.84977624530964,0.0824312698588216
"1506",13256,"TCGA-HNSC","PSMD12",-0.014746055959596,1.23584003088694,0.236499651792159
"1507",13257,"TCGA-HNSC","PSMD13",0.0379030625108224,-1.9125686599789,0.0799183351359509
"1508",13258,"TCGA-HNSC","PSMD14",0.0300978318759019,-3.32728422147601,0.0042629287986291
"1509",13259,"TCGA-HNSC","PSMD2",0.0263077167243867,-1.89618958309569,0.0800072182325354
"1510",13260,"TCGA-HNSC","PSMD3",-0.000652001572871597,0.0895836959389532,0.929509344136354
"1511",13261,"TCGA-HNSC","PSMD4",-0.00151037243867247,0.108888981088067,0.915022693774791
"1512",13262,"TCGA-HNSC","PSMD6",-0.0203334130880232,1.27094099786134,0.225990132792437
"1513",13263,"TCGA-HNSC","PSMD7",-0.00131622741702742,0.080420348207019,0.937175031175247
"1514",13264,"TCGA-HNSC","PSMD8",0.0378344742712843,-1.57140330692809,0.142389594899526
"1515",13265,"TCGA-HNSC","PSMF1",0.0434462025829726,-1.79302374596848,0.0903710055352002
"1516",13266,"TCGA-HNSC","PSMG1",0.023822698989899,-1.36825720913436,0.195828313239856
"1517",13267,"TCGA-HNSC","PSMG2",0.0304520440836941,-1.92235625868741,0.0773215576304493
"1518",13268,"TCGA-HNSC","PSMG3",0.0124732954256854,-0.738015271905142,0.47365406537689
"1519",13269,"TCGA-HNSC","PSMG4",-0.00585449303030305,0.253305061362431,0.804521351779129
"1520",13270,"TCGA-HNSC","PSTK",0.0165388419480519,-0.583994695265728,0.568364770330834
"1521",13271,"TCGA-HNSC","PTAR1",0.0127413637373738,-1.15881741811994,0.266294708107691
"1522",13272,"TCGA-HNSC","PTBP1",0.0445962455988456,-1.78584132900594,0.0965770076341884
"1523",13273,"TCGA-HNSC","PTCD1",0.0284207847186148,-2.48118887072218,0.0255412162953531
"1524",13274,"TCGA-HNSC","PTCD3",0.00464304891774892,-0.339661087445229,0.740001707880961
"1525",13275,"TCGA-HNSC","PTDSS1",0.00532092953823959,-0.495586024516768,0.627925825374154
"1526",13276,"TCGA-HNSC","PTEN",0.0278668813131313,-1.13241974079031,0.277746792617735
"1527",13277,"TCGA-HNSC","PTK2",0.0223361542279943,-1.85428661058935,0.0804533846101576
"1528",13278,"TCGA-HNSC","PTMA",0.0478110296392495,-1.84355860144369,0.0871945869220479
"1529",13279,"TCGA-HNSC","PTPA",0.0433180736652237,-2.48447704672957,0.0279584607318321
"1530",13280,"TCGA-HNSC","PTPMT1",0.0381813405916306,-2.55434415326552,0.021061813520927
"1531",13281,"TCGA-HNSC","PTPN1",0.0339485365800866,-1.7688669004475,0.100196375305022
"1532",13282,"TCGA-HNSC","PTPN11",0.00977146005772001,-1.06356882500011,0.302841003057615
"1533",13283,"TCGA-HNSC","PTPN23",0.0330698867821068,-1.50510494782169,0.158353128722545
"1534",13284,"TCGA-HNSC","PUF60",-0.00594063060606059,0.240348154594545,0.813890538648397
"1535",13285,"TCGA-HNSC","PUM1",0.0278282445598845,-1.03497748873039,0.318980688607157
"1536",13286,"TCGA-HNSC","PWP1",0.0244796164069264,-1.58474751628407,0.129986345432514
"1537",13287,"TCGA-HNSC","PWP2",0.0131404214862915,-1.15779884015489,0.267908434233363
"1538",13288,"TCGA-HNSC","PXN",0.0257735272294372,-1.9872700875646,0.0626379546292152
"1539",13289,"TCGA-HNSC","PYROXD1",-0.000384586782106733,0.0164796291279597,0.987096195551541
"1540",13290,"TCGA-HNSC","QARS1",0.00867404173160169,-0.937789214107146,0.360138181687849
"1541",13291,"TCGA-HNSC","QRSL1",0.026465170952381,-1.0406122313533,0.319784970993331
"1542",13292,"TCGA-HNSC","RAB10",0.0217840589321789,-1.25089533507304,0.227442781954083
"1543",13293,"TCGA-HNSC","RAB18",0.0283207027705628,-1.64573704201292,0.123630312184984
"1544",13294,"TCGA-HNSC","RAB35",0.0347902182251083,-1.4768028648583,0.161460381141578
"1545",13295,"TCGA-HNSC","RAB6A",0.0367764384126985,-2.87651587249719,0.0101416421520931
"1546",13296,"TCGA-HNSC","RAB7A",0.0348481890620491,-1.95605773178372,0.0695411881114754
"1547",13297,"TCGA-HNSC","RABGGTA",0.0110314814574315,-0.654759371744652,0.522587519394778
"1548",13298,"TCGA-HNSC","RABGGTB",0.00279948549783549,-0.217032205097947,0.831520639243196
"1549",13299,"TCGA-HNSC","RABIF",0.0209541963059163,-2.0233863528627,0.0610130170948824
"1550",13300,"TCGA-HNSC","RAC1",0.0259752007215007,-2.61124355548173,0.0179129123999707
"1551",13301,"TCGA-HNSC","RAC3",0.0243367211832611,-1.28634022827138,0.219409637334932
"1552",13302,"TCGA-HNSC","RACGAP1",0.0219622100432901,-1.32680011884912,0.20315079058955
"1553",13303,"TCGA-HNSC","RACK1",0.01152279997114,-0.633394846660594,0.538327769219972
"1554",13304,"TCGA-HNSC","RAD1",0.039826504083694,-1.69657916216452,0.111770804577049
"1555",13305,"TCGA-HNSC","RAD17",0.0240662502020201,-0.82015152114583,0.428131353265824
"1556",13306,"TCGA-HNSC","RAD21",0.0216257371428572,-1.79692149988121,0.0926293847075397
"1557",13307,"TCGA-HNSC","RAD51",0.00959111203463203,-0.873297603731859,0.395522270985825
"1558",13308,"TCGA-HNSC","RAD51B",0.0359373936075036,-1.90693276462483,0.0771883717766172
"1559",13309,"TCGA-HNSC","RAD51C",0.0248872648484848,-3.15849903411002,0.0055005283567811
"1560",13310,"TCGA-HNSC","RAD51D",0.0363263166810966,-2.35076491365794,0.0329887531567543
"1561",13311,"TCGA-HNSC","RAD9A",-0.00750984686868694,0.552861881492308,0.58517785573807
"1562",13312,"TCGA-HNSC","RAE1",0.0159885802741703,-1.82087058210226,0.0840902787257523
"1563",13313,"TCGA-HNSC","RAF1",0.0226481292352092,-1.57387581712086,0.13666539478818
"1564",13314,"TCGA-HNSC","RAN",-0.040010578060606,1.04653360023744,0.313484032871023
"1565",13315,"TCGA-HNSC","RANBP3",0.0190145463492064,-0.846652157107106,0.411708301770267
"1566",13316,"TCGA-HNSC","RANGAP1",-0.00118985131313132,0.108668542551443,0.914970038921967
"1567",13317,"TCGA-HNSC","RARS2",0.0412164208369408,-1.97405684890578,0.0699943143241715
"1568",13318,"TCGA-HNSC","RASA4",0.0320556763492064,-1.4095422726704,0.181437179291472
"1569",13319,"TCGA-HNSC","RB1CC1",0.0358614626984127,-1.67502091451401,0.114295606484132
"1570",13320,"TCGA-HNSC","RBBP4",0.0174353975901875,-1.70624400326795,0.110139296804953
"1571",13321,"TCGA-HNSC","RBBP5",-0.00599367259740258,0.764553950267444,0.45430677022293
"1572",13322,"TCGA-HNSC","RBBP6",0.0144853335930736,-0.806677702420035,0.433853533626845
"1573",13323,"TCGA-HNSC","RBBP7",0.0335364713997114,-1.38961571313054,0.189294485450746
"1574",13324,"TCGA-HNSC","RBBP8",0.0227640576911976,-1.12391510365589,0.282070470050439
"1575",13325,"TCGA-HNSC","RBIS",0.0301632094805194,-2.66547219453037,0.0184176448934822
"1576",13326,"TCGA-HNSC","RBM10",0.040144217950938,-1.3978498597885,0.188538614670883
"1577",13327,"TCGA-HNSC","RBM12",0.0329282699567099,-1.9431624600957,0.0750060369836797
"1578",13328,"TCGA-HNSC","RBM14",0.00445599116883111,-0.294359538946569,0.771624563876494
"1579",13329,"TCGA-HNSC","RBM15",0.033401285036075,-1.28574239311879,0.22229618797863
"1580",13330,"TCGA-HNSC","RBM17",0.0248164767676768,-1.36274190040568,0.192587144123469
"1581",13331,"TCGA-HNSC","RBM22",0.002288177012987,-0.0948179474221153,0.926021491699942
"1582",13332,"TCGA-HNSC","RBM25",0.00397379567099565,-0.28359315050161,0.781119319082954
"1583",13333,"TCGA-HNSC","RBM28",0.0204068201731602,-1.43483168724431,0.176192099449454
"1584",13334,"TCGA-HNSC","RBM39",0.00224751847041849,-0.10386883226326,0.919001971410061
"1585",13335,"TCGA-HNSC","RBM42",0.0250310688744588,-1.09506013828789,0.29316967541758
"1586",13336,"TCGA-HNSC","RBM5",0.0315227335786435,-2.0686082206964,0.0587788459031031
"1587",13337,"TCGA-HNSC","RBM8A",0.00617141284271283,-0.215804287104251,0.832805763352036
"1588",13338,"TCGA-HNSC","RBMX",-0.0105769401587302,0.873608776935311,0.396650198442875
"1589",13339,"TCGA-HNSC","RBMX2",0.0367472741991343,-1.07758949215784,0.29904290305721
"1590",13340,"TCGA-HNSC","RBMXL1",0.025761027878788,-1.13928611402942,0.276918129317851
"1591",13341,"TCGA-HNSC","RBSN",0.00932188926406929,-0.461453133559019,0.65032194108557
"1592",13342,"TCGA-HNSC","RBX1",-0.00433032600288596,0.332533188269306,0.744597014108807
"1593",13343,"TCGA-HNSC","RCC1",0.00545823678210688,-0.587603415895573,0.563285042136279
"1594",13344,"TCGA-HNSC","RCC1L",0.0471109592929293,-1.42090650762645,0.182243867381698
"1595",13345,"TCGA-HNSC","RCL1",0.0215383426551227,-1.57311598308188,0.139022916130216
"1596",13346,"TCGA-HNSC","RCOR1",0.0151896904184704,-0.402301328342077,0.694415070838328
"1597",13347,"TCGA-HNSC","RELA",0.0270744995959595,-1.72975899975492,0.104459663312815
"1598",13348,"TCGA-HNSC","REV1",0.0167259755699856,-1.09264332291664,0.292351647888609
"1599",13349,"TCGA-HNSC","REV3L",0.0276771611544011,-1.47478742702287,0.160649058364441
"1600",13350,"TCGA-HNSC","REXO2",0.0191397897402596,-0.671007018535683,0.513276200697233
"1601",13351,"TCGA-HNSC","RFC2",0.0267535399278499,-1.63656773957825,0.125236210527999
"1602",13352,"TCGA-HNSC","RFC3",0.0311555391774891,-1.82963150022289,0.0897290670468253
"1603",13353,"TCGA-HNSC","RFC5",0.00777043660894661,-0.496744513807758,0.627397843273198
"1604",13354,"TCGA-HNSC","RFK",0.030629142943723,-2.58401961213823,0.0222448364498466
"1605",13355,"TCGA-HNSC","RFT1",0.0345513528860029,-2.29168786467316,0.0371074580079484
"1606",13356,"TCGA-HNSC","RGP1",0.0231419087157287,-1.52847758697607,0.147242117157276
"1607",13357,"TCGA-HNSC","RHEB",0.0232099046464646,-1.87480016729606,0.0798865642854632
"1608",13358,"TCGA-HNSC","RHOA",0.0150783356277057,-1.16695041161416,0.259818352885445
"1609",13359,"TCGA-HNSC","RHOQ",0.00956253187590195,-0.636994610736653,0.533932072904378
"1610",13360,"TCGA-HNSC","RIC1",0.0317075661904762,-1.71119565575958,0.109200026821063
"1611",13361,"TCGA-HNSC","RIC8A",0.0383143605772006,-1.93275199469125,0.0740158260164776
"1612",13362,"TCGA-HNSC","RICTOR",0.0201888474891775,-1.12970559882226,0.277364251580463
"1613",13363,"TCGA-HNSC","RINT1",0.0124562326695528,-0.899921550953662,0.38338302274542
"1614",13364,"TCGA-HNSC","RIOK1",0.0276563748196248,-2.05862087412504,0.0558387815616847
"1615",13365,"TCGA-HNSC","RIOK2",0.0232152768975469,-1.42551522278952,0.17640264842077
"1616",13366,"TCGA-HNSC","RMI1",0.0390213286868687,-1.53484723684825,0.146979863070561
"1617",13367,"TCGA-HNSC","RMND5A",0.0340219443578643,-2.00130458868803,0.0628231486678592
"1618",13368,"TCGA-HNSC","RNASEH2A",0.0466998854834055,-1.40866795859753,0.18295366603905
"1619",13369,"TCGA-HNSC","RNASEH2C",0.0137052677777778,-0.700788067886759,0.495560208811235
"1620",13370,"TCGA-HNSC","RNF113A",0.0407472265367965,-1.90174499278668,0.0774338065074723
"1621",13371,"TCGA-HNSC","RNF146",0.0550436653246754,-2.23748173678136,0.0446939794066444
"1622",13372,"TCGA-HNSC","RNF168",0.0348841188455988,-2.57439764850821,0.019837076216861
"1623",13373,"TCGA-HNSC","RNF20",0.0248927764213565,-2.1715840210391,0.0428375398249319
"1624",13374,"TCGA-HNSC","RNF31",0.0188407563636364,-1.31295473084486,0.209754514879974
"1625",13375,"TCGA-HNSC","RNF4",0.0154307807647908,-0.665576632764521,0.517827388511492
"1626",13376,"TCGA-HNSC","RNF7",0.0146311217171717,-0.467393541791486,0.648845754974808
"1627",13377,"TCGA-HNSC","RNF8",0.0237854313997113,-1.26614516410479,0.227814209718994
"1628",13378,"TCGA-HNSC","RNGTT",0.00643370875901877,-0.442863368102671,0.66482712557493
"1629",13379,"TCGA-HNSC","RNH1",0.0331782938239539,-2.08882458349582,0.0541083483454413
"1630",13380,"TCGA-HNSC","RNMT",0.0172321444300144,-0.961168180454868,0.354656324019946
"1631",13381,"TCGA-HNSC","RNPC3",-0.000548929393939468,0.0297679126154931,0.976757886074779
"1632",13382,"TCGA-HNSC","RNPS1",0.0232636073448773,-1.09439077455278,0.294081344243964
"1633",13383,"TCGA-HNSC","ROCK2",0.032206252063492,-2.20963461517757,0.0445793029561431
"1634",13384,"TCGA-HNSC","ROMO1",0.0245441893217893,-0.943242991127868,0.36367031102247
"1635",13385,"TCGA-HNSC","RPA1",0.00156019577200578,-0.100734498983326,0.920962160747814
"1636",13386,"TCGA-HNSC","RPA2",-0.024131551010101,1.4506140625979,0.169990798004345
"1637",13387,"TCGA-HNSC","RPA3",-0.0100022216883117,0.659117188290836,0.521809464940931
"1638",13388,"TCGA-HNSC","RPAIN",0.0107168505339105,-0.525281267682683,0.608222935861442
"1639",13389,"TCGA-HNSC","RPAP2",0.0171510315440115,-1.02993748330797,0.32192976008019
"1640",13390,"TCGA-HNSC","RPE",0.0630030253246754,-3.68689307075603,0.00307150800041406
"1641",13391,"TCGA-HNSC","RPF1",0.0186258032034632,-1.7155852305644,0.108953094995523
"1642",13392,"TCGA-HNSC","RPF2",0.0237869303030303,-1.82583455689072,0.0901140086131023
"1643",13393,"TCGA-HNSC","RPIA",0.0320059269119769,-1.97384959559723,0.071854298574415
"1644",13394,"TCGA-HNSC","RPL10",0.0254810826984128,-0.796739944380005,0.438147279419377
"1645",13395,"TCGA-HNSC","RPL10A",0.00794226877344878,-0.646523943820859,0.527303366942524
"1646",13396,"TCGA-HNSC","RPL11",0.00912828707070706,-0.645691126933226,0.528808824779369
"1647",13397,"TCGA-HNSC","RPL12",-0.0128867221067821,0.810896954631082,0.427793264945663
"1648",13398,"TCGA-HNSC","RPL13",0.00791822352092353,-0.708372219322234,0.4892326684528
"1649",13399,"TCGA-HNSC","RPL13A",-0.00023010499278503,0.0133845730127521,0.989549615079354
"1650",13400,"TCGA-HNSC","RPL14",0.0214376877056277,-1.88192285968111,0.0799542209337326
"1651",13401,"TCGA-HNSC","RPL17",-0.0161553334632035,0.608770041443874,0.552581954642605
"1652",13402,"TCGA-HNSC","RPL18",0.00412938382395378,-0.226673553084609,0.824197159699916
"1653",13403,"TCGA-HNSC","RPL18A",-0.0231595798412698,1.40540863179146,0.181844130041024
"1654",13404,"TCGA-HNSC","RPL19",-0.0204663597979798,1.50112337361938,0.149410130278626
"1655",13405,"TCGA-HNSC","RPL21",-0.0159211782251082,0.741729681976563,0.471201618609887
"1656",13406,"TCGA-HNSC","RPL22",0.0369723018614719,-1.15639571764836,0.267077910711532
"1657",13407,"TCGA-HNSC","RPL22L1",0.0573699242135642,-1.85020958561074,0.086431946628911
"1658",13408,"TCGA-HNSC","RPL23",-0.0183163174747475,0.809408944685972,0.433199803088831
"1659",13409,"TCGA-HNSC","RPL23A",0.0210832939105339,-1.46443970744174,0.163573361531506
"1660",13410,"TCGA-HNSC","RPL24",0.0141563582683983,-1.15878454329882,0.266973532655184
"1661",13411,"TCGA-HNSC","RPL26",0.0310995566666666,-0.645837613138328,0.53007470254336
"1662",13412,"TCGA-HNSC","RPL26L1",0.0712294268398268,-1.69462970296023,0.113965826712693
"1663",13413,"TCGA-HNSC","RPL27",0.0111954716450217,-0.715531129456436,0.487041739624316
"1664",13414,"TCGA-HNSC","RPL27A",0.0172954736363636,-0.690676503217496,0.499392684612346
"1665",13415,"TCGA-HNSC","RPL28",0.0178677097691198,-1.34332730158252,0.199525813757089
"1666",13416,"TCGA-HNSC","RPL3",0.000551934502164453,-0.0250328540327384,0.98042876012445
"1667",13417,"TCGA-HNSC","RPL30",0.0120529659884561,-0.838907571727134,0.413756524439013
"1668",13418,"TCGA-HNSC","RPL31",0.00677705112554111,-0.448016262651062,0.66103396543865
"1669",13419,"TCGA-HNSC","RPL32",0.0233859541269841,-1.47334802257423,0.16125988138156
"1670",13420,"TCGA-HNSC","RPL35",0.0164512435209234,-0.626461192478518,0.54238708756339
"1671",13421,"TCGA-HNSC","RPL36",0.0146059542424242,-0.91637636359494,0.374040093628099
"1672",13422,"TCGA-HNSC","RPL36A",0.0217670124963926,-0.968146209475722,0.351873073160699
"1673",13423,"TCGA-HNSC","RPL36AL",0.0607927656277056,-1.72732804171544,0.108471407757996
"1674",13424,"TCGA-HNSC","RPL37",0.0151232432323233,-0.725234933438448,0.480060069604581
"1675",13425,"TCGA-HNSC","RPL37A",-0.00940256493506492,0.642329264936755,0.529558342889091
"1676",13426,"TCGA-HNSC","RPL38",0.00468034927849931,-0.23497422072736,0.817655825790892
"1677",13427,"TCGA-HNSC","RPL4",0.00760043292929291,-0.489258396724683,0.632126541775746
"1678",13428,"TCGA-HNSC","RPL5",-0.013667538989899,0.678267929593058,0.507296214539597
"1679",13429,"TCGA-HNSC","RPL6",0.011386546955267,-1.10597009425785,0.282139295191763
"1680",13430,"TCGA-HNSC","RPL7",0.0171237487590188,-1.33507449629863,0.202518055680993
"1681",13431,"TCGA-HNSC","RPL7A",0.00139435860028858,-0.131594951648928,0.897324661781413
"1682",13432,"TCGA-HNSC","RPL7L1",0.00685198942279941,-0.448178451879314,0.660328638302984
"1683",13433,"TCGA-HNSC","RPL8",0.0133933343434343,-1.19506818930903,0.250169784704691
"1684",13434,"TCGA-HNSC","RPL9",0.01898013007215,-1.26165356155083,0.230923806805486
"1685",13435,"TCGA-HNSC","RPLP0",0.0226005534632036,-1.61558728478575,0.127380936805977
"1686",13436,"TCGA-HNSC","RPLP1",0.016389565050505,-0.971187061978368,0.344571502900027
"1687",13437,"TCGA-HNSC","RPLP2",0.0115275293795094,-0.522499684169666,0.609707217937939
"1688",13438,"TCGA-HNSC","RPN1",0.0309264626551227,-1.91543380805917,0.0790838572239726
"1689",13439,"TCGA-HNSC","RPN2",0.0373137317027417,-1.39861168409106,0.186042667329837
"1690",13440,"TCGA-HNSC","RPP14",0.00653646959595955,-0.54459779733698,0.590796002686397
"1691",13441,"TCGA-HNSC","RPP21",0.00106246340548333,-0.0410786518347132,0.96784144728112
"1692",13442,"TCGA-HNSC","RPP25L",0.0288206137518038,-0.71142459597726,0.490533969245536
"1693",13443,"TCGA-HNSC","RPP30",0.0366494214718616,-1.80737833453797,0.0863402960826542
"1694",13444,"TCGA-HNSC","RPP38",0.0203076667099568,-1.18131024451479,0.259569441967391
"1695",13445,"TCGA-HNSC","RPP40",0.0275701391919192,-1.00045829075161,0.334121940415679
"1696",13446,"TCGA-HNSC","RPRD1B",0.0440858846608947,-2.11931879693069,0.0515938833945198
"1697",13447,"TCGA-HNSC","RPRD2",0.0191548016161617,-1.35801677931411,0.196755877103067
"1698",13448,"TCGA-HNSC","RPS11",0.0130585868398268,-0.892252370840316,0.38596449437984
"1699",13449,"TCGA-HNSC","RPS12",0.00621768235209236,-0.571688397193451,0.576067475646924
"1700",13450,"TCGA-HNSC","RPS13",0.0144655085281385,-1.32803215503901,0.20490059242301
"1701",13451,"TCGA-HNSC","RPS14",0.0173155802453103,-1.74448471488402,0.101147118080416
"1702",13452,"TCGA-HNSC","RPS15",-0.00182719551226551,0.103700595665245,0.918912928838274
"1703",13453,"TCGA-HNSC","RPS15A",0.0106166588023088,-0.512542359911237,0.616923862031861
"1704",13454,"TCGA-HNSC","RPS16",0.00574914653679653,-0.479377408293872,0.639276586060318
"1705",13455,"TCGA-HNSC","RPS17",0.0198084808658008,-0.718242239622839,0.486832734415942
"1706",13456,"TCGA-HNSC","RPS18",0.000540583621933599,-0.0338382343157338,0.973478700476552
"1707",13457,"TCGA-HNSC","RPS19",-0.00867318683982682,0.510781455131637,0.617561626035478
"1708",13458,"TCGA-HNSC","RPS2",0.0234680085714286,-2.39589558349431,0.0286050821720015
"1709",13459,"TCGA-HNSC","RPS20",0.00347698086580089,-0.230633117514719,0.820689383788517
"1710",13460,"TCGA-HNSC","RPS21",0.0261565156854257,-1.26394098056659,0.226619792150281
"1711",13461,"TCGA-HNSC","RPS23",-0.00594011311688314,0.478146451353387,0.64008329773329
"1712",13462,"TCGA-HNSC","RPS24",0.00936854946608945,-0.701107671206005,0.493332950754096
"1713",13463,"TCGA-HNSC","RPS25",0.035102204098124,-1.8282940786799,0.0894118767300689
"1714",13464,"TCGA-HNSC","RPS27A",-0.000587421673881705,0.0794850580635963,0.93746541795256
"1715",13465,"TCGA-HNSC","RPS28",0.0189524737806638,-1.20328729347569,0.244399169244554
"1716",13466,"TCGA-HNSC","RPS29",-0.00507940751803748,0.277104363136669,0.785575752224236
"1717",13467,"TCGA-HNSC","RPS3",-0.000591789696969713,0.0465523133880326,0.963466553701653
"1718",13468,"TCGA-HNSC","RPS3A",-0.00319572125541129,0.174726510213163,0.863766332070066
"1719",13469,"TCGA-HNSC","RPS4X",0.0294426108946609,-1.57487831513622,0.12835088428991
"1720",13470,"TCGA-HNSC","RPS5",0.0102915661904761,-0.839148986427039,0.415972090136965
"1721",13471,"TCGA-HNSC","RPS6",0.00428375976911977,-0.308769876973455,0.762106362805696
"1722",13472,"TCGA-HNSC","RPS7",-0.0498881838672438,1.08167010597796,0.298325777677277
"1723",13473,"TCGA-HNSC","RPS8",-0.0213207085714286,0.827508116105211,0.423740337352581
"1724",13474,"TCGA-HNSC","RPS9",-0.00159906608946614,0.0941680187018036,0.926380530447279
"1725",13475,"TCGA-HNSC","RPTOR",0.0391231745454546,-1.94714058813622,0.0749754895486923
"1726",13476,"TCGA-HNSC","RPUSD3",0.0430688727994227,-1.57721646362703,0.139913621958805
"1727",13477,"TCGA-HNSC","RPUSD4",0.0241680345021645,-2.34232692877978,0.0318243166631933
"1728",13478,"TCGA-HNSC","RRAGA",0.0262719569119769,-2.47540344096421,0.0230499903727413
"1729",13479,"TCGA-HNSC","RRAGC",0.0445715085137085,-1.82243998199145,0.0931548860608108
"1730",13480,"TCGA-HNSC","RRM1",0.0409868851688311,-0.808742531053582,0.434968609520179
"1731",13481,"TCGA-HNSC","RRM2",-0.015959747027417,1.0534753814276,0.309974815676834
"1732",13482,"TCGA-HNSC","RRN3",0.018232512063492,-1.45010637556624,0.170560456175063
"1733",13483,"TCGA-HNSC","RRP1",0.0277789727272727,-1.89577627293182,0.0774741775788527
"1734",13484,"TCGA-HNSC","RRP12",0.0276320107936507,-2.24226295130363,0.0400737622878802
"1735",13485,"TCGA-HNSC","RRP15",0.0434669655555555,-1.6903314260963,0.11672822908577
"1736",13486,"TCGA-HNSC","RRP7A",0.0437725254545455,-2.91565631315058,0.0101041108808282
"1737",13487,"TCGA-HNSC","RRP9",0.0226685466666667,-1.52345062885784,0.151856990979879
"1738",13488,"TCGA-HNSC","RRS1",0.0355754783549783,-2.74695846299598,0.0174651847245201
"1739",13489,"TCGA-HNSC","RSL1D1",0.0192605436652237,-1.88730736748384,0.0800184143563896
"1740",13490,"TCGA-HNSC","RSL24D1",-0.0165321107647908,1.25279016556833,0.227768293393462
"1741",13491,"TCGA-HNSC","RTCB",0.0305217493217893,-1.91225794489997,0.0747993651663499
"1742",13492,"TCGA-HNSC","RTEL1",0.0359416999422799,-1.63711578564318,0.125598728490329
"1743",13493,"TCGA-HNSC","RTF2",-0.0174600613564213,0.649459938348981,0.528468482855221
"1744",13494,"TCGA-HNSC","RTRAF",0.0461320317316017,-1.50612451430266,0.155393377066324
"1745",13495,"TCGA-HNSC","RTTN",0.0216033665945166,-1.28537170996382,0.22111825124023
"1746",13496,"TCGA-HNSC","RUNX1",0.015706443001443,-0.98901797086211,0.33782801040994
"1747",13497,"TCGA-HNSC","RUVBL1",0.018433494083694,-1.94772655775375,0.0717098703804408
"1748",13498,"TCGA-HNSC","RUVBL2",0.0261844927705628,-1.91551059059948,0.0794725867793981
"1749",13499,"TCGA-HNSC","SACM1L",0.0142811672871573,-2.05041100134351,0.0550326610526753
"1750",13500,"TCGA-HNSC","SAE1",-0.00546825808080809,0.340489588040843,0.739283188556791
"1751",13501,"TCGA-HNSC","SAMD4B",0.0127610858585858,-0.628869439954002,0.538848235327076
"1752",13502,"TCGA-HNSC","SAMM50",0.0210034398701299,-2.32750432157302,0.0314359981914212
"1753",13503,"TCGA-HNSC","SAP130",0.0371068977489177,-2.22950326008497,0.0452275275203115
"1754",13504,"TCGA-HNSC","SAP18",0.0114622481673882,-0.640752420028652,0.533630575192647
"1755",13505,"TCGA-HNSC","SAP30BP",0.0414308295959597,-1.61275227276659,0.132383874321279
"1756",13506,"TCGA-HNSC","SARNP",0.0482169711832612,-1.48281952611193,0.162000785969829
"1757",13507,"TCGA-HNSC","SARS1",-0.0559456436219336,1.94851974197777,0.0695521014257299
"1758",13508,"TCGA-HNSC","SARS2",0.0159353193650793,-1.08875366392213,0.287771430144866
"1759",13509,"TCGA-HNSC","SART1",0.0104289823520923,-0.720219586248566,0.483902668274241
"1760",13510,"TCGA-HNSC","SART3",0.0297370134776335,-1.24021695004498,0.240596829698748
"1761",13511,"TCGA-HNSC","SASS6",0.0250768406926407,-1.11760444401806,0.282751424284456
"1762",13512,"TCGA-HNSC","SBDS",0.0105857347619048,-0.403214511430119,0.693547262879682
"1763",13513,"TCGA-HNSC","SCAF4",0.0493648924098125,-1.68254660329876,0.116210239581243
"1764",13514,"TCGA-HNSC","SCAF8",0.0403496227272727,-2.02410197683509,0.0635090765163966
"1765",13515,"TCGA-HNSC","SCAP",0.0352136582106782,-2.00848021132824,0.0646320506674422
"1766",13516,"TCGA-HNSC","SCD",0.0101212497113997,-0.904273762857165,0.382102643689726
"1767",13517,"TCGA-HNSC","SCFD1",0.00837593139971138,-0.896600172547576,0.378719996618928
"1768",13518,"TCGA-HNSC","SCO1",0.0331904603174603,-2.81221390488843,0.0111375219535593
"1769",13519,"TCGA-HNSC","SCO2",0.0177890517171717,-1.24101803764653,0.232196255823309
"1770",13520,"TCGA-HNSC","SCYL1",0.0264736526839827,-1.31169545412039,0.212276154813849
"1771",13521,"TCGA-HNSC","SDAD1",0.0237647383116882,-2.08249782804733,0.0541698592525816
"1772",13522,"TCGA-HNSC","SDE2",-0.00425185979797982,0.158768931933546,0.876574732818743
"1773",13523,"TCGA-HNSC","SDHA",0.0219965952092352,-1.58875414875784,0.134984652527246
"1774",13524,"TCGA-HNSC","SDHB",0.0285734821356421,-2.05075286945382,0.0568461383511098
"1775",13525,"TCGA-HNSC","SDHC",0.0201720432178932,-2.03319878332674,0.059534185601679
"1776",13526,"TCGA-HNSC","SDHD",0.028162822005772,-2.217142591296,0.0420497835544473
"1777",13527,"TCGA-HNSC","SEC13",-0.00627005359307364,0.476200667199949,0.641612140666399
"1778",13528,"TCGA-HNSC","SEC16A",0.00711940894660901,-0.491345007211668,0.630052946374677
"1779",13529,"TCGA-HNSC","SEC61A1",0.00645321972582968,-0.638899861118279,0.532365691111232
"1780",13530,"TCGA-HNSC","SEC61B",0.0140185373448773,-0.607762960237109,0.552047983053393
"1781",13531,"TCGA-HNSC","SEC61G",0.0286526322366523,-1.17877981113324,0.254218545048971
"1782",13532,"TCGA-HNSC","SEC62",0.0137542504040404,-0.684967626785323,0.505028655165045
"1783",13533,"TCGA-HNSC","SEC63",0.0321362128138528,-1.85249821215127,0.0866713691188501
"1784",13534,"TCGA-HNSC","SEH1L",0.01319401001443,-1.11879669349978,0.283302551960238
"1785",13535,"TCGA-HNSC","SEM1",0.0223548740548341,-0.984175172655497,0.343570089782768
"1786",13536,"TCGA-HNSC","SENP6",0.000129963116883069,-0.00858559088945827,0.993281614977556
"1787",13537,"TCGA-HNSC","SEPHS2",-0.0247615466233767,1.25909704642296,0.230119907280461
"1788",13538,"TCGA-HNSC","SEPSECS",0.0149927658585858,-0.814430208091024,0.425843276672209
"1789",13539,"TCGA-HNSC","SERBP1",0.025016530923521,-1.08245100665976,0.298487727834223
"1790",13540,"TCGA-HNSC","SETD1A",-0.00475828086580088,0.306384680610615,0.764506251675948
"1791",13541,"TCGA-HNSC","SETD1B",0.0518872162193362,-3.18261026708284,0.00656829168998669
"1792",13542,"TCGA-HNSC","SETD2",0.0211172702164502,-1.38392858788927,0.18735976499022
"1793",13543,"TCGA-HNSC","SETD5",0.0246536815295816,-1.60052591050736,0.132842923562561
"1794",13544,"TCGA-HNSC","SETDB1",0.0286867638239539,-1.89365212163661,0.0778464268995601
"1795",13545,"TCGA-HNSC","SF1",0.0033896524386724,-0.162176034237299,0.873938660267222
"1796",13546,"TCGA-HNSC","SF3A1",0.00907867393939388,-0.560568137974052,0.584540044790792
"1797",13547,"TCGA-HNSC","SF3A2",0.015286563968254,-1.06439591314992,0.303433681725848
"1798",13548,"TCGA-HNSC","SF3A3",-0.0134748193362193,0.547735027534979,0.594006354799598
"1799",13549,"TCGA-HNSC","SF3B1",0.0147071130447332,-1.31667705456555,0.202699971216822
"1800",13550,"TCGA-HNSC","SF3B2",0.0146290947763348,-0.77233184892465,0.452558407734646
"1801",13551,"TCGA-HNSC","SF3B3",-0.0126037330591631,0.448182423193469,0.662611835470694
"1802",13552,"TCGA-HNSC","SF3B4",-0.00563801832611838,0.139059547867633,0.891819011791171
"1803",13553,"TCGA-HNSC","SF3B5",-0.0416735926262626,1.90807072339363,0.080802198894369
"1804",13554,"TCGA-HNSC","SF3B6",0.00246265503607501,-0.0971658959053261,0.924077494672784
"1805",13555,"TCGA-HNSC","SFPQ",0.00884271174603179,-0.411088380790496,0.688204188766103
"1806",13556,"TCGA-HNSC","SFSWAP",0.0269525491053391,-1.33850256699571,0.203087339840239
"1807",13557,"TCGA-HNSC","SGF29",0.0218936774314574,-1.32112387301794,0.211472019491307
"1808",13558,"TCGA-HNSC","SGO1",-0.000366829696969662,0.0184698456408991,0.985542563076626
"1809",13559,"TCGA-HNSC","SH3GL1",0.0378680221212121,-2.22839638906196,0.0411717742103614
"1810",13560,"TCGA-HNSC","SHC1",0.0303869746176045,-2.6359018361544,0.0170481467233379
"1811",13561,"TCGA-HNSC","SHOC2",0.02362945011544,-2.09977277490356,0.0538745986334306
"1812",13562,"TCGA-HNSC","SHQ1",0.0377458074458875,-2.1252523023819,0.0535166407119598
"1813",13563,"TCGA-HNSC","SIAH1",0.0280971243434344,-1.23744726814518,0.23502596117621
"1814",13564,"TCGA-HNSC","SIN3A",0.0254238668253968,-1.72815138636554,0.105786961242419
"1815",13565,"TCGA-HNSC","SINHCAF",0.0145098216594517,-1.08336728151892,0.298314386906583
"1816",13566,"TCGA-HNSC","SIVA1",0.0274314827561327,-1.23135818129411,0.236917127878998
"1817",13567,"TCGA-HNSC","SKA1",0.00930994952380948,-0.391046094175223,0.701680762465379
"1818",13568,"TCGA-HNSC","SKA2",0.000360433838383911,-0.0183173483387481,0.985632666756953
"1819",13569,"TCGA-HNSC","SKA3",0.000354996392496476,-0.0174821788573122,0.986284424343237
"1820",13570,"TCGA-HNSC","SKIC8",0.0195420347907648,-1.09095413332565,0.292915908629302
"1821",13571,"TCGA-HNSC","SKP1",0.00573500122655113,-0.505467141611004,0.621405211143736
"1822",13572,"TCGA-HNSC","SKP2",0.00886444464646463,-0.307697164027049,0.76321900632525
"1823",13573,"TCGA-HNSC","SLC16A1",0.0521032765945166,-2.75087018472986,0.0167022196124982
"1824",13574,"TCGA-HNSC","SLC20A1",0.0311039686435787,-2.60530329090208,0.0183922312535848
"1825",13575,"TCGA-HNSC","SLC25A1",0.0505164368109668,-1.97422811428514,0.0704889277504595
"1826",13576,"TCGA-HNSC","SLC25A19",0.0302411921356421,-1.97256626981523,0.066138333424589
"1827",13577,"TCGA-HNSC","SLC25A26",0.0329234601298701,-1.70913135838863,0.11035235773919
"1828",13578,"TCGA-HNSC","SLC25A28",0.0232225174747476,-1.21035770732454,0.246151234013528
"1829",13579,"TCGA-HNSC","SLC25A3",0.0320038792496392,-2.33607792979571,0.034567209944615
"1830",13580,"TCGA-HNSC","SLC2A1",0.0240022955122655,-2.07593256471618,0.0543533190408039
"1831",13581,"TCGA-HNSC","SLC30A9",0.0299971935786436,-2.01049715004606,0.0617960787347106
"1832",13582,"TCGA-HNSC","SLC33A1",0.032290485007215,-1.26734723186628,0.228410062567795
"1833",13583,"TCGA-HNSC","SLC35A1",0.0150170003174603,-1.97604204601823,0.0581051356500831
"1834",13584,"TCGA-HNSC","SLC35A2",0.0251203315151515,-1.43507898193451,0.171464172976787
"1835",13585,"TCGA-HNSC","SLC35B1",0.0303547698989899,-1.02365281704402,0.322875606314711
"1836",13586,"TCGA-HNSC","SLC35B2",0.0319217486724387,-1.53123074893047,0.149267366306338
"1837",13587,"TCGA-HNSC","SLC38A2",0.0160525706060606,-1.03541977967846,0.317982138061893
"1838",13588,"TCGA-HNSC","SLC39A10",0.0112859295959595,-1.197621348822,0.239220321694345
"1839",13589,"TCGA-HNSC","SLC39A7",0.00456052438672438,-0.3953923992162,0.696701046906539
"1840",13590,"TCGA-HNSC","SLC3A2",0.0156492025252526,-1.24815784776819,0.230982357177064
"1841",13591,"TCGA-HNSC","SLC4A7",0.0216811623953824,-2.16737243530068,0.0448369854482966
"1842",13592,"TCGA-HNSC","SLC7A1",0.0374006661904762,-2.49435754418932,0.025954988573947
"1843",13593,"TCGA-HNSC","SLC7A5",0.0145740643578643,-1.02701648247135,0.32029727334371
"1844",13594,"TCGA-HNSC","SLC7A6OS",0.00298334277056278,-0.213529926631729,0.834117227059247
"1845",13595,"TCGA-HNSC","SLU7",0.00202222333333324,-0.142849077332376,0.888224537611031
"1846",13596,"TCGA-HNSC","SLX9",0.0397717632178932,-1.3256654315399,0.209601582181359
"1847",13597,"TCGA-HNSC","SMAD7",0.0324098998989899,-1.84307440117511,0.0862160163916391
"1848",13598,"TCGA-HNSC","SMARCA2",0.0484095145598845,-1.61606282720611,0.130605060101885
"1849",13599,"TCGA-HNSC","SMARCA4",0.0167975153102453,-0.475829147023644,0.641415771330757
"1850",13600,"TCGA-HNSC","SMARCA5",0.0130310976623377,-0.805201648192486,0.434653599286332
"1851",13601,"TCGA-HNSC","SMARCB1",0.0190825863059163,-1.20147979527271,0.2485398301357
"1852",13602,"TCGA-HNSC","SMARCD1",0.0478293276623376,-1.38660299038927,0.189791747874562
"1853",13603,"TCGA-HNSC","SMARCE1",0.0609304377777778,-2.4502092066681,0.0302539569656668
"1854",13604,"TCGA-HNSC","SMC1A",0.00513548743145742,-0.696093905186654,0.49490460968811
"1855",13605,"TCGA-HNSC","SMC2",-0.0110056772150072,0.946333967993648,0.360057040750704
"1856",13606,"TCGA-HNSC","SMC3",0.00031016953823948,-0.0341334242840287,0.973129122510075
"1857",13607,"TCGA-HNSC","SMC4",0.00634726424242427,-0.824148415690528,0.421336634046585
"1858",13608,"TCGA-HNSC","SMC5",0.0311002836363636,-1.49248791707112,0.158952496225039
"1859",13609,"TCGA-HNSC","SMC6",0.00761941053391058,-0.30438154116096,0.765668598905393
"1860",13610,"TCGA-HNSC","SMCHD1",0.0339269392207792,-2.05919042420751,0.0593905850850407
"1861",13611,"TCGA-HNSC","SMG1",0.0130104664502164,-1.13713571804997,0.274278236120054
"1862",13612,"TCGA-HNSC","SMG5",0.0219763872150073,-1.7673517404927,0.093975881568025
"1863",13613,"TCGA-HNSC","SMG6",0.0037297025108225,-0.237409818465622,0.815592791999914
"1864",13614,"TCGA-HNSC","SMG7",0.0672260104906205,-2.51876613489437,0.0246299194444453
"1865",13615,"TCGA-HNSC","SMNDC1",0.0343478971428571,-1.49752285381704,0.157475234581517
"1866",13616,"TCGA-HNSC","SMU1",-0.0215052081240981,0.962335544943877,0.352112330916262
"1867",13617,"TCGA-HNSC","SNAI2",0.0207607458874459,-1.82521085699771,0.0867645809666965
"1868",13618,"TCGA-HNSC","SNAP23",0.0100260263780663,-1.08719843878303,0.296122865326333
"1869",13619,"TCGA-HNSC","SNAPC1",0.0165343867532468,-0.905558735382632,0.384288696261415
"1870",13620,"TCGA-HNSC","SNAPC2",0.0231969647907648,-1.59933975933256,0.134770250630417
"1871",13621,"TCGA-HNSC","SNAPC3",0.0285407783261183,-1.95261964739515,0.0737875160900897
"1872",13622,"TCGA-HNSC","SNAPC5",0.0265002422366523,-1.65898327639978,0.122771076126432
"1873",13623,"TCGA-HNSC","SNF8",0.0243885493795094,-1.35571708538247,0.193092742656606
"1874",13624,"TCGA-HNSC","SNIP1",0.0482539304761904,-2.01135227688413,0.0630875762728092
"1875",13625,"TCGA-HNSC","SNRNP200",-0.0190147373448774,1.23164985744112,0.238266834556357
"1876",13626,"TCGA-HNSC","SNRNP25",0.0189854994949495,-1.34485698105138,0.200761592003353
"1877",13627,"TCGA-HNSC","SNRNP27",0.0239099759018759,-1.14078159639071,0.275145209133732
"1878",13628,"TCGA-HNSC","SNRNP35",0.0196483341991342,-0.73287268103311,0.477100032062551
"1879",13629,"TCGA-HNSC","SNRNP40",0.0752188728427128,-1.58226723341986,0.136398674643287
"1880",13630,"TCGA-HNSC","SNRNP48",0.0468718184415584,-1.219977811463,0.242394906498575
"1881",13631,"TCGA-HNSC","SNRNP70",0.040108665916306,-2.55292504882417,0.0228279824084618
"1882",13632,"TCGA-HNSC","SNRPA",0.0441474666233767,-1.75529661261489,0.103919311166785
"1883",13633,"TCGA-HNSC","SNRPA1",-0.0064448346320346,0.248035231507213,0.808067147358141
"1884",13634,"TCGA-HNSC","SNRPB",0.0221412235497835,-1.06011218842852,0.308500149530933
"1885",13635,"TCGA-HNSC","SNRPB2",0.0298105801731602,-1.14364040360444,0.273962418849214
"1886",13636,"TCGA-HNSC","SNRPC",0.0314018222222222,-1.69533870271498,0.112801631371075
"1887",13637,"TCGA-HNSC","SNRPD1",-0.0248711681529581,0.8711616325773,0.401073880689363
"1888",13638,"TCGA-HNSC","SNRPD2",0.00296392604617607,-0.206529471567959,0.839272644392119
"1889",13639,"TCGA-HNSC","SNRPD3",-0.0770186707004329,1.45256062022381,0.170991116867524
"1890",13640,"TCGA-HNSC","SNRPE",0.0128195163347763,-0.50008046018124,0.625390608723192
"1891",13641,"TCGA-HNSC","SNRPF",-0.0359759927849927,1.8546942945719,0.0826911415196531
"1892",13642,"TCGA-HNSC","SNRPG",0.00493297109668112,-0.223246569963891,0.826730960785126
"1893",13643,"TCGA-HNSC","SNU13",0.00702673258297259,-0.621388105222562,0.543270830580203
"1894",13644,"TCGA-HNSC","SNUPN",0.0120474665367966,-0.550953504424745,0.591167464776302
"1895",13645,"TCGA-HNSC","SNW1",0.0172578945165944,-1.21286208630007,0.246401108496832
"1896",13646,"TCGA-HNSC","SOCS3",0.0170585158441559,-1.62572996317078,0.121555346759309
"1897",13647,"TCGA-HNSC","SOD1",0.0186612671572871,-1.38495362252579,0.185675639343411
"1898",13648,"TCGA-HNSC","SOD2",0.0340392351803752,-2.20388119181377,0.0467211548424693
"1899",13649,"TCGA-HNSC","SON",0.00726074287157286,-0.628917016257323,0.54016004547316
"1900",13650,"TCGA-HNSC","SOS1",0.0313517082972583,-2.74748523478897,0.0158041414513875
"1901",13651,"TCGA-HNSC","SOX10",0.0191778170851371,-1.38194827970065,0.18600933994331
"1902",13652,"TCGA-HNSC","SOX2",0.00836568222222211,-0.570732181023544,0.576730817512832
"1903",13653,"TCGA-HNSC","SOX9",0.0269717127128427,-2.13244513342574,0.0474798022545918
"1904",13654,"TCGA-HNSC","SP1",0.0304182893506494,-1.34601746872481,0.200861188553179
"1905",13655,"TCGA-HNSC","SPATA31A6",0.00571307597402593,-0.217647700393295,0.831041701708309
"1906",13656,"TCGA-HNSC","SPC24",-0.0436900462481963,2.25228048274487,0.0447858855695155
"1907",13657,"TCGA-HNSC","SPC25",-0.0176627982972583,1.5777558925254,0.130497974135811
"1908",13658,"TCGA-HNSC","SPCS1",0.0433088846753247,-1.70780158696597,0.109932748630002
"1909",13659,"TCGA-HNSC","SPCS2",0.0211428643290044,-0.841412543904341,0.410372608222388
"1910",13660,"TCGA-HNSC","SPCS3",0.0179814092784993,-1.17087565265151,0.259948811561831
"1911",13661,"TCGA-HNSC","SPDL1",-0.0159352727561327,1.08601379722107,0.294258401552468
"1912",13662,"TCGA-HNSC","SPOUT1",0.0242111837229437,-1.34024032637236,0.201002755576756
"1913",13663,"TCGA-HNSC","SPRR2G",0.021619278932179,-2.60972114207059,0.0187086392607559
"1914",13664,"TCGA-HNSC","SPRTN",0.012714117027417,-0.854468494314533,0.404417046764945
"1915",13665,"TCGA-HNSC","SPTLC1",0.017033406998557,-1.19716399991914,0.251312079767191
"1916",13666,"TCGA-HNSC","SPTLC2",0.0212387524098124,-1.74700405332925,0.10088817739262
"1917",13667,"TCGA-HNSC","SPTSSA",0.0533330864069264,-2.97109811738421,0.0100302820091063
"1918",13668,"TCGA-HNSC","SQLE",0.0397037677633478,-3.36280536916872,0.00450820624206554
"1919",13669,"TCGA-HNSC","SRBD1",0.0035656101154401,-0.243427556133647,0.811492911270418
"1920",13670,"TCGA-HNSC","SRCAP",0.00814688848484846,-0.761612225767471,0.457614291151673
"1921",13671,"TCGA-HNSC","SREBF1",0.0293527261616162,-2.73777182324374,0.014840795329811
"1922",13672,"TCGA-HNSC","SREK1IP1",0.00286127396825397,-0.0993261086310972,0.922442034474137
"1923",13673,"TCGA-HNSC","SRF",0.0254286345165945,-1.91558097503737,0.0709094822182844
"1924",13674,"TCGA-HNSC","SRFBP1",-0.0148829493795093,0.721116079530322,0.483374309798621
"1925",13675,"TCGA-HNSC","SRM",0.0369427821067821,-1.10673944111201,0.289889313710638
"1926",13676,"TCGA-HNSC","SRP14",0.0312285914141415,-1.27292982237561,0.224527373134556
"1927",13677,"TCGA-HNSC","SRP19",0.00366919031746038,-0.205267769841318,0.840669510528981
"1928",13678,"TCGA-HNSC","SRP54",-0.00475740122655122,0.269408912722048,0.79194579273777
"1929",13679,"TCGA-HNSC","SRP72",0.00278637080808086,-0.142087410955246,0.889283426652389
"1930",13680,"TCGA-HNSC","SRP9",0.0183376355988456,-0.615791132262236,0.548255985540103
"1931",13681,"TCGA-HNSC","SRPRA",0.0035739681673882,-0.293989566985575,0.773046561161322
"1932",13682,"TCGA-HNSC","SRRM1",0.0206395563492063,-1.11801847669212,0.28208023820356
"1933",13683,"TCGA-HNSC","SRRM2",0.0233807099422799,-1.34320308798143,0.19831113883813
"1934",13684,"TCGA-HNSC","SRRT",0.012297097027417,-0.486655445811578,0.634347843071133
"1935",13685,"TCGA-HNSC","SRSF1",0.00566949008658013,-0.295224100323316,0.772781067294718
"1936",13686,"TCGA-HNSC","SRSF10",0.0556706687301587,-1.98808846763378,0.0680100372566635
"1937",13687,"TCGA-HNSC","SRSF11",0.0321262105772006,-1.19873478423654,0.254866655181979
"1938",13688,"TCGA-HNSC","SRSF2",0.00323490261183262,-0.133290850900368,0.896179184864521
"1939",13689,"TCGA-HNSC","SRSF3",-0.0190633110822511,0.578914052194655,0.57324418508374
"1940",13690,"TCGA-HNSC","SRSF6",0.0369095348051948,-1.07916304661661,0.299799680358492
"1941",13691,"TCGA-HNSC","SRSF7",0.0119494152958153,-0.646246287578229,0.529106956008279
"1942",13692,"TCGA-HNSC","SS18L2",-0.0110535051226552,0.549544114006674,0.592868877995078
"1943",13693,"TCGA-HNSC","SSB",0.022179476118326,-1.07517357422143,0.301751730628737
"1944",13694,"TCGA-HNSC","SSBP1",0.0195467881962482,-1.07146122363972,0.303368482135423
"1945",13695,"TCGA-HNSC","SSBP3",0.0210948998845599,-1.55275809652756,0.138449458054627
"1946",13696,"TCGA-HNSC","SSRP1",0.022515059076479,-1.43227603169161,0.175173610133235
"1947",13697,"TCGA-HNSC","SSU72",0.0400705524963925,-1.98943193396027,0.0652095288379397
"1948",13698,"TCGA-HNSC","STAG1",0.0214454608225108,-1.62676193506482,0.123611153852017
"1949",13699,"TCGA-HNSC","STAG2",0.0186023945310245,-1.3021414922995,0.210135403964659
"1950",13700,"TCGA-HNSC","STAMBP",0.0130817872438672,-0.529983223624173,0.604720055256181
"1951",13701,"TCGA-HNSC","STEEP1",0.0306110030158731,-2.84705487527453,0.0114755107529066
"1952",13702,"TCGA-HNSC","STIL",0.0214889544155844,-1.87554945846101,0.07511594557289
"1953",13703,"TCGA-HNSC","STK11",0.0250177072871574,-1.37999931447794,0.187754224297332
"1954",13704,"TCGA-HNSC","STK40",0.035247141890332,-2.35364717537032,0.0315165863007192
"1955",13705,"TCGA-HNSC","STN1",0.0354413670851371,-1.67062048430013,0.117731028771764
"1956",13706,"TCGA-HNSC","STRAP",0.0284845624531024,-1.31929673331654,0.209061138741075
"1957",13707,"TCGA-HNSC","STRIP1",0.0125788702597402,-0.904263916830778,0.381109947336983
"1958",13708,"TCGA-HNSC","STT3A",0.0187435761904762,-1.94043545812742,0.0657388717435418
"1959",13709,"TCGA-HNSC","STX18",0.0148364620202019,-0.760432896754246,0.4616961653965
"1960",13710,"TCGA-HNSC","STX4",0.0500877640548341,-3.37271073042624,0.00482686504578053
"1961",13711,"TCGA-HNSC","STX5",0.013329322900433,-0.91000601544407,0.379050349146262
"1962",13712,"TCGA-HNSC","STXBP3",0.0109154506782106,-0.729551692259007,0.478644984489748
"1963",13713,"TCGA-HNSC","SUCO",0.0162908127417027,-1.67856791423499,0.113870005159456
"1964",13714,"TCGA-HNSC","SUDS3",0.0172571174458874,-1.21008230453115,0.246950426160993
"1965",13715,"TCGA-HNSC","SUGP1",0.0273569033621933,-1.85149854216493,0.0798775468317142
"1966",13716,"TCGA-HNSC","SUGT1",0.0351004622077923,-1.16684432178844,0.260997384802342
"1967",13717,"TCGA-HNSC","SUPT16H",0.00706420256854257,-0.443916689079015,0.664435947167948
"1968",13718,"TCGA-HNSC","SUPT20H",0.038832358023088,-2.00845203687125,0.0661185895619697
"1969",13719,"TCGA-HNSC","SUPT4H1",0.0178729543145744,-1.08007955870644,0.299433277953999
"1970",13720,"TCGA-HNSC","SUPT5H",-0.00964434552669557,0.892170248713854,0.386677922645734
"1971",13721,"TCGA-HNSC","SUPT6H",0.015245743968254,-1.15267492048842,0.269449344309787
"1972",13722,"TCGA-HNSC","SUPT7L",0.0443722676911977,-1.8105667473186,0.095123326769519
"1973",13723,"TCGA-HNSC","SUPV3L1",-0.000929653044733025,0.0577068158681941,0.954862241823502
"1974",13724,"TCGA-HNSC","SURF4",0.0287490920057719,-1.17352748029419,0.260000990455022
"1975",13725,"TCGA-HNSC","SUZ12",0.0338698104329004,-1.40843608099258,0.183993308456458
"1976",13726,"TCGA-HNSC","SYF2",0.0109024333044733,-0.584656544037773,0.56823338209312
"1977",13727,"TCGA-HNSC","SYMPK",0.0185154267388167,-1.30243352935952,0.213162584863209
"1978",13728,"TCGA-HNSC","SYNCRIP",0.0379350807359308,-1.32071013096138,0.207926112362827
"1979",13729,"TCGA-HNSC","SYS1",0.017462176955267,-1.21225338320863,0.244032512117166
"1980",13730,"TCGA-HNSC","SYVN1",0.0358073758008658,-2.08756742397443,0.0499939265423863
"1981",13731,"TCGA-HNSC","TACC3",-0.000283918860028876,0.0184976096073938,0.985494992435104
"1982",13732,"TCGA-HNSC","TADA1",0.0470581303463204,-3.13847299646528,0.00701242384764473
"1983",13733,"TCGA-HNSC","TADA2B",0.0185852209812409,-0.753185792646691,0.465492183922101
"1984",13734,"TCGA-HNSC","TADA3",0.0276105597113997,-1.4943613314918,0.158464179920362
"1985",13735,"TCGA-HNSC","TAF1",0.00711861870129871,-0.634002860041999,0.534228581059238
"1986",13736,"TCGA-HNSC","TAF10",0.0220252163636364,-1.17312168374693,0.262076081024666
"1987",13737,"TCGA-HNSC","TAF12",0.00622739404040396,-0.394994479703165,0.697357729959227
"1988",13738,"TCGA-HNSC","TAF1B",-0.00414976408369405,0.323353316398307,0.751092082886985
"1989",13739,"TCGA-HNSC","TAF1C",0.00959029308802306,-0.459142485089366,0.653583059513494
"1990",13740,"TCGA-HNSC","TAF2",0.015249982063492,-1.09699080589675,0.291381952705999
"1991",13741,"TCGA-HNSC","TAF4",0.0182953247763347,-0.999672462728847,0.336065494418398
"1992",13742,"TCGA-HNSC","TAF5",0.0144743138383838,-0.653923123613967,0.52402568169884
"1993",13743,"TCGA-HNSC","TAF5L",0.0327391872438673,-1.28833717358404,0.221159053512518
"1994",13744,"TCGA-HNSC","TAF6",-0.0100410735642136,0.973719376199504,0.342876912978771
"1995",13745,"TCGA-HNSC","TAF6L",0.0204631752092351,-1.70282569488606,0.110553785537808
"1996",13746,"TCGA-HNSC","TAF7",-0.00212939448773453,0.121249443435085,0.905372467215563
"1997",13747,"TCGA-HNSC","TAF8",0.00559963532467533,-0.313332915677414,0.758767725401754
"1998",13748,"TCGA-HNSC","TAFAZZIN",0.0224505411399711,-1.02406356563087,0.323461491919882
"1999",13749,"TCGA-HNSC","TAMM41",0.00405327901875896,-0.329972807767294,0.747062757796603
"2000",13750,"TCGA-HNSC","TANGO6",0.0123569585425686,-0.917891807282221,0.372250917631562
"2001",13751,"TCGA-HNSC","TAOK1",0.017091844112554,-1.03979778610628,0.315478703422596
"2002",13752,"TCGA-HNSC","TAPT1",0.0016700417460318,-0.106201089634211,0.91703351153772
"2003",13753,"TCGA-HNSC","TARDBP",0.0373370140259741,-1.33990983914423,0.20246876221792
"2004",13754,"TCGA-HNSC","TARS1",0.030943361024531,-2.50151556730868,0.0257735568790272
"2005",13755,"TCGA-HNSC","TARS2",0.0458778101731602,-1.97634906020972,0.0687538253922397
"2006",13756,"TCGA-HNSC","TBCA",0.0315598693073593,-1.30550192252463,0.212122630604289
"2007",13757,"TCGA-HNSC","TBCC",0.0529595013564214,-1.99364046835456,0.0717300066455039
"2008",13758,"TCGA-HNSC","TBCD",-0.00618630597402592,0.442209686423586,0.665693771355977
"2009",13759,"TCGA-HNSC","TBL1XR1",0.0341464285281385,-2.14072588327716,0.0512379180928762
"2010",13760,"TCGA-HNSC","TBL3",0.0119403166522367,-1.17764524733905,0.25923895370409
"2011",13761,"TCGA-HNSC","TCERG1",0.0511779705772005,-1.38927945534561,0.188130656435549
"2012",13762,"TCGA-HNSC","TCF3",0.0230979640981241,-1.85201418284149,0.0823389463585014
"2013",13763,"TCGA-HNSC","TCF7L2",0.0282316507503607,-1.19605970561493,0.252348699684959
"2014",13764,"TCGA-HNSC","TCOF1",0.0169549936940837,-1.09409155116552,0.292882148892043
"2015",13765,"TCGA-HNSC","TCP1",-0.00713882608946609,0.42454690101601,0.677580679864144
"2016",13766,"TCGA-HNSC","TDP2",0.0242518687590189,-0.837100290005845,0.418669159585065
"2017",13767,"TCGA-HNSC","TEAD1",0.0281961313564213,-1.56910296265768,0.137450395976724
"2018",13768,"TCGA-HNSC","TEDC1",0.0429293027994229,-1.33332056420837,0.206829624647204
"2019",13769,"TCGA-HNSC","TEDC2",0.0194491495238096,-1.09427670866647,0.2902166016372
"2020",13770,"TCGA-HNSC","TELO2",0.0318401102308802,-2.9981141586679,0.00832240993606395
"2021",13771,"TCGA-HNSC","TEN1",0.019755260894661,-1.83978583592287,0.0828168676008755
"2022",13772,"TCGA-HNSC","TENT4B",0.032825573896104,-1.77292495975051,0.0975965833116482
"2023",13773,"TCGA-HNSC","TERF2",-0.00216303450216448,0.123285139217981,0.903784719143786
"2024",13774,"TCGA-HNSC","TFAM",0.0144872426406927,-0.917180519242659,0.372462781715442
"2025",13775,"TCGA-HNSC","TFAP2A",0.0207012594083694,-0.907171424730399,0.378657345124192
"2026",13776,"TCGA-HNSC","TFAP4",0.00550538783549792,-0.271507158839041,0.790550977453558
"2027",13777,"TCGA-HNSC","TFB1M",0.0494653937085138,-1.91236485772957,0.0768339739394569
"2028",13778,"TCGA-HNSC","TFB2M",0.0187337011399711,-1.38138182336197,0.188529785020061
"2029",13779,"TCGA-HNSC","TFDP1",0.0165973853968254,-1.23417445042922,0.235823639356239
"2030",13780,"TCGA-HNSC","TFIP11",0.0165775601298701,-1.05744188735617,0.307706499578021
"2031",13781,"TCGA-HNSC","TFRC",0.0304524466233765,-2.29508238276952,0.0341583547567599
"2032",13782,"TCGA-HNSC","TGFBR1",0.0198881610389611,-1.04552429596603,0.313411010507129
"2033",13783,"TCGA-HNSC","TGIF1",0.0351529278210678,-2.25383877073548,0.0384984160046746
"2034",13784,"TCGA-HNSC","TGS1",0.0242322437229437,-1.17765457388515,0.260998053701439
"2035",13785,"TCGA-HNSC","THAP1",0.04037274002886,-2.27790437571589,0.0398436055737546
"2036",13786,"TCGA-HNSC","THAP11",0.0376869473160173,-1.20234302820725,0.252278105853935
"2037",13787,"TCGA-HNSC","THAP12",0.0254941689033189,-1.5837119166049,0.137879027651238
"2038",13788,"TCGA-HNSC","THG1L",0.0109380011255412,-0.55527518693686,0.587110715069024
"2039",13789,"TCGA-HNSC","THOC1",0.0104804541558442,-0.897121966479338,0.385051628856856
"2040",13790,"TCGA-HNSC","THOC2",0.00172367189033185,-0.201926310097833,0.842159717251828
"2041",13791,"TCGA-HNSC","THOC3",0.0155952625108224,-0.684375501330607,0.506559076472982
"2042",13792,"TCGA-HNSC","THOC5",0.0108403760606061,-1.07400610895264,0.299728066040292
"2043",13793,"TCGA-HNSC","THOC7",0.025781007950938,-1.39811039522399,0.184504349678661
"2044",13794,"TCGA-HNSC","TIAL1",0.0422326509235209,-2.11406519753498,0.0484556587649295
"2045",13795,"TCGA-HNSC","TICRR",-0.0222774503607504,1.83941794800565,0.081391515323098
"2046",13796,"TCGA-HNSC","TIMELESS",0.0262975462481962,-1.97497343361961,0.0652199636994128
"2047",13797,"TCGA-HNSC","TIMM10",-0.0178614750072149,1.25634391755704,0.22996695184077
"2048",13798,"TCGA-HNSC","TIMM13",0.0305304684271284,-1.35181251287736,0.197743834985352
"2049",13799,"TCGA-HNSC","TIMM17A",0.0272343026118326,-1.47460285454497,0.163012690701061
"2050",13800,"TCGA-HNSC","TIMM22",0.0222537951948052,-1.3925942745811,0.185530301378858
"2051",13801,"TCGA-HNSC","TIMM23",0.00577247587301588,-0.65537418918882,0.519162503316559
"2052",13802,"TCGA-HNSC","TIMM29",-0.0356031686147187,1.5777965890241,0.138936144807349
"2053",13803,"TCGA-HNSC","TIMM44",0.0149990531457431,-0.613710725000308,0.549646824153939
"2054",13804,"TCGA-HNSC","TIMM8A",0.0490348024819625,-1.69859052706709,0.112722453715645
"2055",13805,"TCGA-HNSC","TIMM9",0.00401505860028861,-0.215938475782797,0.832439996470536
"2056",13806,"TCGA-HNSC","TINF2",0.0282074482106782,-1.82287652872662,0.0874376404284413
"2057",13807,"TCGA-HNSC","TIPARP",0.020343033030303,-2.05420772154403,0.0489541752955448
"2058",13808,"TCGA-HNSC","TIPIN",-0.00276729310245305,0.14576068817496,0.886044973921628
"2059",13809,"TCGA-HNSC","TIPRL",0.0337932198556998,-1.40687611522509,0.182323146528616
"2060",13810,"TCGA-HNSC","TKT",0.0466571200721501,-2.59683940553972,0.0207367986913262
"2061",13811,"TCGA-HNSC","TLK2",0.0177118272727274,-1.23789573769764,0.237043270690671
"2062",13812,"TCGA-HNSC","TLN1",0.0259164819047619,-1.55421665194677,0.141533252237028
"2063",13813,"TCGA-HNSC","TM9SF3",0.0469155444588745,-2.58795901368718,0.0205816581113775
"2064",13814,"TCGA-HNSC","TMED10",0.0378714673737374,-1.67142033922254,0.115157909881401
"2065",13815,"TCGA-HNSC","TMED2",-0.00296848851370857,0.136637433541401,0.892944782188951
"2066",13816,"TCGA-HNSC","TMEM165",0.0256432781385282,-1.51417309899477,0.155634660075061
"2067",13817,"TCGA-HNSC","TMEM167A",0.0343309218759018,-1.8141317972861,0.0924436760208013
"2068",13818,"TCGA-HNSC","TMEM199",0.0305822632034631,-1.86609524748216,0.0768403955113787
"2069",13819,"TCGA-HNSC","TMEM41B",0.0309190637229437,-1.79648462545783,0.0942466259591435
"2070",13820,"TCGA-HNSC","TMEM80",0.0273447137373737,-1.55182979268961,0.143614480105186
"2071",13821,"TCGA-HNSC","TMX2",0.0213402987445888,-2.03379867167982,0.054131489052274
"2072",13822,"TCGA-HNSC","TNPO1",0.0274926607215007,-1.15810246672859,0.267286704559035
"2073",13823,"TCGA-HNSC","TNPO3",-0.0142672407792208,1.03794405484423,0.31310019364358
"2074",13824,"TCGA-HNSC","TOE1",0.0405480696248196,-1.8006088480024,0.0944219751553611
"2075",13825,"TCGA-HNSC","TOMM20",0.0327678120490621,-1.82132744601243,0.0891332493016573
"2076",13826,"TCGA-HNSC","TOMM22",-0.0226688105339105,1.6396877861621,0.123809454564839
"2077",13827,"TCGA-HNSC","TOMM40",0.00283635992785003,-0.25070247092345,0.805820237597334
"2078",13828,"TCGA-HNSC","TOMM70",0.028064908023088,-1.45909420834437,0.166780943898791
"2079",13829,"TCGA-HNSC","TONSL",0.0186894176334776,-2.13591268741684,0.0492586079283756
"2080",13830,"TCGA-HNSC","TOP1",0.000484690158730205,-0.0543380462016642,0.95707267885077
"2081",13831,"TCGA-HNSC","TOP2A",0.00186398662337661,-0.236626314654692,0.815782780856857
"2082",13832,"TCGA-HNSC","TOP3A",0.00492761285714283,-0.377310482222353,0.711504772553165
"2083",13833,"TCGA-HNSC","TOPBP1",0.00157632493506499,-0.0945306359396383,0.926271552579937
"2084",13834,"TCGA-HNSC","TP53",0.0256832933044733,-0.955594462562163,0.35685888546109
"2085",13835,"TCGA-HNSC","TP53BP1",0.0221976472582973,-1.74518904658809,0.0991418804492378
"2086",13836,"TCGA-HNSC","TP53RK",0.0289053504906205,-1.25928569876153,0.231170444742637
"2087",13837,"TCGA-HNSC","TP63",0.0358882291630592,-2.25911307812044,0.0375469456488331
"2088",13838,"TCGA-HNSC","TPI1",0.0265559518614719,-1.88923356276493,0.0822664475317041
"2089",13839,"TCGA-HNSC","TPK1",0.0291489513708514,-1.85629677953831,0.0831577598932361
"2090",13840,"TCGA-HNSC","TPR",0.0150659506926407,-0.780492343670848,0.449501439318057
"2091",13841,"TCGA-HNSC","TPT1",0.0319271333621933,-0.813626781481839,0.43111480277688
"2092",13842,"TCGA-HNSC","TPX2",0.0264813077056277,-1.55619881726426,0.142147247710743
"2093",13843,"TCGA-HNSC","TRA2B",0.0182727558585859,-0.852937117978594,0.407984702116544
"2094",13844,"TCGA-HNSC","TRAF2",0.0463002158441558,-1.70147106123813,0.115654891711371
"2095",13845,"TCGA-HNSC","TRAIP",0.0454009558441559,-1.99751883009109,0.0630520110843756
"2096",13846,"TCGA-HNSC","TRAPPC1",0.0389591786002886,-3.31290361341246,0.00384864320072732
"2097",13847,"TCGA-HNSC","TRAPPC11",0.0399461227417027,-3.55886516174598,0.00343649025060097
"2098",13848,"TCGA-HNSC","TRAPPC2L",0.0523919581962482,-1.49636080477676,0.159736165887071
"2099",13849,"TCGA-HNSC","TRAPPC3",0.0408080396681096,-1.58843456845227,0.138558428464377
"2100",13850,"TCGA-HNSC","TRAPPC4",0.0470774811399711,-2.13129242739581,0.0546278886669087
"2101",13851,"TCGA-HNSC","TRAPPC5",0.0388408335642135,-1.63995579686657,0.127689174172701
"2102",13852,"TCGA-HNSC","TRAPPC8",0.00121553417027409,-0.121284617437166,0.904680809681913
"2103",13853,"TCGA-HNSC","TRIAP1",0.00677233375180386,-0.565444067231654,0.576285131995121
"2104",13854,"TCGA-HNSC","TRIM28",0.0226276771284271,-1.31447384109469,0.208940353016882
"2105",13855,"TCGA-HNSC","TRIM37",0.0349871677056276,-1.70571677084702,0.109305427848398
"2106",13856,"TCGA-HNSC","TRIP12",0.0200611651082251,-1.39516517400359,0.183181292570389
"2107",13857,"TCGA-HNSC","TRIP13",0.0264291749206349,-1.18900286211394,0.25459974710296
"2108",13858,"TCGA-HNSC","TRIR",0.0445703608513709,-1.88251708067585,0.0835430218688245
"2109",13859,"TCGA-HNSC","TRIT1",0.0424059791919192,-1.31589770341187,0.210639575655145
"2110",13860,"TCGA-HNSC","TRMT10C",0.0391267234632034,-2.53114090875952,0.0236748273378026
"2111",13861,"TCGA-HNSC","TRMT112",0.0119555536219337,-0.94212015313911,0.360318919657867
"2112",13862,"TCGA-HNSC","TRMT6",0.0158931797835498,-0.739301726356522,0.473033901257761
"2113",13863,"TCGA-HNSC","TRMT61A",0.0400421734343434,-1.76016988430584,0.0997959398526251
"2114",13864,"TCGA-HNSC","TRNAU1AP",0.0369052298701299,-1.29491256549439,0.217474432872215
"2115",13865,"TCGA-HNSC","TRNT1",0.00524619847041852,-0.566074723335414,0.579462520144732
"2116",13866,"TCGA-HNSC","TRPM7",0.00754225150072152,-0.289450622951708,0.776778565812255
"2117",13867,"TCGA-HNSC","TRRAP",0.00111027835497834,-0.0852761531144934,0.932987422519814
"2118",13868,"TCGA-HNSC","TRUB2",0.0222488449783549,-2.23204000525556,0.0404433507610464
"2119",13869,"TCGA-HNSC","TSC1",0.0198887021645022,-1.39514813980984,0.183061394285014
"2120",13870,"TCGA-HNSC","TSC2",0.0150952987878789,-1.04197530480772,0.314080957883616
"2121",13871,"TCGA-HNSC","TSEN34",0.0353573292640692,-2.31739214060081,0.0351142279544331
"2122",13872,"TCGA-HNSC","TSEN54",0.0159766915007216,-1.06245318709908,0.305488509200046
"2123",13873,"TCGA-HNSC","TSG101",0.0260194309090909,-1.85049534994291,0.0824404617151657
"2124",13874,"TCGA-HNSC","TSR1",0.0197959456565656,-1.81666877477166,0.0888737195835927
"2125",13875,"TCGA-HNSC","TSR2",0.00810587705627708,-0.614204855482691,0.549689555401286
"2126",13876,"TCGA-HNSC","TTC1",0.0333945464069264,-1.91441538004149,0.0785446255924
"2127",13877,"TCGA-HNSC","TTC4",0.0423094284992785,-2.24554827597408,0.0434906096373811
"2128",13878,"TCGA-HNSC","TTC7A",0.0340464363780664,-1.68407184318483,0.114392425885535
"2129",13879,"TCGA-HNSC","TTF2",0.0359719206637807,-2.12523921352597,0.052801363189043
"2130",13880,"TCGA-HNSC","TTI1",0.0178434185281385,-0.937307369164105,0.361957107700471
"2131",13881,"TCGA-HNSC","TTK",0.0250855654834055,-1.20549408070295,0.251034951059714
"2132",13882,"TCGA-HNSC","TUBA1B",0.0258887685858585,-1.66173872050924,0.119853207483044
"2133",13883,"TCGA-HNSC","TUBA1C",0.0303113306349206,-1.69451749852498,0.109063646263201
"2134",13884,"TCGA-HNSC","TUBB",0.014469545916306,-1.22130428462504,0.24197460109095
"2135",13885,"TCGA-HNSC","TUBB3",0.0551370255844156,-1.65070683682741,0.123340883772837
"2136",13886,"TCGA-HNSC","TUBB4B",0.0427370740836941,-1.75019722761097,0.102691072794291
"2137",13887,"TCGA-HNSC","TUBD1",0.0319342752813853,-1.05937010518649,0.312124274115063
"2138",13888,"TCGA-HNSC","TUBE1",0.041679152063492,-1.75724743000596,0.101376294237121
"2139",13889,"TCGA-HNSC","TUBG1",0.0102031282683983,-0.732148355768946,0.478645460520555
"2140",13890,"TCGA-HNSC","TUBGCP2",0.0279577587734489,-1.86478491063304,0.0839174347720365
"2141",13891,"TCGA-HNSC","TUBGCP3",0.0123771585569985,-1.08576314144315,0.295939306117369
"2142",13892,"TCGA-HNSC","TUBGCP4",0.0204334958152959,-1.34232748903941,0.203766615455597
"2143",13893,"TCGA-HNSC","TUBGCP5",0.0233772435930736,-1.32299442736096,0.207500948208939
"2144",13894,"TCGA-HNSC","TUBGCP6",0.0323299950793651,-2.05188045422539,0.0615487481476617
"2145",13895,"TCGA-HNSC","TUT1",-0.028282099033189,2.00828388460917,0.0614714214776061
"2146",13896,"TCGA-HNSC","TWNK",0.0275178002453103,-1.6967322919965,0.114916814359637
"2147",13897,"TCGA-HNSC","TXN",0.0178811060606061,-1.21149155150291,0.248735315767169
"2148",13898,"TCGA-HNSC","TXNL4A",-0.00436132453102456,0.351810522945384,0.728889954834064
"2149",13899,"TCGA-HNSC","TXNL4B",0.010034282049062,-0.505988500010726,0.62081469259079
"2150",13900,"TCGA-HNSC","TXNRD1",0.010453123044733,-0.867692376685339,0.397089248315453
"2151",13901,"TCGA-HNSC","TYMS",0.0166772835930736,-0.631985040093853,0.53736222543807
"2152",13902,"TCGA-HNSC","U2AF1",0.0112544505772006,-0.659521487732549,0.52147258194848
"2153",13903,"TCGA-HNSC","U2AF2",0.0122829495093795,-0.498015585415171,0.627840230940367
"2154",13904,"TCGA-HNSC","U2SURP",0.0252257066522367,-2.71961830985647,0.0157576437686972
"2155",13905,"TCGA-HNSC","UAP1",0.0191838513852813,-2.25003629486052,0.0353278783628737
"2156",13906,"TCGA-HNSC","UBA1",0.00709910093795096,-0.699130597894739,0.494359326663646
"2157",13907,"TCGA-HNSC","UBA2",0.00318515552669552,-0.225675700228227,0.825277938524424
"2158",13908,"TCGA-HNSC","UBA3",0.00868415963924973,-0.641050768532291,0.530450571602046
"2159",13909,"TCGA-HNSC","UBA5",0.0324402065800866,-1.98737534076622,0.0671748997600343
"2160",13910,"TCGA-HNSC","UBA6",0.0340887398989899,-1.40891546865687,0.183118012060872
"2161",13911,"TCGA-HNSC","UBAP1",0.0181403985425685,-0.870395545786572,0.401475824533951
"2162",13912,"TCGA-HNSC","UBAP2L",0.0570535597979798,-2.43792200009974,0.0304403430990465
"2163",13913,"TCGA-HNSC","UBE2A",0.0168497410101011,-0.701542107342203,0.493943764507031
"2164",13914,"TCGA-HNSC","UBE2C",0.0340906755266955,-1.06752330590583,0.306976662210035
"2165",13915,"TCGA-HNSC","UBE2D3",0.019568638008658,-0.936503011043099,0.366671876764353
"2166",13916,"TCGA-HNSC","UBE2F",0.0449260609523809,-2.07040512759107,0.0562895674508239
"2167",13917,"TCGA-HNSC","UBE2G2",0.0492131494949495,-1.69449120510603,0.113415411262682
"2168",13918,"TCGA-HNSC","UBE2H",0.0239871813997115,-1.29610355334105,0.216310330000958
"2169",13919,"TCGA-HNSC","UBE2I",-0.0129034598701299,1.02129829535581,0.324569591090527
"2170",13920,"TCGA-HNSC","UBE2J2",0.0220005317893218,-1.43725060825441,0.173404574851573
"2171",13921,"TCGA-HNSC","UBE2K",0.0259144171139971,-0.964182214155967,0.352389820795565
"2172",13922,"TCGA-HNSC","UBE2L3",0.00457212825396824,-0.384914028593022,0.705077354374888
"2173",13923,"TCGA-HNSC","UBE2M",-0.00452317352092346,0.339016693205819,0.739506741440213
"2174",13924,"TCGA-HNSC","UBE2N",0.0259237733189033,-2.64039269602134,0.0161187230653357
"2175",13925,"TCGA-HNSC","UBE2Q1",0.0357909746753247,-2.08844196718145,0.0552082157228862
"2176",13926,"TCGA-HNSC","UBE2S",0.0437803267532468,-2.25794612476081,0.0404223687966019
"2177",13927,"TCGA-HNSC","UBE3D",0.0519144561471861,-2.23706346516608,0.0435950674856656
"2178",13928,"TCGA-HNSC","UBE4B",0.0271103752525252,-1.30021923432374,0.213137463456053
"2179",13929,"TCGA-HNSC","UBIAD1",0.031179670966811,-1.43857913179891,0.176538407954858
"2180",13930,"TCGA-HNSC","UBL5",-0.0230819871717172,0.981104279129725,0.344107464797865
"2181",13931,"TCGA-HNSC","UBR4",0.0273177152669553,-1.65971965901719,0.121260136108952
"2182",13932,"TCGA-HNSC","UBR5",0.0206314687012986,-0.928543025741461,0.368570338119456
"2183",13933,"TCGA-HNSC","UBTF",-0.000889743506493512,0.111517879931004,0.912442321668107
"2184",13934,"TCGA-HNSC","UBXN4",0.0314371756565657,-1.29757380543262,0.216788659541604
"2185",13935,"TCGA-HNSC","UCHL5",0.0318443754256855,-1.86349679033245,0.0824632481100256
"2186",13936,"TCGA-HNSC","UFD1",0.050504367070707,-1.99751952984645,0.069925691834333
"2187",13937,"TCGA-HNSC","UFL1",0.0431490088455988,-2.8735475248575,0.0127841922610934
"2188",13938,"TCGA-HNSC","UFM1",0.0360188739105339,-1.69172953839003,0.113891441609828
"2189",13939,"TCGA-HNSC","UFSP2",0.0217154179220779,-1.41306818873222,0.178565500287753
"2190",13940,"TCGA-HNSC","UGCG",0.0440792395959596,-2.55022848670985,0.0239280996799954
"2191",13941,"TCGA-HNSC","UGP2",0.0273427153102452,-2.19164509773026,0.0472854541761546
"2192",13942,"TCGA-HNSC","UMPS",0.0442204180663781,-1.7486405913447,0.105582550415836
"2193",13943,"TCGA-HNSC","UNC50",0.0231652187445888,-1.86731437822651,0.0821816973516325
"2194",13944,"TCGA-HNSC","UPF1",0.0331494904761905,-2.47997214710568,0.0257294682256203
"2195",13945,"TCGA-HNSC","UPF2",0.00796576688311679,-0.81247958171892,0.429357868807314
"2196",13946,"TCGA-HNSC","UQCR10",0.035474628037518,-2.17712725817286,0.0470168244951199
"2197",13947,"TCGA-HNSC","UQCRB",0.0272502981385282,-2.54349377999442,0.0223985666052447
"2198",13948,"TCGA-HNSC","UQCRC1",0.0296470563636364,-2.31803332137564,0.0352540950632657
"2199",13949,"TCGA-HNSC","UQCRC2",0.0347700845021645,-2.55902187068722,0.0232835863447503
"2200",13950,"TCGA-HNSC","UQCRFS1",0.0430434206782107,-4.69150426565678,0.000143780459782396
"2201",13951,"TCGA-HNSC","URB1",0.0272169601587301,-1.78516216860664,0.0925268925604233
"2202",13952,"TCGA-HNSC","URB2",0.0416670708802309,-1.72617723931682,0.10894587738536
"2203",13953,"TCGA-HNSC","URI1",0.0490408470707071,-1.83950332119868,0.0866558957858711
"2204",13954,"TCGA-HNSC","URM1",0.0357315615873015,-3.93470945125515,0.000262979824585635
"2205",13955,"TCGA-HNSC","UROD",0.0241938866810967,-1.43353850668449,0.175555076730767
"2206",13956,"TCGA-HNSC","UROS",0.044610528989899,-1.97410201813442,0.0679890957541663
"2207",13957,"TCGA-HNSC","USE1",0.0241806713419914,-1.59176340200918,0.131572350464868
"2208",13958,"TCGA-HNSC","USP1",0.0239861105339105,-1.33668859347977,0.202887473268591
"2209",13959,"TCGA-HNSC","USP10",0.0218100761471861,-1.03196359608356,0.32103417805393
"2210",13960,"TCGA-HNSC","USP14",0.0316986131601732,-1.30227442822205,0.215264764500195
"2211",13961,"TCGA-HNSC","USP17L10",0.0663072054834055,-1.69547390178887,0.117113289444606
"2212",13962,"TCGA-HNSC","USP18",0.031918963924964,-1.30572788264803,0.213563423417117
"2213",13963,"TCGA-HNSC","USP36",0.0268131096969697,-1.18000284302319,0.26139261428187
"2214",13964,"TCGA-HNSC","USP37",0.0166738880663782,-1.41196888315242,0.182535980191615
"2215",13965,"TCGA-HNSC","USP39",-0.00885466353535358,0.343732332830588,0.737258668121749
"2216",13966,"TCGA-HNSC","USP5",-0.0101234144588744,1.01573363521315,0.32482995897984
"2217",13967,"TCGA-HNSC","USP7",0.012220404025974,-0.822215283830803,0.422838357889707
"2218",13968,"TCGA-HNSC","USP8",0.0097522320923521,-0.780066855888687,0.445625059326492
"2219",13969,"TCGA-HNSC","USP9X",0.0115181732467533,-0.783670657653046,0.44528904591985
"2220",13970,"TCGA-HNSC","USPL1",0.0158927128282829,-0.810514973961526,0.429881945106134
"2221",13971,"TCGA-HNSC","UTP11",0.0190522368109668,-1.07360011477139,0.300768343373159
"2222",13972,"TCGA-HNSC","UTP15",0.0103339793795093,-1.15547025708106,0.260846354530654
"2223",13973,"TCGA-HNSC","UTP18",0.0117344923232323,-0.84057860534008,0.41639503733003
"2224",13974,"TCGA-HNSC","UTP20",0.0367316646176046,-2.14867193232216,0.0498739630589046
"2225",13975,"TCGA-HNSC","UTP23",0.0327308885281384,-2.60391620413274,0.0212750812444009
"2226",13976,"TCGA-HNSC","UTP3",0.0161110044155844,-0.626695139962545,0.541620726929191
"2227",13977,"TCGA-HNSC","UTP4",0.0048823764502165,-0.400314402294074,0.695366697846904
"2228",13978,"TCGA-HNSC","UXS1",0.0205788264502165,-1.68001426794553,0.117270951211851
"2229",13979,"TCGA-HNSC","UXT",0.0459050344155844,-2.29183686991484,0.041110970922392
"2230",13980,"TCGA-HNSC","VARS1",0.0103565074891775,-0.620515932653971,0.546313745951675
"2231",13981,"TCGA-HNSC","VARS2",0.0464037402453102,-2.46260320573013,0.0239024938783707
"2232",13982,"TCGA-HNSC","VBP1",0.0516367478499278,-2.0655472201242,0.0609679394938452
"2233",13983,"TCGA-HNSC","VCL",0.0295229281673882,-1.91709619428515,0.0740132109313132
"2234",13984,"TCGA-HNSC","VCP",-0.0145595764646465,0.461328784602002,0.651972912864058
"2235",13985,"TCGA-HNSC","VCPIP1",0.00949461741702751,-0.729711228202727,0.47875895358148
"2236",13986,"TCGA-HNSC","VDAC1",0.0271681683549784,-2.13711723771176,0.0525769911321586
"2237",13987,"TCGA-HNSC","VHL",0.018682215036075,-1.16386632432397,0.263036276865978
"2238",13988,"TCGA-HNSC","VIRMA",-0.00550512746031739,0.391841184964088,0.699445629795208
"2239",13989,"TCGA-HNSC","VMA21",0.0236712395959596,-0.947515465058443,0.361096551332812
"2240",13990,"TCGA-HNSC","VMP1",0.029836004040404,-2.45834311816683,0.0289003911357155
"2241",13991,"TCGA-HNSC","VPS13D",0.035383717994228,-2.25763746672011,0.0376652380729527
"2242",13992,"TCGA-HNSC","VPS16",0.0267022681096681,-1.23691311210686,0.235116828157013
"2243",13993,"TCGA-HNSC","VPS18",0.0173683433621934,-0.82581363093451,0.423661274872348
"2244",13994,"TCGA-HNSC","VPS25",0.0289298137950938,-1.64580263223245,0.121465361759007
"2245",13995,"TCGA-HNSC","VPS28",-0.00539603288600299,0.355431067036931,0.728016035869225
"2246",13996,"TCGA-HNSC","VPS29",0.0443510360750361,-2.11115631355421,0.0549971426694636
"2247",13997,"TCGA-HNSC","VPS33A",0.0221094898556998,-1.23848887143312,0.234229279623078
"2248",13998,"TCGA-HNSC","VPS35",0.0429709697979798,-2.19461092220947,0.0459795568667448
"2249",13999,"TCGA-HNSC","VPS36",0.0231767203174603,-1.0654654147576,0.306736379112657
"2250",14000,"TCGA-HNSC","VPS37A",0.0428240983261183,-1.27808461079785,0.226386018816138
"2251",14001,"TCGA-HNSC","VPS41",0.0377887085137085,-2.1605059696838,0.0525611129883689
"2252",14002,"TCGA-HNSC","VPS45",0.0251485892496393,-2.51770760170271,0.0216872871107338
"2253",14003,"TCGA-HNSC","VPS4A",0.023264667994228,-0.971545119235071,0.344841661856674
"2254",14004,"TCGA-HNSC","VPS4B",0.0330331468686869,-1.96004813366868,0.0723838952676247
"2255",14005,"TCGA-HNSC","VPS51",0.0395185416738817,-1.54583336089164,0.14818262650168
"2256",14006,"TCGA-HNSC","VPS52",0.0187280531890331,-1.1631356140065,0.264816922834361
"2257",14007,"TCGA-HNSC","VPS53",0.0343815275036075,-1.51422443445762,0.156698602766395
"2258",14008,"TCGA-HNSC","VPS54",0.0184522834632035,-0.711601592915796,0.490042815341367
"2259",14009,"TCGA-HNSC","VRK1",0.00358944454545462,-0.230591284371951,0.820769940577144
"2260",14010,"TCGA-HNSC","WAC",0.0162141772005773,-1.79990479938558,0.0911780963772684
"2261",14011,"TCGA-HNSC","WARS1",0.0451640282972582,-1.91771601078155,0.077450267559977
"2262",14012,"TCGA-HNSC","WARS2",0.0384961449350649,-1.61412332098544,0.131341952062526
"2263",14013,"TCGA-HNSC","WASHC2C",0.0222857631457432,-1.69749668011035,0.10702724191384
"2264",14014,"TCGA-HNSC","WASHC3",0.0287532032178932,-1.52175960067286,0.151630560886454
"2265",14015,"TCGA-HNSC","WBP11",0.0247968121645021,-1.21338866061486,0.247365142455113
"2266",14016,"TCGA-HNSC","WDHD1",0.0114030292496393,-0.778035543465963,0.450191086965105
"2267",14017,"TCGA-HNSC","WDR1",0.0170738012121212,-0.989838559624251,0.339733383332199
"2268",14018,"TCGA-HNSC","WDR12",0.0121104357864358,-1.39995492932465,0.181219992369711
"2269",14019,"TCGA-HNSC","WDR18",0.0247134704040404,-1.72228925883313,0.106293267466452
"2270",14020,"TCGA-HNSC","WDR24",0.0206684334343434,-1.06469272461359,0.306935429768289
"2271",14021,"TCGA-HNSC","WDR26",0.0295998637950938,-2.22181574482704,0.0439276571299123
"2272",14022,"TCGA-HNSC","WDR3",0.0293121875468976,-2.742953552214,0.0160805367441817
"2273",14023,"TCGA-HNSC","WDR33",-0.00764856402597403,0.516928182100218,0.613570473196465
"2274",14024,"TCGA-HNSC","WDR36",0.0200880970995672,-1.04118499463508,0.318219200152154
"2275",14025,"TCGA-HNSC","WDR4",0.019294208051948,-1.11157945154346,0.285507572791932
"2276",14026,"TCGA-HNSC","WDR43",0.0113165023953824,-0.81561649519893,0.430614157642711
"2277",14027,"TCGA-HNSC","WDR46",0.0219497463492063,-1.71186390817876,0.109846153970431
"2278",14028,"TCGA-HNSC","WDR48",0.036214657936508,-1.27389588339494,0.225585659390909
"2279",14029,"TCGA-HNSC","WDR5",0.0124972233621934,-1.00685128678144,0.330547794781233
"2280",14030,"TCGA-HNSC","WDR55",0.0378414297835498,-2.11501840800286,0.0532536145922993
"2281",14031,"TCGA-HNSC","WDR7",0.00997878621933623,-0.730454756970208,0.478075131429329
"2282",14032,"TCGA-HNSC","WDR73",0.0582195695382395,-1.8901065264293,0.0830116044971685
"2283",14033,"TCGA-HNSC","WDR74",0.00498424190476188,-0.285522622552266,0.779812898105293
"2284",14034,"TCGA-HNSC","WDR75",0.0067983388600289,-0.503993792651648,0.623027179544554
"2285",14035,"TCGA-HNSC","WDR77",0.0112236537229438,-0.625385590759279,0.543113374239848
"2286",14036,"TCGA-HNSC","WDR82",-0.00154104216450224,0.121139197936188,0.905133626686683
"2287",14037,"TCGA-HNSC","WDR83",0.0516506772438673,-1.58368089230742,0.138682528558708
"2288",14038,"TCGA-HNSC","WEE1",6.25483405483629e-05,-0.0027778665756884,0.997827838090086
"2289",14039,"TCGA-HNSC","WNK1",0.014954835064935,-1.19192692107811,0.244736325269669
"2290",14040,"TCGA-HNSC","WRN",0.0444101791774891,-1.6310675987332,0.127194276593818
"2291",14041,"TCGA-HNSC","WTAP",0.0328995216017316,-2.3057949864406,0.0359462167829794
"2292",14042,"TCGA-HNSC","WWTR1",0.0374544048773449,-1.86384458204066,0.0841667131307047
"2293",14043,"TCGA-HNSC","XAB2",-0.0115929180663781,0.70485888240294,0.493008967350446
"2294",14044,"TCGA-HNSC","XPO1",-0.00143918284271283,0.137022713535681,0.893098164539228
"2295",14045,"TCGA-HNSC","XPO5",0.042161771067821,-1.57177543242084,0.141961988622106
"2296",14046,"TCGA-HNSC","XPOT",0.0197795876334776,-0.655874298884062,0.523358097977344
"2297",14047,"TCGA-HNSC","XPR1",0.025390382077922,-1.04478424622094,0.315783331593017
"2298",14048,"TCGA-HNSC","XRCC2",0.0253517497691198,-1.10864223957377,0.285435897612626
"2299",14049,"TCGA-HNSC","XRCC3",0.0225785062049062,-2.20167135664895,0.0421991084309565
"2300",14050,"TCGA-HNSC","XRCC5",0.00720058613275609,-0.503783679168194,0.621746864171101
"2301",14051,"TCGA-HNSC","XRCC6",-0.00679967225108224,0.515478974161189,0.612644968671
"2302",14052,"TCGA-HNSC","XRN1",0.0172209336940837,-1.34710443799123,0.196797126505779
"2303",14053,"TCGA-HNSC","XRN2",0.0502649882395383,-2.8347691102095,0.013034260144071
"2304",14054,"TCGA-HNSC","XYLT2",0.0183114163492064,-0.958585728835657,0.353723171752862
"2305",14055,"TCGA-HNSC","YAP1",0.0312270423520923,-1.3483341197985,0.200024327950006
"2306",14056,"TCGA-HNSC","YARS1",0.0160177131168831,-1.34915160791487,0.200033533331467
"2307",14057,"TCGA-HNSC","YARS2",0.0228724832467533,-1.89449037651401,0.0784342369725234
"2308",14058,"TCGA-HNSC","YBX1",0.0437375974603175,-1.56163446708012,0.140912675921055
"2309",14059,"TCGA-HNSC","YEATS2",0.0419285370995671,-1.57118690144872,0.141530076134715
"2310",14060,"TCGA-HNSC","YEATS4",0.0350078713852814,-1.58949086609929,0.135933113942081
"2311",14061,"TCGA-HNSC","YJU2",0.0154274843867245,-0.687711540404688,0.503014875641196
"2312",14062,"TCGA-HNSC","YJU2B",0.0363737615007216,-0.979565154798025,0.345927933884922
"2313",14063,"TCGA-HNSC","YKT6",0.0270491487878788,-1.78772943258146,0.0969874842401974
"2314",14064,"TCGA-HNSC","YME1L1",0.01807884997114,-0.880426528022035,0.394060564482455
"2315",14065,"TCGA-HNSC","YRDC",0.0130849394949495,-0.722691309374634,0.478109264154997
"2316",14066,"TCGA-HNSC","YTHDF2",0.0298346684126984,-1.47346621493035,0.159673561297062
"2317",14067,"TCGA-HNSC","YWHAE",0.0509793214574314,-1.49751143813008,0.160028745440046
"2318",14068,"TCGA-HNSC","YY1",0.0313915969552669,-2.3117123237405,0.0375498664210294
"2319",14069,"TCGA-HNSC","ZBTB7A",0.0307279252236652,-1.46487687218127,0.166200287198141
"2320",14070,"TCGA-HNSC","ZBTB8OS",0.0233483363636364,-1.3564329581646,0.194814094676475
"2321",14071,"TCGA-HNSC","ZC3H10",0.0386327655555555,-1.6218523382362,0.126358134209861
"2322",14072,"TCGA-HNSC","ZC3H13",0.0288549266522367,-1.66085674141648,0.119624292443689
"2323",14073,"TCGA-HNSC","ZC3H18",0.0213615076190476,-1.08358327901076,0.297692042284477
"2324",14074,"TCGA-HNSC","ZC3H8",0.0240612764935065,-1.37048480453338,0.193730819195864
"2325",14075,"TCGA-HNSC","ZCRB1",0.0496614923665223,-1.28009283390708,0.223857774713509
"2326",14076,"TCGA-HNSC","ZEB1",0.00280537624819621,-0.176916431474975,0.861579670309776
"2327",14077,"TCGA-HNSC","ZEB2",0.0249002921933622,-1.90581530230393,0.0775924555655629
"2328",14078,"TCGA-HNSC","ZFC3H1",0.0334226300577201,-2.13706355764132,0.0525755330816735
"2329",14079,"TCGA-HNSC","ZFP36L1",0.0204651989177489,-0.885712338802739,0.389461224660557
"2330",14080,"TCGA-HNSC","ZFP36L2",0.0318809569264069,-1.10267284547052,0.290152186580223
"2331",14081,"TCGA-HNSC","ZFX",0.0142315674458874,-0.934438132728907,0.365038732727574
"2332",14082,"TCGA-HNSC","ZMAT2",0.0213846295959595,-1.15071777661929,0.272637228527757
"2333",14083,"TCGA-HNSC","ZMAT5",0.0646282953968255,-2.39800534816137,0.0312467532305629
"2334",14084,"TCGA-HNSC","ZMYND8",0.026447359119769,-1.39388901861721,0.185153791332649
"2335",14085,"TCGA-HNSC","ZNF131",-0.00575574535353529,0.691184925825335,0.499669686741135
"2336",14086,"TCGA-HNSC","ZNF207",0.0128163634054834,-0.829620030101481,0.41910870754442
"2337",14087,"TCGA-HNSC","ZNF217",0.0226377489610389,-1.50217781987527,0.155290452430305
"2338",14088,"TCGA-HNSC","ZNF236",0.0372897561038962,-2.27862960237421,0.0382911222473656
"2339",14089,"TCGA-HNSC","ZNF407",0.00926603728715736,-0.674691703717226,0.512865710327381
"2340",14090,"TCGA-HNSC","ZNF574",0.0352634685569986,-2.06626355516497,0.0589964270805111
"2341",14091,"TCGA-HNSC","ZNF622",0.0352062901154401,-1.50234089000955,0.157190534229368
"2342",14092,"TCGA-HNSC","ZNF830",0.0228910984559884,-1.17035025213886,0.259860806735259
"2343",14093,"TCGA-HNSC","ZNHIT1",0.0640696026551227,-2.28371868026685,0.0402882326313499
"2344",14094,"TCGA-HNSC","ZNHIT3",0.0233157964069265,-2.15075136408766,0.0400847040924695
"2345",14095,"TCGA-HNSC","ZNHIT6",0.0465571065945165,-1.97535157793423,0.0714149878951052
"2346",14096,"TCGA-HNSC","ZPR1",0.0190955734343434,-1.37505553803709,0.191242697224644
"2347",14097,"TCGA-HNSC","ZRANB2",0.0549674481673882,-1.85315965007411,0.0875010563652871
"2348",14098,"TCGA-HNSC","ZRSR2",0.0517533061327562,-1.52783486231904,0.151644718924041
"2349",14099,"TCGA-HNSC","ZW10",0.0347602381096681,-1.6843099139148,0.115286773619587
"2350",14100,"TCGA-HNSC","ZWINT",0.0150361504906205,-1.0758430706757,0.301015918428827
