genes,samples,preds
ELOB,ACH-000439,0.5778611
PSMC5,ACH-000439,0.6228388
DNAJC9,ACH-000439,0.5789226
DKC1,ACH-000439,0.5634026
PPP1R7,ACH-000439,0.7579639
SNRPE,ACH-000439,0.45519206
ORC1,ACH-000439,0.7029426
ZNHIT3,ACH-000439,0.7623386
TAF8,ACH-000439,0.7073002
UMPS,ACH-000439,0.7239221
HDAC1,ACH-000439,0.84727013
CHKA,ACH-000439,0.81200576
SRSF10,ACH-000439,0.71011794
RPL18,ACH-000439,0.5415412
CCDC51,ACH-000439,0.84253246
SYMPK,ACH-000439,0.66124225
WDR33,ACH-000439,0.4730792
CTPS1,ACH-000439,0.70154184
RPS2,ACH-000439,0.55737996
CSE1L,ACH-000439,0.46200702
ACTR3,ACH-000439,0.81443894
MRPL41,ACH-000439,0.7561015
MALSU1,ACH-000439,0.8454073
MTF1,ACH-000439,0.82389337
CNOT4,ACH-000439,0.8084118
NDUFA3,ACH-000439,0.8191507
CBLL1,ACH-000439,0.8088532
INTS9,ACH-000439,0.57700074
CSH2,ACH-000439,0.8125399
SIN3A,ACH-000439,0.6873135
GNL2,ACH-000439,0.60243946
HCCS,ACH-000439,0.83175904
H2BC21,ACH-000439,0.6849368
NF2,ACH-000439,0.9323764
PRPF4,ACH-000439,0.5445251
VIRMA,ACH-000439,0.7060558
ZPR1,ACH-000439,0.6604637
RANGAP1,ACH-000439,0.56200063
POLR2B,ACH-000439,0.46408337
POLD3,ACH-000439,0.5186307
MDN1,ACH-000439,0.56329525
CDC26,ACH-000439,0.757493
AARS2,ACH-000439,0.7167834
CDAN1,ACH-000439,0.7013027
TRNT1,ACH-000439,0.6103741
MSTO1,ACH-000439,0.8929306
H2BC11,ACH-000439,0.57800835
LRPPRC,ACH-000439,0.73194104
HSPD1,ACH-000439,0.54684705
FANCF,ACH-000439,0.80561656
SNRNP40,ACH-000439,0.61243176
RELA,ACH-000439,0.7936563
ECT2,ACH-000439,0.7087801
TAF1B,ACH-000439,0.6568968
DBR1,ACH-000439,0.44003868
RRM1,ACH-000439,0.43013322
ATP6AP1,ACH-000439,0.6477052
ZNF236,ACH-000439,0.8368123
PAK2,ACH-000439,0.8655335
GTF2E2,ACH-000439,0.62346935
SNAP23,ACH-000439,0.7376051
DAD1,ACH-000439,0.4882807
TUBGCP6,ACH-000439,0.68047965
SEM1,ACH-000439,0.7135165
IGBP1,ACH-000439,0.6085558
WDR48,ACH-000439,0.76969004
DTL,ACH-000439,0.45466506
COX15,ACH-000439,0.82009727
HAUS3,ACH-000439,0.6495356
CIAO2B,ACH-000439,0.65956706
CDK7,ACH-000439,0.5033642
MRPL3,ACH-000439,0.7327737
CYB5R4,ACH-000439,0.83192545
HTATSF1,ACH-000439,0.71667343
EIF3G,ACH-000439,0.6752917
TXNRD1,ACH-000439,0.7931753
HSCB,ACH-000439,0.73682153
TAF10,ACH-000439,0.7422244
EIF5,ACH-000439,0.615328
HUS1,ACH-000439,0.7672208
MED24,ACH-000439,0.7230469
COX19,ACH-000439,0.76214725
PRPF39,ACH-000439,0.7868786
DDX54,ACH-000439,0.5996208
HSP90B1,ACH-000439,0.7644351
RPL17,ACH-000439,0.27553988
HYPK,ACH-000439,0.7144541
POM121C,ACH-000439,0.76762456
LSM4,ACH-000439,0.5244418
MAPK1,ACH-000439,0.84017795
TRAPPC2L,ACH-000439,0.8460947
RPS8,ACH-000439,0.27304983
MED19,ACH-000439,0.7118985
SGO1,ACH-000439,0.7204417
SRBD1,ACH-000439,0.6166099
UBE2G2,ACH-000439,0.80572724
NDC1,ACH-000439,0.75161266
SUZ12,ACH-000439,0.7161112
BRIP1,ACH-000439,0.7793625
MNAT1,ACH-000439,0.7147651
CDC123,ACH-000439,0.4714802
HSPE1,ACH-000439,0.17270507
QRSL1,ACH-000439,0.8293008
UXT,ACH-000439,0.6635953
RHEB,ACH-000439,0.73794883
KLF5,ACH-000439,0.8533265
PTPMT1,ACH-000439,0.7523299
LAMTOR3,ACH-000439,0.76882887
RBM15,ACH-000439,0.77540827
PPP1CA,ACH-000439,0.7511219
PGGT1B,ACH-000439,0.7443646
CDC45,ACH-000439,0.41942516
INTS14,ACH-000439,0.83641
KARS1,ACH-000439,0.5567245
SKP2,ACH-000439,0.7878461
NUP107,ACH-000439,0.64191675
MRPS18B,ACH-000439,0.83245325
RAB10,ACH-000439,0.7965165
HNRNPF,ACH-000439,0.8070546
RGP1,ACH-000439,0.714396
COPS8,ACH-000439,0.6550758
FAM50A,ACH-000439,0.7407497
NXT1,ACH-000439,0.7900611
WARS1,ACH-000439,0.6474306
SLC25A3,ACH-000439,0.72665304
TP63,ACH-000439,0.92983043
CAPRIN1,ACH-000439,0.88046527
COX6C,ACH-000439,0.7855056
FLII,ACH-000439,0.83327013
METTL3,ACH-000439,0.7520847
NDUFA8,ACH-000439,0.7365527
ZNHIT6,ACH-000439,0.6907407
WAC,ACH-000439,0.7893317
TADA1,ACH-000439,0.90994865
PBRM1,ACH-000439,0.81623876
IMP4,ACH-000439,0.611
PELO,ACH-000439,0.7334877
CPSF6,ACH-000439,0.71507365
AATF,ACH-000439,0.72509915
RPF1,ACH-000439,0.67172694
POLR1C,ACH-000439,0.5401063
RPS3A,ACH-000439,0.3188009
PCYT1A,ACH-000439,0.6999234
CHERP,ACH-000439,0.6731747
PPP4R2,ACH-000439,0.7653649
PPP1R15B,ACH-000439,0.77746475
AHCY,ACH-000439,0.747239
GUK1,ACH-000439,0.6278452
SNAPC5,ACH-000439,0.6047157
MEPCE,ACH-000439,0.6562841
GFER,ACH-000439,0.69875556
BUB3,ACH-000439,0.39321536
UPF2,ACH-000439,0.5867257
RRAGA,ACH-000439,0.8226636
BRD2,ACH-000439,0.8031751
MVD,ACH-000439,0.7523709
SNRPB,ACH-000439,0.51984006
SNRPG,ACH-000439,0.53058106
HMGCR,ACH-000439,0.7345733
TACC3,ACH-000439,0.75822616
PHAX,ACH-000439,0.6402234
SGF29,ACH-000439,0.7784287
CCNA2,ACH-000439,0.67252696
EXOSC1,ACH-000439,0.7286045
VPS29,ACH-000439,0.7636412
NDUFA4,ACH-000439,0.77242506
VDAC1,ACH-000439,0.72810984
GTPBP10,ACH-000439,0.84511936
TUBGCP2,ACH-000439,0.6915313
CPSF4,ACH-000439,0.60682726
MCM7,ACH-000439,0.506141
ARPC4,ACH-000439,0.7047902
COPS6,ACH-000439,0.547503
RBM5,ACH-000439,0.78852177
JMJD6,ACH-000439,0.79457986
RIC1,ACH-000439,0.767167
RRP1,ACH-000439,0.71926904
CDK1,ACH-000439,0.4081583
DIS3,ACH-000439,0.73823214
RAC3,ACH-000439,0.803897
TAF7,ACH-000439,0.7081026
H3-3A,ACH-000439,0.61662644
SOS1,ACH-000439,0.852877
DPY19L2,ACH-000439,0.8321946
WDR43,ACH-000439,0.5552169
SNRNP200,ACH-000439,0.38233232
MGAT1,ACH-000439,0.8576957
CCT3,ACH-000439,0.53302014
SF3B4,ACH-000439,0.48722503
RPS13,ACH-000439,0.57858753
ASCC3,ACH-000439,0.7937808
PAXBP1,ACH-000439,0.7236944
UFL1,ACH-000439,0.8026991
ANKRD17,ACH-000439,0.87154615
CRAMP1,ACH-000439,0.8165542
GGPS1,ACH-000439,0.60980463
CCDC22,ACH-000439,0.8124124
LSM3,ACH-000439,0.4927171
NDUFAF8,ACH-000439,0.76171833
NUP133,ACH-000439,0.58883107
C3orf38,ACH-000439,0.758635
RMND5A,ACH-000439,0.8159985
CTDNEP1,ACH-000439,0.8008711
ATP6V1B2,ACH-000439,0.49449292
POLR3K,ACH-000439,0.58634824
PPP1R12A,ACH-000439,0.70064676
AASDHPPT,ACH-000439,0.85390985
FERMT2,ACH-000439,0.85717034
ILF3,ACH-000439,0.66796315
MPHOSPH10,ACH-000439,0.6398319
KRR1,ACH-000439,0.67091864
EARS2,ACH-000439,0.84415007
ACO2,ACH-000439,0.6797119
ENY2,ACH-000439,0.7595363
CPSF3,ACH-000439,0.5125024
ZWINT,ACH-000439,0.8158576
NUP35,ACH-000439,0.78187114
MYB,ACH-000439,0.76471853
GRHL2,ACH-000439,0.7801269
ATP5F1C,ACH-000439,0.7213956
WDR3,ACH-000439,0.60028315
MANF,ACH-000439,0.8439428
MRTO4,ACH-000439,0.6850834
CAMLG,ACH-000439,0.69793075
RFC3,ACH-000439,0.5817574
RPL36,ACH-000439,0.42336184
ATP5F1D,ACH-000439,0.73768395
ELP2,ACH-000439,0.6816424
DNAJC13,ACH-000439,0.83418804
BIRC2,ACH-000439,0.8265006
ADAR,ACH-000439,0.7621444
LSM6,ACH-000439,0.7240433
POLR1E,ACH-000439,0.7152733
UBE2I,ACH-000439,0.42791468
NEPRO,ACH-000439,0.70327234
WDR12,ACH-000439,0.59501815
TSR1,ACH-000439,0.6343216
SF1,ACH-000439,0.39545754
POU2AF1,ACH-000439,0.77726966
RMI1,ACH-000439,0.7508292
SLC35A2,ACH-000439,0.8576236
BRCA2,ACH-000439,0.8223826
COPS2,ACH-000439,0.6262449
DNAJA1,ACH-000439,0.7766129
POLR2D,ACH-000439,0.48957574
WWTR1,ACH-000439,0.89518726
DOLK,ACH-000439,0.7830409
EMC6,ACH-000439,0.81784046
MBTPS2,ACH-000439,0.75874406
FAM98B,ACH-000439,0.8493927
PPP2CA,ACH-000439,0.6460715
YTHDF2,ACH-000439,0.7878577
MTRF1L,ACH-000439,0.78720254
RPS28,ACH-000439,0.4292222
NCAPH2,ACH-000439,0.77948576
TFIP11,ACH-000439,0.6674577
SNW1,ACH-000439,0.54664475
DDX47,ACH-000439,0.5333724
TSG101,ACH-000439,0.6397798
THOC2,ACH-000439,0.56140363
TCP1,ACH-000439,0.51064783
DYNC1I2,ACH-000439,0.55923164
AQR,ACH-000439,0.5845119
ACTR2,ACH-000439,0.6855512
FANCM,ACH-000439,0.75623184
CHD7,ACH-000439,0.81246656
GTF2B,ACH-000439,0.506231
RPP14,ACH-000439,0.63603866
ADRM1,ACH-000439,0.81428605
BMPR1A,ACH-000439,0.7941199
SETD5,ACH-000439,0.7847855
EXT2,ACH-000439,0.8481773
FECH,ACH-000439,0.717181
TAFAZZIN,ACH-000439,0.65880215
LARP1,ACH-000439,0.8275446
PSMD2,ACH-000439,0.626862
TRIP12,ACH-000439,0.79137146
RTEL1,ACH-000439,0.7467746
VPS54,ACH-000439,0.789061
PPIH,ACH-000439,0.8747876
ZMAT2,ACH-000439,0.61462224
OXSM,ACH-000439,0.8144319
GINS1,ACH-000439,0.4597431
SEH1L,ACH-000439,0.6414657
PRIM1,ACH-000439,0.5177944
MMGT1,ACH-000439,0.8134314
RAD51D,ACH-000439,0.7411857
DHX16,ACH-000439,0.6272668
NOP56,ACH-000439,0.61283886
ATP2C1,ACH-000439,0.8583504
MICOS10,ACH-000439,0.7268174
BRAF,ACH-000439,0.85091466
BUD23,ACH-000439,0.59721994
TBCA,ACH-000439,0.65189976
TIMELESS,ACH-000439,0.5773069
KCTD10,ACH-000439,0.836288
DSCC1,ACH-000439,0.85505176
RRP12,ACH-000439,0.6164194
ZNF830,ACH-000439,0.7099194
MON2,ACH-000439,0.82861716
TMEM167A,ACH-000439,0.785059
GEMIN4,ACH-000439,0.7818208
RPL28,ACH-000439,0.74409413
UXS1,ACH-000439,0.8320537
CSNK2A1,ACH-000439,0.86257887
TAF6L,ACH-000439,0.80678946
RPN1,ACH-000439,0.7045037
SMARCE1,ACH-000439,0.71628356
EIF3B,ACH-000439,0.61717606
NOB1,ACH-000439,0.6702697
TRAF2,ACH-000439,0.80020195
RACGAP1,ACH-000439,0.6094315
ATP6V1E1,ACH-000439,0.6179714
TIMM44,ACH-000439,0.703161
SPOUT1,ACH-000439,0.5896058
SLC35B1,ACH-000439,0.63156503
RPP40,ACH-000439,0.69686437
ISL1,ACH-000439,0.8612958
SMARCA5,ACH-000439,0.6889183
MRPS11,ACH-000439,0.7343913
LSM5,ACH-000439,0.5641533
MIB1,ACH-000439,0.82244176
FASTKD5,ACH-000439,0.80665785
PTMA,ACH-000439,0.78774434
FAU,ACH-000439,0.39196366
PNKP,ACH-000439,0.8267228
PPAT,ACH-000439,0.66568893
CSTF3,ACH-000439,0.6340289
ARID2,ACH-000439,0.8115564
CIAPIN1,ACH-000439,0.75435203
MRPL18,ACH-000439,0.82057166
ESCO2,ACH-000439,0.8263579
PTPA,ACH-000439,0.7873525
BUD13,ACH-000439,0.697643
TRMT6,ACH-000439,0.81709146
TUBGCP3,ACH-000439,0.62686133
EEF1A1,ACH-000439,0.4406051
RPL21,ACH-000439,0.29637593
SLC2A1,ACH-000439,0.821815
SNRPB2,ACH-000439,0.7610131
MRPL27,ACH-000439,0.78915924
EAF1,ACH-000439,0.8221671
POLR2L,ACH-000439,0.4159353
ABCE1,ACH-000439,0.44855365
STX18,ACH-000439,0.6275255
RPLP2,ACH-000439,0.6000138
ARCN1,ACH-000439,0.5976173
NRBP1,ACH-000439,0.6596761
SRP72,ACH-000439,0.65715945
TMX2,ACH-000439,0.79823726
MYBBP1A,ACH-000439,0.741421
BAP1,ACH-000439,0.83346134
SKP1,ACH-000439,0.53783715
CPSF2,ACH-000439,0.53523606
METTL17,ACH-000439,0.7715899
NSMCE1,ACH-000439,0.7814874
MTBP,ACH-000439,0.5190828
BCL9,ACH-000439,0.87131554
TLN1,ACH-000439,0.85341346
STRIP1,ACH-000439,0.77894264
ZC3H18,ACH-000439,0.7892706
PSMA2,ACH-000439,0.37509122
STN1,ACH-000439,0.7478654
STAG2,ACH-000439,0.7806293
SNRPA1,ACH-000439,0.32989225
GMPPB,ACH-000439,0.68352395
CRTC3,ACH-000439,0.90043133
NUTF2,ACH-000439,0.55256045
DNM2,ACH-000439,0.5550359
WASHC2C,ACH-000439,0.7892262
PRORP,ACH-000439,0.76188904
LAMTOR2,ACH-000439,0.81324327
IARS1,ACH-000439,0.5276991
CENPH,ACH-000439,0.76744384
UBE2S,ACH-000439,0.76088274
EPRS1,ACH-000439,0.5941983
NUBP2,ACH-000439,0.74968505
RBM8A,ACH-000439,0.7252635
ELOC,ACH-000439,0.5712601
TEDC2,ACH-000439,0.7880794
NUP50,ACH-000439,0.7570205
SNAPC1,ACH-000439,0.5712627
DHDDS,ACH-000439,0.49405074
ITGA3,ACH-000439,0.871071
AIFM1,ACH-000439,0.8068715
CCT8,ACH-000439,0.56438845
ARIH2,ACH-000439,0.9295353
STAMBP,ACH-000439,0.82893646
XRCC5,ACH-000439,0.5863088
SF3A1,ACH-000439,0.5468401
CDK6,ACH-000439,0.7508428
DDX41,ACH-000439,0.56265724
CSNK2B,ACH-000439,0.74626225
KIF18B,ACH-000439,0.8116741
TKT,ACH-000439,0.8217158
VPS41,ACH-000439,0.78507894
LSM8,ACH-000439,0.5002963
CTDP1,ACH-000439,0.49310213
CSNK1A1,ACH-000439,0.6728568
DET1,ACH-000439,0.8127521
NDE1,ACH-000439,0.8134364
TCERG1,ACH-000439,0.73853606
PSMG4,ACH-000439,0.59407717
FLVCR1,ACH-000439,0.88156146
NRAS,ACH-000439,0.82180715
ZEB1,ACH-000439,0.81776226
TMED10,ACH-000439,0.73929644
SFPQ,ACH-000439,0.5354537
KRAS,ACH-000439,0.7530943
MAU2,ACH-000439,0.69428056
CEP55,ACH-000439,0.79912794
PPCDC,ACH-000439,0.85262907
TCF3,ACH-000439,0.8552551
UBR5,ACH-000439,0.7977872
HMGA1,ACH-000439,0.74744916
MRPS16,ACH-000439,0.7854536
ALDOA,ACH-000439,0.6837091
REXO2,ACH-000439,0.788049
SF3B6,ACH-000439,0.5035188
PSMB1,ACH-000439,0.5149299
CDCA5,ACH-000439,0.6631102
COG2,ACH-000439,0.7488951
PIK3CB,ACH-000439,0.8288236
TIMM23,ACH-000439,0.70305187
ZFP36L1,ACH-000439,0.8428583
COX4I1,ACH-000439,0.78263813
CDC6,ACH-000439,0.64296216
MARCHF5,ACH-000439,0.7370368
EXOSC4,ACH-000439,0.5846381
PEX6,ACH-000439,0.69776434
NF1,ACH-000439,0.8712132
SAP30BP,ACH-000439,0.57867444
UQCRC1,ACH-000439,0.7564854
SLC25A1,ACH-000439,0.854393
IPO7,ACH-000439,0.69289356
WDR46,ACH-000439,0.66591626
RAD9A,ACH-000439,0.5977309
MTOR,ACH-000439,0.66509557
POLD2,ACH-000439,0.5956586
UBAP2L,ACH-000439,0.84108233
DLST,ACH-000439,0.79603267
EMC2,ACH-000439,0.8170018
FBXW7,ACH-000439,0.8943523
GTF2H3,ACH-000439,0.6706826
CDIN1,ACH-000439,0.7567278
NEDD1,ACH-000439,0.5190247
XRN1,ACH-000439,0.73361933
RAN,ACH-000439,0.15212016
RPL27,ACH-000439,0.438771
PSMB5,ACH-000439,0.61735576
APEX2,ACH-000439,0.8146006
FXN,ACH-000439,0.75479573
DHX35,ACH-000439,0.77320194
NOC4L,ACH-000439,0.6553106
TRAPPC11,ACH-000439,0.67058456
PPA1,ACH-000439,0.703578
RPL36AL,ACH-000439,0.70332074
BRAT1,ACH-000439,0.81137085
CDC7,ACH-000439,0.385783
CDC27,ACH-000439,0.33074874
VARS2,ACH-000439,0.79023266
GAPDH,ACH-000439,0.6043524
PSMC3,ACH-000439,0.5754539
RNASEH2C,ACH-000439,0.8484608
FAF2,ACH-000439,0.8006101
HSP90AB1,ACH-000439,0.8149827
DHX30,ACH-000439,0.7847341
RPL22,ACH-000439,0.75218135
NAT10,ACH-000439,0.66963625
RPS25,ACH-000439,0.5918216
NOM1,ACH-000439,0.71821237
CSK,ACH-000439,0.8729233
ANKRD11,ACH-000439,0.8693247
ATP6V0B,ACH-000439,0.58555067
MEAF6,ACH-000439,0.8149003
RPL4,ACH-000439,0.3991837
NELFB,ACH-000439,0.655355
MED6,ACH-000439,0.49948978
STAG1,ACH-000439,0.8078576
UBE2A,ACH-000439,0.8668948
ELL,ACH-000439,0.5833618
MCM2,ACH-000439,0.5755801
NUP54,ACH-000439,0.7748398
E2F1,ACH-000439,0.8476648
VPS52,ACH-000439,0.81546235
CCNE1,ACH-000439,0.8751804
MAP3K7,ACH-000439,0.8743518
IK,ACH-000439,0.5737057
GATB,ACH-000439,0.8358201
VPS25,ACH-000439,0.40770674
SLC7A1,ACH-000439,0.8199709
WDR77,ACH-000439,0.496046
CCT2,ACH-000439,0.62956023
NUP88,ACH-000439,0.5699702
RFT1,ACH-000439,0.76726115
MTERF4,ACH-000439,0.79337925
EIF4G1,ACH-000439,0.7218419
SFSWAP,ACH-000439,0.72727406
ZRSR2,ACH-000439,0.6926053
SEPSECS,ACH-000439,0.79461646
H2BC26,ACH-000439,0.7131741
NOLC1,ACH-000439,0.8031209
DMAP1,ACH-000439,0.63080096
MT1E,ACH-000439,0.80673146
CCNF,ACH-000439,0.84672105
INTS8,ACH-000439,0.6826969
UBE2K,ACH-000439,0.8703729
OIP5,ACH-000439,0.71621317
MAEA,ACH-000439,0.86320764
TRMT61A,ACH-000439,0.8063558
COPS3,ACH-000439,0.71610034
CCT6A,ACH-000439,0.53817666
CRCP,ACH-000439,0.63094574
DHODH,ACH-000439,0.7937322
COA3,ACH-000439,0.7558936
DUSP4,ACH-000439,0.8690647
GRPEL1,ACH-000439,0.62640494
PCBP1,ACH-000439,0.5428525
SRP14,ACH-000439,0.71369207
GMNN,ACH-000439,0.7865039
NSMCE3,ACH-000439,0.7451217
IPPK,ACH-000439,0.75546163
NCBP2,ACH-000439,0.5432468
DLD,ACH-000439,0.798241
ILK,ACH-000439,0.9490081
KRT18,ACH-000439,0.90663016
CERS2,ACH-000439,0.7971715
CDC73,ACH-000439,0.60876954
KDSR,ACH-000439,0.8038169
GINS4,ACH-000439,0.55770683
PLK1,ACH-000439,0.3240033
RPL32,ACH-000439,0.46428645
SPCS2,ACH-000439,0.7585863
MED18,ACH-000439,0.6689394
NDUFA1,ACH-000439,0.7998278
WDR7,ACH-000439,0.705403
KANSL1,ACH-000439,0.6702799
USP36,ACH-000439,0.69156206
PSMG3,ACH-000439,0.6149515
ARID4B,ACH-000439,0.8257878
MED15,ACH-000439,0.83232504
NDUFB4,ACH-000439,0.8037441
SMAD7,ACH-000439,0.829617
PSMF1,ACH-000439,0.8232834
ICE1,ACH-000439,0.72082597
ISCU,ACH-000439,0.45447725
THAP12,ACH-000439,0.8317814
ASPM,ACH-000439,0.8445412
TIMM13,ACH-000439,0.698364
ISY1,ACH-000439,0.6929041
KTI12,ACH-000439,0.7248325
UBE2H,ACH-000439,0.8359131
LARS1,ACH-000439,0.5566181
SMU1,ACH-000439,0.29518467
PSMC4,ACH-000439,0.5691155
SYF2,ACH-000439,0.70489067
ACTR10,ACH-000439,0.5263427
NDC80,ACH-000439,0.60632384
POLR2H,ACH-000439,0.5134282
WEE1,ACH-000439,0.47708756
TEDC1,ACH-000439,0.8105157
RB1CC1,ACH-000439,0.81125003
NACA,ACH-000439,0.6832942
UBE4B,ACH-000439,0.8188371
GAB1,ACH-000439,0.90384424
SDHA,ACH-000439,0.82132983
TTI1,ACH-000439,0.69663787
LAS1L,ACH-000439,0.6493541
SPRR2G,ACH-000439,0.8137411
PYROXD1,ACH-000439,0.7741379
RPS15,ACH-000439,0.36575636
CARS1,ACH-000439,0.58483714
WDR24,ACH-000439,0.7610356
TPK1,ACH-000439,0.8051152
N6AMT1,ACH-000439,0.7054881
MCM5,ACH-000439,0.57885164
SUPT4H1,ACH-000439,0.7351861
RAE1,ACH-000439,0.5560303
GTF2E1,ACH-000439,0.6191037
NDUFAF1,ACH-000439,0.80235523
VPS51,ACH-000439,0.7961341
UNC50,ACH-000439,0.77629447
NFS1,ACH-000439,0.581586
TUBB4B,ACH-000439,0.77787864
SETDB1,ACH-000439,0.75371414
SF3B5,ACH-000439,0.3474088
CYB5B,ACH-000439,0.76243275
GGNBP2,ACH-000439,0.86601853
EP300,ACH-000439,0.76622844
HSD17B12,ACH-000439,0.76831543
CLP1,ACH-000439,0.492665
LSG1,ACH-000439,0.681967
FDX1,ACH-000439,0.7898964
PHB2,ACH-000439,0.50325143
BIRC6,ACH-000439,0.8395396
VPS18,ACH-000439,0.6661669
SNRPA,ACH-000439,0.8176594
RIOK2,ACH-000439,0.6559971
ELP6,ACH-000439,0.72219574
XPOT,ACH-000439,0.78835005
COX5B,ACH-000439,0.76087135
CTNNB1,ACH-000439,0.83702314
NMNAT1,ACH-000439,0.780549
KAT8,ACH-000439,0.5689745
YBX1,ACH-000439,0.61473995
ZBTB7A,ACH-000439,0.84898007
RFK,ACH-000439,0.8058584
SRM,ACH-000439,0.8163006
NIP7,ACH-000439,0.43712077
PKN2,ACH-000439,0.832702
SLC35B2,ACH-000439,0.8591105
ANAPC11,ACH-000439,0.55010974
ELAVL1,ACH-000439,0.81558955
RNF146,ACH-000439,0.87223154
TUBE1,ACH-000439,0.80126226
RPL10,ACH-000439,0.72164154
TRIT1,ACH-000439,0.8135839
CWC22,ACH-000439,0.5650803
MED1,ACH-000439,0.65457124
NMD3,ACH-000439,0.6469287
CHMP5,ACH-000439,0.74333394
YJU2B,ACH-000439,0.7530501
NUP93,ACH-000439,0.57828224
CCL4,ACH-000439,0.87308395
PFDN5,ACH-000439,0.7360466
TFB2M,ACH-000439,0.73197865
ACTG1,ACH-000439,0.7481422
ANKLE2,ACH-000439,0.37039745
ZEB2,ACH-000439,0.79451483
BYSL,ACH-000439,0.59621394
DCLRE1B,ACH-000439,0.8666743
PAXIP1,ACH-000439,0.7543691
DDX6,ACH-000439,0.70742
POLD1,ACH-000439,0.49469632
RPL5,ACH-000439,0.31286502
SP1,ACH-000439,0.8096197
WDR26,ACH-000439,0.8244442
LRP8,ACH-000439,0.81664973
CTCF,ACH-000439,0.5220405
CTDSPL2,ACH-000439,0.81544703
NCAPD3,ACH-000439,0.76454246
IPO11,ACH-000439,0.6547698
KANSL2,ACH-000439,0.65446556
MORF4L1,ACH-000439,0.802252
HAUS8,ACH-000439,0.7107698
UQCRC2,ACH-000439,0.74720794
RTF2,ACH-000439,0.5516482
PSTK,ACH-000439,0.73596346
TUBGCP5,ACH-000439,0.6669695
MTG1,ACH-000439,0.8001068
SMARCB1,ACH-000439,0.65730166
ATP5F1E,ACH-000439,0.6720767
NSMCE2,ACH-000439,0.83168733
DPY30,ACH-000439,0.81361765
PDCD2,ACH-000439,0.61700565
IKBKG,ACH-000439,0.78196096
CACTIN,ACH-000439,0.6787142
BET1,ACH-000439,0.83552015
MTX2,ACH-000439,0.86010087
GFPT1,ACH-000439,0.69295067
UCHL5,ACH-000439,0.8121701
SDHC,ACH-000439,0.6899294
PGK1,ACH-000439,0.7114448
ALYREF,ACH-000439,0.58466375
BPTF,ACH-000439,0.7328359
UROS,ACH-000439,0.82896364
PHF5A,ACH-000439,0.40216678
GTF3C4,ACH-000439,0.73329437
NONO,ACH-000439,0.77771056
RPS27A,ACH-000439,0.5058426
SRSF3,ACH-000439,0.3640005
TOE1,ACH-000439,0.7451545
ZC3H8,ACH-000439,0.7041279
ISG20L2,ACH-000439,0.6641778
SINHCAF,ACH-000439,0.7592236
RTTN,ACH-000439,0.8128361
MRPL2,ACH-000439,0.8124444
EEF1B2,ACH-000439,0.68897665
ERCC2,ACH-000439,0.693214
NUP37,ACH-000439,0.854842
SRRT,ACH-000439,0.6912997
CHAF1A,ACH-000439,0.6193725
PSMD3,ACH-000439,0.55272835
PET117,ACH-000439,0.7983939
RAD1,ACH-000439,0.7378517
RBMX2,ACH-000439,0.73364884
WBP11,ACH-000439,0.6598362
SLC35A1,ACH-000439,0.8444092
NGLY1,ACH-000439,0.8461942
PPME1,ACH-000439,0.85682535
ACSL4,ACH-000439,0.7509881
IPO9,ACH-000439,0.78970724
SSU72,ACH-000439,0.590719
NDUFB3,ACH-000439,0.78421205
PABIR1,ACH-000439,0.85215676
SARNP,ACH-000439,0.79579043
KMT2D,ACH-000439,0.7714617
MRPS2,ACH-000439,0.8046159
MEN1,ACH-000439,0.6950131
CHTF18,ACH-000439,0.8306881
SOX10,ACH-000439,0.8242258
HSPA9,ACH-000439,0.4209723
COPG1,ACH-000439,0.6610889
PRPF38B,ACH-000439,0.5072222
EEF1G,ACH-000439,0.65522784
NFYB,ACH-000439,0.73793244
TRAPPC1,ACH-000439,0.69659996
CCND3,ACH-000439,0.7099245
FARS2,ACH-000439,0.79170674
BRF1,ACH-000439,0.52370626
CTNNA1,ACH-000439,0.8581612
POLR2K,ACH-000439,0.6228501
PCM1,ACH-000439,0.8718425
CYCS,ACH-000439,0.7060315
SLC25A19,ACH-000439,0.8544391
SRP19,ACH-000439,0.52036
HMBS,ACH-000439,0.8205503
DONSON,ACH-000439,0.37651232
POLR1F,ACH-000439,0.46984032
BORA,ACH-000439,0.7717946
POLR2M,ACH-000439,0.79348975
EIF4B,ACH-000439,0.7306899
SETD1A,ACH-000439,0.71120554
FCHO2,ACH-000439,0.8486117
ING3,ACH-000439,0.8068921
SNRPC,ACH-000439,0.7325367
ILF2,ACH-000439,0.64878774
REV1,ACH-000439,0.80969524
HJURP,ACH-000439,0.68923044
DPH6,ACH-000439,0.79116935
INTS3,ACH-000439,0.5763229
EIF5A,ACH-000439,0.64337814
IRS2,ACH-000439,0.7802431
MEF2C,ACH-000439,0.77291626
MBNL1,ACH-000439,0.78130215
CHCHD4,ACH-000439,0.6871867
HSPA14,ACH-000439,0.7995216
DAZAP1,ACH-000439,0.8232827
NUP160,ACH-000439,0.6097732
EMC7,ACH-000439,0.73274064
TGS1,ACH-000439,0.7218707
ATP1A1,ACH-000439,0.6890284
OGT,ACH-000439,0.573576
ATP1B3,ACH-000439,0.63047326
RCOR1,ACH-000439,0.6661121
WDHD1,ACH-000439,0.61578745
SRP54,ACH-000439,0.38735932
DTYMK,ACH-000439,0.55729127
URB2,ACH-000439,0.59789497
MCM3AP,ACH-000439,0.5952976
SPC24,ACH-000439,0.44592452
BANP,ACH-000439,0.6831392
DARS2,ACH-000439,0.8081806
USE1,ACH-000439,0.7820088
IMPDH2,ACH-000439,0.73217565
CAPZB,ACH-000439,0.6818568
POLG,ACH-000439,0.88357544
SCYL1,ACH-000439,0.7937998
SF3B2,ACH-000439,0.6154755
H2AC15,ACH-000439,0.7131741
SLU7,ACH-000439,0.56945574
CDC20,ACH-000439,0.48420614
NRF1,ACH-000439,0.5960779
H2BC15,ACH-000439,0.627983
INTS1,ACH-000439,0.7314094
GTF2H4,ACH-000439,0.7674838
CDT1,ACH-000439,0.5685128
RBM14,ACH-000439,0.5744886
MRPL43,ACH-000439,0.74914134
WDR1,ACH-000439,0.701294
DBF4,ACH-000439,0.7052871
GLMN,ACH-000439,0.802299
SREBF1,ACH-000439,0.85853
VHL,ACH-000439,0.72343296
U2AF2,ACH-000439,0.5881021
CDC42,ACH-000439,0.69107246
LSM11,ACH-000439,0.74242145
GOLT1B,ACH-000439,0.80307287
PARS2,ACH-000439,0.7099944
EDF1,ACH-000439,0.8491602
DDX19A,ACH-000439,0.80627984
UTP11,ACH-000439,0.71081305
ANAPC13,ACH-000439,0.7801588
MED14,ACH-000439,0.6151813
COX6B1,ACH-000439,0.74802136
EPC1,ACH-000439,0.841773
NAA20,ACH-000439,0.6707653
NOP9,ACH-000439,0.7187519
ERAL1,ACH-000439,0.7678686
ZNHIT1,ACH-000439,0.82404214
NOP2,ACH-000439,0.7259342
MTREX,ACH-000439,0.5951987
RPL7A,ACH-000439,0.4004351
HMGCS1,ACH-000439,0.6832451
RBM39,ACH-000439,0.4215707
SPTLC1,ACH-000439,0.76062256
MRPS21,ACH-000439,0.6826242
MIS18A,ACH-000439,0.72412485
DRAP1,ACH-000439,0.7624885
TWNK,ACH-000439,0.76948845
NUF2,ACH-000439,0.63432693
SEPHS2,ACH-000439,0.5967061
VPS53,ACH-000439,0.8103521
SNRPD2,ACH-000439,0.41189724
TXNL4B,ACH-000439,0.6473064
ASNS,ACH-000439,0.82775766
SAP18,ACH-000439,0.6905337
FDX2,ACH-000439,0.790317
RNF113A,ACH-000439,0.67847526
NSUN4,ACH-000439,0.7437901
TSC1,ACH-000439,0.84860265
AAMP,ACH-000439,0.64497155
H2AZ1,ACH-000439,0.7336556
FRG1,ACH-000439,0.8630381
SF3B1,ACH-000439,0.5076029
GEMIN8,ACH-000439,0.7830471
UQCR10,ACH-000439,0.79855
MED13,ACH-000439,0.86077917
ADSL,ACH-000439,0.5792344
NDUFAF7,ACH-000439,0.80934614
SPTSSA,ACH-000439,0.826295
ZBTB8OS,ACH-000439,0.59209436
PAX8,ACH-000439,0.8695785
EEFSEC,ACH-000439,0.72847146
COPB1,ACH-000439,0.44054708
GRWD1,ACH-000439,0.7424442
AMBRA1,ACH-000439,0.8239146
POP4,ACH-000439,0.6485306
KATNB1,ACH-000439,0.8020062
HNRNPL,ACH-000439,0.6444008
ATP5F1A,ACH-000439,0.7006986
FBXW11,ACH-000439,0.7525062
CFLAR,ACH-000439,0.7780223
YME1L1,ACH-000439,0.79491824
ADAT2,ACH-000439,0.8284582
BTAF1,ACH-000439,0.7920724
NAA10,ACH-000439,0.6255052
BANF1,ACH-000439,0.44217658
SRF,ACH-000439,0.8221096
WDR73,ACH-000439,0.8364523
ANKRD49,ACH-000439,0.8542216
MAD2L1BP,ACH-000439,0.81020004
PCBP2,ACH-000439,0.63697493
UBE2L3,ACH-000439,0.66095483
NUP43,ACH-000439,0.709445
POLR3F,ACH-000439,0.61174434
DPM2,ACH-000439,0.852869
DCP2,ACH-000439,0.7940143
EIF6,ACH-000439,0.5504212
DENR,ACH-000439,0.7354511
MRPS14,ACH-000439,0.7586763
TFB1M,ACH-000439,0.78795344
RPE,ACH-000439,0.7451581
TRMT10C,ACH-000439,0.79447496
POLA1,ACH-000439,0.74497414
MIOS,ACH-000439,0.77756524
MAGOH,ACH-000439,0.6729701
RICTOR,ACH-000439,0.800002
AKIRIN2,ACH-000439,0.8067945
DOLPP1,ACH-000439,0.81953335
EFR3A,ACH-000439,0.7405348
RPL13A,ACH-000439,0.4540186
CHMP3,ACH-000439,0.69955635
CAP1,ACH-000439,0.8149386
ARF4,ACH-000439,0.7602095
COX11,ACH-000439,0.7743161
LMNB1,ACH-000439,0.81565046
RPL24,ACH-000439,0.47848687
PPP6R3,ACH-000439,0.81428766
USP39,ACH-000439,0.5968278
PABPC1,ACH-000439,0.65818536
USPL1,ACH-000439,0.6379817
STIL,ACH-000439,0.7643415
G6PD,ACH-000439,0.8233638
NRDE2,ACH-000439,0.66982573
ZNF574,ACH-000439,0.78077394
PSMD14,ACH-000439,0.5329393
H2AC20,ACH-000439,0.6704033
GARS1,ACH-000439,0.61928153
PCNA,ACH-000439,0.39022353
SDHD,ACH-000439,0.7301973
GNA13,ACH-000439,0.9341483
MYBL2,ACH-000439,0.788056
EIF1AD,ACH-000439,0.63883984
MRPS6,ACH-000439,0.7984171
ZNF622,ACH-000439,0.8477451
KNL1,ACH-000439,0.6882954
POLR2G,ACH-000439,0.5205215
IRF2BP2,ACH-000439,0.8525046
CEP85,ACH-000439,0.8172071
TUBG1,ACH-000439,0.57282126
ABCF1,ACH-000439,0.7070264
SMC6,ACH-000439,0.74591804
KIF14,ACH-000439,0.78833383
SNRNP25,ACH-000439,0.54134715
SNUPN,ACH-000439,0.7533107
ANAPC1,ACH-000439,0.5940833
GEMIN6,ACH-000439,0.7085412
BRCA1,ACH-000439,0.7889467
FOXK1,ACH-000439,0.85354275
TBCC,ACH-000439,0.71749306
ZNF217,ACH-000439,0.78360254
EIF4E2,ACH-000439,0.75979984
ADNP,ACH-000439,0.82535607
CCDC115,ACH-000439,0.6786917
GART,ACH-000439,0.7143691
MRPS12,ACH-000439,0.73541355
ALG14,ACH-000439,0.7187161
CCT7,ACH-000439,0.6201819
MED31,ACH-000439,0.5841019
PABPN1,ACH-000439,0.53513527
TXN,ACH-000439,0.6841952
SCAF4,ACH-000439,0.85672194
CRNKL1,ACH-000439,0.50434625
FANCI,ACH-000439,0.80486417
COPB2,ACH-000439,0.4367487
JTB,ACH-000439,0.7992464
NDUFAF3,ACH-000439,0.80538553
HEATR1,ACH-000439,0.54561484
PDSS2,ACH-000439,0.81867033
CHORDC1,ACH-000439,0.70671475
EGFR,ACH-000439,0.8565858
PSMC2,ACH-000439,0.5858664
CHD1,ACH-000439,0.79943347
ACTL6A,ACH-000439,0.5859029
BRF2,ACH-000439,0.5295357
PTPN11,ACH-000439,0.7416843
RPS4X,ACH-000439,0.37623203
SRRM1,ACH-000439,0.7738859
BMS1,ACH-000439,0.69002473
ESF1,ACH-000439,0.70179826
NDUFS5,ACH-000439,0.75187135
SLC3A2,ACH-000439,0.7665737
SDHB,ACH-000439,0.7657971
CDC25B,ACH-000439,0.8482839
NAPA,ACH-000439,0.6454634
SLC39A10,ACH-000439,0.8793676
COX7C,ACH-000439,0.7825364
DDB1,ACH-000439,0.4977639
ZRANB2,ACH-000439,0.7750417
U2SURP,ACH-000439,0.62521005
TIMM29,ACH-000439,0.7227479
ESS2,ACH-000439,0.72934127
PSMB4,ACH-000439,0.4716956
TP53RK,ACH-000439,0.70234275
PES1,ACH-000439,0.67982954
UPF1,ACH-000439,0.6715991
PSMC6,ACH-000439,0.50943494
EMSY,ACH-000439,0.85228044
ELAC2,ACH-000439,0.77281696
RRP15,ACH-000439,0.77254957
MARS2,ACH-000439,0.7144308
MRPL23,ACH-000439,0.78245217
PICALM,ACH-000439,0.85830504
TIMM9,ACH-000439,0.7094745
AK2,ACH-000439,0.7222654
DDX3X,ACH-000439,0.65298545
IREB2,ACH-000439,0.7973219
MTHFD1,ACH-000439,0.78758633
PGM3,ACH-000439,0.8385446
LUC7L3,ACH-000439,0.49935204
RPL13,ACH-000439,0.3773581
FOXRED1,ACH-000439,0.84536374
ZC3H10,ACH-000439,0.8727249
ADSS2,ACH-000439,0.7017259
GADD45GIP1,ACH-000439,0.76842415
NUS1,ACH-000439,0.63928866
AARS1,ACH-000439,0.47709617
COPE,ACH-000439,0.68121064
SRSF2,ACH-000439,0.5297067
H2BC13,ACH-000439,0.6474076
DNAJC21,ACH-000439,0.88128775
ATP6V1C1,ACH-000439,0.6638146
EPC2,ACH-000439,0.80835915
FURIN,ACH-000439,0.8541166
NOL6,ACH-000439,0.61975837
UTP18,ACH-000439,0.6399032
KPNA2,ACH-000439,0.8168468
EIF4E,ACH-000439,0.53443897
EZH2,ACH-000439,0.8540632
SSRP1,ACH-000439,0.64202845
ERH,ACH-000439,0.42730162
SEC13,ACH-000439,0.5371131
TP53BP1,ACH-000439,0.8834432
GTF3C5,ACH-000439,0.7673339
MED7,ACH-000439,0.7221693
COASY,ACH-000439,0.80993223
VPS16,ACH-000439,0.77702934
DNM1L,ACH-000439,0.7084678
ROCK2,ACH-000439,0.87535834
UBIAD1,ACH-000439,0.90878177
ELP5,ACH-000439,0.7007464
YEATS4,ACH-000439,0.68599284
TRIP13,ACH-000439,0.81522363
ELP4,ACH-000439,0.76555365
NDUFAF6,ACH-000439,0.8511437
RBSN,ACH-000439,0.8065359
RTCB,ACH-000439,0.7408272
ELP3,ACH-000439,0.68795955
HSPA13,ACH-000439,0.8085618
TFDP1,ACH-000439,0.796425
CDH1,ACH-000439,0.91334563
PDRG1,ACH-000439,0.56419396
TSC2,ACH-000439,0.8257514
COX17,ACH-000439,0.70219094
SDE2,ACH-000439,0.4950458
USP37,ACH-000439,0.72411233
SPCS3,ACH-000439,0.66732025
ATG9A,ACH-000439,0.8427672
RPL12,ACH-000439,0.3274543
VPS35,ACH-000439,0.7592915
TUBB,ACH-000439,0.63024896
CEP192,ACH-000439,0.73364943
TPI1,ACH-000439,0.72602457
MRPL34,ACH-000439,0.7406935
SIVA1,ACH-000439,0.87276
PSMB2,ACH-000439,0.45735538
PDCD6IP,ACH-000439,0.79430044
CTR9,ACH-000439,0.63753355
RPS15A,ACH-000439,0.38759434
PRPF38A,ACH-000439,0.3239415
ISCA2,ACH-000439,0.73238534
CENPE,ACH-000439,0.69744974
CLNS1A,ACH-000439,0.54597247
PGS1,ACH-000439,0.75295573
PPIL1,ACH-000439,0.7254318
INTS7,ACH-000439,0.6900693
ACACA,ACH-000439,0.77796453
EIF2S1,ACH-000439,0.5040216
RNH1,ACH-000439,0.8629502
EXOSC8,ACH-000439,0.65075594
WDR82,ACH-000439,0.52446723
HNRNPA1L2,ACH-000439,0.7934279
COX7B,ACH-000439,0.70979875
RPUSD4,ACH-000439,0.80615294
TAF5,ACH-000439,0.73891884
NIPBL,ACH-000439,0.75809056
ACSL3,ACH-000439,0.8450255
SLC7A6OS,ACH-000439,0.67154455
RBM42,ACH-000439,0.787334
DHX9,ACH-000439,0.6030407
TUBA1C,ACH-000439,0.77610457
THAP1,ACH-000439,0.66989666
GABPA,ACH-000439,0.71321374
GCN1,ACH-000439,0.77155375
CNOT9,ACH-000439,0.74626464
TAF6,ACH-000439,0.63597196
CHD8,ACH-000439,0.7696422
MMS19,ACH-000439,0.7974234
OPA1,ACH-000439,0.77037776
DDI2,ACH-000439,0.82116735
PRMT1,ACH-000439,0.5830244
FIS1,ACH-000439,0.80696243
NAA50,ACH-000439,0.58258885
MED12,ACH-000439,0.7300937
GLRX5,ACH-000439,0.7907809
AURKA,ACH-000439,0.7028294
CXXC1,ACH-000439,0.75253546
TRPM7,ACH-000439,0.74319327
DHX15,ACH-000439,0.53806925
NDUFS8,ACH-000439,0.77793247
PCF11,ACH-000439,0.6843625
ALG8,ACH-000439,0.84535813
PRPF19,ACH-000439,0.3914946
NCBP1,ACH-000439,0.5725083
DYRK1A,ACH-000439,0.835638
GOSR2,ACH-000439,0.72344005
UBE2F,ACH-000439,0.91955584
PRMT5,ACH-000439,0.65470636
RPL27A,ACH-000439,0.46257514
SMCHD1,ACH-000439,0.8365061
LTO1,ACH-000439,0.65827817
PELP1,ACH-000439,0.62919
MED16,ACH-000439,0.8700444
CENPW,ACH-000439,0.57076496
SAE1,ACH-000439,0.6320935
NUDCD3,ACH-000439,0.71056336
XPR1,ACH-000439,0.83431536
CENPT,ACH-000439,0.766861
TERF2,ACH-000439,0.627132
WARS2,ACH-000439,0.81256074
IRF4,ACH-000439,0.80916584
TFRC,ACH-000439,0.6834023
MIS18BP1,ACH-000439,0.68275607
SNAPC3,ACH-000439,0.6115465
SPDL1,ACH-000439,0.6249123
TAF1C,ACH-000439,0.62019837
ORC4,ACH-000439,0.7783599
MCMBP,ACH-000439,0.8269428
RHOQ,ACH-000439,0.75875264
RPP38,ACH-000439,0.6964571
AP2S1,ACH-000439,0.69377255
RPTOR,ACH-000439,0.7263798
GMPS,ACH-000439,0.63359463
TRAPPC5,ACH-000439,0.72255516
CHP1,ACH-000439,0.85219276
NKAP,ACH-000439,0.6765751
SARS1,ACH-000439,0.3734538
SKIC8,ACH-000439,0.7073323
RAB35,ACH-000439,0.83650535
PIK3CA,ACH-000439,0.8123291
ELOF1,ACH-000439,0.7896963
MRPS18C,ACH-000439,0.82126075
COG3,ACH-000439,0.6977284
SNRNP35,ACH-000439,0.616373
LARS2,ACH-000439,0.7745439
LDB1,ACH-000439,0.79105383
DUT,ACH-000439,0.52961016
ISCA1,ACH-000439,0.81168675
EIF3I,ACH-000439,0.55224836
NELFCD,ACH-000439,0.72835124
SLC4A7,ACH-000439,0.7660373
G3BP1,ACH-000439,0.88375694
EIF2S3,ACH-000439,0.5332381
GATC,ACH-000439,0.8832383
GET4,ACH-000439,0.77289104
ARL2,ACH-000439,0.5384796
CDK8,ACH-000439,0.8087884
JUNB,ACH-000439,0.82226795
DOHH,ACH-000439,0.7840539
RNF20,ACH-000439,0.6721628
ADAT3,ACH-000439,0.77714247
ATP6V1A,ACH-000439,0.43141738
CMTR1,ACH-000439,0.5645683
NEDD8,ACH-000439,0.49525657
PMM2,ACH-000439,0.8205237
SUCO,ACH-000439,0.80534935
GRB2,ACH-000439,0.7415208
NPAT,ACH-000439,0.670423
ATF4,ACH-000439,0.74041116
GTF3A,ACH-000439,0.65712684
USP7,ACH-000439,0.72502124
MVK,ACH-000439,0.68286186
UBA3,ACH-000439,0.790546
NSL1,ACH-000439,0.63212365
PTCD3,ACH-000439,0.7392646
ATP6V0E1,ACH-000439,0.8559127
INCENP,ACH-000439,0.7009853
AP2M1,ACH-000439,0.71462464
CTU1,ACH-000439,0.78647673
INTS11,ACH-000439,0.5253087
RUVBL2,ACH-000439,0.50300205
PCID2,ACH-000439,0.5597596
TAF2,ACH-000439,0.7163437
DDX5,ACH-000439,0.7303262
NAPG,ACH-000439,0.76977825
DDX51,ACH-000439,0.6891919
TPX2,ACH-000439,0.6628911
HAUS1,ACH-000439,0.5947953
GPKOW,ACH-000439,0.63441133
RPL19,ACH-000439,0.4033281
USP17L10,ACH-000439,0.8536696
HYOU1,ACH-000439,0.6645068
AURKB,ACH-000439,0.4770702
PFDN4,ACH-000439,0.7898422
FOXA1,ACH-000439,0.880904
EIF2B5,ACH-000439,0.6592547
POP1,ACH-000439,0.62035143
WDR74,ACH-000439,0.5886848
TM9SF3,ACH-000439,0.84236944
HECTD1,ACH-000439,0.8379693
UTP23,ACH-000439,0.72807384
SSBP1,ACH-000439,0.7732071
CPSF1,ACH-000439,0.6235276
PPP1R8,ACH-000439,0.6718353
PNPT1,ACH-000439,0.7036615
RPS5,ACH-000439,0.5353863
MDM2,ACH-000439,0.8248469
EIF3A,ACH-000439,0.5317169
BIRC5,ACH-000439,0.48291025
KPNB1,ACH-000439,0.49620694
CUL2,ACH-000439,0.77222097
XRN2,ACH-000439,0.6867304
SLC7A5,ACH-000439,0.8355167
PMF1,ACH-000439,0.59460634
VPS4A,ACH-000439,0.8170266
POLR2I,ACH-000439,0.5326021
TRIM37,ACH-000439,0.8151615
PIK3R4,ACH-000439,0.79059756
CENPK,ACH-000439,0.5838338
EIF2B1,ACH-000439,0.6938653
PRC1,ACH-000439,0.55681777
NDUFA2,ACH-000439,0.7927215
ATR,ACH-000439,0.6176439
PLK4,ACH-000439,0.6776775
IGF1R,ACH-000439,0.79511327
SCO1,ACH-000439,0.78003716
PSMD6,ACH-000439,0.51918095
RRAGC,ACH-000439,0.8059931
SMC3,ACH-000439,0.60733247
PARD6B,ACH-000439,0.8402739
TAMM41,ACH-000439,0.7865299
RPS20,ACH-000439,0.3525353
PPP4C,ACH-000439,0.62735814
SSBP3,ACH-000439,0.8143499
POLA2,ACH-000439,0.5777177
LUC7L2,ACH-000439,0.86006457
ATP5ME,ACH-000439,0.75891405
SF3A2,ACH-000439,0.55243856
UBE2J2,ACH-000439,0.8058147
DHX37,ACH-000439,0.5809784
NUDC,ACH-000439,0.7513961
AHCTF1,ACH-000439,0.64428866
SRFBP1,ACH-000439,0.679957
POLE2,ACH-000439,0.538733
ARFRP1,ACH-000439,0.70218956
SOX9,ACH-000439,0.8504439
MIPEP,ACH-000439,0.7914921
SHOC2,ACH-000439,0.825135
RFC5,ACH-000439,0.5387515
EAPP,ACH-000439,0.7292224
ERBB2,ACH-000439,0.86094487
NHP2,ACH-000439,0.74373615
TOP2A,ACH-000439,0.4663762
H2BC9,ACH-000439,0.627983
ZCRB1,ACH-000439,0.7184447
BCL2L1,ACH-000439,0.67237884
NDUFB10,ACH-000439,0.75225955
CHEK1,ACH-000439,0.51962805
BUD31,ACH-000439,0.4206918
DCTN5,ACH-000439,0.6083481
RPL6,ACH-000439,0.3895565
MRPS7,ACH-000439,0.7428046
EIF2B4,ACH-000439,0.53220767
EXOSC2,ACH-000439,0.66242206
BRD4,ACH-000439,0.6620536
ARIH1,ACH-000439,0.6284203
E4F1,ACH-000439,0.80829394
HNF1B,ACH-000439,0.83212125
HSPA5,ACH-000439,0.64144754
RPL14,ACH-000439,0.48503125
CLSPN,ACH-000439,0.665434
ENO1,ACH-000439,0.791555
MARS1,ACH-000439,0.54561305
SPCS1,ACH-000439,0.8813188
UQCRB,ACH-000439,0.78590304
PEX1,ACH-000439,0.71393055
ECD,ACH-000439,0.50197464
SLC39A7,ACH-000439,0.7610308
ETF1,ACH-000439,0.5337016
DPM1,ACH-000439,0.8523644
SQLE,ACH-000439,0.8163584
THOC7,ACH-000439,0.6119185
RPL10A,ACH-000439,0.43735644
DDX28,ACH-000439,0.8021668
SNRPD3,ACH-000439,0.11372669
ALG12,ACH-000439,0.8698286
GPI,ACH-000439,0.7849726
ORC5,ACH-000439,0.77945447
TFAP4,ACH-000439,0.7856652
CBFB,ACH-000439,0.7120239
SLC33A1,ACH-000439,0.8591846
HAUS5,ACH-000439,0.7249139
GEMIN2,ACH-000439,0.7419963
STT3A,ACH-000439,0.882231
MBTPS1,ACH-000439,0.7474144
NDUFB11,ACH-000439,0.7746796
NUP155,ACH-000439,0.6699769
STX4,ACH-000439,0.7754705
CHMP4B,ACH-000439,0.73195326
SLX9,ACH-000439,0.8089274
COPS4,ACH-000439,0.67065746
MRPL47,ACH-000439,0.81041384
SYVN1,ACH-000439,0.753229
TAF1,ACH-000439,0.706548
TRIAP1,ACH-000439,0.5902812
DDX23,ACH-000439,0.6675146
DNAAF5,ACH-000439,0.862245
ERBB3,ACH-000439,0.8237561
NIFK,ACH-000439,0.53569794
TOMM22,ACH-000439,0.6511397
USP18,ACH-000439,0.75774044
RBBP5,ACH-000439,0.6897267
NARS1,ACH-000439,0.506179
UBA1,ACH-000439,0.56068593
RBM25,ACH-000439,0.5780794
SEC61B,ACH-000439,0.787726
SHQ1,ACH-000439,0.75330514
TAOK1,ACH-000439,0.9110386
GINS2,ACH-000439,0.4008647
PIK3C3,ACH-000439,0.7713373
PSMA5,ACH-000439,0.4759774
TSEN34,ACH-000439,0.78782684
DDX49,ACH-000439,0.5400136
TTC7A,ACH-000439,0.8723555
YJU2,ACH-000439,0.5334874
PGP,ACH-000439,0.9545786
RRP9,ACH-000439,0.6899571
ZW10,ACH-000439,0.86739576
MT2A,ACH-000439,0.8093668
ACTR5,ACH-000439,0.8617288
GEMIN5,ACH-000439,0.6013911
MLST8,ACH-000439,0.77670866
YARS1,ACH-000439,0.4928685
ICMT,ACH-000439,0.7886155
DDX18,ACH-000439,0.54920435
TUBA1B,ACH-000439,0.6294655
EXOC8,ACH-000439,0.7520114
SASS6,ACH-000439,0.74933964
PDCD7,ACH-000439,0.5962182
LIAS,ACH-000439,0.7483694
MED28,ACH-000439,0.64056456
NOL8,ACH-000439,0.71438223
CDC40,ACH-000439,0.696897
TPR,ACH-000439,0.63193303
NUDT21,ACH-000439,0.46851528
UBE2N,ACH-000439,0.64223754
MFN2,ACH-000439,0.6708712
PRPF8,ACH-000439,0.45373535
ZMYND8,ACH-000439,0.7372543
MRE11,ACH-000439,0.8184761
CCNK,ACH-000439,0.5617979
RHOA,ACH-000439,0.74734586
SUDS3,ACH-000439,0.73819554
DCTN2,ACH-000439,0.68759733
METAP1,ACH-000439,0.77394795
EIF4A1,ACH-000439,0.60894626
EXOSC3,ACH-000439,0.61253995
ATP6AP2,ACH-000439,0.64063567
MRGBP,ACH-000439,0.71390665
NPEPPS,ACH-000439,0.7932923
SOX2,ACH-000439,0.9128518
PPP6C,ACH-000439,0.82808465
VRK1,ACH-000439,0.79927135
IMP3,ACH-000439,0.5945102
LIPT1,ACH-000439,0.8625548
PTEN,ACH-000439,0.9100828
SLC38A2,ACH-000439,0.7611435
GTF3C6,ACH-000439,0.824352
CRK,ACH-000439,0.88735294
RPLP1,ACH-000439,0.5535193
MIS12,ACH-000439,0.69076824
PDCD5,ACH-000439,0.7670449
NDUFS7,ACH-000439,0.7842635
CLPB,ACH-000439,0.8046053
XRCC3,ACH-000439,0.79664415
NOA1,ACH-000439,0.8287653
FZR1,ACH-000439,0.8472231
ZNF207,ACH-000439,0.6823716
TIMM22,ACH-000439,0.7541018
TBCD,ACH-000439,0.6209989
RUNX1,ACH-000439,0.81022984
PSMD11,ACH-000439,0.54119164
SNRPD1,ACH-000439,0.36456046
MRPL16,ACH-000439,0.7562964
ORC6,ACH-000439,0.43521273
SIAH1,ACH-000439,0.9031775
RAD17,ACH-000439,0.663685
DICER1,ACH-000439,0.775233
RTRAF,ACH-000439,0.8247682
NFE2L2,ACH-000439,0.85212153
MMS22L,ACH-000439,0.5491141
FOXM1,ACH-000439,0.8480817
ABCB7,ACH-000439,0.60677683
RPL7L1,ACH-000439,0.5190417
UTP20,ACH-000439,0.59605163
KIN,ACH-000439,0.6316655
PPP1R10,ACH-000439,0.6296602
NDUFA10,ACH-000439,0.810953
KIF11,ACH-000439,0.35456043
RNF168,ACH-000439,0.7631644
TAF5L,ACH-000439,0.8428691
TANGO6,ACH-000439,0.5175763
BDP1,ACH-000439,0.7274918
PFN1,ACH-000439,0.7291659
DDX39B,ACH-000439,0.74668384
YRDC,ACH-000439,0.50141513
CNOT11,ACH-000439,0.8587968
MAD2L1,ACH-000439,0.50977635
TIPARP,ACH-000439,0.8189208
SMG7,ACH-000439,0.74206525
TNPO3,ACH-000439,0.6014855
MRPL51,ACH-000439,0.79096
RPA2,ACH-000439,0.5456629
PSMG2,ACH-000439,0.73638666
EEF2,ACH-000439,0.39219636
UTP4,ACH-000439,0.5427474
UFD1,ACH-000439,0.61843586
CEPT1,ACH-000439,0.80647945
SEC63,ACH-000439,0.7788155
TGFBR1,ACH-000439,0.90671784
USP14,ACH-000439,0.8160336
ABT1,ACH-000439,0.63946605
VPS45,ACH-000439,0.7810128
SAP130,ACH-000439,0.77150106
SMARCD1,ACH-000439,0.8063863
H2AC17,ACH-000439,0.65571564
DLG5,ACH-000439,0.84241015
GPS1,ACH-000439,0.66997147
UAP1,ACH-000439,0.81831807
NUP62,ACH-000439,0.7514627
ATP5MF,ACH-000439,0.70211786
GIGYF2,ACH-000439,0.77733475
CYC1,ACH-000439,0.7576401
GFM1,ACH-000439,0.7557147
C1QBP,ACH-000439,0.80726147
NUMA1,ACH-000439,0.82032436
XPO1,ACH-000439,0.47436556
FANCA,ACH-000439,0.76889586
RUVBL1,ACH-000439,0.50185883
ANAPC10,ACH-000439,0.61120737
MYC,ACH-000439,0.48598206
POLR1H,ACH-000439,0.6899879
HDAC3,ACH-000439,0.68611777
DPF2,ACH-000439,0.7215178
PTBP1,ACH-000439,0.7970177
NAA35,ACH-000439,0.76692504
FBXO5,ACH-000439,0.6901201
TUBD1,ACH-000439,0.77659184
RPS18,ACH-000439,0.40220827
RCC1L,ACH-000439,0.82579064
FERMT1,ACH-000439,0.8769069
NELFA,ACH-000439,0.67674696
MED10,ACH-000439,0.7384261
PRELID1,ACH-000439,0.39245862
CDC23,ACH-000439,0.4389139
RPL8,ACH-000439,0.4166843
CNIH4,ACH-000439,0.80666584
GAK,ACH-000439,0.7653208
DCTN6,ACH-000439,0.6174227
SHC1,ACH-000439,0.8212105
UBE2M,ACH-000439,0.6492268
SON,ACH-000439,0.6369687
RRP7A,ACH-000439,0.7277778
MAK16,ACH-000439,0.581939
EIF3H,ACH-000439,0.6552014
GRK2,ACH-000439,0.8450479
OST4,ACH-000439,0.8275163
HTRA2,ACH-000439,0.81716555
VCP,ACH-000439,0.3402472
SRSF6,ACH-000439,0.7798766
MRPL20,ACH-000439,0.7928227
NOL9,ACH-000439,0.66423655
MED11,ACH-000439,0.52384764
CARS2,ACH-000439,0.7948414
NDOR1,ACH-000439,0.75707203
TRAPPC3,ACH-000439,0.54026926
EP400,ACH-000439,0.65949947
SUPT7L,ACH-000439,0.92971456
CENPA,ACH-000439,0.7093412
DAP3,ACH-000439,0.72953737
COQ2,ACH-000439,0.8097028
RPS12,ACH-000439,0.40981805
GTPBP4,ACH-000439,0.5382267
LCMT1,ACH-000439,0.80640364
KCMF1,ACH-000439,0.70693624
CDH2,ACH-000439,0.88011503
INTS12,ACH-000439,0.79499066
METAP2,ACH-000439,0.8063542
PRPF6,ACH-000439,0.6279217
GLRX3,ACH-000439,0.86812896
SURF4,ACH-000439,0.8983324
RPAP2,ACH-000439,0.6999167
CPOX,ACH-000439,0.71496475
TEN1,ACH-000439,0.7000981
RPIA,ACH-000439,0.8150183
CNOT3,ACH-000439,0.590894
YKT6,ACH-000439,0.6123
DCAF15,ACH-000439,0.7544362
PSMD8,ACH-000439,0.7309839
XYLT2,ACH-000439,0.7558888
KIF4A,ACH-000439,0.7239681
HNRNPU,ACH-000439,0.64307934
GPX4,ACH-000439,0.6962215
ATMIN,ACH-000439,0.80818075
NCAPG,ACH-000439,0.62056136
CDC37,ACH-000439,0.6239554
GNPNAT1,ACH-000439,0.8377172
ATP5PB,ACH-000439,0.7623207
FIP1L1,ACH-000439,0.6353995
DDX20,ACH-000439,0.6504035
LSM2,ACH-000439,0.47079733
ATP6V1H,ACH-000439,0.6833978
PSMA3,ACH-000439,0.3801195
THAP11,ACH-000439,0.7518623
CSTF2,ACH-000439,0.84449196
RPRD2,ACH-000439,0.81606776
KHSRP,ACH-000439,0.83372676
VMA21,ACH-000439,0.8239495
WTAP,ACH-000439,0.75527626
LDLR,ACH-000439,0.8761808
SUPT5H,ACH-000439,0.5855272
BNIP1,ACH-000439,0.7565956
MASTL,ACH-000439,0.5971055
FKBP1A,ACH-000439,0.77517366
GNL3,ACH-000439,0.6244992
RCC1,ACH-000439,0.5294167
RPS19,ACH-000439,0.30904642
CDK2,ACH-000439,0.75110793
JUN,ACH-000439,0.8032341
GOLGA7,ACH-000439,0.8696431
CDKN1A,ACH-000439,0.9462856
KIRREL1,ACH-000439,0.90973604
MTG2,ACH-000439,0.8050957
SNRPF,ACH-000439,0.35590145
VARS1,ACH-000439,0.53794765
METTL1,ACH-000439,0.7391541
EIF3F,ACH-000439,0.64586395
RPL37,ACH-000439,0.5327207
PMPCB,ACH-000439,0.56188655
PSMD7,ACH-000439,0.56105405
TTF2,ACH-000439,0.733049
CIT,ACH-000439,0.80826634
SETD2,ACH-000439,0.78273463
EMC3,ACH-000439,0.6911581
CAD,ACH-000439,0.6947666
U2AF1,ACH-000439,0.5006669
URB1,ACH-000439,0.6644978
MCM3,ACH-000439,0.68951243
SUPV3L1,ACH-000439,0.6356771
UBE2D3,ACH-000439,0.7056676
NMT1,ACH-000439,0.7628582
MCM4,ACH-000439,0.62031937
GET3,ACH-000439,0.68996334
MRPL44,ACH-000439,0.7550144
SCAP,ACH-000439,0.6323875
RAB6A,ACH-000439,0.7546845
FNTA,ACH-000439,0.66666526
ATP6V0D1,ACH-000439,0.60403156
PHF12,ACH-000439,0.74962765
SF3B3,ACH-000439,0.36687008
MRM3,ACH-000439,0.8373152
WRN,ACH-000439,0.8425659
TRRAP,ACH-000439,0.6043283
SARS2,ACH-000439,0.7572318
NOP14,ACH-000439,0.66529226
TRAPPC8,ACH-000439,0.6287185
ACIN1,ACH-000439,0.6990891
ANAPC5,ACH-000439,0.6064416
NOL10,ACH-000439,0.6392475
CCND2,ACH-000439,0.7700126
RFC2,ACH-000439,0.55038905
DOT1L,ACH-000439,0.7914153
URI1,ACH-000439,0.6557463
MED30,ACH-000439,0.53057325
DDX10,ACH-000439,0.6216288
SNU13,ACH-000439,0.39659375
STK40,ACH-000439,0.87316954
DNAJC19,ACH-000439,0.79235643
ANAPC15,ACH-000439,0.8118638
RPA3,ACH-000439,0.43532673
ELOA,ACH-000439,0.8249456
DDOST,ACH-000439,0.7191612
UBXN4,ACH-000439,0.90126055
RNF8,ACH-000439,0.79681146
GTF3C1,ACH-000439,0.70280665
BUB1B,ACH-000439,0.6464233
TFAP2A,ACH-000439,0.84634334
SMC4,ACH-000439,0.5658927
TPT1,ACH-000439,0.6520213
PPIL4,ACH-000439,0.69972193
CENPC,ACH-000439,0.69410574
MED17,ACH-000439,0.6560671
ZNF131,ACH-000439,0.6581983
TNPO1,ACH-000439,0.79010004
PDE12,ACH-000439,0.78276426
NUP85,ACH-000439,0.5820025
ATP5MG,ACH-000439,0.7676917
ARHGEF7,ACH-000439,0.92465436
DERL2,ACH-000439,0.80310756
USP9X,ACH-000439,0.76718974
PITRM1,ACH-000439,0.84044474
NDUFC1,ACH-000439,0.7899552
DYNC1H1,ACH-000439,0.59430677
FARSB,ACH-000439,0.49895015
NDUFB7,ACH-000439,0.7740313
MZT1,ACH-000439,0.60309637
EIF2AK4,ACH-000439,0.80800426
TBL3,ACH-000439,0.6323221
RAB18,ACH-000439,0.85026526
UBE3D,ACH-000439,0.89195937
RPS9,ACH-000439,0.50716704
UFSP2,ACH-000439,0.85859627
PSMA1,ACH-000439,0.4505076
RABGGTB,ACH-000439,0.5769737
GSPT1,ACH-000439,0.6103145
RBM17,ACH-000439,0.57780486
EIF3M,ACH-000439,0.6565723
EBNA1BP2,ACH-000439,0.6680219
UTP15,ACH-000439,0.57320887
GLS,ACH-000439,0.82853687
PTCD1,ACH-000439,0.75680846
CDCA8,ACH-000439,0.594999
PCGF1,ACH-000439,0.85077363
EIF3E,ACH-000439,0.60100955
PPA2,ACH-000439,0.7958009
GINS3,ACH-000439,0.67842436
DDX27,ACH-000439,0.6485866
GBF1,ACH-000439,0.69958985
POLR3E,ACH-000439,0.7122459
MED8,ACH-000439,0.7172512
ACTB,ACH-000439,0.8144775
MRPL22,ACH-000439,0.72961855
DPH5,ACH-000439,0.7917984
MCM6,ACH-000439,0.643685
POLR3A,ACH-000439,0.39224502
WASHC3,ACH-000439,0.78420615
ANAPC4,ACH-000439,0.63589406
VBP1,ACH-000439,0.79212767
KIDINS220,ACH-000439,0.8778101
RPP21,ACH-000439,0.5560647
NDUFC2,ACH-000439,0.7788568
TUBGCP4,ACH-000439,0.6402283
YEATS2,ACH-000439,0.7808803
RPA1,ACH-000439,0.440012
RPS24,ACH-000439,0.5144037
MTCH2,ACH-000439,0.8242365
TRAIP,ACH-000439,0.7629421
COG7,ACH-000439,0.8753628
PPP2R2A,ACH-000439,0.8704408
EFL1,ACH-000439,0.706047
CDIPT,ACH-000439,0.7860105
METTL14,ACH-000439,0.7395518
PSMD12,ACH-000439,0.5281151
IRF2,ACH-000439,0.8519634
TOMM70,ACH-000439,0.7785482
PAM16,ACH-000439,0.6110452
TBL1XR1,ACH-000439,0.767905
UBE2Q1,ACH-000439,0.8146672
CUL3,ACH-000439,0.7429837
NXF1,ACH-000439,0.5864957
TINF2,ACH-000439,0.5286621
SYS1,ACH-000439,0.659888
HNRNPM,ACH-000439,0.68266314
SMC2,ACH-000439,0.62023306
DDX52,ACH-000439,0.7285369
EEF2KMT,ACH-000439,0.76799357
FNTB,ACH-000439,0.74787253
PTK2,ACH-000439,0.86475384
RPL26,ACH-000439,0.38564107
RINT1,ACH-000439,0.66045797
IPO5,ACH-000439,0.8534909
NSF,ACH-000439,0.44091526
MRPS30,ACH-000439,0.8349118
DSN1,ACH-000439,0.67140746
LRR1,ACH-000439,0.38779026
OXA1L,ACH-000439,0.75282884
PSMD13,ACH-000439,0.7315299
IER3IP1,ACH-000439,0.8299737
POLE3,ACH-000439,0.79660755
THOC5,ACH-000439,0.5682099
TONSL,ACH-000439,0.54428875
SNIP1,ACH-000439,0.7799275
TIPRL,ACH-000439,0.8076562
PFAS,ACH-000439,0.7491607
SLC30A9,ACH-000439,0.8167238
MRPS24,ACH-000439,0.7782328
FOSL1,ACH-000439,0.7877247
RPL18A,ACH-000439,0.3583921
STRAP,ACH-000439,0.70325273
SENP6,ACH-000439,0.64667743
CCNC,ACH-000439,0.8291811
LSM7,ACH-000439,0.5068448
SMARCA4,ACH-000439,0.80694354
KMT2A,ACH-000439,0.839972
KIF18A,ACH-000439,0.6323807
MCL1,ACH-000439,0.68511707
BCL6,ACH-000439,0.8121349
PIK3R1,ACH-000439,0.82549465
POMP,ACH-000439,0.74664474
PPP1R11,ACH-000439,0.69192195
BOP1,ACH-000439,0.6276035
LIG1,ACH-000439,0.7096579
PPM1G,ACH-000439,0.82136166
PPIA,ACH-000439,0.72289836
TADA2B,ACH-000439,0.7908608
NVL,ACH-000439,0.6380856
CIAO2A,ACH-000439,0.8138332
RNGTT,ACH-000439,0.5853413
RANBP3,ACH-000439,0.7960714
PFDN2,ACH-000439,0.6018977
CARM1,ACH-000439,0.8434904
CDC16,ACH-000439,0.4218575
SPATA31A6,ACH-000439,0.7292328
PDE4DIP,ACH-000439,0.82413477
RPP25L,ACH-000439,0.76735896
POLE,ACH-000439,0.6020577
RPL35,ACH-000439,0.5640482
SOD1,ACH-000439,0.59452796
XAB2,ACH-000439,0.43870977
UBL5,ACH-000439,0.2831449
ZFP36L2,ACH-000439,0.7676766
TSEN54,ACH-000439,0.715498
GATA3,ACH-000439,0.8855864
HSF1,ACH-000439,0.86904126
RPS21,ACH-000439,0.58716035
COG8,ACH-000439,0.7646811
ANLN,ACH-000439,0.8283747
REV3L,ACH-000439,0.7715627
RRS1,ACH-000439,0.67415625
RPL23A,ACH-000439,0.50664556
PAFAH1B1,ACH-000439,0.44250652
QARS1,ACH-000439,0.5264862
DNLZ,ACH-000439,0.74583495
HIRA,ACH-000439,0.77148354
NDUFAF4,ACH-000439,0.80619365
RABIF,ACH-000439,0.80680937
RBBP8,ACH-000439,0.7420085
ACTR6,ACH-000439,0.7451678
CDK13,ACH-000439,0.8271807
RABGGTA,ACH-000439,0.63668287
ARMC5,ACH-000439,0.80987155
IPO13,ACH-000439,0.6494529
ARF6,ACH-000439,0.82201415
MAPK14,ACH-000439,0.83430356
APC,ACH-000439,0.80119336
NDUFA6,ACH-000439,0.76649535
RCL1,ACH-000439,0.64040446
BCS1L,ACH-000439,0.7567328
GNB1L,ACH-000439,0.72586495
PSMB7,ACH-000439,0.6335907
RPS29,ACH-000439,0.32187092
SPC25,ACH-000439,0.5617641
RAD51,ACH-000439,0.5618164
ATP5F1B,ACH-000439,0.67342496
COPS5,ACH-000439,0.5074861
EXOSC7,ACH-000439,0.6798783
RSL1D1,ACH-000439,0.56857985
EIF5AL1,ACH-000439,0.7369111
POLR3D,ACH-000439,0.7255971
MTPAP,ACH-000439,0.7744928
DYNLL1,ACH-000439,0.799665
PSMC1,ACH-000439,0.5997103
TAPT1,ACH-000439,0.8741725
SLC16A1,ACH-000439,0.8069071
RBM10,ACH-000439,0.7543687
RAF1,ACH-000439,0.8313415
RAD51C,ACH-000439,0.6959918
SUPT6H,ACH-000439,0.530211
SNAPC2,ACH-000439,0.6033628
MAD2L2,ACH-000439,0.64675146
RBM22,ACH-000439,0.51337767
SMG6,ACH-000439,0.6896449
KIF2C,ACH-000439,0.8764404
PUF60,ACH-000439,0.32742283
SPTLC2,ACH-000439,0.85067165
ZMAT5,ACH-000439,0.6692906
NDUFS1,ACH-000439,0.7539006
SAMM50,ACH-000439,0.7488919
HSPA8,ACH-000439,0.6833744
CDS2,ACH-000439,0.80164474
NOP58,ACH-000439,0.5533892
RACK1,ACH-000439,0.5426738
ATP6V1D,ACH-000439,0.6880937
NAE1,ACH-000439,0.7765286
LAMTOR4,ACH-000439,0.7713464
RBMX,ACH-000439,0.4714652
PGD,ACH-000439,0.7149595
SYNCRIP,ACH-000439,0.7846249
UGP2,ACH-000439,0.7822561
LYRM4,ACH-000439,0.6498951
POP7,ACH-000439,0.66460806
MRPL57,ACH-000439,0.7610999
MAT2A,ACH-000439,0.4587006
ICE2,ACH-000439,0.7702058
CHMP7,ACH-000439,0.81758916
RPN2,ACH-000439,0.7732786
MRPL32,ACH-000439,0.77304167
TYMS,ACH-000439,0.713825
H2AX,ACH-000439,0.79476494
TEAD1,ACH-000439,0.84980434
GABPB1,ACH-000439,0.73618215
CCNH,ACH-000439,0.61091363
EIF3J,ACH-000439,0.7500653
RPF2,ACH-000439,0.5934169
RNF4,ACH-000439,0.7833545
DHFR,ACH-000439,0.57753223
KIF20A,ACH-000439,0.764405
RPL30,ACH-000439,0.47511086
COX5A,ACH-000439,0.7492353
SCFD1,ACH-000439,0.60696566
RPS11,ACH-000439,0.34836775
PARD3,ACH-000439,0.835725
HARS1,ACH-000439,0.5872115
MDM4,ACH-000439,0.77996784
RIC8A,ACH-000439,0.9263276
PSMB6,ACH-000439,0.54340494
ZFX,ACH-000439,0.7970623
PDCD11,ACH-000439,0.6545875
RPL22L1,ACH-000439,0.8349485
MRPL24,ACH-000439,0.8133491
TARS2,ACH-000439,0.7654397
TTC4,ACH-000439,0.7769166
NDUFV2,ACH-000439,0.8480267
MEMO1,ACH-000439,0.8394205
PSMA6,ACH-000439,0.35168478
RRN3,ACH-000439,0.4462698
DDX21,ACH-000439,0.6139102
HNRNPK,ACH-000439,0.4285411
TRMT112,ACH-000439,0.4615401
FLCN,ACH-000439,0.8216978
FAM32A,ACH-000439,0.7119069
MNT,ACH-000439,0.81879234
CKS1B,ACH-000439,0.7496706
RPL3,ACH-000439,0.3837294
NDUFA11,ACH-000439,0.8082215
DAXX,ACH-000439,0.80308455
MRPL9,ACH-000439,0.75807256
RAB7A,ACH-000439,0.7521987
FBL,ACH-000439,0.67834365
BRPF1,ACH-000439,0.78777117
SOCS3,ACH-000439,0.84872055
TARDBP,ACH-000439,0.7208187
COG5,ACH-000439,0.8560915
RNF7,ACH-000439,0.89771634
HINFP,ACH-000439,0.53626406
POC1A,ACH-000439,0.84190375
UQCRFS1,ACH-000439,0.76446193
SKA3,ACH-000439,0.73537076
PTPN1,ACH-000439,0.8442312
CTC1,ACH-000439,0.67065036
HAUS4,ACH-000439,0.64928263
PRKRA,ACH-000439,0.7951463
FBXO11,ACH-000439,0.79404205
TADA3,ACH-000439,0.85750246
ASCL1,ACH-000439,0.8605117
KIF23,ACH-000439,0.48444745
AHR,ACH-000439,0.83461815
EIF2B2,ACH-000439,0.63010585
HEATR3,ACH-000439,0.7877607
PPP1CB,ACH-000439,0.6772751
SRP9,ACH-000439,0.62905675
NCAPG2,ACH-000439,0.69908077
NUBP1,ACH-000439,0.6421114
RPP30,ACH-000439,0.66854507
SMARCA2,ACH-000439,0.8055764
WDR75,ACH-000439,0.5753125
TOP3A,ACH-000439,0.64198303
PPCS,ACH-000439,0.7733191
YARS2,ACH-000439,0.561155
EIF1AX,ACH-000439,0.5191637
SMC1A,ACH-000439,0.5644077
HCFC1,ACH-000439,0.58620566
RNASEH2A,ACH-000439,0.8016284
CINP,ACH-000439,0.6366295
SERBP1,ACH-000439,0.77212256
COA5,ACH-000439,0.7890576
WNK1,ACH-000439,0.67448413
AFG3L2,ACH-000439,0.5623255
CCNB1,ACH-000439,0.7412162
NDUFB6,ACH-000439,0.78479713
RNMT,ACH-000439,0.62930965
TMEM41B,ACH-000439,0.78147596
UBAP1,ACH-000439,0.6911923
PTPN23,ACH-000439,0.69204444
RPL38,ACH-000439,0.5054245
NCAPD2,ACH-000439,0.5971462
TP53,ACH-000439,0.9273185
TIMM8A,ACH-000439,0.8298296
TRNAU1AP,ACH-000439,0.81780624
PPAN,ACH-000439,0.65074664
DPH3,ACH-000439,0.675213
PPP1R2,ACH-000439,0.7327423
IFITM3,ACH-000439,0.66933113
CDCA3,ACH-000439,0.8059424
MRPL58,ACH-000439,0.7574359
BCAR1,ACH-000439,0.9197706
PXN,ACH-000439,0.84464294
MUC20,ACH-000439,0.82706296
RBBP6,ACH-000439,0.66204304
MFAP1,ACH-000439,0.5162988
RPL11,ACH-000439,0.38678262
ITPK1,ACH-000439,0.83730096
RPL31,ACH-000439,0.34357306
ANAPC2,ACH-000439,0.69832677
NDUFB8,ACH-000439,0.81216824
ARNT,ACH-000439,0.8963041
ATXN7L3,ACH-000439,0.93000966
PTAR1,ACH-000439,0.80355763
COP1,ACH-000439,0.82887334
GNL3L,ACH-000439,0.70562637
MRPL35,ACH-000439,0.7109723
PPIL2,ACH-000439,0.58982337
SSB,ACH-000439,0.73970395
LEMD2,ACH-000439,0.8591338
NOP16,ACH-000439,0.5872374
DHPS,ACH-000439,0.6864468
TRIR,ACH-000439,0.86567634
INTS5,ACH-000439,0.721067
CTNNBL1,ACH-000439,0.6820203
GTF3C3,ACH-000439,0.7422564
FUBP1,ACH-000439,0.8316017
CHMP6,ACH-000439,0.6440996
DCPS,ACH-000439,0.8395604
COX18,ACH-000439,0.8415209
VPS4B,ACH-000439,0.8174955
SNF8,ACH-000439,0.6809772
TARS1,ACH-000439,0.5236372
YWHAE,ACH-000439,0.8140899
PPWD1,ACH-000439,0.5259685
HNRNPC,ACH-000439,0.688706
HGS,ACH-000439,0.7388148
POT1,ACH-000439,0.7277873
RNPS1,ACH-000439,0.65917677
UBR4,ACH-000439,0.7105885
DHX36,ACH-000439,0.7316497
CNOT2,ACH-000439,0.7415172
SDAD1,ACH-000439,0.68116003
DOCK5,ACH-000439,0.8530097
POLR2E,ACH-000439,0.5633755
INTS10,ACH-000439,0.8079374
PRPF40A,ACH-000439,0.665728
ACLY,ACH-000439,0.79415274
POLR3B,ACH-000439,0.5082769
SUPT16H,ACH-000439,0.43120298
EIF4A3,ACH-000439,0.5044705
MAX,ACH-000439,0.702315
CIAO1,ACH-000439,0.61260486
AHCYL1,ACH-000439,0.7996328
COX6A1,ACH-000439,0.7750018
FARSA,ACH-000439,0.6632852
INO80,ACH-000439,0.71587574
INTS13,ACH-000439,0.81148183
TFAM,ACH-000439,0.7575709
ALDH18A1,ACH-000439,0.8549144
RPL9,ACH-000439,0.4297146
TIPIN,ACH-000439,0.6861913
MRM2,ACH-000439,0.78359056
SRSF1,ACH-000439,0.54374564
KEAP1,ACH-000439,0.7836803
LIN54,ACH-000439,0.7937957
DNAJC17,ACH-000439,0.6158891
SRSF11,ACH-000439,0.71836483
RPRD1B,ACH-000439,0.8345243
KDM8,ACH-000439,0.72021204
LARP7,ACH-000439,0.84112585
PDCL,ACH-000439,0.8657039
FBXO7,ACH-000439,0.8677355
UBA2,ACH-000439,0.65390563
CCAR1,ACH-000439,0.7650535
CASC3,ACH-000439,0.8516283
NAA25,ACH-000439,0.7142926
RBBP4,ACH-000439,0.647363
INTS6,ACH-000439,0.7518029
KDM2A,ACH-000439,0.82271934
RAC1,ACH-000439,0.7503316
GOLGA8R,ACH-000439,0.76201975
HAUS7,ACH-000439,0.6656303
ESPL1,ACH-000439,0.47567585
KNTC1,ACH-000439,0.8258252
MED25,ACH-000439,0.7864465
PSMD1,ACH-000439,0.6372282
CFAP298,ACH-000439,0.62195456
DARS1,ACH-000439,0.49776477
MRPL10,ACH-000439,0.69831556
NCL,ACH-000439,0.6916401
THOC1,ACH-000439,0.63601094
EED,ACH-000439,0.8299765
MRPS34,ACH-000439,0.78261447
TGIF1,ACH-000439,0.89677316
NSA2,ACH-000439,0.5857154
MRPS27,ACH-000439,0.75093406
UROD,ACH-000439,0.7260801
TICRR,ACH-000439,0.59074503
USP8,ACH-000439,0.7673628
CENPN,ACH-000439,0.6343427
MYH9,ACH-000439,0.8205769
PSMB3,ACH-000439,0.39365464
NUP153,ACH-000439,0.82044166
NDUFA9,ACH-000439,0.78997564
PRPF3,ACH-000439,0.73660153
CNOT1,ACH-000439,0.72439474
VCPIP1,ACH-000439,0.82968605
COPA,ACH-000439,0.40850455
ATP6V1G1,ACH-000439,0.6315646
USP1,ACH-000439,0.8039875
RPS7,ACH-000439,0.358188
SMNDC1,ACH-000439,0.69824255
EIF4G2,ACH-000439,0.7191757
RPS14,ACH-000439,0.45028234
TIMM10,ACH-000439,0.64098465
TSR2,ACH-000439,0.55181026
XRCC6,ACH-000439,0.46356672
CIAO3,ACH-000439,0.6869583
YAP1,ACH-000439,0.8389122
SBDS,ACH-000439,0.5207397
COA6,ACH-000439,0.7953896
SUGP1,ACH-000439,0.7768862
KANSL3,ACH-000439,0.65848106
KDM5C,ACH-000439,0.8694634
RBX1,ACH-000439,0.61902034
COG1,ACH-000439,0.7950739
NDUFB2,ACH-000439,0.79252976
CRLS1,ACH-000439,0.762614
HS6ST1,ACH-000439,0.7999968
LETM1,ACH-000439,0.7180213
NOP10,ACH-000439,0.667251
GEMIN7,ACH-000439,0.7332929
SEC16A,ACH-000439,0.80583256
ITGB1,ACH-000439,0.84423614
CFAP20,ACH-000439,0.7615909
NSMCE4A,ACH-000439,0.83342564
NDUFB9,ACH-000439,0.73041326
NBAS,ACH-000439,0.76099336
SLC20A1,ACH-000439,0.81493443
PTDSS1,ACH-000439,0.82284033
UBA6,ACH-000439,0.8253937
POLE4,ACH-000439,0.8392802
RBM12,ACH-000439,0.83494467
PSMA4,ACH-000439,0.5448669
STK11,ACH-000439,0.8381335
SLC25A26,ACH-000439,0.774078
NAA15,ACH-000439,0.63683033
SMC5,ACH-000439,0.74085444
VMP1,ACH-000439,0.623435
CLASRP,ACH-000439,0.8418627
CDC5L,ACH-000439,0.49407518
POLR2C,ACH-000439,0.4874853
TMEM165,ACH-000439,0.85740334
NUP98,ACH-000439,0.67606443
KRI1,ACH-000439,0.65863085
MOCS3,ACH-000439,0.7112941
PUM1,ACH-000439,0.848618
LMNA,ACH-000439,0.79996455
COQ7,ACH-000439,0.81931174
SCO2,ACH-000439,0.83349895
RPS3,ACH-000439,0.39907807
DDX42,ACH-000439,0.6299367
OTUD5,ACH-000439,0.79560906
PNN,ACH-000439,0.69378865
UBA5,ACH-000439,0.79012483
NUP58,ACH-000439,0.7538783
UTP3,ACH-000439,0.758235
TENT4B,ACH-000439,0.8387193
FDFT1,ACH-000439,0.8869309
RPL37A,ACH-000439,0.40911046
PAGR1,ACH-000439,0.8402495
TDP2,ACH-000439,0.84991485
SACM1L,ACH-000439,0.61672986
DHX8,ACH-000439,0.5546256
DIDO1,ACH-000439,0.8410875
UBE2C,ACH-000439,0.74484617
CENATAC,ACH-000439,0.6299963
HNRNPH1,ACH-000439,0.6858888
THG1L,ACH-000439,0.7441922
RPS23,ACH-000439,0.40272522
NARS2,ACH-000439,0.78749824
ARF1,ACH-000439,0.7931314
WDR5,ACH-000439,0.6993437
NPLOC4,ACH-000439,0.58928293
CDK12,ACH-000439,0.71869177
PSMA7,ACH-000439,0.39816836
SEC61A1,ACH-000439,0.51791394
RPS17,ACH-000439,0.53979415
PDHA1,ACH-000439,0.80619615
CREBBP,ACH-000439,0.83824605
PRDX1,ACH-000439,0.86659414
ATP6V0C,ACH-000439,0.3857115
EXT1,ACH-000439,0.86895484
TTK,ACH-000439,0.735064
TRUB2,ACH-000439,0.8329066
MRPL13,ACH-000439,0.7992264
SH3GL1,ACH-000439,0.81910235
GRSF1,ACH-000439,0.8297427
ARPC3,ACH-000439,0.70648056
PPM1D,ACH-000439,0.80682564
TRAPPC4,ACH-000439,0.68761617
SEC61G,ACH-000439,0.68435913
THOC3,ACH-000439,0.6143711
PMPCA,ACH-000439,0.5422934
ALG2,ACH-000439,0.6008454
POLRMT,ACH-000439,0.7377552
TIMM17A,ACH-000439,0.80268425
POLR3C,ACH-000439,0.6111864
PALB2,ACH-000439,0.8208521
POP5,ACH-000439,0.4963226
MSL1,ACH-000439,0.76083213
PPP2R3C,ACH-000439,0.7200441
RPLP0,ACH-000439,0.5685736
ACTR8,ACH-000439,0.76682085
ATIC,ACH-000439,0.736487
RAD51B,ACH-000439,0.75853765
SLC25A28,ACH-000439,0.82493997
ITGAV,ACH-000439,0.8741362
PPP2R1A,ACH-000439,0.7854131
MRPL55,ACH-000439,0.7645881
MED4,ACH-000439,0.5787952
PAK1IP1,ACH-000439,0.5935772
RPL7,ACH-000439,0.55537903
PDSS1,ACH-000439,0.82240605
CHAF1B,ACH-000439,0.52880347
CSDE1,ACH-000439,0.8320506
FEN1,ACH-000439,0.7459988
TUT1,ACH-000439,0.52263886
FLI1,ACH-000439,0.8521865
RPL23,ACH-000439,0.32606
BRIX1,ACH-000439,0.6718936
ERCC3,ACH-000439,0.5633761
NOC3L,ACH-000439,0.7550945
EMC4,ACH-000439,0.8089507
CCNL1,ACH-000439,0.7594439
PRELID3B,ACH-000439,0.4825362
CSTF1,ACH-000439,0.70186025
DNAJC11,ACH-000439,0.65392876
DNAJC2,ACH-000439,0.8330241
DPH1,ACH-000439,0.81989837
PWP2,ACH-000439,0.6638714
CCDC6,ACH-000439,0.8120192
PSMD4,ACH-000439,0.5818565
PFDN6,ACH-000439,0.52898717
SNAI2,ACH-000439,0.8747109
MRPL12,ACH-000439,0.7980288
GET1,ACH-000439,0.7927199
MRPS17,ACH-000439,0.82407343
CAB39,ACH-000439,0.835284
ARHGAP29,ACH-000439,0.8194752
RBBP7,ACH-000439,0.83280957
TMEM199,ACH-000439,0.7103625
SREK1IP1,ACH-000439,0.7751487
CD2BP2,ACH-000439,0.8563773
EMC1,ACH-000439,0.77715707
ORC3,ACH-000439,0.76258457
ELP1,ACH-000439,0.7137769
BRK1,ACH-000439,0.8574398
PI4KA,ACH-000439,0.7501335
RPUSD3,ACH-000439,0.79693687
RRM2,ACH-000439,0.44051433
TRIM28,ACH-000439,0.8154328
RSL24D1,ACH-000439,0.52811736
NDUFS3,ACH-000439,0.7892008
STXBP3,ACH-000439,0.81217754
SETD1B,ACH-000439,0.8093469
SUPT20H,ACH-000439,0.905167
CHMP2A,ACH-000439,0.49626723
TMEM80,ACH-000439,0.8139635
SART3,ACH-000439,0.48982847
TELO2,ACH-000439,0.77611417
DCTN3,ACH-000439,0.734023
ATP2B1,ACH-000439,0.8304623
POLG2,ACH-000439,0.82031435
PDCD10,ACH-000439,0.8844368
SPRTN,ACH-000439,0.70897025
EIF1,ACH-000439,0.6824274
TMED2,ACH-000439,0.81264764
MED23,ACH-000439,0.8257144
RPS6,ACH-000439,0.4158758
ATP5PO,ACH-000439,0.7791378
PMVK,ACH-000439,0.7585184
IDH3A,ACH-000439,0.8033961
USP5,ACH-000439,0.60901105
SRRM2,ACH-000439,0.7701349
OSGEP,ACH-000439,0.6298928
RASA4,ACH-000439,0.8699208
TAF12,ACH-000439,0.70052505
CCT4,ACH-000439,0.5534713
UGCG,ACH-000439,0.85931045
WDR36,ACH-000439,0.5687555
TOPBP1,ACH-000439,0.60596097
SNRNP70,ACH-000439,0.6516075
BARD1,ACH-000439,0.76057076
PPRC1,ACH-000439,0.7876612
MAP4K4,ACH-000439,0.8570472
RAD21,ACH-000439,0.56354177
ZNF407,ACH-000439,0.68781775
SF3A3,ACH-000439,0.44657302
ALG11,ACH-000439,0.6613204
TOMM20,ACH-000439,0.6923484
RARS2,ACH-000439,0.81596994
SRSF7,ACH-000439,0.50008804
CENPM,ACH-000439,0.68015164
SAMD4B,ACH-000439,0.8038512
SKA2,ACH-000439,0.77412575
OSTC,ACH-000439,0.80430764
H2BC4,ACH-000439,0.5153918
GTF2A2,ACH-000439,0.6288771
ARID1A,ACH-000439,0.80028474
BTF3,ACH-000439,0.64375657
GGTLC2,ACH-000439,0.7175015
DDX11,ACH-000439,0.72652674
TUBB3,ACH-000439,0.8817154
WDR83,ACH-000439,0.7839117
TOMM40,ACH-000439,0.66357327
WDR18,ACH-000439,0.6452836
CCT5,ACH-000439,0.6435377
HNRNPA1,ACH-000439,0.7717166
MYCN,ACH-000439,0.8732468
PDS5A,ACH-000439,0.7924488
CENPI,ACH-000439,0.7969439
RPS16,ACH-000439,0.43482915
SCD,ACH-000439,0.7352075
MRPL28,ACH-000439,0.7854493
RIOK1,ACH-000439,0.6186976
BCLAF1,ACH-000439,0.70629025
UFM1,ACH-000439,0.75047547
DNAAF10,ACH-000439,0.76067716
VPS28,ACH-000439,0.5539281
POLR1B,ACH-000439,0.58751994
ZFC3H1,ACH-000439,0.81066906
CWF19L2,ACH-000439,0.77893966
SCAF8,ACH-000439,0.83975315
RPL36A,ACH-000439,0.5630083
URM1,ACH-000439,0.7821175
CKAP5,ACH-000439,0.5143882
METTL16,ACH-000439,0.6532264
PDPK1,ACH-000439,0.6721233
HMGB1,ACH-000439,0.7456117
SRCAP,ACH-000439,0.6332795
EIF2S2,ACH-000439,0.6250552
OGDH,ACH-000439,0.6827433
TXNL4A,ACH-000439,0.39519745
VPS36,ACH-000439,0.81047744
YY1,ACH-000439,0.7412966
NPM1,ACH-000439,0.69687617
PSMG1,ACH-000439,0.71181804
E2F3,ACH-000439,0.86329925
CTU2,ACH-000439,0.7052448
POLR1A,ACH-000439,0.5774803
XRCC2,ACH-000439,0.7527931
ZC3H13,ACH-000439,0.7698094
HAUS6,ACH-000439,0.63802254
TLK2,ACH-000439,0.72866404
AK6,ACH-000439,0.62609327
CRKL,ACH-000439,0.8286252
BRAP,ACH-000439,0.7599061
HUWE1,ACH-000439,0.69198495
NAMPT,ACH-000439,0.71487296
SMG1,ACH-000439,0.68148124
UBTF,ACH-000439,0.568467
PRKAR1A,ACH-000439,0.8563705
FADD,ACH-000439,0.9144375
STX5,ACH-000439,0.5950573
EIF2B3,ACH-000439,0.6066563
NUP205,ACH-000439,0.6561444
VPS13D,ACH-000439,0.72598463
GPATCH1,ACH-000439,0.790325
GTF2A1,ACH-000439,0.7402745
CUL1,ACH-000439,0.72390157
SNRNP48,ACH-000439,0.69990396
ELMO2,ACH-000439,0.9153541
PLRG1,ACH-000439,0.64780676
TTC1,ACH-000439,0.6534193
AQP7,ACH-000439,0.80658597
NDUFS2,ACH-000439,0.75817907
TOP1,ACH-000439,0.6627577
GSK3B,ACH-000439,0.85605645
SART1,ACH-000439,0.647358
PKMYT1,ACH-000439,0.66271526
DHX33,ACH-000439,0.63752425
RPAIN,ACH-000439,0.6935291
BCAS2,ACH-000439,0.64595866
DR1,ACH-000439,0.70417684
EIF3D,ACH-000439,0.53824687
PWP1,ACH-000439,0.72709894
CDK4,ACH-000439,0.7334491
AMD1,ACH-000439,0.7695981
RBM28,ACH-000439,0.751557
GFM2,ACH-000439,0.8018431
DNAJA3,ACH-000439,0.69463944
PAICS,ACH-000439,0.7330631
WDR4,ACH-000439,0.8307463
CENPO,ACH-000439,0.8099709
ALG1,ACH-000439,0.7166486
ITGB5,ACH-000439,0.843595
NFYC,ACH-000439,0.7517237
DDX56,ACH-000439,0.47180697
FDXR,ACH-000439,0.7248502
ATL2,ACH-000439,0.75895137
PREB,ACH-000439,0.65443957
STEEP1,ACH-000439,0.81235224
EIPR1,ACH-000439,0.8633278
FDPS,ACH-000439,0.78100955
CHTF8,ACH-000439,0.7983613
FGFR1,ACH-000439,0.87042004
CDK9,ACH-000439,0.5998529
SUGT1,ACH-000439,0.728264
VPS33A,ACH-000439,0.7556116
COX10,ACH-000439,0.80227906
ATP2A2,ACH-000439,0.6040851
ATP6V1F,ACH-000439,0.6312844
C1D,ACH-000439,0.77947086
GTF2F2,ACH-000439,0.656397
MRPL36,ACH-000439,0.74300736
PRPF31,ACH-000439,0.5124434
SOD2,ACH-000439,0.720491
CMIP,ACH-000439,0.8133085
EXOSC6,ACH-000439,0.59922385
TCF7L2,ACH-000439,0.87959594
COPZ1,ACH-000439,0.5782631
GTSE1,ACH-000439,0.8515628
MED26,ACH-000439,0.78006
MARK2,ACH-000439,0.8646344
TRA2B,ACH-000439,0.74843115
VPS37A,ACH-000439,0.795968
XPO5,ACH-000439,0.738671
COQ4,ACH-000439,0.68297845
PFDN1,ACH-000439,0.7628553
DPAGT1,ACH-000439,0.66926277
AP1G1,ACH-000439,0.77018285
RPL26L1,ACH-000439,0.78122175
ROMO1,ACH-000439,0.6198464
HNRNPA2B1,ACH-000439,0.8008927
CHD4,ACH-000439,0.63179743
DYNLRB1,ACH-000439,0.4738868
PKM,ACH-000439,0.6909184
LCE2B,ACH-000439,0.8137411
FASN,ACH-000439,0.88333404
EGLN1,ACH-000439,0.8773912
CLTC,ACH-000439,0.5594185
CEBPZ,ACH-000439,0.61466503
TIAL1,ACH-000439,0.86522144
SEC62,ACH-000439,0.78702176
CAND1,ACH-000439,0.7875778
NCKAP1,ACH-000439,0.8482491
LONP1,ACH-000439,0.56892043
POLR2F,ACH-000439,0.47623852
IBA57,ACH-000439,0.74597776
USP10,ACH-000439,0.7448934
IARS2,ACH-000439,0.64959824
FPGS,ACH-000439,0.7457491
SNRNP27,ACH-000439,0.6871105
DPH2,ACH-000439,0.80398965
PI4KB,ACH-000439,0.80026096
NCOA4,ACH-000439,0.80500984
SKA1,ACH-000439,0.83895653
RNF31,ACH-000439,0.791294
TAF4,ACH-000439,0.78606945
H2BC6,ACH-000439,0.63642424
MRPL15,ACH-000439,0.79244024
KCTD5,ACH-000439,0.848299
HARS2,ACH-000439,0.7910437
RBMXL1,ACH-000439,0.793328
CEP43,ACH-000439,0.8595818
ACTR1A,ACH-000439,0.770066
HK2,ACH-000439,0.8361792
SS18L2,ACH-000439,0.37750092
POLR3H,ACH-000439,0.55720747
FCF1,ACH-000439,0.5736677
EFTUD2,ACH-000439,0.50503474
SMG5,ACH-000439,0.6542791
ALG13,ACH-000439,0.7066664
HSD17B10,ACH-000439,0.76307386
NUP214,ACH-000439,0.60695255
VCL,ACH-000439,0.81672496
CENPP,ACH-000439,0.82477194
MRPS5,ACH-000439,0.72893417
RNPC3,ACH-000439,0.60400784
NDUFAB1,ACH-000439,0.7317578
DHX29,ACH-000439,0.8808432
SRPRA,ACH-000439,0.7592683
TCOF1,ACH-000439,0.7927017
ATRIP,ACH-000439,0.75680256
CMPK1,ACH-000439,0.6366635
CCND1,ACH-000439,0.78642976
GCSH,ACH-000439,0.7486617
EXOSC10,ACH-000439,0.7696892
NFRKB,ACH-000439,0.80260694
RBIS,ACH-000439,0.828134
WDR55,ACH-000439,0.59844124
HOXD13,ACH-000439,0.8087894
CFL1,ACH-000439,0.7155923
ELOB,ACH-000789,0.6330894
PSMC5,ACH-000789,0.6514114
DNAJC9,ACH-000789,0.69088006
DKC1,ACH-000789,0.61018705
PPP1R7,ACH-000789,0.78487885
SNRPE,ACH-000789,0.52211285
ORC1,ACH-000789,0.6725322
ZNHIT3,ACH-000789,0.7803171
TAF8,ACH-000789,0.6804647
UMPS,ACH-000789,0.8282312
HDAC1,ACH-000789,0.8299276
CHKA,ACH-000789,0.8231978
SRSF10,ACH-000789,0.7922787
RPL18,ACH-000789,0.5821347
CCDC51,ACH-000789,0.8478671
SYMPK,ACH-000789,0.6890137
WDR33,ACH-000789,0.51533383
CTPS1,ACH-000789,0.71644425
RPS2,ACH-000789,0.5434544
CSE1L,ACH-000789,0.44078922
ACTR3,ACH-000789,0.8225899
MRPL41,ACH-000789,0.7259388
MALSU1,ACH-000789,0.8162745
MTF1,ACH-000789,0.8487737
CNOT4,ACH-000789,0.8552921
NDUFA3,ACH-000789,0.8445586
CBLL1,ACH-000789,0.8056948
INTS9,ACH-000789,0.55413747
CSH2,ACH-000789,0.79643893
SIN3A,ACH-000789,0.75686574
GNL2,ACH-000789,0.6290895
HCCS,ACH-000789,0.8451087
H2BC21,ACH-000789,0.74957
NF2,ACH-000789,0.9284967
PRPF4,ACH-000789,0.5972904
VIRMA,ACH-000789,0.6691749
ZPR1,ACH-000789,0.6396259
RANGAP1,ACH-000789,0.60881984
POLR2B,ACH-000789,0.48114592
POLD3,ACH-000789,0.5633641
MDN1,ACH-000789,0.59668607
CDC26,ACH-000789,0.7197271
AARS2,ACH-000789,0.78692645
CDAN1,ACH-000789,0.7069907
TRNT1,ACH-000789,0.5916071
MSTO1,ACH-000789,0.6259744
H2BC11,ACH-000789,0.65439326
LRPPRC,ACH-000789,0.7300025
HSPD1,ACH-000789,0.59831166
FANCF,ACH-000789,0.84335154
SNRNP40,ACH-000789,0.7220835
RELA,ACH-000789,0.84093267
ECT2,ACH-000789,0.71746325
TAF1B,ACH-000789,0.7026583
DBR1,ACH-000789,0.52682626
RRM1,ACH-000789,0.27569872
ATP6AP1,ACH-000789,0.70010424
ZNF236,ACH-000789,0.8391602
PAK2,ACH-000789,0.87276846
GTF2E2,ACH-000789,0.63946605
SNAP23,ACH-000789,0.7903484
DAD1,ACH-000789,0.5031632
TUBGCP6,ACH-000789,0.6833191
SEM1,ACH-000789,0.67902976
IGBP1,ACH-000789,0.5935261
WDR48,ACH-000789,0.8343577
DTL,ACH-000789,0.45320374
COX15,ACH-000789,0.8484713
HAUS3,ACH-000789,0.6907151
CIAO2B,ACH-000789,0.6946988
CDK7,ACH-000789,0.48615155
MRPL3,ACH-000789,0.7711669
CYB5R4,ACH-000789,0.85852116
HTATSF1,ACH-000789,0.75971806
EIF3G,ACH-000789,0.63384616
TXNRD1,ACH-000789,0.7831887
HSCB,ACH-000789,0.7464175
TAF10,ACH-000789,0.73942626
EIF5,ACH-000789,0.6044203
HUS1,ACH-000789,0.81531477
MED24,ACH-000789,0.7980073
COX19,ACH-000789,0.83924913
PRPF39,ACH-000789,0.7937527
DDX54,ACH-000789,0.57737327
HSP90B1,ACH-000789,0.7797242
RPL17,ACH-000789,0.24633178
HYPK,ACH-000789,0.7388194
POM121C,ACH-000789,0.8117707
LSM4,ACH-000789,0.51016974
MAPK1,ACH-000789,0.8735821
TRAPPC2L,ACH-000789,0.8842493
RPS8,ACH-000789,0.25891492
MED19,ACH-000789,0.7340487
SGO1,ACH-000789,0.7314532
SRBD1,ACH-000789,0.59273386
UBE2G2,ACH-000789,0.85505
NDC1,ACH-000789,0.80989456
SUZ12,ACH-000789,0.75349355
BRIP1,ACH-000789,0.7989646
MNAT1,ACH-000789,0.7015758
CDC123,ACH-000789,0.508164
HSPE1,ACH-000789,0.19718635
QRSL1,ACH-000789,0.7998632
UXT,ACH-000789,0.6851604
RHEB,ACH-000789,0.7807922
KLF5,ACH-000789,0.8125836
PTPMT1,ACH-000789,0.7672117
LAMTOR3,ACH-000789,0.8488167
RBM15,ACH-000789,0.8688774
PPP1CA,ACH-000789,0.76690847
PGGT1B,ACH-000789,0.78045076
CDC45,ACH-000789,0.44331408
INTS14,ACH-000789,0.80611813
KARS1,ACH-000789,0.5651485
SKP2,ACH-000789,0.68027925
NUP107,ACH-000789,0.7190609
MRPS18B,ACH-000789,0.7554647
RAB10,ACH-000789,0.85709745
HNRNPF,ACH-000789,0.8901127
RGP1,ACH-000789,0.7529024
COPS8,ACH-000789,0.72419477
FAM50A,ACH-000789,0.79471064
NXT1,ACH-000789,0.73874193
WARS1,ACH-000789,0.6498785
SLC25A3,ACH-000789,0.74015486
TP63,ACH-000789,0.931
CAPRIN1,ACH-000789,0.8997125
COX6C,ACH-000789,0.7909156
FLII,ACH-000789,0.8605931
METTL3,ACH-000789,0.80501413
NDUFA8,ACH-000789,0.79045355
ZNHIT6,ACH-000789,0.7350137
WAC,ACH-000789,0.8335124
TADA1,ACH-000789,0.8524801
PBRM1,ACH-000789,0.83227754
IMP4,ACH-000789,0.6657664
PELO,ACH-000789,0.6644015
CPSF6,ACH-000789,0.78371215
AATF,ACH-000789,0.68485594
RPF1,ACH-000789,0.6706996
POLR1C,ACH-000789,0.55625355
RPS3A,ACH-000789,0.32703486
PCYT1A,ACH-000789,0.7747821
CHERP,ACH-000789,0.66968393
PPP4R2,ACH-000789,0.77544934
PPP1R15B,ACH-000789,0.6382266
AHCY,ACH-000789,0.78107065
GUK1,ACH-000789,0.633867
SNAPC5,ACH-000789,0.6714453
MEPCE,ACH-000789,0.6565369
GFER,ACH-000789,0.76218057
BUB3,ACH-000789,0.47577715
UPF2,ACH-000789,0.6281787
RRAGA,ACH-000789,0.83288604
BRD2,ACH-000789,0.85287964
MVD,ACH-000789,0.7871438
SNRPB,ACH-000789,0.52687275
SNRPG,ACH-000789,0.48758355
HMGCR,ACH-000789,0.6941725
TACC3,ACH-000789,0.86049503
PHAX,ACH-000789,0.6781647
SGF29,ACH-000789,0.77760565
CCNA2,ACH-000789,0.6250523
EXOSC1,ACH-000789,0.8275412
VPS29,ACH-000789,0.7840227
NDUFA4,ACH-000789,0.8149621
VDAC1,ACH-000789,0.7694782
GTPBP10,ACH-000789,0.8706838
TUBGCP2,ACH-000789,0.67871207
CPSF4,ACH-000789,0.55921334
MCM7,ACH-000789,0.49773908
ARPC4,ACH-000789,0.8020679
COPS6,ACH-000789,0.58607197
RBM5,ACH-000789,0.8235916
JMJD6,ACH-000789,0.8209657
RIC1,ACH-000789,0.86891
RRP1,ACH-000789,0.7310465
CDK1,ACH-000789,0.44792664
DIS3,ACH-000789,0.7526037
RAC3,ACH-000789,0.8653012
TAF7,ACH-000789,0.7275653
H3-3A,ACH-000789,0.6670805
SOS1,ACH-000789,0.8703625
DPY19L2,ACH-000789,0.8974467
WDR43,ACH-000789,0.5079403
SNRNP200,ACH-000789,0.44176942
MGAT1,ACH-000789,0.90285957
CCT3,ACH-000789,0.52529454
SF3B4,ACH-000789,0.47125238
RPS13,ACH-000789,0.58571994
ASCC3,ACH-000789,0.85949814
PAXBP1,ACH-000789,0.7227831
UFL1,ACH-000789,0.8511607
ANKRD17,ACH-000789,0.91908216
CRAMP1,ACH-000789,0.83467746
GGPS1,ACH-000789,0.64797497
CCDC22,ACH-000789,0.8785025
LSM3,ACH-000789,0.5362664
NDUFAF8,ACH-000789,0.80534023
NUP133,ACH-000789,0.64347696
C3orf38,ACH-000789,0.8698087
RMND5A,ACH-000789,0.8079945
CTDNEP1,ACH-000789,0.8393582
ATP6V1B2,ACH-000789,0.57439107
POLR3K,ACH-000789,0.6198908
PPP1R12A,ACH-000789,0.6837611
AASDHPPT,ACH-000789,0.745914
FERMT2,ACH-000789,0.83829176
ILF3,ACH-000789,0.7201841
MPHOSPH10,ACH-000789,0.67753744
KRR1,ACH-000789,0.7100961
EARS2,ACH-000789,0.7837211
ACO2,ACH-000789,0.72610694
ENY2,ACH-000789,0.7695532
CPSF3,ACH-000789,0.5433674
ZWINT,ACH-000789,0.84113646
NUP35,ACH-000789,0.86023515
MYB,ACH-000789,0.857541
GRHL2,ACH-000789,0.9203162
ATP5F1C,ACH-000789,0.751563
WDR3,ACH-000789,0.6076076
MANF,ACH-000789,0.8593059
MRTO4,ACH-000789,0.6902107
CAMLG,ACH-000789,0.81217945
RFC3,ACH-000789,0.5986744
RPL36,ACH-000789,0.48613727
ATP5F1D,ACH-000789,0.8054598
ELP2,ACH-000789,0.7254545
DNAJC13,ACH-000789,0.8966236
BIRC2,ACH-000789,0.8396241
ADAR,ACH-000789,0.82029575
LSM6,ACH-000789,0.73910064
POLR1E,ACH-000789,0.74082804
UBE2I,ACH-000789,0.49127018
NEPRO,ACH-000789,0.64024675
WDR12,ACH-000789,0.64472556
TSR1,ACH-000789,0.6489381
SF1,ACH-000789,0.40537596
POU2AF1,ACH-000789,0.884931
RMI1,ACH-000789,0.80326074
SLC35A2,ACH-000789,0.89539075
BRCA2,ACH-000789,0.80242527
COPS2,ACH-000789,0.5983658
DNAJA1,ACH-000789,0.80353
POLR2D,ACH-000789,0.49299094
WWTR1,ACH-000789,0.84709823
DOLK,ACH-000789,0.8440593
EMC6,ACH-000789,0.87087095
MBTPS2,ACH-000789,0.81159526
FAM98B,ACH-000789,0.8309332
PPP2CA,ACH-000789,0.68588877
YTHDF2,ACH-000789,0.8644272
MTRF1L,ACH-000789,0.7820621
RPS28,ACH-000789,0.54026324
NCAPH2,ACH-000789,0.7691915
TFIP11,ACH-000789,0.6657587
SNW1,ACH-000789,0.573146
DDX47,ACH-000789,0.541011
TSG101,ACH-000789,0.64898777
THOC2,ACH-000789,0.59951293
TCP1,ACH-000789,0.5350729
DYNC1I2,ACH-000789,0.5733143
AQR,ACH-000789,0.57063633
ACTR2,ACH-000789,0.681739
FANCM,ACH-000789,0.8377845
CHD7,ACH-000789,0.8744952
GTF2B,ACH-000789,0.5159358
RPP14,ACH-000789,0.7188529
ADRM1,ACH-000789,0.8230713
BMPR1A,ACH-000789,0.777557
SETD5,ACH-000789,0.8381724
EXT2,ACH-000789,0.8665477
FECH,ACH-000789,0.7869434
TAFAZZIN,ACH-000789,0.8524487
LARP1,ACH-000789,0.8890171
PSMD2,ACH-000789,0.61728615
TRIP12,ACH-000789,0.81308687
RTEL1,ACH-000789,0.82540053
VPS54,ACH-000789,0.8132798
PPIH,ACH-000789,0.8515583
ZMAT2,ACH-000789,0.6369542
OXSM,ACH-000789,0.82446545
GINS1,ACH-000789,0.45615557
SEH1L,ACH-000789,0.64643383
PRIM1,ACH-000789,0.47884977
MMGT1,ACH-000789,0.88547564
RAD51D,ACH-000789,0.8139833
DHX16,ACH-000789,0.65268874
NOP56,ACH-000789,0.5944777
ATP2C1,ACH-000789,0.85244405
MICOS10,ACH-000789,0.81851846
BRAF,ACH-000789,0.8972928
BUD23,ACH-000789,0.5995687
TBCA,ACH-000789,0.7105751
TIMELESS,ACH-000789,0.6353666
KCTD10,ACH-000789,0.87652147
DSCC1,ACH-000789,0.887419
RRP12,ACH-000789,0.61549115
ZNF830,ACH-000789,0.7422612
MON2,ACH-000789,0.88093346
TMEM167A,ACH-000789,0.7776549
GEMIN4,ACH-000789,0.7603049
RPL28,ACH-000789,0.777249
UXS1,ACH-000789,0.8278653
CSNK2A1,ACH-000789,0.8936699
TAF6L,ACH-000789,0.79735476
RPN1,ACH-000789,0.69044507
SMARCE1,ACH-000789,0.69105184
EIF3B,ACH-000789,0.570099
NOB1,ACH-000789,0.7114905
TRAF2,ACH-000789,0.8573782
RACGAP1,ACH-000789,0.6122853
ATP6V1E1,ACH-000789,0.6215424
TIMM44,ACH-000789,0.7936377
SPOUT1,ACH-000789,0.6253283
SLC35B1,ACH-000789,0.6773999
RPP40,ACH-000789,0.7294829
ISL1,ACH-000789,0.83693546
SMARCA5,ACH-000789,0.735205
MRPS11,ACH-000789,0.6787753
LSM5,ACH-000789,0.6587673
MIB1,ACH-000789,0.8461183
FASTKD5,ACH-000789,0.79141295
PTMA,ACH-000789,0.7844172
FAU,ACH-000789,0.37698126
PNKP,ACH-000789,0.8327139
PPAT,ACH-000789,0.70506364
CSTF3,ACH-000789,0.6705152
ARID2,ACH-000789,0.85288364
CIAPIN1,ACH-000789,0.74964744
MRPL18,ACH-000789,0.7655173
ESCO2,ACH-000789,0.85585856
PTPA,ACH-000789,0.7958393
BUD13,ACH-000789,0.7461474
TRMT6,ACH-000789,0.8275396
TUBGCP3,ACH-000789,0.64095396
EEF1A1,ACH-000789,0.4655352
RPL21,ACH-000789,0.327667
SLC2A1,ACH-000789,0.8307882
SNRPB2,ACH-000789,0.77462214
MRPL27,ACH-000789,0.7617984
EAF1,ACH-000789,0.8509416
POLR2L,ACH-000789,0.42242426
ABCE1,ACH-000789,0.42513996
STX18,ACH-000789,0.6944204
RPLP2,ACH-000789,0.6381839
ARCN1,ACH-000789,0.58796775
NRBP1,ACH-000789,0.7700349
SRP72,ACH-000789,0.68587315
TMX2,ACH-000789,0.81797016
MYBBP1A,ACH-000789,0.77881867
BAP1,ACH-000789,0.8155465
SKP1,ACH-000789,0.60146165
CPSF2,ACH-000789,0.58785594
METTL17,ACH-000789,0.75964326
NSMCE1,ACH-000789,0.8520781
MTBP,ACH-000789,0.59731424
BCL9,ACH-000789,0.85162705
TLN1,ACH-000789,0.8682931
STRIP1,ACH-000789,0.84406066
ZC3H18,ACH-000789,0.8513129
PSMA2,ACH-000789,0.3857027
STN1,ACH-000789,0.8335054
STAG2,ACH-000789,0.82278144
SNRPA1,ACH-000789,0.3417259
GMPPB,ACH-000789,0.70230067
CRTC3,ACH-000789,0.90690374
NUTF2,ACH-000789,0.49211138
DNM2,ACH-000789,0.6617284
WASHC2C,ACH-000789,0.8028517
PRORP,ACH-000789,0.8112863
LAMTOR2,ACH-000789,0.8015059
IARS1,ACH-000789,0.5054039
CENPH,ACH-000789,0.7394665
UBE2S,ACH-000789,0.8090787
EPRS1,ACH-000789,0.56930876
NUBP2,ACH-000789,0.80242735
RBM8A,ACH-000789,0.68198574
ELOC,ACH-000789,0.6390357
TEDC2,ACH-000789,0.80168164
NUP50,ACH-000789,0.770713
SNAPC1,ACH-000789,0.59950185
DHDDS,ACH-000789,0.49052346
ITGA3,ACH-000789,0.8922393
AIFM1,ACH-000789,0.8128129
CCT8,ACH-000789,0.57255197
ARIH2,ACH-000789,0.9414506
STAMBP,ACH-000789,0.7848276
XRCC5,ACH-000789,0.6757177
SF3A1,ACH-000789,0.5042753
CDK6,ACH-000789,0.8180451
DDX41,ACH-000789,0.59564805
CSNK2B,ACH-000789,0.69850016
KIF18B,ACH-000789,0.8232035
TKT,ACH-000789,0.8463768
VPS41,ACH-000789,0.80534816
LSM8,ACH-000789,0.5686818
CTDP1,ACH-000789,0.5715407
CSNK1A1,ACH-000789,0.73152757
DET1,ACH-000789,0.8743578
NDE1,ACH-000789,0.86433953
TCERG1,ACH-000789,0.78058267
PSMG4,ACH-000789,0.6466139
FLVCR1,ACH-000789,0.82996017
NRAS,ACH-000789,0.8602906
ZEB1,ACH-000789,0.8603427
TMED10,ACH-000789,0.73861647
SFPQ,ACH-000789,0.5691772
KRAS,ACH-000789,0.78142554
MAU2,ACH-000789,0.81524265
CEP55,ACH-000789,0.79287845
PPCDC,ACH-000789,0.8870114
TCF3,ACH-000789,0.85942346
UBR5,ACH-000789,0.7979679
HMGA1,ACH-000789,0.802454
MRPS16,ACH-000789,0.75812113
ALDOA,ACH-000789,0.7035134
REXO2,ACH-000789,0.8547161
SF3B6,ACH-000789,0.46930748
PSMB1,ACH-000789,0.55397975
CDCA5,ACH-000789,0.7081411
COG2,ACH-000789,0.8174057
PIK3CB,ACH-000789,0.8513056
TIMM23,ACH-000789,0.7118958
ZFP36L1,ACH-000789,0.85221255
COX4I1,ACH-000789,0.824057
CDC6,ACH-000789,0.62358665
MARCHF5,ACH-000789,0.81710416
EXOSC4,ACH-000789,0.6189884
PEX6,ACH-000789,0.7698595
NF1,ACH-000789,0.88219327
SAP30BP,ACH-000789,0.6201753
UQCRC1,ACH-000789,0.8119114
SLC25A1,ACH-000789,0.87225217
IPO7,ACH-000789,0.6992904
WDR46,ACH-000789,0.70593727
RAD9A,ACH-000789,0.70006955
MTOR,ACH-000789,0.7145373
POLD2,ACH-000789,0.68393403
UBAP2L,ACH-000789,0.821422
DLST,ACH-000789,0.8206948
EMC2,ACH-000789,0.8819752
FBXW7,ACH-000789,0.9070322
GTF2H3,ACH-000789,0.6507182
CDIN1,ACH-000789,0.7936475
NEDD1,ACH-000789,0.55704343
XRN1,ACH-000789,0.7618141
RAN,ACH-000789,-0.00497663
RPL27,ACH-000789,0.44058752
PSMB5,ACH-000789,0.53161526
APEX2,ACH-000789,0.85554564
FXN,ACH-000789,0.7595035
DHX35,ACH-000789,0.8202604
NOC4L,ACH-000789,0.70845455
TRAPPC11,ACH-000789,0.70817757
PPA1,ACH-000789,0.73073435
RPL36AL,ACH-000789,0.7296802
BRAT1,ACH-000789,0.86620635
CDC7,ACH-000789,0.39885288
CDC27,ACH-000789,0.37281868
VARS2,ACH-000789,0.7697183
GAPDH,ACH-000789,0.6195286
PSMC3,ACH-000789,0.56459844
RNASEH2C,ACH-000789,0.8793213
FAF2,ACH-000789,0.8010852
HSP90AB1,ACH-000789,0.84516895
DHX30,ACH-000789,0.771277
RPL22,ACH-000789,0.76450914
NAT10,ACH-000789,0.6887975
RPS25,ACH-000789,0.61830974
NOM1,ACH-000789,0.7343708
CSK,ACH-000789,0.87666774
ANKRD11,ACH-000789,0.89651924
ATP6V0B,ACH-000789,0.6485613
MEAF6,ACH-000789,0.84165734
RPL4,ACH-000789,0.40766552
NELFB,ACH-000789,0.69034564
MED6,ACH-000789,0.6073117
STAG1,ACH-000789,0.84379005
UBE2A,ACH-000789,0.888805
ELL,ACH-000789,0.6153382
MCM2,ACH-000789,0.5572983
NUP54,ACH-000789,0.77741885
E2F1,ACH-000789,0.88609654
VPS52,ACH-000789,0.8232399
CCNE1,ACH-000789,0.8752345
MAP3K7,ACH-000789,0.8639041
IK,ACH-000789,0.6171489
GATB,ACH-000789,0.7694889
VPS25,ACH-000789,0.42623866
SLC7A1,ACH-000789,0.85497516
WDR77,ACH-000789,0.6300634
CCT2,ACH-000789,0.6508543
NUP88,ACH-000789,0.5981077
RFT1,ACH-000789,0.7836011
MTERF4,ACH-000789,0.80251735
EIF4G1,ACH-000789,0.7618537
SFSWAP,ACH-000789,0.7100227
ZRSR2,ACH-000789,0.79269946
SEPSECS,ACH-000789,0.80263025
H2BC26,ACH-000789,0.72910374
NOLC1,ACH-000789,0.82439905
DMAP1,ACH-000789,0.65422785
MT1E,ACH-000789,0.8041961
CCNF,ACH-000789,0.9109574
INTS8,ACH-000789,0.63301736
UBE2K,ACH-000789,0.8677125
OIP5,ACH-000789,0.7407148
MAEA,ACH-000789,0.84601474
TRMT61A,ACH-000789,0.8145089
COPS3,ACH-000789,0.7243335
CCT6A,ACH-000789,0.59186906
CRCP,ACH-000789,0.6814308
DHODH,ACH-000789,0.8194252
COA3,ACH-000789,0.8137479
DUSP4,ACH-000789,0.8729525
GRPEL1,ACH-000789,0.5805904
PCBP1,ACH-000789,0.6087928
SRP14,ACH-000789,0.7171091
GMNN,ACH-000789,0.8002919
NSMCE3,ACH-000789,0.7814299
IPPK,ACH-000789,0.7392626
NCBP2,ACH-000789,0.55256546
DLD,ACH-000789,0.85908145
ILK,ACH-000789,0.8826209
KRT18,ACH-000789,0.8882026
CERS2,ACH-000789,0.8612118
CDC73,ACH-000789,0.62340176
KDSR,ACH-000789,0.83771855
GINS4,ACH-000789,0.6550853
PLK1,ACH-000789,0.3271295
RPL32,ACH-000789,0.4793552
SPCS2,ACH-000789,0.7404324
MED18,ACH-000789,0.6723494
NDUFA1,ACH-000789,0.8106067
WDR7,ACH-000789,0.7527682
KANSL1,ACH-000789,0.7130261
USP36,ACH-000789,0.7249379
PSMG3,ACH-000789,0.67306983
ARID4B,ACH-000789,0.8576556
MED15,ACH-000789,0.82621175
NDUFB4,ACH-000789,0.8217134
SMAD7,ACH-000789,0.86270165
PSMF1,ACH-000789,0.8739831
ICE1,ACH-000789,0.7426077
ISCU,ACH-000789,0.45559636
THAP12,ACH-000789,0.85300094
ASPM,ACH-000789,0.84639204
TIMM13,ACH-000789,0.7623733
ISY1,ACH-000789,0.696767
KTI12,ACH-000789,0.8015356
UBE2H,ACH-000789,0.7989276
LARS1,ACH-000789,0.5575051
SMU1,ACH-000789,0.32531294
PSMC4,ACH-000789,0.59855545
SYF2,ACH-000789,0.74608314
ACTR10,ACH-000789,0.5832716
NDC80,ACH-000789,0.6030946
POLR2H,ACH-000789,0.5656692
WEE1,ACH-000789,0.40442318
TEDC1,ACH-000789,0.77417636
RB1CC1,ACH-000789,0.85692465
NACA,ACH-000789,0.681594
UBE4B,ACH-000789,0.8406239
GAB1,ACH-000789,0.8966282
SDHA,ACH-000789,0.8546173
TTI1,ACH-000789,0.74099904
LAS1L,ACH-000789,0.68526435
SPRR2G,ACH-000789,0.835303
PYROXD1,ACH-000789,0.7740486
RPS15,ACH-000789,0.4240989
CARS1,ACH-000789,0.52409804
WDR24,ACH-000789,0.8307812
TPK1,ACH-000789,0.8428667
N6AMT1,ACH-000789,0.76709807
MCM5,ACH-000789,0.64004934
SUPT4H1,ACH-000789,0.7877792
RAE1,ACH-000789,0.5713484
GTF2E1,ACH-000789,0.6414019
NDUFAF1,ACH-000789,0.81203836
VPS51,ACH-000789,0.8128406
UNC50,ACH-000789,0.8339649
NFS1,ACH-000789,0.59343886
TUBB4B,ACH-000789,0.7963172
SETDB1,ACH-000789,0.83867013
SF3B5,ACH-000789,0.28937316
CYB5B,ACH-000789,0.82761806
GGNBP2,ACH-000789,0.85899544
EP300,ACH-000789,0.8168785
HSD17B12,ACH-000789,0.89413303
CLP1,ACH-000789,0.54012626
LSG1,ACH-000789,0.70999515
FDX1,ACH-000789,0.8093142
PHB2,ACH-000789,0.53361416
BIRC6,ACH-000789,0.82759285
VPS18,ACH-000789,0.70194453
SNRPA,ACH-000789,0.83144885
RIOK2,ACH-000789,0.6636127
ELP6,ACH-000789,0.7986955
XPOT,ACH-000789,0.79540634
COX5B,ACH-000789,0.81703347
CTNNB1,ACH-000789,0.85129404
NMNAT1,ACH-000789,0.7867156
KAT8,ACH-000789,0.59602654
YBX1,ACH-000789,0.62756073
ZBTB7A,ACH-000789,0.86330533
RFK,ACH-000789,0.8389671
SRM,ACH-000789,0.8588015
NIP7,ACH-000789,0.52894104
PKN2,ACH-000789,0.8543937
SLC35B2,ACH-000789,0.8674394
ANAPC11,ACH-000789,0.5443274
ELAVL1,ACH-000789,0.86118907
RNF146,ACH-000789,0.90015423
TUBE1,ACH-000789,0.78303665
RPL10,ACH-000789,0.6912571
TRIT1,ACH-000789,0.8829063
CWC22,ACH-000789,0.57378757
MED1,ACH-000789,0.78962266
NMD3,ACH-000789,0.6791135
CHMP5,ACH-000789,0.8435414
YJU2B,ACH-000789,0.7934913
NUP93,ACH-000789,0.6039985
CCL4,ACH-000789,0.87531126
PFDN5,ACH-000789,0.75428057
TFB2M,ACH-000789,0.7658967
ACTG1,ACH-000789,0.6884601
ANKLE2,ACH-000789,0.39169613
ZEB2,ACH-000789,0.8617825
BYSL,ACH-000789,0.58391845
DCLRE1B,ACH-000789,0.74051464
PAXIP1,ACH-000789,0.8380195
DDX6,ACH-000789,0.7682754
POLD1,ACH-000789,0.49300563
RPL5,ACH-000789,0.39194143
SP1,ACH-000789,0.90186816
WDR26,ACH-000789,0.849898
LRP8,ACH-000789,0.85452074
CTCF,ACH-000789,0.50801885
CTDSPL2,ACH-000789,0.8654401
NCAPD3,ACH-000789,0.8162963
IPO11,ACH-000789,0.6743363
KANSL2,ACH-000789,0.68244845
MORF4L1,ACH-000789,0.88181657
HAUS8,ACH-000789,0.7671492
UQCRC2,ACH-000789,0.78248286
RTF2,ACH-000789,0.6530355
PSTK,ACH-000789,0.8124773
TUBGCP5,ACH-000789,0.64443046
MTG1,ACH-000789,0.7924258
SMARCB1,ACH-000789,0.72776866
ATP5F1E,ACH-000789,0.6979024
NSMCE2,ACH-000789,0.82551974
DPY30,ACH-000789,0.84648335
PDCD2,ACH-000789,0.6803794
IKBKG,ACH-000789,0.8544985
CACTIN,ACH-000789,0.7170203
BET1,ACH-000789,0.7852123
MTX2,ACH-000789,0.89212686
GFPT1,ACH-000789,0.7921959
UCHL5,ACH-000789,0.85149896
SDHC,ACH-000789,0.69897443
PGK1,ACH-000789,0.76263714
ALYREF,ACH-000789,0.62289846
BPTF,ACH-000789,0.78343153
UROS,ACH-000789,0.8613984
PHF5A,ACH-000789,0.3061362
GTF3C4,ACH-000789,0.8125442
NONO,ACH-000789,0.88152516
RPS27A,ACH-000789,0.4866393
SRSF3,ACH-000789,0.3268394
TOE1,ACH-000789,0.8582976
ZC3H8,ACH-000789,0.72481334
ISG20L2,ACH-000789,0.70098096
SINHCAF,ACH-000789,0.77435535
RTTN,ACH-000789,0.7589996
MRPL2,ACH-000789,0.7720118
EEF1B2,ACH-000789,0.6863018
ERCC2,ACH-000789,0.71938264
NUP37,ACH-000789,0.84952885
SRRT,ACH-000789,0.7107219
CHAF1A,ACH-000789,0.652442
PSMD3,ACH-000789,0.52952313
PET117,ACH-000789,0.8870526
RAD1,ACH-000789,0.7908977
RBMX2,ACH-000789,0.80974305
WBP11,ACH-000789,0.6832217
SLC35A1,ACH-000789,0.9032724
NGLY1,ACH-000789,0.8510281
PPME1,ACH-000789,0.8791242
ACSL4,ACH-000789,0.82935905
IPO9,ACH-000789,0.765384
SSU72,ACH-000789,0.6010401
NDUFB3,ACH-000789,0.7964127
PABIR1,ACH-000789,0.852962
SARNP,ACH-000789,0.81962687
KMT2D,ACH-000789,0.80824643
MRPS2,ACH-000789,0.78886527
MEN1,ACH-000789,0.8762995
CHTF18,ACH-000789,0.8845114
SOX10,ACH-000789,0.83536744
HSPA9,ACH-000789,0.42945942
COPG1,ACH-000789,0.7544116
PRPF38B,ACH-000789,0.51553535
EEF1G,ACH-000789,0.68254626
NFYB,ACH-000789,0.7545098
TRAPPC1,ACH-000789,0.659338
CCND3,ACH-000789,0.86411136
FARS2,ACH-000789,0.84071356
BRF1,ACH-000789,0.639076
CTNNA1,ACH-000789,0.95032465
POLR2K,ACH-000789,0.6562346
PCM1,ACH-000789,0.8932545
CYCS,ACH-000789,0.71797603
SLC25A19,ACH-000789,0.8812758
SRP19,ACH-000789,0.5243046
HMBS,ACH-000789,0.8649631
DONSON,ACH-000789,0.4576109
POLR1F,ACH-000789,0.41389608
BORA,ACH-000789,0.77119887
POLR2M,ACH-000789,0.76760757
EIF4B,ACH-000789,0.78274167
SETD1A,ACH-000789,0.73946524
FCHO2,ACH-000789,0.830212
ING3,ACH-000789,0.83408254
SNRPC,ACH-000789,0.76996315
ILF2,ACH-000789,0.68866307
REV1,ACH-000789,0.8326869
HJURP,ACH-000789,0.73536956
DPH6,ACH-000789,0.84100664
INTS3,ACH-000789,0.6233506
EIF5A,ACH-000789,0.6978836
IRS2,ACH-000789,0.8096606
MEF2C,ACH-000789,0.8984658
MBNL1,ACH-000789,0.83320236
CHCHD4,ACH-000789,0.7072759
HSPA14,ACH-000789,0.81815434
DAZAP1,ACH-000789,0.8756941
NUP160,ACH-000789,0.6479537
EMC7,ACH-000789,0.7895253
TGS1,ACH-000789,0.7629529
ATP1A1,ACH-000789,0.82022226
OGT,ACH-000789,0.6150261
ATP1B3,ACH-000789,0.829178
RCOR1,ACH-000789,0.8424838
WDHD1,ACH-000789,0.63192403
SRP54,ACH-000789,0.48960063
DTYMK,ACH-000789,0.5791946
URB2,ACH-000789,0.74349284
MCM3AP,ACH-000789,0.6336299
SPC24,ACH-000789,0.43369102
BANP,ACH-000789,0.6719601
DARS2,ACH-000789,0.78412044
USE1,ACH-000789,0.80794406
IMPDH2,ACH-000789,0.7777257
CAPZB,ACH-000789,0.6636072
POLG,ACH-000789,0.8182384
SCYL1,ACH-000789,0.8342913
SF3B2,ACH-000789,0.6299758
H2AC15,ACH-000789,0.72910374
SLU7,ACH-000789,0.5796486
CDC20,ACH-000789,0.484488
NRF1,ACH-000789,0.6262771
H2BC15,ACH-000789,0.70272815
INTS1,ACH-000789,0.74533
GTF2H4,ACH-000789,0.74863404
CDT1,ACH-000789,0.5132238
RBM14,ACH-000789,0.6177689
MRPL43,ACH-000789,0.72716844
WDR1,ACH-000789,0.73639876
DBF4,ACH-000789,0.7459717
GLMN,ACH-000789,0.83932847
SREBF1,ACH-000789,0.86974096
VHL,ACH-000789,0.7828254
U2AF2,ACH-000789,0.6161611
CDC42,ACH-000789,0.7178112
LSM11,ACH-000789,0.73904634
GOLT1B,ACH-000789,0.8697972
PARS2,ACH-000789,0.78563607
EDF1,ACH-000789,0.8370365
DDX19A,ACH-000789,0.82322633
UTP11,ACH-000789,0.7151675
ANAPC13,ACH-000789,0.77433133
MED14,ACH-000789,0.6318332
COX6B1,ACH-000789,0.78207254
EPC1,ACH-000789,0.8609674
NAA20,ACH-000789,0.6802354
NOP9,ACH-000789,0.7394825
ERAL1,ACH-000789,0.7859981
ZNHIT1,ACH-000789,0.7954134
NOP2,ACH-000789,0.6729033
MTREX,ACH-000789,0.5910506
RPL7A,ACH-000789,0.4636131
HMGCS1,ACH-000789,0.5875746
RBM39,ACH-000789,0.46616936
SPTLC1,ACH-000789,0.7728038
MRPS21,ACH-000789,0.6458987
MIS18A,ACH-000789,0.7847274
DRAP1,ACH-000789,0.8212635
TWNK,ACH-000789,0.73306066
NUF2,ACH-000789,0.59068894
SEPHS2,ACH-000789,0.69516206
VPS53,ACH-000789,0.8376355
SNRPD2,ACH-000789,0.4259389
TXNL4B,ACH-000789,0.71431595
ASNS,ACH-000789,0.8605199
SAP18,ACH-000789,0.6906735
FDX2,ACH-000789,0.7870558
RNF113A,ACH-000789,0.7160707
NSUN4,ACH-000789,0.7913173
TSC1,ACH-000789,0.88242376
AAMP,ACH-000789,0.6936264
H2AZ1,ACH-000789,0.7409117
FRG1,ACH-000789,0.87111944
SF3B1,ACH-000789,0.58342
GEMIN8,ACH-000789,0.7856629
UQCR10,ACH-000789,0.7969236
MED13,ACH-000789,0.8999244
ADSL,ACH-000789,0.65912294
NDUFAF7,ACH-000789,0.81608826
SPTSSA,ACH-000789,0.89388824
ZBTB8OS,ACH-000789,0.658386
PAX8,ACH-000789,0.86584556
EEFSEC,ACH-000789,0.83423895
COPB1,ACH-000789,0.4466474
GRWD1,ACH-000789,0.7606246
AMBRA1,ACH-000789,0.89737207
POP4,ACH-000789,0.7385586
KATNB1,ACH-000789,0.89182144
HNRNPL,ACH-000789,0.637925
ATP5F1A,ACH-000789,0.7880806
FBXW11,ACH-000789,0.8003143
CFLAR,ACH-000789,0.81871843
YME1L1,ACH-000789,0.8629749
ADAT2,ACH-000789,0.82722664
BTAF1,ACH-000789,0.83983517
NAA10,ACH-000789,0.63363206
BANF1,ACH-000789,0.47187245
SRF,ACH-000789,0.81246144
WDR73,ACH-000789,0.8031088
ANKRD49,ACH-000789,0.91262305
MAD2L1BP,ACH-000789,0.8309589
PCBP2,ACH-000789,0.6528307
UBE2L3,ACH-000789,0.7077749
NUP43,ACH-000789,0.7082466
POLR3F,ACH-000789,0.68999875
DPM2,ACH-000789,0.8538627
DCP2,ACH-000789,0.8423996
EIF6,ACH-000789,0.6118219
DENR,ACH-000789,0.75075424
MRPS14,ACH-000789,0.73136306
TFB1M,ACH-000789,0.83825827
RPE,ACH-000789,0.7802603
TRMT10C,ACH-000789,0.8480998
POLA1,ACH-000789,0.71132123
MIOS,ACH-000789,0.83415914
MAGOH,ACH-000789,0.70441055
RICTOR,ACH-000789,0.84152246
AKIRIN2,ACH-000789,0.82282656
DOLPP1,ACH-000789,0.8591838
EFR3A,ACH-000789,0.8075028
RPL13A,ACH-000789,0.47057045
CHMP3,ACH-000789,0.72279894
CAP1,ACH-000789,0.84705496
ARF4,ACH-000789,0.8402745
COX11,ACH-000789,0.8124754
LMNB1,ACH-000789,0.91161585
RPL24,ACH-000789,0.4943406
PPP6R3,ACH-000789,0.8547077
USP39,ACH-000789,0.60108614
PABPC1,ACH-000789,0.680061
USPL1,ACH-000789,0.7004583
STIL,ACH-000789,0.76308274
G6PD,ACH-000789,0.9044293
NRDE2,ACH-000789,0.6367413
ZNF574,ACH-000789,0.7906913
PSMD14,ACH-000789,0.5641729
H2AC20,ACH-000789,0.72638524
GARS1,ACH-000789,0.5988461
PCNA,ACH-000789,0.29883125
SDHD,ACH-000789,0.7509974
GNA13,ACH-000789,0.93488276
MYBL2,ACH-000789,0.82297415
EIF1AD,ACH-000789,0.6444539
MRPS6,ACH-000789,0.75641197
ZNF622,ACH-000789,0.883996
KNL1,ACH-000789,0.6741753
POLR2G,ACH-000789,0.5597395
IRF2BP2,ACH-000789,0.91751933
CEP85,ACH-000789,0.8322884
TUBG1,ACH-000789,0.5589796
ABCF1,ACH-000789,0.7004143
SMC6,ACH-000789,0.77473223
KIF14,ACH-000789,0.7751913
SNRNP25,ACH-000789,0.6017922
SNUPN,ACH-000789,0.7475381
ANAPC1,ACH-000789,0.56760085
GEMIN6,ACH-000789,0.705441
BRCA1,ACH-000789,0.8046856
FOXK1,ACH-000789,0.8457853
TBCC,ACH-000789,0.7332394
ZNF217,ACH-000789,0.8163046
EIF4E2,ACH-000789,0.85626584
ADNP,ACH-000789,0.8110892
CCDC115,ACH-000789,0.7286168
GART,ACH-000789,0.7559103
MRPS12,ACH-000789,0.7437881
ALG14,ACH-000789,0.78021693
CCT7,ACH-000789,0.62374747
MED31,ACH-000789,0.65300375
PABPN1,ACH-000789,0.58563316
TXN,ACH-000789,0.6848911
SCAF4,ACH-000789,0.8883085
CRNKL1,ACH-000789,0.5147089
FANCI,ACH-000789,0.9172354
COPB2,ACH-000789,0.42877948
JTB,ACH-000789,0.88227594
NDUFAF3,ACH-000789,0.8267453
HEATR1,ACH-000789,0.5662466
PDSS2,ACH-000789,0.8285263
CHORDC1,ACH-000789,0.7498765
EGFR,ACH-000789,0.8672647
PSMC2,ACH-000789,0.5741434
CHD1,ACH-000789,0.8417829
ACTL6A,ACH-000789,0.64323765
BRF2,ACH-000789,0.53735864
PTPN11,ACH-000789,0.7547155
RPS4X,ACH-000789,0.41820017
SRRM1,ACH-000789,0.765391
BMS1,ACH-000789,0.7051859
ESF1,ACH-000789,0.7821628
NDUFS5,ACH-000789,0.77004623
SLC3A2,ACH-000789,0.7745495
SDHB,ACH-000789,0.7364689
CDC25B,ACH-000789,0.8333905
NAPA,ACH-000789,0.62323403
SLC39A10,ACH-000789,0.78207934
COX7C,ACH-000789,0.7734314
DDB1,ACH-000789,0.52570266
ZRANB2,ACH-000789,0.8279828
U2SURP,ACH-000789,0.63404876
TIMM29,ACH-000789,0.78140736
ESS2,ACH-000789,0.70721424
PSMB4,ACH-000789,0.45787904
TP53RK,ACH-000789,0.7735987
PES1,ACH-000789,0.66841686
UPF1,ACH-000789,0.6783819
PSMC6,ACH-000789,0.53430426
EMSY,ACH-000789,0.88313806
ELAC2,ACH-000789,0.75451636
RRP15,ACH-000789,0.69799936
MARS2,ACH-000789,0.7012066
MRPL23,ACH-000789,0.77339995
PICALM,ACH-000789,0.91078246
TIMM9,ACH-000789,0.81370866
AK2,ACH-000789,0.8023504
DDX3X,ACH-000789,0.6999936
IREB2,ACH-000789,0.8818022
MTHFD1,ACH-000789,0.7885494
PGM3,ACH-000789,0.8989922
LUC7L3,ACH-000789,0.5939162
RPL13,ACH-000789,0.4389007
FOXRED1,ACH-000789,0.8349788
ZC3H10,ACH-000789,0.89610064
ADSS2,ACH-000789,0.73547137
GADD45GIP1,ACH-000789,0.7529732
NUS1,ACH-000789,0.6368283
AARS1,ACH-000789,0.5312586
COPE,ACH-000789,0.6917532
SRSF2,ACH-000789,0.425022
H2BC13,ACH-000789,0.72148585
DNAJC21,ACH-000789,0.94776773
ATP6V1C1,ACH-000789,0.6887843
EPC2,ACH-000789,0.8566334
FURIN,ACH-000789,0.86246425
NOL6,ACH-000789,0.64682627
UTP18,ACH-000789,0.6681547
KPNA2,ACH-000789,0.83194274
EIF4E,ACH-000789,0.5906913
EZH2,ACH-000789,0.85734004
SSRP1,ACH-000789,0.62755144
ERH,ACH-000789,0.5112361
SEC13,ACH-000789,0.5920349
TP53BP1,ACH-000789,0.9189571
GTF3C5,ACH-000789,0.7748682
MED7,ACH-000789,0.7150054
COASY,ACH-000789,0.78564095
VPS16,ACH-000789,0.8531451
DNM1L,ACH-000789,0.8192423
ROCK2,ACH-000789,0.85624355
UBIAD1,ACH-000789,0.7043094
ELP5,ACH-000789,0.78593135
YEATS4,ACH-000789,0.7656746
TRIP13,ACH-000789,0.8886152
ELP4,ACH-000789,0.7753036
NDUFAF6,ACH-000789,0.8732163
RBSN,ACH-000789,0.8823591
RTCB,ACH-000789,0.76135886
ELP3,ACH-000789,0.74091554
HSPA13,ACH-000789,0.808784
TFDP1,ACH-000789,0.77371
CDH1,ACH-000789,0.90381026
PDRG1,ACH-000789,0.61606
TSC2,ACH-000789,0.85990006
COX17,ACH-000789,0.72309875
SDE2,ACH-000789,0.47019985
USP37,ACH-000789,0.74138564
SPCS3,ACH-000789,0.7010169
ATG9A,ACH-000789,0.84598273
RPL12,ACH-000789,0.3572399
VPS35,ACH-000789,0.81865174
TUBB,ACH-000789,0.6302999
CEP192,ACH-000789,0.7473028
TPI1,ACH-000789,0.70438695
MRPL34,ACH-000789,0.7076063
SIVA1,ACH-000789,0.86750054
PSMB2,ACH-000789,0.44394267
PDCD6IP,ACH-000789,0.78626966
CTR9,ACH-000789,0.681658
RPS15A,ACH-000789,0.4175719
PRPF38A,ACH-000789,0.36043248
ISCA2,ACH-000789,0.7745094
CENPE,ACH-000789,0.69638646
CLNS1A,ACH-000789,0.6139958
PGS1,ACH-000789,0.7586434
PPIL1,ACH-000789,0.71292686
INTS7,ACH-000789,0.64521325
ACACA,ACH-000789,0.7705029
EIF2S1,ACH-000789,0.5191598
RNH1,ACH-000789,0.8940252
EXOSC8,ACH-000789,0.6905135
WDR82,ACH-000789,0.6031556
HNRNPA1L2,ACH-000789,0.8271825
COX7B,ACH-000789,0.75367284
RPUSD4,ACH-000789,0.79392177
TAF5,ACH-000789,0.76846004
NIPBL,ACH-000789,0.79473674
ACSL3,ACH-000789,0.8485117
SLC7A6OS,ACH-000789,0.6700127
RBM42,ACH-000789,0.83951175
DHX9,ACH-000789,0.6324001
TUBA1C,ACH-000789,0.75689036
THAP1,ACH-000789,0.6094756
GABPA,ACH-000789,0.70564306
GCN1,ACH-000789,0.81968504
CNOT9,ACH-000789,0.8388271
TAF6,ACH-000789,0.631538
CHD8,ACH-000789,0.80676025
MMS19,ACH-000789,0.808818
OPA1,ACH-000789,0.8291243
DDI2,ACH-000789,0.85812366
PRMT1,ACH-000789,0.6586338
FIS1,ACH-000789,0.8669242
NAA50,ACH-000789,0.549618
MED12,ACH-000789,0.75232697
GLRX5,ACH-000789,0.8141537
AURKA,ACH-000789,0.69398534
CXXC1,ACH-000789,0.80818295
TRPM7,ACH-000789,0.72369134
DHX15,ACH-000789,0.61747205
NDUFS8,ACH-000789,0.8157663
PCF11,ACH-000789,0.7655051
ALG8,ACH-000789,0.7810972
PRPF19,ACH-000789,0.44682652
NCBP1,ACH-000789,0.61976945
DYRK1A,ACH-000789,0.8832507
GOSR2,ACH-000789,0.72165596
UBE2F,ACH-000789,0.87518495
PRMT5,ACH-000789,0.68029976
RPL27A,ACH-000789,0.48930955
SMCHD1,ACH-000789,0.8736694
LTO1,ACH-000789,0.61110294
PELP1,ACH-000789,0.6612027
MED16,ACH-000789,0.81801283
CENPW,ACH-000789,0.6665678
SAE1,ACH-000789,0.62523913
NUDCD3,ACH-000789,0.7337539
XPR1,ACH-000789,0.8560944
CENPT,ACH-000789,0.7976444
TERF2,ACH-000789,0.71704125
WARS2,ACH-000789,0.69796354
IRF4,ACH-000789,0.87988925
TFRC,ACH-000789,0.73626137
MIS18BP1,ACH-000789,0.7257074
SNAPC3,ACH-000789,0.6519561
SPDL1,ACH-000789,0.61782527
TAF1C,ACH-000789,0.7112159
ORC4,ACH-000789,0.796137
MCMBP,ACH-000789,0.8400825
RHOQ,ACH-000789,0.8043141
RPP38,ACH-000789,0.70788807
AP2S1,ACH-000789,0.77916443
RPTOR,ACH-000789,0.7279465
GMPS,ACH-000789,0.69795084
TRAPPC5,ACH-000789,0.74612457
CHP1,ACH-000789,0.84857786
NKAP,ACH-000789,0.6934436
SARS1,ACH-000789,0.5012937
SKIC8,ACH-000789,0.7536162
RAB35,ACH-000789,0.8958812
PIK3CA,ACH-000789,0.8332661
ELOF1,ACH-000789,0.8200811
MRPS18C,ACH-000789,0.7768436
COG3,ACH-000789,0.72015905
SNRNP35,ACH-000789,0.58643234
LARS2,ACH-000789,0.7837908
LDB1,ACH-000789,0.83852303
DUT,ACH-000789,0.45228052
ISCA1,ACH-000789,0.7830406
EIF3I,ACH-000789,0.56205595
NELFCD,ACH-000789,0.7707852
SLC4A7,ACH-000789,0.81750226
G3BP1,ACH-000789,0.85585606
EIF2S3,ACH-000789,0.6018086
GATC,ACH-000789,0.7976625
GET4,ACH-000789,0.84549105
ARL2,ACH-000789,0.55537665
CDK8,ACH-000789,0.858563
JUNB,ACH-000789,0.8655243
DOHH,ACH-000789,0.8162516
RNF20,ACH-000789,0.73181725
ADAT3,ACH-000789,0.86259824
ATP6V1A,ACH-000789,0.4993098
CMTR1,ACH-000789,0.68563414
NEDD8,ACH-000789,0.5584947
PMM2,ACH-000789,0.85028416
SUCO,ACH-000789,0.8541325
GRB2,ACH-000789,0.76684433
NPAT,ACH-000789,0.6945263
ATF4,ACH-000789,0.81009144
GTF3A,ACH-000789,0.6982711
USP7,ACH-000789,0.7566143
MVK,ACH-000789,0.77510995
UBA3,ACH-000789,0.7495673
NSL1,ACH-000789,0.6824814
PTCD3,ACH-000789,0.6899766
ATP6V0E1,ACH-000789,0.88366693
INCENP,ACH-000789,0.64837825
AP2M1,ACH-000789,0.7412119
CTU1,ACH-000789,0.85362715
INTS11,ACH-000789,0.48568216
RUVBL2,ACH-000789,0.51317286
PCID2,ACH-000789,0.6181639
TAF2,ACH-000789,0.74138296
DDX5,ACH-000789,0.7471035
NAPG,ACH-000789,0.8645075
DDX51,ACH-000789,0.78228307
TPX2,ACH-000789,0.68017876
HAUS1,ACH-000789,0.6056858
GPKOW,ACH-000789,0.6394587
RPL19,ACH-000789,0.46664983
USP17L10,ACH-000789,0.7940421
HYOU1,ACH-000789,0.688745
AURKB,ACH-000789,0.46781218
PFDN4,ACH-000789,0.858775
FOXA1,ACH-000789,0.8427746
EIF2B5,ACH-000789,0.65482885
POP1,ACH-000789,0.6648998
WDR74,ACH-000789,0.5772572
TM9SF3,ACH-000789,0.8891609
HECTD1,ACH-000789,0.85127
UTP23,ACH-000789,0.7018075
SSBP1,ACH-000789,0.727844
CPSF1,ACH-000789,0.6371655
PPP1R8,ACH-000789,0.67212695
PNPT1,ACH-000789,0.72124505
RPS5,ACH-000789,0.55959535
MDM2,ACH-000789,0.74996895
EIF3A,ACH-000789,0.5612129
BIRC5,ACH-000789,0.51983005
KPNB1,ACH-000789,0.48378927
CUL2,ACH-000789,0.8198602
XRN2,ACH-000789,0.71264875
SLC7A5,ACH-000789,0.82326686
PMF1,ACH-000789,0.6700753
VPS4A,ACH-000789,0.8719163
POLR2I,ACH-000789,0.5315006
TRIM37,ACH-000789,0.7842494
PIK3R4,ACH-000789,0.8103691
CENPK,ACH-000789,0.55191934
EIF2B1,ACH-000789,0.67098683
PRC1,ACH-000789,0.6188539
NDUFA2,ACH-000789,0.7962617
ATR,ACH-000789,0.63538647
PLK4,ACH-000789,0.6702459
IGF1R,ACH-000789,0.8560612
SCO1,ACH-000789,0.8182611
PSMD6,ACH-000789,0.50446236
RRAGC,ACH-000789,0.8220565
SMC3,ACH-000789,0.64329004
PARD6B,ACH-000789,0.8978755
TAMM41,ACH-000789,0.7930038
RPS20,ACH-000789,0.35243776
PPP4C,ACH-000789,0.67982817
SSBP3,ACH-000789,0.8455128
POLA2,ACH-000789,0.6235899
LUC7L2,ACH-000789,0.8889817
ATP5ME,ACH-000789,0.8293118
SF3A2,ACH-000789,0.6209953
UBE2J2,ACH-000789,0.8134936
DHX37,ACH-000789,0.5981647
NUDC,ACH-000789,0.72651565
AHCTF1,ACH-000789,0.6587633
SRFBP1,ACH-000789,0.68281287
POLE2,ACH-000789,0.6022234
ARFRP1,ACH-000789,0.695878
SOX9,ACH-000789,0.8622214
MIPEP,ACH-000789,0.8093828
SHOC2,ACH-000789,0.87246096
RFC5,ACH-000789,0.5723165
EAPP,ACH-000789,0.7545191
ERBB2,ACH-000789,0.8794352
NHP2,ACH-000789,0.7600677
TOP2A,ACH-000789,0.5160882
H2BC9,ACH-000789,0.70272815
ZCRB1,ACH-000789,0.80231166
BCL2L1,ACH-000789,0.6711042
NDUFB10,ACH-000789,0.77989256
CHEK1,ACH-000789,0.5116203
BUD31,ACH-000789,0.41791946
DCTN5,ACH-000789,0.6480368
RPL6,ACH-000789,0.38853177
MRPS7,ACH-000789,0.7503903
EIF2B4,ACH-000789,0.5560267
EXOSC2,ACH-000789,0.6827569
BRD4,ACH-000789,0.70884967
ARIH1,ACH-000789,0.6995623
E4F1,ACH-000789,0.7829294
HNF1B,ACH-000789,0.84392744
HSPA5,ACH-000789,0.6859388
RPL14,ACH-000789,0.472453
CLSPN,ACH-000789,0.7031454
ENO1,ACH-000789,0.8322753
MARS1,ACH-000789,0.5286932
SPCS1,ACH-000789,0.90932584
UQCRB,ACH-000789,0.8104249
PEX1,ACH-000789,0.75219965
ECD,ACH-000789,0.42684454
SLC39A7,ACH-000789,0.71664375
ETF1,ACH-000789,0.5311583
DPM1,ACH-000789,0.8917835
SQLE,ACH-000789,0.8459354
THOC7,ACH-000789,0.65852976
RPL10A,ACH-000789,0.47590226
DDX28,ACH-000789,0.7717465
SNRPD3,ACH-000789,-0.015349865
ALG12,ACH-000789,0.89082026
GPI,ACH-000789,0.78921646
ORC5,ACH-000789,0.75772506
TFAP4,ACH-000789,0.84546345
CBFB,ACH-000789,0.8949995
SLC33A1,ACH-000789,0.8988729
HAUS5,ACH-000789,0.7487577
GEMIN2,ACH-000789,0.75006187
STT3A,ACH-000789,0.84068733
MBTPS1,ACH-000789,0.8277158
NDUFB11,ACH-000789,0.80815387
NUP155,ACH-000789,0.6191576
STX4,ACH-000789,0.8270667
CHMP4B,ACH-000789,0.7136115
SLX9,ACH-000789,0.8525328
COPS4,ACH-000789,0.69311297
MRPL47,ACH-000789,0.78994256
SYVN1,ACH-000789,0.7971604
TAF1,ACH-000789,0.76546955
TRIAP1,ACH-000789,0.5983498
DDX23,ACH-000789,0.6916765
DNAAF5,ACH-000789,0.88709664
ERBB3,ACH-000789,0.82893974
NIFK,ACH-000789,0.5892282
TOMM22,ACH-000789,0.7057669
USP18,ACH-000789,0.8114809
RBBP5,ACH-000789,0.66756123
NARS1,ACH-000789,0.5186953
UBA1,ACH-000789,0.5642996
RBM25,ACH-000789,0.60014427
SEC61B,ACH-000789,0.81778425
SHQ1,ACH-000789,0.7396262
TAOK1,ACH-000789,0.9304445
GINS2,ACH-000789,0.51306736
PIK3C3,ACH-000789,0.8060112
PSMA5,ACH-000789,0.48153216
TSEN34,ACH-000789,0.80402195
DDX49,ACH-000789,0.5936227
TTC7A,ACH-000789,0.87204623
YJU2,ACH-000789,0.6058408
PGP,ACH-000789,0.9420044
RRP9,ACH-000789,0.6918322
ZW10,ACH-000789,0.8678657
MT2A,ACH-000789,0.80588436
ACTR5,ACH-000789,0.8546098
GEMIN5,ACH-000789,0.5649185
MLST8,ACH-000789,0.80844235
YARS1,ACH-000789,0.51243657
ICMT,ACH-000789,0.8173029
DDX18,ACH-000789,0.57461053
TUBA1B,ACH-000789,0.60120976
EXOC8,ACH-000789,0.8011464
SASS6,ACH-000789,0.7387099
PDCD7,ACH-000789,0.65549666
LIAS,ACH-000789,0.8261274
MED28,ACH-000789,0.620211
NOL8,ACH-000789,0.7224987
CDC40,ACH-000789,0.7258307
TPR,ACH-000789,0.6862123
NUDT21,ACH-000789,0.5022816
UBE2N,ACH-000789,0.70837873
MFN2,ACH-000789,0.8076262
PRPF8,ACH-000789,0.5084872
ZMYND8,ACH-000789,0.83308613
MRE11,ACH-000789,0.8373309
CCNK,ACH-000789,0.62474585
RHOA,ACH-000789,0.79859555
SUDS3,ACH-000789,0.73171914
DCTN2,ACH-000789,0.6970899
METAP1,ACH-000789,0.7400197
EIF4A1,ACH-000789,0.64699984
EXOSC3,ACH-000789,0.62896746
ATP6AP2,ACH-000789,0.7312088
MRGBP,ACH-000789,0.75110185
NPEPPS,ACH-000789,0.80819565
SOX2,ACH-000789,0.85699844
PPP6C,ACH-000789,0.83651173
VRK1,ACH-000789,0.8106198
IMP3,ACH-000789,0.6226623
LIPT1,ACH-000789,0.85010606
PTEN,ACH-000789,0.96765685
SLC38A2,ACH-000789,0.802668
GTF3C6,ACH-000789,0.90183496
CRK,ACH-000789,0.90119445
RPLP1,ACH-000789,0.6140325
MIS12,ACH-000789,0.66708374
PDCD5,ACH-000789,0.82221013
NDUFS7,ACH-000789,0.78527766
CLPB,ACH-000789,0.8528801
XRCC3,ACH-000789,0.8276491
NOA1,ACH-000789,0.7991351
FZR1,ACH-000789,0.8969233
ZNF207,ACH-000789,0.6655378
TIMM22,ACH-000789,0.86500174
TBCD,ACH-000789,0.6656477
RUNX1,ACH-000789,0.8658261
PSMD11,ACH-000789,0.5008664
SNRPD1,ACH-000789,0.35868406
MRPL16,ACH-000789,0.79054487
ORC6,ACH-000789,0.5448756
SIAH1,ACH-000789,0.9319807
RAD17,ACH-000789,0.69407845
DICER1,ACH-000789,0.8419193
RTRAF,ACH-000789,0.80066526
NFE2L2,ACH-000789,0.8795476
MMS22L,ACH-000789,0.51108474
FOXM1,ACH-000789,0.81093025
ABCB7,ACH-000789,0.6219163
RPL7L1,ACH-000789,0.538499
UTP20,ACH-000789,0.5888065
KIN,ACH-000789,0.59394747
PPP1R10,ACH-000789,0.62039965
NDUFA10,ACH-000789,0.822457
KIF11,ACH-000789,0.3857534
RNF168,ACH-000789,0.7818149
TAF5L,ACH-000789,0.81713414
TANGO6,ACH-000789,0.59401673
BDP1,ACH-000789,0.76675916
PFN1,ACH-000789,0.75014937
DDX39B,ACH-000789,0.7621609
YRDC,ACH-000789,0.57991517
CNOT11,ACH-000789,0.8567218
MAD2L1,ACH-000789,0.5279117
TIPARP,ACH-000789,0.8798321
SMG7,ACH-000789,0.80272835
TNPO3,ACH-000789,0.6439446
MRPL51,ACH-000789,0.7751653
RPA2,ACH-000789,0.5762405
PSMG2,ACH-000789,0.76335585
EEF2,ACH-000789,0.39498115
UTP4,ACH-000789,0.5360564
UFD1,ACH-000789,0.6058252
CEPT1,ACH-000789,0.8142655
SEC63,ACH-000789,0.79466957
TGFBR1,ACH-000789,0.90890783
USP14,ACH-000789,0.8493702
ABT1,ACH-000789,0.6805909
VPS45,ACH-000789,0.803859
SAP130,ACH-000789,0.80397207
SMARCD1,ACH-000789,0.8218699
H2AC17,ACH-000789,0.6812848
DLG5,ACH-000789,0.9403065
GPS1,ACH-000789,0.69223046
UAP1,ACH-000789,0.85081726
NUP62,ACH-000789,0.79980934
ATP5MF,ACH-000789,0.7686149
GIGYF2,ACH-000789,0.8608615
CYC1,ACH-000789,0.7856959
GFM1,ACH-000789,0.7635216
C1QBP,ACH-000789,0.7837091
NUMA1,ACH-000789,0.7902615
XPO1,ACH-000789,0.51797354
FANCA,ACH-000789,0.887387
RUVBL1,ACH-000789,0.50756913
ANAPC10,ACH-000789,0.56854874
MYC,ACH-000789,0.5871264
POLR1H,ACH-000789,0.7405901
HDAC3,ACH-000789,0.72360134
DPF2,ACH-000789,0.7853203
PTBP1,ACH-000789,0.7913227
NAA35,ACH-000789,0.7910274
FBXO5,ACH-000789,0.72008455
TUBD1,ACH-000789,0.7561885
RPS18,ACH-000789,0.45097357
RCC1L,ACH-000789,0.7979476
FERMT1,ACH-000789,0.89399266
NELFA,ACH-000789,0.6908734
MED10,ACH-000789,0.7780373
PRELID1,ACH-000789,0.37360945
CDC23,ACH-000789,0.5110665
RPL8,ACH-000789,0.39662284
CNIH4,ACH-000789,0.82260793
GAK,ACH-000789,0.83504236
DCTN6,ACH-000789,0.62719536
SHC1,ACH-000789,0.85481215
UBE2M,ACH-000789,0.6199856
SON,ACH-000789,0.6738215
RRP7A,ACH-000789,0.75684965
MAK16,ACH-000789,0.545081
EIF3H,ACH-000789,0.6730267
GRK2,ACH-000789,0.8172483
OST4,ACH-000789,0.84111965
HTRA2,ACH-000789,0.86713284
VCP,ACH-000789,0.3463142
SRSF6,ACH-000789,0.81594616
MRPL20,ACH-000789,0.7725475
NOL9,ACH-000789,0.58115745
MED11,ACH-000789,0.46658432
CARS2,ACH-000789,0.7756164
NDOR1,ACH-000789,0.7863787
TRAPPC3,ACH-000789,0.61497205
EP400,ACH-000789,0.6875389
SUPT7L,ACH-000789,0.8430883
CENPA,ACH-000789,0.7016305
DAP3,ACH-000789,0.70868003
COQ2,ACH-000789,0.79750085
RPS12,ACH-000789,0.46109587
GTPBP4,ACH-000789,0.57468677
LCMT1,ACH-000789,0.84270585
KCMF1,ACH-000789,0.73687446
CDH2,ACH-000789,0.8863055
INTS12,ACH-000789,0.8394102
METAP2,ACH-000789,0.7112952
PRPF6,ACH-000789,0.5990375
GLRX3,ACH-000789,0.8656943
SURF4,ACH-000789,0.892945
RPAP2,ACH-000789,0.72387964
CPOX,ACH-000789,0.8073828
TEN1,ACH-000789,0.8306982
RPIA,ACH-000789,0.8053831
CNOT3,ACH-000789,0.6581165
YKT6,ACH-000789,0.6579505
DCAF15,ACH-000789,0.81193286
PSMD8,ACH-000789,0.73027766
XYLT2,ACH-000789,0.8400297
KIF4A,ACH-000789,0.8101465
HNRNPU,ACH-000789,0.696972
GPX4,ACH-000789,0.7139294
ATMIN,ACH-000789,0.83456177
NCAPG,ACH-000789,0.62143004
CDC37,ACH-000789,0.66501904
GNPNAT1,ACH-000789,0.88385737
ATP5PB,ACH-000789,0.80209506
FIP1L1,ACH-000789,0.6558602
DDX20,ACH-000789,0.62151337
LSM2,ACH-000789,0.42097813
ATP6V1H,ACH-000789,0.69775045
PSMA3,ACH-000789,0.39512897
THAP11,ACH-000789,0.7305745
CSTF2,ACH-000789,0.8645134
RPRD2,ACH-000789,0.79656893
KHSRP,ACH-000789,0.8622681
VMA21,ACH-000789,0.82345027
WTAP,ACH-000789,0.78756356
LDLR,ACH-000789,0.87453264
SUPT5H,ACH-000789,0.6031913
BNIP1,ACH-000789,0.75847363
MASTL,ACH-000789,0.6522713
FKBP1A,ACH-000789,0.8190462
GNL3,ACH-000789,0.6446986
RCC1,ACH-000789,0.61364305
RPS19,ACH-000789,0.36410308
CDK2,ACH-000789,0.75121254
JUN,ACH-000789,0.83010954
GOLGA7,ACH-000789,0.8869527
CDKN1A,ACH-000789,0.9264581
KIRREL1,ACH-000789,0.90652335
MTG2,ACH-000789,0.7896232
SNRPF,ACH-000789,0.29591575
VARS1,ACH-000789,0.5644218
METTL1,ACH-000789,0.8315045
EIF3F,ACH-000789,0.6486884
RPL37,ACH-000789,0.57043815
PMPCB,ACH-000789,0.61882854
PSMD7,ACH-000789,0.5600549
TTF2,ACH-000789,0.7402146
CIT,ACH-000789,0.801113
SETD2,ACH-000789,0.84522885
EMC3,ACH-000789,0.79816914
CAD,ACH-000789,0.8307946
U2AF1,ACH-000789,0.54691404
URB1,ACH-000789,0.7230413
MCM3,ACH-000789,0.6914192
SUPV3L1,ACH-000789,0.66661924
UBE2D3,ACH-000789,0.7878885
NMT1,ACH-000789,0.7052802
MCM4,ACH-000789,0.60526204
GET3,ACH-000789,0.77210885
MRPL44,ACH-000789,0.71761024
SCAP,ACH-000789,0.70818347
RAB6A,ACH-000789,0.8149435
FNTA,ACH-000789,0.6846973
ATP6V0D1,ACH-000789,0.64123106
PHF12,ACH-000789,0.7968875
SF3B3,ACH-000789,0.3695938
MRM3,ACH-000789,0.81204283
WRN,ACH-000789,0.89934295
TRRAP,ACH-000789,0.64654076
SARS2,ACH-000789,0.76788044
NOP14,ACH-000789,0.67867
TRAPPC8,ACH-000789,0.6767667
ACIN1,ACH-000789,0.761088
ANAPC5,ACH-000789,0.5986867
NOL10,ACH-000789,0.6044295
CCND2,ACH-000789,0.826954
RFC2,ACH-000789,0.59544766
DOT1L,ACH-000789,0.8165316
URI1,ACH-000789,0.6383363
MED30,ACH-000789,0.5517049
DDX10,ACH-000789,0.5397748
SNU13,ACH-000789,0.39949226
STK40,ACH-000789,0.84595436
DNAJC19,ACH-000789,0.8929627
ANAPC15,ACH-000789,0.7506662
RPA3,ACH-000789,0.4796819
ELOA,ACH-000789,0.8679266
DDOST,ACH-000789,0.6845856
UBXN4,ACH-000789,0.93692213
RNF8,ACH-000789,0.7850588
GTF3C1,ACH-000789,0.7513629
BUB1B,ACH-000789,0.7936177
TFAP2A,ACH-000789,0.6752829
SMC4,ACH-000789,0.56526375
TPT1,ACH-000789,0.7160413
PPIL4,ACH-000789,0.7341262
CENPC,ACH-000789,0.7622428
MED17,ACH-000789,0.69478405
ZNF131,ACH-000789,0.73177063
TNPO1,ACH-000789,0.8179018
PDE12,ACH-000789,0.7868757
NUP85,ACH-000789,0.58869386
ATP5MG,ACH-000789,0.8334478
ARHGEF7,ACH-000789,0.9061749
DERL2,ACH-000789,0.83178914
USP9X,ACH-000789,0.77943766
PITRM1,ACH-000789,0.8192058
NDUFC1,ACH-000789,0.8028594
DYNC1H1,ACH-000789,0.5993327
FARSB,ACH-000789,0.5119539
NDUFB7,ACH-000789,0.8331601
MZT1,ACH-000789,0.63538265
EIF2AK4,ACH-000789,0.8395414
TBL3,ACH-000789,0.6741712
RAB18,ACH-000789,0.88323224
UBE3D,ACH-000789,0.8335333
RPS9,ACH-000789,0.56075764
UFSP2,ACH-000789,0.930307
PSMA1,ACH-000789,0.40638396
RABGGTB,ACH-000789,0.6534034
GSPT1,ACH-000789,0.594732
RBM17,ACH-000789,0.64530444
EIF3M,ACH-000789,0.6390182
EBNA1BP2,ACH-000789,0.7273531
UTP15,ACH-000789,0.58665836
GLS,ACH-000789,0.8488644
PTCD1,ACH-000789,0.8165832
CDCA8,ACH-000789,0.617604
PCGF1,ACH-000789,0.9008362
EIF3E,ACH-000789,0.63123965
PPA2,ACH-000789,0.8311484
GINS3,ACH-000789,0.7031616
DDX27,ACH-000789,0.6715404
GBF1,ACH-000789,0.7067935
POLR3E,ACH-000789,0.7128842
MED8,ACH-000789,0.6810054
ACTB,ACH-000789,0.7300014
MRPL22,ACH-000789,0.72492284
DPH5,ACH-000789,0.8225743
MCM6,ACH-000789,0.62818074
POLR3A,ACH-000789,0.47049648
WASHC3,ACH-000789,0.84499705
ANAPC4,ACH-000789,0.64007175
VBP1,ACH-000789,0.8241159
KIDINS220,ACH-000789,0.9128859
RPP21,ACH-000789,0.6205585
NDUFC2,ACH-000789,0.81167144
TUBGCP4,ACH-000789,0.6457415
YEATS2,ACH-000789,0.82609826
RPA1,ACH-000789,0.42418498
RPS24,ACH-000789,0.5452498
MTCH2,ACH-000789,0.8703594
TRAIP,ACH-000789,0.76324093
COG7,ACH-000789,0.8626501
PPP2R2A,ACH-000789,0.8723755
EFL1,ACH-000789,0.7272462
CDIPT,ACH-000789,0.8111297
METTL14,ACH-000789,0.7408639
PSMD12,ACH-000789,0.5235066
IRF2,ACH-000789,0.88249195
TOMM70,ACH-000789,0.85214925
PAM16,ACH-000789,0.6092407
TBL1XR1,ACH-000789,0.8280376
UBE2Q1,ACH-000789,0.84377295
CUL3,ACH-000789,0.7509066
NXF1,ACH-000789,0.65278125
TINF2,ACH-000789,0.6231446
SYS1,ACH-000789,0.71526587
HNRNPM,ACH-000789,0.7305972
SMC2,ACH-000789,0.66965187
DDX52,ACH-000789,0.7440031
EEF2KMT,ACH-000789,0.78483564
FNTB,ACH-000789,0.70972526
PTK2,ACH-000789,0.88639396
RPL26,ACH-000789,0.5261209
RINT1,ACH-000789,0.6869322
IPO5,ACH-000789,0.87261844
NSF,ACH-000789,0.4762345
MRPS30,ACH-000789,0.80984455
DSN1,ACH-000789,0.71414477
LRR1,ACH-000789,0.42775333
OXA1L,ACH-000789,0.76227117
PSMD13,ACH-000789,0.6869284
IER3IP1,ACH-000789,0.85961384
POLE3,ACH-000789,0.8637167
THOC5,ACH-000789,0.63387525
TONSL,ACH-000789,0.5428797
SNIP1,ACH-000789,0.8095543
TIPRL,ACH-000789,0.8925701
PFAS,ACH-000789,0.8195308
SLC30A9,ACH-000789,0.82853514
MRPS24,ACH-000789,0.7556739
FOSL1,ACH-000789,0.8419126
RPL18A,ACH-000789,0.3937506
STRAP,ACH-000789,0.75596005
SENP6,ACH-000789,0.65031266
CCNC,ACH-000789,0.8219311
LSM7,ACH-000789,0.49534696
SMARCA4,ACH-000789,0.7423828
KMT2A,ACH-000789,0.9061353
KIF18A,ACH-000789,0.64240134
MCL1,ACH-000789,0.68142235
BCL6,ACH-000789,0.8528956
PIK3R1,ACH-000789,0.84051263
POMP,ACH-000789,0.7409149
PPP1R11,ACH-000789,0.7647797
BOP1,ACH-000789,0.6613939
LIG1,ACH-000789,0.83524877
PPM1G,ACH-000789,0.83149654
PPIA,ACH-000789,0.7374992
TADA2B,ACH-000789,0.79909134
NVL,ACH-000789,0.6137912
CIAO2A,ACH-000789,0.7697443
RNGTT,ACH-000789,0.54081655
RANBP3,ACH-000789,0.8039671
PFDN2,ACH-000789,0.6011423
CARM1,ACH-000789,0.83880043
CDC16,ACH-000789,0.48106283
SPATA31A6,ACH-000789,0.7834097
PDE4DIP,ACH-000789,0.81019855
RPP25L,ACH-000789,0.9193527
POLE,ACH-000789,0.5935981
RPL35,ACH-000789,0.5852752
SOD1,ACH-000789,0.6223203
XAB2,ACH-000789,0.4856504
UBL5,ACH-000789,0.34741724
ZFP36L2,ACH-000789,0.8418803
TSEN54,ACH-000789,0.73174715
GATA3,ACH-000789,0.89424795
HSF1,ACH-000789,0.819499
RPS21,ACH-000789,0.60291827
COG8,ACH-000789,0.78766185
ANLN,ACH-000789,0.80170166
REV3L,ACH-000789,0.8027523
RRS1,ACH-000789,0.64762044
RPL23A,ACH-000789,0.48328745
PAFAH1B1,ACH-000789,0.44847888
QARS1,ACH-000789,0.5917157
DNLZ,ACH-000789,0.8195808
HIRA,ACH-000789,0.6987494
NDUFAF4,ACH-000789,0.82181805
RABIF,ACH-000789,0.81920487
RBBP8,ACH-000789,0.7520525
ACTR6,ACH-000789,0.76871145
CDK13,ACH-000789,0.86082774
RABGGTA,ACH-000789,0.66160643
ARMC5,ACH-000789,0.8353478
IPO13,ACH-000789,0.6720875
ARF6,ACH-000789,0.8901851
MAPK14,ACH-000789,0.8676414
APC,ACH-000789,0.7850702
NDUFA6,ACH-000789,0.80171955
RCL1,ACH-000789,0.68017757
BCS1L,ACH-000789,0.8186225
GNB1L,ACH-000789,0.80200016
PSMB7,ACH-000789,0.67427385
RPS29,ACH-000789,0.33165035
SPC25,ACH-000789,0.5469203
RAD51,ACH-000789,0.63799787
ATP5F1B,ACH-000789,0.72639346
COPS5,ACH-000789,0.498554
EXOSC7,ACH-000789,0.67633545
RSL1D1,ACH-000789,0.6225392
EIF5AL1,ACH-000789,0.77168506
POLR3D,ACH-000789,0.80064327
MTPAP,ACH-000789,0.76681834
DYNLL1,ACH-000789,0.8419868
PSMC1,ACH-000789,0.59930146
TAPT1,ACH-000789,0.899378
SLC16A1,ACH-000789,0.80719095
RBM10,ACH-000789,0.7767679
RAF1,ACH-000789,0.8259188
RAD51C,ACH-000789,0.7553456
SUPT6H,ACH-000789,0.528356
SNAPC2,ACH-000789,0.65295964
MAD2L2,ACH-000789,0.7063422
RBM22,ACH-000789,0.5141956
SMG6,ACH-000789,0.7015226
KIF2C,ACH-000789,0.8980561
PUF60,ACH-000789,0.3310115
SPTLC2,ACH-000789,0.9169915
ZMAT5,ACH-000789,0.7249962
NDUFS1,ACH-000789,0.76946306
SAMM50,ACH-000789,0.7869286
HSPA8,ACH-000789,0.6933088
CDS2,ACH-000789,0.83294976
NOP58,ACH-000789,0.54677916
RACK1,ACH-000789,0.52934444
ATP6V1D,ACH-000789,0.73124325
NAE1,ACH-000789,0.7673631
LAMTOR4,ACH-000789,0.8239739
RBMX,ACH-000789,0.54096067
PGD,ACH-000789,0.7529088
SYNCRIP,ACH-000789,0.8922966
UGP2,ACH-000789,0.85383034
LYRM4,ACH-000789,0.6189134
POP7,ACH-000789,0.7471439
MRPL57,ACH-000789,0.74842083
MAT2A,ACH-000789,0.52011
ICE2,ACH-000789,0.7851254
CHMP7,ACH-000789,0.8183836
RPN2,ACH-000789,0.7845505
MRPL32,ACH-000789,0.76219493
TYMS,ACH-000789,0.86189455
H2AX,ACH-000789,0.76230246
TEAD1,ACH-000789,0.845303
GABPB1,ACH-000789,0.7211535
CCNH,ACH-000789,0.6484144
EIF3J,ACH-000789,0.7666645
RPF2,ACH-000789,0.63546443
RNF4,ACH-000789,0.8169279
DHFR,ACH-000789,0.6181264
KIF20A,ACH-000789,0.77017885
RPL30,ACH-000789,0.56196856
COX5A,ACH-000789,0.8063303
SCFD1,ACH-000789,0.64055574
RPS11,ACH-000789,0.3619253
PARD3,ACH-000789,0.91434664
HARS1,ACH-000789,0.5703405
MDM4,ACH-000789,0.83783984
RIC8A,ACH-000789,0.93392885
PSMB6,ACH-000789,0.5473476
ZFX,ACH-000789,0.8404015
PDCD11,ACH-000789,0.69416296
RPL22L1,ACH-000789,0.8675434
MRPL24,ACH-000789,0.79789245
TARS2,ACH-000789,0.7646748
TTC4,ACH-000789,0.81190556
NDUFV2,ACH-000789,0.87186754
MEMO1,ACH-000789,0.8409
PSMA6,ACH-000789,0.28577888
RRN3,ACH-000789,0.45696533
DDX21,ACH-000789,0.6492236
HNRNPK,ACH-000789,0.3690337
TRMT112,ACH-000789,0.514516
FLCN,ACH-000789,0.8783327
FAM32A,ACH-000789,0.74414784
MNT,ACH-000789,0.88169414
CKS1B,ACH-000789,0.7456211
RPL3,ACH-000789,0.36554202
NDUFA11,ACH-000789,0.80180645
DAXX,ACH-000789,0.8582715
MRPL9,ACH-000789,0.7306943
RAB7A,ACH-000789,0.7734911
FBL,ACH-000789,0.6839636
BRPF1,ACH-000789,0.80906993
SOCS3,ACH-000789,0.859147
TARDBP,ACH-000789,0.6938473
COG5,ACH-000789,0.90630543
RNF7,ACH-000789,0.9196774
HINFP,ACH-000789,0.56237197
POC1A,ACH-000789,0.86892736
UQCRFS1,ACH-000789,0.7769713
SKA3,ACH-000789,0.7586707
PTPN1,ACH-000789,0.89025116
CTC1,ACH-000789,0.82861245
HAUS4,ACH-000789,0.6982523
PRKRA,ACH-000789,0.77641237
FBXO11,ACH-000789,0.83549935
TADA3,ACH-000789,0.82761955
ASCL1,ACH-000789,0.84791493
KIF23,ACH-000789,0.5509604
AHR,ACH-000789,0.8848352
EIF2B2,ACH-000789,0.5502187
HEATR3,ACH-000789,0.8573349
PPP1CB,ACH-000789,0.71231616
SRP9,ACH-000789,0.7019237
NCAPG2,ACH-000789,0.7734257
NUBP1,ACH-000789,0.6622702
RPP30,ACH-000789,0.72238517
SMARCA2,ACH-000789,0.82037234
WDR75,ACH-000789,0.57266676
TOP3A,ACH-000789,0.6711699
PPCS,ACH-000789,0.84205097
YARS2,ACH-000789,0.60363686
EIF1AX,ACH-000789,0.5676486
SMC1A,ACH-000789,0.61435187
HCFC1,ACH-000789,0.59929764
RNASEH2A,ACH-000789,0.85668254
CINP,ACH-000789,0.6566254
SERBP1,ACH-000789,0.77393615
COA5,ACH-000789,0.82630557
WNK1,ACH-000789,0.74114275
AFG3L2,ACH-000789,0.71378195
CCNB1,ACH-000789,0.7724452
NDUFB6,ACH-000789,0.811935
RNMT,ACH-000789,0.6635244
TMEM41B,ACH-000789,0.82325214
UBAP1,ACH-000789,0.7201811
PTPN23,ACH-000789,0.70869136
RPL38,ACH-000789,0.57157034
NCAPD2,ACH-000789,0.6421981
TP53,ACH-000789,0.95999503
TIMM8A,ACH-000789,0.86991423
TRNAU1AP,ACH-000789,0.89366424
PPAN,ACH-000789,0.6623424
DPH3,ACH-000789,0.71997225
PPP1R2,ACH-000789,0.9088632
IFITM3,ACH-000789,0.6913415
CDCA3,ACH-000789,0.8479405
MRPL58,ACH-000789,0.7305248
BCAR1,ACH-000789,0.870878
PXN,ACH-000789,0.8500424
MUC20,ACH-000789,0.84114707
RBBP6,ACH-000789,0.6856638
MFAP1,ACH-000789,0.5562328
RPL11,ACH-000789,0.42159677
ITPK1,ACH-000789,0.8213195
RPL31,ACH-000789,0.35884646
ANAPC2,ACH-000789,0.66881967
NDUFB8,ACH-000789,0.8270295
ARNT,ACH-000789,0.885287
ATXN7L3,ACH-000789,0.84398323
PTAR1,ACH-000789,0.87756264
COP1,ACH-000789,0.8618553
GNL3L,ACH-000789,0.7018721
MRPL35,ACH-000789,0.77366203
PPIL2,ACH-000789,0.6310329
SSB,ACH-000789,0.7732022
LEMD2,ACH-000789,0.8961592
NOP16,ACH-000789,0.61479205
DHPS,ACH-000789,0.71083856
TRIR,ACH-000789,0.9232365
INTS5,ACH-000789,0.6926146
CTNNBL1,ACH-000789,0.7047984
GTF3C3,ACH-000789,0.76720035
FUBP1,ACH-000789,0.8587386
CHMP6,ACH-000789,0.59331703
DCPS,ACH-000789,0.8788067
COX18,ACH-000789,0.88159096
VPS4B,ACH-000789,0.86283135
SNF8,ACH-000789,0.6549063
TARS1,ACH-000789,0.51269644
YWHAE,ACH-000789,0.8441776
PPWD1,ACH-000789,0.55473375
HNRNPC,ACH-000789,0.676317
HGS,ACH-000789,0.7966145
POT1,ACH-000789,0.80187315
RNPS1,ACH-000789,0.702309
UBR4,ACH-000789,0.65030026
DHX36,ACH-000789,0.7767432
CNOT2,ACH-000789,0.76721925
SDAD1,ACH-000789,0.6368084
DOCK5,ACH-000789,0.9287375
POLR2E,ACH-000789,0.59692776
INTS10,ACH-000789,0.7775183
PRPF40A,ACH-000789,0.7065047
ACLY,ACH-000789,0.82059336
POLR3B,ACH-000789,0.52519965
SUPT16H,ACH-000789,0.5203534
EIF4A3,ACH-000789,0.3759714
MAX,ACH-000789,0.6996126
CIAO1,ACH-000789,0.74550277
AHCYL1,ACH-000789,0.8078027
COX6A1,ACH-000789,0.801626
FARSA,ACH-000789,0.7441871
INO80,ACH-000789,0.6901053
INTS13,ACH-000789,0.8116526
TFAM,ACH-000789,0.7381789
ALDH18A1,ACH-000789,0.8965031
RPL9,ACH-000789,0.454116
TIPIN,ACH-000789,0.7433777
MRM2,ACH-000789,0.7806136
SRSF1,ACH-000789,0.58602214
KEAP1,ACH-000789,0.8227667
LIN54,ACH-000789,0.8194382
DNAJC17,ACH-000789,0.65688765
SRSF11,ACH-000789,0.6984428
RPRD1B,ACH-000789,0.8021946
KDM8,ACH-000789,0.7472528
LARP7,ACH-000789,0.83778584
PDCL,ACH-000789,0.89767665
FBXO7,ACH-000789,0.8792015
UBA2,ACH-000789,0.6435032
CCAR1,ACH-000789,0.8060935
CASC3,ACH-000789,0.7873943
NAA25,ACH-000789,0.6928141
RBBP4,ACH-000789,0.67994726
INTS6,ACH-000789,0.74070454
KDM2A,ACH-000789,0.8272671
RAC1,ACH-000789,0.7980902
GOLGA8R,ACH-000789,0.77640265
HAUS7,ACH-000789,0.6909472
ESPL1,ACH-000789,0.47370616
KNTC1,ACH-000789,0.87201464
MED25,ACH-000789,0.8061904
PSMD1,ACH-000789,0.6401465
CFAP298,ACH-000789,0.64506865
DARS1,ACH-000789,0.5010911
MRPL10,ACH-000789,0.6817994
NCL,ACH-000789,0.74261737
THOC1,ACH-000789,0.6806392
EED,ACH-000789,0.821767
MRPS34,ACH-000789,0.75539577
TGIF1,ACH-000789,0.84735394
NSA2,ACH-000789,0.61049736
MRPS27,ACH-000789,0.7262291
UROD,ACH-000789,0.7090441
TICRR,ACH-000789,0.6271216
USP8,ACH-000789,0.78861177
CENPN,ACH-000789,0.644289
MYH9,ACH-000789,0.8646992
PSMB3,ACH-000789,0.39809936
NUP153,ACH-000789,0.7977966
NDUFA9,ACH-000789,0.8098818
PRPF3,ACH-000789,0.70635915
CNOT1,ACH-000789,0.7634885
VCPIP1,ACH-000789,0.8854633
COPA,ACH-000789,0.48809215
ATP6V1G1,ACH-000789,0.74512696
USP1,ACH-000789,0.877184
RPS7,ACH-000789,0.46034998
SMNDC1,ACH-000789,0.7456946
EIF4G2,ACH-000789,0.76546615
RPS14,ACH-000789,0.47670245
TIMM10,ACH-000789,0.7314423
TSR2,ACH-000789,0.57488346
XRCC6,ACH-000789,0.48194528
CIAO3,ACH-000789,0.6385973
YAP1,ACH-000789,0.8592273
SBDS,ACH-000789,0.5869601
COA6,ACH-000789,0.8441536
SUGP1,ACH-000789,0.7944094
KANSL3,ACH-000789,0.6735088
KDM5C,ACH-000789,0.90867233
RBX1,ACH-000789,0.5997602
COG1,ACH-000789,0.8474158
NDUFB2,ACH-000789,0.8150397
CRLS1,ACH-000789,0.816331
HS6ST1,ACH-000789,0.7996086
LETM1,ACH-000789,0.7772629
NOP10,ACH-000789,0.7258171
GEMIN7,ACH-000789,0.7276018
SEC16A,ACH-000789,0.77347696
ITGB1,ACH-000789,0.9014221
CFAP20,ACH-000789,0.7641283
NSMCE4A,ACH-000789,0.81099105
NDUFB9,ACH-000789,0.76474917
NBAS,ACH-000789,0.77437365
SLC20A1,ACH-000789,0.83790666
PTDSS1,ACH-000789,0.83399314
UBA6,ACH-000789,0.7905898
POLE4,ACH-000789,0.9056359
RBM12,ACH-000789,0.8420972
PSMA4,ACH-000789,0.5639004
STK11,ACH-000789,0.86959696
SLC25A26,ACH-000789,0.8337991
NAA15,ACH-000789,0.6838797
SMC5,ACH-000789,0.726231
VMP1,ACH-000789,0.6601722
CLASRP,ACH-000789,0.876465
CDC5L,ACH-000789,0.48927826
POLR2C,ACH-000789,0.4556473
TMEM165,ACH-000789,0.9208472
NUP98,ACH-000789,0.71671283
KRI1,ACH-000789,0.6975815
MOCS3,ACH-000789,0.78408206
PUM1,ACH-000789,0.83978033
LMNA,ACH-000789,0.8646766
COQ7,ACH-000789,0.8161955
SCO2,ACH-000789,0.83967936
RPS3,ACH-000789,0.40880942
DDX42,ACH-000789,0.6858194
OTUD5,ACH-000789,0.83328444
PNN,ACH-000789,0.6841713
UBA5,ACH-000789,0.80508184
NUP58,ACH-000789,0.69791734
UTP3,ACH-000789,0.8029385
TENT4B,ACH-000789,0.84259933
FDFT1,ACH-000789,0.890069
RPL37A,ACH-000789,0.4515111
PAGR1,ACH-000789,0.88950664
TDP2,ACH-000789,0.8711029
SACM1L,ACH-000789,0.6119879
DHX8,ACH-000789,0.57869285
DIDO1,ACH-000789,0.8359111
UBE2C,ACH-000789,0.81244665
CENATAC,ACH-000789,0.64505607
HNRNPH1,ACH-000789,0.6987964
THG1L,ACH-000789,0.7018504
RPS23,ACH-000789,0.4344086
NARS2,ACH-000789,0.8348465
ARF1,ACH-000789,0.86322296
WDR5,ACH-000789,0.69080186
NPLOC4,ACH-000789,0.62950075
CDK12,ACH-000789,0.8018761
PSMA7,ACH-000789,0.3910386
SEC61A1,ACH-000789,0.5242822
RPS17,ACH-000789,0.64869547
PDHA1,ACH-000789,0.8006844
CREBBP,ACH-000789,0.87254816
PRDX1,ACH-000789,0.8935154
ATP6V0C,ACH-000789,0.37921402
EXT1,ACH-000789,0.8460649
TTK,ACH-000789,0.7701509
TRUB2,ACH-000789,0.8111355
MRPL13,ACH-000789,0.77025914
SH3GL1,ACH-000789,0.8564924
GRSF1,ACH-000789,0.8141683
ARPC3,ACH-000789,0.79851806
PPM1D,ACH-000789,0.8601916
TRAPPC4,ACH-000789,0.69831055
SEC61G,ACH-000789,0.66751796
THOC3,ACH-000789,0.6383854
PMPCA,ACH-000789,0.6114601
ALG2,ACH-000789,0.6654699
POLRMT,ACH-000789,0.7608155
TIMM17A,ACH-000789,0.86679476
POLR3C,ACH-000789,0.70252144
PALB2,ACH-000789,0.8056193
POP5,ACH-000789,0.5670798
MSL1,ACH-000789,0.83968896
PPP2R3C,ACH-000789,0.8268576
RPLP0,ACH-000789,0.6030434
ACTR8,ACH-000789,0.78771824
ATIC,ACH-000789,0.78236824
RAD51B,ACH-000789,0.846456
SLC25A28,ACH-000789,0.8869543
ITGAV,ACH-000789,0.805464
PPP2R1A,ACH-000789,0.7943778
MRPL55,ACH-000789,0.7342929
MED4,ACH-000789,0.64013183
PAK1IP1,ACH-000789,0.6588379
RPL7,ACH-000789,0.58545744
PDSS1,ACH-000789,0.82976216
CHAF1B,ACH-000789,0.48169276
CSDE1,ACH-000789,0.82063663
FEN1,ACH-000789,0.7378565
TUT1,ACH-000789,0.4654225
FLI1,ACH-000789,0.89589083
RPL23,ACH-000789,0.38079613
BRIX1,ACH-000789,0.66733897
ERCC3,ACH-000789,0.5638578
NOC3L,ACH-000789,0.73558044
EMC4,ACH-000789,0.8147458
CCNL1,ACH-000789,0.79306656
PRELID3B,ACH-000789,0.53860784
CSTF1,ACH-000789,0.7456488
DNAJC11,ACH-000789,0.81507874
DNAJC2,ACH-000789,0.90057534
DPH1,ACH-000789,0.8478328
PWP2,ACH-000789,0.65000045
CCDC6,ACH-000789,0.85910195
PSMD4,ACH-000789,0.59587586
PFDN6,ACH-000789,0.53695023
SNAI2,ACH-000789,0.85995334
MRPL12,ACH-000789,0.74138355
GET1,ACH-000789,0.8247386
MRPS17,ACH-000789,0.7782266
CAB39,ACH-000789,0.8827149
ARHGAP29,ACH-000789,0.85257524
RBBP7,ACH-000789,0.86101854
TMEM199,ACH-000789,0.78897685
SREK1IP1,ACH-000789,0.8507859
CD2BP2,ACH-000789,0.8616317
EMC1,ACH-000789,0.8566537
ORC3,ACH-000789,0.7739426
ELP1,ACH-000789,0.7321317
BRK1,ACH-000789,0.87705356
PI4KA,ACH-000789,0.7895126
RPUSD3,ACH-000789,0.84194654
RRM2,ACH-000789,0.5121146
TRIM28,ACH-000789,0.8713216
RSL24D1,ACH-000789,0.4765212
NDUFS3,ACH-000789,0.8078812
STXBP3,ACH-000789,0.8647264
SETD1B,ACH-000789,0.80979687
SUPT20H,ACH-000789,0.8448789
CHMP2A,ACH-000789,0.5311293
TMEM80,ACH-000789,0.8720954
SART3,ACH-000789,0.54891044
TELO2,ACH-000789,0.77460706
DCTN3,ACH-000789,0.75391424
ATP2B1,ACH-000789,0.7683544
POLG2,ACH-000789,0.8119225
PDCD10,ACH-000789,0.90220636
SPRTN,ACH-000789,0.70796525
EIF1,ACH-000789,0.6340959
TMED2,ACH-000789,0.8347028
MED23,ACH-000789,0.8682385
RPS6,ACH-000789,0.46178663
ATP5PO,ACH-000789,0.8118939
PMVK,ACH-000789,0.8235574
IDH3A,ACH-000789,0.8153363
USP5,ACH-000789,0.57976866
SRRM2,ACH-000789,0.812654
OSGEP,ACH-000789,0.66608953
RASA4,ACH-000789,0.7883032
TAF12,ACH-000789,0.7428341
CCT4,ACH-000789,0.5647758
UGCG,ACH-000789,0.9102038
WDR36,ACH-000789,0.58413965
TOPBP1,ACH-000789,0.6283566
SNRNP70,ACH-000789,0.68996584
BARD1,ACH-000789,0.7572558
PPRC1,ACH-000789,0.8313082
MAP4K4,ACH-000789,0.83765125
RAD21,ACH-000789,0.62035596
ZNF407,ACH-000789,0.73042667
SF3A3,ACH-000789,0.45008582
ALG11,ACH-000789,0.7300497
TOMM20,ACH-000789,0.7707432
RARS2,ACH-000789,0.7703633
SRSF7,ACH-000789,0.45846862
CENPM,ACH-000789,0.71781707
SAMD4B,ACH-000789,0.8286351
SKA2,ACH-000789,0.7933886
OSTC,ACH-000789,0.7956485
H2BC4,ACH-000789,0.59739494
GTF2A2,ACH-000789,0.60966957
ARID1A,ACH-000789,0.81602484
BTF3,ACH-000789,0.72371346
GGTLC2,ACH-000789,0.7171094
DDX11,ACH-000789,0.7294753
TUBB3,ACH-000789,0.87893945
WDR83,ACH-000789,0.80887055
TOMM40,ACH-000789,0.65675795
WDR18,ACH-000789,0.64035106
CCT5,ACH-000789,0.65483034
HNRNPA1,ACH-000789,0.77903116
MYCN,ACH-000789,0.8050077
PDS5A,ACH-000789,0.83984476
CENPI,ACH-000789,0.77102363
RPS16,ACH-000789,0.45906973
SCD,ACH-000789,0.74645674
MRPL28,ACH-000789,0.8077375
RIOK1,ACH-000789,0.64029396
BCLAF1,ACH-000789,0.7972169
UFM1,ACH-000789,0.8706412
DNAAF10,ACH-000789,0.72185457
VPS28,ACH-000789,0.55653095
POLR1B,ACH-000789,0.60943246
ZFC3H1,ACH-000789,0.8157077
CWF19L2,ACH-000789,0.81308895
SCAF8,ACH-000789,0.8729552
RPL36A,ACH-000789,0.58386314
URM1,ACH-000789,0.7463084
CKAP5,ACH-000789,0.57468116
METTL16,ACH-000789,0.7094908
PDPK1,ACH-000789,0.6888195
HMGB1,ACH-000789,0.7676044
SRCAP,ACH-000789,0.63424873
EIF2S2,ACH-000789,0.61136687
OGDH,ACH-000789,0.7419872
TXNL4A,ACH-000789,0.46744603
VPS36,ACH-000789,0.8171452
YY1,ACH-000789,0.71787465
NPM1,ACH-000789,0.736658
PSMG1,ACH-000789,0.7829899
E2F3,ACH-000789,0.8660929
CTU2,ACH-000789,0.77846426
POLR1A,ACH-000789,0.6524591
XRCC2,ACH-000789,0.7915032
ZC3H13,ACH-000789,0.7937319
HAUS6,ACH-000789,0.64901084
TLK2,ACH-000789,0.7676955
AK6,ACH-000789,0.6869623
CRKL,ACH-000789,0.78598344
BRAP,ACH-000789,0.8075454
HUWE1,ACH-000789,0.7116778
NAMPT,ACH-000789,0.67904747
SMG1,ACH-000789,0.70126307
UBTF,ACH-000789,0.5293855
PRKAR1A,ACH-000789,0.88519603
FADD,ACH-000789,0.88167363
STX5,ACH-000789,0.64270353
EIF2B3,ACH-000789,0.55488825
NUP205,ACH-000789,0.63329124
VPS13D,ACH-000789,0.74657756
GPATCH1,ACH-000789,0.813874
GTF2A1,ACH-000789,0.7193088
CUL1,ACH-000789,0.74143654
SNRNP48,ACH-000789,0.783431
ELMO2,ACH-000789,0.9377692
PLRG1,ACH-000789,0.69836754
TTC1,ACH-000789,0.6757663
AQP7,ACH-000789,0.8727281
NDUFS2,ACH-000789,0.7731075
TOP1,ACH-000789,0.7100681
GSK3B,ACH-000789,0.8964515
SART1,ACH-000789,0.7106549
PKMYT1,ACH-000789,0.69089854
DHX33,ACH-000789,0.70013565
RPAIN,ACH-000789,0.755295
BCAS2,ACH-000789,0.6131601
DR1,ACH-000789,0.7135253
EIF3D,ACH-000789,0.49550682
PWP1,ACH-000789,0.7715357
CDK4,ACH-000789,0.7679478
AMD1,ACH-000789,0.7973684
RBM28,ACH-000789,0.7591472
GFM2,ACH-000789,0.7656281
DNAJA3,ACH-000789,0.7253382
PAICS,ACH-000789,0.7739908
WDR4,ACH-000789,0.8235068
CENPO,ACH-000789,0.80832964
ALG1,ACH-000789,0.76233643
ITGB5,ACH-000789,0.85755336
NFYC,ACH-000789,0.7070786
DDX56,ACH-000789,0.50817823
FDXR,ACH-000789,0.81653124
ATL2,ACH-000789,0.7436041
PREB,ACH-000789,0.65024674
STEEP1,ACH-000789,0.80681926
EIPR1,ACH-000789,0.8456298
FDPS,ACH-000789,0.79371846
CHTF8,ACH-000789,0.819915
FGFR1,ACH-000789,0.88656855
CDK9,ACH-000789,0.632166
SUGT1,ACH-000789,0.7890967
VPS33A,ACH-000789,0.8093363
COX10,ACH-000789,0.83714855
ATP2A2,ACH-000789,0.53583086
ATP6V1F,ACH-000789,0.6631793
C1D,ACH-000789,0.8826099
GTF2F2,ACH-000789,0.7239859
MRPL36,ACH-000789,0.7289264
PRPF31,ACH-000789,0.4821141
SOD2,ACH-000789,0.7553661
CMIP,ACH-000789,0.893242
EXOSC6,ACH-000789,0.62999535
TCF7L2,ACH-000789,0.843217
COPZ1,ACH-000789,0.6066877
GTSE1,ACH-000789,0.8764322
MED26,ACH-000789,0.79553014
MARK2,ACH-000789,0.88239
TRA2B,ACH-000789,0.805246
VPS37A,ACH-000789,0.7916018
XPO5,ACH-000789,0.8278502
COQ4,ACH-000789,0.78135085
PFDN1,ACH-000789,0.79661787
DPAGT1,ACH-000789,0.6353971
AP1G1,ACH-000789,0.8062326
RPL26L1,ACH-000789,0.8460037
ROMO1,ACH-000789,0.6603687
HNRNPA2B1,ACH-000789,0.86792606
CHD4,ACH-000789,0.65788263
DYNLRB1,ACH-000789,0.53754675
PKM,ACH-000789,0.7053536
LCE2B,ACH-000789,0.835303
FASN,ACH-000789,0.87488353
EGLN1,ACH-000789,0.90176505
CLTC,ACH-000789,0.62257063
CEBPZ,ACH-000789,0.66260564
TIAL1,ACH-000789,0.9172908
SEC62,ACH-000789,0.8246544
CAND1,ACH-000789,0.8438352
NCKAP1,ACH-000789,0.8657671
LONP1,ACH-000789,0.54092443
POLR2F,ACH-000789,0.48397362
IBA57,ACH-000789,0.8957354
USP10,ACH-000789,0.78061163
IARS2,ACH-000789,0.6182187
FPGS,ACH-000789,0.7556499
SNRNP27,ACH-000789,0.6958356
DPH2,ACH-000789,0.86285394
PI4KB,ACH-000789,0.8760348
NCOA4,ACH-000789,0.82608455
SKA1,ACH-000789,0.84656584
RNF31,ACH-000789,0.8208274
TAF4,ACH-000789,0.85649467
H2BC6,ACH-000789,0.66901016
MRPL15,ACH-000789,0.776642
KCTD5,ACH-000789,0.87500453
HARS2,ACH-000789,0.7981596
RBMXL1,ACH-000789,0.7360736
CEP43,ACH-000789,0.8778586
ACTR1A,ACH-000789,0.7641366
HK2,ACH-000789,0.86271065
SS18L2,ACH-000789,0.45667458
POLR3H,ACH-000789,0.60216594
FCF1,ACH-000789,0.67739016
EFTUD2,ACH-000789,0.48787254
SMG5,ACH-000789,0.62452507
ALG13,ACH-000789,0.7337809
HSD17B10,ACH-000789,0.7847828
NUP214,ACH-000789,0.6511792
VCL,ACH-000789,0.83621436
CENPP,ACH-000789,0.85907793
MRPS5,ACH-000789,0.697675
RNPC3,ACH-000789,0.61053705
NDUFAB1,ACH-000789,0.75945735
DHX29,ACH-000789,0.8708364
SRPRA,ACH-000789,0.7612588
TCOF1,ACH-000789,0.8010502
ATRIP,ACH-000789,0.8042705
CMPK1,ACH-000789,0.6918796
CCND1,ACH-000789,0.7633379
GCSH,ACH-000789,0.83514243
EXOSC10,ACH-000789,0.81258523
NFRKB,ACH-000789,0.8348809
RBIS,ACH-000789,0.85053706
WDR55,ACH-000789,0.6591735
HOXD13,ACH-000789,0.87854946
CFL1,ACH-000789,0.79005533
ELOB,ACH-000531,0.6111747
PSMC5,ACH-000531,0.56991583
DNAJC9,ACH-000531,0.5921961
DKC1,ACH-000531,0.5717701
PPP1R7,ACH-000531,0.6988309
SNRPE,ACH-000531,0.4659766
ORC1,ACH-000531,0.5834652
ZNHIT3,ACH-000531,0.6929661
TAF8,ACH-000531,0.6268314
UMPS,ACH-000531,0.7878339
HDAC1,ACH-000531,0.80648893
CHKA,ACH-000531,0.74738336
SRSF10,ACH-000531,0.70779747
RPL18,ACH-000531,0.49546522
CCDC51,ACH-000531,0.7829257
SYMPK,ACH-000531,0.58775294
WDR33,ACH-000531,0.496819
CTPS1,ACH-000531,0.71051234
RPS2,ACH-000531,0.5765865
CSE1L,ACH-000531,0.4031108
ACTR3,ACH-000531,0.6980525
MRPL41,ACH-000531,0.71673
MALSU1,ACH-000531,0.7576791
MTF1,ACH-000531,0.7594793
CNOT4,ACH-000531,0.73749375
NDUFA3,ACH-000531,0.7798049
CBLL1,ACH-000531,0.7317065
INTS9,ACH-000531,0.5130423
CSH2,ACH-000531,0.6802354
SIN3A,ACH-000531,0.6566913
GNL2,ACH-000531,0.5892799
HCCS,ACH-000531,0.7899049
H2BC21,ACH-000531,0.6771915
NF2,ACH-000531,0.8669168
PRPF4,ACH-000531,0.54565537
VIRMA,ACH-000531,0.56521666
ZPR1,ACH-000531,0.61175704
RANGAP1,ACH-000531,0.5520635
POLR2B,ACH-000531,0.5067737
POLD3,ACH-000531,0.51435983
MDN1,ACH-000531,0.4869091
CDC26,ACH-000531,0.6850054
AARS2,ACH-000531,0.71889514
CDAN1,ACH-000531,0.69245934
TRNT1,ACH-000531,0.5828254
MSTO1,ACH-000531,0.6209442
H2BC11,ACH-000531,0.5882146
LRPPRC,ACH-000531,0.7304394
HSPD1,ACH-000531,0.4976234
FANCF,ACH-000531,0.75663877
SNRNP40,ACH-000531,0.742661
RELA,ACH-000531,0.7636039
ECT2,ACH-000531,0.63418835
TAF1B,ACH-000531,0.6512532
DBR1,ACH-000531,0.43723828
RRM1,ACH-000531,0.2071183
ATP6AP1,ACH-000531,0.6447648
ZNF236,ACH-000531,0.724309
PAK2,ACH-000531,0.79681015
GTF2E2,ACH-000531,0.54331565
SNAP23,ACH-000531,0.7267306
DAD1,ACH-000531,0.43904468
TUBGCP6,ACH-000531,0.5787154
SEM1,ACH-000531,0.5743849
IGBP1,ACH-000531,0.5619327
WDR48,ACH-000531,0.7069605
DTL,ACH-000531,0.402569
COX15,ACH-000531,0.80663186
HAUS3,ACH-000531,0.5946732
CIAO2B,ACH-000531,0.5992553
CDK7,ACH-000531,0.45495197
MRPL3,ACH-000531,0.7452853
CYB5R4,ACH-000531,0.76866496
HTATSF1,ACH-000531,0.669696
EIF3G,ACH-000531,0.6333537
TXNRD1,ACH-000531,0.76963097
HSCB,ACH-000531,0.643552
TAF10,ACH-000531,0.6876743
EIF5,ACH-000531,0.5476886
HUS1,ACH-000531,0.71687186
MED24,ACH-000531,0.7691053
COX19,ACH-000531,0.76004946
PRPF39,ACH-000531,0.707887
DDX54,ACH-000531,0.57862526
HSP90B1,ACH-000531,0.6907643
RPL17,ACH-000531,0.25814223
HYPK,ACH-000531,0.60846627
POM121C,ACH-000531,0.6900395
LSM4,ACH-000531,0.47820777
MAPK1,ACH-000531,0.78734064
TRAPPC2L,ACH-000531,0.8173048
RPS8,ACH-000531,0.26052892
MED19,ACH-000531,0.70950186
SGO1,ACH-000531,0.5983912
SRBD1,ACH-000531,0.5203826
UBE2G2,ACH-000531,0.7095429
NDC1,ACH-000531,0.6946978
SUZ12,ACH-000531,0.75940335
BRIP1,ACH-000531,0.75955594
MNAT1,ACH-000531,0.7065007
CDC123,ACH-000531,0.42278728
HSPE1,ACH-000531,0.20026416
QRSL1,ACH-000531,0.76703966
UXT,ACH-000531,0.6163292
RHEB,ACH-000531,0.70753264
KLF5,ACH-000531,0.6976418
PTPMT1,ACH-000531,0.71020013
LAMTOR3,ACH-000531,0.79281175
RBM15,ACH-000531,0.722602
PPP1CA,ACH-000531,0.7060074
PGGT1B,ACH-000531,0.698095
CDC45,ACH-000531,0.3762704
INTS14,ACH-000531,0.75712967
KARS1,ACH-000531,0.53438693
SKP2,ACH-000531,0.71682805
NUP107,ACH-000531,0.5752697
MRPS18B,ACH-000531,0.76453704
RAB10,ACH-000531,0.7396873
HNRNPF,ACH-000531,0.82474285
RGP1,ACH-000531,0.6802964
COPS8,ACH-000531,0.62718827
FAM50A,ACH-000531,0.77532876
NXT1,ACH-000531,0.76319826
WARS1,ACH-000531,0.59649885
SLC25A3,ACH-000531,0.6901573
TP63,ACH-000531,0.78650355
CAPRIN1,ACH-000531,0.7961105
COX6C,ACH-000531,0.7129519
FLII,ACH-000531,0.76825804
METTL3,ACH-000531,0.73894167
NDUFA8,ACH-000531,0.75814617
ZNHIT6,ACH-000531,0.6507109
WAC,ACH-000531,0.7466188
TADA1,ACH-000531,0.83225226
PBRM1,ACH-000531,0.7511306
IMP4,ACH-000531,0.5891925
PELO,ACH-000531,0.6764556
CPSF6,ACH-000531,0.6231369
AATF,ACH-000531,0.6680171
RPF1,ACH-000531,0.61240184
POLR1C,ACH-000531,0.49002928
RPS3A,ACH-000531,0.3260109
PCYT1A,ACH-000531,0.73640853
CHERP,ACH-000531,0.6212339
PPP4R2,ACH-000531,0.6646987
PPP1R15B,ACH-000531,0.6681252
AHCY,ACH-000531,0.737097
GUK1,ACH-000531,0.6109953
SNAPC5,ACH-000531,0.5782982
MEPCE,ACH-000531,0.62319624
GFER,ACH-000531,0.6320193
BUB3,ACH-000531,0.46266833
UPF2,ACH-000531,0.57727754
RRAGA,ACH-000531,0.72965926
BRD2,ACH-000531,0.73338515
MVD,ACH-000531,0.75928736
SNRPB,ACH-000531,0.45676768
SNRPG,ACH-000531,0.46219555
HMGCR,ACH-000531,0.60216105
TACC3,ACH-000531,0.69937575
PHAX,ACH-000531,0.5831913
SGF29,ACH-000531,0.789359
CCNA2,ACH-000531,0.58654064
EXOSC1,ACH-000531,0.7090769
VPS29,ACH-000531,0.73661876
NDUFA4,ACH-000531,0.7888781
VDAC1,ACH-000531,0.6673089
GTPBP10,ACH-000531,0.8042194
TUBGCP2,ACH-000531,0.5768876
CPSF4,ACH-000531,0.5550717
MCM7,ACH-000531,0.4444075
ARPC4,ACH-000531,0.7463948
COPS6,ACH-000531,0.55707526
RBM5,ACH-000531,0.7247535
JMJD6,ACH-000531,0.77081776
RIC1,ACH-000531,0.77750474
RRP1,ACH-000531,0.6562619
CDK1,ACH-000531,0.49692005
DIS3,ACH-000531,0.6824808
RAC3,ACH-000531,0.768556
TAF7,ACH-000531,0.67702055
H3-3A,ACH-000531,0.62162584
SOS1,ACH-000531,0.7508711
DPY19L2,ACH-000531,0.73947537
WDR43,ACH-000531,0.42647302
SNRNP200,ACH-000531,0.34373894
MGAT1,ACH-000531,0.77633363
CCT3,ACH-000531,0.42030537
SF3B4,ACH-000531,0.41922507
RPS13,ACH-000531,0.533704
ASCC3,ACH-000531,0.74079436
PAXBP1,ACH-000531,0.62768734
UFL1,ACH-000531,0.74106133
ANKRD17,ACH-000531,0.7496635
CRAMP1,ACH-000531,0.7312614
GGPS1,ACH-000531,0.6240539
CCDC22,ACH-000531,0.75551057
LSM3,ACH-000531,0.5180062
NDUFAF8,ACH-000531,0.6933252
NUP133,ACH-000531,0.5179316
C3orf38,ACH-000531,0.6881809
RMND5A,ACH-000531,0.7421588
CTDNEP1,ACH-000531,0.72828716
ATP6V1B2,ACH-000531,0.52262956
POLR3K,ACH-000531,0.4947196
PPP1R12A,ACH-000531,0.65499336
AASDHPPT,ACH-000531,0.7577704
FERMT2,ACH-000531,0.7733768
ILF3,ACH-000531,0.61223954
MPHOSPH10,ACH-000531,0.6131922
KRR1,ACH-000531,0.61189854
EARS2,ACH-000531,0.74675024
ACO2,ACH-000531,0.72321767
ENY2,ACH-000531,0.68964374
CPSF3,ACH-000531,0.5023068
ZWINT,ACH-000531,0.6962097
NUP35,ACH-000531,0.6998157
MYB,ACH-000531,0.73928106
GRHL2,ACH-000531,0.810046
ATP5F1C,ACH-000531,0.72475564
WDR3,ACH-000531,0.5324879
MANF,ACH-000531,0.82144475
MRTO4,ACH-000531,0.6584188
CAMLG,ACH-000531,0.7519062
RFC3,ACH-000531,0.55216324
RPL36,ACH-000531,0.47096175
ATP5F1D,ACH-000531,0.6800629
ELP2,ACH-000531,0.6505942
DNAJC13,ACH-000531,0.7028464
BIRC2,ACH-000531,0.75224453
ADAR,ACH-000531,0.6662268
LSM6,ACH-000531,0.59642446
POLR1E,ACH-000531,0.7011123
UBE2I,ACH-000531,0.4299157
NEPRO,ACH-000531,0.54972446
WDR12,ACH-000531,0.60282326
TSR1,ACH-000531,0.55081856
SF1,ACH-000531,0.35980907
POU2AF1,ACH-000531,0.802686
RMI1,ACH-000531,0.72374135
SLC35A2,ACH-000531,0.81915426
BRCA2,ACH-000531,0.7565968
COPS2,ACH-000531,0.54038954
DNAJA1,ACH-000531,0.72568756
POLR2D,ACH-000531,0.5075257
WWTR1,ACH-000531,0.73862946
DOLK,ACH-000531,0.7568238
EMC6,ACH-000531,0.77860963
MBTPS2,ACH-000531,0.63189125
FAM98B,ACH-000531,0.7301911
PPP2CA,ACH-000531,0.6571824
YTHDF2,ACH-000531,0.7874007
MTRF1L,ACH-000531,0.73618627
RPS28,ACH-000531,0.5424863
NCAPH2,ACH-000531,0.6910846
TFIP11,ACH-000531,0.5954009
SNW1,ACH-000531,0.47249413
DDX47,ACH-000531,0.526821
TSG101,ACH-000531,0.5710758
THOC2,ACH-000531,0.53435266
TCP1,ACH-000531,0.4462408
DYNC1I2,ACH-000531,0.42560792
AQR,ACH-000531,0.51773775
ACTR2,ACH-000531,0.59631866
FANCM,ACH-000531,0.6727109
CHD7,ACH-000531,0.8114329
GTF2B,ACH-000531,0.48348787
RPP14,ACH-000531,0.63007176
ADRM1,ACH-000531,0.7342688
BMPR1A,ACH-000531,0.78789544
SETD5,ACH-000531,0.7864238
EXT2,ACH-000531,0.77756214
FECH,ACH-000531,0.7984247
TAFAZZIN,ACH-000531,0.79854155
LARP1,ACH-000531,0.83232355
PSMD2,ACH-000531,0.5686103
TRIP12,ACH-000531,0.71825874
RTEL1,ACH-000531,0.751125
VPS54,ACH-000531,0.83064383
PPIH,ACH-000531,0.7930759
ZMAT2,ACH-000531,0.5231954
OXSM,ACH-000531,0.7969625
GINS1,ACH-000531,0.4451176
SEH1L,ACH-000531,0.6165998
PRIM1,ACH-000531,0.47589839
MMGT1,ACH-000531,0.763487
RAD51D,ACH-000531,0.753649
DHX16,ACH-000531,0.5553504
NOP56,ACH-000531,0.5441186
ATP2C1,ACH-000531,0.8572948
MICOS10,ACH-000531,0.7739985
BRAF,ACH-000531,0.80230474
BUD23,ACH-000531,0.5244676
TBCA,ACH-000531,0.5570178
TIMELESS,ACH-000531,0.5501908
KCTD10,ACH-000531,0.754171
DSCC1,ACH-000531,0.7587968
RRP12,ACH-000531,0.5488677
ZNF830,ACH-000531,0.587052
MON2,ACH-000531,0.68532
TMEM167A,ACH-000531,0.8352033
GEMIN4,ACH-000531,0.6953208
RPL28,ACH-000531,0.6541622
UXS1,ACH-000531,0.77433556
CSNK2A1,ACH-000531,0.754418
TAF6L,ACH-000531,0.7372305
RPN1,ACH-000531,0.63049746
SMARCE1,ACH-000531,0.6644492
EIF3B,ACH-000531,0.5055931
NOB1,ACH-000531,0.639308
TRAF2,ACH-000531,0.7699257
RACGAP1,ACH-000531,0.4670742
ATP6V1E1,ACH-000531,0.6283181
TIMM44,ACH-000531,0.6904347
SPOUT1,ACH-000531,0.483937
SLC35B1,ACH-000531,0.6205989
RPP40,ACH-000531,0.6295131
ISL1,ACH-000531,0.8204649
SMARCA5,ACH-000531,0.6453011
MRPS11,ACH-000531,0.7150297
LSM5,ACH-000531,0.50425184
MIB1,ACH-000531,0.7701956
FASTKD5,ACH-000531,0.7904446
PTMA,ACH-000531,0.7131147
FAU,ACH-000531,0.38509655
PNKP,ACH-000531,0.76383924
PPAT,ACH-000531,0.6582283
CSTF3,ACH-000531,0.52506536
ARID2,ACH-000531,0.7787876
CIAPIN1,ACH-000531,0.669668
MRPL18,ACH-000531,0.7243688
ESCO2,ACH-000531,0.7534623
PTPA,ACH-000531,0.7311187
BUD13,ACH-000531,0.64327383
TRMT6,ACH-000531,0.78636956
TUBGCP3,ACH-000531,0.5317929
EEF1A1,ACH-000531,0.45940948
RPL21,ACH-000531,0.28582522
SLC2A1,ACH-000531,0.7855188
SNRPB2,ACH-000531,0.68949366
MRPL27,ACH-000531,0.68132734
EAF1,ACH-000531,0.7351075
POLR2L,ACH-000531,0.34618986
ABCE1,ACH-000531,0.36217657
STX18,ACH-000531,0.5257333
RPLP2,ACH-000531,0.55073416
ARCN1,ACH-000531,0.56428546
NRBP1,ACH-000531,0.69320536
SRP72,ACH-000531,0.6000111
TMX2,ACH-000531,0.780954
MYBBP1A,ACH-000531,0.7333149
BAP1,ACH-000531,0.7235752
SKP1,ACH-000531,0.5240171
CPSF2,ACH-000531,0.52248836
METTL17,ACH-000531,0.74473125
NSMCE1,ACH-000531,0.66062075
MTBP,ACH-000531,0.5127569
BCL9,ACH-000531,0.7810891
TLN1,ACH-000531,0.69770443
STRIP1,ACH-000531,0.76357454
ZC3H18,ACH-000531,0.7505374
PSMA2,ACH-000531,0.32860532
STN1,ACH-000531,0.72769916
STAG2,ACH-000531,0.74170494
SNRPA1,ACH-000531,0.33322635
GMPPB,ACH-000531,0.68325186
CRTC3,ACH-000531,0.80002016
NUTF2,ACH-000531,0.5459326
DNM2,ACH-000531,0.6244715
WASHC2C,ACH-000531,0.70625687
PRORP,ACH-000531,0.77912194
LAMTOR2,ACH-000531,0.7624121
IARS1,ACH-000531,0.46627954
CENPH,ACH-000531,0.68064284
UBE2S,ACH-000531,0.70108694
EPRS1,ACH-000531,0.5044068
NUBP2,ACH-000531,0.65253097
RBM8A,ACH-000531,0.536664
ELOC,ACH-000531,0.58836985
TEDC2,ACH-000531,0.7860218
NUP50,ACH-000531,0.6795465
SNAPC1,ACH-000531,0.51888025
DHDDS,ACH-000531,0.47448805
ITGA3,ACH-000531,0.7720027
AIFM1,ACH-000531,0.7697305
CCT8,ACH-000531,0.5121936
ARIH2,ACH-000531,0.8691322
STAMBP,ACH-000531,0.74771196
XRCC5,ACH-000531,0.55801755
SF3A1,ACH-000531,0.48792088
CDK6,ACH-000531,0.7356726
DDX41,ACH-000531,0.55833507
CSNK2B,ACH-000531,0.6791325
KIF18B,ACH-000531,0.6823465
TKT,ACH-000531,0.8222239
VPS41,ACH-000531,0.735424
LSM8,ACH-000531,0.46272272
CTDP1,ACH-000531,0.48711613
CSNK1A1,ACH-000531,0.6010243
DET1,ACH-000531,0.78953767
NDE1,ACH-000531,0.75907767
TCERG1,ACH-000531,0.68611574
PSMG4,ACH-000531,0.55086625
FLVCR1,ACH-000531,0.81331563
NRAS,ACH-000531,0.8128467
ZEB1,ACH-000531,0.6862819
TMED10,ACH-000531,0.67976654
SFPQ,ACH-000531,0.46877003
KRAS,ACH-000531,0.71569514
MAU2,ACH-000531,0.71796775
CEP55,ACH-000531,0.77349424
PPCDC,ACH-000531,0.8083365
TCF3,ACH-000531,0.7878855
UBR5,ACH-000531,0.68342274
HMGA1,ACH-000531,0.7166091
MRPS16,ACH-000531,0.7281778
ALDOA,ACH-000531,0.604897
REXO2,ACH-000531,0.7979125
SF3B6,ACH-000531,0.41270474
PSMB1,ACH-000531,0.49010885
CDCA5,ACH-000531,0.5832584
COG2,ACH-000531,0.66078275
PIK3CB,ACH-000531,0.76937616
TIMM23,ACH-000531,0.62903094
ZFP36L1,ACH-000531,0.77929366
COX4I1,ACH-000531,0.7446378
CDC6,ACH-000531,0.54382133
MARCHF5,ACH-000531,0.70559275
EXOSC4,ACH-000531,0.58500874
PEX6,ACH-000531,0.6452075
NF1,ACH-000531,0.8475431
SAP30BP,ACH-000531,0.5570414
UQCRC1,ACH-000531,0.6993904
SLC25A1,ACH-000531,0.79756504
IPO7,ACH-000531,0.6271633
WDR46,ACH-000531,0.60916966
RAD9A,ACH-000531,0.6606591
MTOR,ACH-000531,0.59572935
POLD2,ACH-000531,0.5973941
UBAP2L,ACH-000531,0.76709425
DLST,ACH-000531,0.734898
EMC2,ACH-000531,0.75060236
FBXW7,ACH-000531,0.8475875
GTF2H3,ACH-000531,0.65422165
CDIN1,ACH-000531,0.70801324
NEDD1,ACH-000531,0.4598209
XRN1,ACH-000531,0.68371046
RAN,ACH-000531,0.11695856
RPL27,ACH-000531,0.38621265
PSMB5,ACH-000531,0.51795995
APEX2,ACH-000531,0.7636324
FXN,ACH-000531,0.68916726
DHX35,ACH-000531,0.74780864
NOC4L,ACH-000531,0.61597836
TRAPPC11,ACH-000531,0.6409558
PPA1,ACH-000531,0.71088994
RPL36AL,ACH-000531,0.7354667
BRAT1,ACH-000531,0.7536513
CDC7,ACH-000531,0.39472932
CDC27,ACH-000531,0.3556407
VARS2,ACH-000531,0.73371816
GAPDH,ACH-000531,0.61590123
PSMC3,ACH-000531,0.528704
RNASEH2C,ACH-000531,0.76612115
FAF2,ACH-000531,0.70030427
HSP90AB1,ACH-000531,0.76420563
DHX30,ACH-000531,0.77729785
RPL22,ACH-000531,0.6378639
NAT10,ACH-000531,0.605199
RPS25,ACH-000531,0.5908553
NOM1,ACH-000531,0.5958744
CSK,ACH-000531,0.7825457
ANKRD11,ACH-000531,0.7701909
ATP6V0B,ACH-000531,0.5945128
MEAF6,ACH-000531,0.74970365
RPL4,ACH-000531,0.39636543
NELFB,ACH-000531,0.58980215
MED6,ACH-000531,0.47670758
STAG1,ACH-000531,0.74074197
UBE2A,ACH-000531,0.795099
ELL,ACH-000531,0.5745539
MCM2,ACH-000531,0.5011072
NUP54,ACH-000531,0.6573703
E2F1,ACH-000531,0.76503074
VPS52,ACH-000531,0.65910715
CCNE1,ACH-000531,0.78750175
MAP3K7,ACH-000531,0.77704406
IK,ACH-000531,0.5556598
GATB,ACH-000531,0.7803697
VPS25,ACH-000531,0.40311527
SLC7A1,ACH-000531,0.78998655
WDR77,ACH-000531,0.5786189
CCT2,ACH-000531,0.5069021
NUP88,ACH-000531,0.5463069
RFT1,ACH-000531,0.67500633
MTERF4,ACH-000531,0.82595944
EIF4G1,ACH-000531,0.6911782
SFSWAP,ACH-000531,0.662931
ZRSR2,ACH-000531,0.68030536
SEPSECS,ACH-000531,0.73578554
H2BC26,ACH-000531,0.6684017
NOLC1,ACH-000531,0.69756526
DMAP1,ACH-000531,0.619578
MT1E,ACH-000531,0.7482465
CCNF,ACH-000531,0.7950114
INTS8,ACH-000531,0.5389035
UBE2K,ACH-000531,0.78918976
OIP5,ACH-000531,0.6622416
MAEA,ACH-000531,0.743405
TRMT61A,ACH-000531,0.72836107
COPS3,ACH-000531,0.6339932
CCT6A,ACH-000531,0.5498876
CRCP,ACH-000531,0.55856204
DHODH,ACH-000531,0.7886899
COA3,ACH-000531,0.7851484
DUSP4,ACH-000531,0.80044526
GRPEL1,ACH-000531,0.51134884
PCBP1,ACH-000531,0.48645923
SRP14,ACH-000531,0.62487173
GMNN,ACH-000531,0.66957855
NSMCE3,ACH-000531,0.6368394
IPPK,ACH-000531,0.81947696
NCBP2,ACH-000531,0.5007803
DLD,ACH-000531,0.75836736
ILK,ACH-000531,0.7186227
KRT18,ACH-000531,0.8121239
CERS2,ACH-000531,0.81716603
CDC73,ACH-000531,0.5990561
KDSR,ACH-000531,0.78705686
GINS4,ACH-000531,0.53654283
PLK1,ACH-000531,0.29569915
RPL32,ACH-000531,0.35634726
SPCS2,ACH-000531,0.72851735
MED18,ACH-000531,0.5131725
NDUFA1,ACH-000531,0.7708138
WDR7,ACH-000531,0.6871433
KANSL1,ACH-000531,0.5915132
USP36,ACH-000531,0.5947349
PSMG3,ACH-000531,0.56250185
ARID4B,ACH-000531,0.7952808
MED15,ACH-000531,0.7969457
NDUFB4,ACH-000531,0.7755569
SMAD7,ACH-000531,0.72768635
PSMF1,ACH-000531,0.7726542
ICE1,ACH-000531,0.65813303
ISCU,ACH-000531,0.4806054
THAP12,ACH-000531,0.74264246
ASPM,ACH-000531,0.74987996
TIMM13,ACH-000531,0.697808
ISY1,ACH-000531,0.61460996
KTI12,ACH-000531,0.66199106
UBE2H,ACH-000531,0.6729691
LARS1,ACH-000531,0.50235534
SMU1,ACH-000531,0.26170602
PSMC4,ACH-000531,0.4993784
SYF2,ACH-000531,0.54728657
ACTR10,ACH-000531,0.54845023
NDC80,ACH-000531,0.5107626
POLR2H,ACH-000531,0.49109396
WEE1,ACH-000531,0.38830543
TEDC1,ACH-000531,0.7966778
RB1CC1,ACH-000531,0.73668325
NACA,ACH-000531,0.57872045
UBE4B,ACH-000531,0.73308486
GAB1,ACH-000531,0.77207404
SDHA,ACH-000531,0.805597
TTI1,ACH-000531,0.6975825
LAS1L,ACH-000531,0.50999403
SPRR2G,ACH-000531,0.74460757
PYROXD1,ACH-000531,0.7306998
RPS15,ACH-000531,0.32646257
CARS1,ACH-000531,0.47935256
WDR24,ACH-000531,0.7853186
TPK1,ACH-000531,0.765948
N6AMT1,ACH-000531,0.7463988
MCM5,ACH-000531,0.52328515
SUPT4H1,ACH-000531,0.6639503
RAE1,ACH-000531,0.5158485
GTF2E1,ACH-000531,0.56673646
NDUFAF1,ACH-000531,0.76679206
VPS51,ACH-000531,0.6333865
UNC50,ACH-000531,0.7876501
NFS1,ACH-000531,0.55453837
TUBB4B,ACH-000531,0.6360642
SETDB1,ACH-000531,0.7463458
SF3B5,ACH-000531,0.36709145
CYB5B,ACH-000531,0.73563397
GGNBP2,ACH-000531,0.69946253
EP300,ACH-000531,0.79576045
HSD17B12,ACH-000531,0.7970129
CLP1,ACH-000531,0.47181123
LSG1,ACH-000531,0.6390715
FDX1,ACH-000531,0.7438865
PHB2,ACH-000531,0.50585544
BIRC6,ACH-000531,0.7575581
VPS18,ACH-000531,0.6206347
SNRPA,ACH-000531,0.75749767
RIOK2,ACH-000531,0.60645735
ELP6,ACH-000531,0.65559405
XPOT,ACH-000531,0.67845166
COX5B,ACH-000531,0.7180128
CTNNB1,ACH-000531,0.7775449
NMNAT1,ACH-000531,0.8461253
KAT8,ACH-000531,0.5154176
YBX1,ACH-000531,0.6090207
ZBTB7A,ACH-000531,0.7518463
RFK,ACH-000531,0.77007747
SRM,ACH-000531,0.755979
NIP7,ACH-000531,0.44883668
PKN2,ACH-000531,0.7439286
SLC35B2,ACH-000531,0.79854137
ANAPC11,ACH-000531,0.5413754
ELAVL1,ACH-000531,0.7640549
RNF146,ACH-000531,0.83272403
TUBE1,ACH-000531,0.69228566
RPL10,ACH-000531,0.638824
TRIT1,ACH-000531,0.75538415
CWC22,ACH-000531,0.49077195
MED1,ACH-000531,0.75241137
NMD3,ACH-000531,0.57836175
CHMP5,ACH-000531,0.71627504
YJU2B,ACH-000531,0.6863816
NUP93,ACH-000531,0.53492785
CCL4,ACH-000531,0.7849293
PFDN5,ACH-000531,0.6524159
TFB2M,ACH-000531,0.7253593
ACTG1,ACH-000531,0.6263454
ANKLE2,ACH-000531,0.37761486
ZEB2,ACH-000531,0.78115463
BYSL,ACH-000531,0.58079505
DCLRE1B,ACH-000531,0.6629356
PAXIP1,ACH-000531,0.7771466
DDX6,ACH-000531,0.66524315
POLD1,ACH-000531,0.43246585
RPL5,ACH-000531,0.3611564
SP1,ACH-000531,0.73819864
WDR26,ACH-000531,0.7422438
LRP8,ACH-000531,0.79785335
CTCF,ACH-000531,0.50454354
CTDSPL2,ACH-000531,0.79149675
NCAPD3,ACH-000531,0.6293129
IPO11,ACH-000531,0.5924465
KANSL2,ACH-000531,0.57156897
MORF4L1,ACH-000531,0.77685183
HAUS8,ACH-000531,0.6150067
UQCRC2,ACH-000531,0.73102075
RTF2,ACH-000531,0.59054774
PSTK,ACH-000531,0.6908525
TUBGCP5,ACH-000531,0.6008277
MTG1,ACH-000531,0.81262845
SMARCB1,ACH-000531,0.65658796
ATP5F1E,ACH-000531,0.7175467
NSMCE2,ACH-000531,0.7314158
DPY30,ACH-000531,0.75535023
PDCD2,ACH-000531,0.5376171
IKBKG,ACH-000531,0.79800844
CACTIN,ACH-000531,0.6354988
BET1,ACH-000531,0.7736802
MTX2,ACH-000531,0.77875066
GFPT1,ACH-000531,0.8076044
UCHL5,ACH-000531,0.76638734
SDHC,ACH-000531,0.6938093
PGK1,ACH-000531,0.7316617
ALYREF,ACH-000531,0.5436218
BPTF,ACH-000531,0.6808193
UROS,ACH-000531,0.7836908
PHF5A,ACH-000531,0.39092427
GTF3C4,ACH-000531,0.66467977
NONO,ACH-000531,0.7337753
RPS27A,ACH-000531,0.48833558
SRSF3,ACH-000531,0.3132458
TOE1,ACH-000531,0.6783942
ZC3H8,ACH-000531,0.68945074
ISG20L2,ACH-000531,0.6648967
SINHCAF,ACH-000531,0.7036691
RTTN,ACH-000531,0.69935054
MRPL2,ACH-000531,0.72311616
EEF1B2,ACH-000531,0.6895535
ERCC2,ACH-000531,0.6899291
NUP37,ACH-000531,0.7717922
SRRT,ACH-000531,0.60783976
CHAF1A,ACH-000531,0.5916239
PSMD3,ACH-000531,0.45045534
PET117,ACH-000531,0.8014951
RAD1,ACH-000531,0.6147255
RBMX2,ACH-000531,0.64644396
WBP11,ACH-000531,0.56148005
SLC35A1,ACH-000531,0.82488245
NGLY1,ACH-000531,0.805549
PPME1,ACH-000531,0.77490366
ACSL4,ACH-000531,0.7780373
IPO9,ACH-000531,0.6734699
SSU72,ACH-000531,0.5540297
NDUFB3,ACH-000531,0.7486283
PABIR1,ACH-000531,0.7146485
SARNP,ACH-000531,0.7556461
KMT2D,ACH-000531,0.7483293
MRPS2,ACH-000531,0.7220381
MEN1,ACH-000531,0.76639915
CHTF18,ACH-000531,0.7568741
SOX10,ACH-000531,0.7792499
HSPA9,ACH-000531,0.46211213
COPG1,ACH-000531,0.41649094
PRPF38B,ACH-000531,0.51533735
EEF1G,ACH-000531,0.5280309
NFYB,ACH-000531,0.68978727
TRAPPC1,ACH-000531,0.6130518
CCND3,ACH-000531,0.7469115
FARS2,ACH-000531,0.7138819
BRF1,ACH-000531,0.5670372
CTNNA1,ACH-000531,0.7939982
POLR2K,ACH-000531,0.60586536
PCM1,ACH-000531,0.8180812
CYCS,ACH-000531,0.7041084
SLC25A19,ACH-000531,0.8110586
SRP19,ACH-000531,0.50944006
HMBS,ACH-000531,0.8101225
DONSON,ACH-000531,0.4219948
POLR1F,ACH-000531,0.37024707
BORA,ACH-000531,0.67150587
POLR2M,ACH-000531,0.7266075
EIF4B,ACH-000531,0.7166865
SETD1A,ACH-000531,0.66235787
FCHO2,ACH-000531,0.78234917
ING3,ACH-000531,0.7140188
SNRPC,ACH-000531,0.71559024
ILF2,ACH-000531,0.6339459
REV1,ACH-000531,0.72642124
HJURP,ACH-000531,0.68227506
DPH6,ACH-000531,0.81141365
INTS3,ACH-000531,0.54805756
EIF5A,ACH-000531,0.69307876
IRS2,ACH-000531,0.7290319
MEF2C,ACH-000531,0.81941324
MBNL1,ACH-000531,0.76141673
CHCHD4,ACH-000531,0.6711304
HSPA14,ACH-000531,0.7594318
DAZAP1,ACH-000531,0.74723023
NUP160,ACH-000531,0.50743306
EMC7,ACH-000531,0.70727813
TGS1,ACH-000531,0.6852017
ATP1A1,ACH-000531,0.6450974
OGT,ACH-000531,0.5385878
ATP1B3,ACH-000531,0.7725518
RCOR1,ACH-000531,0.7290241
WDHD1,ACH-000531,0.53649175
SRP54,ACH-000531,0.35343495
DTYMK,ACH-000531,0.5539601
URB2,ACH-000531,0.6220933
MCM3AP,ACH-000531,0.5709745
SPC24,ACH-000531,0.36086473
BANP,ACH-000531,0.6604522
DARS2,ACH-000531,0.74765956
USE1,ACH-000531,0.76227766
IMPDH2,ACH-000531,0.7133953
CAPZB,ACH-000531,0.6385426
POLG,ACH-000531,0.81595373
SCYL1,ACH-000531,0.71123636
SF3B2,ACH-000531,0.57058793
H2AC15,ACH-000531,0.6684017
SLU7,ACH-000531,0.57475454
CDC20,ACH-000531,0.45930725
NRF1,ACH-000531,0.6107208
H2BC15,ACH-000531,0.59363544
INTS1,ACH-000531,0.6563745
GTF2H4,ACH-000531,0.68782055
CDT1,ACH-000531,0.50155926
RBM14,ACH-000531,0.59771657
MRPL43,ACH-000531,0.71928453
WDR1,ACH-000531,0.68455344
DBF4,ACH-000531,0.6542082
GLMN,ACH-000531,0.7623651
SREBF1,ACH-000531,0.79402226
VHL,ACH-000531,0.74475706
U2AF2,ACH-000531,0.5177893
CDC42,ACH-000531,0.6021265
LSM11,ACH-000531,0.73257375
GOLT1B,ACH-000531,0.7247327
PARS2,ACH-000531,0.73613644
EDF1,ACH-000531,0.76391655
DDX19A,ACH-000531,0.7320532
UTP11,ACH-000531,0.6626526
ANAPC13,ACH-000531,0.7094263
MED14,ACH-000531,0.5278733
COX6B1,ACH-000531,0.7179158
EPC1,ACH-000531,0.7670852
NAA20,ACH-000531,0.6557903
NOP9,ACH-000531,0.65503305
ERAL1,ACH-000531,0.7482823
ZNHIT1,ACH-000531,0.836076
NOP2,ACH-000531,0.5999566
MTREX,ACH-000531,0.4893261
RPL7A,ACH-000531,0.4628021
HMGCS1,ACH-000531,0.54041743
RBM39,ACH-000531,0.4878282
SPTLC1,ACH-000531,0.7308543
MRPS21,ACH-000531,0.6746324
MIS18A,ACH-000531,0.7495196
DRAP1,ACH-000531,0.76491547
TWNK,ACH-000531,0.7653029
NUF2,ACH-000531,0.5564723
SEPHS2,ACH-000531,0.70383847
VPS53,ACH-000531,0.7475117
SNRPD2,ACH-000531,0.36109477
TXNL4B,ACH-000531,0.6627908
ASNS,ACH-000531,0.7608513
SAP18,ACH-000531,0.6388016
FDX2,ACH-000531,0.7177807
RNF113A,ACH-000531,0.6108303
NSUN4,ACH-000531,0.77558
TSC1,ACH-000531,0.82422835
AAMP,ACH-000531,0.63452655
H2AZ1,ACH-000531,0.7109572
FRG1,ACH-000531,0.727976
SF3B1,ACH-000531,0.53328824
GEMIN8,ACH-000531,0.63703847
UQCR10,ACH-000531,0.7730419
MED13,ACH-000531,0.83968616
ADSL,ACH-000531,0.7806175
NDUFAF7,ACH-000531,0.7737899
SPTSSA,ACH-000531,0.8131803
ZBTB8OS,ACH-000531,0.6267359
PAX8,ACH-000531,0.7932029
EEFSEC,ACH-000531,0.74286157
COPB1,ACH-000531,0.3769489
GRWD1,ACH-000531,0.6455184
AMBRA1,ACH-000531,0.77688515
POP4,ACH-000531,0.61641383
KATNB1,ACH-000531,0.6532683
HNRNPL,ACH-000531,0.5289548
ATP5F1A,ACH-000531,0.69501567
FBXW11,ACH-000531,0.7148292
CFLAR,ACH-000531,0.7329583
YME1L1,ACH-000531,0.7251084
ADAT2,ACH-000531,0.74853265
BTAF1,ACH-000531,0.7480087
NAA10,ACH-000531,0.6081848
BANF1,ACH-000531,0.41185698
SRF,ACH-000531,0.73251647
WDR73,ACH-000531,0.6767725
ANKRD49,ACH-000531,0.81316674
MAD2L1BP,ACH-000531,0.68660915
PCBP2,ACH-000531,0.54374826
UBE2L3,ACH-000531,0.59937775
NUP43,ACH-000531,0.6460875
POLR3F,ACH-000531,0.5461841
DPM2,ACH-000531,0.7929143
DCP2,ACH-000531,0.7574295
EIF6,ACH-000531,0.5254086
DENR,ACH-000531,0.6643195
MRPS14,ACH-000531,0.6974673
TFB1M,ACH-000531,0.811498
RPE,ACH-000531,0.7621765
TRMT10C,ACH-000531,0.7124318
POLA1,ACH-000531,0.6080481
MIOS,ACH-000531,0.780263
MAGOH,ACH-000531,0.643072
RICTOR,ACH-000531,0.7657145
AKIRIN2,ACH-000531,0.7330745
DOLPP1,ACH-000531,0.75272113
EFR3A,ACH-000531,0.6524192
RPL13A,ACH-000531,0.4705051
CHMP3,ACH-000531,0.6511829
CAP1,ACH-000531,0.7643596
ARF4,ACH-000531,0.7496338
COX11,ACH-000531,0.77615637
LMNB1,ACH-000531,0.7556817
RPL24,ACH-000531,0.43223467
PPP6R3,ACH-000531,0.7169208
USP39,ACH-000531,0.49173242
PABPC1,ACH-000531,0.59532434
USPL1,ACH-000531,0.53518134
STIL,ACH-000531,0.6983555
G6PD,ACH-000531,0.859499
NRDE2,ACH-000531,0.618936
ZNF574,ACH-000531,0.7536135
PSMD14,ACH-000531,0.49019518
H2AC20,ACH-000531,0.6721904
GARS1,ACH-000531,0.57050633
PCNA,ACH-000531,0.31562772
SDHD,ACH-000531,0.7095654
GNA13,ACH-000531,0.85822946
MYBL2,ACH-000531,0.7565892
EIF1AD,ACH-000531,0.5450258
MRPS6,ACH-000531,0.7411739
ZNF622,ACH-000531,0.7848299
KNL1,ACH-000531,0.6102483
POLR2G,ACH-000531,0.5192549
IRF2BP2,ACH-000531,0.7575093
CEP85,ACH-000531,0.7389624
TUBG1,ACH-000531,0.52421653
ABCF1,ACH-000531,0.6372318
SMC6,ACH-000531,0.6746836
KIF14,ACH-000531,0.7971132
SNRNP25,ACH-000531,0.52699256
SNUPN,ACH-000531,0.61148286
ANAPC1,ACH-000531,0.47571915
GEMIN6,ACH-000531,0.6765737
BRCA1,ACH-000531,0.7104461
FOXK1,ACH-000531,0.7545513
TBCC,ACH-000531,0.6540849
ZNF217,ACH-000531,0.7396165
EIF4E2,ACH-000531,0.7936219
ADNP,ACH-000531,0.8646903
CCDC115,ACH-000531,0.7105728
GART,ACH-000531,0.77356666
MRPS12,ACH-000531,0.70476687
ALG14,ACH-000531,0.63830155
CCT7,ACH-000531,0.5568538
MED31,ACH-000531,0.5762167
PABPN1,ACH-000531,0.51143944
TXN,ACH-000531,0.6757567
SCAF4,ACH-000531,0.78651536
CRNKL1,ACH-000531,0.45299524
FANCI,ACH-000531,0.81328285
COPB2,ACH-000531,0.3083028
JTB,ACH-000531,0.7798146
NDUFAF3,ACH-000531,0.78648597
HEATR1,ACH-000531,0.47092068
PDSS2,ACH-000531,0.7669998
CHORDC1,ACH-000531,0.66056174
EGFR,ACH-000531,0.73790616
PSMC2,ACH-000531,0.48839873
CHD1,ACH-000531,0.7503391
ACTL6A,ACH-000531,0.55696785
BRF2,ACH-000531,0.4747826
PTPN11,ACH-000531,0.72580504
RPS4X,ACH-000531,0.4129043
SRRM1,ACH-000531,0.65755904
BMS1,ACH-000531,0.6405157
ESF1,ACH-000531,0.6822609
NDUFS5,ACH-000531,0.75317407
SLC3A2,ACH-000531,0.7485058
SDHB,ACH-000531,0.7583997
CDC25B,ACH-000531,0.76882297
NAPA,ACH-000531,0.60741156
SLC39A10,ACH-000531,0.70726895
COX7C,ACH-000531,0.7487227
DDB1,ACH-000531,0.5076509
ZRANB2,ACH-000531,0.7318056
U2SURP,ACH-000531,0.5505427
TIMM29,ACH-000531,0.82255274
ESS2,ACH-000531,0.64029884
PSMB4,ACH-000531,0.36364615
TP53RK,ACH-000531,0.6080675
PES1,ACH-000531,0.59365994
UPF1,ACH-000531,0.6087839
PSMC6,ACH-000531,0.46015704
EMSY,ACH-000531,0.7649121
ELAC2,ACH-000531,0.5621246
RRP15,ACH-000531,0.6666554
MARS2,ACH-000531,0.71189773
MRPL23,ACH-000531,0.7164594
PICALM,ACH-000531,0.80722934
TIMM9,ACH-000531,0.76200175
AK2,ACH-000531,0.8173565
DDX3X,ACH-000531,0.6381308
IREB2,ACH-000531,0.7582184
MTHFD1,ACH-000531,0.69823104
PGM3,ACH-000531,0.8041409
LUC7L3,ACH-000531,0.48722193
RPL13,ACH-000531,0.3990146
FOXRED1,ACH-000531,0.81501925
ZC3H10,ACH-000531,0.830774
ADSS2,ACH-000531,0.72556096
GADD45GIP1,ACH-000531,0.73814994
NUS1,ACH-000531,0.5096681
AARS1,ACH-000531,0.43944275
COPE,ACH-000531,0.6343511
SRSF2,ACH-000531,0.36515063
H2BC13,ACH-000531,0.6151413
DNAJC21,ACH-000531,0.8006928
ATP6V1C1,ACH-000531,0.6186861
EPC2,ACH-000531,0.7443219
FURIN,ACH-000531,0.8201499
NOL6,ACH-000531,0.61392415
UTP18,ACH-000531,0.5880649
KPNA2,ACH-000531,0.7661859
EIF4E,ACH-000531,0.5870409
EZH2,ACH-000531,0.81118107
SSRP1,ACH-000531,0.5662908
ERH,ACH-000531,0.38341337
SEC13,ACH-000531,0.5337764
TP53BP1,ACH-000531,0.8094747
GTF3C5,ACH-000531,0.69086015
MED7,ACH-000531,0.6155271
COASY,ACH-000531,0.7534456
VPS16,ACH-000531,0.75903714
DNM1L,ACH-000531,0.7126416
ROCK2,ACH-000531,0.8074046
UBIAD1,ACH-000531,0.7172145
ELP5,ACH-000531,0.63979053
YEATS4,ACH-000531,0.6414046
TRIP13,ACH-000531,0.74458283
ELP4,ACH-000531,0.6810583
NDUFAF6,ACH-000531,0.8279769
RBSN,ACH-000531,0.74831665
RTCB,ACH-000531,0.6968008
ELP3,ACH-000531,0.65315753
HSPA13,ACH-000531,0.7448451
TFDP1,ACH-000531,0.7501098
CDH1,ACH-000531,0.8031347
PDRG1,ACH-000531,0.5024732
TSC2,ACH-000531,0.8202994
COX17,ACH-000531,0.7013838
SDE2,ACH-000531,0.48060477
USP37,ACH-000531,0.6723751
SPCS3,ACH-000531,0.63325465
ATG9A,ACH-000531,0.79866093
RPL12,ACH-000531,0.301681
VPS35,ACH-000531,0.59040964
TUBB,ACH-000531,0.5393408
CEP192,ACH-000531,0.6483835
TPI1,ACH-000531,0.7129287
MRPL34,ACH-000531,0.6966967
SIVA1,ACH-000531,0.775991
PSMB2,ACH-000531,0.43287736
PDCD6IP,ACH-000531,0.74158525
CTR9,ACH-000531,0.61983734
RPS15A,ACH-000531,0.41667378
PRPF38A,ACH-000531,0.39240035
ISCA2,ACH-000531,0.6896317
CENPE,ACH-000531,0.63508797
CLNS1A,ACH-000531,0.5841088
PGS1,ACH-000531,0.70100725
PPIL1,ACH-000531,0.7296964
INTS7,ACH-000531,0.5826398
ACACA,ACH-000531,0.7496412
EIF2S1,ACH-000531,0.48590136
RNH1,ACH-000531,0.7968984
EXOSC8,ACH-000531,0.60434425
WDR82,ACH-000531,0.56034815
HNRNPA1L2,ACH-000531,0.7239836
COX7B,ACH-000531,0.70875466
RPUSD4,ACH-000531,0.7732656
TAF5,ACH-000531,0.66164464
NIPBL,ACH-000531,0.70214355
ACSL3,ACH-000531,0.73627436
SLC7A6OS,ACH-000531,0.6405427
RBM42,ACH-000531,0.69956535
DHX9,ACH-000531,0.58051443
TUBA1C,ACH-000531,0.69809765
THAP1,ACH-000531,0.6017947
GABPA,ACH-000531,0.67378765
GCN1,ACH-000531,0.6799983
CNOT9,ACH-000531,0.6530143
TAF6,ACH-000531,0.5946278
CHD8,ACH-000531,0.7168326
MMS19,ACH-000531,0.6693574
OPA1,ACH-000531,0.727632
DDI2,ACH-000531,0.76275027
PRMT1,ACH-000531,0.57411885
FIS1,ACH-000531,0.7982464
NAA50,ACH-000531,0.4890567
MED12,ACH-000531,0.73494637
GLRX5,ACH-000531,0.7645213
AURKA,ACH-000531,0.5830128
CXXC1,ACH-000531,0.773108
TRPM7,ACH-000531,0.62748134
DHX15,ACH-000531,0.46916628
NDUFS8,ACH-000531,0.76231015
PCF11,ACH-000531,0.6373181
ALG8,ACH-000531,0.7497351
PRPF19,ACH-000531,0.4089007
NCBP1,ACH-000531,0.53350616
DYRK1A,ACH-000531,0.7828381
GOSR2,ACH-000531,0.6052811
UBE2F,ACH-000531,0.8412495
PRMT5,ACH-000531,0.6509139
RPL27A,ACH-000531,0.4440738
SMCHD1,ACH-000531,0.77342534
LTO1,ACH-000531,0.45842943
PELP1,ACH-000531,0.6099827
MED16,ACH-000531,0.74786866
CENPW,ACH-000531,0.5430167
SAE1,ACH-000531,0.60718346
NUDCD3,ACH-000531,0.709733
XPR1,ACH-000531,0.6597245
CENPT,ACH-000531,0.67791826
TERF2,ACH-000531,0.63013375
WARS2,ACH-000531,0.68355584
IRF4,ACH-000531,0.85346407
TFRC,ACH-000531,0.7406535
MIS18BP1,ACH-000531,0.6803875
SNAPC3,ACH-000531,0.53987575
SPDL1,ACH-000531,0.5854395
TAF1C,ACH-000531,0.60308194
ORC4,ACH-000531,0.68436253
MCMBP,ACH-000531,0.7180042
RHOQ,ACH-000531,0.7247474
RPP38,ACH-000531,0.68942785
AP2S1,ACH-000531,0.71643746
RPTOR,ACH-000531,0.6604954
GMPS,ACH-000531,0.6555855
TRAPPC5,ACH-000531,0.69587624
CHP1,ACH-000531,0.7857406
NKAP,ACH-000531,0.61466867
SARS1,ACH-000531,0.28016013
SKIC8,ACH-000531,0.6755439
RAB35,ACH-000531,0.8361927
PIK3CA,ACH-000531,0.75565875
ELOF1,ACH-000531,0.7762751
MRPS18C,ACH-000531,0.75101745
COG3,ACH-000531,0.66047823
SNRNP35,ACH-000531,0.543753
LARS2,ACH-000531,0.7609942
LDB1,ACH-000531,0.79485875
DUT,ACH-000531,0.38537592
ISCA1,ACH-000531,0.7793581
EIF3I,ACH-000531,0.5267941
NELFCD,ACH-000531,0.68339205
SLC4A7,ACH-000531,0.72771454
G3BP1,ACH-000531,0.7872909
EIF2S3,ACH-000531,0.43329751
GATC,ACH-000531,0.79404384
GET4,ACH-000531,0.7885782
ARL2,ACH-000531,0.52468723
CDK8,ACH-000531,0.8081549
JUNB,ACH-000531,0.7686704
DOHH,ACH-000531,0.7632662
RNF20,ACH-000531,0.5879916
ADAT3,ACH-000531,0.71393174
ATP6V1A,ACH-000531,0.5131791
CMTR1,ACH-000531,0.6002747
NEDD8,ACH-000531,0.5465448
PMM2,ACH-000531,0.78110063
SUCO,ACH-000531,0.77271247
GRB2,ACH-000531,0.66022027
NPAT,ACH-000531,0.6088804
ATF4,ACH-000531,0.74438745
GTF3A,ACH-000531,0.5661163
USP7,ACH-000531,0.67204016
MVK,ACH-000531,0.6307759
UBA3,ACH-000531,0.6892513
NSL1,ACH-000531,0.6042725
PTCD3,ACH-000531,0.69336706
ATP6V0E1,ACH-000531,0.83658934
INCENP,ACH-000531,0.5894134
AP2M1,ACH-000531,0.7152169
CTU1,ACH-000531,0.71704656
INTS11,ACH-000531,0.44593477
RUVBL2,ACH-000531,0.48057556
PCID2,ACH-000531,0.6175413
TAF2,ACH-000531,0.66554284
DDX5,ACH-000531,0.61319864
NAPG,ACH-000531,0.6771842
DDX51,ACH-000531,0.6491419
TPX2,ACH-000531,0.5709785
HAUS1,ACH-000531,0.5056585
GPKOW,ACH-000531,0.5704912
RPL19,ACH-000531,0.3897804
USP17L10,ACH-000531,0.74665296
HYOU1,ACH-000531,0.6474007
AURKB,ACH-000531,0.41030285
PFDN4,ACH-000531,0.66638434
FOXA1,ACH-000531,0.81587034
EIF2B5,ACH-000531,0.6177164
POP1,ACH-000531,0.53950083
WDR74,ACH-000531,0.5016498
TM9SF3,ACH-000531,0.78674865
HECTD1,ACH-000531,0.76058924
UTP23,ACH-000531,0.6468667
SSBP1,ACH-000531,0.7433566
CPSF1,ACH-000531,0.58843577
PPP1R8,ACH-000531,0.58844924
PNPT1,ACH-000531,0.68789554
RPS5,ACH-000531,0.5273881
MDM2,ACH-000531,0.73299694
EIF3A,ACH-000531,0.47768465
BIRC5,ACH-000531,0.48873067
KPNB1,ACH-000531,0.44160593
CUL2,ACH-000531,0.6984619
XRN2,ACH-000531,0.6359923
SLC7A5,ACH-000531,0.74168015
PMF1,ACH-000531,0.58561206
VPS4A,ACH-000531,0.7250522
POLR2I,ACH-000531,0.48815587
TRIM37,ACH-000531,0.66714907
PIK3R4,ACH-000531,0.71397614
CENPK,ACH-000531,0.5143446
EIF2B1,ACH-000531,0.695782
PRC1,ACH-000531,0.53154
NDUFA2,ACH-000531,0.7664787
ATR,ACH-000531,0.5591627
PLK4,ACH-000531,0.60635036
IGF1R,ACH-000531,0.72582465
SCO1,ACH-000531,0.7489139
PSMD6,ACH-000531,0.38652992
RRAGC,ACH-000531,0.73076963
SMC3,ACH-000531,0.569127
PARD6B,ACH-000531,0.7348459
TAMM41,ACH-000531,0.71175534
RPS20,ACH-000531,0.33019036
PPP4C,ACH-000531,0.6382519
SSBP3,ACH-000531,0.768309
POLA2,ACH-000531,0.51850176
LUC7L2,ACH-000531,0.7629139
ATP5ME,ACH-000531,0.72825277
SF3A2,ACH-000531,0.5392337
UBE2J2,ACH-000531,0.7541401
DHX37,ACH-000531,0.55003905
NUDC,ACH-000531,0.66856873
AHCTF1,ACH-000531,0.6013832
SRFBP1,ACH-000531,0.61092806
POLE2,ACH-000531,0.5015224
ARFRP1,ACH-000531,0.6413606
SOX9,ACH-000531,0.7423649
MIPEP,ACH-000531,0.7600194
SHOC2,ACH-000531,0.77605003
RFC5,ACH-000531,0.4825007
EAPP,ACH-000531,0.7241709
ERBB2,ACH-000531,0.7939922
NHP2,ACH-000531,0.6814265
TOP2A,ACH-000531,0.46881074
H2BC9,ACH-000531,0.59363544
ZCRB1,ACH-000531,0.7217669
BCL2L1,ACH-000531,0.6190822
NDUFB10,ACH-000531,0.7458068
CHEK1,ACH-000531,0.4793077
BUD31,ACH-000531,0.42584956
DCTN5,ACH-000531,0.5787388
RPL6,ACH-000531,0.3808146
MRPS7,ACH-000531,0.6972648
EIF2B4,ACH-000531,0.5170008
EXOSC2,ACH-000531,0.62373376
BRD4,ACH-000531,0.6788858
ARIH1,ACH-000531,0.61043406
E4F1,ACH-000531,0.7613169
HNF1B,ACH-000531,0.8109096
HSPA5,ACH-000531,0.65808
RPL14,ACH-000531,0.39183328
CLSPN,ACH-000531,0.6365527
ENO1,ACH-000531,0.75890785
MARS1,ACH-000531,0.54148936
SPCS1,ACH-000531,0.7853788
UQCRB,ACH-000531,0.7383268
PEX1,ACH-000531,0.65195775
ECD,ACH-000531,0.44980335
SLC39A7,ACH-000531,0.6153417
ETF1,ACH-000531,0.50578594
DPM1,ACH-000531,0.80268604
SQLE,ACH-000531,0.7816242
THOC7,ACH-000531,0.60717595
RPL10A,ACH-000531,0.47255558
DDX28,ACH-000531,0.74880445
SNRPD3,ACH-000531,-0.009957254
ALG12,ACH-000531,0.81322825
GPI,ACH-000531,0.7535768
ORC5,ACH-000531,0.71631336
TFAP4,ACH-000531,0.71837485
CBFB,ACH-000531,0.78859437
SLC33A1,ACH-000531,0.75087893
HAUS5,ACH-000531,0.6763538
GEMIN2,ACH-000531,0.65926075
STT3A,ACH-000531,0.7812499
MBTPS1,ACH-000531,0.7547134
NDUFB11,ACH-000531,0.7740203
NUP155,ACH-000531,0.5690218
STX4,ACH-000531,0.79928654
CHMP4B,ACH-000531,0.61017954
SLX9,ACH-000531,0.77402973
COPS4,ACH-000531,0.63471174
MRPL47,ACH-000531,0.76692176
SYVN1,ACH-000531,0.7337695
TAF1,ACH-000531,0.69828224
TRIAP1,ACH-000531,0.66044074
DDX23,ACH-000531,0.62739146
DNAAF5,ACH-000531,0.81830984
ERBB3,ACH-000531,0.75666595
NIFK,ACH-000531,0.5194307
TOMM22,ACH-000531,0.7746343
USP18,ACH-000531,0.73280585
RBBP5,ACH-000531,0.59891415
NARS1,ACH-000531,0.5491928
UBA1,ACH-000531,0.4513245
RBM25,ACH-000531,0.50907207
SEC61B,ACH-000531,0.70859385
SHQ1,ACH-000531,0.6728023
TAOK1,ACH-000531,0.87356746
GINS2,ACH-000531,0.4456465
PIK3C3,ACH-000531,0.71722376
PSMA5,ACH-000531,0.4909313
TSEN34,ACH-000531,0.7064739
DDX49,ACH-000531,0.4977736
TTC7A,ACH-000531,0.7669094
YJU2,ACH-000531,0.46575838
PGP,ACH-000531,0.7672811
RRP9,ACH-000531,0.6577427
ZW10,ACH-000531,0.67656326
MT2A,ACH-000531,0.74722576
ACTR5,ACH-000531,0.7775135
GEMIN5,ACH-000531,0.54398453
MLST8,ACH-000531,0.6931342
YARS1,ACH-000531,0.4550881
ICMT,ACH-000531,0.755023
DDX18,ACH-000531,0.47423446
TUBA1B,ACH-000531,0.61193097
EXOC8,ACH-000531,0.8064053
SASS6,ACH-000531,0.6732515
PDCD7,ACH-000531,0.6522516
LIAS,ACH-000531,0.73330486
MED28,ACH-000531,0.567207
NOL8,ACH-000531,0.64263046
CDC40,ACH-000531,0.6267216
TPR,ACH-000531,0.57843506
NUDT21,ACH-000531,0.43389255
UBE2N,ACH-000531,0.59076566
MFN2,ACH-000531,0.6660166
PRPF8,ACH-000531,0.38472942
ZMYND8,ACH-000531,0.7578193
MRE11,ACH-000531,0.7515431
CCNK,ACH-000531,0.5119406
RHOA,ACH-000531,0.7161922
SUDS3,ACH-000531,0.7066767
DCTN2,ACH-000531,0.618322
METAP1,ACH-000531,0.6350412
EIF4A1,ACH-000531,0.5611723
EXOSC3,ACH-000531,0.5555633
ATP6AP2,ACH-000531,0.7161975
MRGBP,ACH-000531,0.66801935
NPEPPS,ACH-000531,0.71379167
SOX2,ACH-000531,0.79284227
PPP6C,ACH-000531,0.75803137
VRK1,ACH-000531,0.7283926
IMP3,ACH-000531,0.61368024
LIPT1,ACH-000531,0.78162396
PTEN,ACH-000531,0.8395015
SLC38A2,ACH-000531,0.7415683
GTF3C6,ACH-000531,0.7798203
CRK,ACH-000531,0.73720896
RPLP1,ACH-000531,0.51243114
MIS12,ACH-000531,0.5976077
PDCD5,ACH-000531,0.68533915
NDUFS7,ACH-000531,0.76811016
CLPB,ACH-000531,0.7969338
XRCC3,ACH-000531,0.7541487
NOA1,ACH-000531,0.7916207
FZR1,ACH-000531,0.8048024
ZNF207,ACH-000531,0.48983243
TIMM22,ACH-000531,0.7876373
TBCD,ACH-000531,0.6293895
RUNX1,ACH-000531,0.82702637
PSMD11,ACH-000531,0.47400856
SNRPD1,ACH-000531,0.27834725
MRPL16,ACH-000531,0.7458695
ORC6,ACH-000531,0.5317669
SIAH1,ACH-000531,0.8033356
RAD17,ACH-000531,0.703379
DICER1,ACH-000531,0.7196426
RTRAF,ACH-000531,0.72862566
NFE2L2,ACH-000531,0.80992085
MMS22L,ACH-000531,0.53435785
FOXM1,ACH-000531,0.7644422
ABCB7,ACH-000531,0.5436851
RPL7L1,ACH-000531,0.50239956
UTP20,ACH-000531,0.56758785
KIN,ACH-000531,0.5692539
PPP1R10,ACH-000531,0.56110525
NDUFA10,ACH-000531,0.7761998
KIF11,ACH-000531,0.37828797
RNF168,ACH-000531,0.7140658
TAF5L,ACH-000531,0.78954494
TANGO6,ACH-000531,0.5604253
BDP1,ACH-000531,0.65349686
PFN1,ACH-000531,0.6686132
DDX39B,ACH-000531,0.6592374
YRDC,ACH-000531,0.64665866
CNOT11,ACH-000531,0.8212982
MAD2L1,ACH-000531,0.53176
TIPARP,ACH-000531,0.7982289
SMG7,ACH-000531,0.76754326
TNPO3,ACH-000531,0.6001973
MRPL51,ACH-000531,0.7634195
RPA2,ACH-000531,0.44761327
PSMG2,ACH-000531,0.67410934
EEF2,ACH-000531,0.41188437
UTP4,ACH-000531,0.5019402
UFD1,ACH-000531,0.57526726
CEPT1,ACH-000531,0.73945934
SEC63,ACH-000531,0.7620821
TGFBR1,ACH-000531,0.84290355
USP14,ACH-000531,0.7939904
ABT1,ACH-000531,0.6050345
VPS45,ACH-000531,0.75495577
SAP130,ACH-000531,0.7486295
SMARCD1,ACH-000531,0.7305675
H2AC17,ACH-000531,0.5821606
DLG5,ACH-000531,0.74370074
GPS1,ACH-000531,0.62516224
UAP1,ACH-000531,0.778857
NUP62,ACH-000531,0.6766596
ATP5MF,ACH-000531,0.6780815
GIGYF2,ACH-000531,0.76964146
CYC1,ACH-000531,0.74472094
GFM1,ACH-000531,0.721892
C1QBP,ACH-000531,0.7460525
NUMA1,ACH-000531,0.7340467
XPO1,ACH-000531,0.4512568
FANCA,ACH-000531,0.7435642
RUVBL1,ACH-000531,0.4805349
ANAPC10,ACH-000531,0.4873548
MYC,ACH-000531,0.5668701
POLR1H,ACH-000531,0.63025105
HDAC3,ACH-000531,0.6453363
DPF2,ACH-000531,0.77973783
PTBP1,ACH-000531,0.75299513
NAA35,ACH-000531,0.7305108
FBXO5,ACH-000531,0.55528903
TUBD1,ACH-000531,0.8171668
RPS18,ACH-000531,0.40225855
RCC1L,ACH-000531,0.75255877
FERMT1,ACH-000531,0.7965472
NELFA,ACH-000531,0.6496567
MED10,ACH-000531,0.684538
PRELID1,ACH-000531,0.42821825
CDC23,ACH-000531,0.41254684
RPL8,ACH-000531,0.39272657
CNIH4,ACH-000531,0.73277575
GAK,ACH-000531,0.7555163
DCTN6,ACH-000531,0.5053164
SHC1,ACH-000531,0.7999133
UBE2M,ACH-000531,0.64839786
SON,ACH-000531,0.59083056
RRP7A,ACH-000531,0.6947037
MAK16,ACH-000531,0.48847142
EIF3H,ACH-000531,0.66556853
GRK2,ACH-000531,0.7098413
OST4,ACH-000531,0.71645397
HTRA2,ACH-000531,0.80565
VCP,ACH-000531,0.43234694
SRSF6,ACH-000531,0.7556236
MRPL20,ACH-000531,0.76458126
NOL9,ACH-000531,0.6275783
MED11,ACH-000531,0.4553067
CARS2,ACH-000531,0.69517386
NDOR1,ACH-000531,0.73353195
TRAPPC3,ACH-000531,0.5105971
EP400,ACH-000531,0.6158415
SUPT7L,ACH-000531,0.8245378
CENPA,ACH-000531,0.6709693
DAP3,ACH-000531,0.7218343
COQ2,ACH-000531,0.7301689
RPS12,ACH-000531,0.44429827
GTPBP4,ACH-000531,0.5229991
LCMT1,ACH-000531,0.7515987
KCMF1,ACH-000531,0.64661926
CDH2,ACH-000531,0.8045516
INTS12,ACH-000531,0.70071274
METAP2,ACH-000531,0.60992825
PRPF6,ACH-000531,0.5626888
GLRX3,ACH-000531,0.756121
SURF4,ACH-000531,0.8352387
RPAP2,ACH-000531,0.61408055
CPOX,ACH-000531,0.8009765
TEN1,ACH-000531,0.71843773
RPIA,ACH-000531,0.8096523
CNOT3,ACH-000531,0.51309085
YKT6,ACH-000531,0.50419366
DCAF15,ACH-000531,0.75971115
PSMD8,ACH-000531,0.6726174
XYLT2,ACH-000531,0.74819845
KIF4A,ACH-000531,0.6443113
HNRNPU,ACH-000531,0.61688805
GPX4,ACH-000531,0.6779542
ATMIN,ACH-000531,0.7473096
NCAPG,ACH-000531,0.5504228
CDC37,ACH-000531,0.69134694
GNPNAT1,ACH-000531,0.80860436
ATP5PB,ACH-000531,0.71901554
FIP1L1,ACH-000531,0.62471783
DDX20,ACH-000531,0.5674813
LSM2,ACH-000531,0.40171674
ATP6V1H,ACH-000531,0.6681505
PSMA3,ACH-000531,0.3562223
THAP11,ACH-000531,0.78240323
CSTF2,ACH-000531,0.7928648
RPRD2,ACH-000531,0.75011885
KHSRP,ACH-000531,0.7783277
VMA21,ACH-000531,0.803404
WTAP,ACH-000531,0.6519089
LDLR,ACH-000531,0.8416387
SUPT5H,ACH-000531,0.53931427
BNIP1,ACH-000531,0.71789175
MASTL,ACH-000531,0.5645455
FKBP1A,ACH-000531,0.7328465
GNL3,ACH-000531,0.5791949
RCC1,ACH-000531,0.5260963
RPS19,ACH-000531,0.2850371
CDK2,ACH-000531,0.67430365
JUN,ACH-000531,0.7305678
GOLGA7,ACH-000531,0.8300606
CDKN1A,ACH-000531,0.8438914
KIRREL1,ACH-000531,0.86049783
MTG2,ACH-000531,0.7624666
SNRPF,ACH-000531,0.18008849
VARS1,ACH-000531,0.45610535
METTL1,ACH-000531,0.7404928
EIF3F,ACH-000531,0.5721872
RPL37,ACH-000531,0.48049182
PMPCB,ACH-000531,0.5473565
PSMD7,ACH-000531,0.48978382
TTF2,ACH-000531,0.69110584
CIT,ACH-000531,0.759922
SETD2,ACH-000531,0.74568206
EMC3,ACH-000531,0.68914306
CAD,ACH-000531,0.7818073
U2AF1,ACH-000531,0.502278
URB1,ACH-000531,0.6217986
MCM3,ACH-000531,0.6174844
SUPV3L1,ACH-000531,0.66927505
UBE2D3,ACH-000531,0.6557778
NMT1,ACH-000531,0.7469706
MCM4,ACH-000531,0.56054986
GET3,ACH-000531,0.7485194
MRPL44,ACH-000531,0.71354204
SCAP,ACH-000531,0.666257
RAB6A,ACH-000531,0.77174824
FNTA,ACH-000531,0.62084985
ATP6V0D1,ACH-000531,0.5948849
PHF12,ACH-000531,0.7003881
SF3B3,ACH-000531,0.34344387
MRM3,ACH-000531,0.81894577
WRN,ACH-000531,0.76913524
TRRAP,ACH-000531,0.5923041
SARS2,ACH-000531,0.7086116
NOP14,ACH-000531,0.5985213
TRAPPC8,ACH-000531,0.614401
ACIN1,ACH-000531,0.6801454
ANAPC5,ACH-000531,0.55092615
NOL10,ACH-000531,0.555881
CCND2,ACH-000531,0.7741002
RFC2,ACH-000531,0.5114223
DOT1L,ACH-000531,0.79790646
URI1,ACH-000531,0.40099496
MED30,ACH-000531,0.47565138
DDX10,ACH-000531,0.562673
SNU13,ACH-000531,0.35831094
STK40,ACH-000531,0.8159047
DNAJC19,ACH-000531,0.7266001
ANAPC15,ACH-000531,0.6448282
RPA3,ACH-000531,0.39843348
ELOA,ACH-000531,0.78425235
DDOST,ACH-000531,0.59608305
UBXN4,ACH-000531,0.8782019
RNF8,ACH-000531,0.67135316
GTF3C1,ACH-000531,0.63721335
BUB1B,ACH-000531,0.59388244
TFAP2A,ACH-000531,0.77525127
SMC4,ACH-000531,0.49087915
TPT1,ACH-000531,0.65045404
PPIL4,ACH-000531,0.6491797
CENPC,ACH-000531,0.6634903
MED17,ACH-000531,0.57497895
ZNF131,ACH-000531,0.6459433
TNPO1,ACH-000531,0.78514266
PDE12,ACH-000531,0.7406973
NUP85,ACH-000531,0.5358993
ATP5MG,ACH-000531,0.7365168
ARHGEF7,ACH-000531,0.7902732
DERL2,ACH-000531,0.70095176
USP9X,ACH-000531,0.7323549
PITRM1,ACH-000531,0.74321127
NDUFC1,ACH-000531,0.7830494
DYNC1H1,ACH-000531,0.5485594
FARSB,ACH-000531,0.5095422
NDUFB7,ACH-000531,0.75467074
MZT1,ACH-000531,0.5652472
EIF2AK4,ACH-000531,0.7996839
TBL3,ACH-000531,0.6006539
RAB18,ACH-000531,0.7743478
UBE3D,ACH-000531,0.7972336
RPS9,ACH-000531,0.53805697
UFSP2,ACH-000531,0.81450284
PSMA1,ACH-000531,0.43017036
RABGGTB,ACH-000531,0.4921661
GSPT1,ACH-000531,0.4837764
RBM17,ACH-000531,0.5846485
EIF3M,ACH-000531,0.5842111
EBNA1BP2,ACH-000531,0.6640477
UTP15,ACH-000531,0.48377916
GLS,ACH-000531,0.76135886
PTCD1,ACH-000531,0.7461382
CDCA8,ACH-000531,0.5191387
PCGF1,ACH-000531,0.84385526
EIF3E,ACH-000531,0.5530261
PPA2,ACH-000531,0.816943
GINS3,ACH-000531,0.5689392
DDX27,ACH-000531,0.61651886
GBF1,ACH-000531,0.6039452
POLR3E,ACH-000531,0.6250361
MED8,ACH-000531,0.6183286
ACTB,ACH-000531,0.67161155
MRPL22,ACH-000531,0.6676599
DPH5,ACH-000531,0.83060044
MCM6,ACH-000531,0.5467678
POLR3A,ACH-000531,0.34671947
WASHC3,ACH-000531,0.7427585
ANAPC4,ACH-000531,0.5604707
VBP1,ACH-000531,0.6420357
KIDINS220,ACH-000531,0.8074615
RPP21,ACH-000531,0.62309885
NDUFC2,ACH-000531,0.7817913
TUBGCP4,ACH-000531,0.5547971
YEATS2,ACH-000531,0.7577193
RPA1,ACH-000531,0.36529362
RPS24,ACH-000531,0.49870408
MTCH2,ACH-000531,0.7534139
TRAIP,ACH-000531,0.7419853
COG7,ACH-000531,0.7648448
PPP2R2A,ACH-000531,0.8023805
EFL1,ACH-000531,0.6109422
CDIPT,ACH-000531,0.7612415
METTL14,ACH-000531,0.69046354
PSMD12,ACH-000531,0.4554154
IRF2,ACH-000531,0.802369
TOMM70,ACH-000531,0.80349773
PAM16,ACH-000531,0.54262626
TBL1XR1,ACH-000531,0.7032727
UBE2Q1,ACH-000531,0.76413155
CUL3,ACH-000531,0.70497113
NXF1,ACH-000531,0.5743718
TINF2,ACH-000531,0.59071445
SYS1,ACH-000531,0.66988146
HNRNPM,ACH-000531,0.6397513
SMC2,ACH-000531,0.5538962
DDX52,ACH-000531,0.68388546
EEF2KMT,ACH-000531,0.7534938
FNTB,ACH-000531,0.7001088
PTK2,ACH-000531,0.75050145
RPL26,ACH-000531,0.44366515
RINT1,ACH-000531,0.57943
IPO5,ACH-000531,0.8015586
NSF,ACH-000531,0.3941854
MRPS30,ACH-000531,0.7124427
DSN1,ACH-000531,0.62710905
LRR1,ACH-000531,0.4672404
OXA1L,ACH-000531,0.6777071
PSMD13,ACH-000531,0.618999
IER3IP1,ACH-000531,0.778618
POLE3,ACH-000531,0.7523446
THOC5,ACH-000531,0.6083889
TONSL,ACH-000531,0.48301834
SNIP1,ACH-000531,0.6973077
TIPRL,ACH-000531,0.7221678
PFAS,ACH-000531,0.753343
SLC30A9,ACH-000531,0.74490327
MRPS24,ACH-000531,0.711577
FOSL1,ACH-000531,0.73885995
RPL18A,ACH-000531,0.33910647
STRAP,ACH-000531,0.62718105
SENP6,ACH-000531,0.59056664
CCNC,ACH-000531,0.7844211
LSM7,ACH-000531,0.45845562
SMARCA4,ACH-000531,0.7710377
KMT2A,ACH-000531,0.79943645
KIF18A,ACH-000531,0.5582325
MCL1,ACH-000531,0.6149975
BCL6,ACH-000531,0.7619006
PIK3R1,ACH-000531,0.74919486
POMP,ACH-000531,0.6385422
PPP1R11,ACH-000531,0.5952358
BOP1,ACH-000531,0.55336994
LIG1,ACH-000531,0.77798915
PPM1G,ACH-000531,0.7470626
PPIA,ACH-000531,0.6216176
TADA2B,ACH-000531,0.8228976
NVL,ACH-000531,0.5430684
CIAO2A,ACH-000531,0.76859
RNGTT,ACH-000531,0.44761723
RANBP3,ACH-000531,0.7349143
PFDN2,ACH-000531,0.4660674
CARM1,ACH-000531,0.7594199
CDC16,ACH-000531,0.36381707
SPATA31A6,ACH-000531,0.6707094
PDE4DIP,ACH-000531,0.7494149
RPP25L,ACH-000531,0.70520127
POLE,ACH-000531,0.53079027
RPL35,ACH-000531,0.49804515
SOD1,ACH-000531,0.6033862
XAB2,ACH-000531,0.3779348
UBL5,ACH-000531,0.36619067
ZFP36L2,ACH-000531,0.7946502
TSEN54,ACH-000531,0.6052935
GATA3,ACH-000531,0.830329
HSF1,ACH-000531,0.8307802
RPS21,ACH-000531,0.53753674
COG8,ACH-000531,0.68260634
ANLN,ACH-000531,0.7160943
REV3L,ACH-000531,0.6870575
RRS1,ACH-000531,0.5649183
RPL23A,ACH-000531,0.4522755
PAFAH1B1,ACH-000531,0.37094596
QARS1,ACH-000531,0.5753797
DNLZ,ACH-000531,0.6829949
HIRA,ACH-000531,0.6925006
NDUFAF4,ACH-000531,0.7281568
RABIF,ACH-000531,0.8293607
RBBP8,ACH-000531,0.6661617
ACTR6,ACH-000531,0.6924988
CDK13,ACH-000531,0.7582811
RABGGTA,ACH-000531,0.5932713
ARMC5,ACH-000531,0.5908397
IPO13,ACH-000531,0.5731131
ARF6,ACH-000531,0.79512495
MAPK14,ACH-000531,0.7544322
APC,ACH-000531,0.746956
NDUFA6,ACH-000531,0.7567233
RCL1,ACH-000531,0.6375998
BCS1L,ACH-000531,0.74446
GNB1L,ACH-000531,0.6732969
PSMB7,ACH-000531,0.5267469
RPS29,ACH-000531,0.3203868
SPC25,ACH-000531,0.5361041
RAD51,ACH-000531,0.5653465
ATP5F1B,ACH-000531,0.72869974
COPS5,ACH-000531,0.5170424
EXOSC7,ACH-000531,0.6378505
RSL1D1,ACH-000531,0.5552887
EIF5AL1,ACH-000531,0.74712
POLR3D,ACH-000531,0.6491649
MTPAP,ACH-000531,0.73561364
DYNLL1,ACH-000531,0.7054763
PSMC1,ACH-000531,0.5318248
TAPT1,ACH-000531,0.8031269
SLC16A1,ACH-000531,0.7948824
RBM10,ACH-000531,0.7363348
RAF1,ACH-000531,0.75659585
RAD51C,ACH-000531,0.6827282
SUPT6H,ACH-000531,0.4753704
SNAPC2,ACH-000531,0.5628741
MAD2L2,ACH-000531,0.5906493
RBM22,ACH-000531,0.51810825
SMG6,ACH-000531,0.5906298
KIF2C,ACH-000531,0.7498288
PUF60,ACH-000531,0.30872628
SPTLC2,ACH-000531,0.8144314
ZMAT5,ACH-000531,0.7149743
NDUFS1,ACH-000531,0.79251456
SAMM50,ACH-000531,0.7157359
HSPA8,ACH-000531,0.63260764
CDS2,ACH-000531,0.75641775
NOP58,ACH-000531,0.5052224
RACK1,ACH-000531,0.4694223
ATP6V1D,ACH-000531,0.6462199
NAE1,ACH-000531,0.6941256
LAMTOR4,ACH-000531,0.7356271
RBMX,ACH-000531,0.44509566
PGD,ACH-000531,0.7193421
SYNCRIP,ACH-000531,0.7864846
UGP2,ACH-000531,0.7672925
LYRM4,ACH-000531,0.6241671
POP7,ACH-000531,0.7483437
MRPL57,ACH-000531,0.7311794
MAT2A,ACH-000531,0.56302583
ICE2,ACH-000531,0.69149244
CHMP7,ACH-000531,0.7414839
RPN2,ACH-000531,0.68381554
MRPL32,ACH-000531,0.73242044
TYMS,ACH-000531,0.6677854
H2AX,ACH-000531,0.67156625
TEAD1,ACH-000531,0.7765135
GABPB1,ACH-000531,0.70504785
CCNH,ACH-000531,0.59658694
EIF3J,ACH-000531,0.75645053
RPF2,ACH-000531,0.5443962
RNF4,ACH-000531,0.6801334
DHFR,ACH-000531,0.6662384
KIF20A,ACH-000531,0.7314215
RPL30,ACH-000531,0.4945269
COX5A,ACH-000531,0.7131721
SCFD1,ACH-000531,0.5576247
RPS11,ACH-000531,0.3209517
PARD3,ACH-000531,0.8281984
HARS1,ACH-000531,0.5727588
MDM4,ACH-000531,0.74144685
RIC8A,ACH-000531,0.8414077
PSMB6,ACH-000531,0.4484464
ZFX,ACH-000531,0.7682625
PDCD11,ACH-000531,0.62935257
RPL22L1,ACH-000531,0.72188145
MRPL24,ACH-000531,0.72800636
TARS2,ACH-000531,0.74310005
TTC4,ACH-000531,0.77177286
NDUFV2,ACH-000531,0.8189803
MEMO1,ACH-000531,0.636107
PSMA6,ACH-000531,0.29190618
RRN3,ACH-000531,0.45994705
DDX21,ACH-000531,0.6023296
HNRNPK,ACH-000531,0.30568534
TRMT112,ACH-000531,0.46166402
FLCN,ACH-000531,0.79824245
FAM32A,ACH-000531,0.6821209
MNT,ACH-000531,0.7882634
CKS1B,ACH-000531,0.68605447
RPL3,ACH-000531,0.29318306
NDUFA11,ACH-000531,0.7680952
DAXX,ACH-000531,0.7407391
MRPL9,ACH-000531,0.7175063
RAB7A,ACH-000531,0.6970545
FBL,ACH-000531,0.58159494
BRPF1,ACH-000531,0.80540705
SOCS3,ACH-000531,0.7990956
TARDBP,ACH-000531,0.6662197
COG5,ACH-000531,0.7689983
RNF7,ACH-000531,0.77053094
HINFP,ACH-000531,0.51763785
POC1A,ACH-000531,0.7581114
UQCRFS1,ACH-000531,0.7537179
SKA3,ACH-000531,0.6498561
PTPN1,ACH-000531,0.7479727
CTC1,ACH-000531,0.7133582
HAUS4,ACH-000531,0.5905343
PRKRA,ACH-000531,0.67786634
FBXO11,ACH-000531,0.74021333
TADA3,ACH-000531,0.8109813
ASCL1,ACH-000531,0.8075876
KIF23,ACH-000531,0.5121783
AHR,ACH-000531,0.8056577
EIF2B2,ACH-000531,0.57919204
HEATR3,ACH-000531,0.7576213
PPP1CB,ACH-000531,0.6199124
SRP9,ACH-000531,0.6169349
NCAPG2,ACH-000531,0.6515504
NUBP1,ACH-000531,0.6233117
RPP30,ACH-000531,0.60985947
SMARCA2,ACH-000531,0.72300255
WDR75,ACH-000531,0.5200386
TOP3A,ACH-000531,0.59046125
PPCS,ACH-000531,0.7644397
YARS2,ACH-000531,0.6669097
EIF1AX,ACH-000531,0.427367
SMC1A,ACH-000531,0.5370096
HCFC1,ACH-000531,0.51722616
RNASEH2A,ACH-000531,0.80340517
CINP,ACH-000531,0.62899494
SERBP1,ACH-000531,0.7148725
COA5,ACH-000531,0.76937544
WNK1,ACH-000531,0.7089606
AFG3L2,ACH-000531,0.588725
CCNB1,ACH-000531,0.6891221
NDUFB6,ACH-000531,0.7612341
RNMT,ACH-000531,0.6198989
TMEM41B,ACH-000531,0.7147547
UBAP1,ACH-000531,0.62876034
PTPN23,ACH-000531,0.6481623
RPL38,ACH-000531,0.52235484
NCAPD2,ACH-000531,0.5487799
TP53,ACH-000531,0.89097077
TIMM8A,ACH-000531,0.7345897
TRNAU1AP,ACH-000531,0.801741
PPAN,ACH-000531,0.5956607
DPH3,ACH-000531,0.64299273
PPP1R2,ACH-000531,0.65044177
IFITM3,ACH-000531,0.47254807
CDCA3,ACH-000531,0.80877376
MRPL58,ACH-000531,0.7417473
BCAR1,ACH-000531,0.73447937
PXN,ACH-000531,0.74362487
MUC20,ACH-000531,0.80416584
RBBP6,ACH-000531,0.58106124
MFAP1,ACH-000531,0.438358
RPL11,ACH-000531,0.37211853
ITPK1,ACH-000531,0.8032017
RPL31,ACH-000531,0.36568168
ANAPC2,ACH-000531,0.62820804
NDUFB8,ACH-000531,0.77009505
ARNT,ACH-000531,0.8779531
ATXN7L3,ACH-000531,0.8201112
PTAR1,ACH-000531,0.76093626
COP1,ACH-000531,0.7738642
GNL3L,ACH-000531,0.6307976
MRPL35,ACH-000531,0.68651044
PPIL2,ACH-000531,0.48123902
SSB,ACH-000531,0.65648496
LEMD2,ACH-000531,0.8089916
NOP16,ACH-000531,0.5458573
DHPS,ACH-000531,0.65016305
TRIR,ACH-000531,0.8183573
INTS5,ACH-000531,0.60203385
CTNNBL1,ACH-000531,0.7606587
GTF3C3,ACH-000531,0.6390877
FUBP1,ACH-000531,0.76724255
CHMP6,ACH-000531,0.5320107
DCPS,ACH-000531,0.8498665
COX18,ACH-000531,0.776047
VPS4B,ACH-000531,0.75759023
SNF8,ACH-000531,0.61502737
TARS1,ACH-000531,0.444876
YWHAE,ACH-000531,0.723947
PPWD1,ACH-000531,0.52989876
HNRNPC,ACH-000531,0.6418315
HGS,ACH-000531,0.6662476
POT1,ACH-000531,0.7351116
RNPS1,ACH-000531,0.61745715
UBR4,ACH-000531,0.5736426
DHX36,ACH-000531,0.67689806
CNOT2,ACH-000531,0.6901382
SDAD1,ACH-000531,0.59929883
DOCK5,ACH-000531,0.7858592
POLR2E,ACH-000531,0.5189289
INTS10,ACH-000531,0.6762737
PRPF40A,ACH-000531,0.6049762
ACLY,ACH-000531,0.7935828
POLR3B,ACH-000531,0.3866305
SUPT16H,ACH-000531,0.4227608
EIF4A3,ACH-000531,0.3475287
MAX,ACH-000531,0.68049276
CIAO1,ACH-000531,0.5690087
AHCYL1,ACH-000531,0.68724453
COX6A1,ACH-000531,0.70895755
FARSA,ACH-000531,0.61221075
INO80,ACH-000531,0.6257725
INTS13,ACH-000531,0.6965019
TFAM,ACH-000531,0.7261976
ALDH18A1,ACH-000531,0.78990865
RPL9,ACH-000531,0.38804805
TIPIN,ACH-000531,0.69353116
MRM2,ACH-000531,0.744005
SRSF1,ACH-000531,0.492439
KEAP1,ACH-000531,0.8242197
LIN54,ACH-000531,0.711005
DNAJC17,ACH-000531,0.5775049
SRSF11,ACH-000531,0.6479907
RPRD1B,ACH-000531,0.7699928
KDM8,ACH-000531,0.68386006
LARP7,ACH-000531,0.7962631
PDCL,ACH-000531,0.6979087
FBXO7,ACH-000531,0.8385778
UBA2,ACH-000531,0.5961795
CCAR1,ACH-000531,0.6903228
CASC3,ACH-000531,0.7423936
NAA25,ACH-000531,0.5997241
RBBP4,ACH-000531,0.6036922
INTS6,ACH-000531,0.61105037
KDM2A,ACH-000531,0.7480886
RAC1,ACH-000531,0.70988935
GOLGA8R,ACH-000531,0.67710245
HAUS7,ACH-000531,0.56945467
ESPL1,ACH-000531,0.41490477
KNTC1,ACH-000531,0.7768729
MED25,ACH-000531,0.71845007
PSMD1,ACH-000531,0.5174029
CFAP298,ACH-000531,0.5565146
DARS1,ACH-000531,0.4071048
MRPL10,ACH-000531,0.753775
NCL,ACH-000531,0.6157061
THOC1,ACH-000531,0.5931927
EED,ACH-000531,0.8165898
MRPS34,ACH-000531,0.7277241
TGIF1,ACH-000531,0.754111
NSA2,ACH-000531,0.56625485
MRPS27,ACH-000531,0.7184261
UROD,ACH-000531,0.6491203
TICRR,ACH-000531,0.5399618
USP8,ACH-000531,0.7051522
CENPN,ACH-000531,0.59143436
MYH9,ACH-000531,0.7988046
PSMB3,ACH-000531,0.33403736
NUP153,ACH-000531,0.68041384
NDUFA9,ACH-000531,0.77376074
PRPF3,ACH-000531,0.65326166
CNOT1,ACH-000531,0.5270237
VCPIP1,ACH-000531,0.82050455
COPA,ACH-000531,0.3665422
ATP6V1G1,ACH-000531,0.6636946
USP1,ACH-000531,0.7488882
RPS7,ACH-000531,0.5394554
SMNDC1,ACH-000531,0.58908534
EIF4G2,ACH-000531,0.6869563
RPS14,ACH-000531,0.43331528
TIMM10,ACH-000531,0.7412592
TSR2,ACH-000531,0.50024927
XRCC6,ACH-000531,0.44632584
CIAO3,ACH-000531,0.52445006
YAP1,ACH-000531,0.7372887
SBDS,ACH-000531,0.41806462
COA6,ACH-000531,0.7457004
SUGP1,ACH-000531,0.70745826
KANSL3,ACH-000531,0.535676
KDM5C,ACH-000531,0.79777586
RBX1,ACH-000531,0.55868113
COG1,ACH-000531,0.5996072
NDUFB2,ACH-000531,0.7698947
CRLS1,ACH-000531,0.78631216
HS6ST1,ACH-000531,0.76479566
LETM1,ACH-000531,0.6909183
NOP10,ACH-000531,0.67321104
GEMIN7,ACH-000531,0.67342854
SEC16A,ACH-000531,0.74256504
ITGB1,ACH-000531,0.8206466
CFAP20,ACH-000531,0.73631275
NSMCE4A,ACH-000531,0.75200737
NDUFB9,ACH-000531,0.75572586
NBAS,ACH-000531,0.72258615
SLC20A1,ACH-000531,0.764888
PTDSS1,ACH-000531,0.74560577
UBA6,ACH-000531,0.72814626
POLE4,ACH-000531,0.82293373
RBM12,ACH-000531,0.81978357
PSMA4,ACH-000531,0.5238316
STK11,ACH-000531,0.8078689
SLC25A26,ACH-000531,0.7221714
NAA15,ACH-000531,0.572433
SMC5,ACH-000531,0.6634568
VMP1,ACH-000531,0.676402
CLASRP,ACH-000531,0.78038394
CDC5L,ACH-000531,0.49088514
POLR2C,ACH-000531,0.46082592
TMEM165,ACH-000531,0.7321485
NUP98,ACH-000531,0.6030302
KRI1,ACH-000531,0.61385024
MOCS3,ACH-000531,0.6865601
PUM1,ACH-000531,0.7412963
LMNA,ACH-000531,0.7171346
COQ7,ACH-000531,0.77369374
SCO2,ACH-000531,0.8023706
RPS3,ACH-000531,0.4005493
DDX42,ACH-000531,0.6461588
OTUD5,ACH-000531,0.7808582
PNN,ACH-000531,0.59289074
UBA5,ACH-000531,0.70970666
NUP58,ACH-000531,0.6437157
UTP3,ACH-000531,0.6807022
TENT4B,ACH-000531,0.76941234
FDFT1,ACH-000531,0.8775976
RPL37A,ACH-000531,0.4425108
PAGR1,ACH-000531,0.7935494
TDP2,ACH-000531,0.77203846
SACM1L,ACH-000531,0.5908121
DHX8,ACH-000531,0.52056783
DIDO1,ACH-000531,0.72340417
UBE2C,ACH-000531,0.6648609
CENATAC,ACH-000531,0.62945354
HNRNPH1,ACH-000531,0.6338128
THG1L,ACH-000531,0.6614508
RPS23,ACH-000531,0.40832224
NARS2,ACH-000531,0.8088278
ARF1,ACH-000531,0.72263426
WDR5,ACH-000531,0.5880304
NPLOC4,ACH-000531,0.5662419
CDK12,ACH-000531,0.6775751
PSMA7,ACH-000531,0.33910784
SEC61A1,ACH-000531,0.43034548
RPS17,ACH-000531,0.46704414
PDHA1,ACH-000531,0.79506415
CREBBP,ACH-000531,0.78804255
PRDX1,ACH-000531,0.80411124
ATP6V0C,ACH-000531,0.40779
EXT1,ACH-000531,0.7657475
TTK,ACH-000531,0.6472894
TRUB2,ACH-000531,0.7795733
MRPL13,ACH-000531,0.7931242
SH3GL1,ACH-000531,0.804423
GRSF1,ACH-000531,0.7845299
ARPC3,ACH-000531,0.74227273
PPM1D,ACH-000531,0.76754975
TRAPPC4,ACH-000531,0.6642882
SEC61G,ACH-000531,0.576463
THOC3,ACH-000531,0.5525569
PMPCA,ACH-000531,0.53267795
ALG2,ACH-000531,0.61076164
POLRMT,ACH-000531,0.7210624
TIMM17A,ACH-000531,0.78324586
POLR3C,ACH-000531,0.55808115
PALB2,ACH-000531,0.7552782
POP5,ACH-000531,0.5525308
MSL1,ACH-000531,0.71680766
PPP2R3C,ACH-000531,0.70837843
RPLP0,ACH-000531,0.55968624
ACTR8,ACH-000531,0.7211441
ATIC,ACH-000531,0.77664214
RAD51B,ACH-000531,0.78449446
SLC25A28,ACH-000531,0.7390903
ITGAV,ACH-000531,0.6411092
PPP2R1A,ACH-000531,0.63525075
MRPL55,ACH-000531,0.7084588
MED4,ACH-000531,0.59692085
PAK1IP1,ACH-000531,0.5470726
RPL7,ACH-000531,0.5213842
PDSS1,ACH-000531,0.77157044
CHAF1B,ACH-000531,0.5065856
CSDE1,ACH-000531,0.74484324
FEN1,ACH-000531,0.6772709
TUT1,ACH-000531,0.49762028
FLI1,ACH-000531,0.7918258
RPL23,ACH-000531,0.27238014
BRIX1,ACH-000531,0.60704666
ERCC3,ACH-000531,0.49915335
NOC3L,ACH-000531,0.6787778
EMC4,ACH-000531,0.72123736
CCNL1,ACH-000531,0.7873281
PRELID3B,ACH-000531,0.5163212
CSTF1,ACH-000531,0.6555772
DNAJC11,ACH-000531,0.7336097
DNAJC2,ACH-000531,0.7638436
DPH1,ACH-000531,0.80144227
PWP2,ACH-000531,0.60326505
CCDC6,ACH-000531,0.76940423
PSMD4,ACH-000531,0.5387579
PFDN6,ACH-000531,0.5000801
SNAI2,ACH-000531,0.80244434
MRPL12,ACH-000531,0.7592683
GET1,ACH-000531,0.76420486
MRPS17,ACH-000531,0.7194179
CAB39,ACH-000531,0.8250039
ARHGAP29,ACH-000531,0.8384613
RBBP7,ACH-000531,0.7292317
TMEM199,ACH-000531,0.6869066
SREK1IP1,ACH-000531,0.7958633
CD2BP2,ACH-000531,0.7476151
EMC1,ACH-000531,0.7359601
ORC3,ACH-000531,0.7146642
ELP1,ACH-000531,0.64392734
BRK1,ACH-000531,0.7975776
PI4KA,ACH-000531,0.8108188
RPUSD3,ACH-000531,0.8029501
RRM2,ACH-000531,0.38095126
TRIM28,ACH-000531,0.7595104
RSL24D1,ACH-000531,0.430115
NDUFS3,ACH-000531,0.785458
STXBP3,ACH-000531,0.71772814
SETD1B,ACH-000531,0.7416598
SUPT20H,ACH-000531,0.78762656
CHMP2A,ACH-000531,0.44506615
TMEM80,ACH-000531,0.75892866
SART3,ACH-000531,0.5291724
TELO2,ACH-000531,0.7243694
DCTN3,ACH-000531,0.6850947
ATP2B1,ACH-000531,0.74564093
POLG2,ACH-000531,0.7944609
PDCD10,ACH-000531,0.86264735
SPRTN,ACH-000531,0.6157146
EIF1,ACH-000531,0.58768857
TMED2,ACH-000531,0.7198055
MED23,ACH-000531,0.72879505
RPS6,ACH-000531,0.44234172
ATP5PO,ACH-000531,0.745744
PMVK,ACH-000531,0.78244865
IDH3A,ACH-000531,0.75682676
USP5,ACH-000531,0.5853726
SRRM2,ACH-000531,0.6958238
OSGEP,ACH-000531,0.57278585
RASA4,ACH-000531,0.69095016
TAF12,ACH-000531,0.62438625
CCT4,ACH-000531,0.39852998
UGCG,ACH-000531,0.80821097
WDR36,ACH-000531,0.5507581
TOPBP1,ACH-000531,0.54932404
SNRNP70,ACH-000531,0.61780614
BARD1,ACH-000531,0.6696137
PPRC1,ACH-000531,0.7244705
MAP4K4,ACH-000531,0.82182735
RAD21,ACH-000531,0.5363829
ZNF407,ACH-000531,0.6743476
SF3A3,ACH-000531,0.40632716
ALG11,ACH-000531,0.6264086
TOMM20,ACH-000531,0.7171507
RARS2,ACH-000531,0.75129074
SRSF7,ACH-000531,0.39698258
CENPM,ACH-000531,0.60581315
SAMD4B,ACH-000531,0.7503141
SKA2,ACH-000531,0.68904597
OSTC,ACH-000531,0.72466683
H2BC4,ACH-000531,0.52502215
GTF2A2,ACH-000531,0.5868688
ARID1A,ACH-000531,0.7636838
BTF3,ACH-000531,0.65753186
GGTLC2,ACH-000531,0.5281186
DDX11,ACH-000531,0.67938364
TUBB3,ACH-000531,0.8362594
WDR83,ACH-000531,0.6961567
TOMM40,ACH-000531,0.5986943
WDR18,ACH-000531,0.5427201
CCT5,ACH-000531,0.5283315
HNRNPA1,ACH-000531,0.7278597
MYCN,ACH-000531,0.79604447
PDS5A,ACH-000531,0.73084104
CENPI,ACH-000531,0.6621593
RPS16,ACH-000531,0.42303824
SCD,ACH-000531,0.69353163
MRPL28,ACH-000531,0.74029773
RIOK1,ACH-000531,0.5998535
BCLAF1,ACH-000531,0.698581
UFM1,ACH-000531,0.7080755
DNAAF10,ACH-000531,0.6348555
VPS28,ACH-000531,0.5802759
POLR1B,ACH-000531,0.53193396
ZFC3H1,ACH-000531,0.72473025
CWF19L2,ACH-000531,0.7371341
SCAF8,ACH-000531,0.7845908
RPL36A,ACH-000531,0.58733827
URM1,ACH-000531,0.6598321
CKAP5,ACH-000531,0.42396176
METTL16,ACH-000531,0.62095976
PDPK1,ACH-000531,0.6444651
HMGB1,ACH-000531,0.7190395
SRCAP,ACH-000531,0.61527145
EIF2S2,ACH-000531,0.55120385
OGDH,ACH-000531,0.72970986
TXNL4A,ACH-000531,0.3732685
VPS36,ACH-000531,0.72497165
YY1,ACH-000531,0.68267775
NPM1,ACH-000531,0.6691712
PSMG1,ACH-000531,0.70835006
E2F3,ACH-000531,0.7760769
CTU2,ACH-000531,0.63966835
POLR1A,ACH-000531,0.5257486
XRCC2,ACH-000531,0.73259944
ZC3H13,ACH-000531,0.69391644
HAUS6,ACH-000531,0.5366837
TLK2,ACH-000531,0.7307176
AK6,ACH-000531,0.6281644
CRKL,ACH-000531,0.6254628
BRAP,ACH-000531,0.66518104
HUWE1,ACH-000531,0.61990106
NAMPT,ACH-000531,0.6854092
SMG1,ACH-000531,0.6671351
UBTF,ACH-000531,0.49587122
PRKAR1A,ACH-000531,0.7619243
FADD,ACH-000531,0.7131001
STX5,ACH-000531,0.5324424
EIF2B3,ACH-000531,0.6252681
NUP205,ACH-000531,0.5324283
VPS13D,ACH-000531,0.6250402
GPATCH1,ACH-000531,0.71205974
GTF2A1,ACH-000531,0.6462048
CUL1,ACH-000531,0.6655257
SNRNP48,ACH-000531,0.7429341
ELMO2,ACH-000531,0.7273288
PLRG1,ACH-000531,0.5919428
TTC1,ACH-000531,0.58223045
AQP7,ACH-000531,0.62745625
NDUFS2,ACH-000531,0.78329253
TOP1,ACH-000531,0.67776036
GSK3B,ACH-000531,0.82197434
SART1,ACH-000531,0.55477285
PKMYT1,ACH-000531,0.5936857
DHX33,ACH-000531,0.5529389
RPAIN,ACH-000531,0.5552269
BCAS2,ACH-000531,0.5316752
DR1,ACH-000531,0.64547265
EIF3D,ACH-000531,0.51620686
PWP1,ACH-000531,0.6255393
CDK4,ACH-000531,0.6874579
AMD1,ACH-000531,0.75681496
RBM28,ACH-000531,0.67386436
GFM2,ACH-000531,0.7654885
DNAJA3,ACH-000531,0.6415863
PAICS,ACH-000531,0.69784784
WDR4,ACH-000531,0.7947407
CENPO,ACH-000531,0.69455147
ALG1,ACH-000531,0.66553605
ITGB5,ACH-000531,0.78279096
NFYC,ACH-000531,0.66953486
DDX56,ACH-000531,0.47324318
FDXR,ACH-000531,0.7239226
ATL2,ACH-000531,0.7671455
PREB,ACH-000531,0.60060585
STEEP1,ACH-000531,0.8431373
EIPR1,ACH-000531,0.81341165
FDPS,ACH-000531,0.7334875
CHTF8,ACH-000531,0.7925117
FGFR1,ACH-000531,0.8147162
CDK9,ACH-000531,0.542057
SUGT1,ACH-000531,0.6621758
VPS33A,ACH-000531,0.7391999
COX10,ACH-000531,0.80345017
ATP2A2,ACH-000531,0.49000064
ATP6V1F,ACH-000531,0.5935879
C1D,ACH-000531,0.7605307
GTF2F2,ACH-000531,0.6614694
MRPL36,ACH-000531,0.7132683
PRPF31,ACH-000531,0.42873687
SOD2,ACH-000531,0.7190213
CMIP,ACH-000531,0.7603195
EXOSC6,ACH-000531,0.5891466
TCF7L2,ACH-000531,0.76827776
COPZ1,ACH-000531,0.5147575
GTSE1,ACH-000531,0.74352115
MED26,ACH-000531,0.6765666
MARK2,ACH-000531,0.72492653
TRA2B,ACH-000531,0.7378454
VPS37A,ACH-000531,0.7206366
XPO5,ACH-000531,0.719358
COQ4,ACH-000531,0.7691627
PFDN1,ACH-000531,0.6559372
DPAGT1,ACH-000531,0.59425646
AP1G1,ACH-000531,0.7417897
RPL26L1,ACH-000531,0.7281364
ROMO1,ACH-000531,0.6713419
HNRNPA2B1,ACH-000531,0.73707104
CHD4,ACH-000531,0.60486096
DYNLRB1,ACH-000531,0.4138299
PKM,ACH-000531,0.65476865
LCE2B,ACH-000531,0.74460757
FASN,ACH-000531,0.80438006
EGLN1,ACH-000531,0.7734253
CLTC,ACH-000531,0.5465145
CEBPZ,ACH-000531,0.54368377
TIAL1,ACH-000531,0.7556259
SEC62,ACH-000531,0.78536546
CAND1,ACH-000531,0.6793809
NCKAP1,ACH-000531,0.70812535
LONP1,ACH-000531,0.55285156
POLR2F,ACH-000531,0.45265013
IBA57,ACH-000531,0.8143881
USP10,ACH-000531,0.64744675
IARS2,ACH-000531,0.61795294
FPGS,ACH-000531,0.75229716
SNRNP27,ACH-000531,0.6265639
DPH2,ACH-000531,0.7969316
PI4KB,ACH-000531,0.8523526
NCOA4,ACH-000531,0.67996025
SKA1,ACH-000531,0.7212327
RNF31,ACH-000531,0.7801476
TAF4,ACH-000531,0.8181359
H2BC6,ACH-000531,0.5337146
MRPL15,ACH-000531,0.73364973
KCTD5,ACH-000531,0.76192397
HARS2,ACH-000531,0.7448564
RBMXL1,ACH-000531,0.6837156
CEP43,ACH-000531,0.83156437
ACTR1A,ACH-000531,0.6437788
HK2,ACH-000531,0.7434535
SS18L2,ACH-000531,0.45646256
POLR3H,ACH-000531,0.47081298
FCF1,ACH-000531,0.55007637
EFTUD2,ACH-000531,0.46898502
SMG5,ACH-000531,0.6675932
ALG13,ACH-000531,0.6259996
HSD17B10,ACH-000531,0.75654113
NUP214,ACH-000531,0.58777654
VCL,ACH-000531,0.74785274
CENPP,ACH-000531,0.77542925
MRPS5,ACH-000531,0.69953734
RNPC3,ACH-000531,0.52094746
NDUFAB1,ACH-000531,0.6728271
DHX29,ACH-000531,0.7470145
SRPRA,ACH-000531,0.67632097
TCOF1,ACH-000531,0.72043425
ATRIP,ACH-000531,0.6581993
CMPK1,ACH-000531,0.61048156
CCND1,ACH-000531,0.6771368
GCSH,ACH-000531,0.7297847
EXOSC10,ACH-000531,0.695652
NFRKB,ACH-000531,0.7600601
RBIS,ACH-000531,0.7645843
WDR55,ACH-000531,0.52209425
HOXD13,ACH-000531,0.75918126
CFL1,ACH-000531,0.7566954
ELOB,ACH-000399,0.62860405
PSMC5,ACH-000399,0.5999027
DNAJC9,ACH-000399,0.6840498
DKC1,ACH-000399,0.599693
PPP1R7,ACH-000399,0.7323995
SNRPE,ACH-000399,0.49196643
ORC1,ACH-000399,0.6451862
ZNHIT3,ACH-000399,0.723928
TAF8,ACH-000399,0.67030334
UMPS,ACH-000399,0.7817259
HDAC1,ACH-000399,0.8343331
CHKA,ACH-000399,0.8251052
SRSF10,ACH-000399,0.7338731
RPL18,ACH-000399,0.52482814
CCDC51,ACH-000399,0.83878237
SYMPK,ACH-000399,0.62015736
WDR33,ACH-000399,0.48035014
CTPS1,ACH-000399,0.7556869
RPS2,ACH-000399,0.50585634
CSE1L,ACH-000399,0.3937296
ACTR3,ACH-000399,0.8044539
MRPL41,ACH-000399,0.76464546
MALSU1,ACH-000399,0.88514894
MTF1,ACH-000399,0.8852543
CNOT4,ACH-000399,0.79596436
NDUFA3,ACH-000399,0.8336932
CBLL1,ACH-000399,0.7957345
INTS9,ACH-000399,0.49048328
CSH2,ACH-000399,0.7734169
SIN3A,ACH-000399,0.65712
GNL2,ACH-000399,0.58758485
HCCS,ACH-000399,0.81586593
H2BC21,ACH-000399,0.6904416
NF2,ACH-000399,0.89572614
PRPF4,ACH-000399,0.53988916
VIRMA,ACH-000399,0.58664185
ZPR1,ACH-000399,0.62777305
RANGAP1,ACH-000399,0.5325073
POLR2B,ACH-000399,0.41579226
POLD3,ACH-000399,0.49704576
MDN1,ACH-000399,0.5717966
CDC26,ACH-000399,0.6688348
AARS2,ACH-000399,0.8253477
CDAN1,ACH-000399,0.67896056
TRNT1,ACH-000399,0.5943097
MSTO1,ACH-000399,0.7268716
H2BC11,ACH-000399,0.62793696
LRPPRC,ACH-000399,0.7076767
HSPD1,ACH-000399,0.5845553
FANCF,ACH-000399,0.8328138
SNRNP40,ACH-000399,0.73408055
RELA,ACH-000399,0.79379845
ECT2,ACH-000399,0.61870396
TAF1B,ACH-000399,0.7143068
DBR1,ACH-000399,0.538201
RRM1,ACH-000399,0.44068322
ATP6AP1,ACH-000399,0.6804107
ZNF236,ACH-000399,0.81252605
PAK2,ACH-000399,0.82884306
GTF2E2,ACH-000399,0.56448585
SNAP23,ACH-000399,0.75182986
DAD1,ACH-000399,0.5194373
TUBGCP6,ACH-000399,0.62303394
SEM1,ACH-000399,0.6700473
IGBP1,ACH-000399,0.5531597
WDR48,ACH-000399,0.78039354
DTL,ACH-000399,0.36836916
COX15,ACH-000399,0.78609204
HAUS3,ACH-000399,0.61502075
CIAO2B,ACH-000399,0.6558014
CDK7,ACH-000399,0.4933589
MRPL3,ACH-000399,0.826991
CYB5R4,ACH-000399,0.81141645
HTATSF1,ACH-000399,0.71963084
EIF3G,ACH-000399,0.6445284
TXNRD1,ACH-000399,0.8222104
HSCB,ACH-000399,0.79147124
TAF10,ACH-000399,0.77507514
EIF5,ACH-000399,0.561255
HUS1,ACH-000399,0.8439614
MED24,ACH-000399,0.78948677
COX19,ACH-000399,0.7982688
PRPF39,ACH-000399,0.74659276
DDX54,ACH-000399,0.5285625
HSP90B1,ACH-000399,0.74984914
RPL17,ACH-000399,0.229481
HYPK,ACH-000399,0.68907773
POM121C,ACH-000399,0.7621218
LSM4,ACH-000399,0.4755185
MAPK1,ACH-000399,0.8594955
TRAPPC2L,ACH-000399,0.88102984
RPS8,ACH-000399,0.24498884
MED19,ACH-000399,0.73999155
SGO1,ACH-000399,0.631773
SRBD1,ACH-000399,0.57393914
UBE2G2,ACH-000399,0.85595644
NDC1,ACH-000399,0.77035415
SUZ12,ACH-000399,0.78917736
BRIP1,ACH-000399,0.8164739
MNAT1,ACH-000399,0.7997283
CDC123,ACH-000399,0.4798217
HSPE1,ACH-000399,0.1786596
QRSL1,ACH-000399,0.79160124
UXT,ACH-000399,0.6559186
RHEB,ACH-000399,0.7280904
KLF5,ACH-000399,0.8248814
PTPMT1,ACH-000399,0.78634
LAMTOR3,ACH-000399,0.8247753
RBM15,ACH-000399,0.7793405
PPP1CA,ACH-000399,0.7599659
PGGT1B,ACH-000399,0.73727405
CDC45,ACH-000399,0.46083415
INTS14,ACH-000399,0.75045353
KARS1,ACH-000399,0.49187392
SKP2,ACH-000399,0.6175275
NUP107,ACH-000399,0.67478085
MRPS18B,ACH-000399,0.7836853
RAB10,ACH-000399,0.80131036
HNRNPF,ACH-000399,0.7999072
RGP1,ACH-000399,0.70320165
COPS8,ACH-000399,0.6442766
FAM50A,ACH-000399,0.81133765
NXT1,ACH-000399,0.76765096
WARS1,ACH-000399,0.6176927
SLC25A3,ACH-000399,0.71704304
TP63,ACH-000399,0.90235454
CAPRIN1,ACH-000399,0.84334713
COX6C,ACH-000399,0.79887587
FLII,ACH-000399,0.8154922
METTL3,ACH-000399,0.737973
NDUFA8,ACH-000399,0.74404466
ZNHIT6,ACH-000399,0.72361916
WAC,ACH-000399,0.7685892
TADA1,ACH-000399,0.8723489
PBRM1,ACH-000399,0.7794461
IMP4,ACH-000399,0.6100117
PELO,ACH-000399,0.69249475
CPSF6,ACH-000399,0.71945214
AATF,ACH-000399,0.65604234
RPF1,ACH-000399,0.65639436
POLR1C,ACH-000399,0.5219643
RPS3A,ACH-000399,0.24428312
PCYT1A,ACH-000399,0.75292796
CHERP,ACH-000399,0.68680143
PPP4R2,ACH-000399,0.72773653
PPP1R15B,ACH-000399,0.6915738
AHCY,ACH-000399,0.73236585
GUK1,ACH-000399,0.58730656
SNAPC5,ACH-000399,0.62695736
MEPCE,ACH-000399,0.67432225
GFER,ACH-000399,0.7389466
BUB3,ACH-000399,0.41893706
UPF2,ACH-000399,0.5915255
RRAGA,ACH-000399,0.8247395
BRD2,ACH-000399,0.79342425
MVD,ACH-000399,0.7690183
SNRPB,ACH-000399,0.50055206
SNRPG,ACH-000399,0.48228937
HMGCR,ACH-000399,0.65207314
TACC3,ACH-000399,0.7580925
PHAX,ACH-000399,0.6528151
SGF29,ACH-000399,0.7426907
CCNA2,ACH-000399,0.55567825
EXOSC1,ACH-000399,0.77204144
VPS29,ACH-000399,0.7722541
NDUFA4,ACH-000399,0.79622054
VDAC1,ACH-000399,0.7048782
GTPBP10,ACH-000399,0.8607529
TUBGCP2,ACH-000399,0.6314314
CPSF4,ACH-000399,0.5802066
MCM7,ACH-000399,0.40642035
ARPC4,ACH-000399,0.76049703
COPS6,ACH-000399,0.51565593
RBM5,ACH-000399,0.77637887
JMJD6,ACH-000399,0.78683996
RIC1,ACH-000399,0.771556
RRP1,ACH-000399,0.72197115
CDK1,ACH-000399,0.39631858
DIS3,ACH-000399,0.72227323
RAC3,ACH-000399,0.8064415
TAF7,ACH-000399,0.75654924
H3-3A,ACH-000399,0.6352196
SOS1,ACH-000399,0.8490122
DPY19L2,ACH-000399,0.8411376
WDR43,ACH-000399,0.50142765
SNRNP200,ACH-000399,0.382551
MGAT1,ACH-000399,0.85267097
CCT3,ACH-000399,0.461358
SF3B4,ACH-000399,0.46054414
RPS13,ACH-000399,0.54649353
ASCC3,ACH-000399,0.8290617
PAXBP1,ACH-000399,0.68734545
UFL1,ACH-000399,0.7941611
ANKRD17,ACH-000399,0.8552411
CRAMP1,ACH-000399,0.8020264
GGPS1,ACH-000399,0.59743327
CCDC22,ACH-000399,0.82788223
LSM3,ACH-000399,0.4814564
NDUFAF8,ACH-000399,0.81007576
NUP133,ACH-000399,0.57282233
C3orf38,ACH-000399,0.8480367
RMND5A,ACH-000399,0.8308953
CTDNEP1,ACH-000399,0.8041167
ATP6V1B2,ACH-000399,0.50137484
POLR3K,ACH-000399,0.54875386
PPP1R12A,ACH-000399,0.67790043
AASDHPPT,ACH-000399,0.80437994
FERMT2,ACH-000399,0.7909762
ILF3,ACH-000399,0.6790931
MPHOSPH10,ACH-000399,0.65212697
KRR1,ACH-000399,0.68191266
EARS2,ACH-000399,0.805594
ACO2,ACH-000399,0.7345386
ENY2,ACH-000399,0.7261816
CPSF3,ACH-000399,0.52474177
ZWINT,ACH-000399,0.8197462
NUP35,ACH-000399,0.805525
MYB,ACH-000399,0.82320243
GRHL2,ACH-000399,0.8485711
ATP5F1C,ACH-000399,0.68923265
WDR3,ACH-000399,0.5881937
MANF,ACH-000399,0.83705395
MRTO4,ACH-000399,0.68317777
CAMLG,ACH-000399,0.7761078
RFC3,ACH-000399,0.53867507
RPL36,ACH-000399,0.4062607
ATP5F1D,ACH-000399,0.7215153
ELP2,ACH-000399,0.7255515
DNAJC13,ACH-000399,0.8359177
BIRC2,ACH-000399,0.79393494
ADAR,ACH-000399,0.7479735
LSM6,ACH-000399,0.716542
POLR1E,ACH-000399,0.768469
UBE2I,ACH-000399,0.38416666
NEPRO,ACH-000399,0.64877695
WDR12,ACH-000399,0.6125523
TSR1,ACH-000399,0.6230497
SF1,ACH-000399,0.37519476
POU2AF1,ACH-000399,0.8485419
RMI1,ACH-000399,0.8123016
SLC35A2,ACH-000399,0.850638
BRCA2,ACH-000399,0.80085546
COPS2,ACH-000399,0.5709332
DNAJA1,ACH-000399,0.8069873
POLR2D,ACH-000399,0.44909778
WWTR1,ACH-000399,0.8347116
DOLK,ACH-000399,0.79419106
EMC6,ACH-000399,0.80958
MBTPS2,ACH-000399,0.7764684
FAM98B,ACH-000399,0.8290104
PPP2CA,ACH-000399,0.6642343
YTHDF2,ACH-000399,0.77519137
MTRF1L,ACH-000399,0.8144774
RPS28,ACH-000399,0.54753417
NCAPH2,ACH-000399,0.71138114
TFIP11,ACH-000399,0.610173
SNW1,ACH-000399,0.5562303
DDX47,ACH-000399,0.5420708
TSG101,ACH-000399,0.59898597
THOC2,ACH-000399,0.5033654
TCP1,ACH-000399,0.471138
DYNC1I2,ACH-000399,0.53144336
AQR,ACH-000399,0.5471198
ACTR2,ACH-000399,0.6901516
FANCM,ACH-000399,0.77256024
CHD7,ACH-000399,0.8063393
GTF2B,ACH-000399,0.49314773
RPP14,ACH-000399,0.6820849
ADRM1,ACH-000399,0.76498306
BMPR1A,ACH-000399,0.7839086
SETD5,ACH-000399,0.80036485
EXT2,ACH-000399,0.7484665
FECH,ACH-000399,0.78308743
TAFAZZIN,ACH-000399,0.7196787
LARP1,ACH-000399,0.84003085
PSMD2,ACH-000399,0.5617212
TRIP12,ACH-000399,0.7688855
RTEL1,ACH-000399,0.73814714
VPS54,ACH-000399,0.7714402
PPIH,ACH-000399,0.83789384
ZMAT2,ACH-000399,0.5567573
OXSM,ACH-000399,0.8809013
GINS1,ACH-000399,0.418504
SEH1L,ACH-000399,0.62002957
PRIM1,ACH-000399,0.40706822
MMGT1,ACH-000399,0.82128865
RAD51D,ACH-000399,0.7529342
DHX16,ACH-000399,0.6054471
NOP56,ACH-000399,0.5823697
ATP2C1,ACH-000399,0.79496634
MICOS10,ACH-000399,0.81797105
BRAF,ACH-000399,0.8577576
BUD23,ACH-000399,0.6365667
TBCA,ACH-000399,0.7363639
TIMELESS,ACH-000399,0.576527
KCTD10,ACH-000399,0.8340699
DSCC1,ACH-000399,0.80014634
RRP12,ACH-000399,0.6049896
ZNF830,ACH-000399,0.65579474
MON2,ACH-000399,0.87216896
TMEM167A,ACH-000399,0.7878993
GEMIN4,ACH-000399,0.72315884
RPL28,ACH-000399,0.71452135
UXS1,ACH-000399,0.8017664
CSNK2A1,ACH-000399,0.85440356
TAF6L,ACH-000399,0.7899321
RPN1,ACH-000399,0.59120494
SMARCE1,ACH-000399,0.66301113
EIF3B,ACH-000399,0.5452007
NOB1,ACH-000399,0.63681316
TRAF2,ACH-000399,0.8057136
RACGAP1,ACH-000399,0.5730306
ATP6V1E1,ACH-000399,0.6044242
TIMM44,ACH-000399,0.719262
SPOUT1,ACH-000399,0.5877793
SLC35B1,ACH-000399,0.6255364
RPP40,ACH-000399,0.68670535
ISL1,ACH-000399,0.8110277
SMARCA5,ACH-000399,0.6957917
MRPS11,ACH-000399,0.7372016
LSM5,ACH-000399,0.57701933
MIB1,ACH-000399,0.7674887
FASTKD5,ACH-000399,0.84068197
PTMA,ACH-000399,0.7901038
FAU,ACH-000399,0.33513033
PNKP,ACH-000399,0.8283592
PPAT,ACH-000399,0.72998905
CSTF3,ACH-000399,0.6151242
ARID2,ACH-000399,0.79461825
CIAPIN1,ACH-000399,0.6807637
MRPL18,ACH-000399,0.80442214
ESCO2,ACH-000399,0.78061664
PTPA,ACH-000399,0.75683236
BUD13,ACH-000399,0.73814005
TRMT6,ACH-000399,0.83759373
TUBGCP3,ACH-000399,0.5655818
EEF1A1,ACH-000399,0.44385344
RPL21,ACH-000399,0.30768585
SLC2A1,ACH-000399,0.8417781
SNRPB2,ACH-000399,0.7118232
MRPL27,ACH-000399,0.80575985
EAF1,ACH-000399,0.77953327
POLR2L,ACH-000399,0.4242736
ABCE1,ACH-000399,0.41997334
STX18,ACH-000399,0.5926609
RPLP2,ACH-000399,0.5826644
ARCN1,ACH-000399,0.57029057
NRBP1,ACH-000399,0.75633705
SRP72,ACH-000399,0.64157254
TMX2,ACH-000399,0.822786
MYBBP1A,ACH-000399,0.7736708
BAP1,ACH-000399,0.79064393
SKP1,ACH-000399,0.53386855
CPSF2,ACH-000399,0.54757524
METTL17,ACH-000399,0.7706466
NSMCE1,ACH-000399,0.7471359
MTBP,ACH-000399,0.55014795
BCL9,ACH-000399,0.81191486
TLN1,ACH-000399,0.8286924
STRIP1,ACH-000399,0.7936405
ZC3H18,ACH-000399,0.7368997
PSMA2,ACH-000399,0.33412835
STN1,ACH-000399,0.7383867
STAG2,ACH-000399,0.8175287
SNRPA1,ACH-000399,0.25798178
GMPPB,ACH-000399,0.7233446
CRTC3,ACH-000399,0.9027508
NUTF2,ACH-000399,0.46774334
DNM2,ACH-000399,0.65723485
WASHC2C,ACH-000399,0.7431028
PRORP,ACH-000399,0.7700709
LAMTOR2,ACH-000399,0.82028794
IARS1,ACH-000399,0.45730495
CENPH,ACH-000399,0.7003351
UBE2S,ACH-000399,0.786278
EPRS1,ACH-000399,0.53694594
NUBP2,ACH-000399,0.67599607
RBM8A,ACH-000399,0.64518976
ELOC,ACH-000399,0.6178053
TEDC2,ACH-000399,0.85820276
NUP50,ACH-000399,0.7306266
SNAPC1,ACH-000399,0.5628714
DHDDS,ACH-000399,0.4173923
ITGA3,ACH-000399,0.85027844
AIFM1,ACH-000399,0.80985
CCT8,ACH-000399,0.536879
ARIH2,ACH-000399,0.8770874
STAMBP,ACH-000399,0.8095959
XRCC5,ACH-000399,0.57072544
SF3A1,ACH-000399,0.4580665
CDK6,ACH-000399,0.8101474
DDX41,ACH-000399,0.5736282
CSNK2B,ACH-000399,0.66806126
KIF18B,ACH-000399,0.75416875
TKT,ACH-000399,0.8310024
VPS41,ACH-000399,0.7560151
LSM8,ACH-000399,0.49536437
CTDP1,ACH-000399,0.49998823
CSNK1A1,ACH-000399,0.6902977
DET1,ACH-000399,0.8368992
NDE1,ACH-000399,0.7674098
TCERG1,ACH-000399,0.7844197
PSMG4,ACH-000399,0.6420322
FLVCR1,ACH-000399,0.84642714
NRAS,ACH-000399,0.8128626
ZEB1,ACH-000399,0.80816156
TMED10,ACH-000399,0.7126378
SFPQ,ACH-000399,0.5261658
KRAS,ACH-000399,0.78190553
MAU2,ACH-000399,0.7166064
CEP55,ACH-000399,0.75477374
PPCDC,ACH-000399,0.89689034
TCF3,ACH-000399,0.8197487
UBR5,ACH-000399,0.78641963
HMGA1,ACH-000399,0.731399
MRPS16,ACH-000399,0.7414633
ALDOA,ACH-000399,0.63188064
REXO2,ACH-000399,0.8551991
SF3B6,ACH-000399,0.4909177
PSMB1,ACH-000399,0.5149832
CDCA5,ACH-000399,0.64273417
COG2,ACH-000399,0.77357376
PIK3CB,ACH-000399,0.7946552
TIMM23,ACH-000399,0.6714268
ZFP36L1,ACH-000399,0.8457224
COX4I1,ACH-000399,0.8083182
CDC6,ACH-000399,0.5598194
MARCHF5,ACH-000399,0.7754735
EXOSC4,ACH-000399,0.6103385
PEX6,ACH-000399,0.76394224
NF1,ACH-000399,0.8647679
SAP30BP,ACH-000399,0.5722172
UQCRC1,ACH-000399,0.75844324
SLC25A1,ACH-000399,0.8452409
IPO7,ACH-000399,0.64524436
WDR46,ACH-000399,0.6747898
RAD9A,ACH-000399,0.80065703
MTOR,ACH-000399,0.6303237
POLD2,ACH-000399,0.6471845
UBAP2L,ACH-000399,0.8127708
DLST,ACH-000399,0.7931933
EMC2,ACH-000399,0.8273187
FBXW7,ACH-000399,0.88883805
GTF2H3,ACH-000399,0.7538338
CDIN1,ACH-000399,0.7916244
NEDD1,ACH-000399,0.47357756
XRN1,ACH-000399,0.69677866
RAN,ACH-000399,0.029004604
RPL27,ACH-000399,0.44106764
PSMB5,ACH-000399,0.46523386
APEX2,ACH-000399,0.81900316
FXN,ACH-000399,0.7416837
DHX35,ACH-000399,0.8191986
NOC4L,ACH-000399,0.6805084
TRAPPC11,ACH-000399,0.6510644
PPA1,ACH-000399,0.69696224
RPL36AL,ACH-000399,0.7386944
BRAT1,ACH-000399,0.8120169
CDC7,ACH-000399,0.40253633
CDC27,ACH-000399,0.33892718
VARS2,ACH-000399,0.7954755
GAPDH,ACH-000399,0.63549465
PSMC3,ACH-000399,0.49313816
RNASEH2C,ACH-000399,0.85211587
FAF2,ACH-000399,0.80647725
HSP90AB1,ACH-000399,0.836626
DHX30,ACH-000399,0.77099013
RPL22,ACH-000399,0.76891613
NAT10,ACH-000399,0.65986305
RPS25,ACH-000399,0.6042998
NOM1,ACH-000399,0.72951233
CSK,ACH-000399,0.86878294
ANKRD11,ACH-000399,0.7779614
ATP6V0B,ACH-000399,0.6281455
MEAF6,ACH-000399,0.79433846
RPL4,ACH-000399,0.41356653
NELFB,ACH-000399,0.6564766
MED6,ACH-000399,0.47664413
STAG1,ACH-000399,0.8211189
UBE2A,ACH-000399,0.83393234
ELL,ACH-000399,0.58937174
MCM2,ACH-000399,0.5649019
NUP54,ACH-000399,0.7029401
E2F1,ACH-000399,0.8273657
VPS52,ACH-000399,0.77180284
CCNE1,ACH-000399,0.8278702
MAP3K7,ACH-000399,0.85663813
IK,ACH-000399,0.5829264
GATB,ACH-000399,0.8083593
VPS25,ACH-000399,0.43684834
SLC7A1,ACH-000399,0.8498358
WDR77,ACH-000399,0.5844201
CCT2,ACH-000399,0.5577608
NUP88,ACH-000399,0.5964955
RFT1,ACH-000399,0.7091508
MTERF4,ACH-000399,0.8600839
EIF4G1,ACH-000399,0.71461284
SFSWAP,ACH-000399,0.7065858
ZRSR2,ACH-000399,0.74146795
SEPSECS,ACH-000399,0.82533216
H2BC26,ACH-000399,0.71111846
NOLC1,ACH-000399,0.7799252
DMAP1,ACH-000399,0.6352981
MT1E,ACH-000399,0.7614409
CCNF,ACH-000399,0.88951004
INTS8,ACH-000399,0.579226
UBE2K,ACH-000399,0.85136074
OIP5,ACH-000399,0.70715874
MAEA,ACH-000399,0.80435264
TRMT61A,ACH-000399,0.8831857
COPS3,ACH-000399,0.70950025
CCT6A,ACH-000399,0.5307222
CRCP,ACH-000399,0.64512557
DHODH,ACH-000399,0.8161699
COA3,ACH-000399,0.8243026
DUSP4,ACH-000399,0.8574577
GRPEL1,ACH-000399,0.5590274
PCBP1,ACH-000399,0.6101901
SRP14,ACH-000399,0.7091981
GMNN,ACH-000399,0.7918059
NSMCE3,ACH-000399,0.69319797
IPPK,ACH-000399,0.76118565
NCBP2,ACH-000399,0.5091615
DLD,ACH-000399,0.8304542
ILK,ACH-000399,0.86901575
KRT18,ACH-000399,0.8862799
CERS2,ACH-000399,0.8006874
CDC73,ACH-000399,0.59668636
KDSR,ACH-000399,0.6966194
GINS4,ACH-000399,0.5636265
PLK1,ACH-000399,0.2912291
RPL32,ACH-000399,0.39022538
SPCS2,ACH-000399,0.68286085
MED18,ACH-000399,0.6356867
NDUFA1,ACH-000399,0.7770641
WDR7,ACH-000399,0.697234
KANSL1,ACH-000399,0.66233385
USP36,ACH-000399,0.73469615
PSMG3,ACH-000399,0.63527465
ARID4B,ACH-000399,0.8110464
MED15,ACH-000399,0.8020244
NDUFB4,ACH-000399,0.77967656
SMAD7,ACH-000399,0.86140066
PSMF1,ACH-000399,0.8575936
ICE1,ACH-000399,0.677539
ISCU,ACH-000399,0.482056
THAP12,ACH-000399,0.77909815
ASPM,ACH-000399,0.75909317
TIMM13,ACH-000399,0.7376298
ISY1,ACH-000399,0.6888205
KTI12,ACH-000399,0.74755573
UBE2H,ACH-000399,0.8003118
LARS1,ACH-000399,0.5007546
SMU1,ACH-000399,0.25809485
PSMC4,ACH-000399,0.5599978
SYF2,ACH-000399,0.6744008
ACTR10,ACH-000399,0.538586
NDC80,ACH-000399,0.5473071
POLR2H,ACH-000399,0.5520599
WEE1,ACH-000399,0.30083776
TEDC1,ACH-000399,0.8356909
RB1CC1,ACH-000399,0.82185066
NACA,ACH-000399,0.61012334
UBE4B,ACH-000399,0.8350745
GAB1,ACH-000399,0.8389161
SDHA,ACH-000399,0.81479937
TTI1,ACH-000399,0.70269084
LAS1L,ACH-000399,0.6671508
SPRR2G,ACH-000399,0.78241205
PYROXD1,ACH-000399,0.7380626
RPS15,ACH-000399,0.36040694
CARS1,ACH-000399,0.54813254
WDR24,ACH-000399,0.8558424
TPK1,ACH-000399,0.84694177
N6AMT1,ACH-000399,0.76704323
MCM5,ACH-000399,0.549377
SUPT4H1,ACH-000399,0.72369033
RAE1,ACH-000399,0.55678153
GTF2E1,ACH-000399,0.5842541
NDUFAF1,ACH-000399,0.78604627
VPS51,ACH-000399,0.7736634
UNC50,ACH-000399,0.7763238
NFS1,ACH-000399,0.5939692
TUBB4B,ACH-000399,0.73955816
SETDB1,ACH-000399,0.7932029
SF3B5,ACH-000399,0.2707743
CYB5B,ACH-000399,0.86625636
GGNBP2,ACH-000399,0.84832233
EP300,ACH-000399,0.7995885
HSD17B12,ACH-000399,0.7859865
CLP1,ACH-000399,0.4327491
LSG1,ACH-000399,0.6755618
FDX1,ACH-000399,0.78417397
PHB2,ACH-000399,0.46272725
BIRC6,ACH-000399,0.7695043
VPS18,ACH-000399,0.71679795
SNRPA,ACH-000399,0.7966336
RIOK2,ACH-000399,0.6823318
ELP6,ACH-000399,0.73758864
XPOT,ACH-000399,0.7800499
COX5B,ACH-000399,0.77018416
CTNNB1,ACH-000399,0.83062977
NMNAT1,ACH-000399,0.8015702
KAT8,ACH-000399,0.5258449
YBX1,ACH-000399,0.6335325
ZBTB7A,ACH-000399,0.8229632
RFK,ACH-000399,0.80659866
SRM,ACH-000399,0.8237935
NIP7,ACH-000399,0.42903486
PKN2,ACH-000399,0.7904713
SLC35B2,ACH-000399,0.78406525
ANAPC11,ACH-000399,0.5318788
ELAVL1,ACH-000399,0.81660336
RNF146,ACH-000399,0.83134365
TUBE1,ACH-000399,0.7699923
RPL10,ACH-000399,0.67196727
TRIT1,ACH-000399,0.8679114
CWC22,ACH-000399,0.55987954
MED1,ACH-000399,0.7813151
NMD3,ACH-000399,0.6436525
CHMP5,ACH-000399,0.79131234
YJU2B,ACH-000399,0.79691863
NUP93,ACH-000399,0.5604669
CCL4,ACH-000399,0.8332178
PFDN5,ACH-000399,0.7109031
TFB2M,ACH-000399,0.7373673
ACTG1,ACH-000399,0.68247765
ANKLE2,ACH-000399,0.400145
ZEB2,ACH-000399,0.8120262
BYSL,ACH-000399,0.62377083
DCLRE1B,ACH-000399,0.64070535
PAXIP1,ACH-000399,0.79772544
DDX6,ACH-000399,0.6558621
POLD1,ACH-000399,0.36907613
RPL5,ACH-000399,0.33267248
SP1,ACH-000399,0.85076636
WDR26,ACH-000399,0.79994863
LRP8,ACH-000399,0.85332376
CTCF,ACH-000399,0.49375457
CTDSPL2,ACH-000399,0.8237678
NCAPD3,ACH-000399,0.651914
IPO11,ACH-000399,0.63383955
KANSL2,ACH-000399,0.6420511
MORF4L1,ACH-000399,0.81601983
HAUS8,ACH-000399,0.68852955
UQCRC2,ACH-000399,0.75476444
RTF2,ACH-000399,0.5425278
PSTK,ACH-000399,0.75009525
TUBGCP5,ACH-000399,0.6069838
MTG1,ACH-000399,0.8546395
SMARCB1,ACH-000399,0.7087959
ATP5F1E,ACH-000399,0.6653787
NSMCE2,ACH-000399,0.7551347
DPY30,ACH-000399,0.75131106
PDCD2,ACH-000399,0.6295671
IKBKG,ACH-000399,0.74358827
CACTIN,ACH-000399,0.65814185
BET1,ACH-000399,0.7641852
MTX2,ACH-000399,0.8893655
GFPT1,ACH-000399,0.7453821
UCHL5,ACH-000399,0.82854885
SDHC,ACH-000399,0.6603929
PGK1,ACH-000399,0.725755
ALYREF,ACH-000399,0.5759755
BPTF,ACH-000399,0.7147325
UROS,ACH-000399,0.8787745
PHF5A,ACH-000399,0.39612675
GTF3C4,ACH-000399,0.76874745
NONO,ACH-000399,0.883408
RPS27A,ACH-000399,0.46279287
SRSF3,ACH-000399,0.30974263
TOE1,ACH-000399,0.78164256
ZC3H8,ACH-000399,0.69964397
ISG20L2,ACH-000399,0.7080567
SINHCAF,ACH-000399,0.7449721
RTTN,ACH-000399,0.8081972
MRPL2,ACH-000399,0.8003603
EEF1B2,ACH-000399,0.6822674
ERCC2,ACH-000399,0.72056866
NUP37,ACH-000399,0.844603
SRRT,ACH-000399,0.67760575
CHAF1A,ACH-000399,0.6049489
PSMD3,ACH-000399,0.49129376
PET117,ACH-000399,0.812108
RAD1,ACH-000399,0.7507838
RBMX2,ACH-000399,0.7549101
WBP11,ACH-000399,0.6869682
SLC35A1,ACH-000399,0.8448555
NGLY1,ACH-000399,0.82712895
PPME1,ACH-000399,0.8084542
ACSL4,ACH-000399,0.8682808
IPO9,ACH-000399,0.73487806
SSU72,ACH-000399,0.6230486
NDUFB3,ACH-000399,0.7637149
PABIR1,ACH-000399,0.78718734
SARNP,ACH-000399,0.79865825
KMT2D,ACH-000399,0.77262247
MRPS2,ACH-000399,0.79126155
MEN1,ACH-000399,0.7795433
CHTF18,ACH-000399,0.83838916
SOX10,ACH-000399,0.7549181
HSPA9,ACH-000399,0.4033481
COPG1,ACH-000399,0.6431175
PRPF38B,ACH-000399,0.5053781
EEF1G,ACH-000399,0.6536679
NFYB,ACH-000399,0.6748338
TRAPPC1,ACH-000399,0.6369807
CCND3,ACH-000399,0.8345229
FARS2,ACH-000399,0.8429325
BRF1,ACH-000399,0.5703927
CTNNA1,ACH-000399,0.8960354
POLR2K,ACH-000399,0.6546149
PCM1,ACH-000399,0.87450475
CYCS,ACH-000399,0.67626166
SLC25A19,ACH-000399,0.83798265
SRP19,ACH-000399,0.545915
HMBS,ACH-000399,0.8338757
DONSON,ACH-000399,0.36560142
POLR1F,ACH-000399,0.44456652
BORA,ACH-000399,0.6896021
POLR2M,ACH-000399,0.76008666
EIF4B,ACH-000399,0.7552469
SETD1A,ACH-000399,0.69962764
FCHO2,ACH-000399,0.8048599
ING3,ACH-000399,0.79682755
SNRPC,ACH-000399,0.7320746
ILF2,ACH-000399,0.67552805
REV1,ACH-000399,0.7926084
HJURP,ACH-000399,0.67853004
DPH6,ACH-000399,0.81056195
INTS3,ACH-000399,0.5338109
EIF5A,ACH-000399,0.69589007
IRS2,ACH-000399,0.7866396
MEF2C,ACH-000399,0.88814086
MBNL1,ACH-000399,0.79441637
CHCHD4,ACH-000399,0.7342813
HSPA14,ACH-000399,0.8546175
DAZAP1,ACH-000399,0.8151162
NUP160,ACH-000399,0.57020897
EMC7,ACH-000399,0.70806277
TGS1,ACH-000399,0.69701016
ATP1A1,ACH-000399,0.5863932
OGT,ACH-000399,0.55759156
ATP1B3,ACH-000399,0.78409743
RCOR1,ACH-000399,0.8067861
WDHD1,ACH-000399,0.5327489
SRP54,ACH-000399,0.4091234
DTYMK,ACH-000399,0.5405237
URB2,ACH-000399,0.67253053
MCM3AP,ACH-000399,0.5449714
SPC24,ACH-000399,0.43399942
BANP,ACH-000399,0.62200975
DARS2,ACH-000399,0.8207585
USE1,ACH-000399,0.7955036
IMPDH2,ACH-000399,0.7563743
CAPZB,ACH-000399,0.67840517
POLG,ACH-000399,0.8522874
SCYL1,ACH-000399,0.76237655
SF3B2,ACH-000399,0.624194
H2AC15,ACH-000399,0.71111846
SLU7,ACH-000399,0.5914908
CDC20,ACH-000399,0.4011937
NRF1,ACH-000399,0.6201839
H2BC15,ACH-000399,0.63349694
INTS1,ACH-000399,0.70507276
GTF2H4,ACH-000399,0.7193997
CDT1,ACH-000399,0.4944769
RBM14,ACH-000399,0.6037736
MRPL43,ACH-000399,0.76566696
WDR1,ACH-000399,0.69135106
DBF4,ACH-000399,0.7021474
GLMN,ACH-000399,0.8510421
SREBF1,ACH-000399,0.8285729
VHL,ACH-000399,0.73766446
U2AF2,ACH-000399,0.5659066
CDC42,ACH-000399,0.67543375
LSM11,ACH-000399,0.7387593
GOLT1B,ACH-000399,0.7906529
PARS2,ACH-000399,0.7672206
EDF1,ACH-000399,0.8764135
DDX19A,ACH-000399,0.7858039
UTP11,ACH-000399,0.7013607
ANAPC13,ACH-000399,0.8041879
MED14,ACH-000399,0.588262
COX6B1,ACH-000399,0.7355112
EPC1,ACH-000399,0.80942607
NAA20,ACH-000399,0.73656106
NOP9,ACH-000399,0.7268561
ERAL1,ACH-000399,0.7928345
ZNHIT1,ACH-000399,0.82507616
NOP2,ACH-000399,0.648466
MTREX,ACH-000399,0.55726737
RPL7A,ACH-000399,0.41767687
HMGCS1,ACH-000399,0.5280908
RBM39,ACH-000399,0.43385464
SPTLC1,ACH-000399,0.7760073
MRPS21,ACH-000399,0.68435013
MIS18A,ACH-000399,0.76203907
DRAP1,ACH-000399,0.77194744
TWNK,ACH-000399,0.79209054
NUF2,ACH-000399,0.55180365
SEPHS2,ACH-000399,0.7232683
VPS53,ACH-000399,0.78155994
SNRPD2,ACH-000399,0.42499
TXNL4B,ACH-000399,0.7349168
ASNS,ACH-000399,0.82267374
SAP18,ACH-000399,0.68155
FDX2,ACH-000399,0.76347315
RNF113A,ACH-000399,0.67056173
NSUN4,ACH-000399,0.79430115
TSC1,ACH-000399,0.8943879
AAMP,ACH-000399,0.6419296
H2AZ1,ACH-000399,0.70202005
FRG1,ACH-000399,0.84290546
SF3B1,ACH-000399,0.5450015
GEMIN8,ACH-000399,0.75792044
UQCR10,ACH-000399,0.86608887
MED13,ACH-000399,0.8561606
ADSL,ACH-000399,0.71999204
NDUFAF7,ACH-000399,0.7860105
SPTSSA,ACH-000399,0.7941284
ZBTB8OS,ACH-000399,0.5946711
PAX8,ACH-000399,0.8413554
EEFSEC,ACH-000399,0.69883627
COPB1,ACH-000399,0.3882778
GRWD1,ACH-000399,0.6970365
AMBRA1,ACH-000399,0.87247133
POP4,ACH-000399,0.6958619
KATNB1,ACH-000399,0.85190845
HNRNPL,ACH-000399,0.63084024
ATP5F1A,ACH-000399,0.7377269
FBXW11,ACH-000399,0.8291893
CFLAR,ACH-000399,0.7338105
YME1L1,ACH-000399,0.7915836
ADAT2,ACH-000399,0.8659425
BTAF1,ACH-000399,0.7311101
NAA10,ACH-000399,0.6356879
BANF1,ACH-000399,0.42239428
SRF,ACH-000399,0.79289865
WDR73,ACH-000399,0.7517382
ANKRD49,ACH-000399,0.8806088
MAD2L1BP,ACH-000399,0.7501027
PCBP2,ACH-000399,0.64177734
UBE2L3,ACH-000399,0.6197966
NUP43,ACH-000399,0.71183515
POLR3F,ACH-000399,0.60205525
DPM2,ACH-000399,0.81272405
DCP2,ACH-000399,0.7962565
EIF6,ACH-000399,0.5553394
DENR,ACH-000399,0.69294935
MRPS14,ACH-000399,0.7736366
TFB1M,ACH-000399,0.80943364
RPE,ACH-000399,0.7245136
TRMT10C,ACH-000399,0.80865604
POLA1,ACH-000399,0.62031347
MIOS,ACH-000399,0.8121026
MAGOH,ACH-000399,0.6418454
RICTOR,ACH-000399,0.8085242
AKIRIN2,ACH-000399,0.78616524
DOLPP1,ACH-000399,0.85239524
EFR3A,ACH-000399,0.7974414
RPL13A,ACH-000399,0.50145024
CHMP3,ACH-000399,0.6810564
CAP1,ACH-000399,0.81674534
ARF4,ACH-000399,0.74235165
COX11,ACH-000399,0.7413924
LMNB1,ACH-000399,0.85285527
RPL24,ACH-000399,0.4629815
PPP6R3,ACH-000399,0.8140326
USP39,ACH-000399,0.53995633
PABPC1,ACH-000399,0.6688318
USPL1,ACH-000399,0.6315739
STIL,ACH-000399,0.78741217
G6PD,ACH-000399,0.8345364
NRDE2,ACH-000399,0.6139501
ZNF574,ACH-000399,0.7840767
PSMD14,ACH-000399,0.53057903
H2AC20,ACH-000399,0.72950995
GARS1,ACH-000399,0.6178285
PCNA,ACH-000399,0.29776537
SDHD,ACH-000399,0.7592375
GNA13,ACH-000399,0.9082708
MYBL2,ACH-000399,0.7774385
EIF1AD,ACH-000399,0.6118834
MRPS6,ACH-000399,0.8034935
ZNF622,ACH-000399,0.8756085
KNL1,ACH-000399,0.6403872
POLR2G,ACH-000399,0.5437838
IRF2BP2,ACH-000399,0.8375024
CEP85,ACH-000399,0.7660954
TUBG1,ACH-000399,0.53590596
ABCF1,ACH-000399,0.71499395
SMC6,ACH-000399,0.67528963
KIF14,ACH-000399,0.7542773
SNRNP25,ACH-000399,0.62639594
SNUPN,ACH-000399,0.64003444
ANAPC1,ACH-000399,0.4918034
GEMIN6,ACH-000399,0.76012385
BRCA1,ACH-000399,0.7640189
FOXK1,ACH-000399,0.8296682
TBCC,ACH-000399,0.7074397
ZNF217,ACH-000399,0.79082173
EIF4E2,ACH-000399,0.8142074
ADNP,ACH-000399,0.88365763
CCDC115,ACH-000399,0.75220585
GART,ACH-000399,0.75010884
MRPS12,ACH-000399,0.745898
ALG14,ACH-000399,0.69342744
CCT7,ACH-000399,0.5633014
MED31,ACH-000399,0.5436814
PABPN1,ACH-000399,0.5383531
TXN,ACH-000399,0.66992736
SCAF4,ACH-000399,0.90791756
CRNKL1,ACH-000399,0.48215234
FANCI,ACH-000399,0.7809906
COPB2,ACH-000399,0.36021405
JTB,ACH-000399,0.85520333
NDUFAF3,ACH-000399,0.7807849
HEATR1,ACH-000399,0.5342898
PDSS2,ACH-000399,0.8010309
CHORDC1,ACH-000399,0.7177806
EGFR,ACH-000399,0.81732494
PSMC2,ACH-000399,0.52639425
CHD1,ACH-000399,0.82237715
ACTL6A,ACH-000399,0.56409943
BRF2,ACH-000399,0.48725858
PTPN11,ACH-000399,0.736775
RPS4X,ACH-000399,0.41057006
SRRM1,ACH-000399,0.7383088
BMS1,ACH-000399,0.724632
ESF1,ACH-000399,0.70366514
NDUFS5,ACH-000399,0.72272366
SLC3A2,ACH-000399,0.7786366
SDHB,ACH-000399,0.7861655
CDC25B,ACH-000399,0.78298616
NAPA,ACH-000399,0.5502459
SLC39A10,ACH-000399,0.7627988
COX7C,ACH-000399,0.75271964
DDB1,ACH-000399,0.4532488
ZRANB2,ACH-000399,0.77335
U2SURP,ACH-000399,0.5860837
TIMM29,ACH-000399,0.7641524
ESS2,ACH-000399,0.6215759
PSMB4,ACH-000399,0.34824666
TP53RK,ACH-000399,0.7180772
PES1,ACH-000399,0.65400547
UPF1,ACH-000399,0.670492
PSMC6,ACH-000399,0.49170196
EMSY,ACH-000399,0.856942
ELAC2,ACH-000399,0.6626001
RRP15,ACH-000399,0.7254578
MARS2,ACH-000399,0.7178221
MRPL23,ACH-000399,0.78223526
PICALM,ACH-000399,0.8553333
TIMM9,ACH-000399,0.7671051
AK2,ACH-000399,0.8407449
DDX3X,ACH-000399,0.6928773
IREB2,ACH-000399,0.8305649
MTHFD1,ACH-000399,0.8065683
PGM3,ACH-000399,0.8332394
LUC7L3,ACH-000399,0.48762405
RPL13,ACH-000399,0.39983523
FOXRED1,ACH-000399,0.8067729
ZC3H10,ACH-000399,0.83923054
ADSS2,ACH-000399,0.771466
GADD45GIP1,ACH-000399,0.7704444
NUS1,ACH-000399,0.5757055
AARS1,ACH-000399,0.46520427
COPE,ACH-000399,0.6225476
SRSF2,ACH-000399,0.40813714
H2BC13,ACH-000399,0.71012294
DNAJC21,ACH-000399,0.87032497
ATP6V1C1,ACH-000399,0.6630875
EPC2,ACH-000399,0.8046854
FURIN,ACH-000399,0.84162253
NOL6,ACH-000399,0.6027046
UTP18,ACH-000399,0.627327
KPNA2,ACH-000399,0.80501807
EIF4E,ACH-000399,0.5501401
EZH2,ACH-000399,0.8481217
SSRP1,ACH-000399,0.6075601
ERH,ACH-000399,0.46133372
SEC13,ACH-000399,0.5320902
TP53BP1,ACH-000399,0.8574119
GTF3C5,ACH-000399,0.76127684
MED7,ACH-000399,0.6246594
COASY,ACH-000399,0.7298583
VPS16,ACH-000399,0.79335284
DNM1L,ACH-000399,0.7430661
ROCK2,ACH-000399,0.87068945
UBIAD1,ACH-000399,0.8088871
ELP5,ACH-000399,0.7305094
YEATS4,ACH-000399,0.7420971
TRIP13,ACH-000399,0.7548435
ELP4,ACH-000399,0.7563082
NDUFAF6,ACH-000399,0.8261716
RBSN,ACH-000399,0.8191647
RTCB,ACH-000399,0.75232124
ELP3,ACH-000399,0.7196752
HSPA13,ACH-000399,0.8598073
TFDP1,ACH-000399,0.7539418
CDH1,ACH-000399,0.8478909
PDRG1,ACH-000399,0.52949613
TSC2,ACH-000399,0.8793219
COX17,ACH-000399,0.7346935
SDE2,ACH-000399,0.48983496
USP37,ACH-000399,0.702128
SPCS3,ACH-000399,0.6991373
ATG9A,ACH-000399,0.81723803
RPL12,ACH-000399,0.34962806
VPS35,ACH-000399,0.7608263
TUBB,ACH-000399,0.5865245
CEP192,ACH-000399,0.6541237
TPI1,ACH-000399,0.7064009
MRPL34,ACH-000399,0.75965106
SIVA1,ACH-000399,0.8447324
PSMB2,ACH-000399,0.42027134
PDCD6IP,ACH-000399,0.74267685
CTR9,ACH-000399,0.6284387
RPS15A,ACH-000399,0.42287126
PRPF38A,ACH-000399,0.32178104
ISCA2,ACH-000399,0.74892986
CENPE,ACH-000399,0.687893
CLNS1A,ACH-000399,0.58140326
PGS1,ACH-000399,0.75648046
PPIL1,ACH-000399,0.7532619
INTS7,ACH-000399,0.58818156
ACACA,ACH-000399,0.8634789
EIF2S1,ACH-000399,0.4812973
RNH1,ACH-000399,0.863861
EXOSC8,ACH-000399,0.63139206
WDR82,ACH-000399,0.5609726
HNRNPA1L2,ACH-000399,0.78837514
COX7B,ACH-000399,0.7096537
RPUSD4,ACH-000399,0.79165626
TAF5,ACH-000399,0.7067169
NIPBL,ACH-000399,0.7388123
ACSL3,ACH-000399,0.8362053
SLC7A6OS,ACH-000399,0.60060793
RBM42,ACH-000399,0.7842829
DHX9,ACH-000399,0.6212706
TUBA1C,ACH-000399,0.74266326
THAP1,ACH-000399,0.60144323
GABPA,ACH-000399,0.65573144
GCN1,ACH-000399,0.8221176
CNOT9,ACH-000399,0.7888585
TAF6,ACH-000399,0.63315016
CHD8,ACH-000399,0.7908353
MMS19,ACH-000399,0.74343836
OPA1,ACH-000399,0.7811177
DDI2,ACH-000399,0.79175043
PRMT1,ACH-000399,0.57791597
FIS1,ACH-000399,0.8136025
NAA50,ACH-000399,0.53819436
MED12,ACH-000399,0.7556548
GLRX5,ACH-000399,0.79332554
AURKA,ACH-000399,0.6445144
CXXC1,ACH-000399,0.7671211
TRPM7,ACH-000399,0.74788433
DHX15,ACH-000399,0.53965986
NDUFS8,ACH-000399,0.75089896
PCF11,ACH-000399,0.6404349
ALG8,ACH-000399,0.79848987
PRPF19,ACH-000399,0.37894616
NCBP1,ACH-000399,0.56468177
DYRK1A,ACH-000399,0.8370232
GOSR2,ACH-000399,0.6678043
UBE2F,ACH-000399,0.85522574
PRMT5,ACH-000399,0.67954326
RPL27A,ACH-000399,0.42699268
SMCHD1,ACH-000399,0.85128385
LTO1,ACH-000399,0.5513515
PELP1,ACH-000399,0.66234636
MED16,ACH-000399,0.83004946
CENPW,ACH-000399,0.59454197
SAE1,ACH-000399,0.59738326
NUDCD3,ACH-000399,0.6916404
XPR1,ACH-000399,0.8668581
CENPT,ACH-000399,0.7099346
TERF2,ACH-000399,0.6737726
WARS2,ACH-000399,0.8125219
IRF4,ACH-000399,0.84432626
TFRC,ACH-000399,0.73934555
MIS18BP1,ACH-000399,0.6844686
SNAPC3,ACH-000399,0.6011388
SPDL1,ACH-000399,0.5947104
TAF1C,ACH-000399,0.6684662
ORC4,ACH-000399,0.7602638
MCMBP,ACH-000399,0.80058503
RHOQ,ACH-000399,0.72099704
RPP38,ACH-000399,0.68513346
AP2S1,ACH-000399,0.74606097
RPTOR,ACH-000399,0.6906817
GMPS,ACH-000399,0.64757437
TRAPPC5,ACH-000399,0.74265444
CHP1,ACH-000399,0.8409671
NKAP,ACH-000399,0.64684117
SARS1,ACH-000399,0.27589682
SKIC8,ACH-000399,0.6940567
RAB35,ACH-000399,0.89874
PIK3CA,ACH-000399,0.78193355
ELOF1,ACH-000399,0.7880968
MRPS18C,ACH-000399,0.8276022
COG3,ACH-000399,0.6952407
SNRNP35,ACH-000399,0.5354254
LARS2,ACH-000399,0.8140106
LDB1,ACH-000399,0.848087
DUT,ACH-000399,0.45639074
ISCA1,ACH-000399,0.7794337
EIF3I,ACH-000399,0.52803785
NELFCD,ACH-000399,0.7141378
SLC4A7,ACH-000399,0.7829323
G3BP1,ACH-000399,0.85788125
EIF2S3,ACH-000399,0.5257559
GATC,ACH-000399,0.8326339
GET4,ACH-000399,0.819092
ARL2,ACH-000399,0.53344214
CDK8,ACH-000399,0.87742954
JUNB,ACH-000399,0.80738455
DOHH,ACH-000399,0.7492138
RNF20,ACH-000399,0.70599574
ADAT3,ACH-000399,0.8371642
ATP6V1A,ACH-000399,0.51079
CMTR1,ACH-000399,0.71551156
NEDD8,ACH-000399,0.5134821
PMM2,ACH-000399,0.8048241
SUCO,ACH-000399,0.80647165
GRB2,ACH-000399,0.70295984
NPAT,ACH-000399,0.6433441
ATF4,ACH-000399,0.79620445
GTF3A,ACH-000399,0.6631855
USP7,ACH-000399,0.6958301
MVK,ACH-000399,0.7432577
UBA3,ACH-000399,0.70697874
NSL1,ACH-000399,0.6194606
PTCD3,ACH-000399,0.72601116
ATP6V0E1,ACH-000399,0.8743356
INCENP,ACH-000399,0.60660326
AP2M1,ACH-000399,0.7165907
CTU1,ACH-000399,0.80226934
INTS11,ACH-000399,0.45630157
RUVBL2,ACH-000399,0.5074346
PCID2,ACH-000399,0.6077904
TAF2,ACH-000399,0.70648545
DDX5,ACH-000399,0.7161535
NAPG,ACH-000399,0.7207432
DDX51,ACH-000399,0.65558517
TPX2,ACH-000399,0.60267186
HAUS1,ACH-000399,0.5223247
GPKOW,ACH-000399,0.6644646
RPL19,ACH-000399,0.37675354
USP17L10,ACH-000399,0.79516596
HYOU1,ACH-000399,0.6945791
AURKB,ACH-000399,0.38242397
PFDN4,ACH-000399,0.8073643
FOXA1,ACH-000399,0.8401351
EIF2B5,ACH-000399,0.5932109
POP1,ACH-000399,0.65274096
WDR74,ACH-000399,0.553803
TM9SF3,ACH-000399,0.85483664
HECTD1,ACH-000399,0.8344676
UTP23,ACH-000399,0.7050457
SSBP1,ACH-000399,0.81384176
CPSF1,ACH-000399,0.6143718
PPP1R8,ACH-000399,0.6351506
PNPT1,ACH-000399,0.7059207
RPS5,ACH-000399,0.5311903
MDM2,ACH-000399,0.7242962
EIF3A,ACH-000399,0.52771914
BIRC5,ACH-000399,0.47429377
KPNB1,ACH-000399,0.41553992
CUL2,ACH-000399,0.78754926
XRN2,ACH-000399,0.6465361
SLC7A5,ACH-000399,0.84626144
PMF1,ACH-000399,0.6195835
VPS4A,ACH-000399,0.82690436
POLR2I,ACH-000399,0.51591057
TRIM37,ACH-000399,0.771924
PIK3R4,ACH-000399,0.78848505
CENPK,ACH-000399,0.54602784
EIF2B1,ACH-000399,0.6664206
PRC1,ACH-000399,0.5514501
NDUFA2,ACH-000399,0.77592385
ATR,ACH-000399,0.5651734
PLK4,ACH-000399,0.61479634
IGF1R,ACH-000399,0.823906
SCO1,ACH-000399,0.7871926
PSMD6,ACH-000399,0.45574915
RRAGC,ACH-000399,0.78560555
SMC3,ACH-000399,0.5751052
PARD6B,ACH-000399,0.8380317
TAMM41,ACH-000399,0.7887753
RPS20,ACH-000399,0.3025847
PPP4C,ACH-000399,0.6309033
SSBP3,ACH-000399,0.8083907
POLA2,ACH-000399,0.5186853
LUC7L2,ACH-000399,0.81963515
ATP5ME,ACH-000399,0.76926136
SF3A2,ACH-000399,0.5882923
UBE2J2,ACH-000399,0.81214017
DHX37,ACH-000399,0.57747185
NUDC,ACH-000399,0.6873312
AHCTF1,ACH-000399,0.61045694
SRFBP1,ACH-000399,0.69466275
POLE2,ACH-000399,0.51815635
ARFRP1,ACH-000399,0.7016758
SOX9,ACH-000399,0.84393734
MIPEP,ACH-000399,0.7939976
SHOC2,ACH-000399,0.82424176
RFC5,ACH-000399,0.4703163
EAPP,ACH-000399,0.7348913
ERBB2,ACH-000399,0.8334067
NHP2,ACH-000399,0.7180437
TOP2A,ACH-000399,0.44574478
H2BC9,ACH-000399,0.63349694
ZCRB1,ACH-000399,0.79764014
BCL2L1,ACH-000399,0.6690775
NDUFB10,ACH-000399,0.7419891
CHEK1,ACH-000399,0.44155186
BUD31,ACH-000399,0.404237
DCTN5,ACH-000399,0.5843737
RPL6,ACH-000399,0.3786873
MRPS7,ACH-000399,0.7860816
EIF2B4,ACH-000399,0.5321707
EXOSC2,ACH-000399,0.66456544
BRD4,ACH-000399,0.6278225
ARIH1,ACH-000399,0.52990776
E4F1,ACH-000399,0.761617
HNF1B,ACH-000399,0.8006825
HSPA5,ACH-000399,0.6596807
RPL14,ACH-000399,0.46887168
CLSPN,ACH-000399,0.6760595
ENO1,ACH-000399,0.8152302
MARS1,ACH-000399,0.45809197
SPCS1,ACH-000399,0.86807525
UQCRB,ACH-000399,0.79790676
PEX1,ACH-000399,0.84749347
ECD,ACH-000399,0.4082315
SLC39A7,ACH-000399,0.67214423
ETF1,ACH-000399,0.5086941
DPM1,ACH-000399,0.86846197
SQLE,ACH-000399,0.82064646
THOC7,ACH-000399,0.6604877
RPL10A,ACH-000399,0.40208364
DDX28,ACH-000399,0.78674734
SNRPD3,ACH-000399,-0.031781852
ALG12,ACH-000399,0.8453422
GPI,ACH-000399,0.783865
ORC5,ACH-000399,0.7241614
TFAP4,ACH-000399,0.827727
CBFB,ACH-000399,0.81532615
SLC33A1,ACH-000399,0.85533196
HAUS5,ACH-000399,0.6747978
GEMIN2,ACH-000399,0.7371758
STT3A,ACH-000399,0.8155976
MBTPS1,ACH-000399,0.75873685
NDUFB11,ACH-000399,0.7559532
NUP155,ACH-000399,0.61363876
STX4,ACH-000399,0.7703758
CHMP4B,ACH-000399,0.6377472
SLX9,ACH-000399,0.8168273
COPS4,ACH-000399,0.6635467
MRPL47,ACH-000399,0.82386464
SYVN1,ACH-000399,0.7434459
TAF1,ACH-000399,0.71826977
TRIAP1,ACH-000399,0.6859847
DDX23,ACH-000399,0.67535424
DNAAF5,ACH-000399,0.846649
ERBB3,ACH-000399,0.8121911
NIFK,ACH-000399,0.51000166
TOMM22,ACH-000399,0.69494665
USP18,ACH-000399,0.76724124
RBBP5,ACH-000399,0.6478906
NARS1,ACH-000399,0.47747082
UBA1,ACH-000399,0.5085267
RBM25,ACH-000399,0.5537176
SEC61B,ACH-000399,0.7862314
SHQ1,ACH-000399,0.73499393
TAOK1,ACH-000399,0.9297244
GINS2,ACH-000399,0.40377837
PIK3C3,ACH-000399,0.7569963
PSMA5,ACH-000399,0.46056962
TSEN34,ACH-000399,0.7503433
DDX49,ACH-000399,0.5278071
TTC7A,ACH-000399,0.82916504
YJU2,ACH-000399,0.5316537
PGP,ACH-000399,0.8426823
RRP9,ACH-000399,0.65822816
ZW10,ACH-000399,0.8738695
MT2A,ACH-000399,0.76137525
ACTR5,ACH-000399,0.8878442
GEMIN5,ACH-000399,0.6065501
MLST8,ACH-000399,0.825
YARS1,ACH-000399,0.45332575
ICMT,ACH-000399,0.7721885
DDX18,ACH-000399,0.5352682
TUBA1B,ACH-000399,0.5874729
EXOC8,ACH-000399,0.7668842
SASS6,ACH-000399,0.67123294
PDCD7,ACH-000399,0.6751503
LIAS,ACH-000399,0.7462216
MED28,ACH-000399,0.5931104
NOL8,ACH-000399,0.686569
CDC40,ACH-000399,0.696986
TPR,ACH-000399,0.6566601
NUDT21,ACH-000399,0.48011363
UBE2N,ACH-000399,0.62810016
MFN2,ACH-000399,0.7288794
PRPF8,ACH-000399,0.4586339
ZMYND8,ACH-000399,0.81270534
MRE11,ACH-000399,0.77339745
CCNK,ACH-000399,0.5597617
RHOA,ACH-000399,0.7707688
SUDS3,ACH-000399,0.71983504
DCTN2,ACH-000399,0.6300485
METAP1,ACH-000399,0.7427393
EIF4A1,ACH-000399,0.6650803
EXOSC3,ACH-000399,0.5998069
ATP6AP2,ACH-000399,0.7270676
MRGBP,ACH-000399,0.76082134
NPEPPS,ACH-000399,0.7464471
SOX2,ACH-000399,0.8221304
PPP6C,ACH-000399,0.79841566
VRK1,ACH-000399,0.7735385
IMP3,ACH-000399,0.60471576
LIPT1,ACH-000399,0.8836226
PTEN,ACH-000399,0.92514056
SLC38A2,ACH-000399,0.7773653
GTF3C6,ACH-000399,0.83152384
CRK,ACH-000399,0.81341493
RPLP1,ACH-000399,0.60939866
MIS12,ACH-000399,0.6277716
PDCD5,ACH-000399,0.7960967
NDUFS7,ACH-000399,0.76014525
CLPB,ACH-000399,0.87309545
XRCC3,ACH-000399,0.7657571
NOA1,ACH-000399,0.80650145
FZR1,ACH-000399,0.8094825
ZNF207,ACH-000399,0.601122
TIMM22,ACH-000399,0.82740456
TBCD,ACH-000399,0.6010137
RUNX1,ACH-000399,0.81809276
PSMD11,ACH-000399,0.46366495
SNRPD1,ACH-000399,0.3241142
MRPL16,ACH-000399,0.80058444
ORC6,ACH-000399,0.4068485
SIAH1,ACH-000399,0.9023556
RAD17,ACH-000399,0.66004807
DICER1,ACH-000399,0.7950835
RTRAF,ACH-000399,0.78676724
NFE2L2,ACH-000399,0.85586375
MMS22L,ACH-000399,0.5418617
FOXM1,ACH-000399,0.79345655
ABCB7,ACH-000399,0.6086051
RPL7L1,ACH-000399,0.48217624
UTP20,ACH-000399,0.59250623
KIN,ACH-000399,0.59092516
PPP1R10,ACH-000399,0.62935567
NDUFA10,ACH-000399,0.7811439
KIF11,ACH-000399,0.31009227
RNF168,ACH-000399,0.7084421
TAF5L,ACH-000399,0.79183424
TANGO6,ACH-000399,0.5283769
BDP1,ACH-000399,0.73352146
PFN1,ACH-000399,0.77550626
DDX39B,ACH-000399,0.7040669
YRDC,ACH-000399,0.5825366
CNOT11,ACH-000399,0.85110384
MAD2L1,ACH-000399,0.48033565
TIPARP,ACH-000399,0.83295196
SMG7,ACH-000399,0.7659209
TNPO3,ACH-000399,0.61660707
MRPL51,ACH-000399,0.8099131
RPA2,ACH-000399,0.3970552
PSMG2,ACH-000399,0.7367502
EEF2,ACH-000399,0.3491326
UTP4,ACH-000399,0.53101254
UFD1,ACH-000399,0.52061605
CEPT1,ACH-000399,0.8314221
SEC63,ACH-000399,0.80293185
TGFBR1,ACH-000399,0.8744764
USP14,ACH-000399,0.84367245
ABT1,ACH-000399,0.59216756
VPS45,ACH-000399,0.78678286
SAP130,ACH-000399,0.7692995
SMARCD1,ACH-000399,0.7858497
H2AC17,ACH-000399,0.6889742
DLG5,ACH-000399,0.8436377
GPS1,ACH-000399,0.66065764
UAP1,ACH-000399,0.7795669
NUP62,ACH-000399,0.7292011
ATP5MF,ACH-000399,0.7035625
GIGYF2,ACH-000399,0.80522174
CYC1,ACH-000399,0.7996881
GFM1,ACH-000399,0.78645146
C1QBP,ACH-000399,0.791251
NUMA1,ACH-000399,0.7295332
XPO1,ACH-000399,0.44464055
FANCA,ACH-000399,0.81742007
RUVBL1,ACH-000399,0.4664766
ANAPC10,ACH-000399,0.52729934
MYC,ACH-000399,0.5855936
POLR1H,ACH-000399,0.7203232
HDAC3,ACH-000399,0.6930953
DPF2,ACH-000399,0.7862325
PTBP1,ACH-000399,0.7817536
NAA35,ACH-000399,0.756166
FBXO5,ACH-000399,0.549875
TUBD1,ACH-000399,0.76941633
RPS18,ACH-000399,0.39494255
RCC1L,ACH-000399,0.80652815
FERMT1,ACH-000399,0.86283094
NELFA,ACH-000399,0.71765673
MED10,ACH-000399,0.76575905
PRELID1,ACH-000399,0.38961282
CDC23,ACH-000399,0.3570047
RPL8,ACH-000399,0.38270217
CNIH4,ACH-000399,0.78606164
GAK,ACH-000399,0.78952646
DCTN6,ACH-000399,0.5424829
SHC1,ACH-000399,0.81399953
UBE2M,ACH-000399,0.5468496
SON,ACH-000399,0.6525792
RRP7A,ACH-000399,0.75335884
MAK16,ACH-000399,0.5389185
EIF3H,ACH-000399,0.6904577
GRK2,ACH-000399,0.7920121
OST4,ACH-000399,0.7869221
HTRA2,ACH-000399,0.8578848
VCP,ACH-000399,0.2773574
SRSF6,ACH-000399,0.79156184
MRPL20,ACH-000399,0.8351944
NOL9,ACH-000399,0.6403745
MED11,ACH-000399,0.5586981
CARS2,ACH-000399,0.8475118
NDOR1,ACH-000399,0.74023354
TRAPPC3,ACH-000399,0.48264003
EP400,ACH-000399,0.6540067
SUPT7L,ACH-000399,0.8966815
CENPA,ACH-000399,0.6695442
DAP3,ACH-000399,0.733135
COQ2,ACH-000399,0.78714645
RPS12,ACH-000399,0.43614563
GTPBP4,ACH-000399,0.52604127
LCMT1,ACH-000399,0.80402195
KCMF1,ACH-000399,0.6728497
CDH2,ACH-000399,0.84382516
INTS12,ACH-000399,0.77639794
METAP2,ACH-000399,0.7192863
PRPF6,ACH-000399,0.5851296
GLRX3,ACH-000399,0.8223887
SURF4,ACH-000399,0.90132135
RPAP2,ACH-000399,0.6589937
CPOX,ACH-000399,0.8446154
TEN1,ACH-000399,0.80254817
RPIA,ACH-000399,0.8098065
CNOT3,ACH-000399,0.6108773
YKT6,ACH-000399,0.5695988
DCAF15,ACH-000399,0.8185652
PSMD8,ACH-000399,0.69755244
XYLT2,ACH-000399,0.7520193
KIF4A,ACH-000399,0.7416364
HNRNPU,ACH-000399,0.63086927
GPX4,ACH-000399,0.7384379
ATMIN,ACH-000399,0.78351986
NCAPG,ACH-000399,0.5209
CDC37,ACH-000399,0.57672507
GNPNAT1,ACH-000399,0.84429103
ATP5PB,ACH-000399,0.74200356
FIP1L1,ACH-000399,0.62545174
DDX20,ACH-000399,0.5972426
LSM2,ACH-000399,0.3893564
ATP6V1H,ACH-000399,0.68487394
PSMA3,ACH-000399,0.3203678
THAP11,ACH-000399,0.7508749
CSTF2,ACH-000399,0.8453277
RPRD2,ACH-000399,0.75083435
KHSRP,ACH-000399,0.8711452
VMA21,ACH-000399,0.8140773
WTAP,ACH-000399,0.6694323
LDLR,ACH-000399,0.8227553
SUPT5H,ACH-000399,0.57005644
BNIP1,ACH-000399,0.71282464
MASTL,ACH-000399,0.6230918
FKBP1A,ACH-000399,0.76717687
GNL3,ACH-000399,0.60545015
RCC1,ACH-000399,0.5794489
RPS19,ACH-000399,0.26676387
CDK2,ACH-000399,0.700286
JUN,ACH-000399,0.81256986
GOLGA7,ACH-000399,0.8467438
CDKN1A,ACH-000399,0.8920173
KIRREL1,ACH-000399,0.90598065
MTG2,ACH-000399,0.7962564
SNRPF,ACH-000399,0.27947202
VARS1,ACH-000399,0.5518256
METTL1,ACH-000399,0.74437356
EIF3F,ACH-000399,0.5835558
RPL37,ACH-000399,0.54939663
PMPCB,ACH-000399,0.52416205
PSMD7,ACH-000399,0.54051065
TTF2,ACH-000399,0.68054324
CIT,ACH-000399,0.76107687
SETD2,ACH-000399,0.79456294
EMC3,ACH-000399,0.79837275
CAD,ACH-000399,0.79344
U2AF1,ACH-000399,0.4928759
URB1,ACH-000399,0.6675805
MCM3,ACH-000399,0.6440301
SUPV3L1,ACH-000399,0.6685015
UBE2D3,ACH-000399,0.71290827
NMT1,ACH-000399,0.65955037
MCM4,ACH-000399,0.5341582
GET3,ACH-000399,0.74376917
MRPL44,ACH-000399,0.75468737
SCAP,ACH-000399,0.6082096
RAB6A,ACH-000399,0.7757487
FNTA,ACH-000399,0.6501574
ATP6V0D1,ACH-000399,0.5872672
PHF12,ACH-000399,0.75369227
SF3B3,ACH-000399,0.35516542
MRM3,ACH-000399,0.8571361
WRN,ACH-000399,0.8390055
TRRAP,ACH-000399,0.58251935
SARS2,ACH-000399,0.718137
NOP14,ACH-000399,0.6604904
TRAPPC8,ACH-000399,0.5157523
ACIN1,ACH-000399,0.75554824
ANAPC5,ACH-000399,0.5239431
NOL10,ACH-000399,0.62197506
CCND2,ACH-000399,0.8571579
RFC2,ACH-000399,0.51068604
DOT1L,ACH-000399,0.816328
URI1,ACH-000399,0.61086446
MED30,ACH-000399,0.41663864
DDX10,ACH-000399,0.560779
SNU13,ACH-000399,0.37390828
STK40,ACH-000399,0.8621891
DNAJC19,ACH-000399,0.83511233
ANAPC15,ACH-000399,0.781932
RPA3,ACH-000399,0.39855018
ELOA,ACH-000399,0.81682724
DDOST,ACH-000399,0.68655884
UBXN4,ACH-000399,0.91284424
RNF8,ACH-000399,0.7554159
GTF3C1,ACH-000399,0.69011444
BUB1B,ACH-000399,0.58558387
TFAP2A,ACH-000399,0.6333786
SMC4,ACH-000399,0.5309552
TPT1,ACH-000399,0.69931304
PPIL4,ACH-000399,0.6652473
CENPC,ACH-000399,0.700925
MED17,ACH-000399,0.6259391
ZNF131,ACH-000399,0.6615274
TNPO1,ACH-000399,0.8038989
PDE12,ACH-000399,0.7873802
NUP85,ACH-000399,0.5800358
ATP5MG,ACH-000399,0.7872244
ARHGEF7,ACH-000399,0.882233
DERL2,ACH-000399,0.8427466
USP9X,ACH-000399,0.7480675
PITRM1,ACH-000399,0.8161462
NDUFC1,ACH-000399,0.78860366
DYNC1H1,ACH-000399,0.5462676
FARSB,ACH-000399,0.49328536
NDUFB7,ACH-000399,0.76949996
MZT1,ACH-000399,0.56440616
EIF2AK4,ACH-000399,0.9014692
TBL3,ACH-000399,0.62969023
RAB18,ACH-000399,0.8373036
UBE3D,ACH-000399,0.8294992
RPS9,ACH-000399,0.5220113
UFSP2,ACH-000399,0.87209755
PSMA1,ACH-000399,0.3698186
RABGGTB,ACH-000399,0.60247904
GSPT1,ACH-000399,0.4683957
RBM17,ACH-000399,0.6133443
EIF3M,ACH-000399,0.6773644
EBNA1BP2,ACH-000399,0.6645455
UTP15,ACH-000399,0.54145455
GLS,ACH-000399,0.86500686
PTCD1,ACH-000399,0.8114658
CDCA8,ACH-000399,0.55716556
PCGF1,ACH-000399,0.81677634
EIF3E,ACH-000399,0.6174882
PPA2,ACH-000399,0.82495046
GINS3,ACH-000399,0.6328363
DDX27,ACH-000399,0.6621345
GBF1,ACH-000399,0.6393505
POLR3E,ACH-000399,0.65470266
MED8,ACH-000399,0.6976513
ACTB,ACH-000399,0.7733309
MRPL22,ACH-000399,0.75804543
DPH5,ACH-000399,0.8629189
MCM6,ACH-000399,0.60672206
POLR3A,ACH-000399,0.37777016
WASHC3,ACH-000399,0.82015485
ANAPC4,ACH-000399,0.6006445
VBP1,ACH-000399,0.79584086
KIDINS220,ACH-000399,0.86997133
RPP21,ACH-000399,0.6662347
NDUFC2,ACH-000399,0.7408762
TUBGCP4,ACH-000399,0.59192955
YEATS2,ACH-000399,0.7748243
RPA1,ACH-000399,0.38378826
RPS24,ACH-000399,0.53071016
MTCH2,ACH-000399,0.82909554
TRAIP,ACH-000399,0.7220324
COG7,ACH-000399,0.8435755
PPP2R2A,ACH-000399,0.85008055
EFL1,ACH-000399,0.6657461
CDIPT,ACH-000399,0.78063655
METTL14,ACH-000399,0.7062713
PSMD12,ACH-000399,0.4713716
IRF2,ACH-000399,0.86614245
TOMM70,ACH-000399,0.8133044
PAM16,ACH-000399,0.54584396
TBL1XR1,ACH-000399,0.773769
UBE2Q1,ACH-000399,0.7871791
CUL3,ACH-000399,0.73156935
NXF1,ACH-000399,0.60995746
TINF2,ACH-000399,0.5118369
SYS1,ACH-000399,0.6445261
HNRNPM,ACH-000399,0.7027222
SMC2,ACH-000399,0.559834
DDX52,ACH-000399,0.72845817
EEF2KMT,ACH-000399,0.66785944
FNTB,ACH-000399,0.7180568
PTK2,ACH-000399,0.8215487
RPL26,ACH-000399,0.50502896
RINT1,ACH-000399,0.64613116
IPO5,ACH-000399,0.86569816
NSF,ACH-000399,0.45838824
MRPS30,ACH-000399,0.80422604
DSN1,ACH-000399,0.6708443
LRR1,ACH-000399,0.3818863
OXA1L,ACH-000399,0.6827755
PSMD13,ACH-000399,0.6338845
IER3IP1,ACH-000399,0.8540512
POLE3,ACH-000399,0.86478215
THOC5,ACH-000399,0.5507196
TONSL,ACH-000399,0.47794342
SNIP1,ACH-000399,0.7888329
TIPRL,ACH-000399,0.79924953
PFAS,ACH-000399,0.7672436
SLC30A9,ACH-000399,0.8033025
MRPS24,ACH-000399,0.8267357
FOSL1,ACH-000399,0.8040947
RPL18A,ACH-000399,0.30483514
STRAP,ACH-000399,0.7221378
SENP6,ACH-000399,0.5733182
CCNC,ACH-000399,0.8097994
LSM7,ACH-000399,0.4711526
SMARCA4,ACH-000399,0.8283861
KMT2A,ACH-000399,0.83327806
KIF18A,ACH-000399,0.5984863
MCL1,ACH-000399,0.6417563
BCL6,ACH-000399,0.8341461
PIK3R1,ACH-000399,0.8668236
POMP,ACH-000399,0.7827339
PPP1R11,ACH-000399,0.6436904
BOP1,ACH-000399,0.6191992
LIG1,ACH-000399,0.7622464
PPM1G,ACH-000399,0.82525355
PPIA,ACH-000399,0.67540085
TADA2B,ACH-000399,0.84287274
NVL,ACH-000399,0.61201704
CIAO2A,ACH-000399,0.7760123
RNGTT,ACH-000399,0.35989267
RANBP3,ACH-000399,0.8309944
PFDN2,ACH-000399,0.5086965
CARM1,ACH-000399,0.8016318
CDC16,ACH-000399,0.39975524
SPATA31A6,ACH-000399,0.78749245
PDE4DIP,ACH-000399,0.72201586
RPP25L,ACH-000399,0.8661665
POLE,ACH-000399,0.5435132
RPL35,ACH-000399,0.59725225
SOD1,ACH-000399,0.6274748
XAB2,ACH-000399,0.40978816
UBL5,ACH-000399,0.30327255
ZFP36L2,ACH-000399,0.84070104
TSEN54,ACH-000399,0.68220735
GATA3,ACH-000399,0.8786136
HSF1,ACH-000399,0.8378126
RPS21,ACH-000399,0.5535172
COG8,ACH-000399,0.754459
ANLN,ACH-000399,0.7795176
REV3L,ACH-000399,0.72537124
RRS1,ACH-000399,0.60826266
RPL23A,ACH-000399,0.44951084
PAFAH1B1,ACH-000399,0.39033526
QARS1,ACH-000399,0.5209485
DNLZ,ACH-000399,0.8065215
HIRA,ACH-000399,0.7775519
NDUFAF4,ACH-000399,0.7862936
RABIF,ACH-000399,0.77748764
RBBP8,ACH-000399,0.70885265
ACTR6,ACH-000399,0.7138461
CDK13,ACH-000399,0.81391937
RABGGTA,ACH-000399,0.58306044
ARMC5,ACH-000399,0.811223
IPO13,ACH-000399,0.5871378
ARF6,ACH-000399,0.83889574
MAPK14,ACH-000399,0.86096233
APC,ACH-000399,0.7934418
NDUFA6,ACH-000399,0.7592498
RCL1,ACH-000399,0.6723528
BCS1L,ACH-000399,0.7761804
GNB1L,ACH-000399,0.7739984
PSMB7,ACH-000399,0.60990083
RPS29,ACH-000399,0.29396552
SPC25,ACH-000399,0.4928006
RAD51,ACH-000399,0.5558418
ATP5F1B,ACH-000399,0.67502743
COPS5,ACH-000399,0.5094394
EXOSC7,ACH-000399,0.67025626
RSL1D1,ACH-000399,0.5813517
EIF5AL1,ACH-000399,0.7836145
POLR3D,ACH-000399,0.73236907
MTPAP,ACH-000399,0.77800465
DYNLL1,ACH-000399,0.7433554
PSMC1,ACH-000399,0.58113384
TAPT1,ACH-000399,0.8437013
SLC16A1,ACH-000399,0.829657
RBM10,ACH-000399,0.7944267
RAF1,ACH-000399,0.81444883
RAD51C,ACH-000399,0.6873627
SUPT6H,ACH-000399,0.4673226
SNAPC2,ACH-000399,0.6102705
MAD2L2,ACH-000399,0.6590314
RBM22,ACH-000399,0.5056037
SMG6,ACH-000399,0.62788415
KIF2C,ACH-000399,0.81269485
PUF60,ACH-000399,0.31325704
SPTLC2,ACH-000399,0.83446944
ZMAT5,ACH-000399,0.6794447
NDUFS1,ACH-000399,0.779297
SAMM50,ACH-000399,0.7509384
HSPA8,ACH-000399,0.6924859
CDS2,ACH-000399,0.8145971
NOP58,ACH-000399,0.5240122
RACK1,ACH-000399,0.50228024
ATP6V1D,ACH-000399,0.71239763
NAE1,ACH-000399,0.74865365
LAMTOR4,ACH-000399,0.8241908
RBMX,ACH-000399,0.50665087
PGD,ACH-000399,0.7392147
SYNCRIP,ACH-000399,0.8150528
UGP2,ACH-000399,0.7974496
LYRM4,ACH-000399,0.62724954
POP7,ACH-000399,0.72721505
MRPL57,ACH-000399,0.75606537
MAT2A,ACH-000399,0.5286516
ICE2,ACH-000399,0.73134005
CHMP7,ACH-000399,0.7877281
RPN2,ACH-000399,0.7747029
MRPL32,ACH-000399,0.76472485
TYMS,ACH-000399,0.706982
H2AX,ACH-000399,0.7715666
TEAD1,ACH-000399,0.82778424
GABPB1,ACH-000399,0.7464426
CCNH,ACH-000399,0.63614553
EIF3J,ACH-000399,0.74433184
RPF2,ACH-000399,0.5789587
RNF4,ACH-000399,0.74703825
DHFR,ACH-000399,0.6317871
KIF20A,ACH-000399,0.78325975
RPL30,ACH-000399,0.5477865
COX5A,ACH-000399,0.76909375
SCFD1,ACH-000399,0.6088746
RPS11,ACH-000399,0.3600058
PARD3,ACH-000399,0.85776526
HARS1,ACH-000399,0.53731596
MDM4,ACH-000399,0.7737029
RIC8A,ACH-000399,0.90329736
PSMB6,ACH-000399,0.5249729
ZFX,ACH-000399,0.83984166
PDCD11,ACH-000399,0.6671523
RPL22L1,ACH-000399,0.8658904
MRPL24,ACH-000399,0.7487434
TARS2,ACH-000399,0.7683711
TTC4,ACH-000399,0.7657368
NDUFV2,ACH-000399,0.8483755
MEMO1,ACH-000399,0.8602093
PSMA6,ACH-000399,0.2344745
RRN3,ACH-000399,0.4532433
DDX21,ACH-000399,0.65686846
HNRNPK,ACH-000399,0.36193252
TRMT112,ACH-000399,0.46609774
FLCN,ACH-000399,0.85404944
FAM32A,ACH-000399,0.6762459
MNT,ACH-000399,0.82222706
CKS1B,ACH-000399,0.7166902
RPL3,ACH-000399,0.29155684
NDUFA11,ACH-000399,0.7758318
DAXX,ACH-000399,0.79858565
MRPL9,ACH-000399,0.7617141
RAB7A,ACH-000399,0.7494095
FBL,ACH-000399,0.645042
BRPF1,ACH-000399,0.8322901
SOCS3,ACH-000399,0.84050125
TARDBP,ACH-000399,0.7110646
COG5,ACH-000399,0.87212735
RNF7,ACH-000399,0.84964365
HINFP,ACH-000399,0.51939
POC1A,ACH-000399,0.8299026
UQCRFS1,ACH-000399,0.76480544
SKA3,ACH-000399,0.7111238
PTPN1,ACH-000399,0.8143682
CTC1,ACH-000399,0.78975284
HAUS4,ACH-000399,0.5896107
PRKRA,ACH-000399,0.7113769
FBXO11,ACH-000399,0.80186963
TADA3,ACH-000399,0.78904974
ASCL1,ACH-000399,0.8592357
KIF23,ACH-000399,0.44871098
AHR,ACH-000399,0.84830374
EIF2B2,ACH-000399,0.5865228
HEATR3,ACH-000399,0.7942091
PPP1CB,ACH-000399,0.64394176
SRP9,ACH-000399,0.6908588
NCAPG2,ACH-000399,0.62138975
NUBP1,ACH-000399,0.5994373
RPP30,ACH-000399,0.7214715
SMARCA2,ACH-000399,0.78535795
WDR75,ACH-000399,0.53117174
TOP3A,ACH-000399,0.6012347
PPCS,ACH-000399,0.8013272
YARS2,ACH-000399,0.6813928
EIF1AX,ACH-000399,0.5328426
SMC1A,ACH-000399,0.5722948
HCFC1,ACH-000399,0.55773747
RNASEH2A,ACH-000399,0.80925995
CINP,ACH-000399,0.65464306
SERBP1,ACH-000399,0.7447288
COA5,ACH-000399,0.80526286
WNK1,ACH-000399,0.799139
AFG3L2,ACH-000399,0.6550941
CCNB1,ACH-000399,0.71265626
NDUFB6,ACH-000399,0.7613292
RNMT,ACH-000399,0.67368126
TMEM41B,ACH-000399,0.7896122
UBAP1,ACH-000399,0.6660405
PTPN23,ACH-000399,0.73374057
RPL38,ACH-000399,0.50057137
NCAPD2,ACH-000399,0.5916464
TP53,ACH-000399,0.92675155
TIMM8A,ACH-000399,0.84788626
TRNAU1AP,ACH-000399,0.76864433
PPAN,ACH-000399,0.632552
DPH3,ACH-000399,0.68248194
PPP1R2,ACH-000399,0.74919
IFITM3,ACH-000399,0.6352271
CDCA3,ACH-000399,0.83222836
MRPL58,ACH-000399,0.7615506
BCAR1,ACH-000399,0.82597494
PXN,ACH-000399,0.80345297
MUC20,ACH-000399,0.8336287
RBBP6,ACH-000399,0.6277717
MFAP1,ACH-000399,0.50740576
RPL11,ACH-000399,0.38427168
ITPK1,ACH-000399,0.8038986
RPL31,ACH-000399,0.33705845
ANAPC2,ACH-000399,0.59892416
NDUFB8,ACH-000399,0.7910658
ARNT,ACH-000399,0.8597243
ATXN7L3,ACH-000399,0.8948855
PTAR1,ACH-000399,0.81466395
COP1,ACH-000399,0.80388856
GNL3L,ACH-000399,0.66689396
MRPL35,ACH-000399,0.765275
PPIL2,ACH-000399,0.5870224
SSB,ACH-000399,0.7068064
LEMD2,ACH-000399,0.80425835
NOP16,ACH-000399,0.57915276
DHPS,ACH-000399,0.71168613
TRIR,ACH-000399,0.8901462
INTS5,ACH-000399,0.626336
CTNNBL1,ACH-000399,0.76560676
GTF3C3,ACH-000399,0.71801233
FUBP1,ACH-000399,0.81892043
CHMP6,ACH-000399,0.5168346
DCPS,ACH-000399,0.8815846
COX18,ACH-000399,0.8250385
VPS4B,ACH-000399,0.8142596
SNF8,ACH-000399,0.6676225
TARS1,ACH-000399,0.4516901
YWHAE,ACH-000399,0.8105918
PPWD1,ACH-000399,0.44134665
HNRNPC,ACH-000399,0.63352716
HGS,ACH-000399,0.748989
POT1,ACH-000399,0.7676691
RNPS1,ACH-000399,0.6837021
UBR4,ACH-000399,0.6053987
DHX36,ACH-000399,0.7348387
CNOT2,ACH-000399,0.8169802
SDAD1,ACH-000399,0.6216974
DOCK5,ACH-000399,0.8675042
POLR2E,ACH-000399,0.57615274
INTS10,ACH-000399,0.73122734
PRPF40A,ACH-000399,0.6681402
ACLY,ACH-000399,0.7887131
POLR3B,ACH-000399,0.4460108
SUPT16H,ACH-000399,0.4916551
EIF4A3,ACH-000399,0.35940596
MAX,ACH-000399,0.68211114
CIAO1,ACH-000399,0.6386708
AHCYL1,ACH-000399,0.79922783
COX6A1,ACH-000399,0.7924061
FARSA,ACH-000399,0.70138305
INO80,ACH-000399,0.7065917
INTS13,ACH-000399,0.759308
TFAM,ACH-000399,0.7901394
ALDH18A1,ACH-000399,0.86773956
RPL9,ACH-000399,0.45321888
TIPIN,ACH-000399,0.7030345
MRM2,ACH-000399,0.776103
SRSF1,ACH-000399,0.51639414
KEAP1,ACH-000399,0.819097
LIN54,ACH-000399,0.7845453
DNAJC17,ACH-000399,0.6043797
SRSF11,ACH-000399,0.6565202
RPRD1B,ACH-000399,0.80130255
KDM8,ACH-000399,0.79126525
LARP7,ACH-000399,0.86069435
PDCL,ACH-000399,0.7930364
FBXO7,ACH-000399,0.8582451
UBA2,ACH-000399,0.6410369
CCAR1,ACH-000399,0.724378
CASC3,ACH-000399,0.7581079
NAA25,ACH-000399,0.7045605
RBBP4,ACH-000399,0.64985067
INTS6,ACH-000399,0.69650245
KDM2A,ACH-000399,0.77148324
RAC1,ACH-000399,0.7482299
GOLGA8R,ACH-000399,0.77349013
HAUS7,ACH-000399,0.6089218
ESPL1,ACH-000399,0.39249265
KNTC1,ACH-000399,0.8262128
MED25,ACH-000399,0.71452177
PSMD1,ACH-000399,0.5809745
CFAP298,ACH-000399,0.5978986
DARS1,ACH-000399,0.50593317
MRPL10,ACH-000399,0.6977875
NCL,ACH-000399,0.7062899
THOC1,ACH-000399,0.6381478
EED,ACH-000399,0.8463277
MRPS34,ACH-000399,0.7909567
TGIF1,ACH-000399,0.8951846
NSA2,ACH-000399,0.6160062
MRPS27,ACH-000399,0.7563863
UROD,ACH-000399,0.73902285
TICRR,ACH-000399,0.51525795
USP8,ACH-000399,0.7028423
CENPN,ACH-000399,0.5963618
MYH9,ACH-000399,0.80852675
PSMB3,ACH-000399,0.38624212
NUP153,ACH-000399,0.75739497
NDUFA9,ACH-000399,0.7830061
PRPF3,ACH-000399,0.6885685
CNOT1,ACH-000399,0.70169806
VCPIP1,ACH-000399,0.81889385
COPA,ACH-000399,0.3982201
ATP6V1G1,ACH-000399,0.69428635
USP1,ACH-000399,0.8148524
RPS7,ACH-000399,0.45833892
SMNDC1,ACH-000399,0.700184
EIF4G2,ACH-000399,0.7614347
RPS14,ACH-000399,0.46439904
TIMM10,ACH-000399,0.6883571
TSR2,ACH-000399,0.5181724
XRCC6,ACH-000399,0.534207
CIAO3,ACH-000399,0.5485517
YAP1,ACH-000399,0.82516545
SBDS,ACH-000399,0.50189674
COA6,ACH-000399,0.8170929
SUGP1,ACH-000399,0.8338912
KANSL3,ACH-000399,0.6376143
KDM5C,ACH-000399,0.8435016
RBX1,ACH-000399,0.5737165
COG1,ACH-000399,0.77547884
NDUFB2,ACH-000399,0.7779356
CRLS1,ACH-000399,0.7650584
HS6ST1,ACH-000399,0.76363325
LETM1,ACH-000399,0.7237562
NOP10,ACH-000399,0.69142425
GEMIN7,ACH-000399,0.74587333
SEC16A,ACH-000399,0.72206455
ITGB1,ACH-000399,0.8562501
CFAP20,ACH-000399,0.763528
NSMCE4A,ACH-000399,0.7157593
NDUFB9,ACH-000399,0.7441571
NBAS,ACH-000399,0.72720313
SLC20A1,ACH-000399,0.8031738
PTDSS1,ACH-000399,0.8384401
UBA6,ACH-000399,0.7725347
POLE4,ACH-000399,0.89041245
RBM12,ACH-000399,0.8314021
PSMA4,ACH-000399,0.5263328
STK11,ACH-000399,0.88211614
SLC25A26,ACH-000399,0.79808986
NAA15,ACH-000399,0.5950691
SMC5,ACH-000399,0.71499157
VMP1,ACH-000399,0.6700777
CLASRP,ACH-000399,0.80793124
CDC5L,ACH-000399,0.47346932
POLR2C,ACH-000399,0.42599216
TMEM165,ACH-000399,0.8407177
NUP98,ACH-000399,0.6531662
KRI1,ACH-000399,0.6815522
MOCS3,ACH-000399,0.7110649
PUM1,ACH-000399,0.77277994
LMNA,ACH-000399,0.81147474
COQ7,ACH-000399,0.81538516
SCO2,ACH-000399,0.810852
RPS3,ACH-000399,0.3712317
DDX42,ACH-000399,0.6768888
OTUD5,ACH-000399,0.7918078
PNN,ACH-000399,0.6860439
UBA5,ACH-000399,0.77076954
NUP58,ACH-000399,0.7213381
UTP3,ACH-000399,0.7753986
TENT4B,ACH-000399,0.8016002
FDFT1,ACH-000399,0.8245911
RPL37A,ACH-000399,0.40300712
PAGR1,ACH-000399,0.9263516
TDP2,ACH-000399,0.8346861
SACM1L,ACH-000399,0.58640647
DHX8,ACH-000399,0.5403983
DIDO1,ACH-000399,0.7867838
UBE2C,ACH-000399,0.71596336
CENATAC,ACH-000399,0.6231574
HNRNPH1,ACH-000399,0.6277256
THG1L,ACH-000399,0.7262194
RPS23,ACH-000399,0.39128765
NARS2,ACH-000399,0.8371585
ARF1,ACH-000399,0.8001251
WDR5,ACH-000399,0.6557989
NPLOC4,ACH-000399,0.5430259
CDK12,ACH-000399,0.6985169
PSMA7,ACH-000399,0.35833192
SEC61A1,ACH-000399,0.48272437
RPS17,ACH-000399,0.50387484
PDHA1,ACH-000399,0.8440593
CREBBP,ACH-000399,0.82152444
PRDX1,ACH-000399,0.890106
ATP6V0C,ACH-000399,0.37400672
EXT1,ACH-000399,0.73937666
TTK,ACH-000399,0.6716689
TRUB2,ACH-000399,0.82104343
MRPL13,ACH-000399,0.8524068
SH3GL1,ACH-000399,0.8623628
GRSF1,ACH-000399,0.82141775
ARPC3,ACH-000399,0.73444873
PPM1D,ACH-000399,0.83408886
TRAPPC4,ACH-000399,0.6797687
SEC61G,ACH-000399,0.65323246
THOC3,ACH-000399,0.6152133
PMPCA,ACH-000399,0.5122818
ALG2,ACH-000399,0.61270386
POLRMT,ACH-000399,0.7605307
TIMM17A,ACH-000399,0.8082132
POLR3C,ACH-000399,0.6284418
PALB2,ACH-000399,0.8388898
POP5,ACH-000399,0.5680692
MSL1,ACH-000399,0.7946485
PPP2R3C,ACH-000399,0.7671423
RPLP0,ACH-000399,0.565753
ACTR8,ACH-000399,0.7521272
ATIC,ACH-000399,0.84842795
RAD51B,ACH-000399,0.7791992
SLC25A28,ACH-000399,0.7781658
ITGAV,ACH-000399,0.72663486
PPP2R1A,ACH-000399,0.71318924
MRPL55,ACH-000399,0.7757933
MED4,ACH-000399,0.6207656
PAK1IP1,ACH-000399,0.6429522
RPL7,ACH-000399,0.54982543
PDSS1,ACH-000399,0.79935443
CHAF1B,ACH-000399,0.46222812
CSDE1,ACH-000399,0.79756343
FEN1,ACH-000399,0.7136445
TUT1,ACH-000399,0.4511235
FLI1,ACH-000399,0.8832179
RPL23,ACH-000399,0.29676193
BRIX1,ACH-000399,0.6469624
ERCC3,ACH-000399,0.5330757
NOC3L,ACH-000399,0.74788916
EMC4,ACH-000399,0.7919072
CCNL1,ACH-000399,0.7730514
PRELID3B,ACH-000399,0.5071777
CSTF1,ACH-000399,0.72529924
DNAJC11,ACH-000399,0.7774573
DNAJC2,ACH-000399,0.82840616
DPH1,ACH-000399,0.8292647
PWP2,ACH-000399,0.60532975
CCDC6,ACH-000399,0.7933326
PSMD4,ACH-000399,0.54485226
PFDN6,ACH-000399,0.4718501
SNAI2,ACH-000399,0.83506984
MRPL12,ACH-000399,0.7943858
GET1,ACH-000399,0.7975112
MRPS17,ACH-000399,0.83894986
CAB39,ACH-000399,0.8690859
ARHGAP29,ACH-000399,0.8011284
RBBP7,ACH-000399,0.83865374
TMEM199,ACH-000399,0.783213
SREK1IP1,ACH-000399,0.8686622
CD2BP2,ACH-000399,0.81661874
EMC1,ACH-000399,0.78571194
ORC3,ACH-000399,0.76678663
ELP1,ACH-000399,0.72172105
BRK1,ACH-000399,0.87927884
PI4KA,ACH-000399,0.75427735
RPUSD3,ACH-000399,0.86221117
RRM2,ACH-000399,0.36144778
TRIM28,ACH-000399,0.8213356
RSL24D1,ACH-000399,0.47974804
NDUFS3,ACH-000399,0.77116287
STXBP3,ACH-000399,0.8081861
SETD1B,ACH-000399,0.81803316
SUPT20H,ACH-000399,0.8623782
CHMP2A,ACH-000399,0.4636697
TMEM80,ACH-000399,0.8173827
SART3,ACH-000399,0.5311148
TELO2,ACH-000399,0.7594886
DCTN3,ACH-000399,0.684847
ATP2B1,ACH-000399,0.8443049
POLG2,ACH-000399,0.85623676
PDCD10,ACH-000399,0.90316397
SPRTN,ACH-000399,0.74376965
EIF1,ACH-000399,0.6111038
TMED2,ACH-000399,0.7511148
MED23,ACH-000399,0.8297269
RPS6,ACH-000399,0.44303975
ATP5PO,ACH-000399,0.7785617
PMVK,ACH-000399,0.78408444
IDH3A,ACH-000399,0.7742337
USP5,ACH-000399,0.5952211
SRRM2,ACH-000399,0.81698817
OSGEP,ACH-000399,0.6027569
RASA4,ACH-000399,0.81509846
TAF12,ACH-000399,0.7242336
CCT4,ACH-000399,0.4728024
UGCG,ACH-000399,0.82779783
WDR36,ACH-000399,0.5193887
TOPBP1,ACH-000399,0.57669306
SNRNP70,ACH-000399,0.68956757
BARD1,ACH-000399,0.7258203
PPRC1,ACH-000399,0.8227832
MAP4K4,ACH-000399,0.863584
RAD21,ACH-000399,0.56854665
ZNF407,ACH-000399,0.6811011
SF3A3,ACH-000399,0.38601786
ALG11,ACH-000399,0.57720745
TOMM20,ACH-000399,0.751935
RARS2,ACH-000399,0.7837802
SRSF7,ACH-000399,0.4058859
CENPM,ACH-000399,0.66921705
SAMD4B,ACH-000399,0.7510767
SKA2,ACH-000399,0.7281302
OSTC,ACH-000399,0.80371547
H2BC4,ACH-000399,0.5002066
GTF2A2,ACH-000399,0.56898844
ARID1A,ACH-000399,0.8099387
BTF3,ACH-000399,0.73462975
GGTLC2,ACH-000399,0.6911415
DDX11,ACH-000399,0.7335344
TUBB3,ACH-000399,0.83447534
WDR83,ACH-000399,0.7520168
TOMM40,ACH-000399,0.62377477
WDR18,ACH-000399,0.62347186
CCT5,ACH-000399,0.57665753
HNRNPA1,ACH-000399,0.7685996
MYCN,ACH-000399,0.8357473
PDS5A,ACH-000399,0.79745287
CENPI,ACH-000399,0.7174753
RPS16,ACH-000399,0.4302738
SCD,ACH-000399,0.7310922
MRPL28,ACH-000399,0.78716326
RIOK1,ACH-000399,0.6324716
BCLAF1,ACH-000399,0.7478188
UFM1,ACH-000399,0.77824104
DNAAF10,ACH-000399,0.671502
VPS28,ACH-000399,0.51827496
POLR1B,ACH-000399,0.572412
ZFC3H1,ACH-000399,0.7750101
CWF19L2,ACH-000399,0.7699343
SCAF8,ACH-000399,0.8250937
RPL36A,ACH-000399,0.5600265
URM1,ACH-000399,0.7402636
CKAP5,ACH-000399,0.46091056
METTL16,ACH-000399,0.652293
PDPK1,ACH-000399,0.63303995
HMGB1,ACH-000399,0.76391494
SRCAP,ACH-000399,0.63214624
EIF2S2,ACH-000399,0.58892995
OGDH,ACH-000399,0.7366603
TXNL4A,ACH-000399,0.43350023
VPS36,ACH-000399,0.7974266
YY1,ACH-000399,0.7313418
NPM1,ACH-000399,0.6767109
PSMG1,ACH-000399,0.7714447
E2F3,ACH-000399,0.8483556
CTU2,ACH-000399,0.7057128
POLR1A,ACH-000399,0.571953
XRCC2,ACH-000399,0.785478
ZC3H13,ACH-000399,0.7385863
HAUS6,ACH-000399,0.57261384
TLK2,ACH-000399,0.7327422
AK6,ACH-000399,0.62251586
CRKL,ACH-000399,0.6842172
BRAP,ACH-000399,0.74456286
HUWE1,ACH-000399,0.6815724
NAMPT,ACH-000399,0.73755085
SMG1,ACH-000399,0.6647284
UBTF,ACH-000399,0.51497805
PRKAR1A,ACH-000399,0.82922196
FADD,ACH-000399,0.83510244
STX5,ACH-000399,0.5648248
EIF2B3,ACH-000399,0.531752
NUP205,ACH-000399,0.6060367
VPS13D,ACH-000399,0.7074797
GPATCH1,ACH-000399,0.7625314
GTF2A1,ACH-000399,0.67223966
CUL1,ACH-000399,0.72657645
SNRNP48,ACH-000399,0.7768389
ELMO2,ACH-000399,0.8749208
PLRG1,ACH-000399,0.6349004
TTC1,ACH-000399,0.6385467
AQP7,ACH-000399,0.7930901
NDUFS2,ACH-000399,0.7604755
TOP1,ACH-000399,0.66958344
GSK3B,ACH-000399,0.8770371
SART1,ACH-000399,0.6535574
PKMYT1,ACH-000399,0.629781
DHX33,ACH-000399,0.6818171
RPAIN,ACH-000399,0.6635644
BCAS2,ACH-000399,0.6021878
DR1,ACH-000399,0.66671044
EIF3D,ACH-000399,0.537584
PWP1,ACH-000399,0.7436649
CDK4,ACH-000399,0.76768696
AMD1,ACH-000399,0.7843432
RBM28,ACH-000399,0.7534648
GFM2,ACH-000399,0.8247476
DNAJA3,ACH-000399,0.6729853
PAICS,ACH-000399,0.76368177
WDR4,ACH-000399,0.8494312
CENPO,ACH-000399,0.75063276
ALG1,ACH-000399,0.69712055
ITGB5,ACH-000399,0.80112433
NFYC,ACH-000399,0.70580673
DDX56,ACH-000399,0.4782703
FDXR,ACH-000399,0.7422142
ATL2,ACH-000399,0.7727454
PREB,ACH-000399,0.602526
STEEP1,ACH-000399,0.7580389
EIPR1,ACH-000399,0.8714163
FDPS,ACH-000399,0.7605637
CHTF8,ACH-000399,0.7550712
FGFR1,ACH-000399,0.8087573
CDK9,ACH-000399,0.57689536
SUGT1,ACH-000399,0.69969225
VPS33A,ACH-000399,0.7607157
COX10,ACH-000399,0.80056787
ATP2A2,ACH-000399,0.59156036
ATP6V1F,ACH-000399,0.65206087
C1D,ACH-000399,0.8096636
GTF2F2,ACH-000399,0.696725
MRPL36,ACH-000399,0.7485523
PRPF31,ACH-000399,0.48078293
SOD2,ACH-000399,0.68121296
CMIP,ACH-000399,0.81847566
EXOSC6,ACH-000399,0.6002548
TCF7L2,ACH-000399,0.81334084
COPZ1,ACH-000399,0.61403185
GTSE1,ACH-000399,0.80781466
MED26,ACH-000399,0.767022
MARK2,ACH-000399,0.85765946
TRA2B,ACH-000399,0.71132296
VPS37A,ACH-000399,0.81635135
XPO5,ACH-000399,0.77417386
COQ4,ACH-000399,0.7199756
PFDN1,ACH-000399,0.7598895
DPAGT1,ACH-000399,0.62679666
AP1G1,ACH-000399,0.7711896
RPL26L1,ACH-000399,0.8000712
ROMO1,ACH-000399,0.69369423
HNRNPA2B1,ACH-000399,0.8347356
CHD4,ACH-000399,0.6316138
DYNLRB1,ACH-000399,0.4968515
PKM,ACH-000399,0.6762488
LCE2B,ACH-000399,0.78241205
FASN,ACH-000399,0.8246544
EGLN1,ACH-000399,0.8415238
CLTC,ACH-000399,0.5627352
CEBPZ,ACH-000399,0.6358238
TIAL1,ACH-000399,0.8329844
SEC62,ACH-000399,0.8236789
CAND1,ACH-000399,0.7970719
NCKAP1,ACH-000399,0.7859539
LONP1,ACH-000399,0.5537773
POLR2F,ACH-000399,0.45198452
IBA57,ACH-000399,0.86270493
USP10,ACH-000399,0.7117541
IARS2,ACH-000399,0.6519606
FPGS,ACH-000399,0.76602817
SNRNP27,ACH-000399,0.6535069
DPH2,ACH-000399,0.8427904
PI4KB,ACH-000399,0.8095178
NCOA4,ACH-000399,0.78083926
SKA1,ACH-000399,0.78537667
RNF31,ACH-000399,0.78828514
TAF4,ACH-000399,0.8261147
H2BC6,ACH-000399,0.5992275
MRPL15,ACH-000399,0.8141974
KCTD5,ACH-000399,0.8844132
HARS2,ACH-000399,0.8100839
RBMXL1,ACH-000399,0.7708237
CEP43,ACH-000399,0.8609068
ACTR1A,ACH-000399,0.749275
HK2,ACH-000399,0.78438723
SS18L2,ACH-000399,0.5429061
POLR3H,ACH-000399,0.5402091
FCF1,ACH-000399,0.58104676
EFTUD2,ACH-000399,0.44478476
SMG5,ACH-000399,0.648531
ALG13,ACH-000399,0.71181494
HSD17B10,ACH-000399,0.79584396
NUP214,ACH-000399,0.62541807
VCL,ACH-000399,0.79764783
CENPP,ACH-000399,0.80683786
MRPS5,ACH-000399,0.72144234
RNPC3,ACH-000399,0.53880656
NDUFAB1,ACH-000399,0.70613486
DHX29,ACH-000399,0.8921891
SRPRA,ACH-000399,0.73916733
TCOF1,ACH-000399,0.7528681
ATRIP,ACH-000399,0.7178564
CMPK1,ACH-000399,0.7076993
CCND1,ACH-000399,0.7905501
GCSH,ACH-000399,0.83677965
EXOSC10,ACH-000399,0.7793076
NFRKB,ACH-000399,0.82618505
RBIS,ACH-000399,0.8175062
WDR55,ACH-000399,0.6078724
HOXD13,ACH-000399,0.77110004
CFL1,ACH-000399,0.77141
ELOB,ACH-000175,0.58268404
PSMC5,ACH-000175,0.59076643
DNAJC9,ACH-000175,0.61131394
DKC1,ACH-000175,0.57698643
PPP1R7,ACH-000175,0.6625994
SNRPE,ACH-000175,0.4231536
ORC1,ACH-000175,0.55452806
ZNHIT3,ACH-000175,0.69625723
TAF8,ACH-000175,0.605772
UMPS,ACH-000175,0.7863523
HDAC1,ACH-000175,0.8283172
CHKA,ACH-000175,0.7685579
SRSF10,ACH-000175,0.68969536
RPL18,ACH-000175,0.48691696
CCDC51,ACH-000175,0.8175182
SYMPK,ACH-000175,0.59559906
WDR33,ACH-000175,0.45955175
CTPS1,ACH-000175,0.7342315
RPS2,ACH-000175,0.49946833
CSE1L,ACH-000175,0.3787451
ACTR3,ACH-000175,0.70133483
MRPL41,ACH-000175,0.7451427
MALSU1,ACH-000175,0.82783616
MTF1,ACH-000175,0.8014373
CNOT4,ACH-000175,0.81536573
NDUFA3,ACH-000175,0.80506086
CBLL1,ACH-000175,0.7604079
INTS9,ACH-000175,0.48636782
CSH2,ACH-000175,0.7224301
SIN3A,ACH-000175,0.6345519
GNL2,ACH-000175,0.5575837
HCCS,ACH-000175,0.79201555
H2BC21,ACH-000175,0.7110994
NF2,ACH-000175,0.8481129
PRPF4,ACH-000175,0.49904224
VIRMA,ACH-000175,0.54965883
ZPR1,ACH-000175,0.7122914
RANGAP1,ACH-000175,0.505958
POLR2B,ACH-000175,0.34903753
POLD3,ACH-000175,0.4962495
MDN1,ACH-000175,0.50872993
CDC26,ACH-000175,0.5333873
AARS2,ACH-000175,0.8019841
CDAN1,ACH-000175,0.6322036
TRNT1,ACH-000175,0.52299607
MSTO1,ACH-000175,0.6023642
H2BC11,ACH-000175,0.60340565
LRPPRC,ACH-000175,0.7469913
HSPD1,ACH-000175,0.5173152
FANCF,ACH-000175,0.7567489
SNRNP40,ACH-000175,0.6283885
RELA,ACH-000175,0.6932246
ECT2,ACH-000175,0.6516936
TAF1B,ACH-000175,0.61715376
DBR1,ACH-000175,0.40916976
RRM1,ACH-000175,0.27180916
ATP6AP1,ACH-000175,0.6423821
ZNF236,ACH-000175,0.70740217
PAK2,ACH-000175,0.77282554
GTF2E2,ACH-000175,0.5274462
SNAP23,ACH-000175,0.7056127
DAD1,ACH-000175,0.41730112
TUBGCP6,ACH-000175,0.6035527
SEM1,ACH-000175,0.5717398
IGBP1,ACH-000175,0.6334443
WDR48,ACH-000175,0.71828127
DTL,ACH-000175,0.38378876
COX15,ACH-000175,0.80546767
HAUS3,ACH-000175,0.57491827
CIAO2B,ACH-000175,0.6202253
CDK7,ACH-000175,0.4381783
MRPL3,ACH-000175,0.74687207
CYB5R4,ACH-000175,0.7553409
HTATSF1,ACH-000175,0.6713324
EIF3G,ACH-000175,0.56771255
TXNRD1,ACH-000175,0.7072849
HSCB,ACH-000175,0.5877049
TAF10,ACH-000175,0.66245365
EIF5,ACH-000175,0.51267284
HUS1,ACH-000175,0.74334466
MED24,ACH-000175,0.78060675
COX19,ACH-000175,0.7821584
PRPF39,ACH-000175,0.64984226
DDX54,ACH-000175,0.5611792
HSP90B1,ACH-000175,0.675383
RPL17,ACH-000175,0.22346467
HYPK,ACH-000175,0.62263775
POM121C,ACH-000175,0.6905796
LSM4,ACH-000175,0.45639426
MAPK1,ACH-000175,0.75997746
TRAPPC2L,ACH-000175,0.73295784
RPS8,ACH-000175,0.2477454
MED19,ACH-000175,0.6507586
SGO1,ACH-000175,0.6246754
SRBD1,ACH-000175,0.48843983
UBE2G2,ACH-000175,0.6924205
NDC1,ACH-000175,0.654165
SUZ12,ACH-000175,0.73956
BRIP1,ACH-000175,0.7742445
MNAT1,ACH-000175,0.71043515
CDC123,ACH-000175,0.43408006
HSPE1,ACH-000175,0.18483621
QRSL1,ACH-000175,0.76171
UXT,ACH-000175,0.611804
RHEB,ACH-000175,0.6777372
KLF5,ACH-000175,0.762815
PTPMT1,ACH-000175,0.6770294
LAMTOR3,ACH-000175,0.785593
RBM15,ACH-000175,0.73494256
PPP1CA,ACH-000175,0.62997055
PGGT1B,ACH-000175,0.7152247
CDC45,ACH-000175,0.36043417
INTS14,ACH-000175,0.7868115
KARS1,ACH-000175,0.5208599
SKP2,ACH-000175,0.6735698
NUP107,ACH-000175,0.5971266
MRPS18B,ACH-000175,0.77447635
RAB10,ACH-000175,0.69553244
HNRNPF,ACH-000175,0.8045329
RGP1,ACH-000175,0.7194029
COPS8,ACH-000175,0.5972596
FAM50A,ACH-000175,0.69927967
NXT1,ACH-000175,0.7604603
WARS1,ACH-000175,0.6395285
SLC25A3,ACH-000175,0.6461369
TP63,ACH-000175,0.8791366
CAPRIN1,ACH-000175,0.7985256
COX6C,ACH-000175,0.77551425
FLII,ACH-000175,0.71868205
METTL3,ACH-000175,0.67972887
NDUFA8,ACH-000175,0.7304814
ZNHIT6,ACH-000175,0.63791096
WAC,ACH-000175,0.75714564
TADA1,ACH-000175,0.8237671
PBRM1,ACH-000175,0.7574533
IMP4,ACH-000175,0.58377224
PELO,ACH-000175,0.6514768
CPSF6,ACH-000175,0.61662734
AATF,ACH-000175,0.61559093
RPF1,ACH-000175,0.5936971
POLR1C,ACH-000175,0.5042428
RPS3A,ACH-000175,0.30305564
PCYT1A,ACH-000175,0.6524453
CHERP,ACH-000175,0.5936097
PPP4R2,ACH-000175,0.68118393
PPP1R15B,ACH-000175,0.75082886
AHCY,ACH-000175,0.7499696
GUK1,ACH-000175,0.6113571
SNAPC5,ACH-000175,0.59855485
MEPCE,ACH-000175,0.60797197
GFER,ACH-000175,0.6839826
BUB3,ACH-000175,0.42023954
UPF2,ACH-000175,0.5501521
RRAGA,ACH-000175,0.7427156
BRD2,ACH-000175,0.7642431
MVD,ACH-000175,0.7494687
SNRPB,ACH-000175,0.41960657
SNRPG,ACH-000175,0.3598524
HMGCR,ACH-000175,0.6059629
TACC3,ACH-000175,0.7188482
PHAX,ACH-000175,0.62222034
SGF29,ACH-000175,0.7735078
CCNA2,ACH-000175,0.60229033
EXOSC1,ACH-000175,0.6879931
VPS29,ACH-000175,0.7960356
NDUFA4,ACH-000175,0.7686841
VDAC1,ACH-000175,0.70707667
GTPBP10,ACH-000175,0.82474864
TUBGCP2,ACH-000175,0.5870639
CPSF4,ACH-000175,0.565187
MCM7,ACH-000175,0.40980405
ARPC4,ACH-000175,0.6748448
COPS6,ACH-000175,0.5003449
RBM5,ACH-000175,0.7248018
JMJD6,ACH-000175,0.71924406
RIC1,ACH-000175,0.703279
RRP1,ACH-000175,0.66761386
CDK1,ACH-000175,0.3502276
DIS3,ACH-000175,0.6631027
RAC3,ACH-000175,0.77941674
TAF7,ACH-000175,0.65761876
H3-3A,ACH-000175,0.59117556
SOS1,ACH-000175,0.7265032
DPY19L2,ACH-000175,0.67470706
WDR43,ACH-000175,0.4359836
SNRNP200,ACH-000175,0.33041117
MGAT1,ACH-000175,0.7639081
CCT3,ACH-000175,0.39388677
SF3B4,ACH-000175,0.44649628
RPS13,ACH-000175,0.51394504
ASCC3,ACH-000175,0.7541709
PAXBP1,ACH-000175,0.6249815
UFL1,ACH-000175,0.64349
ANKRD17,ACH-000175,0.7580006
CRAMP1,ACH-000175,0.78625304
GGPS1,ACH-000175,0.56843305
CCDC22,ACH-000175,0.6935184
LSM3,ACH-000175,0.5022197
NDUFAF8,ACH-000175,0.7684022
NUP133,ACH-000175,0.5092021
C3orf38,ACH-000175,0.67350477
RMND5A,ACH-000175,0.7523948
CTDNEP1,ACH-000175,0.7428658
ATP6V1B2,ACH-000175,0.4513809
POLR3K,ACH-000175,0.5506825
PPP1R12A,ACH-000175,0.5239036
AASDHPPT,ACH-000175,0.77427185
FERMT2,ACH-000175,0.5468688
ILF3,ACH-000175,0.6090043
MPHOSPH10,ACH-000175,0.6055225
KRR1,ACH-000175,0.5988753
EARS2,ACH-000175,0.7527688
ACO2,ACH-000175,0.7098297
ENY2,ACH-000175,0.6997435
CPSF3,ACH-000175,0.51197135
ZWINT,ACH-000175,0.7682448
NUP35,ACH-000175,0.679869
MYB,ACH-000175,0.7724199
GRHL2,ACH-000175,0.77890325
ATP5F1C,ACH-000175,0.7117453
WDR3,ACH-000175,0.5846422
MANF,ACH-000175,0.79196864
MRTO4,ACH-000175,0.649557
CAMLG,ACH-000175,0.7813269
RFC3,ACH-000175,0.51515716
RPL36,ACH-000175,0.33493167
ATP5F1D,ACH-000175,0.7060025
ELP2,ACH-000175,0.6493494
DNAJC13,ACH-000175,0.7776962
BIRC2,ACH-000175,0.73439044
ADAR,ACH-000175,0.7286366
LSM6,ACH-000175,0.6187666
POLR1E,ACH-000175,0.68070865
UBE2I,ACH-000175,0.4154043
NEPRO,ACH-000175,0.48278555
WDR12,ACH-000175,0.6183337
TSR1,ACH-000175,0.60944176
SF1,ACH-000175,0.35572234
POU2AF1,ACH-000175,0.79507834
RMI1,ACH-000175,0.71698976
SLC35A2,ACH-000175,0.78596264
BRCA2,ACH-000175,0.7186626
COPS2,ACH-000175,0.56778586
DNAJA1,ACH-000175,0.8084855
POLR2D,ACH-000175,0.45171142
WWTR1,ACH-000175,0.7651713
DOLK,ACH-000175,0.70364773
EMC6,ACH-000175,0.80202085
MBTPS2,ACH-000175,0.72230744
FAM98B,ACH-000175,0.77638084
PPP2CA,ACH-000175,0.6704557
YTHDF2,ACH-000175,0.7711587
MTRF1L,ACH-000175,0.76740956
RPS28,ACH-000175,0.48319384
NCAPH2,ACH-000175,0.7093837
TFIP11,ACH-000175,0.5037708
SNW1,ACH-000175,0.5070156
DDX47,ACH-000175,0.52462256
TSG101,ACH-000175,0.5527595
THOC2,ACH-000175,0.4651487
TCP1,ACH-000175,0.4424863
DYNC1I2,ACH-000175,0.47080833
AQR,ACH-000175,0.47438812
ACTR2,ACH-000175,0.5562607
FANCM,ACH-000175,0.69749135
CHD7,ACH-000175,0.78735054
GTF2B,ACH-000175,0.45683205
RPP14,ACH-000175,0.615412
ADRM1,ACH-000175,0.7577976
BMPR1A,ACH-000175,0.7431992
SETD5,ACH-000175,0.70360374
EXT2,ACH-000175,0.74916565
FECH,ACH-000175,0.77149063
TAFAZZIN,ACH-000175,0.7528984
LARP1,ACH-000175,0.7920833
PSMD2,ACH-000175,0.563076
TRIP12,ACH-000175,0.702846
RTEL1,ACH-000175,0.71808743
VPS54,ACH-000175,0.661581
PPIH,ACH-000175,0.80596393
ZMAT2,ACH-000175,0.49307686
OXSM,ACH-000175,0.8017499
GINS1,ACH-000175,0.44104254
SEH1L,ACH-000175,0.54114056
PRIM1,ACH-000175,0.48925123
MMGT1,ACH-000175,0.75773305
RAD51D,ACH-000175,0.7463298
DHX16,ACH-000175,0.5677721
NOP56,ACH-000175,0.55494195
ATP2C1,ACH-000175,0.6722865
MICOS10,ACH-000175,0.754362
BRAF,ACH-000175,0.7858186
BUD23,ACH-000175,0.53710264
TBCA,ACH-000175,0.5273061
TIMELESS,ACH-000175,0.50405777
KCTD10,ACH-000175,0.7488822
DSCC1,ACH-000175,0.7550216
RRP12,ACH-000175,0.61540425
ZNF830,ACH-000175,0.5879438
MON2,ACH-000175,0.73450357
TMEM167A,ACH-000175,0.7292297
GEMIN4,ACH-000175,0.72027504
RPL28,ACH-000175,0.64315766
UXS1,ACH-000175,0.7736117
CSNK2A1,ACH-000175,0.7843164
TAF6L,ACH-000175,0.7600292
RPN1,ACH-000175,0.6180141
SMARCE1,ACH-000175,0.6706191
EIF3B,ACH-000175,0.452215
NOB1,ACH-000175,0.6297255
TRAF2,ACH-000175,0.7762005
RACGAP1,ACH-000175,0.5471659
ATP6V1E1,ACH-000175,0.5582412
TIMM44,ACH-000175,0.70338607
SPOUT1,ACH-000175,0.5449246
SLC35B1,ACH-000175,0.5782156
RPP40,ACH-000175,0.6374891
ISL1,ACH-000175,0.82342374
SMARCA5,ACH-000175,0.67521733
MRPS11,ACH-000175,0.7248615
LSM5,ACH-000175,0.4838776
MIB1,ACH-000175,0.7398752
FASTKD5,ACH-000175,0.79964894
PTMA,ACH-000175,0.71051615
FAU,ACH-000175,0.31267095
PNKP,ACH-000175,0.7667331
PPAT,ACH-000175,0.7133825
CSTF3,ACH-000175,0.61370444
ARID2,ACH-000175,0.7660922
CIAPIN1,ACH-000175,0.64975345
MRPL18,ACH-000175,0.771579
ESCO2,ACH-000175,0.73901296
PTPA,ACH-000175,0.71375483
BUD13,ACH-000175,0.62375546
TRMT6,ACH-000175,0.76046747
TUBGCP3,ACH-000175,0.54600227
EEF1A1,ACH-000175,0.46787333
RPL21,ACH-000175,0.30434433
SLC2A1,ACH-000175,0.7663232
SNRPB2,ACH-000175,0.6824056
MRPL27,ACH-000175,0.75265646
EAF1,ACH-000175,0.72795784
POLR2L,ACH-000175,0.37378508
ABCE1,ACH-000175,0.31862095
STX18,ACH-000175,0.52130014
RPLP2,ACH-000175,0.5590069
ARCN1,ACH-000175,0.46438146
NRBP1,ACH-000175,0.70421046
SRP72,ACH-000175,0.59899616
TMX2,ACH-000175,0.80895686
MYBBP1A,ACH-000175,0.7303444
BAP1,ACH-000175,0.7576815
SKP1,ACH-000175,0.52791786
CPSF2,ACH-000175,0.5668714
METTL17,ACH-000175,0.73752725
NSMCE1,ACH-000175,0.70131373
MTBP,ACH-000175,0.47305974
BCL9,ACH-000175,0.7909803
TLN1,ACH-000175,0.7887285
STRIP1,ACH-000175,0.8191034
ZC3H18,ACH-000175,0.6867047
PSMA2,ACH-000175,0.3993105
STN1,ACH-000175,0.7634829
STAG2,ACH-000175,0.7477772
SNRPA1,ACH-000175,0.2510115
GMPPB,ACH-000175,0.6428423
CRTC3,ACH-000175,0.8036742
NUTF2,ACH-000175,0.42096484
DNM2,ACH-000175,0.58523893
WASHC2C,ACH-000175,0.7016777
PRORP,ACH-000175,0.59682196
LAMTOR2,ACH-000175,0.6912051
IARS1,ACH-000175,0.4490978
CENPH,ACH-000175,0.66105497
UBE2S,ACH-000175,0.70143884
EPRS1,ACH-000175,0.48656225
NUBP2,ACH-000175,0.6616354
RBM8A,ACH-000175,0.53833616
ELOC,ACH-000175,0.56599957
TEDC2,ACH-000175,0.777237
NUP50,ACH-000175,0.6743694
SNAPC1,ACH-000175,0.51707566
DHDDS,ACH-000175,0.39685363
ITGA3,ACH-000175,0.8442323
AIFM1,ACH-000175,0.7903571
CCT8,ACH-000175,0.4915727
ARIH2,ACH-000175,0.8339348
STAMBP,ACH-000175,0.7400862
XRCC5,ACH-000175,0.53950083
SF3A1,ACH-000175,0.46311474
CDK6,ACH-000175,0.6945288
DDX41,ACH-000175,0.5596977
CSNK2B,ACH-000175,0.6237391
KIF18B,ACH-000175,0.60426205
TKT,ACH-000175,0.79215807
VPS41,ACH-000175,0.7200809
LSM8,ACH-000175,0.4624305
CTDP1,ACH-000175,0.5172628
CSNK1A1,ACH-000175,0.6162898
DET1,ACH-000175,0.74721444
NDE1,ACH-000175,0.8301641
TCERG1,ACH-000175,0.7178526
PSMG4,ACH-000175,0.6445085
FLVCR1,ACH-000175,0.81386614
NRAS,ACH-000175,0.7755259
ZEB1,ACH-000175,0.73385626
TMED10,ACH-000175,0.66773516
SFPQ,ACH-000175,0.4631551
KRAS,ACH-000175,0.7277826
MAU2,ACH-000175,0.74334407
CEP55,ACH-000175,0.8099876
PPCDC,ACH-000175,0.76685894
TCF3,ACH-000175,0.8119817
UBR5,ACH-000175,0.68899626
HMGA1,ACH-000175,0.7284158
MRPS16,ACH-000175,0.7658328
ALDOA,ACH-000175,0.43191016
REXO2,ACH-000175,0.7902016
SF3B6,ACH-000175,0.41341683
PSMB1,ACH-000175,0.49710023
CDCA5,ACH-000175,0.6175908
COG2,ACH-000175,0.72578955
PIK3CB,ACH-000175,0.7403238
TIMM23,ACH-000175,0.6267866
ZFP36L1,ACH-000175,0.76561767
COX4I1,ACH-000175,0.7796763
CDC6,ACH-000175,0.5614313
MARCHF5,ACH-000175,0.78110296
EXOSC4,ACH-000175,0.57966566
PEX6,ACH-000175,0.7439029
NF1,ACH-000175,0.82311946
SAP30BP,ACH-000175,0.49294257
UQCRC1,ACH-000175,0.767955
SLC25A1,ACH-000175,0.7986117
IPO7,ACH-000175,0.6629771
WDR46,ACH-000175,0.63023263
RAD9A,ACH-000175,0.7417921
MTOR,ACH-000175,0.56551236
POLD2,ACH-000175,0.5918703
UBAP2L,ACH-000175,0.7694666
DLST,ACH-000175,0.74571514
EMC2,ACH-000175,0.78297466
FBXW7,ACH-000175,0.841093
GTF2H3,ACH-000175,0.6562016
CDIN1,ACH-000175,0.7835039
NEDD1,ACH-000175,0.46330827
XRN1,ACH-000175,0.6714492
RAN,ACH-000175,0.023662925
RPL27,ACH-000175,0.3991339
PSMB5,ACH-000175,0.53059024
APEX2,ACH-000175,0.7517788
FXN,ACH-000175,0.70955485
DHX35,ACH-000175,0.67926514
NOC4L,ACH-000175,0.6500047
TRAPPC11,ACH-000175,0.616502
PPA1,ACH-000175,0.6292483
RPL36AL,ACH-000175,0.6919408
BRAT1,ACH-000175,0.74670184
CDC7,ACH-000175,0.34200323
CDC27,ACH-000175,0.3105324
VARS2,ACH-000175,0.7518331
GAPDH,ACH-000175,0.5620694
PSMC3,ACH-000175,0.47119248
RNASEH2C,ACH-000175,0.8235861
FAF2,ACH-000175,0.7229326
HSP90AB1,ACH-000175,0.726756
DHX30,ACH-000175,0.7666586
RPL22,ACH-000175,0.7065078
NAT10,ACH-000175,0.6069085
RPS25,ACH-000175,0.56955177
NOM1,ACH-000175,0.6706593
CSK,ACH-000175,0.778089
ANKRD11,ACH-000175,0.7989335
ATP6V0B,ACH-000175,0.6047584
MEAF6,ACH-000175,0.7227541
RPL4,ACH-000175,0.3678909
NELFB,ACH-000175,0.6205988
MED6,ACH-000175,0.49479467
STAG1,ACH-000175,0.73417425
UBE2A,ACH-000175,0.79776406
ELL,ACH-000175,0.5787525
MCM2,ACH-000175,0.5078963
NUP54,ACH-000175,0.719978
E2F1,ACH-000175,0.8008574
VPS52,ACH-000175,0.7377173
CCNE1,ACH-000175,0.76108444
MAP3K7,ACH-000175,0.8024355
IK,ACH-000175,0.4804851
GATB,ACH-000175,0.75580883
VPS25,ACH-000175,0.3759491
SLC7A1,ACH-000175,0.7964085
WDR77,ACH-000175,0.54737914
CCT2,ACH-000175,0.5433556
NUP88,ACH-000175,0.53019667
RFT1,ACH-000175,0.6554284
MTERF4,ACH-000175,0.8137413
EIF4G1,ACH-000175,0.70086104
SFSWAP,ACH-000175,0.6544585
ZRSR2,ACH-000175,0.6779015
SEPSECS,ACH-000175,0.7725465
H2BC26,ACH-000175,0.65437937
NOLC1,ACH-000175,0.7505659
DMAP1,ACH-000175,0.55091274
MT1E,ACH-000175,0.69529307
CCNF,ACH-000175,0.80139494
INTS8,ACH-000175,0.5619995
UBE2K,ACH-000175,0.79420066
OIP5,ACH-000175,0.70269537
MAEA,ACH-000175,0.7410611
TRMT61A,ACH-000175,0.79418314
COPS3,ACH-000175,0.6808692
CCT6A,ACH-000175,0.5313289
CRCP,ACH-000175,0.59855354
DHODH,ACH-000175,0.74713135
COA3,ACH-000175,0.763667
DUSP4,ACH-000175,0.7747163
GRPEL1,ACH-000175,0.53894055
PCBP1,ACH-000175,0.49712938
SRP14,ACH-000175,0.65252864
GMNN,ACH-000175,0.73125076
NSMCE3,ACH-000175,0.61017
IPPK,ACH-000175,0.71071315
NCBP2,ACH-000175,0.4829011
DLD,ACH-000175,0.7708086
ILK,ACH-000175,0.76494014
KRT18,ACH-000175,0.83010197
CERS2,ACH-000175,0.7659095
CDC73,ACH-000175,0.5688534
KDSR,ACH-000175,0.78459287
GINS4,ACH-000175,0.5830685
PLK1,ACH-000175,0.25195387
RPL32,ACH-000175,0.4257418
SPCS2,ACH-000175,0.6610124
MED18,ACH-000175,0.608679
NDUFA1,ACH-000175,0.7777118
WDR7,ACH-000175,0.6687671
KANSL1,ACH-000175,0.5918939
USP36,ACH-000175,0.6463667
PSMG3,ACH-000175,0.61349833
ARID4B,ACH-000175,0.7641773
MED15,ACH-000175,0.7706238
NDUFB4,ACH-000175,0.7769905
SMAD7,ACH-000175,0.7550157
PSMF1,ACH-000175,0.7922231
ICE1,ACH-000175,0.6385802
ISCU,ACH-000175,0.3647966
THAP12,ACH-000175,0.778497
ASPM,ACH-000175,0.7919223
TIMM13,ACH-000175,0.67888796
ISY1,ACH-000175,0.6273513
KTI12,ACH-000175,0.72656375
UBE2H,ACH-000175,0.6896036
LARS1,ACH-000175,0.5208884
SMU1,ACH-000175,0.24757093
PSMC4,ACH-000175,0.5079594
SYF2,ACH-000175,0.6445999
ACTR10,ACH-000175,0.53123665
NDC80,ACH-000175,0.49238336
POLR2H,ACH-000175,0.48862135
WEE1,ACH-000175,0.3029046
TEDC1,ACH-000175,0.7618532
RB1CC1,ACH-000175,0.78532106
NACA,ACH-000175,0.5301168
UBE4B,ACH-000175,0.7153435
GAB1,ACH-000175,0.77817756
SDHA,ACH-000175,0.82934695
TTI1,ACH-000175,0.7027226
LAS1L,ACH-000175,0.6487353
SPRR2G,ACH-000175,0.6642063
PYROXD1,ACH-000175,0.74285305
RPS15,ACH-000175,0.34347132
CARS1,ACH-000175,0.43381554
WDR24,ACH-000175,0.7060983
TPK1,ACH-000175,0.8117204
N6AMT1,ACH-000175,0.75960064
MCM5,ACH-000175,0.55108696
SUPT4H1,ACH-000175,0.7052671
RAE1,ACH-000175,0.50979316
GTF2E1,ACH-000175,0.57637787
NDUFAF1,ACH-000175,0.7874638
VPS51,ACH-000175,0.72361064
UNC50,ACH-000175,0.7192044
NFS1,ACH-000175,0.51323867
TUBB4B,ACH-000175,0.6673608
SETDB1,ACH-000175,0.7394717
SF3B5,ACH-000175,0.31670117
CYB5B,ACH-000175,0.7831472
GGNBP2,ACH-000175,0.7100029
EP300,ACH-000175,0.7808027
HSD17B12,ACH-000175,0.73377305
CLP1,ACH-000175,0.40836364
LSG1,ACH-000175,0.6741745
FDX1,ACH-000175,0.7333292
PHB2,ACH-000175,0.45911402
BIRC6,ACH-000175,0.75958896
VPS18,ACH-000175,0.67125666
SNRPA,ACH-000175,0.7746351
RIOK2,ACH-000175,0.63302684
ELP6,ACH-000175,0.7114695
XPOT,ACH-000175,0.6893451
COX5B,ACH-000175,0.7697122
CTNNB1,ACH-000175,0.74391663
NMNAT1,ACH-000175,0.8139521
KAT8,ACH-000175,0.49353608
YBX1,ACH-000175,0.5513189
ZBTB7A,ACH-000175,0.73520875
RFK,ACH-000175,0.7637325
SRM,ACH-000175,0.78911304
NIP7,ACH-000175,0.4260541
PKN2,ACH-000175,0.7323712
SLC35B2,ACH-000175,0.78797096
ANAPC11,ACH-000175,0.55897444
ELAVL1,ACH-000175,0.7649017
RNF146,ACH-000175,0.764806
TUBE1,ACH-000175,0.7444205
RPL10,ACH-000175,0.61472064
TRIT1,ACH-000175,0.80853766
CWC22,ACH-000175,0.48710242
MED1,ACH-000175,0.7358364
NMD3,ACH-000175,0.6085279
CHMP5,ACH-000175,0.6411577
YJU2B,ACH-000175,0.70049155
NUP93,ACH-000175,0.46522248
CCL4,ACH-000175,0.7930031
PFDN5,ACH-000175,0.6714308
TFB2M,ACH-000175,0.72375774
ACTG1,ACH-000175,0.67405164
ANKLE2,ACH-000175,0.435737
ZEB2,ACH-000175,0.7982776
BYSL,ACH-000175,0.5873549
DCLRE1B,ACH-000175,0.64614487
PAXIP1,ACH-000175,0.8291944
DDX6,ACH-000175,0.7132423
POLD1,ACH-000175,0.3824526
RPL5,ACH-000175,0.32419142
SP1,ACH-000175,0.7672956
WDR26,ACH-000175,0.749416
LRP8,ACH-000175,0.7986211
CTCF,ACH-000175,0.5228817
CTDSPL2,ACH-000175,0.78253824
NCAPD3,ACH-000175,0.6083344
IPO11,ACH-000175,0.6060638
KANSL2,ACH-000175,0.6179913
MORF4L1,ACH-000175,0.8049971
HAUS8,ACH-000175,0.6612015
UQCRC2,ACH-000175,0.7405852
RTF2,ACH-000175,0.56480473
PSTK,ACH-000175,0.69278336
TUBGCP5,ACH-000175,0.6020855
MTG1,ACH-000175,0.83047074
SMARCB1,ACH-000175,0.671014
ATP5F1E,ACH-000175,0.71905863
NSMCE2,ACH-000175,0.71972346
DPY30,ACH-000175,0.77557784
PDCD2,ACH-000175,0.62728286
IKBKG,ACH-000175,0.7653152
CACTIN,ACH-000175,0.59613043
BET1,ACH-000175,0.72835195
MTX2,ACH-000175,0.8033531
GFPT1,ACH-000175,0.7219862
UCHL5,ACH-000175,0.7522097
SDHC,ACH-000175,0.70919126
PGK1,ACH-000175,0.688337
ALYREF,ACH-000175,0.53224194
BPTF,ACH-000175,0.6824116
UROS,ACH-000175,0.81957954
PHF5A,ACH-000175,0.25054264
GTF3C4,ACH-000175,0.7333651
NONO,ACH-000175,0.7663992
RPS27A,ACH-000175,0.46298474
SRSF3,ACH-000175,0.2671304
TOE1,ACH-000175,0.72920287
ZC3H8,ACH-000175,0.65698564
ISG20L2,ACH-000175,0.6711981
SINHCAF,ACH-000175,0.75585264
RTTN,ACH-000175,0.7356169
MRPL2,ACH-000175,0.772895
EEF1B2,ACH-000175,0.68499696
ERCC2,ACH-000175,0.7062952
NUP37,ACH-000175,0.81217486
SRRT,ACH-000175,0.64357257
CHAF1A,ACH-000175,0.5597832
PSMD3,ACH-000175,0.48328137
PET117,ACH-000175,0.82758754
RAD1,ACH-000175,0.7311123
RBMX2,ACH-000175,0.67281073
WBP11,ACH-000175,0.59920764
SLC35A1,ACH-000175,0.79442346
NGLY1,ACH-000175,0.75471014
PPME1,ACH-000175,0.7808309
ACSL4,ACH-000175,0.79727244
IPO9,ACH-000175,0.651293
SSU72,ACH-000175,0.545002
NDUFB3,ACH-000175,0.7643539
PABIR1,ACH-000175,0.79679614
SARNP,ACH-000175,0.7924136
KMT2D,ACH-000175,0.7305188
MRPS2,ACH-000175,0.7921939
MEN1,ACH-000175,0.7981341
CHTF18,ACH-000175,0.7788049
SOX10,ACH-000175,0.76405513
HSPA9,ACH-000175,0.3938615
COPG1,ACH-000175,0.5572382
PRPF38B,ACH-000175,0.46169078
EEF1G,ACH-000175,0.61649495
NFYB,ACH-000175,0.6706903
TRAPPC1,ACH-000175,0.495319
CCND3,ACH-000175,0.8226797
FARS2,ACH-000175,0.79267937
BRF1,ACH-000175,0.6554557
CTNNA1,ACH-000175,0.8494592
POLR2K,ACH-000175,0.6054509
PCM1,ACH-000175,0.80670935
CYCS,ACH-000175,0.6897657
SLC25A19,ACH-000175,0.8081939
SRP19,ACH-000175,0.45087874
HMBS,ACH-000175,0.8271553
DONSON,ACH-000175,0.36245617
POLR1F,ACH-000175,0.34405386
BORA,ACH-000175,0.65744245
POLR2M,ACH-000175,0.8856967
EIF4B,ACH-000175,0.73033917
SETD1A,ACH-000175,0.6752254
FCHO2,ACH-000175,0.7346916
ING3,ACH-000175,0.72281814
SNRPC,ACH-000175,0.69177103
ILF2,ACH-000175,0.54244137
REV1,ACH-000175,0.70850474
HJURP,ACH-000175,0.68972147
DPH6,ACH-000175,0.75424063
INTS3,ACH-000175,0.5529119
EIF5A,ACH-000175,0.6771193
IRS2,ACH-000175,0.78459084
MEF2C,ACH-000175,0.80676603
MBNL1,ACH-000175,0.7419952
CHCHD4,ACH-000175,0.65097785
HSPA14,ACH-000175,0.8104366
DAZAP1,ACH-000175,0.7685208
NUP160,ACH-000175,0.55134153
EMC7,ACH-000175,0.6822307
TGS1,ACH-000175,0.6424651
ATP1A1,ACH-000175,0.69371414
OGT,ACH-000175,0.48936716
ATP1B3,ACH-000175,0.72171724
RCOR1,ACH-000175,0.7720913
WDHD1,ACH-000175,0.5514476
SRP54,ACH-000175,0.30678892
DTYMK,ACH-000175,0.64270574
URB2,ACH-000175,0.61876285
MCM3AP,ACH-000175,0.49011827
SPC24,ACH-000175,0.35312536
BANP,ACH-000175,0.6677308
DARS2,ACH-000175,0.7691648
USE1,ACH-000175,0.68440914
IMPDH2,ACH-000175,0.69821143
CAPZB,ACH-000175,0.6465582
POLG,ACH-000175,0.8174882
SCYL1,ACH-000175,0.70010805
SF3B2,ACH-000175,0.5316437
H2AC15,ACH-000175,0.65437937
SLU7,ACH-000175,0.53699136
CDC20,ACH-000175,0.41694134
NRF1,ACH-000175,0.6009238
H2BC15,ACH-000175,0.62728363
INTS1,ACH-000175,0.6686715
GTF2H4,ACH-000175,0.6655133
CDT1,ACH-000175,0.491338
RBM14,ACH-000175,0.62136567
MRPL43,ACH-000175,0.7549161
WDR1,ACH-000175,0.64307696
DBF4,ACH-000175,0.66515744
GLMN,ACH-000175,0.75079477
SREBF1,ACH-000175,0.77554965
VHL,ACH-000175,0.65939844
U2AF2,ACH-000175,0.4914685
CDC42,ACH-000175,0.56872076
LSM11,ACH-000175,0.70931494
GOLT1B,ACH-000175,0.7500233
PARS2,ACH-000175,0.75232893
EDF1,ACH-000175,0.7926791
DDX19A,ACH-000175,0.7492229
UTP11,ACH-000175,0.66660976
ANAPC13,ACH-000175,0.7098067
MED14,ACH-000175,0.55088353
COX6B1,ACH-000175,0.74136704
EPC1,ACH-000175,0.7447323
NAA20,ACH-000175,0.6789442
NOP9,ACH-000175,0.6721065
ERAL1,ACH-000175,0.7822987
ZNHIT1,ACH-000175,0.7827072
NOP2,ACH-000175,0.6316868
MTREX,ACH-000175,0.51373553
RPL7A,ACH-000175,0.4002931
HMGCS1,ACH-000175,0.43362308
RBM39,ACH-000175,0.3947731
SPTLC1,ACH-000175,0.7485759
MRPS21,ACH-000175,0.67541623
MIS18A,ACH-000175,0.6676802
DRAP1,ACH-000175,0.79355586
TWNK,ACH-000175,0.8010903
NUF2,ACH-000175,0.5070599
SEPHS2,ACH-000175,0.6985888
VPS53,ACH-000175,0.7209698
SNRPD2,ACH-000175,0.40002942
TXNL4B,ACH-000175,0.6158904
ASNS,ACH-000175,0.7894426
SAP18,ACH-000175,0.5440141
FDX2,ACH-000175,0.7670413
RNF113A,ACH-000175,0.6129346
NSUN4,ACH-000175,0.78916895
TSC1,ACH-000175,0.8468655
AAMP,ACH-000175,0.63634145
H2AZ1,ACH-000175,0.6990738
FRG1,ACH-000175,0.76978785
SF3B1,ACH-000175,0.48785076
GEMIN8,ACH-000175,0.7417251
UQCR10,ACH-000175,0.777035
MED13,ACH-000175,0.81884545
ADSL,ACH-000175,0.72686625
NDUFAF7,ACH-000175,0.77911633
SPTSSA,ACH-000175,0.6998362
ZBTB8OS,ACH-000175,0.5873957
PAX8,ACH-000175,0.7760759
EEFSEC,ACH-000175,0.7315458
COPB1,ACH-000175,0.39224094
GRWD1,ACH-000175,0.66573966
AMBRA1,ACH-000175,0.81979126
POP4,ACH-000175,0.60109705
KATNB1,ACH-000175,0.6468778
HNRNPL,ACH-000175,0.55722964
ATP5F1A,ACH-000175,0.68522143
FBXW11,ACH-000175,0.70922905
CFLAR,ACH-000175,0.7220105
YME1L1,ACH-000175,0.7598914
ADAT2,ACH-000175,0.75732994
BTAF1,ACH-000175,0.73060167
NAA10,ACH-000175,0.6150907
BANF1,ACH-000175,0.38953426
SRF,ACH-000175,0.7275742
WDR73,ACH-000175,0.6560946
ANKRD49,ACH-000175,0.8344397
MAD2L1BP,ACH-000175,0.6639496
PCBP2,ACH-000175,0.60140336
UBE2L3,ACH-000175,0.6038362
NUP43,ACH-000175,0.6276789
POLR3F,ACH-000175,0.59002286
DPM2,ACH-000175,0.7665741
DCP2,ACH-000175,0.764967
EIF6,ACH-000175,0.50271124
DENR,ACH-000175,0.7023102
MRPS14,ACH-000175,0.7409395
TFB1M,ACH-000175,0.8051608
RPE,ACH-000175,0.7172861
TRMT10C,ACH-000175,0.7631147
POLA1,ACH-000175,0.64582825
MIOS,ACH-000175,0.7455237
MAGOH,ACH-000175,0.6688391
RICTOR,ACH-000175,0.74193585
AKIRIN2,ACH-000175,0.75005925
DOLPP1,ACH-000175,0.77785385
EFR3A,ACH-000175,0.7796495
RPL13A,ACH-000175,0.42461354
CHMP3,ACH-000175,0.64465886
CAP1,ACH-000175,0.75586873
ARF4,ACH-000175,0.647667
COX11,ACH-000175,0.78774863
LMNB1,ACH-000175,0.76445466
RPL24,ACH-000175,0.4422049
PPP6R3,ACH-000175,0.74438643
USP39,ACH-000175,0.50800985
PABPC1,ACH-000175,0.6008427
USPL1,ACH-000175,0.5379263
STIL,ACH-000175,0.6861656
G6PD,ACH-000175,0.79640526
NRDE2,ACH-000175,0.540113
ZNF574,ACH-000175,0.71576506
PSMD14,ACH-000175,0.5380117
H2AC20,ACH-000175,0.669263
GARS1,ACH-000175,0.6105827
PCNA,ACH-000175,0.30244583
SDHD,ACH-000175,0.75509924
GNA13,ACH-000175,0.86590654
MYBL2,ACH-000175,0.7592893
EIF1AD,ACH-000175,0.5514977
MRPS6,ACH-000175,0.7815454
ZNF622,ACH-000175,0.792407
KNL1,ACH-000175,0.64500964
POLR2G,ACH-000175,0.490472
IRF2BP2,ACH-000175,0.8232577
CEP85,ACH-000175,0.7615653
TUBG1,ACH-000175,0.5204175
ABCF1,ACH-000175,0.63632107
SMC6,ACH-000175,0.6409143
KIF14,ACH-000175,0.76242214
SNRNP25,ACH-000175,0.533335
SNUPN,ACH-000175,0.57244104
ANAPC1,ACH-000175,0.51985437
GEMIN6,ACH-000175,0.65894276
BRCA1,ACH-000175,0.6854701
FOXK1,ACH-000175,0.74843776
TBCC,ACH-000175,0.7488508
ZNF217,ACH-000175,0.7645769
EIF4E2,ACH-000175,0.7520443
ADNP,ACH-000175,0.81972814
CCDC115,ACH-000175,0.64679575
GART,ACH-000175,0.76600015
MRPS12,ACH-000175,0.7328576
ALG14,ACH-000175,0.64983916
CCT7,ACH-000175,0.48526555
MED31,ACH-000175,0.51051724
PABPN1,ACH-000175,0.4930538
TXN,ACH-000175,0.6339885
SCAF4,ACH-000175,0.8329176
CRNKL1,ACH-000175,0.39408186
FANCI,ACH-000175,0.7507607
COPB2,ACH-000175,0.39821184
JTB,ACH-000175,0.794417
NDUFAF3,ACH-000175,0.7631587
HEATR1,ACH-000175,0.51375836
PDSS2,ACH-000175,0.776184
CHORDC1,ACH-000175,0.72458875
EGFR,ACH-000175,0.736722
PSMC2,ACH-000175,0.54514897
CHD1,ACH-000175,0.74888575
ACTL6A,ACH-000175,0.55277795
BRF2,ACH-000175,0.5040589
PTPN11,ACH-000175,0.6431465
RPS4X,ACH-000175,0.41397125
SRRM1,ACH-000175,0.7014311
BMS1,ACH-000175,0.6609798
ESF1,ACH-000175,0.68710685
NDUFS5,ACH-000175,0.74382967
SLC3A2,ACH-000175,0.7054572
SDHB,ACH-000175,0.7900018
CDC25B,ACH-000175,0.7230788
NAPA,ACH-000175,0.49765518
SLC39A10,ACH-000175,0.70555663
COX7C,ACH-000175,0.71563864
DDB1,ACH-000175,0.44047567
ZRANB2,ACH-000175,0.73227507
U2SURP,ACH-000175,0.55035913
TIMM29,ACH-000175,0.8214709
ESS2,ACH-000175,0.6035227
PSMB4,ACH-000175,0.4026725
TP53RK,ACH-000175,0.66559887
PES1,ACH-000175,0.5704545
UPF1,ACH-000175,0.5999594
PSMC6,ACH-000175,0.47574317
EMSY,ACH-000175,0.81355107
ELAC2,ACH-000175,0.6327071
RRP15,ACH-000175,0.6366246
MARS2,ACH-000175,0.65748334
MRPL23,ACH-000175,0.77482086
PICALM,ACH-000175,0.78854394
TIMM9,ACH-000175,0.67249477
AK2,ACH-000175,0.7613489
DDX3X,ACH-000175,0.6229195
IREB2,ACH-000175,0.7895372
MTHFD1,ACH-000175,0.75846183
PGM3,ACH-000175,0.80779856
LUC7L3,ACH-000175,0.47194833
RPL13,ACH-000175,0.43894163
FOXRED1,ACH-000175,0.8128916
ZC3H10,ACH-000175,0.8314639
ADSS2,ACH-000175,0.7523463
GADD45GIP1,ACH-000175,0.76320434
NUS1,ACH-000175,0.5111294
AARS1,ACH-000175,0.36948296
COPE,ACH-000175,0.6010794
SRSF2,ACH-000175,0.32589155
H2BC13,ACH-000175,0.6738243
DNAJC21,ACH-000175,0.8034024
ATP6V1C1,ACH-000175,0.5821862
EPC2,ACH-000175,0.758588
FURIN,ACH-000175,0.8012329
NOL6,ACH-000175,0.592667
UTP18,ACH-000175,0.56968063
KPNA2,ACH-000175,0.746819
EIF4E,ACH-000175,0.5266489
EZH2,ACH-000175,0.80613047
SSRP1,ACH-000175,0.5530807
ERH,ACH-000175,0.403913
SEC13,ACH-000175,0.5390116
TP53BP1,ACH-000175,0.817596
GTF3C5,ACH-000175,0.68392193
MED7,ACH-000175,0.64839524
COASY,ACH-000175,0.7143067
VPS16,ACH-000175,0.7307521
DNM1L,ACH-000175,0.7187625
ROCK2,ACH-000175,0.8574914
UBIAD1,ACH-000175,0.68395543
ELP5,ACH-000175,0.70441955
YEATS4,ACH-000175,0.6622448
TRIP13,ACH-000175,0.7269126
ELP4,ACH-000175,0.70827806
NDUFAF6,ACH-000175,0.8415815
RBSN,ACH-000175,0.726431
RTCB,ACH-000175,0.6780096
ELP3,ACH-000175,0.6481661
HSPA13,ACH-000175,0.8263636
TFDP1,ACH-000175,0.77378404
CDH1,ACH-000175,0.80961996
PDRG1,ACH-000175,0.52492505
TSC2,ACH-000175,0.8284795
COX17,ACH-000175,0.7225025
SDE2,ACH-000175,0.5066323
USP37,ACH-000175,0.6965649
SPCS3,ACH-000175,0.5873053
ATG9A,ACH-000175,0.790906
RPL12,ACH-000175,0.28781784
VPS35,ACH-000175,0.68513
TUBB,ACH-000175,0.5687165
CEP192,ACH-000175,0.66603476
TPI1,ACH-000175,0.6695584
MRPL34,ACH-000175,0.7243346
SIVA1,ACH-000175,0.828352
PSMB2,ACH-000175,0.4225523
PDCD6IP,ACH-000175,0.7367631
CTR9,ACH-000175,0.6115234
RPS15A,ACH-000175,0.37232375
PRPF38A,ACH-000175,0.28466803
ISCA2,ACH-000175,0.6619009
CENPE,ACH-000175,0.598125
CLNS1A,ACH-000175,0.54724646
PGS1,ACH-000175,0.7303509
PPIL1,ACH-000175,0.7561491
INTS7,ACH-000175,0.5730792
ACACA,ACH-000175,0.77993727
EIF2S1,ACH-000175,0.48336416
RNH1,ACH-000175,0.82897747
EXOSC8,ACH-000175,0.5934561
WDR82,ACH-000175,0.5904777
HNRNPA1L2,ACH-000175,0.7226549
COX7B,ACH-000175,0.7143428
RPUSD4,ACH-000175,0.79041773
TAF5,ACH-000175,0.6255429
NIPBL,ACH-000175,0.7269136
ACSL3,ACH-000175,0.7713093
SLC7A6OS,ACH-000175,0.65305704
RBM42,ACH-000175,0.6894165
DHX9,ACH-000175,0.5677798
TUBA1C,ACH-000175,0.60295314
THAP1,ACH-000175,0.6537329
GABPA,ACH-000175,0.6508274
GCN1,ACH-000175,0.7054258
CNOT9,ACH-000175,0.7310581
TAF6,ACH-000175,0.549562
CHD8,ACH-000175,0.7500876
MMS19,ACH-000175,0.6275619
OPA1,ACH-000175,0.7563299
DDI2,ACH-000175,0.7812288
PRMT1,ACH-000175,0.5717299
FIS1,ACH-000175,0.79684925
NAA50,ACH-000175,0.4755157
MED12,ACH-000175,0.68475974
GLRX5,ACH-000175,0.77134496
AURKA,ACH-000175,0.6083244
CXXC1,ACH-000175,0.7744333
TRPM7,ACH-000175,0.67993975
DHX15,ACH-000175,0.49341106
NDUFS8,ACH-000175,0.713686
PCF11,ACH-000175,0.5755182
ALG8,ACH-000175,0.7482457
PRPF19,ACH-000175,0.40348205
NCBP1,ACH-000175,0.5258027
DYRK1A,ACH-000175,0.7685658
GOSR2,ACH-000175,0.57374626
UBE2F,ACH-000175,0.7232963
PRMT5,ACH-000175,0.59940195
RPL27A,ACH-000175,0.45709574
SMCHD1,ACH-000175,0.79939824
LTO1,ACH-000175,0.47651806
PELP1,ACH-000175,0.6345961
MED16,ACH-000175,0.7803255
CENPW,ACH-000175,0.58218193
SAE1,ACH-000175,0.58437073
NUDCD3,ACH-000175,0.7028961
XPR1,ACH-000175,0.75919974
CENPT,ACH-000175,0.68363804
TERF2,ACH-000175,0.6529741
WARS2,ACH-000175,0.73805046
IRF4,ACH-000175,0.8489449
TFRC,ACH-000175,0.7124443
MIS18BP1,ACH-000175,0.6803318
SNAPC3,ACH-000175,0.5745237
SPDL1,ACH-000175,0.5781702
TAF1C,ACH-000175,0.6051152
ORC4,ACH-000175,0.7005802
MCMBP,ACH-000175,0.72669744
RHOQ,ACH-000175,0.7161347
RPP38,ACH-000175,0.63747036
AP2S1,ACH-000175,0.74867094
RPTOR,ACH-000175,0.65222096
GMPS,ACH-000175,0.64673024
TRAPPC5,ACH-000175,0.643936
CHP1,ACH-000175,0.8451581
NKAP,ACH-000175,0.6114978
SARS1,ACH-000175,0.33991507
SKIC8,ACH-000175,0.67566746
RAB35,ACH-000175,0.83284074
PIK3CA,ACH-000175,0.7546492
ELOF1,ACH-000175,0.74942255
MRPS18C,ACH-000175,0.7938028
COG3,ACH-000175,0.5965972
SNRNP35,ACH-000175,0.5587934
LARS2,ACH-000175,0.74607325
LDB1,ACH-000175,0.75474197
DUT,ACH-000175,0.40602437
ISCA1,ACH-000175,0.7458609
EIF3I,ACH-000175,0.4984697
NELFCD,ACH-000175,0.67796123
SLC4A7,ACH-000175,0.7346097
G3BP1,ACH-000175,0.7919371
EIF2S3,ACH-000175,0.49815804
GATC,ACH-000175,0.78087157
GET4,ACH-000175,0.77074784
ARL2,ACH-000175,0.50571644
CDK8,ACH-000175,0.80417705
JUNB,ACH-000175,0.77832156
DOHH,ACH-000175,0.76750344
RNF20,ACH-000175,0.6494951
ADAT3,ACH-000175,0.78030795
ATP6V1A,ACH-000175,0.4383862
CMTR1,ACH-000175,0.7349403
NEDD8,ACH-000175,0.549255
PMM2,ACH-000175,0.7967252
SUCO,ACH-000175,0.74510455
GRB2,ACH-000175,0.62771654
NPAT,ACH-000175,0.63943696
ATF4,ACH-000175,0.7171608
GTF3A,ACH-000175,0.6099285
USP7,ACH-000175,0.63975954
MVK,ACH-000175,0.64388096
UBA3,ACH-000175,0.6715243
NSL1,ACH-000175,0.58242357
PTCD3,ACH-000175,0.733701
ATP6V0E1,ACH-000175,0.78116125
INCENP,ACH-000175,0.5630517
AP2M1,ACH-000175,0.7140591
CTU1,ACH-000175,0.7329047
INTS11,ACH-000175,0.42958194
RUVBL2,ACH-000175,0.45232186
PCID2,ACH-000175,0.5809772
TAF2,ACH-000175,0.63309836
DDX5,ACH-000175,0.64164466
NAPG,ACH-000175,0.646495
DDX51,ACH-000175,0.64866173
TPX2,ACH-000175,0.57326865
HAUS1,ACH-000175,0.47115564
GPKOW,ACH-000175,0.61152375
RPL19,ACH-000175,0.3675087
USP17L10,ACH-000175,0.7447399
HYOU1,ACH-000175,0.62077475
AURKB,ACH-000175,0.3677718
PFDN4,ACH-000175,0.7024797
FOXA1,ACH-000175,0.8041059
EIF2B5,ACH-000175,0.58109653
POP1,ACH-000175,0.58100283
WDR74,ACH-000175,0.49177438
TM9SF3,ACH-000175,0.79204345
HECTD1,ACH-000175,0.73611677
UTP23,ACH-000175,0.6543314
SSBP1,ACH-000175,0.77946687
CPSF1,ACH-000175,0.5867111
PPP1R8,ACH-000175,0.65871096
PNPT1,ACH-000175,0.6851441
RPS5,ACH-000175,0.48954347
MDM2,ACH-000175,0.757777
EIF3A,ACH-000175,0.48968366
BIRC5,ACH-000175,0.49225703
KPNB1,ACH-000175,0.43721205
CUL2,ACH-000175,0.66306794
XRN2,ACH-000175,0.5649586
SLC7A5,ACH-000175,0.77964413
PMF1,ACH-000175,0.58932424
VPS4A,ACH-000175,0.7056581
POLR2I,ACH-000175,0.45825002
TRIM37,ACH-000175,0.6880443
PIK3R4,ACH-000175,0.7312169
CENPK,ACH-000175,0.51712275
EIF2B1,ACH-000175,0.66909826
PRC1,ACH-000175,0.56807595
NDUFA2,ACH-000175,0.7986493
ATR,ACH-000175,0.5588809
PLK4,ACH-000175,0.6088517
IGF1R,ACH-000175,0.7798284
SCO1,ACH-000175,0.78292227
PSMD6,ACH-000175,0.42611045
RRAGC,ACH-000175,0.74937546
SMC3,ACH-000175,0.55773264
PARD6B,ACH-000175,0.7847614
TAMM41,ACH-000175,0.7274915
RPS20,ACH-000175,0.27944398
PPP4C,ACH-000175,0.60730547
SSBP3,ACH-000175,0.7712662
POLA2,ACH-000175,0.51304215
LUC7L2,ACH-000175,0.72748375
ATP5ME,ACH-000175,0.74521375
SF3A2,ACH-000175,0.5413252
UBE2J2,ACH-000175,0.75353104
DHX37,ACH-000175,0.55178213
NUDC,ACH-000175,0.6344559
AHCTF1,ACH-000175,0.5792184
SRFBP1,ACH-000175,0.6845778
POLE2,ACH-000175,0.49103218
ARFRP1,ACH-000175,0.63685817
SOX9,ACH-000175,0.7712445
MIPEP,ACH-000175,0.7630653
SHOC2,ACH-000175,0.76734
RFC5,ACH-000175,0.48902592
EAPP,ACH-000175,0.66981244
ERBB2,ACH-000175,0.7377869
NHP2,ACH-000175,0.6938658
TOP2A,ACH-000175,0.46646014
H2BC9,ACH-000175,0.62728363
ZCRB1,ACH-000175,0.61658674
BCL2L1,ACH-000175,0.6541403
NDUFB10,ACH-000175,0.71808934
CHEK1,ACH-000175,0.44183075
BUD31,ACH-000175,0.39321464
DCTN5,ACH-000175,0.54542005
RPL6,ACH-000175,0.36158827
MRPS7,ACH-000175,0.7371547
EIF2B4,ACH-000175,0.4714114
EXOSC2,ACH-000175,0.615257
BRD4,ACH-000175,0.6513829
ARIH1,ACH-000175,0.5706161
E4F1,ACH-000175,0.72956645
HNF1B,ACH-000175,0.7180094
HSPA5,ACH-000175,0.6125784
RPL14,ACH-000175,0.47161573
CLSPN,ACH-000175,0.6358979
ENO1,ACH-000175,0.7506613
MARS1,ACH-000175,0.49003735
SPCS1,ACH-000175,0.8070759
UQCRB,ACH-000175,0.7568851
PEX1,ACH-000175,0.6804388
ECD,ACH-000175,0.35854492
SLC39A7,ACH-000175,0.6317315
ETF1,ACH-000175,0.46657902
DPM1,ACH-000175,0.7957278
SQLE,ACH-000175,0.76898664
THOC7,ACH-000175,0.60874796
RPL10A,ACH-000175,0.40942588
DDX28,ACH-000175,0.7578563
SNRPD3,ACH-000175,0.024990857
ALG12,ACH-000175,0.7981421
GPI,ACH-000175,0.7307497
ORC5,ACH-000175,0.77859473
TFAP4,ACH-000175,0.77206165
CBFB,ACH-000175,0.80998576
SLC33A1,ACH-000175,0.8181584
HAUS5,ACH-000175,0.65036005
GEMIN2,ACH-000175,0.6880775
STT3A,ACH-000175,0.77250266
MBTPS1,ACH-000175,0.7533069
NDUFB11,ACH-000175,0.74910426
NUP155,ACH-000175,0.5504849
STX4,ACH-000175,0.73102117
CHMP4B,ACH-000175,0.47449222
SLX9,ACH-000175,0.77807117
COPS4,ACH-000175,0.6055932
MRPL47,ACH-000175,0.7907589
SYVN1,ACH-000175,0.68710595
TAF1,ACH-000175,0.6850957
TRIAP1,ACH-000175,0.6233453
DDX23,ACH-000175,0.58699393
DNAAF5,ACH-000175,0.78476715
ERBB3,ACH-000175,0.7662185
NIFK,ACH-000175,0.49928898
TOMM22,ACH-000175,0.7224029
USP18,ACH-000175,0.7513875
RBBP5,ACH-000175,0.63624394
NARS1,ACH-000175,0.4485256
UBA1,ACH-000175,0.44800043
RBM25,ACH-000175,0.50390565
SEC61B,ACH-000175,0.740909
SHQ1,ACH-000175,0.7185174
TAOK1,ACH-000175,0.8758433
GINS2,ACH-000175,0.44289094
PIK3C3,ACH-000175,0.7081973
PSMA5,ACH-000175,0.3709485
TSEN34,ACH-000175,0.6761783
DDX49,ACH-000175,0.53583604
TTC7A,ACH-000175,0.8030796
YJU2,ACH-000175,0.46326342
PGP,ACH-000175,0.83874995
RRP9,ACH-000175,0.62124383
ZW10,ACH-000175,0.7872617
MT2A,ACH-000175,0.70125574
ACTR5,ACH-000175,0.8637036
GEMIN5,ACH-000175,0.50683343
MLST8,ACH-000175,0.71407634
YARS1,ACH-000175,0.44609195
ICMT,ACH-000175,0.7848905
DDX18,ACH-000175,0.48033714
TUBA1B,ACH-000175,0.5422755
EXOC8,ACH-000175,0.7275256
SASS6,ACH-000175,0.6739594
PDCD7,ACH-000175,0.59668255
LIAS,ACH-000175,0.7530296
MED28,ACH-000175,0.5459371
NOL8,ACH-000175,0.6388048
CDC40,ACH-000175,0.62605023
TPR,ACH-000175,0.5671504
NUDT21,ACH-000175,0.48541808
UBE2N,ACH-000175,0.59084237
MFN2,ACH-000175,0.7044351
PRPF8,ACH-000175,0.39678395
ZMYND8,ACH-000175,0.7973496
MRE11,ACH-000175,0.7512684
CCNK,ACH-000175,0.49592075
RHOA,ACH-000175,0.7165285
SUDS3,ACH-000175,0.6401546
DCTN2,ACH-000175,0.5927206
METAP1,ACH-000175,0.6832326
EIF4A1,ACH-000175,0.6118171
EXOSC3,ACH-000175,0.5809699
ATP6AP2,ACH-000175,0.70189714
MRGBP,ACH-000175,0.6896438
NPEPPS,ACH-000175,0.7704093
SOX2,ACH-000175,0.81698513
PPP6C,ACH-000175,0.7567415
VRK1,ACH-000175,0.732098
IMP3,ACH-000175,0.5884714
LIPT1,ACH-000175,0.7941088
PTEN,ACH-000175,0.8583202
SLC38A2,ACH-000175,0.75973386
GTF3C6,ACH-000175,0.7678418
CRK,ACH-000175,0.7812394
RPLP1,ACH-000175,0.56112516
MIS12,ACH-000175,0.59004337
PDCD5,ACH-000175,0.69162077
NDUFS7,ACH-000175,0.77423054
CLPB,ACH-000175,0.8201409
XRCC3,ACH-000175,0.723929
NOA1,ACH-000175,0.80406064
FZR1,ACH-000175,0.73817956
ZNF207,ACH-000175,0.55283695
TIMM22,ACH-000175,0.68844116
TBCD,ACH-000175,0.5687164
RUNX1,ACH-000175,0.8464097
PSMD11,ACH-000175,0.43058383
SNRPD1,ACH-000175,0.29305282
MRPL16,ACH-000175,0.76809263
ORC6,ACH-000175,0.4925903
SIAH1,ACH-000175,0.87807506
RAD17,ACH-000175,0.6435629
DICER1,ACH-000175,0.73912024
RTRAF,ACH-000175,0.7247187
NFE2L2,ACH-000175,0.7801903
MMS22L,ACH-000175,0.5452465
FOXM1,ACH-000175,0.76353306
ABCB7,ACH-000175,0.6055529
RPL7L1,ACH-000175,0.4767332
UTP20,ACH-000175,0.5335003
KIN,ACH-000175,0.50102764
PPP1R10,ACH-000175,0.5784218
NDUFA10,ACH-000175,0.7795833
KIF11,ACH-000175,0.30007792
RNF168,ACH-000175,0.71845174
TAF5L,ACH-000175,0.8067791
TANGO6,ACH-000175,0.47057444
BDP1,ACH-000175,0.6702003
PFN1,ACH-000175,0.73056483
DDX39B,ACH-000175,0.69888425
YRDC,ACH-000175,0.66579115
CNOT11,ACH-000175,0.7877991
MAD2L1,ACH-000175,0.4942098
TIPARP,ACH-000175,0.77998
SMG7,ACH-000175,0.7739949
TNPO3,ACH-000175,0.5367203
MRPL51,ACH-000175,0.7874548
RPA2,ACH-000175,0.41274542
PSMG2,ACH-000175,0.6597217
EEF2,ACH-000175,0.35649595
UTP4,ACH-000175,0.5057639
UFD1,ACH-000175,0.55598444
CEPT1,ACH-000175,0.76327246
SEC63,ACH-000175,0.72865844
TGFBR1,ACH-000175,0.85183126
USP14,ACH-000175,0.8023847
ABT1,ACH-000175,0.61379385
VPS45,ACH-000175,0.7332214
SAP130,ACH-000175,0.7489095
SMARCD1,ACH-000175,0.74963677
H2AC17,ACH-000175,0.6489626
DLG5,ACH-000175,0.81826264
GPS1,ACH-000175,0.6481496
UAP1,ACH-000175,0.7543701
NUP62,ACH-000175,0.6990986
ATP5MF,ACH-000175,0.6727549
GIGYF2,ACH-000175,0.7958887
CYC1,ACH-000175,0.76898015
GFM1,ACH-000175,0.7185999
C1QBP,ACH-000175,0.72438806
NUMA1,ACH-000175,0.68874145
XPO1,ACH-000175,0.43527785
FANCA,ACH-000175,0.7489365
RUVBL1,ACH-000175,0.44209993
ANAPC10,ACH-000175,0.51192546
MYC,ACH-000175,0.5091213
POLR1H,ACH-000175,0.6098707
HDAC3,ACH-000175,0.6951533
DPF2,ACH-000175,0.7126353
PTBP1,ACH-000175,0.72461367
NAA35,ACH-000175,0.85973746
FBXO5,ACH-000175,0.5198611
TUBD1,ACH-000175,0.769581
RPS18,ACH-000175,0.36996597
RCC1L,ACH-000175,0.75178564
FERMT1,ACH-000175,0.83738834
NELFA,ACH-000175,0.64107955
MED10,ACH-000175,0.6798451
PRELID1,ACH-000175,0.47492146
CDC23,ACH-000175,0.4336086
RPL8,ACH-000175,0.35752124
CNIH4,ACH-000175,0.74998236
GAK,ACH-000175,0.727883
DCTN6,ACH-000175,0.5313631
SHC1,ACH-000175,0.7842221
UBE2M,ACH-000175,0.64346576
SON,ACH-000175,0.5676884
RRP7A,ACH-000175,0.7103199
MAK16,ACH-000175,0.42109212
EIF3H,ACH-000175,0.6534951
GRK2,ACH-000175,0.7841028
OST4,ACH-000175,0.7367899
HTRA2,ACH-000175,0.79347324
VCP,ACH-000175,0.33825812
SRSF6,ACH-000175,0.74812996
MRPL20,ACH-000175,0.80413777
NOL9,ACH-000175,0.6451301
MED11,ACH-000175,0.42291605
CARS2,ACH-000175,0.7790872
NDOR1,ACH-000175,0.6323839
TRAPPC3,ACH-000175,0.4963935
EP400,ACH-000175,0.60580975
SUPT7L,ACH-000175,0.8413116
CENPA,ACH-000175,0.677621
DAP3,ACH-000175,0.69475913
COQ2,ACH-000175,0.7438333
RPS12,ACH-000175,0.3894865
GTPBP4,ACH-000175,0.46510333
LCMT1,ACH-000175,0.75203216
KCMF1,ACH-000175,0.6120629
CDH2,ACH-000175,0.7279777
INTS12,ACH-000175,0.7396784
METAP2,ACH-000175,0.7004514
PRPF6,ACH-000175,0.47609696
GLRX3,ACH-000175,0.7608659
SURF4,ACH-000175,0.73375607
RPAP2,ACH-000175,0.6177746
CPOX,ACH-000175,0.72502184
TEN1,ACH-000175,0.748579
RPIA,ACH-000175,0.74838793
CNOT3,ACH-000175,0.4835814
YKT6,ACH-000175,0.5083163
DCAF15,ACH-000175,0.787028
PSMD8,ACH-000175,0.5938838
XYLT2,ACH-000175,0.734439
KIF4A,ACH-000175,0.6325778
HNRNPU,ACH-000175,0.5817636
GPX4,ACH-000175,0.60716474
ATMIN,ACH-000175,0.7199782
NCAPG,ACH-000175,0.5280311
CDC37,ACH-000175,0.6005218
GNPNAT1,ACH-000175,0.7994884
ATP5PB,ACH-000175,0.70666003
FIP1L1,ACH-000175,0.59688306
DDX20,ACH-000175,0.574204
LSM2,ACH-000175,0.33955732
ATP6V1H,ACH-000175,0.5939499
PSMA3,ACH-000175,0.3547984
THAP11,ACH-000175,0.7169566
CSTF2,ACH-000175,0.830104
RPRD2,ACH-000175,0.74981904
KHSRP,ACH-000175,0.7635814
VMA21,ACH-000175,0.7347615
WTAP,ACH-000175,0.6614046
LDLR,ACH-000175,0.81212
SUPT5H,ACH-000175,0.55003846
BNIP1,ACH-000175,0.69634306
MASTL,ACH-000175,0.5376613
FKBP1A,ACH-000175,0.74926996
GNL3,ACH-000175,0.5784163
RCC1,ACH-000175,0.56765413
RPS19,ACH-000175,0.26851836
CDK2,ACH-000175,0.64552706
JUN,ACH-000175,0.7157799
GOLGA7,ACH-000175,0.83623856
CDKN1A,ACH-000175,0.8378153
KIRREL1,ACH-000175,0.8356531
MTG2,ACH-000175,0.78859574
SNRPF,ACH-000175,0.21484154
VARS1,ACH-000175,0.44384655
METTL1,ACH-000175,0.74321413
EIF3F,ACH-000175,0.52314526
RPL37,ACH-000175,0.48386645
PMPCB,ACH-000175,0.568446
PSMD7,ACH-000175,0.5031235
TTF2,ACH-000175,0.73092747
CIT,ACH-000175,0.7579358
SETD2,ACH-000175,0.71885383
EMC3,ACH-000175,0.74478304
CAD,ACH-000175,0.7941595
U2AF1,ACH-000175,0.46423817
URB1,ACH-000175,0.5926929
MCM3,ACH-000175,0.6483691
SUPV3L1,ACH-000175,0.7152225
UBE2D3,ACH-000175,0.6607158
NMT1,ACH-000175,0.7253865
MCM4,ACH-000175,0.5656947
GET3,ACH-000175,0.7460127
MRPL44,ACH-000175,0.74044836
SCAP,ACH-000175,0.6466409
RAB6A,ACH-000175,0.6945019
FNTA,ACH-000175,0.5884665
ATP6V0D1,ACH-000175,0.56521165
PHF12,ACH-000175,0.77396154
SF3B3,ACH-000175,0.33114666
MRM3,ACH-000175,0.85733116
WRN,ACH-000175,0.79442406
TRRAP,ACH-000175,0.5632027
SARS2,ACH-000175,0.7471249
NOP14,ACH-000175,0.592517
TRAPPC8,ACH-000175,0.5284035
ACIN1,ACH-000175,0.70426947
ANAPC5,ACH-000175,0.5160012
NOL10,ACH-000175,0.5479761
CCND2,ACH-000175,0.7806883
RFC2,ACH-000175,0.51894623
DOT1L,ACH-000175,0.812865
URI1,ACH-000175,0.6703106
MED30,ACH-000175,0.40526628
DDX10,ACH-000175,0.54017067
SNU13,ACH-000175,0.31979337
STK40,ACH-000175,0.80501044
DNAJC19,ACH-000175,0.76632077
ANAPC15,ACH-000175,0.6154548
RPA3,ACH-000175,0.37914157
ELOA,ACH-000175,0.77203083
DDOST,ACH-000175,0.62555826
UBXN4,ACH-000175,0.8315886
RNF8,ACH-000175,0.6816211
GTF3C1,ACH-000175,0.6836406
BUB1B,ACH-000175,0.6230065
TFAP2A,ACH-000175,0.74366295
SMC4,ACH-000175,0.51282805
TPT1,ACH-000175,0.6515957
PPIL4,ACH-000175,0.6265285
CENPC,ACH-000175,0.5977823
MED17,ACH-000175,0.5466747
ZNF131,ACH-000175,0.57356584
TNPO1,ACH-000175,0.7016026
PDE12,ACH-000175,0.77627033
NUP85,ACH-000175,0.5429183
ATP5MG,ACH-000175,0.7540967
ARHGEF7,ACH-000175,0.7945551
DERL2,ACH-000175,0.7373191
USP9X,ACH-000175,0.6784367
PITRM1,ACH-000175,0.7529909
NDUFC1,ACH-000175,0.7521204
DYNC1H1,ACH-000175,0.497492
FARSB,ACH-000175,0.5178338
NDUFB7,ACH-000175,0.74769306
MZT1,ACH-000175,0.5477164
EIF2AK4,ACH-000175,0.82918274
TBL3,ACH-000175,0.61232793
RAB18,ACH-000175,0.7874663
UBE3D,ACH-000175,0.75189584
RPS9,ACH-000175,0.49831986
UFSP2,ACH-000175,0.78718936
PSMA1,ACH-000175,0.35386878
RABGGTB,ACH-000175,0.5241854
GSPT1,ACH-000175,0.48202744
RBM17,ACH-000175,0.5894526
EIF3M,ACH-000175,0.5842954
EBNA1BP2,ACH-000175,0.65523314
UTP15,ACH-000175,0.49493942
GLS,ACH-000175,0.82766485
PTCD1,ACH-000175,0.7590551
CDCA8,ACH-000175,0.5374775
PCGF1,ACH-000175,0.78606796
EIF3E,ACH-000175,0.5340601
PPA2,ACH-000175,0.7780901
GINS3,ACH-000175,0.5231673
DDX27,ACH-000175,0.6170436
GBF1,ACH-000175,0.5709164
POLR3E,ACH-000175,0.6673472
MED8,ACH-000175,0.6349844
ACTB,ACH-000175,0.7099029
MRPL22,ACH-000175,0.7124892
DPH5,ACH-000175,0.8155948
MCM6,ACH-000175,0.571499
POLR3A,ACH-000175,0.4008426
WASHC3,ACH-000175,0.72971046
ANAPC4,ACH-000175,0.5247009
VBP1,ACH-000175,0.6850751
KIDINS220,ACH-000175,0.8239713
RPP21,ACH-000175,0.5949086
NDUFC2,ACH-000175,0.7606015
TUBGCP4,ACH-000175,0.56289387
YEATS2,ACH-000175,0.72194785
RPA1,ACH-000175,0.2776037
RPS24,ACH-000175,0.44589418
MTCH2,ACH-000175,0.77723
TRAIP,ACH-000175,0.70971364
COG7,ACH-000175,0.7820583
PPP2R2A,ACH-000175,0.8008301
EFL1,ACH-000175,0.5944518
CDIPT,ACH-000175,0.7182542
METTL14,ACH-000175,0.664541
PSMD12,ACH-000175,0.4764353
IRF2,ACH-000175,0.8471279
TOMM70,ACH-000175,0.7721437
PAM16,ACH-000175,0.5537456
TBL1XR1,ACH-000175,0.74681365
UBE2Q1,ACH-000175,0.75892067
CUL3,ACH-000175,0.64933836
NXF1,ACH-000175,0.5799555
TINF2,ACH-000175,0.5857881
SYS1,ACH-000175,0.6750549
HNRNPM,ACH-000175,0.6528622
SMC2,ACH-000175,0.5364133
DDX52,ACH-000175,0.6898932
EEF2KMT,ACH-000175,0.6941391
FNTB,ACH-000175,0.6975541
PTK2,ACH-000175,0.7336761
RPL26,ACH-000175,0.4667516
RINT1,ACH-000175,0.58669615
IPO5,ACH-000175,0.7767492
NSF,ACH-000175,0.3675781
MRPS30,ACH-000175,0.7634858
DSN1,ACH-000175,0.63031507
LRR1,ACH-000175,0.3667821
OXA1L,ACH-000175,0.6911161
PSMD13,ACH-000175,0.6301111
IER3IP1,ACH-000175,0.74959624
POLE3,ACH-000175,0.7854326
THOC5,ACH-000175,0.5734432
TONSL,ACH-000175,0.52566934
SNIP1,ACH-000175,0.72211826
TIPRL,ACH-000175,0.7543542
PFAS,ACH-000175,0.75714785
SLC30A9,ACH-000175,0.78362316
MRPS24,ACH-000175,0.7777335
FOSL1,ACH-000175,0.7035315
RPL18A,ACH-000175,0.33790165
STRAP,ACH-000175,0.6534086
SENP6,ACH-000175,0.55848634
CCNC,ACH-000175,0.8438333
LSM7,ACH-000175,0.45234174
SMARCA4,ACH-000175,0.8175946
KMT2A,ACH-000175,0.80020326
KIF18A,ACH-000175,0.4914805
MCL1,ACH-000175,0.67345613
BCL6,ACH-000175,0.7727725
PIK3R1,ACH-000175,0.8703387
POMP,ACH-000175,0.6379592
PPP1R11,ACH-000175,0.619113
BOP1,ACH-000175,0.56469995
LIG1,ACH-000175,0.74136007
PPM1G,ACH-000175,0.74846303
PPIA,ACH-000175,0.6757864
TADA2B,ACH-000175,0.8336776
NVL,ACH-000175,0.56540537
CIAO2A,ACH-000175,0.73291934
RNGTT,ACH-000175,0.46664354
RANBP3,ACH-000175,0.7631511
PFDN2,ACH-000175,0.48390734
CARM1,ACH-000175,0.7656898
CDC16,ACH-000175,0.3757164
SPATA31A6,ACH-000175,0.68119895
PDE4DIP,ACH-000175,0.78198296
RPP25L,ACH-000175,0.7065258
POLE,ACH-000175,0.52839893
RPL35,ACH-000175,0.49238902
SOD1,ACH-000175,0.5625373
XAB2,ACH-000175,0.3714123
UBL5,ACH-000175,0.32625172
ZFP36L2,ACH-000175,0.76753014
TSEN54,ACH-000175,0.6415697
GATA3,ACH-000175,0.8389337
HSF1,ACH-000175,0.80230254
RPS21,ACH-000175,0.5197307
COG8,ACH-000175,0.68084717
ANLN,ACH-000175,0.71037817
REV3L,ACH-000175,0.7212702
RRS1,ACH-000175,0.6114903
RPL23A,ACH-000175,0.4107529
PAFAH1B1,ACH-000175,0.36798626
QARS1,ACH-000175,0.52271247
DNLZ,ACH-000175,0.72526073
HIRA,ACH-000175,0.7294816
NDUFAF4,ACH-000175,0.74878955
RABIF,ACH-000175,0.74991703
RBBP8,ACH-000175,0.68201125
ACTR6,ACH-000175,0.6815014
CDK13,ACH-000175,0.74977577
RABGGTA,ACH-000175,0.5733752
ARMC5,ACH-000175,0.7883142
IPO13,ACH-000175,0.55713713
ARF6,ACH-000175,0.8144064
MAPK14,ACH-000175,0.7916701
APC,ACH-000175,0.72657657
NDUFA6,ACH-000175,0.74256825
RCL1,ACH-000175,0.66046005
BCS1L,ACH-000175,0.7617625
GNB1L,ACH-000175,0.7537132
PSMB7,ACH-000175,0.5487509
RPS29,ACH-000175,0.27708906
SPC25,ACH-000175,0.5198762
RAD51,ACH-000175,0.51709294
ATP5F1B,ACH-000175,0.69566196
COPS5,ACH-000175,0.47867358
EXOSC7,ACH-000175,0.63056123
RSL1D1,ACH-000175,0.5828259
EIF5AL1,ACH-000175,0.7479662
POLR3D,ACH-000175,0.6901159
MTPAP,ACH-000175,0.74863285
DYNLL1,ACH-000175,0.66979796
PSMC1,ACH-000175,0.5616374
TAPT1,ACH-000175,0.7705759
SLC16A1,ACH-000175,0.8383099
RBM10,ACH-000175,0.72974175
RAF1,ACH-000175,0.76651865
RAD51C,ACH-000175,0.6884083
SUPT6H,ACH-000175,0.46121794
SNAPC2,ACH-000175,0.58669424
MAD2L2,ACH-000175,0.6395427
RBM22,ACH-000175,0.3943153
SMG6,ACH-000175,0.62823683
KIF2C,ACH-000175,0.7090336
PUF60,ACH-000175,0.30572295
SPTLC2,ACH-000175,0.7970379
ZMAT5,ACH-000175,0.6723173
NDUFS1,ACH-000175,0.71860564
SAMM50,ACH-000175,0.7277818
HSPA8,ACH-000175,0.6373076
CDS2,ACH-000175,0.7562712
NOP58,ACH-000175,0.4925735
RACK1,ACH-000175,0.46819484
ATP6V1D,ACH-000175,0.625523
NAE1,ACH-000175,0.68836325
LAMTOR4,ACH-000175,0.6991706
RBMX,ACH-000175,0.4737664
PGD,ACH-000175,0.6548875
SYNCRIP,ACH-000175,0.7444129
UGP2,ACH-000175,0.7369994
LYRM4,ACH-000175,0.5774575
POP7,ACH-000175,0.70171535
MRPL57,ACH-000175,0.7537794
MAT2A,ACH-000175,0.5471848
ICE2,ACH-000175,0.6815622
CHMP7,ACH-000175,0.72432303
RPN2,ACH-000175,0.6442308
MRPL32,ACH-000175,0.76664025
TYMS,ACH-000175,0.75728756
H2AX,ACH-000175,0.71203244
TEAD1,ACH-000175,0.7008362
GABPB1,ACH-000175,0.72785604
CCNH,ACH-000175,0.5571424
EIF3J,ACH-000175,0.6783821
RPF2,ACH-000175,0.55454063
RNF4,ACH-000175,0.60369945
DHFR,ACH-000175,0.70780885
KIF20A,ACH-000175,0.7230462
RPL30,ACH-000175,0.5074033
COX5A,ACH-000175,0.74276507
SCFD1,ACH-000175,0.53572196
RPS11,ACH-000175,0.3038627
PARD3,ACH-000175,0.79342526
HARS1,ACH-000175,0.49736637
MDM4,ACH-000175,0.7388816
RIC8A,ACH-000175,0.8760783
PSMB6,ACH-000175,0.55382717
ZFX,ACH-000175,0.77902293
PDCD11,ACH-000175,0.60199964
RPL22L1,ACH-000175,0.7660282
MRPL24,ACH-000175,0.74476504
TARS2,ACH-000175,0.78268576
TTC4,ACH-000175,0.7520218
NDUFV2,ACH-000175,0.8224908
MEMO1,ACH-000175,0.75152665
PSMA6,ACH-000175,0.30094993
RRN3,ACH-000175,0.45137966
DDX21,ACH-000175,0.5852392
HNRNPK,ACH-000175,0.28868502
TRMT112,ACH-000175,0.47846395
FLCN,ACH-000175,0.73196554
FAM32A,ACH-000175,0.6207285
MNT,ACH-000175,0.81889385
CKS1B,ACH-000175,0.63347113
RPL3,ACH-000175,0.27165902
NDUFA11,ACH-000175,0.77886176
DAXX,ACH-000175,0.78965336
MRPL9,ACH-000175,0.7455684
RAB7A,ACH-000175,0.7458844
FBL,ACH-000175,0.57377696
BRPF1,ACH-000175,0.7631802
SOCS3,ACH-000175,0.73680913
TARDBP,ACH-000175,0.5776472
COG5,ACH-000175,0.7819564
RNF7,ACH-000175,0.81703097
HINFP,ACH-000175,0.5564345
POC1A,ACH-000175,0.719916
UQCRFS1,ACH-000175,0.77050316
SKA3,ACH-000175,0.66996944
PTPN1,ACH-000175,0.7547033
CTC1,ACH-000175,0.72432464
HAUS4,ACH-000175,0.5969463
PRKRA,ACH-000175,0.59648836
FBXO11,ACH-000175,0.73692226
TADA3,ACH-000175,0.81455344
ASCL1,ACH-000175,0.76964694
KIF23,ACH-000175,0.43601602
AHR,ACH-000175,0.793301
EIF2B2,ACH-000175,0.47810563
HEATR3,ACH-000175,0.76630497
PPP1CB,ACH-000175,0.556247
SRP9,ACH-000175,0.6228361
NCAPG2,ACH-000175,0.53065634
NUBP1,ACH-000175,0.62846637
RPP30,ACH-000175,0.6165769
SMARCA2,ACH-000175,0.7481989
WDR75,ACH-000175,0.4829779
TOP3A,ACH-000175,0.627482
PPCS,ACH-000175,0.75766355
YARS2,ACH-000175,0.6284626
EIF1AX,ACH-000175,0.48513937
SMC1A,ACH-000175,0.5530213
HCFC1,ACH-000175,0.5059035
RNASEH2A,ACH-000175,0.7768915
CINP,ACH-000175,0.51791745
SERBP1,ACH-000175,0.7161397
COA5,ACH-000175,0.79541886
WNK1,ACH-000175,0.71839994
AFG3L2,ACH-000175,0.5260534
CCNB1,ACH-000175,0.6755988
NDUFB6,ACH-000175,0.7579816
RNMT,ACH-000175,0.6358937
TMEM41B,ACH-000175,0.73448026
UBAP1,ACH-000175,0.7401694
PTPN23,ACH-000175,0.6593963
RPL38,ACH-000175,0.47822896
NCAPD2,ACH-000175,0.5449975
TP53,ACH-000175,0.8679783
TIMM8A,ACH-000175,0.72550595
TRNAU1AP,ACH-000175,0.80655634
PPAN,ACH-000175,0.59340453
DPH3,ACH-000175,0.64877355
PPP1R2,ACH-000175,0.6960652
IFITM3,ACH-000175,0.63052905
CDCA3,ACH-000175,0.7242926
MRPL58,ACH-000175,0.71919453
BCAR1,ACH-000175,0.7797132
PXN,ACH-000175,0.76598245
MUC20,ACH-000175,0.683602
RBBP6,ACH-000175,0.60862386
MFAP1,ACH-000175,0.44294327
RPL11,ACH-000175,0.3423248
ITPK1,ACH-000175,0.77864593
RPL31,ACH-000175,0.34694263
ANAPC2,ACH-000175,0.5226964
NDUFB8,ACH-000175,0.7980837
ARNT,ACH-000175,0.8471776
ATXN7L3,ACH-000175,0.8395869
PTAR1,ACH-000175,0.7888633
COP1,ACH-000175,0.76239645
GNL3L,ACH-000175,0.6501001
MRPL35,ACH-000175,0.65607774
PPIL2,ACH-000175,0.56252706
SSB,ACH-000175,0.7128477
LEMD2,ACH-000175,0.7259792
NOP16,ACH-000175,0.5437028
DHPS,ACH-000175,0.6279123
TRIR,ACH-000175,0.79635924
INTS5,ACH-000175,0.6203071
CTNNBL1,ACH-000175,0.62873524
GTF3C3,ACH-000175,0.61507183
FUBP1,ACH-000175,0.7807692
CHMP6,ACH-000175,0.48779663
DCPS,ACH-000175,0.88220745
COX18,ACH-000175,0.82387173
VPS4B,ACH-000175,0.7581118
SNF8,ACH-000175,0.62066054
TARS1,ACH-000175,0.4286048
YWHAE,ACH-000175,0.7373431
PPWD1,ACH-000175,0.42759898
HNRNPC,ACH-000175,0.6137085
HGS,ACH-000175,0.6612879
POT1,ACH-000175,0.7266973
RNPS1,ACH-000175,0.6066166
UBR4,ACH-000175,0.58218277
DHX36,ACH-000175,0.68126655
CNOT2,ACH-000175,0.7228049
SDAD1,ACH-000175,0.61926925
DOCK5,ACH-000175,0.76694703
POLR2E,ACH-000175,0.53150225
INTS10,ACH-000175,0.68996847
PRPF40A,ACH-000175,0.61236405
ACLY,ACH-000175,0.780105
POLR3B,ACH-000175,0.46730027
SUPT16H,ACH-000175,0.41938412
EIF4A3,ACH-000175,0.2868273
MAX,ACH-000175,0.6564882
CIAO1,ACH-000175,0.5652783
AHCYL1,ACH-000175,0.81653315
COX6A1,ACH-000175,0.73456913
FARSA,ACH-000175,0.6491991
INO80,ACH-000175,0.62005484
INTS13,ACH-000175,0.72542703
TFAM,ACH-000175,0.7576701
ALDH18A1,ACH-000175,0.7892544
RPL9,ACH-000175,0.41072333
TIPIN,ACH-000175,0.6154996
MRM2,ACH-000175,0.8135082
SRSF1,ACH-000175,0.50204533
KEAP1,ACH-000175,0.8041735
LIN54,ACH-000175,0.7302432
DNAJC17,ACH-000175,0.5807594
SRSF11,ACH-000175,0.637137
RPRD1B,ACH-000175,0.74006426
KDM8,ACH-000175,0.7832339
LARP7,ACH-000175,0.7916064
PDCL,ACH-000175,0.70897865
FBXO7,ACH-000175,0.7683409
UBA2,ACH-000175,0.57530004
CCAR1,ACH-000175,0.6860211
CASC3,ACH-000175,0.70297253
NAA25,ACH-000175,0.6658931
RBBP4,ACH-000175,0.64064384
INTS6,ACH-000175,0.6437649
KDM2A,ACH-000175,0.728412
RAC1,ACH-000175,0.6773232
GOLGA8R,ACH-000175,0.6937084
HAUS7,ACH-000175,0.6102011
ESPL1,ACH-000175,0.4126684
KNTC1,ACH-000175,0.7429546
MED25,ACH-000175,0.77457047
PSMD1,ACH-000175,0.57348394
CFAP298,ACH-000175,0.592112
DARS1,ACH-000175,0.48387003
MRPL10,ACH-000175,0.7115433
NCL,ACH-000175,0.6294428
THOC1,ACH-000175,0.5880834
EED,ACH-000175,0.7794649
MRPS34,ACH-000175,0.7674711
TGIF1,ACH-000175,0.8061043
NSA2,ACH-000175,0.55296266
MRPS27,ACH-000175,0.74062026
UROD,ACH-000175,0.69032335
TICRR,ACH-000175,0.48625576
USP8,ACH-000175,0.69489056
CENPN,ACH-000175,0.59213257
MYH9,ACH-000175,0.7684323
PSMB3,ACH-000175,0.6719814
NUP153,ACH-000175,0.65877986
NDUFA9,ACH-000175,0.761113
PRPF3,ACH-000175,0.6496839
CNOT1,ACH-000175,0.61420935
VCPIP1,ACH-000175,0.7666705
COPA,ACH-000175,0.41416198
ATP6V1G1,ACH-000175,0.6589618
USP1,ACH-000175,0.7709202
RPS7,ACH-000175,0.42892355
SMNDC1,ACH-000175,0.59027714
EIF4G2,ACH-000175,0.6880937
RPS14,ACH-000175,0.42211545
TIMM10,ACH-000175,0.634534
TSR2,ACH-000175,0.4934873
XRCC6,ACH-000175,0.42418194
CIAO3,ACH-000175,0.4952086
YAP1,ACH-000175,0.7401078
SBDS,ACH-000175,0.4275361
COA6,ACH-000175,0.7976455
SUGP1,ACH-000175,0.64797074
KANSL3,ACH-000175,0.61174464
KDM5C,ACH-000175,0.7932797
RBX1,ACH-000175,0.54970354
COG1,ACH-000175,0.74998444
NDUFB2,ACH-000175,0.7745173
CRLS1,ACH-000175,0.77256465
HS6ST1,ACH-000175,0.7581715
LETM1,ACH-000175,0.6708983
NOP10,ACH-000175,0.66716695
GEMIN7,ACH-000175,0.6645819
SEC16A,ACH-000175,0.7534862
ITGB1,ACH-000175,0.79366505
CFAP20,ACH-000175,0.7320175
NSMCE4A,ACH-000175,0.70723855
NDUFB9,ACH-000175,0.7409003
NBAS,ACH-000175,0.65839016
SLC20A1,ACH-000175,0.7755111
PTDSS1,ACH-000175,0.77574605
UBA6,ACH-000175,0.6994009
POLE4,ACH-000175,0.8223642
RBM12,ACH-000175,0.77604574
PSMA4,ACH-000175,0.4496414
STK11,ACH-000175,0.78329116
SLC25A26,ACH-000175,0.7993979
NAA15,ACH-000175,0.524312
SMC5,ACH-000175,0.6510905
VMP1,ACH-000175,0.5865361
CLASRP,ACH-000175,0.72977436
CDC5L,ACH-000175,0.42925566
POLR2C,ACH-000175,0.4079011
TMEM165,ACH-000175,0.7988887
NUP98,ACH-000175,0.6083563
KRI1,ACH-000175,0.6492141
MOCS3,ACH-000175,0.70153594
PUM1,ACH-000175,0.72962964
LMNA,ACH-000175,0.70526767
COQ7,ACH-000175,0.7614053
SCO2,ACH-000175,0.8364922
RPS3,ACH-000175,0.34766892
DDX42,ACH-000175,0.5717513
OTUD5,ACH-000175,0.78900933
PNN,ACH-000175,0.6242616
UBA5,ACH-000175,0.6710943
NUP58,ACH-000175,0.70237106
UTP3,ACH-000175,0.71592784
TENT4B,ACH-000175,0.7506312
FDFT1,ACH-000175,0.8171381
RPL37A,ACH-000175,0.40461928
PAGR1,ACH-000175,0.8377549
TDP2,ACH-000175,0.80238134
SACM1L,ACH-000175,0.5588007
DHX8,ACH-000175,0.5060036
DIDO1,ACH-000175,0.74432397
UBE2C,ACH-000175,0.56018496
CENATAC,ACH-000175,0.5522467
HNRNPH1,ACH-000175,0.5859002
THG1L,ACH-000175,0.65105784
RPS23,ACH-000175,0.35599768
NARS2,ACH-000175,0.8210463
ARF1,ACH-000175,0.71239126
WDR5,ACH-000175,0.6501479
NPLOC4,ACH-000175,0.56068695
CDK12,ACH-000175,0.6587359
PSMA7,ACH-000175,0.36023197
SEC61A1,ACH-000175,0.41463387
RPS17,ACH-000175,0.50990427
PDHA1,ACH-000175,0.8160273
CREBBP,ACH-000175,0.76852936
PRDX1,ACH-000175,0.76460135
ATP6V0C,ACH-000175,0.36780316
EXT1,ACH-000175,0.7277094
TTK,ACH-000175,0.6539163
TRUB2,ACH-000175,0.79382354
MRPL13,ACH-000175,0.8173485
SH3GL1,ACH-000175,0.7723288
GRSF1,ACH-000175,0.82628435
ARPC3,ACH-000175,0.5919844
PPM1D,ACH-000175,0.75785124
TRAPPC4,ACH-000175,0.60833347
SEC61G,ACH-000175,0.5398989
THOC3,ACH-000175,0.5617168
PMPCA,ACH-000175,0.56385714
ALG2,ACH-000175,0.54448485
POLRMT,ACH-000175,0.7217717
TIMM17A,ACH-000175,0.69921774
POLR3C,ACH-000175,0.63276076
PALB2,ACH-000175,0.7208371
POP5,ACH-000175,0.53671974
MSL1,ACH-000175,0.72061014
PPP2R3C,ACH-000175,0.72763485
RPLP0,ACH-000175,0.5340926
ACTR8,ACH-000175,0.7129258
ATIC,ACH-000175,0.815368
RAD51B,ACH-000175,0.7675428
SLC25A28,ACH-000175,0.7682728
ITGAV,ACH-000175,0.6697439
PPP2R1A,ACH-000175,0.6093472
MRPL55,ACH-000175,0.7535134
MED4,ACH-000175,0.5432013
PAK1IP1,ACH-000175,0.5938436
RPL7,ACH-000175,0.4787543
PDSS1,ACH-000175,0.77070177
CHAF1B,ACH-000175,0.47817305
CSDE1,ACH-000175,0.7299478
FEN1,ACH-000175,0.60883737
TUT1,ACH-000175,0.40788788
FLI1,ACH-000175,0.8490379
RPL23,ACH-000175,0.25667
BRIX1,ACH-000175,0.5936462
ERCC3,ACH-000175,0.5034734
NOC3L,ACH-000175,0.6700239
EMC4,ACH-000175,0.772254
CCNL1,ACH-000175,0.72610056
PRELID3B,ACH-000175,0.57069325
CSTF1,ACH-000175,0.6926547
DNAJC11,ACH-000175,0.7282778
DNAJC2,ACH-000175,0.7634947
DPH1,ACH-000175,0.77949923
PWP2,ACH-000175,0.5896648
CCDC6,ACH-000175,0.74719
PSMD4,ACH-000175,0.54944605
PFDN6,ACH-000175,0.43854398
SNAI2,ACH-000175,0.790511
MRPL12,ACH-000175,0.7853342
GET1,ACH-000175,0.77686393
MRPS17,ACH-000175,0.79557806
CAB39,ACH-000175,0.8366654
ARHGAP29,ACH-000175,0.6636151
RBBP7,ACH-000175,0.7341795
TMEM199,ACH-000175,0.7257967
SREK1IP1,ACH-000175,0.76810426
CD2BP2,ACH-000175,0.75599396
EMC1,ACH-000175,0.78283703
ORC3,ACH-000175,0.69389784
ELP1,ACH-000175,0.6682986
BRK1,ACH-000175,0.76277643
PI4KA,ACH-000175,0.69828033
RPUSD3,ACH-000175,0.78522265
RRM2,ACH-000175,0.44628915
TRIM28,ACH-000175,0.83696467
RSL24D1,ACH-000175,0.41607434
NDUFS3,ACH-000175,0.77306604
STXBP3,ACH-000175,0.7355851
SETD1B,ACH-000175,0.75171584
SUPT20H,ACH-000175,0.83237654
CHMP2A,ACH-000175,0.49671394
TMEM80,ACH-000175,0.751179
SART3,ACH-000175,0.37707543
TELO2,ACH-000175,0.71529543
DCTN3,ACH-000175,0.65645486
ATP2B1,ACH-000175,0.7635024
POLG2,ACH-000175,0.80577147
PDCD10,ACH-000175,0.8667896
SPRTN,ACH-000175,0.6559582
EIF1,ACH-000175,0.6263139
TMED2,ACH-000175,0.70266986
MED23,ACH-000175,0.729797
RPS6,ACH-000175,0.40589535
ATP5PO,ACH-000175,0.73726106
PMVK,ACH-000175,0.75317067
IDH3A,ACH-000175,0.74091685
USP5,ACH-000175,0.5236473
SRRM2,ACH-000175,0.7094057
OSGEP,ACH-000175,0.61017656
RASA4,ACH-000175,0.7557435
TAF12,ACH-000175,0.65909505
CCT4,ACH-000175,0.42041504
UGCG,ACH-000175,0.7804708
WDR36,ACH-000175,0.46564826
TOPBP1,ACH-000175,0.51575184
SNRNP70,ACH-000175,0.6264877
BARD1,ACH-000175,0.6723146
PPRC1,ACH-000175,0.7303376
MAP4K4,ACH-000175,0.841878
RAD21,ACH-000175,0.53463423
ZNF407,ACH-000175,0.6484809
SF3A3,ACH-000175,0.40140003
ALG11,ACH-000175,0.54939604
TOMM20,ACH-000175,0.7036258
RARS2,ACH-000175,0.764122
SRSF7,ACH-000175,0.39491123
CENPM,ACH-000175,0.63131887
SAMD4B,ACH-000175,0.7854586
SKA2,ACH-000175,0.6757018
OSTC,ACH-000175,0.7363001
H2BC4,ACH-000175,0.508127
GTF2A2,ACH-000175,0.5659807
ARID1A,ACH-000175,0.8018909
BTF3,ACH-000175,0.7074592
GGTLC2,ACH-000175,0.6044797
DDX11,ACH-000175,0.65153205
TUBB3,ACH-000175,0.80807215
WDR83,ACH-000175,0.73576593
TOMM40,ACH-000175,0.6226486
WDR18,ACH-000175,0.5908611
CCT5,ACH-000175,0.50201255
HNRNPA1,ACH-000175,0.69563735
MYCN,ACH-000175,0.80667096
PDS5A,ACH-000175,0.73198426
CENPI,ACH-000175,0.68817496
RPS16,ACH-000175,0.3964211
SCD,ACH-000175,0.65123296
MRPL28,ACH-000175,0.7554085
RIOK1,ACH-000175,0.6246823
BCLAF1,ACH-000175,0.7020272
UFM1,ACH-000175,0.6197958
DNAAF10,ACH-000175,0.6089579
VPS28,ACH-000175,0.5077487
POLR1B,ACH-000175,0.5283662
ZFC3H1,ACH-000175,0.70922315
CWF19L2,ACH-000175,0.7133311
SCAF8,ACH-000175,0.7755642
RPL36A,ACH-000175,0.5661988
URM1,ACH-000175,0.6573328
CKAP5,ACH-000175,0.41584903
METTL16,ACH-000175,0.6136895
PDPK1,ACH-000175,0.56323326
HMGB1,ACH-000175,0.7215701
SRCAP,ACH-000175,0.6252649
EIF2S2,ACH-000175,0.544813
OGDH,ACH-000175,0.6988549
TXNL4A,ACH-000175,0.4054834
VPS36,ACH-000175,0.7462423
YY1,ACH-000175,0.6639885
NPM1,ACH-000175,0.66264546
PSMG1,ACH-000175,0.72044647
E2F3,ACH-000175,0.77435255
CTU2,ACH-000175,0.697309
POLR1A,ACH-000175,0.5457696
XRCC2,ACH-000175,0.74363863
ZC3H13,ACH-000175,0.69984174
HAUS6,ACH-000175,0.5268185
TLK2,ACH-000175,0.6949461
AK6,ACH-000175,0.5907595
CRKL,ACH-000175,0.6051105
BRAP,ACH-000175,0.6922482
HUWE1,ACH-000175,0.598292
NAMPT,ACH-000175,0.78458637
SMG1,ACH-000175,0.648044
UBTF,ACH-000175,0.49396497
PRKAR1A,ACH-000175,0.7364595
FADD,ACH-000175,0.7857655
STX5,ACH-000175,0.49845362
EIF2B3,ACH-000175,0.4899287
NUP205,ACH-000175,0.5313658
VPS13D,ACH-000175,0.67647105
GPATCH1,ACH-000175,0.7568798
GTF2A1,ACH-000175,0.6533043
CUL1,ACH-000175,0.6569909
SNRNP48,ACH-000175,0.698766
ELMO2,ACH-000175,0.6931701
PLRG1,ACH-000175,0.56184804
TTC1,ACH-000175,0.5526985
AQP7,ACH-000175,0.7518551
NDUFS2,ACH-000175,0.7509413
TOP1,ACH-000175,0.65891534
GSK3B,ACH-000175,0.81600773
SART1,ACH-000175,0.5357604
PKMYT1,ACH-000175,0.5413954
DHX33,ACH-000175,0.5805634
RPAIN,ACH-000175,0.58471316
BCAS2,ACH-000175,0.5523399
DR1,ACH-000175,0.6293244
EIF3D,ACH-000175,0.4670918
PWP1,ACH-000175,0.6596031
CDK4,ACH-000175,0.6594504
AMD1,ACH-000175,0.69118226
RBM28,ACH-000175,0.70454323
GFM2,ACH-000175,0.76903945
DNAJA3,ACH-000175,0.66101456
PAICS,ACH-000175,0.6897662
WDR4,ACH-000175,0.8411559
CENPO,ACH-000175,0.681859
ALG1,ACH-000175,0.6060133
ITGB5,ACH-000175,0.6959803
NFYC,ACH-000175,0.67968357
DDX56,ACH-000175,0.43075377
FDXR,ACH-000175,0.6285156
ATL2,ACH-000175,0.7380588
PREB,ACH-000175,0.5607934
STEEP1,ACH-000175,0.77400106
EIPR1,ACH-000175,0.8233911
FDPS,ACH-000175,0.7357677
CHTF8,ACH-000175,0.7544207
FGFR1,ACH-000175,0.7493186
CDK9,ACH-000175,0.51377463
SUGT1,ACH-000175,0.6238663
VPS33A,ACH-000175,0.6972125
COX10,ACH-000175,0.80949134
ATP2A2,ACH-000175,0.47085613
ATP6V1F,ACH-000175,0.5813403
C1D,ACH-000175,0.7475805
GTF2F2,ACH-000175,0.6351423
MRPL36,ACH-000175,0.7632769
PRPF31,ACH-000175,0.42910606
SOD2,ACH-000175,0.7005826
CMIP,ACH-000175,0.7530938
EXOSC6,ACH-000175,0.5577109
TCF7L2,ACH-000175,0.7063639
COPZ1,ACH-000175,0.56553894
GTSE1,ACH-000175,0.71108055
MED26,ACH-000175,0.6909735
MARK2,ACH-000175,0.76396734
TRA2B,ACH-000175,0.71186835
VPS37A,ACH-000175,0.7340723
XPO5,ACH-000175,0.626329
COQ4,ACH-000175,0.7380227
PFDN1,ACH-000175,0.65800786
DPAGT1,ACH-000175,0.5424716
AP1G1,ACH-000175,0.71912575
RPL26L1,ACH-000175,0.674156
ROMO1,ACH-000175,0.64953756
HNRNPA2B1,ACH-000175,0.7538602
CHD4,ACH-000175,0.6212641
DYNLRB1,ACH-000175,0.48081863
PKM,ACH-000175,0.66196376
LCE2B,ACH-000175,0.6642063
FASN,ACH-000175,0.8051451
EGLN1,ACH-000175,0.7217496
CLTC,ACH-000175,0.5577812
CEBPZ,ACH-000175,0.590832
TIAL1,ACH-000175,0.7981134
SEC62,ACH-000175,0.70862794
CAND1,ACH-000175,0.6997729
NCKAP1,ACH-000175,0.7333615
LONP1,ACH-000175,0.5501517
POLR2F,ACH-000175,0.4265501
IBA57,ACH-000175,0.82568467
USP10,ACH-000175,0.6424768
IARS2,ACH-000175,0.6186595
FPGS,ACH-000175,0.77158403
SNRNP27,ACH-000175,0.5905931
DPH2,ACH-000175,0.77477604
PI4KB,ACH-000175,0.79232514
NCOA4,ACH-000175,0.6866735
SKA1,ACH-000175,0.7036362
RNF31,ACH-000175,0.7496835
TAF4,ACH-000175,0.7617344
H2BC6,ACH-000175,0.5629637
MRPL15,ACH-000175,0.77421397
KCTD5,ACH-000175,0.768024
HARS2,ACH-000175,0.811724
RBMXL1,ACH-000175,0.6816212
CEP43,ACH-000175,0.8130896
ACTR1A,ACH-000175,0.650029
HK2,ACH-000175,0.8014588
SS18L2,ACH-000175,0.38221988
POLR3H,ACH-000175,0.5377753
FCF1,ACH-000175,0.54943675
EFTUD2,ACH-000175,0.42330968
SMG5,ACH-000175,0.6608596
ALG13,ACH-000175,0.6233573
HSD17B10,ACH-000175,0.7716317
NUP214,ACH-000175,0.6022041
VCL,ACH-000175,0.76273566
CENPP,ACH-000175,0.78138906
MRPS5,ACH-000175,0.6908896
RNPC3,ACH-000175,0.3980339
NDUFAB1,ACH-000175,0.6893704
DHX29,ACH-000175,0.765525
SRPRA,ACH-000175,0.641876
TCOF1,ACH-000175,0.6692532
ATRIP,ACH-000175,0.6802549
CMPK1,ACH-000175,0.6717882
CCND1,ACH-000175,0.65327907
GCSH,ACH-000175,0.71757495
EXOSC10,ACH-000175,0.731632
NFRKB,ACH-000175,0.7663162
RBIS,ACH-000175,0.76186705
WDR55,ACH-000175,0.59931725
HOXD13,ACH-000175,0.7076408
CFL1,ACH-000175,0.7683391
